 ,Label,Area,Perim.,Circ.,Feret,FeretX,FeretY,FeretAngle,MinFeret,AR,Round,Solidity
1,1U-C-Z1.tif,2.341,9.457,0.329,3.384,297,4,139.399,1.487,2.612,0.383,0.633
2,1U-C-Z1.tif,2.013,5.608,0.804,2.052,656,26,10.305,1.377,1.4,0.714,0.923
3,1U-C-Z1.tif,1.078,4.247,0.751,1.505,451,14,127.569,1.155,1.265,0.79,0.862
4,1U-C-Z1.tif,1.272,5.134,0.606,1.687,483,34,67.62,1.391,1.307,0.765,0.799
5,1U-C-Z1.tif,1.617,5.263,0.733,1.858,616,38,57.095,1.33,1.5,0.667,0.824
6,1U-C-Z1.tif,2.147,6.324,0.675,2.323,388,21,99.09,1.463,1.542,0.648,0.849
7,1U-C-Z1.tif,2.973,6.472,0.892,2.21,334,26,131.634,1.744,1.215,0.823,0.94
8,1U-C-Z1.tif,1.221,4.095,0.915,1.513,366,41,75.964,1.009,1.432,0.698,0.935
9,1U-C-Z1.tif,2.282,5.554,0.93,1.945,593,47,70.71,1.56,1.155,0.866,0.944
10,1U-C-Z1.tif,1.912,5.165,0.9,1.835,534,45,53.13,1.539,1.165,0.858,0.934
11,1U-C-Z1.tif,2.67,5.944,0.95,2.181,664,31,112.249,1.652,1.238,0.808,0.953
12,1U-C-Z1.tif,1.187,4.064,0.904,1.513,271,34,104.036,1.101,1.254,0.797,0.919
13,1U-C-Z1.tif,3.116,6.517,0.922,2.27,418,36,104.036,1.835,1.185,0.844,0.945
14,1U-C-Z1.tif,1.878,5.187,0.877,1.828,633,56,72.474,1.436,1.313,0.761,0.923
15,1U-C-Z1.tif,1.381,7.381,0.319,1.858,290,46,159.775,1.428,1.538,0.65,0.648
16,1U-C-Z1.tif,1.246,4.171,0.9,1.568,648,44,110.556,1.101,1.386,0.722,0.922
17,1U-C-Z1.tif,2.131,8.495,0.371,3.117,736,70,42.614,1.233,3.013,0.332,0.749
18,1U-C-Z1.tif,3.908,8.602,0.664,2.965,575,79,68.199,1.984,1.539,0.65,0.845
19,1U-C-Z1.tif,1.886,5.134,0.899,1.772,692,48,111.251,1.542,1.117,0.895,0.916
20,1U-C-Z1.tif,4.152,7.877,0.841,2.647,530,61,123.69,2.202,1.133,0.883,0.92
21,1U-C-Z1.tif,2.324,5.836,0.857,2.142,398,86,80.134,1.558,1.387,0.721,0.926
22,1U-C-Z1.tif,2.636,6.906,0.695,2.449,436,96,77.005,1.61,1.616,0.619,0.863
23,1U-C-Z1.tif,3.529,6.906,0.93,2.471,590,97,74.932,1.927,1.279,0.782,0.953
24,1U-C-Z1.tif,1.381,6.485,0.413,2.27,792,85,14.036,1.161,2.336,0.428,0.62
25,1U-C-Z1.tif,2.055,7.036,0.522,2.266,878,106,58.241,1.538,1.549,0.646,0.824
26,1U-C-Z1.tif,1.356,4.377,0.889,1.654,520,87,146.31,1.19,1.339,0.747,0.925
27,1U-C-Z1.tif,3.107,6.593,0.898,2.471,362,87,111.801,1.799,1.357,0.737,0.939
28,1U-C-Z1.tif,1.87,5.371,0.814,1.883,450,104,46.975,1.386,1.303,0.767,0.895
29,1U-C-Z1.tif,1.6,4.906,0.836,1.707,503,87,126.254,1.368,1.113,0.898,0.922
30,1U-C-Z1.tif,2.24,5.425,0.957,1.858,405,108,57.095,1.56,1.1,0.909,0.952
31,1U-C-Z1.tif,1.011,4.247,0.704,1.772,708,108,68.749,0.89,2.107,0.475,0.863
32,1U-C-Z1.tif,1.263,4.27,0.871,1.513,641,111,75.964,1.272,1.084,0.923,0.89
33,1U-C-Z1.tif,1.962,5.134,0.936,1.763,603,114,51.34,1.518,1.151,0.869,0.934
34,1U-C-Z1.tif,3.908,12.264,0.326,4.27,806,118,8.653,2.362,2.394,0.418,0.58
35,1U-C-Z1.tif,1.297,4.194,0.927,1.401,519,101,121.608,1.285,1.043,0.959,0.925
36,1U-C-Z1.tif,3.84,10.343,0.451,3.224,338,139,85.101,2.019,1.441,0.694,0.802
37,1U-C-Z1.tif,1.154,4.301,0.784,1.654,434,124,56.31,1.038,1.544,0.648,0.895
38,1U-C-Z1.tif,2.594,12.429,0.211,2.642,770,136,69.677,2.089,1.494,0.67,0.58
39,1U-C-Z1.tif,1.794,8.074,0.346,3.055,561,129,32.735,1.23,2.74,0.365,0.625
40,1U-C-Z1.tif,3.15,6.593,0.911,2.322,417,149,71.565,1.926,1.201,0.832,0.937
41,1U-C-Z1.tif,1.693,5.08,0.824,1.714,541,144,74.476,1.377,1.258,0.795,0.897
42,1U-C-Z1.tif,3.242,11.869,0.289,2.774,614,129,124.216,1.986,1.382,0.723,0.745
43,1U-C-Z1.tif,2.577,6.365,0.799,2.266,454,150,58.241,1.652,1.334,0.75,0.909
44,1U-C-Z1.tif,3.166,7.067,0.797,2.642,435,159,69.677,1.666,1.661,0.602,0.92
45,1U-C-Z1.tif,1.667,4.928,0.863,1.707,508,134,126.254,1.377,1.21,0.826,0.906
46,1U-C-Z1.tif,9.811,24.598,0.204,4.994,572,184,69.567,3.762,1.31,0.763,0.653
47,1U-C-Z1.tif,2.046,6.937,0.534,2.809,235,133,128.367,1.234,2.375,0.421,0.792
48,1U-C-Z1.tif,4.691,15.455,0.247,3.397,753,140,128.418,2.826,1.106,0.904,0.649
49,1U-C-Z1.tif,1.448,4.431,0.927,1.624,485,139,132.709,1.269,1.273,0.785,0.93
50,1U-C-Z1.tif,1.743,7.188,0.424,2.493,607,143,96.34,1.306,2.013,0.497,0.741
51,1U-C-Z1.tif,1.651,4.744,0.922,1.687,698,143,112.38,1.377,1.118,0.894,0.922
52,1U-C-Z1.tif,1.844,7.707,0.39,2.471,814,173,74.932,1.56,1.745,0.573,0.621
53,1U-C-Z1.tif,3.672,7.067,0.924,2.479,403,150,128.991,2.076,1.184,0.845,0.954
54,1U-C-Z1.tif,1.171,4.194,0.836,1.494,461,165,42.51,1.181,1.308,0.764,0.88
55,1U-C-Z1.tif,1.12,6.808,0.304,2.761,533,161,15.422,0.995,3.588,0.279,0.568
56,1U-C-Z1.tif,2.594,6.235,0.838,2.438,333,157,109.799,1.468,1.549,0.646,0.933
57,1U-C-Z1.tif,3.579,7.197,0.868,2.496,482,186,72.897,1.927,1.307,0.765,0.944
58,1U-C-Z1.tif,2.156,7.479,0.484,2.093,685,183,74.745,1.567,1.382,0.723,0.839
59,1U-C-Z1.tif,1.381,4.592,0.823,1.563,435,163,130.236,1.257,1.209,0.827,0.896
60,1U-C-Z1.tif,6.341,16.851,0.281,5.61,887,173,176.248,2.481,2.576,0.388,0.657
61,1U-C-Z1.tif,1.23,4.247,0.856,1.538,320,164,107.354,1.101,1.417,0.706,0.924
62,1U-C-Z1.tif,2.072,5.349,0.91,1.892,509,171,104.036,1.377,1.337,0.748,0.946
63,1U-C-Z1.tif,1.322,4.538,0.807,1.81,557,171,120.466,1.031,1.849,0.541,0.924
64,1U-C-Z1.tif,1.23,4.399,0.798,1.563,783,189,40.236,1.149,1.319,0.758,0.864
65,1U-C-Z1.tif,1.103,4.14,0.809,1.527,294,192,57.265,1.067,1.458,0.686,0.9
66,1U-C-Z1.tif,3.773,10.571,0.424,3.415,632,215,83.83,2.019,1.737,0.576,0.74
67,1U-C-Z1.tif,1.406,4.247,0.98,1.483,361,201,68.199,1.285,1.085,0.921,0.938
68,1U-C-Z1.tif,3.781,7.166,0.925,2.538,676,187,102.529,2.019,1.187,0.842,0.952
69,1U-C-Z1.tif,3.764,10.226,0.452,3.192,410,222,71.565,2.093,1.683,0.594,0.787
70,1U-C-Z1.tif,4.143,7.618,0.897,2.586,583,195,117.474,2.111,1.191,0.84,0.954
71,1U-C-Z1.tif,4.632,8.808,0.75,3.233,475,221,34.592,2.161,1.474,0.679,0.888
72,1U-C-Z1.tif,1.827,5.111,0.879,1.892,265,215,75.964,1.285,1.487,0.672,0.923
73,1U-C-Z1.tif,1.078,3.912,0.885,1.519,531,211,64.983,1.009,1.401,0.714,0.928
74,1U-C-Z1.tif,2.409,6.57,0.701,2.35,608,199,128.66,1.635,1.513,0.661,0.873
75,1U-C-Z1.tif,1.027,3.88,0.857,1.436,720,214,63.435,0.985,1.474,0.678,0.897
76,1U-C-Z1.tif,2.046,5.349,0.899,1.892,459,202,112.834,1.377,1.343,0.745,0.935
77,1U-C-Z1.tif,2.569,7.966,0.509,2.584,734,204,106.504,1.654,1.903,0.525,0.795
78,1U-C-Z1.tif,1.221,6.476,0.366,2.797,382,207,138.991,0.728,4.816,0.208,0.721
79,1U-C-Z1.tif,2.248,5.662,0.881,2.062,296,208,110.854,1.468,1.315,0.76,0.937
80,1U-C-Z1.tif,1.811,5.577,0.732,2.07,499,234,77.196,1.246,1.573,0.636,0.881
81,1U-C-Z1.tif,2.695,8.052,0.522,2.851,792,215,146.821,1.612,1.896,0.527,0.791
82,1U-C-Z1.tif,8.75,19.357,0.293,6.241,346,216,107.103,2.65,3.491,0.286,0.672
83,1U-C-Z1.tif,4.388,10.428,0.507,3.228,375,253,75.174,2.192,1.577,0.634,0.843
84,1U-C-Z1.tif,1.061,4.194,0.758,1.692,276,222,130.601,0.944,1.939,0.516,0.86
85,1U-C-Z1.tif,3.722,7.349,0.866,2.538,438,225,102.529,2.019,1.24,0.807,0.937
86,1U-C-Z1.tif,1.71,4.767,0.946,1.692,636,230,102.529,1.377,1.197,0.835,0.935
87,1U-C-Z1.tif,1.288,4.811,0.7,1.808,843,248,66.038,1.147,1.635,0.612,0.82
88,1U-C-Z1.tif,3.663,15.119,0.201,5.159,871,232,141.499,2.268,2.937,0.341,0.431
89,1U-C-Z1.tif,4.219,10.786,0.456,3.34,594,238,105.945,1.895,1.982,0.505,0.836
90,1U-C-Z1.tif,3.343,9.381,0.477,3.164,411,272,73.142,1.817,1.865,0.536,0.779
91,1U-C-Z1.tif,6.67,20.145,0.207,4.884,531,288,64.398,3.036,2.032,0.492,0.617
92,1U-C-Z1.tif,1.044,3.858,0.882,1.364,647,255,70.346,1.067,1.27,0.788,0.915
93,1U-C-Z1.tif,1.078,6.615,0.31,2.597,438,264,32.005,0.901,4.331,0.231,0.604
94,1U-C-Z1.tif,1.145,4.194,0.818,1.568,683,250,110.556,1.046,1.48,0.676,0.898
95,1U-C-Z1.tif,2.021,6.472,0.606,2.345,274,252,120.579,1.38,1.863,0.537,0.779
96,1U-C-Z1.tif,2.181,5.425,0.931,1.858,482,252,110.225,1.56,1.108,0.903,0.94
97,1U-C-Z1.tif,1.044,4.301,0.709,1.505,719,258,142.431,1.168,1.33,0.752,0.824
98,1U-C-Z1.tif,1.903,5.286,0.856,1.977,316,262,111.801,1.413,1.307,0.765,0.9
99,1U-C-Z1.tif,4.135,11.198,0.414,2.858,642,262,95.528,2.202,1.24,0.806,0.858
100,1U-C-Z1.tif,1.415,5.545,0.578,1.81,696,267,120.466,1.285,1.252,0.799,0.774
101,1U-C-Z1.tif,6.636,19.733,0.214,5.976,726,277,176.479,3.456,1.665,0.601,0.487
102,1U-C-Z1.tif,1.566,4.637,0.916,1.692,342,270,102.529,1.285,1.295,0.772,0.923
103,1U-C-Z1.tif,3.874,7.662,0.829,2.471,439,281,158.199,2.239,1.073,0.932,0.922
104,1U-C-Z1.tif,2.442,6.539,0.718,2.15,547,297,39.806,1.789,1.201,0.833,0.862
105,1U-C-Z1.tif,2.173,6.15,0.722,2.323,291,310,80.91,1.468,1.533,0.652,0.89
106,1U-C-Z1.tif,2.771,7.944,0.552,2.882,337,295,170.838,1.736,1.701,0.588,0.795
107,1U-C-Z1.tif,1.196,5.349,0.525,1.642,698,289,116.565,1.377,1.231,0.813,0.712
108,1U-C-Z1.tif,1.406,4.377,0.922,1.603,323,291,103.241,1.193,1.324,0.755,0.925
109,1U-C-Z1.tif,1.566,4.668,0.903,1.741,715,309,71.565,1.193,1.418,0.705,0.937
110,1U-C-Z1.tif,1.322,5.134,0.63,1.945,736,297,109.29,1.059,2.041,0.49,0.82
111,1U-C-Z1.tif,1.448,4.431,0.927,1.557,431,303,135,1.285,1.167,0.857,0.932
112,1U-C-Z1.tif,1.027,4.086,0.773,1.436,516,304,116.565,1.108,1.26,0.794,0.85
113,1U-C-Z1.tif,1.465,4.583,0.877,1.654,348,306,109.44,1.285,1.246,0.802,0.913
114,1U-C-Z1.tif,2.518,6.096,0.852,2.097,475,330,66.801,1.646,1.297,0.771,0.923
115,1U-C-Z1.tif,1.726,5.058,0.848,1.858,556,309,110.225,1.377,1.193,0.838,0.917
116,1U-C-Z1.tif,1.398,5.004,0.702,1.782,427,330,11.889,1.101,1.46,0.685,0.876
117,1U-C-Z1.tif,2.198,7.143,0.541,2.081,354,347,41.424,1.652,1.274,0.785,0.807
118,1U-C-Z1.tif,1.726,6.096,0.584,2.119,735,329,107.65,1.272,1.706,0.586,0.83
119,1U-C-Z1.tif,1.213,4.583,0.726,1.763,774,333,141.34,1.108,1.426,0.702,0.86
120,1U-C-Z1.tif,1.23,4.431,0.787,1.692,327,333,102.529,1.101,1.551,0.645,0.859
121,1U-C-Z1.tif,1.39,4.507,0.86,1.527,476,348,57.265,1.35,1.102,0.908,0.897
122,1U-C-Z1.tif,3.234,7.09,0.809,2.444,387,335,124.287,1.994,1.318,0.759,0.909
123,1U-C-Z1.tif,3.453,7.336,0.806,2.479,425,355,38.991,1.927,1.145,0.873,0.932
124,1U-C-Z1.tif,1.314,5.782,0.494,2.113,596,337,124.38,1.168,1.81,0.553,0.734
125,1U-C-Z1.tif,4.286,7.976,0.847,2.668,678,339,116.565,2.202,1.174,0.852,0.932
126,1U-C-Z1.tif,1.086,5.362,0.475,1.803,566,346,165.256,1.136,1.491,0.671,0.713
127,1U-C-Z1.tif,2.543,5.868,0.928,1.985,536,346,146.31,1.744,1.019,0.981,0.945
128,1U-C-Z1.tif,1.086,7.438,0.247,3.34,261,346,142.815,0.63,8.307,0.12,0.6
129,1U-C-Z1.tif,1.752,6.266,0.561,2.423,51,373,65.376,1.22,2.413,0.414,0.806
130,1U-C-Z1.tif,1.263,4.194,0.903,1.451,305,350,108.435,1.193,1.206,0.829,0.92
131,1U-C-Z1.tif,1.76,5.058,0.865,1.731,636,365,32.005,1.56,1.095,0.913,0.913
132,1U-C-Z1.tif,2.939,9.175,0.439,3.384,664,353,102.529,1.695,2.461,0.406,0.757
133,1U-C-Z1.tif,1.491,5.706,0.575,1.936,774,367,31.43,1.413,1.531,0.653,0.776
134,1U-C-Z1.tif,1.743,5.263,0.791,1.707,724,357,143.746,1.56,1.05,0.953,0.877
135,1U-C-Z1.tif,1.608,5.111,0.774,1.947,429,367,8.13,1.193,1.589,0.629,0.91
136,1U-C-Z1.tif,1.019,3.728,0.921,1.425,709,380,75.069,0.918,1.455,0.687,0.938
137,1U-C-Z1.tif,1.339,6.203,0.437,2.649,575,374,14.036,0.865,3.385,0.295,0.734
138,1U-C-Z1.tif,6.644,14.958,0.373,4.281,403,411,59.036,2.657,2.059,0.486,0.756
139,1U-C-Z1.tif,2.493,5.912,0.896,2.07,511,369,102.804,1.652,1.258,0.795,0.932
140,1U-C-Z1.tif,1.819,8.45,0.32,2.88,529,390,30.651,1.341,2.699,0.371,0.651
141,1U-C-Z1.tif,1.322,4.247,0.921,1.603,336,373,113.629,1.193,1.281,0.781,0.926
142,1U-C-Z1.tif,1.558,4.592,0.928,1.687,688,373,112.38,1.193,1.303,0.768,0.944
143,1U-C-Z1.tif,2.476,5.76,0.938,2.031,631,378,108.435,1.652,1.197,0.835,0.944
144,1U-C-Z1.tif,2.846,6.279,0.907,2.233,749,382,99.462,1.744,1.295,0.772,0.938
145,1U-C-Z1.tif,2.173,5.944,0.773,2.119,448,386,107.65,1.468,1.357,0.737,0.881
146,1U-C-Z1.tif,3.209,6.7,0.898,2.266,472,411,58.241,1.927,1.138,0.879,0.944
147,1U-C-Z1.tif,1.044,4.162,0.757,1.48,680,390,119.745,1.075,1.389,0.72,0.849
148,1U-C-Z1.tif,1.381,6.454,0.417,2.797,826,410,41.009,0.908,3.718,0.269,0.752
149,1U-C-Z1.tif,1.465,6.507,0.435,2.311,930,392,173.157,1.171,2.094,0.478,0.712
150,1U-C-Z1.tif,1.373,7.09,0.343,1.847,573,409,63.435,1.448,1.243,0.805,0.683
151,1U-C-Z1.tif,1.406,5.058,0.691,1.707,775,405,36.254,1.332,1.166,0.857,0.805
152,1U-C-Z1.tif,6.038,12.429,0.491,4.161,566,431,48.576,2.741,1.615,0.619,0.769
153,1U-C-Z1.tif,2.223,5.501,0.923,1.916,532,400,106.699,1.56,1.227,0.815,0.938
154,1U-C-Z1.tif,1.322,4.194,0.945,1.513,337,417,75.964,1.193,1.219,0.82,0.926
155,1U-C-Z1.tif,3.764,7.457,0.851,2.584,656,423,16.504,1.994,1.294,0.773,0.93
156,1U-C-Z1.tif,2.973,7.295,0.702,2.294,611,422,16.26,1.948,1.188,0.842,0.869
157,1U-C-Z1.tif,3.099,6.494,0.923,2.302,503,413,113.499,1.744,1.241,0.806,0.951
158,1U-C-Z1.tif,1.465,4.431,0.938,1.527,544,426,32.735,1.377,1.055,0.948,0.93
159,1U-C-Z1.tif,1.263,6.333,0.396,2.062,440,423,122.276,1.377,1.684,0.594,0.632
160,1U-C-Z1.tif,2.931,6.333,0.918,2.27,479,448,75.964,1.744,1.24,0.806,0.943
161,1U-C-Z1.tif,2.088,5.729,0.8,1.985,532,432,146.31,1.622,1.128,0.887,0.881
162,1U-C-Z1.tif,1.912,5.706,0.738,2.038,759,448,54.162,1.442,1.444,0.693,0.86
163,1U-C-Z1.tif,1.288,5.156,0.609,1.603,311,448,76.759,1.193,1.358,0.736,0.867
164,1U-C-Z1.tif,2.602,9.273,0.38,3.57,703,437,162.031,1.445,2.862,0.349,0.694
165,1U-C-Z1.tif,1.693,9.466,0.237,3.606,324,445,165.256,1.457,2.496,0.401,0.525
166,1U-C-Z1.tif,2.526,8.343,0.456,2.612,635,440,108.435,1.468,1.735,0.576,0.817
167,1U-C-Z1.tif,3.091,7.036,0.785,2.496,491,466,53.973,1.689,1.562,0.64,0.903
168,1U-C-Z1.tif,2.088,5.425,0.892,1.835,654,464,53.13,1.56,1.099,0.91,0.927
169,1U-C-Z1.tif,1.423,4.323,0.957,1.513,387,446,104.036,1.285,1.154,0.866,0.929
170,1U-C-Z1.tif,4.8,12.201,0.405,4.124,614,494,69.146,2.294,1.628,0.614,0.757
171,1U-C-Z1.tif,1.693,5.447,0.717,2.038,685,452,125.838,1.38,1.453,0.688,0.891
172,1U-C-Z1.tif,4.286,7.716,0.905,2.609,505,475,39.289,2.257,1.129,0.886,0.951
173,1U-C-Z1.tif,1.179,5.523,0.486,1.772,276,473,68.749,1.309,1.35,0.741,0.714
174,1U-C-Z1.tif,2.291,5.706,0.884,1.962,585,477,79.216,1.642,1.179,0.848,0.927
175,1U-C-Z1.tif,1.566,4.722,0.883,1.605,383,483,59.036,1.377,1.051,0.951,0.923
176,1U-C-Z1.tif,1.145,3.912,0.941,1.398,674,482,66.801,1.101,1.199,0.834,0.935
177,1U-C-Z1.tif,2.004,6.593,0.579,2.449,419,469,102.995,1.338,1.754,0.57,0.797
178,1U-C-Z1.tif,2.4,5.76,0.909,2.16,288,493,77.735,1.468,1.388,0.721,0.945
179,1U-C-Z1.tif,1.491,4.614,0.88,1.642,596,472,116.565,1.285,1.259,0.794,0.927
180,1U-C-Z1.tif,1.575,6.02,0.546,1.985,335,477,123.69,1.387,1.493,0.67,0.744
181,1U-C-Z1.tif,1.592,7.546,0.351,2.988,440,480,132.51,0.864,4.413,0.227,0.696
182,1U-C-Z1.tif,3.267,10.419,0.378,3.205,844,499,13.241,2.162,1.498,0.667,0.681
183,1U-C-Z1.tif,1.255,4.592,0.748,1.772,324,481,111.251,1.051,1.655,0.604,0.871
184,1U-C-Z1.tif,2.215,5.706,0.855,2.081,572,484,131.424,1.518,1.363,0.734,0.923
185,1U-C-Z1.tif,1.693,4.982,0.857,1.892,651,485,112.834,1.246,1.515,0.66,0.92
186,1U-C-Z1.tif,2.24,5.501,0.93,1.936,673,505,58.57,1.56,1.214,0.823,0.938
187,1U-C-Z1.tif,4.253,7.877,0.861,2.625,383,491,126.469,2.291,1.162,0.86,0.937
188,1U-C-Z1.tif,9.365,21.269,0.26,5.027,513,490,111.413,4.028,1.594,0.627,0.643
189,1U-C-Z1.tif,5.482,11.834,0.492,4.109,558,494,113.703,2.316,1.715,0.583,0.792
190,1U-C-Z1.tif,1.617,4.798,0.883,1.81,406,515,59.534,1.193,1.483,0.674,0.937
191,1U-C-Z1.tif,1.044,4.064,0.795,1.451,625,517,71.565,1.08,1.24,0.807,0.876
192,1U-C-Z1.tif,5.567,9.068,0.851,3.019,437,503,109.537,2.661,1.067,0.937,0.937
193,1U-C-Z1.tif,1.112,4.01,0.869,1.404,377,505,101.31,1.103,1.28,0.781,0.901
194,1U-C-Z1.tif,1.676,4.82,0.906,1.782,354,526,78.111,1.285,1.309,0.764,0.934
195,1U-C-Z1.tif,1.314,4.247,0.915,1.519,643,524,64.983,1.18,1.285,0.779,0.918
196,1U-C-Z1.tif,1.524,4.592,0.908,1.654,706,511,109.44,1.193,1.374,0.728,0.938
197,1U-C-Z1.tif,2.206,8.213,0.411,3.349,585,521,9.462,1.183,3.312,0.302,0.756
198,1U-C-Z1.tif,1.491,5.286,0.67,1.892,751,514,129.094,1.23,1.61,0.621,0.874
199,1U-C-Z1.tif,3.057,9.121,0.462,3.325,663,520,117.979,1.619,2.045,0.489,0.787
200,1U-C-Z1.tif,2.164,5.63,0.858,2.097,460,543,66.801,1.354,1.583,0.632,0.933
201,1U-C-Z1.tif,1.112,3.966,0.888,1.451,324,524,108.435,1.009,1.456,0.687,0.926
202,1U-C-Z1.tif,4.177,9.175,0.624,2.774,395,549,34.216,2.291,1.262,0.792,0.846
203,1U-C-Z1.tif,3.082,10.343,0.362,3.896,351,536,164.982,1.729,3.393,0.295,0.63
204,1U-C-Z1.tif,1.499,6.324,0.471,2.423,512,530,114.624,1.059,2.589,0.386,0.753
205,1U-C-Z1.tif,5.154,8.754,0.845,3.139,496,538,105.255,2.24,1.393,0.718,0.945
206,1U-C-Z1.tif,2.442,9.967,0.309,3.704,530,566,41.987,1.284,3.572,0.28,0.705
207,1U-C-Z1.tif,4.27,7.564,0.938,2.649,318,543,104.036,2.019,1.254,0.797,0.961
208,1U-C-Z1.tif,4.615,13.638,0.312,4.155,686,566,30.53,2.679,1.258,0.795,0.586
209,1U-C-Z1.tif,1.608,4.798,0.878,1.654,435,557,33.69,1.366,1.172,0.854,0.914
210,1U-C-Z1.tif,6.375,16.113,0.309,4.993,602,556,162.897,2.57,2.545,0.393,0.627
211,1U-C-Z1.tif,4.48,8.893,0.712,3.542,449,586,53.427,1.909,1.864,0.537,0.913
212,1U-C-Z1.tif,1.533,4.668,0.884,1.654,552,560,109.44,1.285,1.299,0.77,0.919
213,1U-C-Z1.tif,2.939,6.517,0.87,2.322,421,577,18.435,1.835,1.149,0.87,0.928
214,1U-C-Z1.tif,2.855,6.365,0.886,2.21,658,589,41.634,1.735,1.26,0.793,0.931
215,1U-C-Z1.tif,5.558,15.464,0.292,5.76,903,595,22.479,1.939,3.177,0.315,0.625
216,1U-C-Z1.tif,2.131,9.565,0.293,2.597,759,573,122.005,1.881,1.669,0.599,0.577
217,1U-C-Z1.tif,2.712,7.403,0.622,2.647,526,574,123.69,1.683,1.476,0.677,0.852
218,1U-C-Z1.tif,1.575,4.691,0.899,1.714,685,579,105.524,1.285,1.348,0.742,0.919
219,1U-C-Z1.tif,1.364,4.301,0.927,1.56,596,581,118.072,1.285,1.146,0.873,0.928
220,1U-C-Z1.tif,1.398,4.744,0.78,1.892,698,611,75.964,1.101,1.777,0.563,0.92
221,1U-C-Z1.tif,1.625,8.096,0.312,3.62,868,612,30.466,0.783,6.17,0.162,0.712
222,1U-C-Z1.tif,2.425,5.792,0.909,1.945,423,600,160.71,1.652,1.099,0.91,0.947
223,1U-C-Z1.tif,1.659,4.928,0.859,1.782,673,616,78.111,1.285,1.456,0.687,0.91
224,1U-C-Z1.tif,1.364,4.279,0.936,1.568,654,598,110.556,1.101,1.338,0.747,0.947
225,1U-C-Z1.tif,1.432,4.896,0.75,1.951,523,616,41.186,1.168,1.723,0.58,0.867
226,1U-C-Z1.tif,1.491,4.583,0.892,1.654,733,618,70.56,1.362,1.235,0.81,0.912
227,1U-C-Z1.tif,4.708,13.324,0.333,3.186,373,625,41.496,2.478,1.151,0.869,0.792
228,1U-C-Z1.tif,1.011,5.339,0.445,2.14,405,603,120.964,0.814,3.041,0.329,0.734
229,1U-C-Z1.tif,1.423,4.462,0.898,1.605,502,604,120.964,1.193,1.295,0.772,0.936
230,1U-C-Z1.tif,3.571,8.387,0.638,3.436,744,637,55.886,1.662,2.185,0.458,0.88
231,1U-C-Z1.tif,1.76,4.95,0.903,1.741,347,624,71.565,1.468,1.24,0.806,0.919
232,1U-C-Z1.tif,2.754,6.7,0.771,2.206,482,629,73.072,1.744,1.1,0.909,0.908
233,1U-C-Z1.tif,1.297,4.279,0.89,1.568,792,622,69.444,1.101,1.421,0.704,0.928
234,1U-C-Z1.tif,1.945,7.51,0.433,2.27,610,608,104.036,1.652,1.348,0.742,0.744
235,1U-C-Z1.tif,1.356,4.301,0.921,1.538,283,625,72.646,1.193,1.298,0.771,0.925
236,1U-C-Z1.tif,1.263,4.409,0.817,1.626,466,628,73.61,1.009,1.541,0.649,0.909
237,1U-C-Z1.tif,1.07,3.88,0.893,1.425,424,614,104.931,1.101,1.231,0.813,0.904
238,1U-C-Z1.tif,1.238,5.577,0.5,1.892,706,635,67.166,1.125,1.878,0.532,0.778
239,1U-C-Z1.tif,1.078,5.643,0.425,2.538,939,636,40.601,0.774,4.21,0.238,0.749
240,1U-C-Z1.tif,3.503,8.83,0.565,3.255,629,648,49.574,1.817,1.806,0.554,0.817
241,1U-C-Z1.tif,1.886,6.745,0.521,2.113,559,642,55.62,1.625,1.295,0.772,0.743
242,1U-C-Z1.tif,3.427,7.067,0.862,2.711,538,628,113.962,1.835,1.428,0.7,0.943
243,1U-C-Z1.tif,5.103,9.869,0.658,3.448,481,650,25.201,2.141,1.561,0.641,0.899
244,1U-C-Z1.tif,1.533,4.95,0.786,1.929,718,649,64.654,1.269,1.505,0.664,0.901
245,1U-C-Z1.tif,5.373,8.634,0.906,2.955,408,661,36.158,2.449,1.181,0.847,0.959
246,1U-C-Z1.tif,1.019,3.751,0.91,1.364,756,650,70.346,1.065,1.321,0.757,0.91
247,1U-C-Z1.tif,4.126,7.846,0.842,2.68,348,643,141.953,2.166,1.189,0.841,0.925
248,1U-C-Z1.tif,1.07,3.827,0.918,1.314,601,640,102.095,1.18,1.149,0.87,0.898
249,1U-C-Z1.tif,1.44,6.203,0.47,2.081,633,658,41.424,1.184,2.086,0.479,0.757
250,1U-C-Z1.tif,2.577,6.096,0.871,2.272,562,663,46.637,1.557,1.401,0.714,0.939
251,1U-C-Z1.tif,2.838,12.957,0.212,4.278,696,677,35.395,1.963,2.214,0.452,0.503
252,1U-C-Z1.tif,2.248,5.501,0.934,1.91,473,658,125.218,1.652,1.104,0.906,0.938
253,1U-C-Z1.tif,1.221,4.14,0.895,1.527,655,673,57.265,1.162,1.347,0.742,0.915
254,1U-C-Z1.tif,1.255,4.377,0.823,1.603,459,659,103.241,1.101,1.55,0.645,0.903
255,1U-C-Z1.tif,2.762,7.21,0.668,2.35,570,678,38.66,1.863,1.397,0.716,0.845
256,1U-C-Z1.tif,2.914,6.387,0.898,2.27,604,661,104.036,1.744,1.318,0.759,0.939
257,1U-C-Z1.tif,2.813,10.191,0.34,2.597,420,686,57.995,2.093,1.104,0.906,0.73
258,1U-C-Z1.tif,1.128,4.118,0.836,1.584,640,681,79.992,1.009,1.516,0.66,0.905
259,1U-C-Z1.tif,1.221,7.707,0.258,3.164,677,667,119.539,0.94,4.697,0.213,0.541
260,1U-C-Z1.tif,1.086,6.203,0.355,2.302,389,668,94.574,1.096,2.466,0.406,0.665
261,1U-C-Z1.tif,1.937,5.08,0.943,1.803,714,673,104.744,1.468,1.173,0.852,0.937
262,1U-C-Z1.tif,1.398,7.488,0.313,3.295,918,675,167.125,0.69,6.085,0.164,0.749
263,1U-C-Z1.tif,2.526,5.89,0.915,2.004,670,698,74.055,1.744,1.087,0.92,0.936
264,1U-C-Z1.tif,1.263,4.431,0.809,1.48,739,692,60.255,1.285,1.036,0.965,0.909
265,1U-C-Z1.tif,1.71,5.21,0.792,1.892,497,697,50.906,1.323,1.414,0.707,0.883
266,1U-C-Z1.tif,1.954,5.21,0.905,1.741,442,680,108.435,1.56,1.093,0.915,0.922
267,1U-C-Z1.tif,1.078,4.453,0.683,1.782,355,687,145.491,1.018,1.802,0.555,0.856
268,1U-C-Z1.tif,1.415,4.972,0.719,1.936,503,706,58.57,1.057,1.984,0.504,0.862
269,1U-C-Z1.tif,2.08,5.339,0.917,2.004,346,691,105.945,1.448,1.364,0.733,0.937
270,1U-C-Z1.tif,1.027,3.706,0.94,1.398,467,708,66.801,0.918,1.402,0.713,0.953
271,1U-C-Z1.tif,1.061,4.01,0.829,1.401,604,698,148.392,1.149,1.16,0.862,0.881
272,1U-C-Z1.tif,1.827,5.134,0.871,1.91,675,717,54.782,1.413,1.337,0.748,0.927
273,1U-C-Z1.tif,1.971,5.134,0.94,1.808,629,701,113.962,1.468,1.207,0.829,0.938
274,1U-C-Z1.tif,1.154,6.418,0.352,2.786,874,704,162.759,0.81,4.627,0.216,0.694
275,1U-C-Z2.tif,1.077,4.073,0.816,1.414,863,42,77.32,1.002,1.371,0.729,0.946
276,1U-C-Z2.tif,1.19,8.55,0.205,3.088,588,25,156.297,0.938,4.006,0.25,0.536
277,1U-C-Z2.tif,0.93,6.941,0.243,1.539,965,28,105.593,1.086,1.541,0.649,0.75
278,1U-C-Z2.tif,2.156,5.718,0.829,1.899,432,31,93.122,1.527,1.199,0.834,0.947
279,1U-C-Z2.tif,2.029,6.868,0.54,2.07,725,87,60.018,1.564,1.327,0.754,0.878
280,1U-C-Z2.tif,2.124,5.986,0.745,1.972,609,48,143.531,1.638,1.159,0.862,0.925
281,1U-C-Z2.tif,0.743,4.463,0.469,1.364,940,49,106.144,0.872,1.754,0.57,0.795
282,1U-C-Z2.tif,3.545,14.092,0.224,2.735,843,141,76.139,2.276,1.183,0.845,0.733
283,1U-C-Z2.tif,2.799,7.062,0.705,2.334,555,129,55.84,1.753,1.35,0.741,0.92
284,1U-C-Z2.tif,1.693,5.056,0.833,1.73,56,80,94.574,1.281,1.36,0.735,0.955
285,1U-C-Z2.tif,2.892,12.528,0.232,2.37,336,156,81.634,2.155,1.096,0.912,0.751
286,1U-C-Z2.tif,0.874,3.663,0.819,1.266,144,127,60.642,0.957,1.408,0.71,0.926
287,1U-C-Z2.tif,1.342,7.465,0.303,2.021,606,108,143.326,1.269,1.791,0.558,0.675
288,1U-C-Z2.tif,0.854,5.577,0.345,1.464,463,149,43.091,0.975,1.752,0.571,0.78
289,1U-C-Z2.tif,2.857,10.713,0.313,3.141,30,144,171.158,1.884,1.701,0.588,0.727
290,1U-C-Z2.tif,2.416,11.058,0.248,3.959,919,126,127.569,1.476,3.316,0.302,0.593
291,1U-C-Z2.tif,1.49,4.645,0.868,1.502,287,174,148.134,1.276,1.143,0.875,0.96
292,1U-C-Z2.tif,0.744,3.298,0.86,1.104,728,167,104.47,0.964,1.127,0.887,0.936
293,1U-C-Z2.tif,0.794,3.875,0.665,1.392,381,205,48.013,0.812,1.796,0.557,0.884
294,1U-C-Z2.tif,1.058,7.038,0.268,1.639,513,174,112.249,1.219,1.391,0.719,0.736
295,1U-C-Z2.tif,1.68,7.01,0.43,1.884,62,175,113.749,1.407,1.284,0.779,0.883
296,1U-C-Z2.tif,0.817,4.065,0.621,1.484,237,181,149.265,0.91,1.708,0.585,0.847
297,1U-C-Z2.tif,2.46,6.112,0.828,2.058,403,239,58.707,1.6,1.296,0.772,0.955
298,1U-C-Z2.tif,1.447,4.874,0.766,1.627,612,199,122.005,1.292,1.27,0.787,0.928
299,1U-C-Z2.tif,1.254,4.677,0.721,1.669,293,219,141.71,1.138,1.281,0.78,0.914
300,1U-C-Z2.tif,0.741,3.488,0.765,1.318,946,249,6.009,0.769,1.727,0.579,0.928
301,1U-C-Z2.tif,0.98,3.87,0.822,1.388,251,274,75.619,0.986,1.434,0.697,0.937
302,1U-C-Z2.tif,2.048,11.201,0.205,2.108,99,296,74.827,1.749,1.186,0.843,0.72
303,1U-C-Z2.tif,0.832,3.623,0.797,1.253,787,279,82.093,0.916,1.358,0.736,0.932
304,1U-C-Z2.tif,3.084,12.533,0.247,2.435,183,248,105.611,2.139,1.286,0.778,0.765
305,1U-C-Z2.tif,1.37,5.023,0.682,1.502,397,266,170.754,1.384,1.027,0.974,0.891
306,1U-C-Z2.tif,3.634,10.792,0.392,2.712,276,313,41.392,2.1,1.182,0.846,0.871
307,1U-C-Z2.tif,1.083,7.302,0.255,1.857,727,261,121.329,1.135,1.997,0.501,0.666
308,1U-C-Z2.tif,4.554,10.721,0.498,2.858,962,339,70.253,2.28,1.185,0.844,0.918
309,1U-C-Z2.tif,1.078,6.295,0.342,1.976,659,263,150.751,1.175,1.807,0.553,0.686
310,1U-C-Z2.tif,2.499,6.909,0.658,2.083,566,286,155.556,1.759,1.042,0.96,0.905
311,1U-C-Z2.tif,1.371,7.911,0.275,2.792,888,378,72.013,1.194,3.15,0.317,0.653
312,1U-C-Z2.tif,1.459,4.548,0.887,1.473,839,306,122.574,1.309,1.108,0.902,0.955
313,1U-C-Z2.tif,0.817,7.107,0.203,2.449,754,345,32.347,0.905,4.027,0.248,0.527
314,1U-C-Z2.tif,1.649,5.343,0.726,1.907,281,334,167.471,1.247,1.525,0.656,0.929
315,1U-C-Z2.tif,4.859,9.618,0.66,2.91,251,346,121.43,2.301,1.186,0.843,0.915
316,1U-C-Z2.tif,2.428,6.172,0.801,2.111,510,345,94.686,1.552,1.373,0.728,0.952
317,1U-C-Z2.tif,0.801,4.374,0.526,1.377,585,371,22.068,0.819,1.793,0.558,0.86
318,1U-C-Z2.tif,1.334,4.292,0.91,1.481,918,399,77.905,1.172,1.237,0.809,0.965
319,1U-C-Z2.tif,1.559,5.311,0.694,1.758,984,407,78.69,1.186,1.361,0.735,0.925
320,1U-C-Z2.tif,1.246,4.426,0.799,1.484,35,360,120.735,1.164,1.325,0.754,0.928
321,1U-C-Z2.tif,2.391,5.9,0.863,1.968,829,369,101.113,1.571,1.251,0.799,0.962
322,1U-C-Z2.tif,2.58,8.288,0.472,2.526,225,389,104.226,1.646,1.488,0.672,0.879
323,1U-C-Z2.tif,2.069,8.528,0.357,2.125,334,390,103.134,1.588,1.37,0.73,0.803
324,1U-C-Z2.tif,3.086,6.948,0.803,2.345,404,395,107.103,1.828,1.18,0.848,0.95
325,1U-C-Z2.tif,1.166,6.157,0.387,1.574,952,401,118.811,1.127,1.519,0.658,0.78
326,1U-C-Z2.tif,2.675,11.453,0.256,2.77,700,491,71.114,2.055,1.445,0.692,0.705
327,1U-C-Z2.tif,0.73,4.759,0.405,1.428,510,446,37.147,0.829,1.923,0.52,0.747
328,1U-C-Z2.tif,1.716,9.884,0.221,1.922,562,427,99.293,1.581,1.287,0.777,0.728
329,1U-C-Z2.tif,1.357,4.495,0.844,1.59,45,476,86.269,1.172,1.312,0.762,0.946
330,1U-C-Z2.tif,0.735,3.285,0.856,1.077,599,436,140.194,0.931,1.05,0.952,0.946
331,1U-C-Z2.tif,0.776,3.468,0.811,1.152,266,466,51.072,0.886,1.293,0.773,0.925
332,1U-C-Z2.tif,3.502,9.677,0.47,2.65,888,490,18.199,1.94,1.314,0.761,0.896
333,1U-C-Z2.tif,2.75,9.43,0.389,2.297,774,457,144.162,1.804,1.36,0.735,0.837
334,1U-C-Z2.tif,3.22,6.87,0.857,2.293,481,463,111.161,1.831,1.231,0.812,0.966
335,1U-C-Z2.tif,1.515,4.743,0.846,1.511,595,467,124.778,1.379,1.011,0.989,0.955
336,1U-C-Z2.tif,2.688,10.698,0.295,3.206,630,513,168.207,1.872,1.968,0.508,0.712
337,1U-C-Z2.tif,1.008,6.258,0.324,2.137,60,491,162.15,0.992,3.25,0.308,0.685
338,1U-C-Z2.tif,3.155,7.025,0.803,2.409,423,561,80.942,1.824,1.268,0.789,0.947
339,1U-C-Z2.tif,1.829,5.994,0.64,1.986,576,499,110.323,1.438,1.288,0.777,0.921
340,1U-C-Z2.tif,1.107,5.499,0.46,1.418,867,507,138.945,1.189,1.148,0.871,0.867
341,1U-C-Z2.tif,0.785,6.697,0.22,2.442,851,506,103.055,0.869,3.725,0.268,0.573
342,1U-C-Z2.tif,1.081,4.463,0.682,1.373,742,534,168.408,1.193,1.063,0.941,0.897
343,1U-C-Z2.tif,1.767,6.988,0.455,2.568,836,534,104.783,1.128,2.688,0.372,0.822
344,1U-C-Z2.tif,0.728,5.99,0.255,1.805,613,586,61.477,0.782,2.923,0.342,0.603
345,1U-C-Z2.tif,3.045,11.821,0.274,2.538,449,604,53.286,1.69,1.551,0.645,0.85
346,1U-C-Z2.tif,2.133,5.616,0.85,1.913,882,597,62.049,1.552,1.18,0.847,0.962
347,1U-C-Z2.tif,1.426,4.507,0.882,1.549,171,550,106.821,1.203,1.272,0.786,0.957
348,1U-C-Z2.tif,3.932,14.835,0.225,4.41,783,686,74.116,2.113,2.072,0.483,0.673
349,1U-C-Z2.tif,1.523,6.709,0.425,2.133,962,561,124.461,1.423,1.587,0.63,0.795
350,1U-C-Z2.tif,4.495,8.248,0.83,2.667,486,630,40.28,2.221,1.137,0.88,0.961
351,1U-C-Z2.tif,2.288,5.905,0.825,2.015,702,634,83.118,1.571,1.264,0.791,0.949
352,1U-C-Z2.tif,0.943,3.878,0.788,1.429,125,640,81.674,0.966,1.387,0.721,0.928
353,1U-C-Z2.tif,1.279,4.78,0.704,1.45,936,646,71.996,1.227,1.186,0.843,0.939
354,1U-C-Z2.tif,1.598,4.978,0.81,1.616,163,651,56.31,1.379,1.094,0.914,0.95
355,1U-C-Z2.tif,0.735,4.529,0.45,1.573,804,660,74.745,0.747,2.456,0.407,0.808
356,1U-C-Z2.tif,1.591,4.897,0.834,1.706,734,618,104.036,1.302,1.327,0.753,0.952
357,1U-C-Z2.tif,1.925,5.765,0.728,1.996,266,622,99.951,1.246,1.623,0.616,0.937
358,1U-C-Z2.tif,0.969,4.354,0.642,1.549,458,689,73.179,0.903,1.943,0.515,0.849
359,1U-C-Z2.tif,2.241,6.998,0.575,2.083,676,646,109.335,1.585,1.376,0.727,0.9
360,1U-C-Z2.tif,3.668,15.074,0.203,4.352,482,715,19.44,2.144,2.421,0.413,0.557
361,1U-C-Z2.tif,1.653,5.039,0.818,1.854,878,655,108.435,1.203,1.525,0.656,0.948
362,1U-C-Z2.tif,2.184,5.754,0.829,1.98,933,708,54.926,1.483,1.291,0.775,0.964
363,1U-C-Z2.tif,0.725,4.5,0.45,1.6,344,675,142.883,0.78,2.178,0.459,0.795
364,1U-C-Z3.tif,3.132,9.496,0.436,2.177,269,425,95.032,1.911,1.14,0.877,0.937
365,1U-C-Z3.tif,1.787,5.417,0.765,1.68,80,556,82.067,1.356,1.197,0.836,0.959
366,1U-C-Z3.tif,0.73,3.857,0.617,1.116,734,572,54.951,0.913,1.086,0.921,0.93
367,1U-C-Z3.tif,1.523,5.247,0.695,1.519,723,591,111.038,1.391,1.014,0.986,0.957
368,1U-D-Z1.tif,2.164,5.447,0.917,1.981,661,26,76.608,1.468,1.32,0.758,0.936
369,1U-D-Z1.tif,2.661,6.311,0.84,2.27,525,7,104.036,1.531,1.483,0.675,0.931
370,1U-D-Z1.tif,2.223,9.39,0.317,2.802,936,25,31.608,1.417,2.375,0.421,0.73
371,1U-D-Z1.tif,2.434,5.814,0.905,2.097,497,17,113.199,1.652,1.318,0.759,0.935
372,1U-D-Z1.tif,5.592,18.48,0.206,4.809,603,56,48.094,2.114,2.573,0.389,0.729
373,1U-D-Z1.tif,2.644,5.966,0.934,2.119,568,41,72.35,1.744,1.165,0.858,0.949
374,1U-D-Z1.tif,1.667,5.599,0.668,1.81,349,39,59.534,1.525,1.153,0.867,0.802
375,1U-D-Z1.tif,1.55,4.614,0.914,1.579,420,35,54.462,1.354,1.153,0.867,0.932
376,1U-D-Z1.tif,6.105,9.283,0.89,3.186,474,21,101.634,2.535,1.258,0.795,0.951
377,1U-D-Z1.tif,1.095,4.01,0.856,1.404,290,39,78.69,1.101,1.277,0.783,0.893
378,1U-D-Z1.tif,2.383,5.738,0.91,2.004,675,46,74.055,1.56,1.239,0.807,0.945
379,1U-D-Z1.tif,4.177,13.337,0.295,4.643,943,77,71.565,1.978,3.342,0.299,0.607
380,1U-D-Z1.tif,1.297,4.225,0.913,1.603,717,33,113.629,1.101,1.368,0.731,0.936
381,1U-D-Z1.tif,1.726,4.928,0.893,1.772,405,48,21.251,1.377,1.153,0.867,0.926
382,1U-D-Z1.tif,1.002,3.675,0.933,1.314,794,37,102.095,1.009,1.264,0.791,0.915
383,1U-D-Z1.tif,1.128,6.302,0.357,2.496,359,43,143.973,0.905,3.741,0.267,0.616
384,1U-D-Z1.tif,1.07,3.804,0.929,1.404,294,47,101.31,1.009,1.325,0.755,0.92
385,1U-D-Z1.tif,1.794,5.058,0.881,1.782,405,71,55.491,1.476,1.178,0.849,0.924
386,1U-D-Z1.tif,1.221,4.744,0.682,1.803,593,56,104.744,1.062,1.757,0.569,0.866
387,1U-D-Z1.tif,1.592,4.798,0.869,1.763,385,73,51.34,1.363,1.246,0.802,0.922
388,1U-D-Z1.tif,3.166,6.991,0.814,2.368,602,76,35.538,1.998,1.237,0.808,0.925
389,1U-D-Z1.tif,1.482,6.064,0.506,1.753,314,73,42.879,1.354,1.206,0.829,0.824
390,1U-D-Z1.tif,2.114,8.656,0.355,3.385,820,96,57.171,1.305,2.76,0.362,0.667
391,1U-D-Z1.tif,1.171,4.042,0.901,1.483,336,82,68.199,1.101,1.345,0.743,0.924
392,1U-D-Z1.tif,1.516,4.776,0.835,1.858,434,86,69.775,1.101,1.636,0.611,0.938
393,1U-D-Z1.tif,1.221,4.042,0.939,1.401,719,86,58.392,1.193,1.136,0.881,0.935
394,1U-D-Z1.tif,3.512,7.662,0.752,2.797,443,101,48.991,1.806,1.567,0.638,0.902
395,1U-D-Z1.tif,1.937,8.549,0.333,2.834,756,80,150.945,1.754,1.992,0.502,0.593
396,1U-D-Z1.tif,1.061,3.804,0.921,1.336,674,94,74.055,1.101,1.186,0.843,0.913
397,1U-D-Z1.tif,2.206,5.662,0.865,2.07,396,84,102.804,1.377,1.536,0.651,0.931
398,1U-D-Z1.tif,1.684,5.089,0.817,1.962,410,85,100.784,1.101,1.802,0.555,0.932
399,1U-D-Z1.tif,1.347,4.355,0.893,1.483,614,106,68.199,1.285,1.113,0.898,0.922
400,1U-D-Z1.tif,2.08,5.317,0.925,1.892,364,112,75.964,1.468,1.258,0.795,0.939
401,1U-D-Z1.tif,1.432,4.507,0.886,1.579,568,94,125.538,1.272,1.255,0.797,0.907
402,1U-D-Z1.tif,7.133,15.343,0.381,4.632,646,97,146.31,2.791,2.15,0.465,0.683
403,1U-D-Z1.tif,2.013,5.63,0.798,2.004,627,96,105.945,1.369,1.57,0.637,0.893
404,1U-D-Z1.tif,1.07,5.599,0.429,2.316,447,111,33.69,0.866,3.052,0.328,0.704
405,1U-D-Z1.tif,1.701,4.874,0.9,1.772,426,117,68.749,1.354,1.309,0.764,0.931
406,1U-D-Z1.tif,3.209,8.517,0.556,2.701,601,112,99.782,1.927,1.417,0.706,0.834
407,1U-D-Z1.tif,5.693,10.308,0.673,3.686,546,154,71.114,2.453,1.371,0.729,0.895
408,1U-D-Z1.tif,1.979,5.187,0.924,1.916,716,136,73.301,1.377,1.35,0.741,0.936
409,1U-D-Z1.tif,2.063,8.938,0.325,2.409,949,151,49.635,1.836,1.398,0.715,0.637
410,1U-D-Z1.tif,1.6,6.02,0.555,2.382,771,156,74.358,1.101,2.056,0.486,0.805
411,1U-D-Z1.tif,2.4,5.706,0.926,1.916,488,144,16.699,1.744,1.012,0.988,0.931
412,1U-D-Z1.tif,1.356,4.355,0.898,1.603,742,150,76.759,1.101,1.39,0.72,0.928
413,1U-D-Z1.tif,2.24,5.729,0.858,2.119,352,139,94.97,1.56,1.326,0.754,0.911
414,1U-D-Z1.tif,1.718,4.874,0.909,1.714,309,158,74.476,1.377,1.234,0.811,0.925
415,1U-D-Z1.tif,2.156,5.523,0.888,2.038,524,162,82.235,1.468,1.293,0.774,0.931
416,1U-D-Z1.tif,1.44,5.912,0.518,2.462,91,166,63.435,0.987,3.071,0.326,0.776
417,1U-D-Z1.tif,2.215,5.738,0.845,2.038,374,149,125.838,1.468,1.36,0.735,0.931
418,1U-D-Z1.tif,1.196,4.064,0.91,1.451,629,164,71.565,1.193,1.166,0.858,0.919
419,1U-D-Z1.tif,1.339,4.896,0.702,1.714,330,162,164.476,1.275,1.424,0.702,0.813
420,1U-D-Z1.tif,3.217,6.7,0.9,2.316,404,178,56.31,1.929,1.186,0.843,0.939
421,1U-D-Z1.tif,2.257,5.577,0.912,1.892,686,173,39.094,1.642,1.133,0.883,0.931
422,1U-D-Z1.tif,1.448,4.377,0.95,1.603,731,157,103.241,1.193,1.265,0.79,0.937
423,1U-D-Z1.tif,2.316,5.501,0.962,1.916,476,158,106.699,1.56,1.176,0.85,0.952
424,1U-D-Z1.tif,1.827,5.058,0.898,1.772,670,177,68.749,1.468,1.164,0.859,0.927
425,1U-D-Z1.tif,2.03,8.777,0.331,3.117,810,161,137.386,1.214,3.295,0.304,0.633
426,1U-D-Z1.tif,1.962,5.187,0.916,1.828,320,164,107.526,1.468,1.243,0.805,0.934
427,1U-D-Z1.tif,1.019,3.988,0.805,1.513,743,167,104.036,1.009,1.482,0.675,0.886
428,1U-D-Z1.tif,2.114,5.425,0.903,1.91,425,184,35.218,1.585,1.184,0.844,0.937
429,1U-D-Z1.tif,1.398,4.355,0.926,1.568,458,171,110.556,1.193,1.282,0.78,0.938
430,1U-D-Z1.tif,2.754,8.105,0.527,2.612,685,186,18.435,1.573,1.984,0.504,0.805
431,1U-D-Z1.tif,2.274,5.501,0.944,1.892,549,192,50.906,1.652,1.123,0.89,0.944
432,1U-D-Z1.tif,2.88,7.143,0.709,2.34,604,194,41.82,1.744,1.27,0.788,0.878
433,1U-D-Z1.tif,2.383,5.738,0.91,2.062,431,211,69.146,1.56,1.271,0.787,0.945
434,1U-D-Z1.tif,1.28,4.767,0.708,1.494,715,205,42.51,1.263,1.169,0.855,0.864
435,1U-D-Z1.tif,1.617,4.874,0.855,1.847,449,216,63.435,1.231,1.548,0.646,0.914
436,1U-D-Z1.tif,2.653,6.074,0.904,2.181,505,220,75.379,1.652,1.242,0.805,0.94
437,1U-D-Z1.tif,2.771,6.463,0.834,2.3,609,219,61.39,1.736,1.387,0.721,0.92
438,1U-D-Z1.tif,1.112,4.042,0.855,1.538,684,198,107.354,1.002,1.542,0.649,0.91
439,1U-D-Z1.tif,1.364,4.614,0.805,1.828,307,199,107.526,1.101,1.654,0.605,0.913
440,1U-D-Z1.tif,1.381,6.172,0.456,2.496,805,201,107.103,0.954,3.361,0.298,0.729
441,1U-D-Z1.tif,2.619,6.029,0.905,2.076,560,206,135,1.744,1.046,0.956,0.95
442,1U-D-Z1.tif,1.928,5.523,0.794,2.119,657,203,107.65,1.395,1.455,0.687,0.907
443,1U-D-Z1.tif,4.404,7.792,0.912,2.718,370,234,78.311,2.202,1.23,0.813,0.95
444,1U-D-Z1.tif,1.196,3.988,0.945,1.425,324,221,75.069,1.101,1.207,0.829,0.928
445,1U-D-Z1.tif,2.417,5.792,0.905,2.119,465,233,72.35,1.468,1.374,0.728,0.95
446,1U-D-Z1.tif,1.659,4.95,0.851,1.929,766,212,115.346,1.298,1.591,0.629,0.895
447,1U-D-Z1.tif,6.964,14.112,0.439,5.788,192,276,87.274,1.868,3.489,0.287,0.806
448,1U-D-Z1.tif,1.768,6.257,0.568,2.471,534,216,121.329,1.155,2.333,0.429,0.778
449,1U-D-Z1.tif,1.305,5.339,0.575,2.093,311,220,105.255,1.078,2.032,0.492,0.809
450,1U-D-Z1.tif,2.703,6.051,0.928,2.062,672,235,32.276,1.835,1.052,0.951,0.947
451,1U-D-Z1.tif,3.015,6.517,0.892,2.25,441,251,78.232,1.835,1.231,0.812,0.94
452,1U-D-Z1.tif,1.457,4.928,0.754,1.835,561,243,36.87,1.233,1.537,0.651,0.892
453,1U-D-Z1.tif,1.541,4.507,0.953,1.654,511,231,109.44,1.285,1.271,0.787,0.931
454,1U-D-Z1.tif,2.745,6.494,0.818,2.22,326,235,119.745,1.71,1.315,0.76,0.912
455,1U-D-Z1.tif,1.305,5.988,0.457,2.279,340,235,139.899,0.939,3.015,0.332,0.728
456,1U-D-Z1.tif,2.518,5.912,0.905,1.962,385,255,79.216,1.765,1.087,0.92,0.931
457,1U-D-Z1.tif,3.537,6.884,0.938,2.471,485,263,68.199,1.927,1.209,0.827,0.957
458,1U-D-Z1.tif,2.4,5.684,0.933,1.981,419,264,76.608,1.56,1.199,0.834,0.947
459,1U-D-Z1.tif,1.356,6.776,0.371,1.91,590,244,144.782,1.389,1.076,0.929,0.639
460,1U-D-Z1.tif,3.655,7.143,0.9,2.449,625,276,77.005,2.019,1.209,0.827,0.946
461,1U-D-Z1.tif,1.499,4.744,0.837,1.654,563,270,56.31,1.355,1.158,0.864,0.915
462,1U-D-Z1.tif,1.432,5.111,0.689,1.692,718,272,49.399,1.395,1.331,0.751,0.837
463,1U-D-Z1.tif,1.482,4.485,0.926,1.626,745,275,73.61,1.193,1.289,0.776,0.934
464,1U-D-Z1.tif,1.263,4.323,0.849,1.527,695,266,122.735,1.12,1.341,0.746,0.898
465,1U-D-Z1.tif,3.259,6.7,0.912,2.322,384,266,108.435,1.927,1.206,0.829,0.944
466,1U-D-Z1.tif,1.971,5.684,0.766,2.175,517,280,27.646,1.319,1.708,0.586,0.888
467,1U-D-Z1.tif,1.482,6.042,0.51,2.129,542,268,97.431,1.101,2.064,0.484,0.743
468,1U-D-Z1.tif,2.771,6.311,0.874,2.148,662,269,109.983,1.744,1.238,0.808,0.922
469,1U-D-Z1.tif,2.762,8.083,0.531,2.867,935,293,39.806,1.77,1.714,0.583,0.769
470,1U-D-Z1.tif,2.518,6.624,0.721,2.382,408,271,105.642,1.744,1.295,0.772,0.881
471,1U-D-Z1.tif,1.507,5.111,0.725,1.714,359,272,105.524,1.31,1.36,0.735,0.88
472,1U-D-Z1.tif,1.937,5.241,0.886,1.977,593,293,68.199,1.377,1.387,0.721,0.933
473,1U-D-Z1.tif,1.331,4.323,0.895,1.563,634,285,40.236,1.233,1.274,0.785,0.908
474,1U-D-Z1.tif,1.794,5.263,0.814,1.847,445,280,153.435,1.548,1.088,0.919,0.891
475,1U-D-Z1.tif,1.482,4.713,0.839,1.634,715,289,51.843,1.354,1.181,0.847,0.891
476,1U-D-Z1.tif,2.51,5.921,0.899,2.113,496,296,55.62,1.625,1.282,0.78,0.943
477,1U-D-Z1.tif,1.432,4.637,0.837,1.803,684,298,75.256,1.193,1.46,0.685,0.916
478,1U-D-Z1.tif,1.448,4.668,0.835,1.626,332,300,73.61,1.193,1.259,0.794,0.922
479,1U-D-Z1.tif,2.291,8.562,0.393,2.368,418,306,35.538,1.817,1.558,0.642,0.733
480,1U-D-Z1.tif,2.889,8.504,0.502,3.105,595,312,34.16,1.851,1.628,0.614,0.77
481,1U-D-Z1.tif,2.358,11.798,0.213,5.191,728,303,8.13,0.952,7.228,0.138,0.647
482,1U-D-Z1.tif,2.307,9.998,0.29,2.571,933,296,145.176,1.744,1.586,0.631,0.662
483,1U-D-Z1.tif,2.535,7.371,0.586,2.761,540,310,15.422,1.56,1.469,0.681,0.796
484,1U-D-Z1.tif,2.543,5.998,0.888,2.093,695,325,74.745,1.647,1.273,0.785,0.936
485,1U-D-Z1.tif,4,8.387,0.715,2.728,630,335,70.346,2.168,1.362,0.734,0.876
486,1U-D-Z1.tif,1.305,4.713,0.739,1.782,246,328,78.111,1.248,1.382,0.724,0.876
487,1U-D-Z1.tif,1.171,6.011,0.407,2.166,805,334,53.616,1.026,2.126,0.47,0.728
488,1U-D-Z1.tif,1.819,8.128,0.346,2.809,341,336,38.367,1.317,2.339,0.428,0.643
489,1U-D-Z1.tif,1.558,4.614,0.919,1.714,371,318,105.524,1.193,1.404,0.712,0.934
490,1U-D-Z1.tif,2.19,5.317,0.973,1.916,327,320,106.699,1.468,1.212,0.825,0.954
491,1U-D-Z1.tif,4.969,11.641,0.461,3.474,569,323,102.2,2.172,1.761,0.568,0.836
492,1U-D-Z1.tif,2.03,5.187,0.948,1.772,710,343,68.749,1.554,1.122,0.892,0.94
493,1U-D-Z1.tif,1.255,7.34,0.293,1.753,644,346,42.879,1.377,1.312,0.762,0.704
494,1U-D-Z1.tif,1.314,5.76,0.498,1.929,473,347,25.346,1.285,1.616,0.619,0.736
495,1U-D-Z1.tif,1.507,4.583,0.902,1.557,506,353,45,1.363,1.077,0.929,0.913
496,1U-D-Z1.tif,1.28,4.431,0.819,1.579,794,351,35.538,1.219,1.316,0.76,0.871
497,1U-D-Z1.tif,1.381,4.301,0.938,1.494,440,354,42.51,1.285,1.091,0.916,0.927
498,1U-D-Z1.tif,3.267,8.947,0.513,3.164,698,378,60.461,1.825,1.945,0.514,0.789
499,1U-D-Z1.tif,2.215,5.554,0.902,2.004,388,368,74.055,1.468,1.343,0.745,0.939
500,1U-D-Z1.tif,3.032,8.701,0.503,3.096,327,382,78.024,1.835,1.861,0.537,0.78
501,1U-D-Z1.tif,2.484,6.45,0.75,2.345,362,352,120.579,1.518,1.479,0.676,0.905
502,1U-D-Z1.tif,2.644,6.02,0.917,2.113,617,372,55.62,1.752,1.169,0.855,0.939
503,1U-D-Z1.tif,3.217,6.776,0.88,2.393,582,377,57.529,1.87,1.326,0.754,0.934
504,1U-D-Z1.tif,4.505,13.964,0.29,4.963,930,400,56.31,1.909,3.419,0.293,0.59
505,1U-D-Z1.tif,2.147,5.501,0.892,1.892,488,356,104.036,1.554,1.237,0.809,0.927
506,1U-D-Z1.tif,1.971,10.321,0.232,3.719,865,360,164.249,1.175,4.182,0.239,0.578
507,1U-D-Z1.tif,1.28,4.843,0.686,1.858,707,376,57.095,1.03,2.064,0.485,0.835
508,1U-D-Z1.tif,2.274,11.413,0.219,4.093,240,366,137.726,1.854,2.93,0.341,0.459
509,1U-D-Z1.tif,3.941,7.349,0.917,2.628,446,394,77.905,2.019,1.246,0.802,0.95
510,1U-D-Z1.tif,1.785,6.333,0.559,2.409,349,369,107.745,1.377,1.695,0.59,0.788
511,1U-D-Z1.tif,1.735,5.08,0.845,1.892,622,387,50.906,1.298,1.435,0.697,0.924
512,1U-D-Z1.tif,1.128,3.988,0.892,1.483,301,376,111.801,1.101,1.361,0.735,0.918
513,1U-D-Z1.tif,1.272,5.738,0.485,2.257,741,392,26.565,1.034,2.856,0.35,0.749
514,1U-D-Z1.tif,5.061,8.754,0.83,3.006,413,414,77.661,2.268,1.333,0.75,0.933
515,1U-D-Z1.tif,2.804,6.902,0.74,2.551,707,386,127.694,1.609,1.479,0.676,0.895
516,1U-D-Z1.tif,1.895,7.577,0.415,2.14,288,386,120.964,1.575,1.52,0.658,0.744
517,1U-D-Z1.tif,3.613,7.067,0.909,2.444,640,410,55.713,2.111,1.157,0.865,0.944
518,1U-D-Z1.tif,1.086,6.669,0.307,1.772,681,390,111.251,1.19,1.717,0.583,0.662
519,1U-D-Z1.tif,1.288,4.194,0.921,1.538,751,411,72.646,1.193,1.244,0.804,0.924
520,1U-D-Z1.tif,2.417,8.862,0.387,3.316,333,400,165.579,1.285,3.018,0.331,0.691
521,1U-D-Z1.tif,9.626,11.812,0.867,3.907,557,443,80.538,3.304,1.138,0.879,0.947
522,1U-D-Z1.tif,1.238,4.118,0.918,1.425,615,402,104.931,1.193,1.168,0.856,0.922
523,1U-D-Z1.tif,2.257,5.868,0.824,2.013,462,418,24.228,1.567,1.15,0.869,0.912
524,1U-D-Z1.tif,1.726,5.058,0.848,1.822,431,421,40.914,1.468,1.145,0.874,0.895
525,1U-D-Z1.tif,1.238,5.545,0.506,2.206,269,415,163.072,0.991,2.373,0.421,0.795
526,1U-D-Z1.tif,1.019,4.01,0.796,1.377,399,415,143.13,1.156,1.116,0.896,0.906
527,1U-D-Z1.tif,2.08,5.371,0.906,1.981,368,416,103.392,1.377,1.366,0.732,0.939
528,1U-D-Z1.tif,2.409,5.868,0.879,2.093,596,438,74.745,1.554,1.413,0.708,0.927
529,1U-D-Z1.tif,1.457,4.538,0.889,1.765,388,436,81.027,1.009,1.624,0.616,0.945
530,1U-D-Z1.tif,2.703,6.279,0.862,2.266,652,443,58.241,1.715,1.32,0.758,0.93
531,1U-D-Z1.tif,2.467,5.89,0.894,2.062,462,424,122.276,1.734,1.203,0.832,0.924
532,1U-D-Z1.tif,3.714,7.219,0.895,2.449,413,453,77.005,2.106,1.135,0.881,0.941
533,1U-D-Z1.tif,3.461,11.61,0.323,3.689,781,469,84.289,1.584,2.937,0.34,0.733
534,1U-D-Z1.tif,3.023,6.656,0.858,2.469,340,455,48.013,1.888,1.225,0.817,0.945
535,1U-D-Z1.tif,3.377,7.286,0.799,2.88,664,465,67.521,1.611,1.835,0.545,0.922
536,1U-D-Z1.tif,2.198,5.76,0.832,2.16,630,437,102.265,1.377,1.56,0.641,0.93
537,1U-D-Z1.tif,1.474,7.232,0.354,2.257,430,458,26.565,1.434,1.798,0.556,0.607
538,1U-D-Z1.tif,1.187,4.095,0.89,1.505,561,451,37.569,1.132,1.309,0.764,0.922
539,1U-D-Z1.tif,1.87,5.263,0.848,1.858,591,446,122.905,1.518,1.144,0.874,0.893
540,1U-D-Z1.tif,1.213,5.514,0.501,2.257,938,462,26.565,0.913,2.705,0.37,0.798
541,1U-D-Z1.tif,2.594,7.058,0.654,2.359,386,476,76.504,1.614,1.585,0.631,0.834
542,1U-D-Z1.tif,1.491,7.295,0.352,2.728,489,473,42.274,1.108,2.975,0.336,0.69
543,1U-D-Z1.tif,1.651,6.669,0.466,2.233,735,476,80.538,1.346,1.929,0.518,0.693
544,1U-D-Z1.tif,1.659,4.798,0.906,1.707,451,457,126.254,1.354,1.26,0.794,0.931
545,1U-D-Z1.tif,2.695,7.188,0.655,2.302,402,473,23.499,1.882,1.414,0.707,0.851
546,1U-D-Z1.tif,1.592,5.792,0.596,2.015,851,459,120.069,1.175,1.856,0.539,0.803
547,1U-D-Z1.tif,3.267,6.852,0.875,2.556,685,485,68.962,1.705,1.512,0.661,0.937
548,1U-D-Z1.tif,2.383,6.365,0.739,2.235,719,482,70.821,1.481,1.496,0.669,0.882
549,1U-D-Z1.tif,1.415,4.538,0.863,1.605,431,467,149.036,1.263,1.251,0.799,0.918
550,1U-D-Z1.tif,2.636,6.159,0.873,2.181,358,485,67.751,1.652,1.28,0.781,0.936
551,1U-D-Z1.tif,2.366,11.422,0.228,3.598,894,473,174.144,1.437,2.619,0.382,0.582
552,1U-D-Z1.tif,1.28,4.225,0.901,1.605,613,469,120.964,1.193,1.24,0.806,0.916
553,1U-D-Z1.tif,3.15,7.112,0.783,2.27,511,488,14.036,2.012,1.077,0.928,0.89
554,1U-D-Z1.tif,2.004,5.295,0.898,1.892,584,475,129.094,1.557,1.187,0.843,0.93
555,1U-D-Z1.tif,1.423,4.431,0.911,1.654,322,476,109.44,1.193,1.377,0.726,0.931
556,1U-D-Z1.tif,1.339,4.247,0.933,1.527,559,493,57.265,1.193,1.207,0.828,0.924
557,1U-D-Z1.tif,1.288,4.194,0.921,1.425,434,479,104.931,1.285,1.073,0.932,0.913
558,1U-D-Z1.tif,1.12,4.767,0.619,2.013,937,486,155.772,0.856,2.467,0.405,0.839
559,1U-D-Z1.tif,1.356,4.377,0.889,1.675,762,509,80.538,1.101,1.413,0.708,0.92
560,1U-D-Z1.tif,2.417,5.912,0.869,2.07,571,495,102.804,1.589,1.284,0.779,0.921
561,1U-D-Z1.tif,1.053,3.934,0.855,1.48,721,496,119.745,1.016,1.461,0.684,0.883
562,1U-D-Z1.tif,6.855,12.438,0.557,3.712,501,516,8.531,2.482,1.602,0.624,0.867
563,1U-D-Z1.tif,1.87,5.058,0.918,1.763,439,517,51.34,1.518,1.113,0.899,0.931
564,1U-D-Z1.tif,3.032,9.932,0.386,3.545,674,519,21.251,1.844,2.14,0.467,0.673
565,1U-D-Z1.tif,2.981,7.868,0.605,2.506,308,503,113.749,1.758,1.511,0.662,0.861
566,1U-D-Z1.tif,1.642,4.668,0.947,1.687,775,520,67.62,1.285,1.233,0.811,0.951
567,1U-D-Z1.tif,4.017,7.466,0.906,2.591,374,533,67.068,1.927,1.262,0.792,0.959
568,1U-D-Z1.tif,2.737,6.203,0.894,2.181,614,532,75.379,1.744,1.207,0.828,0.942
569,1U-D-Z1.tif,2.947,10.831,0.316,3.45,465,515,118.61,1.967,2.047,0.488,0.672
570,1U-D-Z1.tif,1.432,4.475,0.898,1.584,708,515,100.008,1.269,1.246,0.802,0.897
571,1U-D-Z1.tif,1.011,3.675,0.941,1.314,735,517,102.095,1.009,1.255,0.797,0.92
572,1U-D-Z1.tif,2.291,5.63,0.908,2.004,631,540,74.055,1.56,1.29,0.775,0.936
573,1U-D-Z1.tif,1.499,4.561,0.906,1.634,653,542,38.157,1.231,1.319,0.758,0.925
574,1U-D-Z1.tif,2.291,8.558,0.393,2.738,672,533,166.43,1.468,2.05,0.488,0.707
575,1U-D-Z1.tif,1.204,3.988,0.952,1.377,312,546,53.13,1.193,1.12,0.893,0.929
576,1U-D-Z1.tif,3.47,6.906,0.914,2.322,507,544,161.565,2.076,1.097,0.912,0.942
577,1U-D-Z1.tif,1.221,6.418,0.372,2.767,751,538,174.289,0.642,4.881,0.205,0.784
578,1U-D-Z1.tif,1.71,5.111,0.822,1.731,416,540,122.005,1.285,1.256,0.796,0.927
579,1U-D-Z1.tif,4.034,7.51,0.899,2.647,584,543,123.69,2.202,1.186,0.843,0.955
580,1U-D-Z1.tif,1.356,5.371,0.591,2.25,933,551,11.768,0.936,2.618,0.382,0.856
581,1U-D-Z1.tif,2.088,5.241,0.955,1.892,715,563,67.166,1.468,1.194,0.838,0.954
582,1U-D-Z1.tif,1.507,4.95,0.773,1.765,616,554,8.973,1.246,1.409,0.71,0.88
583,1U-D-Z1.tif,3.992,9.694,0.534,3.259,739,558,170.272,1.927,1.617,0.618,0.824
584,1U-D-Z1.tif,2.779,6.096,0.94,2.16,382,556,102.265,1.744,1.207,0.828,0.946
585,1U-D-Z1.tif,2.156,5.554,0.878,2.093,558,588,74.745,1.377,1.51,0.662,0.939
586,1U-D-Z1.tif,3.284,6.7,0.919,2.506,576,567,113.749,1.835,1.333,0.75,0.957
587,1U-D-Z1.tif,2.063,6.324,0.648,2.004,639,575,164.055,1.637,1.364,0.733,0.799
588,1U-D-Z1.tif,2.526,5.814,0.939,1.977,413,583,21.801,1.744,1.073,0.932,0.945
589,1U-D-Z1.tif,2.981,6.441,0.903,2.323,610,600,80.91,1.652,1.29,0.775,0.947
590,1U-D-Z1.tif,3.512,7.013,0.897,2.538,535,576,102.529,1.835,1.347,0.742,0.948
591,1U-D-Z1.tif,1.044,5.599,0.419,2.266,436,603,68.629,0.868,3.194,0.313,0.738
592,1U-D-Z1.tif,1.617,4.659,0.936,1.654,474,600,70.56,1.363,1.164,0.859,0.925
593,1U-D-Z1.tif,2.484,8.625,0.42,3.407,931,586,152.745,1.161,3.627,0.276,0.761
594,1U-D-Z1.tif,2.88,6.937,0.752,2.393,369,586,122.471,1.824,1.208,0.828,0.893
595,1U-D-Z1.tif,2.661,7.09,0.665,2.538,306,615,77.471,1.635,1.58,0.633,0.852
596,1U-D-Z1.tif,2.063,5.63,0.818,2.095,567,590,118.811,1.56,1.211,0.826,0.897
597,1U-D-Z1.tif,1.255,4.118,0.93,1.513,763,607,75.964,1.101,1.337,0.748,0.928
598,1U-D-Z1.tif,2.147,5.577,0.868,1.892,415,613,67.166,1.652,1.099,0.91,0.906
599,1U-D-Z1.tif,1.718,5.286,0.773,1.981,282,599,103.392,1.377,1.466,0.682,0.895
600,1U-D-Z1.tif,1.019,3.804,0.885,1.336,722,615,74.055,1.009,1.241,0.806,0.92
601,1U-D-Z1.tif,1.288,4.118,0.955,1.425,736,603,104.931,1.193,1.115,0.897,0.93
602,1U-D-Z1.tif,2.088,8.105,0.399,2.34,488,609,168.69,1.521,1.682,0.595,0.749
603,1U-D-Z1.tif,3.832,8.191,0.718,2.938,585,606,141.34,2.111,1.114,0.898,0.903
604,1U-D-Z1.tif,3.773,9.802,0.493,3.126,664,634,49.764,2.166,1.629,0.614,0.786
605,1U-D-Z1.tif,4.59,10.84,0.491,2.962,336,641,73.811,2.379,1.157,0.864,0.846
606,1U-D-Z1.tif,1.171,6.602,0.337,2.699,523,613,162.181,0.782,4.421,0.226,0.678
607,1U-D-Z1.tif,2.265,5.684,0.881,2.062,689,641,69.146,1.468,1.338,0.748,0.949
608,1U-D-Z1.tif,18.729,16.426,0.872,5.345,480,621,105.945,4.72,1.05,0.952,0.969
609,1U-D-Z1.tif,1.676,6.539,0.493,1.772,734,621,111.251,1.468,1.242,0.805,0.816
610,1U-D-Z1.tif,3.731,12.872,0.283,4.808,896,625,156.371,1.363,4.702,0.213,0.668
611,1U-D-Z1.tif,1.524,7.08,0.382,2.599,629,646,47.862,1.091,2.941,0.34,0.759
612,1U-D-Z1.tif,1.314,8.691,0.219,3.01,384,627,127.569,1.168,3.429,0.292,0.514
613,1U-D-Z1.tif,1.154,3.934,0.937,1.436,545,642,63.435,1.149,1.261,0.793,0.923
614,1U-D-Z1.tif,1.491,7.264,0.355,2.235,816,640,19.179,1.468,1.601,0.625,0.673
615,1U-D-Z1.tif,2.72,6.431,0.826,2.359,571,658,76.504,1.791,1.295,0.772,0.915
616,1U-D-Z1.tif,1.726,5.232,0.793,1.858,311,654,69.775,1.377,1.321,0.757,0.887
617,1U-D-Z1.tif,1.844,6.7,0.516,2.386,599,637,112.62,1.416,1.765,0.567,0.754
618,1U-D-Z1.tif,1.179,5.415,0.505,2.14,715,663,59.036,0.973,2.851,0.351,0.737
619,1U-D-Z1.tif,3.032,6.646,0.862,2.27,555,668,75.964,1.847,1.187,0.842,0.93
620,1U-D-Z1.tif,1.617,4.972,0.822,1.947,592,647,98.13,1.25,1.542,0.648,0.901
621,1U-D-Z1.tif,3.225,6.646,0.918,2.24,690,668,55.008,1.97,1.116,0.896,0.943
622,1U-D-Z1.tif,3.983,7.381,0.919,2.61,387,655,100.125,1.927,1.31,0.763,0.957
623,1U-D-Z1.tif,1.87,5.295,0.838,1.945,521,675,70.71,1.285,1.477,0.677,0.945
624,1U-D-Z1.tif,1.213,7.89,0.245,2.759,958,688,86.186,1.009,2.961,0.338,0.622
625,1U-D-Z1.tif,2.914,6.83,0.785,2.668,460,670,139.185,1.687,1.575,0.635,0.923
626,1U-D-Z1.tif,2.198,5.371,0.958,1.892,727,689,67.166,1.56,1.154,0.866,0.949
627,1U-D-Z1.tif,2.358,9.305,0.342,3.186,529,701,48.504,1.371,3.161,0.316,0.623
628,1U-D-Z1.tif,3.385,9.359,0.486,3.006,509,697,31.264,2.163,1.274,0.785,0.749
629,1U-D-Z1.tif,1.027,3.858,0.867,1.519,325,698,64.983,1.009,1.474,0.678,0.921
630,1U-D-Z1.tif,2.552,5.966,0.901,2.221,591,700,38.29,1.557,1.429,0.7,0.944
631,1U-D-Z1.tif,2.956,8.723,0.488,3.158,776,711,35.538,1.44,2.612,0.383,0.808
632,1U-D-Z1.tif,5.895,9.023,0.91,3.077,640,690,107.354,2.57,1.174,0.852,0.958
633,1U-D-Z1.tif,2.501,6.7,0.7,2.14,672,711,59.036,1.835,1.094,0.914,0.862
634,1U-D-Z1.tif,1.726,5.004,0.866,1.765,352,691,98.973,1.377,1.258,0.795,0.911
635,1U-D-Z1.tif,1.398,4.377,0.917,1.527,388,708,57.265,1.285,1.178,0.849,0.915
636,1U-D-Z1.tif,1.314,4.561,0.794,1.772,718,695,158.749,1.101,1.538,0.65,0.912
637,1U-D-Z1.tif,1.726,5.165,0.813,1.892,556,714,50.906,1.436,1.268,0.789,0.901
638,1U-D-Z1.tif,3.764,7.273,0.894,2.597,605,723,57.995,2.011,1.287,0.777,0.949
639,1U-D-Z1.tif,1.928,5.08,0.939,1.782,413,719,78.111,1.468,1.156,0.865,0.933
640,1U-D-Z2.tif,2.473,6.095,0.837,1.975,265,63,77.905,1.626,1.226,0.816,0.959
641,1U-D-Z2.tif,0.824,5.563,0.335,1.999,713,45,14.995,0.824,3.118,0.321,0.676
642,1U-D-Z2.tif,3.746,7.521,0.832,2.395,800,90,59.744,2.034,1.172,0.853,0.964
643,1U-D-Z2.tif,1.237,7.692,0.263,1.745,638,53,161.565,1.312,1.128,0.887,0.729
644,1U-D-Z2.tif,0.914,3.935,0.742,1.531,460,81,35.838,0.808,1.99,0.503,0.93
645,1U-D-Z2.tif,3.284,7.306,0.773,2.277,148,86,147.995,1.922,1.134,0.882,0.946
646,1U-D-Z2.tif,1.776,7.274,0.422,2.318,526,109,30.379,1.277,1.945,0.514,0.856
647,1U-D-Z2.tif,1.351,7.373,0.312,2.063,591,75,99.62,1.207,1.949,0.513,0.666
648,1U-D-Z2.tif,2.763,6.347,0.862,2.108,913,136,74.827,1.759,1.185,0.844,0.962
649,1U-D-Z2.tif,1.144,8.126,0.218,1.639,108,130,75.379,1.233,1.408,0.71,0.707
650,1U-D-Z2.tif,1.663,8.602,0.282,2.083,725,144,65.556,1.481,1.531,0.653,0.79
651,1U-D-Z2.tif,1.141,6.45,0.345,1.703,833,120,31.759,1.136,1.238,0.808,0.796
652,1U-D-Z2.tif,1.639,4.955,0.839,1.582,354,92,106.46,1.413,1.127,0.887,0.942
653,1U-D-Z2.tif,2.571,6.176,0.847,2.133,475,151,67.166,1.607,1.299,0.77,0.964
654,1U-D-Z2.tif,1.391,5.21,0.644,1.98,975,156,82.999,1.103,1.682,0.594,0.891
655,1U-D-Z2.tif,1.165,5.035,0.578,1.839,514,113,120.411,1.091,1.533,0.653,0.859
656,1U-D-Z2.tif,1.423,5.526,0.586,1.678,37,161,80.538,1.207,1.301,0.769,0.896
657,1U-D-Z2.tif,0.929,4.223,0.654,1.639,535,120,157.751,0.931,1.746,0.573,0.878
658,1U-D-Z2.tif,1.919,8.792,0.312,2.383,286,194,58.61,1.461,1.991,0.502,0.685
659,1U-D-Z2.tif,2.171,8.602,0.369,2.037,776,189,61.699,1.675,1.124,0.89,0.796
660,1U-D-Z2.tif,1.122,4.053,0.859,1.39,93,150,97.125,1.103,1.226,0.815,0.945
661,1U-D-Z2.tif,0.741,3.224,0.896,1.071,180,179,33.179,0.931,1.139,0.878,0.95
662,1U-D-Z2.tif,2.339,8.35,0.422,2.392,584,179,5.793,1.609,1.365,0.733,0.819
663,1U-D-Z2.tif,0.705,5.743,0.269,2.314,57,161,118.474,0.598,5.301,0.189,0.619
664,1U-D-Z2.tif,4.058,9.361,0.582,2.735,829,253,76.139,2.251,1.362,0.734,0.882
665,1U-D-Z2.tif,1.584,4.99,0.799,1.732,138,207,102.653,1.158,1.494,0.67,0.941
666,1U-D-Z2.tif,2.184,5.547,0.892,1.86,24,265,79.315,1.517,1.224,0.817,0.966
667,1U-D-Z2.tif,3.659,8.934,0.576,2.413,653,284,59.036,2.182,1.052,0.951,0.945
668,1U-D-Z2.tif,0.954,3.956,0.766,1.45,575,225,108.004,0.956,1.609,0.622,0.925
669,1U-D-Z2.tif,1.458,5.264,0.661,1.596,485,277,173.797,1.341,1.063,0.94,0.896
670,1U-D-Z2.tif,1.31,4.475,0.822,1.418,321,304,48.945,1.263,1.131,0.885,0.937
671,1U-D-Z2.tif,1.528,5.678,0.596,2.076,659,312,32.106,1.079,2.02,0.495,0.907
672,1U-D-Z2.tif,2.384,6.456,0.719,2.263,185,348,82.117,1.483,1.599,0.625,0.926
673,1U-D-Z2.tif,2.08,5.688,0.808,2.053,137,298,97.722,1.276,1.614,0.619,0.958
674,1U-D-Z2.tif,2.633,6.132,0.88,2.058,794,353,58.707,1.696,1.182,0.846,0.97
675,1U-D-Z2.tif,3.244,6.936,0.847,2.36,702,367,64.933,1.853,1.292,0.774,0.965
676,1U-D-Z2.tif,1.044,4.11,0.777,1.489,628,307,103.392,0.974,1.543,0.648,0.922
677,1U-D-Z2.tif,1.71,8.565,0.293,2.375,518,357,39.699,1.374,1.881,0.532,0.777
678,1U-D-Z2.tif,3.912,7.524,0.868,2.546,338,410,81.431,2.069,1.232,0.812,0.968
679,1U-D-Z2.tif,1.659,5.15,0.786,1.762,810,391,59.421,1.28,1.42,0.704,0.936
680,1U-D-Z2.tif,0.748,3.301,0.862,1.123,936,355,107.879,0.881,1.295,0.772,0.941
681,1U-D-Z2.tif,1.522,5.052,0.749,1.627,82,366,111.125,1.274,1.229,0.814,0.937
682,1U-D-Z2.tif,5.03,9.551,0.693,3.175,256,469,81.254,2.207,1.38,0.725,0.938
683,1U-D-Z2.tif,2.992,12.866,0.227,2.437,862,458,63.072,2.069,1.201,0.833,0.791
684,1U-D-Z2.tif,1.471,6.603,0.424,2.32,37,437,5.117,0.986,2.482,0.403,0.846
685,1U-D-Z2.tif,9.359,19.63,0.305,3.842,613,534,61.595,3.345,1.087,0.92,0.915
686,1U-D-Z2.tif,1.19,4.105,0.887,1.39,782,434,119.745,1.141,1.2,0.833,0.961
687,1U-D-Z2.tif,2.15,6.985,0.554,2.102,383,448,138.991,1.541,1.194,0.838,0.839
688,1U-D-Z2.tif,1.687,6.537,0.496,2.08,298,483,40.292,1.49,1.314,0.761,0.816
689,1U-D-Z2.tif,1.056,4.045,0.811,1.298,218,464,100.713,1.199,1.064,0.94,0.936
690,1U-D-Z2.tif,2.155,5.73,0.825,2.007,131,468,94.927,1.448,1.353,0.739,0.954
691,1U-D-Z2.tif,2.375,6.302,0.751,2.103,737,528,79.611,1.584,1.393,0.718,0.941
692,1U-D-Z2.tif,0.757,3.333,0.857,1.159,70,501,59.621,0.89,1.221,0.819,0.95
693,1U-D-Z2.tif,1.576,4.835,0.847,1.786,182,522,79.992,1.103,1.587,0.63,0.965
694,1U-D-Z2.tif,2.803,7.168,0.685,2.318,889,544,67.249,1.707,1.357,0.737,0.946
695,1U-D-Z2.tif,2.61,7.075,0.655,2.16,378,486,118.61,1.784,1.202,0.832,0.919
696,1U-D-Z2.tif,3.952,7.545,0.873,2.478,241,567,68.791,2.147,1.131,0.884,0.969
697,1U-D-Z2.tif,0.989,4.045,0.76,1.506,782,546,74.055,0.897,1.694,0.59,0.937
698,1U-D-Z2.tif,2.932,7.126,0.726,2.338,54,574,52.792,1.842,1.188,0.842,0.944
699,1U-D-Z2.tif,2.24,7.615,0.485,2.251,831,524,95.274,1.54,1.605,0.623,0.873
700,1U-D-Z2.tif,3.283,9.162,0.491,2.869,918,601,64.359,1.658,1.929,0.518,0.852
701,1U-D-Z2.tif,0.87,3.85,0.738,1.435,426,565,65.898,0.865,1.79,0.559,0.909
702,1U-D-Z2.tif,1.144,4.358,0.757,1.524,647,567,52.352,1.045,1.452,0.689,0.925
703,1U-D-Z2.tif,0.778,6.27,0.249,2.468,538,553,7.224,0.582,5.669,0.176,0.685
704,1U-D-Z2.tif,1.696,5.644,0.669,1.812,730,541,111.194,1.409,1.155,0.866,0.907
705,1U-D-Z2.tif,1.492,5.251,0.68,1.691,183,562,101.768,1.31,1.171,0.854,0.908
706,1U-D-Z2.tif,1.625,6.453,0.491,2.047,252,622,57.381,1.431,1.324,0.755,0.843
707,1U-D-Z2.tif,1.622,4.975,0.824,1.647,354,576,109.573,1.288,1.236,0.809,0.949
708,1U-D-Z2.tif,3.241,7.122,0.803,2.519,973,652,70.821,1.699,1.5,0.667,0.947
709,1U-D-Z2.tif,0.724,3.789,0.634,1.117,613,587,98.881,0.986,1.083,0.924,0.869
710,1U-D-Z2.tif,0.999,7.445,0.226,2.402,222,589,129.174,1.021,2.831,0.353,0.529
711,1U-D-Z2.tif,1.665,8.133,0.316,2.483,302,599,142.334,1.48,1.705,0.586,0.666
712,1U-D-Z2.tif,0.78,4.171,0.563,1.291,42,596,124.114,1.023,1.172,0.853,0.841
713,1U-D-Z2.tif,2.589,6.305,0.818,2.072,100,651,71.565,1.648,1.243,0.804,0.95
714,1U-D-Z2.tif,1.147,4.231,0.805,1.359,783,614,125.707,1.15,1.118,0.894,0.933
715,1U-D-Z2.tif,1.969,5.32,0.874,1.821,717,623,108.778,1.5,1.186,0.843,0.958
716,1U-D-Z2.tif,2.781,9.743,0.368,2.277,507,654,1.736,1.935,1.088,0.919,0.832
717,1U-D-Z2.tif,1.345,4.358,0.89,1.549,643,679,73.179,1.205,1.233,0.811,0.957
718,1U-D-Z2.tif,1.323,4.585,0.791,1.473,299,678,57.426,1.293,1.103,0.907,0.933
719,1U-D-Z2.tif,0.823,3.525,0.832,1.179,568,689,15.255,1.009,1.111,0.9,0.941
720,1U-D-Z2.tif,1.013,4.228,0.712,1.628,688,670,126.384,0.821,2.072,0.483,0.93
721,1U-D-Z2.tif,0.867,3.967,0.692,1.397,313,717,15.751,0.826,1.823,0.549,0.884
722,1U-D-Z3.tif,1.675,9.5,0.233,2.142,880,196,31.464,1.243,1.645,0.608,0.865
723,1U-D-Z3.tif,1.493,8.279,0.274,2.543,532,316,49.132,0.992,2.377,0.421,0.832
724,1U-D-Z3.tif,4.034,7.902,0.812,2.594,93,449,86.987,2.062,1.245,0.803,0.978
725,1U-U-Z1.tif,1.095,4.896,0.574,1.847,710,3,116.565,0.92,2.38,0.42,0.795
726,1U-U-Z1.tif,1.912,5.232,0.878,1.892,527,17,14.036,1.502,1.186,0.843,0.903
727,1U-U-Z1.tif,1.078,4.171,0.778,1.56,359,8,151.928,1.101,1.123,0.89,0.877
728,1U-U-Z1.tif,6.274,13.15,0.456,4.352,431,36,24.944,2.159,2.366,0.423,0.806
729,1U-U-Z1.tif,1.701,4.959,0.869,1.763,687,16,141.34,1.377,1.144,0.874,0.931
730,1U-U-Z1.tif,2.131,6.951,0.554,2.113,636,37,55.62,1.557,1.365,0.733,0.856
731,1U-U-Z1.tif,1.154,3.88,0.963,1.336,518,27,164.055,1.193,1.049,0.953,0.923
732,1U-U-Z1.tif,1.137,3.858,0.96,1.364,718,28,109.654,1.101,1.148,0.871,0.931
733,1U-U-Z1.tif,4.783,8.289,0.875,2.815,403,60,70.974,2.386,1.128,0.886,0.942
734,1U-U-Z1.tif,1.213,4.27,0.836,1.605,547,32,120.964,1.089,1.557,0.642,0.897
735,1U-U-Z1.tif,1.718,5.035,0.851,1.763,686,36,141.34,1.377,1.08,0.926,0.917
736,1U-U-Z1.tif,4.918,8.428,0.87,3.139,370,68,74.745,2.019,1.484,0.674,0.957
737,1U-U-Z1.tif,1.036,4.431,0.663,1.892,490,48,39.094,0.973,1.969,0.508,0.84
738,1U-U-Z1.tif,4.775,8.105,0.913,2.827,532,70,76.866,2.235,1.247,0.802,0.954
739,1U-U-Z1.tif,2.585,6.333,0.81,2.097,645,63,66.801,1.744,1.171,0.854,0.927
740,1U-U-Z1.tif,1.027,3.988,0.812,1.436,591,60,63.435,1.19,1.23,0.813,0.894
741,1U-U-Z1.tif,2.653,8.052,0.514,2.469,553,67,41.987,1.734,1.344,0.744,0.839
742,1U-U-Z1.tif,2.038,5.425,0.87,1.828,434,48,107.526,1.509,1.162,0.86,0.92
743,1U-U-Z1.tif,1.592,4.637,0.93,1.626,732,65,73.61,1.377,1.171,0.854,0.924
744,1U-U-Z1.tif,2.72,9.856,0.352,3.542,848,52,163.443,1.422,2.913,0.343,0.732
745,1U-U-Z1.tif,1.305,4.149,0.953,1.433,452,54,140.194,1.193,1.049,0.954,0.945
746,1U-U-Z1.tif,1.019,4.972,0.518,2.062,198,54,147.724,1.01,2.346,0.426,0.761
747,1U-U-Z1.tif,1.39,4.301,0.944,1.538,691,55,107.354,1.193,1.223,0.818,0.932
748,1U-U-Z1.tif,1.406,4.462,0.887,1.741,579,57,108.435,1.009,1.607,0.622,0.949
749,1U-U-Z1.tif,1.036,6.333,0.325,2.728,789,60,160.346,0.725,5.018,0.199,0.644
750,1U-U-Z1.tif,1.027,3.858,0.867,1.494,345,60,132.51,1.016,1.464,0.683,0.91
751,1U-U-Z1.tif,2.695,5.998,0.941,2.093,494,62,105.255,1.652,1.201,0.833,0.954
752,1U-U-Z1.tif,2.114,9.694,0.283,3.374,820,71,157.62,1.601,2.632,0.38,0.588
753,1U-U-Z1.tif,2.636,8.137,0.5,3.517,921,69,164.876,1.046,3.674,0.272,0.856
754,1U-U-Z1.tif,1.432,4.431,0.916,1.563,325,74,139.764,1.285,1.162,0.861,0.926
755,1U-U-Z1.tif,1.027,3.956,0.825,1.603,452,79,113.629,0.903,1.729,0.578,0.897
756,1U-U-Z1.tif,3.419,6.808,0.927,2.359,672,104,76.504,1.835,1.228,0.814,0.954
757,1U-U-Z1.tif,1.971,5.523,0.812,2.038,571,81,125.838,1.409,1.44,0.695,0.907
758,1U-U-Z1.tif,3.183,6.83,0.858,2.471,416,109,74.932,1.736,1.453,0.688,0.94
759,1U-U-Z1.tif,1.651,4.767,0.913,1.692,277,84,102.529,1.363,1.26,0.793,0.918
760,1U-U-Z1.tif,2.686,10.245,0.322,4.185,172,86,105.255,1.184,4.599,0.217,0.717
761,1U-U-Z1.tif,2.366,5.89,0.857,2.142,629,111,80.134,1.56,1.385,0.722,0.926
762,1U-U-Z1.tif,1.28,4.637,0.748,1.692,439,107,77.471,1.149,1.605,0.623,0.849
763,1U-U-Z1.tif,1.768,4.928,0.915,1.753,520,89,96.009,1.285,1.279,0.782,0.935
764,1U-U-Z1.tif,2.83,6.409,0.866,2.35,561,90,128.66,1.687,1.413,0.708,0.931
765,1U-U-Z1.tif,1.145,3.988,0.905,1.451,353,91,108.435,1.101,1.212,0.825,0.919
766,1U-U-Z1.tif,1.187,3.988,0.938,1.451,696,91,108.435,1.101,1.274,0.785,0.934
767,1U-U-Z1.tif,1.583,4.614,0.934,1.603,652,97,103.241,1.285,1.197,0.835,0.935
768,1U-U-Z1.tif,1.255,4.301,0.852,1.519,548,98,115.017,1.242,1.193,0.838,0.914
769,1U-U-Z1.tif,1.305,4.301,0.887,1.563,470,112,40.236,1.231,1.279,0.782,0.917
770,1U-U-Z1.tif,2.627,10.008,0.33,3.407,154,102,94.635,1.56,2.755,0.363,0.712
771,1U-U-Z1.tif,1.928,7.166,0.472,2.701,595,109,170.218,1.377,2.43,0.411,0.722
772,1U-U-Z1.tif,2.333,5.608,0.932,2.004,257,126,74.055,1.468,1.302,0.768,0.952
773,1U-U-Z1.tif,1.07,6.194,0.35,2.774,401,114,145.784,0.741,4.839,0.207,0.69
774,1U-U-Z1.tif,1.322,5.165,0.623,1.892,739,113,112.834,1.15,1.619,0.618,0.787
775,1U-U-Z1.tif,1.053,4.874,0.557,1.741,689,119,161.565,1.21,1.389,0.72,0.749
776,1U-U-Z1.tif,2.257,9.592,0.308,4.329,842,120,175.135,0.734,6.79,0.147,0.82
777,1U-U-Z1.tif,1.987,6.4,0.61,2.119,664,122,107.65,1.492,1.42,0.704,0.847
778,1U-U-Z1.tif,3.107,6.463,0.935,2.16,489,146,77.735,1.927,1.079,0.927,0.947
779,1U-U-Z1.tif,2.156,9.045,0.331,3.947,862,149,35.538,1.039,5.407,0.185,0.647
780,1U-U-Z1.tif,3.032,12.72,0.235,4.609,238,129,167.347,1.468,4.418,0.226,0.532
781,1U-U-Z1.tif,8.219,10.903,0.869,3.976,539,129,108.853,2.753,1.423,0.703,0.963
782,1U-U-Z1.tif,1.516,4.485,0.947,1.654,625,147,70.56,1.193,1.323,0.756,0.945
783,1U-U-Z1.tif,1.027,5.706,0.396,1.81,566,132,149.534,1.248,1.455,0.687,0.646
784,1U-U-Z1.tif,1.171,4.171,0.845,1.433,463,143,39.806,1.186,1.144,0.874,0.897
785,1U-U-Z1.tif,2.131,7.501,0.476,2.093,708,154,74.745,1.56,1.365,0.733,0.824
786,1U-U-Z1.tif,1.305,5.751,0.496,2.368,197,134,144.462,1.074,2.485,0.402,0.771
787,1U-U-Z1.tif,1.962,5.241,0.898,2.013,680,154,65.772,1.377,1.453,0.688,0.941
788,1U-U-Z1.tif,3.806,7.501,0.85,2.686,651,135,97.853,2.052,1.259,0.795,0.923
789,1U-U-Z1.tif,2.787,8.732,0.459,2.449,593,169,77.005,1.898,1.451,0.689,0.747
790,1U-U-Z1.tif,4.994,8.374,0.895,2.972,368,177,81.119,2.111,1.352,0.74,0.957
791,1U-U-Z1.tif,2.51,5.944,0.893,2.038,492,166,54.162,1.744,1.138,0.878,0.936
792,1U-U-Z1.tif,1.171,6.767,0.321,2.07,725,172,77.196,1.239,1.965,0.509,0.618
793,1U-U-Z1.tif,3.326,12.299,0.276,3.34,328,156,110.925,2.198,1.895,0.528,0.632
794,1U-U-Z1.tif,2.771,6.203,0.905,2.24,439,159,124.992,1.732,1.318,0.759,0.941
795,1U-U-Z1.tif,2.442,8.159,0.461,3.474,919,162,167.8,1.219,3.248,0.308,0.774
796,1U-U-Z1.tif,1.044,6.194,0.342,2.352,213,166,159.444,0.966,2.909,0.344,0.705
797,1U-U-Z1.tif,1.162,7.859,0.236,2.368,251,166,144.462,1.175,2.434,0.411,0.57
798,1U-U-Z1.tif,3.587,10.137,0.439,3.063,637,180,171.384,1.85,1.922,0.52,0.736
799,1U-U-Z1.tif,1.533,4.453,0.971,1.527,523,170,122.735,1.363,1.09,0.918,0.936
800,1U-U-Z1.tif,1.154,4.377,0.757,1.451,730,174,145.305,1.244,1.104,0.906,0.854
801,1U-U-Z1.tif,1.364,4.485,0.852,1.803,403,171,104.744,1.009,1.738,0.575,0.928
802,1U-U-Z1.tif,2.796,9.78,0.367,3.998,571,183,9.246,1.41,3.872,0.258,0.716
803,1U-U-Z1.tif,1.575,4.722,0.888,1.692,679,178,130.601,1.278,1.353,0.739,0.926
804,1U-U-Z1.tif,3.141,9.694,0.42,3.859,917,179,154.654,1.497,3.091,0.324,0.713
805,1U-U-Z1.tif,1.103,3.912,0.906,1.364,382,180,109.654,1.101,1.182,0.846,0.923
806,1U-U-Z1.tif,2.476,6.722,0.688,2.471,481,184,121.329,1.558,1.534,0.652,0.875
807,1U-U-Z1.tif,1.827,4.95,0.937,1.782,347,206,55.491,1.428,1.238,0.808,0.935
808,1U-U-Z1.tif,5.929,10.97,0.619,4.054,509,203,174.806,2.376,1.76,0.568,0.85
809,1U-U-Z1.tif,1.566,4.614,0.924,1.626,743,196,106.39,1.285,1.225,0.816,0.942
810,1U-U-Z1.tif,1.836,5.004,0.921,1.782,682,200,101.889,1.377,1.236,0.809,0.938
811,1U-U-Z1.tif,1.187,4.216,0.84,1.568,359,217,69.444,1.157,1.335,0.749,0.879
812,1U-U-Z1.tif,1.406,8.105,0.269,2.062,267,224,20.854,1.536,1.272,0.786,0.599
813,1U-U-Z1.tif,2.375,7.166,0.581,2.322,372,210,161.565,1.652,1.232,0.812,0.839
814,1U-U-Z1.tif,1.053,4.713,0.596,1.964,779,227,52.595,0.973,2.104,0.475,0.847
815,1U-U-Z1.tif,1.667,7.349,0.388,2.728,342,211,160.346,1.465,2.037,0.491,0.606
816,1U-U-Z1.tif,3.562,9.435,0.503,2.496,543,214,126.027,2.179,1.211,0.826,0.861
817,1U-U-Z1.tif,2.813,6.203,0.919,2.097,655,233,66.801,1.835,1.046,0.956,0.942
818,1U-U-Z1.tif,3.545,6.991,0.912,2.438,601,216,109.799,1.927,1.172,0.854,0.951
819,1U-U-Z1.tif,1.053,3.858,0.889,1.425,723,218,104.931,1.009,1.397,0.716,0.909
820,1U-U-Z1.tif,1.036,4.928,0.536,1.985,431,223,123.69,0.985,2.438,0.41,0.726
821,1U-U-Z1.tif,1.726,7.555,0.38,2.916,905,241,24.146,1.292,2.637,0.379,0.707
822,1U-U-Z1.tif,1.507,4.614,0.89,1.687,492,226,112.38,1.285,1.224,0.817,0.923
823,1U-U-Z1.tif,1.903,5.241,0.871,1.892,364,246,67.166,1.462,1.286,0.777,0.922
824,1U-U-Z1.tif,3.95,7.824,0.811,2.797,512,230,131.009,2.087,1.27,0.787,0.919
825,1U-U-Z1.tif,1.684,5.035,0.835,2.015,380,249,59.931,1.19,1.735,0.577,0.939
826,1U-U-Z1.tif,1.213,6.127,0.406,2.097,562,252,23.199,1.377,1.159,0.863,0.636
827,1U-U-Z1.tif,2.762,6.127,0.925,2.038,651,260,54.162,1.835,1.083,0.923,0.943
828,1U-U-Z1.tif,1.482,4.431,0.949,1.603,707,242,113.629,1.285,1.187,0.842,0.934
829,1U-U-Z1.tif,1.297,6.83,0.349,2.352,222,252,159.444,1.281,2.282,0.438,0.644
830,1U-U-Z1.tif,1.297,4.485,0.81,1.741,333,275,71.565,1.028,1.747,0.572,0.909
831,1U-U-Z1.tif,4.202,9.001,0.652,3.126,604,284,49.764,2.202,1.13,0.885,0.875
832,1U-U-Z1.tif,1.533,4.561,0.926,1.603,699,259,103.241,1.285,1.192,0.839,0.929
833,1U-U-Z1.tif,2.19,5.469,0.92,1.872,666,285,78.69,1.652,1.083,0.923,0.929
834,1U-U-Z1.tif,2.299,7.282,0.545,3.078,923,269,169.695,1.027,3.439,0.291,0.852
835,1U-U-Z1.tif,4.96,8.473,0.868,3.055,344,300,57.265,2.239,1.374,0.728,0.946
836,1U-U-Z1.tif,1.305,5.004,0.655,1.642,506,280,116.565,1.328,1.24,0.806,0.797
837,1U-U-Z1.tif,1.608,5.317,0.715,2.148,434,303,70.017,1.193,1.753,0.57,0.888
838,1U-U-Z1.tif,1.987,6.355,0.618,1.964,539,300,37.405,1.6,1.346,0.743,0.835
839,1U-U-Z1.tif,3.293,12.599,0.261,2.882,583,283,142.765,2.266,1.546,0.647,0.683
840,1U-U-Z1.tif,2.265,5.608,0.905,1.929,408,287,115.346,1.56,1.167,0.857,0.936
841,1U-U-Z1.tif,3.596,7.371,0.832,2.493,680,314,83.66,2.141,1.216,0.823,0.915
842,1U-U-Z1.tif,1.07,4.14,0.784,1.675,714,307,80.538,0.918,1.698,0.589,0.891
843,1U-U-Z1.tif,1.373,7.058,0.346,2.902,732,313,34.695,0.992,3.983,0.251,0.665
844,1U-U-Z1.tif,1.221,4.064,0.929,1.425,775,315,75.069,1.18,1.192,0.839,0.918
845,1U-U-Z1.tif,1.027,3.751,0.918,1.404,311,301,101.31,1.009,1.335,0.749,0.914
846,1U-U-Z1.tif,1.23,4.171,0.888,1.513,292,319,75.964,1.101,1.346,0.743,0.921
847,1U-U-Z1.tif,1.263,4.323,0.849,1.563,505,304,130.236,1.171,1.379,0.725,0.885
848,1U-U-Z1.tif,4.236,7.738,0.889,2.774,585,325,34.216,2.076,1.263,0.792,0.942
849,1U-U-Z1.tif,4.244,7.837,0.868,2.858,493,339,84.472,2.202,1.232,0.812,0.932
850,1U-U-Z1.tif,3.352,7.166,0.82,2.699,451,335,54.689,1.728,1.613,0.62,0.914
851,1U-U-Z1.tif,1.238,4.064,0.942,1.483,662,313,111.801,1.19,1.247,0.802,0.922
852,1U-U-Z1.tif,1.331,4.529,0.815,1.527,723,316,147.265,1.349,1.092,0.916,0.873
853,1U-U-Z1.tif,4.455,10.809,0.479,3.309,510,351,56.31,2.213,1.531,0.653,0.825
854,1U-U-Z1.tif,3.023,6.517,0.895,2.34,708,346,78.69,1.744,1.329,0.752,0.939
855,1U-U-Z1.tif,3.284,6.754,0.905,2.471,276,326,105.068,1.744,1.395,0.717,0.952
856,1U-U-Z1.tif,1.87,5.058,0.918,1.828,619,345,72.474,1.377,1.339,0.747,0.933
857,1U-U-Z1.tif,2.602,8.074,0.502,2.52,303,345,33.111,1.744,1.453,0.688,0.811
858,1U-U-Z1.tif,1.263,4.118,0.936,1.538,642,328,107.354,1.101,1.314,0.761,0.926
859,1U-U-Z1.tif,1.356,5.362,0.593,2.35,796,352,51.34,0.908,2.732,0.366,0.861
860,1U-U-Z1.tif,1.954,5.76,0.74,2.322,763,333,108.435,1.269,1.865,0.536,0.913
861,1U-U-Z1.tif,2.88,6.463,0.866,2.16,453,345,167.735,1.799,1.176,0.851,0.931
862,1U-U-Z1.tif,1.288,4.225,0.907,1.483,664,360,68.199,1.193,1.229,0.813,0.924
863,1U-U-Z1.tif,5.179,8.45,0.911,2.753,489,349,126.87,2.57,1.028,0.973,0.958
864,1U-U-Z1.tif,1.962,5.111,0.944,1.828,538,366,72.474,1.377,1.28,0.781,0.947
865,1U-U-Z1.tif,1.23,4.323,0.827,1.603,565,367,66.371,1.207,1.433,0.698,0.885
866,1U-U-Z1.tif,1.886,7.868,0.383,2.629,572,376,60.751,1.25,2.583,0.387,0.708
867,1U-U-Z1.tif,1.794,5.935,0.64,2.3,723,356,151.39,1.138,2.184,0.458,0.847
868,1U-U-Z1.tif,1.103,4.01,0.862,1.568,631,362,20.556,1.101,1.471,0.68,0.907
869,1U-U-Z1.tif,1.878,7.792,0.389,3.132,910,354,148.173,1.103,3.024,0.331,0.729
870,1U-U-Z1.tif,3.705,7.295,0.875,2.649,407,356,104.036,1.927,1.361,0.735,0.936
871,1U-U-Z1.tif,3.587,7.058,0.905,2.43,644,388,79.114,2.093,1.126,0.888,0.938
872,1U-U-Z1.tif,3.529,7.618,0.764,2.55,705,362,120.256,1.927,1.214,0.823,0.915
873,1U-U-Z1.tif,3.68,11.691,0.338,4.093,762,369,132.274,2.141,1.959,0.51,0.642
874,1U-U-Z1.tif,1.794,5.111,0.863,1.772,606,394,68.749,1.377,1.159,0.863,0.922
875,1U-U-Z1.tif,4.758,14.036,0.303,5.701,893,385,176.309,1.525,4.745,0.211,0.68
876,1U-U-Z1.tif,1.684,5.102,0.813,1.858,477,378,110.225,1.363,1.39,0.72,0.907
877,1U-U-Z1.tif,3.891,7.273,0.924,2.386,567,383,112.62,2.202,1.055,0.948,0.949
878,1U-U-Z1.tif,1.448,4.659,0.839,1.563,653,395,176.634,1.425,1.01,0.99,0.891
879,1U-U-Z1.tif,1.625,4.82,0.879,1.654,493,402,33.69,1.468,1.116,0.896,0.91
880,1U-U-Z1.tif,3.714,12.903,0.28,4.075,616,393,97.765,1.975,2.221,0.45,0.637
881,1U-U-Z1.tif,1.095,3.912,0.899,1.425,275,395,104.931,1.009,1.385,0.722,0.925
882,1U-U-Z1.tif,5.693,13.919,0.369,4.001,440,400,143.393,2.656,1.684,0.594,0.715
883,1U-U-Z1.tif,1.305,6.646,0.371,2.551,345,399,127.694,1.123,3.058,0.327,0.615
884,1U-U-Z1.tif,1.457,6.203,0.476,2.302,670,430,66.501,1.013,2.823,0.354,0.733
885,1U-U-Z1.tif,2.442,5.868,0.891,2.142,695,430,80.134,1.468,1.39,0.719,0.942
886,1U-U-Z1.tif,2.99,6.821,0.808,2.538,723,441,77.471,1.744,1.48,0.676,0.92
887,1U-U-Z1.tif,3.756,11.444,0.36,4.688,793,454,40.236,1.596,3.687,0.271,0.657
888,1U-U-Z1.tif,4.101,9.283,0.598,3.34,534,425,164.055,2.088,1.367,0.732,0.83
889,1U-U-Z1.tif,2.678,6.181,0.881,2.21,593,426,138.366,1.741,1.212,0.825,0.928
890,1U-U-Z1.tif,3.023,6.517,0.895,2.148,414,448,70.017,1.901,1.102,0.908,0.939
891,1U-U-Z1.tif,1.962,6.884,0.52,2.791,924,429,170.538,1.012,3.206,0.312,0.837
892,1U-U-Z1.tif,4.766,10.818,0.512,3.517,460,443,172.504,2.202,1.535,0.652,0.856
893,1U-U-Z1.tif,2.307,6.57,0.672,2.181,339,442,157.751,1.744,1.041,0.96,0.84
894,1U-U-Z1.tif,4.446,9.802,0.582,3.224,430,443,94.899,2.111,1.219,0.82,0.861
895,1U-U-Z1.tif,1.827,6.669,0.516,2.867,236,444,140.194,1.207,2.646,0.378,0.796
896,1U-U-Z1.tif,1.87,7.036,0.475,2.093,591,445,105.255,1.377,1.731,0.578,0.816
897,1U-U-Z1.tif,2.737,6.776,0.749,2.538,723,447,102.529,1.647,1.562,0.64,0.89
898,1U-U-Z1.tif,1.928,7.21,0.466,3.078,927,449,153.435,1.051,3.37,0.297,0.74
899,1U-U-Z1.tif,3.385,9.846,0.439,3.12,293,479,61.928,1.738,1.887,0.53,0.798
900,1U-U-Z1.tif,2.055,5.523,0.847,1.985,640,455,123.69,1.527,1.285,0.778,0.909
901,1U-U-Z1.tif,1.979,5.058,0.972,1.731,478,468,147.995,1.56,1.035,0.966,0.948
902,1U-U-Z1.tif,3.941,7.555,0.868,2.493,620,467,96.34,2.197,1.124,0.89,0.929
903,1U-U-Z1.tif,2.232,8.96,0.349,3.243,915,469,154.885,1.518,2.731,0.366,0.705
904,1U-U-Z1.tif,1.642,5.523,0.677,2.181,371,472,104.621,1.193,1.975,0.506,0.853
905,1U-U-Z1.tif,2.257,7.609,0.49,2.808,260,475,101.31,1.468,2.038,0.491,0.771
906,1U-U-Z1.tif,1.516,4.561,0.916,1.538,356,475,107.354,1.377,1.1,0.909,0.928
907,1U-U-Z1.tif,1.171,3.988,0.925,1.401,404,480,148.392,1.193,1.137,0.88,0.933
908,1U-U-Z1.tif,1.583,6.669,0.447,2.538,463,507,40.601,1.113,2.962,0.338,0.727
909,1U-U-Z1.tif,1.187,4.247,0.827,1.642,494,486,116.565,1.171,1.352,0.74,0.91
910,1U-U-Z1.tif,2.122,5.393,0.917,1.858,571,505,57.095,1.56,1.176,0.85,0.942
911,1U-U-Z1.tif,1.137,4.064,0.865,1.433,399,502,39.806,1.222,1.201,0.833,0.903
912,1U-U-Z1.tif,2.729,7.21,0.66,2.323,651,502,170.91,1.847,1.361,0.735,0.825
913,1U-U-Z1.tif,2.021,10.907,0.214,3.773,282,497,138.945,1.465,3.505,0.285,0.51
914,1U-U-Z1.tif,3.781,7.295,0.893,2.496,597,497,107.103,2.111,1.181,0.847,0.934
915,1U-U-Z1.tif,1.465,4.431,0.938,1.579,352,512,54.462,1.285,1.226,0.816,0.935
916,1U-U-Z1.tif,1.726,5.156,0.816,1.782,486,500,124.509,1.477,1.224,0.817,0.887
917,1U-U-Z1.tif,4.396,8.061,0.85,2.927,407,529,48.814,2.172,1.321,0.757,0.942
918,1U-U-Z1.tif,2.526,8.786,0.411,3.019,693,505,160.463,1.652,2.268,0.441,0.707
919,1U-U-Z1.tif,4.64,8.267,0.853,2.88,443,509,112.479,2.202,1.297,0.771,0.94
920,1U-U-Z1.tif,1.204,4.431,0.771,1.714,749,511,105.524,1.101,1.638,0.61,0.877
921,1U-U-Z1.tif,6.392,11.368,0.621,3.599,623,516,109.359,2.807,1.164,0.859,0.89
922,1U-U-Z1.tif,2.821,9.65,0.381,3.807,312,528,164.624,1.505,3.434,0.291,0.7
923,1U-U-Z1.tif,1.246,4.323,0.838,1.626,648,520,106.39,1.147,1.429,0.7,0.902
924,1U-U-Z1.tif,2.366,5.608,0.945,1.951,579,522,131.186,1.652,1.123,0.89,0.954
925,1U-U-Z1.tif,3.924,8.029,0.765,2.858,512,523,95.528,1.897,1.476,0.678,0.907
926,1U-U-Z1.tif,1.465,4.377,0.961,1.527,478,537,32.735,1.349,1.124,0.889,0.933
927,1U-U-Z1.tif,2.004,5.339,0.883,1.962,724,546,79.216,1.448,1.323,0.756,0.917
928,1U-U-Z1.tif,1.061,4.019,0.825,1.483,527,543,68.199,1.009,1.538,0.65,0.903
929,1U-U-Z1.tif,1.566,5.621,0.623,1.714,808,552,74.476,1.428,1.188,0.842,0.845
930,1U-U-Z1.tif,1.979,6.539,0.582,2.316,657,538,146.31,1.494,1.747,0.572,0.81
931,1U-U-Z1.tif,3.091,6.785,0.844,2.393,546,560,57.529,1.744,1.299,0.77,0.939
932,1U-U-Z1.tif,1.457,4.561,0.88,1.741,582,552,108.435,1.193,1.347,0.742,0.918
933,1U-U-Z1.tif,5.028,8.795,0.817,3.136,425,587,69.444,2.187,1.503,0.666,0.934
934,1U-U-Z1.tif,3.082,9.336,0.444,3.456,689,592,79.287,1.797,1.922,0.52,0.751
935,1U-U-Z1.tif,2.425,8.334,0.439,2.52,363,575,33.111,1.515,1.734,0.577,0.797
936,1U-U-Z1.tif,1.187,3.988,0.938,1.451,612,557,108.435,1.101,1.227,0.815,0.925
937,1U-U-Z1.tif,1.752,5.156,0.828,1.856,738,557,98.531,1.335,1.385,0.722,0.902
938,1U-U-Z1.tif,4.303,8.871,0.687,3.164,407,591,73.142,1.936,1.709,0.585,0.871
939,1U-U-Z1.tif,1.878,5.004,0.943,1.741,641,561,108.435,1.468,1.159,0.863,0.935
940,1U-U-Z1.tif,1.128,6.213,0.367,2.827,472,578,166.866,0.653,5.132,0.195,0.795
941,1U-U-Z1.tif,1.145,3.912,0.941,1.425,380,578,104.931,1.009,1.321,0.757,0.935
942,1U-U-Z1.tif,1.524,5.836,0.562,2.266,717,578,111.371,1.107,2.373,0.421,0.81
943,1U-U-Z1.tif,1.903,5.295,0.853,1.828,321,598,72.474,1.468,1.201,0.833,0.909
944,1U-U-Z1.tif,1.406,4.583,0.841,1.685,503,584,150.642,1.298,1.239,0.807,0.9
945,1U-U-Z1.tif,5.28,10.71,0.578,4.309,744,590,153.435,1.944,2.248,0.445,0.881
946,1U-U-Z1.tif,7.537,11.001,0.783,4.001,468,595,143.393,2.576,1.598,0.626,0.935
947,1U-U-Z1.tif,2.813,6.203,0.919,2.07,532,613,77.196,1.835,1.104,0.906,0.934
948,1U-U-Z1.tif,1.288,4.194,0.921,1.538,608,598,107.354,1.157,1.329,0.753,0.916
949,1U-U-Z1.tif,1.693,4.928,0.876,1.858,556,599,110.225,1.246,1.483,0.674,0.922
950,1U-U-Z1.tif,1.28,4.247,0.892,1.603,577,600,103.241,1.101,1.335,0.749,0.916
951,1U-U-Z1.tif,2.99,6.884,0.793,2.56,701,602,104.534,1.607,1.525,0.656,0.908
952,1U-U-Z1.tif,2.198,7.577,0.481,2.16,422,627,77.735,1.637,1.318,0.759,0.817
953,1U-U-Z1.tif,2.695,6.15,0.895,2.206,328,628,73.072,1.683,1.295,0.772,0.936
954,1U-U-Z1.tif,1.516,4.82,0.82,1.892,458,607,140.906,1.222,1.517,0.659,0.898
955,1U-U-Z1.tif,1.524,8.463,0.267,2.506,940,606,113.749,1.588,2.001,0.5,0.597
956,1U-U-Z1.tif,2.754,6.181,0.906,2.097,626,610,113.199,1.744,1.187,0.842,0.936
957,1U-U-Z1.tif,4.514,7.846,0.921,2.612,463,640,18.435,2.298,1.116,0.896,0.951
958,1U-U-Z1.tif,1.398,4.301,0.95,1.494,527,639,42.51,1.285,1.065,0.939,0.933
959,1U-U-Z1.tif,3.697,7.166,0.905,2.359,430,630,103.496,2.172,1.042,0.96,0.94
960,1U-U-Z1.tif,2.686,7.729,0.565,3.132,591,636,148.173,1.394,2.115,0.473,0.843
961,1U-U-Z1.tif,4.598,13.4,0.322,5.137,901,638,161.241,1.698,4.109,0.243,0.664
962,1U-U-Z1.tif,3.251,10.191,0.393,3.279,518,635,107.928,1.78,1.838,0.544,0.724
963,1U-U-Z1.tif,1.053,3.804,0.914,1.304,495,648,39.289,1.18,1.083,0.924,0.906
964,1U-U-Z1.tif,1.592,7.953,0.316,2.791,711,638,117.408,1.395,2.384,0.42,0.592
965,1U-U-Z1.tif,1.086,3.934,0.882,1.451,733,653,71.565,1.101,1.146,0.873,0.915
966,1U-U-Z1.tif,3.571,7.662,0.764,2.438,548,644,109.799,2.111,1.095,0.914,0.881
967,1U-U-Z1.tif,1.036,5.63,0.411,2.24,593,650,124.992,0.844,3.278,0.305,0.678
968,1U-U-Z1.tif,1.558,4.744,0.87,1.692,743,669,77.471,1.277,1.34,0.747,0.914
969,1U-U-Z1.tif,1.979,5.241,0.905,1.945,357,660,109.29,1.377,1.358,0.736,0.938
970,1U-U-Z1.tif,2.939,10.406,0.341,2.965,442,664,111.801,2.487,1.305,0.766,0.616
971,1U-U-Z1.tif,4.531,9.963,0.574,3.743,387,679,168.69,1.912,1.8,0.555,0.828
972,1U-U-Z1.tif,1.6,5.675,0.624,1.916,677,680,16.699,1.419,1.309,0.764,0.797
973,1U-U-Z1.tif,1.592,4.744,0.889,1.782,510,671,124.509,1.32,1.374,0.728,0.92
974,1U-U-Z1.tif,1.044,3.966,0.834,1.483,326,687,68.199,0.918,1.577,0.634,0.919
975,1U-U-Z1.tif,2.417,7.685,0.514,2.786,583,673,162.759,1.739,1.56,0.641,0.754
976,1U-U-Z1.tif,1.726,7.501,0.386,2.867,762,698,50.194,1.131,2.697,0.371,0.682
977,1U-U-Z1.tif,2.181,8.916,0.345,3.743,915,677,168.69,1.057,4.359,0.229,0.69
978,1U-U-Z1.tif,1.987,5.393,0.859,1.962,345,697,79.216,1.44,1.349,0.741,0.918
979,1U-U-Z1.tif,3.663,7.036,0.93,2.471,470,687,105.068,2.019,1.165,0.858,0.949
980,1U-U-Z1.tif,1.752,5.134,0.835,1.947,390,690,98.13,1.285,1.458,0.686,0.918
981,1U-U-Z1.tif,3.495,9.403,0.497,3.105,701,695,161.03,2.111,1.371,0.729,0.761
982,1U-U-Z1.tif,1.406,4.507,0.87,1.571,435,693,96.71,1.285,1.2,0.833,0.905
983,1U-U-Z1.tif,2.215,5.393,0.957,1.847,674,695,116.565,1.652,1.084,0.922,0.941
984,1U-U-Z1.tif,1.297,4.561,0.784,1.634,410,695,128.157,1.292,1.281,0.78,0.86
985,1U-U-Z1.tif,1.095,4.019,0.852,1.538,299,712,72.646,0.918,1.64,0.61,0.935
986,1U-U-Z1.tif,2.872,6.507,0.852,2.322,352,720,71.565,1.687,1.44,0.695,0.927
987,1U-U-Z1.tif,1.154,3.988,0.912,1.425,550,697,104.931,1.101,1.301,0.769,0.919
988,1U-U-Z1.tif,2.198,5.966,0.776,2.07,612,702,102.804,1.539,1.372,0.729,0.873
989,1U-U-Z2.tif,2.889,6.749,0.797,2.049,876,55,46.364,1.939,1.017,0.984,0.944
990,1U-U-Z2.tif,0.948,3.789,0.829,1.32,157,48,160.145,1.075,1.081,0.925,0.933
991,1U-U-Z2.tif,1.134,5.161,0.535,1.946,32,46,97.125,0.996,2.33,0.429,0.834
992,1U-U-Z2.tif,0.864,4.495,0.538,1.499,715,109,66.975,0.858,1.995,0.501,0.787
993,1U-U-Z2.tif,2.21,5.526,0.909,1.781,913,120,75.426,1.621,1.045,0.957,0.972
994,1U-U-Z2.tif,5.002,8.592,0.851,3.003,58,162,55.763,2.238,1.348,0.742,0.968
995,1U-U-Z2.tif,1.434,4.751,0.798,1.639,309,112,98.471,1.226,1.371,0.729,0.932
996,1U-U-Z2.tif,3.452,7.837,0.706,2.571,953,125,96.934,1.897,1.31,0.763,0.932
997,1U-U-Z2.tif,1.323,4.447,0.841,1.573,575,129,127.875,1.126,1.432,0.698,0.948
998,1U-U-Z2.tif,2.444,6.656,0.693,1.992,227,181,66.541,1.678,1.17,0.855,0.934
999,1U-U-Z2.tif,1.284,4.336,0.858,1.476,729,141,142.595,1.207,1.129,0.886,0.955
1000,1U-U-Z2.tif,1.527,4.78,0.84,1.691,693,184,69.717,1.241,1.322,0.757,0.955
1001,1U-U-Z2.tif,1.322,4.817,0.716,1.621,480,182,156.161,1.117,1.49,0.671,0.9
1002,1U-U-Z2.tif,4.175,8.312,0.759,2.628,708,231,38.073,2.171,1.206,0.829,0.942
1003,1U-U-Z2.tif,4.347,8.93,0.685,2.917,456,266,83.211,2.21,1.251,0.8,0.94
1004,1U-U-Z2.tif,3.52,7.565,0.773,2.802,345,259,55.528,1.769,1.603,0.624,0.94
1005,1U-U-Z2.tif,1.287,4.312,0.869,1.513,907,196,114.228,1.163,1.276,0.784,0.958
1006,1U-U-Z2.tif,4.162,11.874,0.371,3.282,501,298,58.314,2.06,1.562,0.64,0.814
1007,1U-U-Z2.tif,0.704,3.37,0.779,1.313,312,226,103.671,0.754,1.783,0.561,0.937
1008,1U-U-Z2.tif,1.848,5.466,0.777,1.78,799,284,81.085,1.373,1.353,0.739,0.944
1009,1U-U-Z2.tif,1.321,4.662,0.764,1.562,853,236,112.036,1.138,1.296,0.772,0.937
1010,1U-U-Z2.tif,3.187,7.045,0.807,2.251,348,283,174.726,1.935,1.163,0.86,0.948
1011,1U-U-Z2.tif,1.337,4.381,0.875,1.542,914,325,79.695,1.138,1.37,0.73,0.959
1012,1U-U-Z2.tif,5.464,8.897,0.867,2.785,434,350,31.329,2.611,1.018,0.982,0.968
1013,1U-U-Z2.tif,2.007,5.421,0.858,1.828,569,335,58.109,1.418,1.312,0.762,0.961
1014,1U-U-Z2.tif,1.883,9.305,0.273,2.701,644,336,14.036,1.369,2.496,0.401,0.634
1015,1U-U-Z2.tif,1.2,5.479,0.502,1.836,821,327,5.389,1.107,1.764,0.567,0.809
1016,1U-U-Z2.tif,3.703,9.612,0.504,2.629,232,313,94.514,1.945,1.348,0.742,0.933
1017,1U-U-Z2.tif,1.063,8.17,0.2,2.468,174,322,123.024,1.437,2.079,0.481,0.502
1018,1U-U-Z2.tif,3.667,7.282,0.869,2.464,865,400,83.571,2.078,1.141,0.877,0.961
1019,1U-U-Z2.tif,1.102,5.23,0.506,1.757,655,354,15.945,1.027,1.98,0.505,0.769
1020,1U-U-Z2.tif,1.615,5.449,0.683,1.744,756,413,65.462,1.345,1.204,0.831,0.902
1021,1U-U-Z2.tif,1.667,6.006,0.581,2.021,407,372,115.253,1.3,1.498,0.668,0.88
1022,1U-U-Z2.tif,1.442,5.141,0.686,1.693,906,382,93.504,1.306,1.153,0.867,0.897
1023,1U-U-Z2.tif,3.898,7.382,0.899,2.368,658,449,73.94,2.138,1.077,0.928,0.974
1024,1U-U-Z2.tif,0.862,3.68,0.8,1.364,400,407,106.144,0.88,1.6,0.625,0.942
1025,1U-U-Z2.tif,1.176,8.537,0.203,2.487,70,425,123.69,1.224,3.074,0.325,0.519
1026,1U-U-Z2.tif,1.004,3.793,0.877,1.265,590,475,72.553,1.099,1.149,0.87,0.953
1027,1U-U-Z2.tif,2.524,6.164,0.835,2.171,992,509,79.939,1.548,1.403,0.713,0.957
1028,1U-U-Z2.tif,0.879,4.825,0.474,1.558,893,454,95.08,0.984,1.658,0.603,0.809
1029,1U-U-Z2.tif,0.994,4.645,0.579,1.311,385,507,54.638,1.062,1.134,0.882,0.908
1030,1U-U-Z2.tif,2.024,5.483,0.846,1.836,796,473,95.389,1.513,1.22,0.819,0.956
1031,1U-U-Z2.tif,0.815,3.537,0.818,1.309,930,511,71.565,0.83,1.615,0.619,0.938
1032,1U-U-Z2.tif,3.663,7.824,0.752,2.459,588,531,14.621,2.038,1.037,0.964,0.931
1033,1U-U-Z2.tif,0.849,5.942,0.302,1.946,663,502,7.125,0.763,3.427,0.292,0.704
1034,1U-U-Z2.tif,2.737,7.341,0.638,2.268,725,496,134.384,1.791,1.183,0.845,0.905
1035,1U-U-Z2.tif,2.458,11.258,0.244,2.107,249,557,68.895,1.932,1.119,0.893,0.788
1036,1U-U-Z2.tif,3.68,9.237,0.542,2.77,365,548,18.886,2.166,1.068,0.936,0.862
1037,1U-U-Z2.tif,0.946,4.06,0.722,1.461,445,529,109.29,0.881,1.752,0.571,0.9
1038,1U-U-Z2.tif,1.001,4.801,0.546,1.455,815,570,76.293,1.115,1.287,0.777,0.884
1039,1U-U-Z2.tif,4.352,14.916,0.246,3.348,292,530,101.889,2.099,1.491,0.671,0.769
1040,1U-U-Z2.tif,1.949,5.234,0.894,1.685,54,538,120.763,1.517,1.096,0.912,0.968
1041,1U-U-Z2.tif,0.727,3.204,0.889,1.157,180,578,79.695,0.828,1.361,0.735,0.95
1042,1U-U-Z2.tif,0.788,3.537,0.792,1.213,710,558,165.174,0.966,1.359,0.736,0.934
1043,1U-U-Z2.tif,0.836,5.832,0.309,2.209,91,552,145.814,0.631,4.146,0.241,0.755
1044,1U-U-Z2.tif,2.081,7.919,0.417,2.024,860,569,98.82,1.542,1.265,0.791,0.854
1045,1U-U-Z2.tif,1.015,4.068,0.771,1.447,709,583,167.619,1,1.286,0.777,0.933
1046,1U-U-Z2.tif,0.957,3.695,0.881,1.246,214,617,41.634,1.055,1.16,0.862,0.949
1047,1U-U-Z2.tif,0.805,3.419,0.865,1.119,60,623,56.31,1.011,1.12,0.893,0.929
1048,1U-U-Z2.tif,2.102,5.97,0.741,1.874,435,650,77.242,1.607,1.126,0.888,0.939
1049,1U-U-Z2.tif,3.888,7.423,0.887,2.404,793,610,98.246,2.172,1.087,0.92,0.97
1050,1U-U-Z2.tif,1.65,9.462,0.232,2.623,111,616,118.25,1.2,2.327,0.43,0.679
1051,1U-U-Z2.tif,1.523,4.625,0.895,1.515,90,672,78.179,1.322,1.129,0.886,0.963
1052,1U-U-Z2.tif,1.206,4.272,0.83,1.395,228,635,129.987,1.18,1.153,0.867,0.943
1053,1U-U-Z2.tif,0.913,5.449,0.386,1.884,814,695,55.437,0.889,2.327,0.43,0.74
1054,1U-U-Z2.tif,1.193,4.946,0.613,1.634,453,666,134.145,1.247,1.354,0.739,0.842
1055,1U-U-Z2.tif,1.924,8.914,0.304,1.854,675,712,71.565,1.604,1.19,0.84,0.832
1056,1U-U-Z2.tif,1.151,4.581,0.689,1.497,215,708,75.324,1.181,1.318,0.759,0.858
1057,1U-U-Z2.tif,2.259,8.902,0.358,2.28,882,699,176.532,1.552,1.486,0.673,0.805
1058,1U-U-Z2.tif,0.988,4.521,0.608,1.32,530,711,56.725,1.069,1.169,0.855,0.909
1059,1U-U-Z3.tif,5.721,13.85,0.375,2.938,311,309,29.778,2.611,1.125,0.889,0.942
1060,1U-U-Z3.tif,2.097,6.907,0.552,1.94,673,283,71.565,1.434,1.368,0.731,0.94
1061,1U-U-Z3.tif,0.916,7.349,0.213,1.71,877,334,23.499,1.091,1.977,0.506,0.622
1062,1U-U-Z3.tif,1.645,7.607,0.357,2.251,287,361,96.608,1.234,1.513,0.661,0.854
1063,1U-U-Z3.tif,3.971,7.781,0.824,2.416,875,563,73.61,2.114,1.135,0.881,0.979
1064,1U-U-Z3.tif,1.022,5.151,0.484,1.482,229,451,104.931,0.993,1.515,0.66,0.927
1065,1U-U-Z3.tif,0.947,3.812,0.819,1.212,705,623,72.992,1.077,1.097,0.912,0.959
1066,1U-U-Z3.tif,0.874,5.793,0.327,1.271,194,617,125.395,1.077,1.042,0.96,0.865
1067,1D-C-Z1.tif,1.027,3.88,0.857,1.513,303,26,75.964,0.985,1.533,0.652,0.904
1068,1D-C-Z1.tif,4.084,7.586,0.892,2.761,383,41,74.578,2.019,1.342,0.745,0.95
1069,1D-C-Z1.tif,2.038,5.317,0.906,1.916,551,33,73.301,1.468,1.192,0.839,0.933
1070,1D-C-Z1.tif,2.922,6.441,0.885,2.323,721,14,99.09,1.652,1.374,0.728,0.947
1071,1D-C-Z1.tif,2.526,10.419,0.292,2.414,696,15,98.746,2.037,1.189,0.841,0.705
1072,1D-C-Z1.tif,2.636,7.013,0.673,2.538,520,35,40.601,1.806,1.448,0.691,0.847
1073,1D-C-Z1.tif,3.091,6.798,0.84,2.34,617,33,11.31,1.952,1.077,0.928,0.912
1074,1D-C-Z1.tif,1.701,4.767,0.941,1.634,585,41,38.157,1.428,1.128,0.886,0.929
1075,1D-C-Z1.tif,1.608,4.637,0.94,1.634,459,48,38.157,1.363,1.187,0.842,0.929
1076,1D-C-Z1.tif,5.112,8.495,0.89,2.916,680,36,102.724,2.462,1.18,0.847,0.948
1077,1D-C-Z1.tif,1.398,4.355,0.926,1.538,755,40,107.354,1.193,1.246,0.803,0.938
1078,1D-C-Z1.tif,2.173,6.02,0.753,2.352,953,42,110.556,1.518,1.491,0.671,0.863
1079,1D-C-Z1.tif,2.147,5.966,0.758,2.235,621,52,109.179,1.551,1.469,0.681,0.895
1080,1D-C-Z1.tif,1.684,4.959,0.861,1.822,377,55,139.086,1.251,1.356,0.738,0.922
1081,1D-C-Z1.tif,1.238,6.83,0.333,2.649,423,65,14.036,0.987,3.531,0.283,0.607
1082,1D-C-Z1.tif,2.535,7.457,0.573,2.56,479,56,104.534,1.53,1.869,0.535,0.817
1083,1D-C-Z1.tif,1.752,5.21,0.811,1.91,460,65,125.218,1.363,1.471,0.68,0.9
1084,1D-C-Z1.tif,3.823,7.219,0.922,2.382,594,93,74.358,2.202,1.019,0.981,0.947
1085,1D-C-Z1.tif,1.39,4.377,0.911,1.654,637,85,70.56,1.193,1.327,0.754,0.93
1086,1D-C-Z1.tif,2.602,6.906,0.686,2.352,428,96,69.444,1.618,1.476,0.677,0.864
1087,1D-C-Z1.tif,1.263,4.247,0.88,1.483,376,82,21.801,1.272,1.194,0.838,0.909
1088,1D-C-Z1.tif,1.87,5.21,0.866,1.858,452,77,110.225,1.364,1.371,0.729,0.915
1089,1D-C-Z1.tif,2.383,5.738,0.91,2.062,673,102,69.146,1.56,1.293,0.774,0.942
1090,1D-C-Z1.tif,1.246,4.118,0.924,1.48,718,83,97.125,1.101,1.251,0.799,0.925
1091,1D-C-Z1.tif,1.566,4.82,0.847,1.692,400,84,102.529,1.377,1.303,0.767,0.901
1092,1D-C-Z1.tif,4.261,11.109,0.434,4.104,955,85,100.305,1.652,2.782,0.359,0.81
1093,1D-C-Z1.tif,1.162,3.988,0.918,1.401,795,93,121.608,1.17,1.158,0.864,0.914
1094,1D-C-Z1.tif,3.419,7.89,0.69,3.126,369,130,86.634,1.808,1.697,0.589,0.873
1095,1D-C-Z1.tif,1.785,10.571,0.201,4.008,873,97,164.055,1.46,3.162,0.316,0.42
1096,1D-C-Z1.tif,3.183,8.893,0.506,3.03,592,126,35.134,1.946,1.677,0.596,0.753
1097,1D-C-Z1.tif,1.011,3.912,0.83,1.401,498,120,58.392,1.009,1.311,0.763,0.906
1098,1D-C-Z1.tif,2.459,6.418,0.75,2.496,695,134,72.897,1.377,1.536,0.651,0.924
1099,1D-C-Z1.tif,1.608,5.004,0.807,1.951,557,113,138.814,1.272,1.477,0.677,0.903
1100,1D-C-Z1.tif,1.752,4.928,0.906,1.872,713,111,101.31,1.193,1.509,0.663,0.943
1101,1D-C-Z1.tif,2.097,5.425,0.895,1.964,512,135,52.595,1.422,1.375,0.727,0.94
1102,1D-C-Z1.tif,1.314,4.225,0.925,1.579,734,131,54.462,1.101,1.397,0.716,0.937
1103,1D-C-Z1.tif,2.451,5.966,0.865,2.142,489,119,99.866,1.601,1.323,0.756,0.93
1104,1D-C-Z1.tif,5.171,8.808,0.838,3.116,547,156,76.373,2.415,1.367,0.731,0.913
1105,1D-C-Z1.tif,2.779,6.365,0.862,2.294,447,125,106.26,1.652,1.361,0.735,0.935
1106,1D-C-Z1.tif,1.39,4.355,0.921,1.605,308,128,120.964,1.285,1.195,0.837,0.932
1107,1D-C-Z1.tif,2.19,5.447,0.927,1.981,336,130,103.392,1.468,1.34,0.746,0.942
1108,1D-C-Z1.tif,9.626,22.885,0.231,7.841,910,133,124.992,3.872,2.657,0.376,0.492
1109,1D-C-Z1.tif,2.215,6.409,0.678,2.551,558,164,52.306,1.273,2.124,0.471,0.871
1110,1D-C-Z1.tif,1.491,6.767,0.409,2.796,385,145,156.801,1.196,2.243,0.446,0.664
1111,1D-C-Z1.tif,3.596,7.586,0.785,2.88,640,162,30.651,1.824,1.684,0.594,0.921
1112,1D-C-Z1.tif,2.754,7.447,0.624,2.323,739,173,80.91,1.741,1.304,0.767,0.869
1113,1D-C-Z1.tif,2.712,6.548,0.795,2.393,284,152,122.471,1.56,1.46,0.685,0.908
1114,1D-C-Z1.tif,1.373,4.431,0.879,1.714,684,169,74.476,1.09,1.606,0.623,0.916
1115,1D-C-Z1.tif,1.853,5.004,0.93,1.741,314,154,108.435,1.468,1.187,0.842,0.932
1116,1D-C-Z1.tif,3.04,6.57,0.885,2.323,490,158,99.09,1.744,1.293,0.773,0.939
1117,1D-C-Z1.tif,1.406,4.82,0.761,1.858,659,175,57.095,1.156,1.584,0.631,0.898
1118,1D-C-Z1.tif,1.297,4.194,0.927,1.433,539,174,129.806,1.272,1.103,0.907,0.922
1119,1D-C-Z1.tif,2.392,5.859,0.876,1.947,415,182,171.87,1.719,1.055,0.948,0.924
1120,1D-C-Z1.tif,1.019,3.675,0.948,1.278,287,181,158.962,1.101,1.077,0.929,0.924
1121,1D-C-Z1.tif,2.063,5.501,0.857,2.031,708,202,71.565,1.448,1.465,0.683,0.925
1122,1D-C-Z1.tif,2.602,6.02,0.902,2.093,565,208,74.745,1.724,1.23,0.813,0.935
1123,1D-C-Z1.tif,1.794,5.004,0.9,1.892,533,188,104.036,1.285,1.317,0.759,0.934
1124,1D-C-Z1.tif,1.592,4.614,0.939,1.626,471,210,73.61,1.285,1.196,0.836,0.933
1125,1D-C-Z1.tif,1.044,5.706,0.403,2.21,792,212,48.366,0.942,2.996,0.334,0.672
1126,1D-C-Z1.tif,1.272,5.76,0.482,1.634,347,195,128.157,1.382,1.219,0.821,0.749
1127,1D-C-Z1.tif,1.524,4.722,0.859,1.808,601,195,113.962,1.193,1.493,0.67,0.921
1128,1D-C-Z1.tif,1.204,4.171,0.87,1.579,653,195,125.538,1.101,1.408,0.71,0.914
1129,1D-C-Z1.tif,1.406,5.814,0.523,1.916,575,208,163.301,1.43,1.486,0.673,0.725
1130,1D-C-Z1.tif,1.019,3.621,0.977,1.323,492,212,56.31,1.101,1.205,0.83,0.931
1131,1D-C-Z1.tif,3.377,7.738,0.709,2.827,721,227,54.246,1.947,1.362,0.734,0.901
1132,1D-C-Z1.tif,1.297,4.171,0.937,1.538,750,212,107.354,1.101,1.332,0.751,0.936
1133,1D-C-Z1.tif,2.004,7.036,0.509,2.368,574,214,144.462,1.566,1.732,0.577,0.701
1134,1D-C-Z1.tif,4.657,11.964,0.409,4.557,937,217,115.017,1.81,2.716,0.368,0.783
1135,1D-C-Z1.tif,1.011,3.751,0.903,1.336,690,222,105.945,1.067,1.249,0.801,0.899
1136,1D-C-Z1.tif,1.667,9.52,0.231,3.973,164,224,96.633,1.013,5.175,0.193,0.578
1137,1D-C-Z1.tif,4.312,7.716,0.91,2.738,514,225,103.57,2.111,1.25,0.8,0.953
1138,1D-C-Z1.tif,1.061,3.782,0.932,1.398,550,246,66.801,1.009,1.265,0.791,0.937
1139,1D-C-Z1.tif,2.358,5.868,0.861,2.062,647,253,57.724,1.652,1.19,0.841,0.924
1140,1D-C-Z1.tif,3.369,6.937,0.88,2.386,412,267,67.38,1.908,1.267,0.789,0.933
1141,1D-C-Z1.tif,1.962,5.21,0.909,1.892,679,264,75.964,1.468,1.289,0.776,0.928
1142,1D-C-Z1.tif,1.398,4.82,0.756,1.753,573,252,173.991,1.219,1.245,0.803,0.871
1143,1D-C-Z1.tif,1.625,4.691,0.928,1.692,330,267,77.471,1.285,1.293,0.773,0.93
1144,1D-C-Z1.tif,3.301,6.906,0.87,2.496,609,275,72.897,1.835,1.357,0.737,0.941
1145,1D-C-Z1.tif,1.053,5.782,0.396,2.031,424,278,71.565,1.097,2.186,0.458,0.602
1146,1D-C-Z1.tif,1.491,4.767,0.824,1.741,499,266,18.435,1.285,1.307,0.765,0.905
1147,1D-C-Z1.tif,1.019,3.675,0.948,1.314,657,257,114.775,1.101,1.156,0.865,0.917
1148,1D-C-Z1.tif,1.785,5.241,0.817,2.062,595,263,110.854,1.219,1.712,0.584,0.928
1149,1D-C-Z1.tif,6.198,9.704,0.827,3.268,515,267,128.157,2.66,1.264,0.791,0.937
1150,1D-C-Z1.tif,1.785,6.441,0.541,1.964,448,268,127.405,1.377,1.407,0.711,0.823
1151,1D-C-Z1.tif,5.87,18.319,0.22,6.187,900,279,159.146,3.133,2.505,0.399,0.515
1152,1D-C-Z1.tif,2.173,5.684,0.845,2.113,489,278,124.38,1.56,1.284,0.779,0.923
1153,1D-C-Z1.tif,1.617,8.052,0.313,3.228,639,293,14.826,1.167,3.843,0.26,0.608
1154,1D-C-Z1.tif,2.863,6.951,0.745,2.43,398,300,10.886,1.764,1.254,0.797,0.87
1155,1D-C-Z1.tif,1.179,4.01,0.921,1.513,715,290,104.036,1.101,1.342,0.745,0.918
1156,1D-C-Z1.tif,1.575,5.08,0.767,1.892,476,313,75.964,1.149,1.701,0.588,0.87
1157,1D-C-Z1.tif,4.505,7.9,0.907,2.791,562,295,99.462,2.111,1.286,0.778,0.953
1158,1D-C-Z1.tif,2.569,5.912,0.923,2.142,673,296,99.866,1.652,1.217,0.822,0.943
1159,1D-C-Z1.tif,2.4,5.89,0.869,1.981,330,298,103.392,1.683,1.107,0.904,0.924
1160,1D-C-Z1.tif,1.314,4.118,0.974,1.538,647,303,107.354,1.101,1.29,0.775,0.945
1161,1D-C-Z1.tif,2.644,6.203,0.864,2.27,432,328,75.964,1.652,1.394,0.717,0.932
1162,1D-C-Z1.tif,3.192,6.785,0.871,2.34,611,306,138.18,1.927,1.064,0.94,0.942
1163,1D-C-Z1.tif,1.356,4.82,0.733,1.858,452,322,32.905,1.19,1.755,0.57,0.839
1164,1D-C-Z1.tif,3.006,8.992,0.467,2.938,761,343,75.53,1.744,1.637,0.611,0.785
1165,1D-C-Z1.tif,2.072,5.966,0.731,2.393,419,316,94.399,1.377,1.703,0.587,0.888
1166,1D-C-Z1.tif,2.661,9.466,0.373,2.996,905,319,139.97,1.639,1.767,0.566,0.662
1167,1D-C-Z1.tif,4.034,7.533,0.893,2.738,455,343,50.44,2.012,1.356,0.738,0.946
1168,1D-C-Z1.tif,4.438,12.451,0.36,3.366,952,356,78.996,2.776,1.082,0.924,0.664
1169,1D-C-Z1.tif,2.897,6.678,0.816,2.386,508,345,67.38,1.835,1.29,0.775,0.919
1170,1D-C-Z1.tif,1.76,4.874,0.931,1.692,577,347,49.399,1.468,1.097,0.912,0.931
1171,1D-C-Z1.tif,2.08,5.792,0.779,2.142,645,332,99.866,1.305,1.742,0.574,0.903
1172,1D-C-Z1.tif,1.322,4.301,0.898,1.584,673,335,100.008,1.101,1.422,0.703,0.921
1173,1D-C-Z1.tif,1.061,3.751,0.948,1.304,364,338,140.711,1.149,1.088,0.919,0.916
1174,1D-C-Z1.tif,2.046,6.874,0.544,2.013,277,347,155.772,1.731,1.254,0.797,0.797
1175,1D-C-Z1.tif,1.886,6.096,0.638,2.038,511,353,35.838,1.458,1.393,0.718,0.841
1176,1D-C-Z1.tif,1.272,4.713,0.719,1.763,621,344,141.34,1.135,1.768,0.566,0.827
1177,1D-C-Z1.tif,3.411,6.937,0.891,2.316,453,366,33.69,1.927,1.108,0.903,0.946
1178,1D-C-Z1.tif,1.381,4.561,0.834,1.687,737,369,67.62,1.19,1.45,0.69,0.916
1179,1D-C-Z1.tif,1.642,6.593,0.475,2.323,706,353,99.09,1.179,2.153,0.464,0.753
1180,1D-C-Z1.tif,3.453,6.861,0.922,2.294,579,379,53.13,2.019,1.05,0.952,0.953
1181,1D-C-Z1.tif,4.169,7.792,0.863,2.916,482,388,65.854,2.052,1.436,0.696,0.943
1182,1D-C-Z1.tif,2.526,5.89,0.915,2.142,753,382,80.134,1.56,1.343,0.745,0.942
1183,1D-C-Z1.tif,2.324,6.15,0.772,2.093,641,388,74.745,1.629,1.18,0.847,0.89
1184,1D-C-Z1.tif,1.171,4.171,0.845,1.626,692,366,106.39,0.996,1.659,0.603,0.917
1185,1D-C-Z1.tif,2.232,5.545,0.912,1.947,420,373,98.13,1.636,1.195,0.837,0.928
1186,1D-C-Z1.tif,3.293,6.937,0.86,2.672,547,377,105.945,1.652,1.606,0.623,0.946
1187,1D-C-Z1.tif,5.701,9.131,0.859,3.405,518,380,104.036,2.112,1.592,0.628,0.956
1188,1D-C-Z1.tif,3.267,6.646,0.929,2.181,604,404,75.379,2.019,1.019,0.981,0.949
1189,1D-C-Z1.tif,3.722,7.586,0.813,2.675,499,419,84.094,1.981,1.341,0.746,0.924
1190,1D-C-Z1.tif,1.811,5.263,0.821,1.845,622,401,174.289,1.468,1.163,0.86,0.898
1191,1D-C-Z1.tif,1.406,6.279,0.448,2.07,315,419,77.196,1.285,1.777,0.563,0.671
1192,1D-C-Z1.tif,3.806,10.72,0.416,4.23,698,403,167.471,1.624,3.041,0.329,0.734
1193,1D-C-Z1.tif,1.71,5.393,0.739,2.15,606,421,50.194,1.204,1.828,0.547,0.904
1194,1D-C-Z1.tif,1.76,4.874,0.931,1.654,575,409,109.44,1.446,1.129,0.886,0.929
1195,1D-C-Z1.tif,1.061,3.827,0.911,1.425,761,427,75.069,1.067,1.304,0.767,0.906
1196,1D-C-Z1.tif,2.467,9.112,0.373,3.512,473,420,146.725,1.251,3.369,0.297,0.735
1197,1D-C-Z1.tif,1.179,4.377,0.773,1.692,622,430,40.601,1.094,1.568,0.638,0.881
1198,1D-C-Z1.tif,1.179,4.691,0.673,1.892,328,444,75.964,0.972,1.985,0.504,0.851
1199,1D-C-Z1.tif,3.234,6.884,0.858,2.56,393,430,104.534,1.72,1.53,0.653,0.94
1200,1D-C-Z1.tif,2.206,5.447,0.935,1.858,520,449,69.775,1.642,1.114,0.897,0.942
1201,1D-C-Z1.tif,1.011,3.76,0.898,1.436,341,445,63.435,0.918,1.445,0.692,0.941
1202,1D-C-Z1.tif,2.375,5.769,0.897,2.038,538,451,35.838,1.652,1.126,0.888,0.938
1203,1D-C-Z1.tif,2.518,5.975,0.886,2.093,475,436,105.255,1.56,1.268,0.788,0.94
1204,1D-C-Z1.tif,1.794,5.058,0.881,1.782,733,455,78.111,1.35,1.292,0.774,0.924
1205,1D-C-Z1.tif,3.402,6.991,0.875,2.496,373,464,72.897,1.835,1.351,0.74,0.946
1206,1D-C-Z1.tif,1.255,7.662,0.269,3.275,589,450,11.31,0.972,4.388,0.228,0.51
1207,1D-C-Z1.tif,2.653,6.15,0.881,2.25,680,463,78.232,1.647,1.396,0.716,0.933
1208,1D-C-Z1.tif,2.206,5.501,0.916,1.981,702,468,76.608,1.468,1.311,0.763,0.941
1209,1D-C-Z1.tif,3.082,10.625,0.343,2.43,506,479,79.114,2.097,1.26,0.794,0.775
1210,1D-C-Z1.tif,2.257,5.63,0.895,2.062,554,476,57.724,1.518,1.346,0.743,0.937
1211,1D-C-Z1.tif,2.358,5.684,0.917,1.945,528,464,109.29,1.652,1.146,0.873,0.938
1212,1D-C-Z1.tif,1.339,4.431,0.857,1.714,737,492,74.476,1.101,1.558,0.642,0.919
1213,1D-C-Z1.tif,3.773,7.273,0.896,2.56,644,504,75.466,2.019,1.235,0.81,0.942
1214,1D-C-Z1.tif,1.002,3.751,0.895,1.323,608,490,33.69,1.059,1.247,0.802,0.902
1215,1D-C-Z1.tif,1.903,5.187,0.889,1.835,673,500,53.13,1.517,1.174,0.852,0.934
1216,1D-C-Z1.tif,3.225,6.722,0.897,2.294,488,509,73.74,2.011,1.122,0.891,0.941
1217,1D-C-Z1.tif,1.078,3.858,0.91,1.494,292,502,79.38,0.918,1.507,0.664,0.938
1218,1D-C-Z1.tif,1.339,4.355,0.887,1.538,417,486,107.354,1.193,1.312,0.762,0.922
1219,1D-C-Z1.tif,3.04,6.517,0.9,2.27,617,513,75.964,1.835,1.149,0.871,0.943
1220,1D-C-Z1.tif,1.347,5.653,0.53,1.714,521,494,164.476,1.237,1.512,0.662,0.784
1221,1D-C-Z1.tif,2.619,6.127,0.877,2.25,401,515,78.232,1.56,1.399,0.715,0.941
1222,1D-C-Z1.tif,2.72,10.106,0.335,2.586,944,498,117.474,2.076,1.23,0.813,0.72
1223,1D-C-Z1.tif,1.272,4.225,0.895,1.451,358,503,145.305,1.231,1.128,0.886,0.926
1224,1D-C-Z1.tif,1.179,4.118,0.874,1.451,677,511,34.695,1.108,1.314,0.761,0.912
1225,1D-C-Z1.tif,3.613,10.03,0.451,3.599,592,507,109.359,1.431,2.894,0.346,0.825
1226,1D-C-Z1.tif,3.31,6.906,0.872,2.393,516,511,147.529,1.927,1.197,0.835,0.944
1227,1D-C-Z1.tif,1.592,6.096,0.538,1.782,710,523,34.509,1.572,1.032,0.969,0.784
1228,1D-C-Z1.tif,2.855,10.979,0.298,3.384,931,513,130.601,2.147,1.685,0.593,0.584
1229,1D-C-Z1.tif,1.331,4.194,0.951,1.48,428,524,29.745,1.272,1.143,0.875,0.929
1230,1D-C-Z1.tif,1.617,4.959,0.826,1.872,324,520,101.31,1.101,1.614,0.62,0.937
1231,1D-C-Z1.tif,2.459,6.074,0.838,2.093,571,524,127.875,1.625,1.284,0.779,0.931
1232,1D-C-Z1.tif,1.819,5.187,0.849,1.981,338,545,76.608,1.259,1.6,0.625,0.923
1233,1D-C-Z1.tif,2.872,6.333,0.9,2.181,681,531,112.249,1.888,1.11,0.901,0.933
1234,1D-C-Z1.tif,2.392,7.814,0.492,2.802,515,537,121.608,1.309,2.431,0.411,0.767
1235,1D-C-Z1.tif,1.625,6.982,0.419,2.119,707,537,107.65,1.426,1.809,0.553,0.697
1236,1D-C-Z1.tif,1.575,4.668,0.908,1.692,355,543,102.529,1.193,1.379,0.725,0.93
1237,1D-C-Z1.tif,3.444,10.008,0.432,2.672,662,546,105.945,2.106,1.275,0.784,0.809
1238,1D-C-Z1.tif,1.12,3.804,0.973,1.364,338,550,109.654,1.101,1.177,0.85,0.933
1239,1D-C-Z1.tif,1.398,5.998,0.488,1.945,725,588,70.71,1.193,1.536,0.651,0.776
1240,1D-C-Z1.tif,1.684,4.928,0.872,1.741,446,571,108.435,1.37,1.318,0.759,0.924
1241,1D-C-Z1.tif,1.221,4.064,0.929,1.603,316,573,113.629,1.101,1.503,0.665,0.942
1242,1D-C-Z1.tif,1.516,6.279,0.483,2.423,677,577,142.696,1.126,2.683,0.373,0.723
1243,1D-C-Z1.tif,2.981,9.856,0.386,3.051,549,613,68.839,1.622,2.301,0.435,0.743
1244,1D-C-Z1.tif,2.206,5.716,0.849,2.148,396,610,70.017,1.377,1.538,0.65,0.942
1245,1D-C-Z1.tif,1.263,4.614,0.745,1.856,411,609,81.469,0.918,2.113,0.473,0.893
1246,1D-C-Z1.tif,2.383,5.706,0.92,1.945,672,591,109.29,1.683,1.147,0.872,0.936
1247,1D-C-Z1.tif,1.844,5.08,0.898,1.782,440,611,55.491,1.425,1.28,0.781,0.928
1248,1D-C-Z1.tif,2.392,5.76,0.906,2.07,349,596,102.804,1.56,1.276,0.784,0.937
1249,1D-C-Z1.tif,2.383,5.814,0.886,2.097,585,620,66.801,1.608,1.276,0.784,0.926
1250,1D-C-Z1.tif,2.467,6.928,0.646,2.625,451,622,36.469,1.395,2.093,0.478,0.843
1251,1D-C-Z1.tif,3.36,6.754,0.926,2.322,629,636,71.565,1.927,1.176,0.85,0.948
1252,1D-C-Z1.tif,1.002,3.675,0.933,1.275,407,620,120.256,1.101,1.063,0.941,0.912
1253,1D-C-Z1.tif,2.484,5.836,0.917,2.148,540,633,19.983,1.642,1.317,0.76,0.944
1254,1D-C-Z1.tif,3.587,7.036,0.911,2.449,595,651,77.005,2.019,1.164,0.859,0.942
1255,1D-C-Z1.tif,1.482,4.614,0.875,1.692,356,645,77.471,1.193,1.364,0.733,0.924
1256,1D-C-Z1.tif,1.204,4.194,0.86,1.642,455,629,153.435,1.067,1.651,0.606,0.888
1257,1D-C-Z1.tif,1.937,5.134,0.924,1.763,484,645,51.34,1.557,1.116,0.896,0.927
1258,1D-C-Z1.tif,1.583,4.928,0.819,1.892,633,646,39.094,1.261,1.56,0.641,0.917
1259,1D-C-Z1.tif,2.703,6.074,0.921,2.181,664,657,75.379,1.652,1.311,0.763,0.947
1260,1D-C-Z1.tif,1.516,5.004,0.761,1.765,699,634,117.897,1.267,1.437,0.696,0.893
1261,1D-C-Z1.tif,2.19,8.539,0.377,2.738,596,660,39.56,1.298,2.367,0.422,0.728
1262,1D-C-Z1.tif,2.291,5.653,0.901,2.038,398,643,97.765,1.56,1.311,0.763,0.927
1263,1D-C-Z1.tif,1.373,4.874,0.726,1.962,300,644,100.784,1.101,1.645,0.608,0.874
1264,1D-C-Z1.tif,1.785,5.111,0.859,1.892,380,664,75.964,1.237,1.551,0.645,0.926
1265,1D-C-Z1.tif,1.651,4.843,0.885,1.782,550,648,101.889,1.35,1.309,0.764,0.91
1266,1D-C-Z1.tif,4.809,8.441,0.848,2.797,492,673,41.009,2.401,1.146,0.872,0.926
1267,1D-C-Z1.tif,1.491,4.538,0.909,1.714,727,655,105.524,1.101,1.463,0.684,0.944
1268,1D-C-Z1.tif,1.364,4.355,0.904,1.603,286,659,103.241,1.101,1.409,0.71,0.934
1269,1D-C-Z1.tif,1.027,3.697,0.945,1.364,572,668,19.654,1.101,1.213,0.824,0.917
1270,1D-C-Z1.tif,1.398,4.355,0.926,1.527,469,671,32.735,1.285,1.129,0.885,0.935
1271,1D-C-Z1.tif,4.228,13.056,0.312,4.006,937,660,110.095,1.835,2.032,0.492,0.775
1272,1D-C-Z1.tif,1.103,5.08,0.537,1.714,325,662,105.524,1.081,1.792,0.558,0.762
1273,1D-C-Z1.tif,1.499,4.561,0.906,1.741,704,662,108.435,1.193,1.428,0.7,0.93
1274,1D-C-Z1.tif,2.316,5.577,0.936,2.004,607,696,74.055,1.56,1.286,0.777,0.945
1275,1D-C-Z1.tif,3.933,7.564,0.864,2.738,661,676,103.57,1.895,1.462,0.684,0.94
1276,1D-C-Z1.tif,1.061,3.728,0.959,1.314,574,685,24.775,1.101,1.111,0.9,0.937
1277,1D-C-Z1.tif,1.381,4.713,0.781,1.571,384,680,96.71,1.313,1.177,0.85,0.865
1278,1D-C-Z1.tif,3.781,13.714,0.253,4.674,762,720,46.591,2.047,2.355,0.425,0.543
1279,1D-C-Z1.tif,2.282,6.311,0.72,2.148,713,687,109.983,1.787,1.131,0.884,0.848
1280,1D-C-Z1.tif,1.617,4.744,0.903,1.692,360,696,102.529,1.285,1.276,0.784,0.925
1281,1D-C-Z1.tif,3.377,8.258,0.622,2.928,936,697,122.196,1.872,1.719,0.582,0.841
1282,1D-C-Z1.tif,1.777,4.896,0.931,1.642,562,714,26.565,1.477,1.064,0.939,0.927
1283,1D-C-Z1.tif,1.112,3.956,0.892,1.377,487,721,53.13,1.168,1.116,0.896,0.901
1284,1D-C-Z2.tif,3.358,7.057,0.847,2.317,222,72,75.343,1.89,1.227,0.815,0.954
1285,1D-C-Z2.tif,1.895,5.262,0.86,1.843,933,64,72.582,1.379,1.341,0.745,0.956
1286,1D-C-Z2.tif,1.001,4.699,0.57,1.815,71,23,104.3,0.925,1.827,0.547,0.865
1287,1D-C-Z2.tif,1.424,6.103,0.481,2.019,641,32,172.147,1.244,1.451,0.689,0.823
1288,1D-C-Z2.tif,3.346,7.814,0.689,2.701,750,102,75.964,1.822,1.46,0.685,0.934
1289,1D-C-Z2.tif,1.241,7.956,0.246,1.998,455,75,21.251,1.292,1.315,0.761,0.699
1290,1D-C-Z2.tif,1.012,3.873,0.848,1.294,865,54,138.24,1.069,1.069,0.936,0.946
1291,1D-C-Z2.tif,1.849,5.575,0.748,2.11,716,59,101.31,1.178,1.753,0.57,0.948
1292,1D-C-Z2.tif,0.841,3.663,0.787,1.313,47,64,103.671,0.894,1.543,0.648,0.932
1293,1D-C-Z2.tif,2.422,11.835,0.217,2.596,489,129,50.389,1.95,1.39,0.719,0.637
1294,1D-C-Z2.tif,0.82,3.944,0.663,1.204,812,109,66.371,1.012,1.119,0.894,0.875
1295,1D-C-Z2.tif,1.728,6.535,0.508,2.489,511,150,47.246,1.073,2.376,0.421,0.873
1296,1D-C-Z2.tif,2.159,5.51,0.894,1.904,432,106,121.675,1.586,1.185,0.844,0.97
1297,1D-C-Z2.tif,2.699,6.884,0.716,2.226,206,188,73.811,1.728,1.24,0.806,0.909
1298,1D-C-Z2.tif,4.402,8.256,0.812,2.761,611,224,69.528,2.158,1.303,0.767,0.957
1299,1D-C-Z2.tif,2.618,6.266,0.838,2.16,917,212,81.741,1.675,1.302,0.768,0.954
1300,1D-C-Z2.tif,1.01,4.147,0.738,1.515,388,153,101.821,1.026,1.365,0.733,0.893
1301,1D-C-Z2.tif,0.971,3.87,0.815,1.288,424,175,164.476,1.02,1.193,0.838,0.941
1302,1D-C-Z2.tif,1.41,4.633,0.825,1.57,850,169,98.842,1.199,1.337,0.748,0.945
1303,1D-C-Z2.tif,3.225,7.037,0.818,2.249,756,229,54.36,1.952,1.097,0.912,0.95
1304,1D-C-Z2.tif,2.853,6.794,0.777,2.349,280,240,86.634,1.789,1.354,0.739,0.941
1305,1D-C-Z2.tif,1.366,5.494,0.569,2.043,325,219,21.801,1.143,1.897,0.527,0.815
1306,1D-C-Z2.tif,2.155,7.191,0.524,2.691,245,197,91.469,1.352,1.88,0.532,0.845
1307,1D-C-Z2.tif,0.919,3.557,0.913,1.259,427,247,80.538,0.931,1.294,0.773,0.963
1308,1D-C-Z2.tif,4.059,8.214,0.756,2.784,330,273,41.987,1.996,1.437,0.696,0.938
1309,1D-C-Z2.tif,2.751,8.069,0.531,2.442,471,282,59.452,1.899,1.311,0.763,0.855
1310,1D-C-Z2.tif,0.979,4.057,0.747,1.561,819,290,83.66,0.896,1.752,0.571,0.941
1311,1D-C-Z2.tif,1.74,7.694,0.369,2.141,840,308,75.069,1.244,1.841,0.543,0.774
1312,1D-C-Z2.tif,1.233,5.752,0.468,1.561,659,284,43.21,1.251,1.246,0.802,0.886
1313,1D-C-Z2.tif,0.826,3.623,0.791,1.146,982,266,6.911,1.035,1.041,0.961,0.909
1314,1D-C-Z2.tif,1.225,4.361,0.809,1.527,916,256,96.483,1.034,1.488,0.672,0.952
1315,1D-C-Z2.tif,1.011,3.87,0.848,1.223,95,261,130.426,1.126,1.055,0.948,0.946
1316,1D-C-Z2.tif,1.187,7.814,0.244,1.724,778,277,143.13,1.137,1.655,0.604,0.729
1317,1D-C-Z2.tif,0.96,3.651,0.905,1.265,970,315,78.996,1.069,1.169,0.855,0.955
1318,1D-C-Z2.tif,0.753,3.29,0.874,1.13,72,316,77.661,0.955,1.131,0.884,0.938
1319,1D-C-Z2.tif,3.589,7.19,0.872,2.359,329,336,37.875,1.966,1.115,0.897,0.974
1320,1D-C-Z2.tif,3.507,7.089,0.877,2.278,663,370,50.528,2.066,1.072,0.932,0.972
1321,1D-C-Z2.tif,4.395,8.414,0.78,2.934,404,397,60.422,2.133,1.383,0.723,0.957
1322,1D-C-Z2.tif,1.943,9.645,0.262,2.181,826,394,71.565,1.443,1.387,0.721,0.812
1323,1D-C-Z2.tif,1.194,5.259,0.542,1.848,968,334,104.036,0.924,1.956,0.511,0.909
1324,1D-C-Z2.tif,2.237,5.604,0.895,1.899,237,410,74.197,1.576,1.198,0.834,0.968
1325,1D-C-Z2.tif,1.438,4.637,0.84,1.615,361,404,73.887,1.172,1.334,0.75,0.959
1326,1D-C-Z2.tif,0.842,3.72,0.764,1.364,309,367,110.726,0.851,1.626,0.615,0.923
1327,1D-C-Z2.tif,3.317,7.118,0.823,2.605,580,368,96.843,1.678,1.597,0.626,0.966
1328,1D-C-Z2.tif,6.025,9.55,0.83,3.409,502,375,97.556,2.194,1.538,0.65,0.973
1329,1D-C-Z2.tif,3.333,6.944,0.869,2.182,729,438,84.56,2.066,1.019,0.982,0.969
1330,1D-C-Z2.tif,4.195,9.206,0.622,2.951,455,481,83.29,2.128,1.306,0.766,0.913
1331,1D-C-Z2.tif,1.782,6.551,0.522,1.856,777,436,48.013,1.578,1.075,0.93,0.836
1332,1D-C-Z2.tif,1.732,6.14,0.577,2.229,735,486,55.081,1.174,1.81,0.553,0.901
1333,1D-C-Z2.tif,0.738,4.302,0.501,1.232,275,477,72.072,0.927,1.279,0.782,0.84
1334,1D-C-Z2.tif,1.776,4.99,0.897,1.664,647,454,124.019,1.414,1.146,0.872,0.967
1335,1D-C-Z2.tif,2.455,10.62,0.274,3.667,380,480,148.851,1.236,3.354,0.298,0.665
1336,1D-C-Z2.tif,1.146,4.398,0.745,1.63,33,552,83.928,0.944,1.744,0.573,0.943
1337,1D-C-Z2.tif,2.235,5.795,0.836,1.917,511,562,81.724,1.569,1.195,0.837,0.956
1338,1D-C-Z2.tif,3.263,7.175,0.797,2.546,169,508,98.569,1.666,1.558,0.642,0.956
1339,1D-C-Z2.tif,2.868,8.025,0.56,2.239,387,522,99.752,1.704,1.296,0.772,0.92
1340,1D-C-Z2.tif,2.285,6.692,0.641,2.138,552,568,37.794,1.714,1.174,0.852,0.876
1341,1D-C-Z2.tif,0.717,3.626,0.685,1.429,84,562,70.253,0.692,2.168,0.461,0.906
1342,1D-C-Z2.tif,1.118,4.966,0.569,1.936,350,523,94.086,0.858,2.445,0.409,0.894
1343,1D-C-Z2.tif,3.564,7.195,0.865,2.487,114,598,73.072,1.892,1.31,0.763,0.97
1344,1D-C-Z2.tif,2.615,6.505,0.776,2.225,930,533,102.529,1.586,1.447,0.691,0.946
1345,1D-C-Z2.tif,2.298,5.722,0.882,1.975,988,608,77.905,1.508,1.306,0.766,0.97
1346,1D-C-Z2.tif,0.781,3.273,0.917,1.112,260,586,60.255,0.931,1.197,0.836,0.954
1347,1D-C-Z2.tif,2.244,5.779,0.844,1.999,595,629,57.68,1.524,1.328,0.753,0.958
1348,1D-C-Z2.tif,2.39,5.96,0.845,2.006,523,598,118.768,1.621,1.133,0.882,0.959
1349,1D-C-Z2.tif,0.886,3.626,0.847,1.313,61,601,103.671,0.897,1.464,0.683,0.941
1350,1D-C-Z2.tif,0.805,4.435,0.514,1.607,95,616,144.605,0.97,1.446,0.692,0.78
1351,1D-C-Z2.tif,3.818,7.598,0.831,2.536,841,706,82.972,2.034,1.24,0.806,0.965
1352,1D-C-Z2.tif,0.962,3.976,0.765,1.422,736,669,39.094,0.932,1.59,0.629,0.902
1353,1D-C-Z2.tif,1.989,5.461,0.838,1.89,911,696,51.667,1.511,1.215,0.823,0.968
1354,1D-C-Z2.tif,0.843,3.399,0.917,1.104,72,666,165.53,1.026,1.076,0.929,0.954
1355,1D-C-Z2.tif,2.963,6.835,0.797,2.164,409,712,59.349,1.911,1.138,0.879,0.95
1356,1D-C-Z2.tif,1.288,4.312,0.87,1.539,230,656,105.593,1.103,1.39,0.719,0.963
1357,1D-C-Z2.tif,1.184,7.866,0.241,1.594,508,680,158.429,1.343,1.347,0.743,0.679
1358,1D-C-Z2.tif,2.187,5.794,0.819,1.953,181,723,69.326,1.552,1.212,0.825,0.951
1359,1D-C-Z2.tif,0.778,4.057,0.594,1.536,915,709,9.039,0.715,2.392,0.418,0.859
1360,1D-C-Z3.tif,3.512,7.321,0.824,2.272,798,358,51.823,2.047,1.106,0.904,0.979
1361,1D-C-Z3.tif,1.448,4.827,0.781,1.6,36,438,72.646,1.183,1.322,0.756,0.971
1362,1D-C-Z3.tif,3.291,7.288,0.778,2.58,598,537,87.274,1.66,1.572,0.636,0.975
1363,1D-C-Z3.tif,6.034,9.946,0.766,3.365,396,365,94.417,2.208,1.501,0.666,0.982
1364,1D-C-Z3.tif,3.304,12.163,0.281,2.563,264,604,81.741,1.991,1.244,0.804,0.885
1365,1D-C-Z3.tif,1.772,5.082,0.862,1.637,750,563,119.982,1.418,1.127,0.887,0.978
1366,1D-D-Z1.tif,1.12,5.111,0.539,1.97,710,3,117.759,1.022,2.031,0.492,0.769
1367,1D-D-Z1.tif,3.865,7.479,0.868,2.849,543,4,104.931,1.927,1.485,0.673,0.947
1368,1D-D-Z1.tif,3.461,8.625,0.585,2.962,698,36,73.811,1.736,1.827,0.547,0.863
1369,1D-D-Z1.tif,2.164,5.447,0.917,1.947,515,6,98.13,1.468,1.241,0.806,0.938
1370,1D-D-Z1.tif,1.617,5.058,0.794,1.936,676,25,58.57,1.19,1.665,0.6,0.914
1371,1D-D-Z1.tif,1.364,5.263,0.619,2.07,280,8,167.196,1.056,1.954,0.512,0.833
1372,1D-D-Z1.tif,1.752,6.463,0.527,2.221,750,28,51.71,1.47,1.439,0.695,0.791
1373,1D-D-Z1.tif,1.44,4.462,0.909,1.634,359,12,128.157,1.285,1.169,0.856,0.94
1374,1D-D-Z1.tif,1.162,3.988,0.918,1.483,388,14,158.199,1.068,1.411,0.709,0.923
1375,1D-D-Z1.tif,1.112,5.241,0.509,1.782,265,32,78.111,1.009,1.855,0.539,0.786
1376,1D-D-Z1.tif,1.221,4.27,0.842,1.634,562,19,141.843,1.067,1.622,0.616,0.898
1377,1D-D-Z1.tif,2.931,8.007,0.574,2.381,469,50,27.553,1.994,1.061,0.943,0.809
1378,1D-D-Z1.tif,3.124,6.548,0.916,2.409,498,35,107.745,1.652,1.378,0.726,0.957
1379,1D-D-Z1.tif,2.417,6.074,0.823,2.22,669,37,150.255,1.56,1.331,0.751,0.917
1380,1D-D-Z1.tif,2.004,5.371,0.873,1.835,707,51,53.13,1.491,1.237,0.808,0.91
1381,1D-D-Z1.tif,1.533,4.561,0.926,1.654,632,55,70.56,1.285,1.315,0.761,0.929
1382,1D-D-Z1.tif,1.533,4.637,0.896,1.654,568,59,70.56,1.323,1.308,0.765,0.908
1383,1D-D-Z1.tif,1.137,3.934,0.923,1.483,316,55,111.801,1.101,1.326,0.754,0.915
1384,1D-D-Z1.tif,2.013,5.241,0.921,1.892,482,72,22.834,1.451,1.299,0.77,0.943
1385,1D-D-Z1.tif,2.636,9.242,0.388,2.386,452,63,112.62,1.959,1.326,0.754,0.749
1386,1D-D-Z1.tif,1.979,5.111,0.952,1.741,638,73,108.435,1.468,1.096,0.912,0.948
1387,1D-D-Z1.tif,1.347,4.247,0.939,1.513,318,82,104.036,1.193,1.234,0.81,0.93
1388,1D-D-Z1.tif,3.116,6.678,0.878,2.382,576,82,105.642,1.732,1.368,0.731,0.94
1389,1D-D-Z1.tif,1.145,3.858,0.967,1.451,416,85,108.435,1.009,1.323,0.756,0.944
1390,1D-D-Z1.tif,1.162,3.934,0.944,1.364,360,98,109.654,1.193,1.149,0.87,0.923
1391,1D-D-Z1.tif,3.806,9.489,0.531,3.182,492,131,56.768,1.784,1.967,0.508,0.858
1392,1D-D-Z1.tif,1.55,5.76,0.587,1.883,471,121,46.975,1.443,1.503,0.665,0.737
1393,1D-D-Z1.tif,1.903,5.393,0.822,2.07,615,125,77.196,1.263,1.651,0.606,0.922
1394,1D-D-Z1.tif,2.147,5.501,0.892,2.093,541,104,105.255,1.377,1.432,0.698,0.938
1395,1D-D-Z1.tif,1.364,6.235,0.441,2.021,940,122,50.528,1.323,1.665,0.601,0.735
1396,1D-D-Z1.tif,1.979,8.289,0.362,3.255,405,120,21.501,1.2,3.627,0.276,0.68
1397,1D-D-Z1.tif,1.448,4.744,0.809,1.847,563,127,63.435,1.177,1.617,0.618,0.898
1398,1D-D-Z1.tif,1.516,4.713,0.858,1.687,458,111,112.38,1.306,1.311,0.763,0.909
1399,1D-D-Z1.tif,1.398,8.195,0.262,2.959,62,120,150.255,1.159,3.147,0.318,0.54
1400,1D-D-Z1.tif,1.406,4.462,0.887,1.642,313,132,63.435,1.101,1.369,0.73,0.933
1401,1D-D-Z1.tif,1.592,4.668,0.918,1.654,715,118,109.44,1.285,1.236,0.809,0.94
1402,1D-D-Z1.tif,1.196,4.118,0.886,1.433,513,133,39.806,1.26,1.061,0.942,0.893
1403,1D-D-Z1.tif,1.718,7.425,0.392,2.013,575,139,46.848,1.542,1.295,0.772,0.764
1404,1D-D-Z1.tif,1.095,3.782,0.962,1.364,762,131,109.654,1.009,1.247,0.802,0.942
1405,1D-D-Z1.tif,1.255,4.27,0.865,1.538,340,134,107.354,1.204,1.264,0.791,0.9
1406,1D-D-Z1.tif,1.137,3.88,0.949,1.425,533,134,104.931,1.101,1.257,0.796,0.922
1407,1D-D-Z1.tif,1.827,5.232,0.839,1.872,563,157,78.69,1.387,1.335,0.749,0.897
1408,1D-D-Z1.tif,1.213,6.776,0.332,2.52,61,144,10.491,1.133,2.754,0.363,0.559
1409,1D-D-Z1.tif,1.086,3.956,0.872,1.451,664,155,71.565,1.101,1.326,0.754,0.899
1410,1D-D-Z1.tif,1.432,8.029,0.279,2.791,254,167,43.668,1.576,2.277,0.439,0.526
1411,1D-D-Z1.tif,1.213,4.086,0.913,1.571,464,146,96.71,1.101,1.36,0.735,0.914
1412,1D-D-Z1.tif,1.6,6.257,0.514,2.097,677,146,113.199,1.407,1.412,0.708,0.812
1413,1D-D-Z1.tif,1.954,5.339,0.861,1.977,405,169,68.199,1.45,1.374,0.728,0.924
1414,1D-D-Z1.tif,1.162,4.247,0.81,1.654,424,153,109.44,1.016,1.629,0.614,0.899
1415,1D-D-Z1.tif,1.608,8.052,0.312,2.15,288,170,39.806,1.497,1.342,0.745,0.673
1416,1D-D-Z1.tif,1.137,6.14,0.379,1.714,651,172,74.476,1.275,1.463,0.684,0.667
1417,1D-D-Z1.tif,1.524,4.691,0.871,1.687,414,179,67.62,1.363,1.183,0.845,0.912
1418,1D-D-Z1.tif,1.701,4.928,0.88,1.782,534,183,78.111,1.285,1.405,0.712,0.914
1419,1D-D-Z1.tif,1.432,4.798,0.781,1.858,704,165,122.905,1.074,1.829,0.547,0.904
1420,1D-D-Z1.tif,1.398,4.583,0.836,1.707,323,183,53.746,1.094,1.567,0.638,0.9
1421,1D-D-Z1.tif,1.684,6.311,0.531,2.423,483,185,37.304,1.389,1.602,0.624,0.78
1422,1D-D-Z1.tif,2.316,5.554,0.943,1.985,445,189,56.31,1.56,1.203,0.831,0.948
1423,1D-D-Z1.tif,1.642,4.691,0.938,1.654,620,171,109.44,1.377,1.18,0.847,0.933
1424,1D-D-Z1.tif,1.221,4.064,0.929,1.451,663,171,108.435,1.193,1.204,0.831,0.924
1425,1D-D-Z1.tif,1.002,3.804,0.87,1.451,338,191,71.565,0.985,1.487,0.673,0.912
1426,1D-D-Z1.tif,2.088,5.339,0.921,1.81,685,185,149.534,1.557,1.121,0.892,0.934
1427,1D-D-Z1.tif,1.752,4.982,0.887,1.741,269,183,108.435,1.377,1.234,0.81,0.933
1428,1D-D-Z1.tif,1.044,3.782,0.917,1.451,296,206,71.565,0.918,1.508,0.663,0.936
1429,1D-D-Z1.tif,3.04,6.548,0.891,2.449,315,218,77.005,1.56,1.493,0.67,0.953
1430,1D-D-Z1.tif,3.116,7.175,0.761,2.586,400,193,117.474,1.744,1.604,0.624,0.907
1431,1D-D-Z1.tif,1.002,3.751,0.895,1.389,750,192,97.595,1.009,1.35,0.741,0.905
1432,1D-D-Z1.tif,2.56,5.868,0.934,2.093,347,217,74.745,1.56,1.294,0.773,0.949
1433,1D-D-Z1.tif,2.737,7.9,0.551,2.471,461,222,74.932,1.765,1.586,0.631,0.779
1434,1D-D-Z1.tif,2.105,5.317,0.936,1.892,646,200,112.834,1.56,1.198,0.835,0.938
1435,1D-D-Z1.tif,1.533,4.614,0.905,1.692,374,201,102.529,1.193,1.404,0.712,0.926
1436,1D-D-Z1.tif,1.381,4.668,0.796,1.634,514,205,128.157,1.324,1.166,0.858,0.899
1437,1D-D-Z1.tif,2.072,5.393,0.895,2.021,424,230,50.528,1.428,1.44,0.694,0.935
1438,1D-D-Z1.tif,1.448,4.355,0.96,1.568,564,227,69.444,1.193,1.203,0.831,0.945
1439,1D-D-Z1.tif,1.903,5.026,0.947,1.803,490,231,75.256,1.468,1.169,0.856,0.938
1440,1D-D-Z1.tif,1.381,6.333,0.433,2.586,785,223,152.526,1.017,3.064,0.326,0.676
1441,1D-D-Z1.tif,2.56,8.182,0.481,2.675,512,221,112.166,1.651,1.894,0.528,0.74
1442,1D-D-Z1.tif,1.019,4.431,0.652,1.527,348,226,147.265,1.09,1.508,0.663,0.829
1443,1D-D-Z1.tif,1.415,4.507,0.875,1.714,342,229,105.524,1.176,1.475,0.678,0.918
1444,1D-D-Z1.tif,2.274,5.523,0.937,1.981,636,253,76.608,1.56,1.191,0.84,0.941
1445,1D-D-Z1.tif,1.415,6.248,0.455,2.15,355,258,50.194,1.216,2.16,0.463,0.729
1446,1D-D-Z1.tif,1.71,4.906,0.893,1.81,326,243,120.466,1.193,1.472,0.679,0.946
1447,1D-D-Z1.tif,2.501,6.096,0.846,2.07,605,247,102.804,1.652,1.221,0.819,0.93
1448,1D-D-Z1.tif,1.103,3.804,0.958,1.364,688,251,109.654,1.101,1.196,0.836,0.926
1449,1D-D-Z1.tif,1.322,4.301,0.898,1.538,724,268,72.646,1.18,1.286,0.777,0.918
1450,1D-D-Z1.tif,1.027,3.966,0.821,1.483,470,262,21.801,1.009,1.414,0.707,0.904
1451,1D-D-Z1.tif,2.838,6.203,0.927,2.119,401,279,72.35,1.795,1.173,0.853,0.941
1452,1D-D-Z1.tif,2.291,5.998,0.8,2.279,649,282,49.899,1.58,1.361,0.735,0.902
1453,1D-D-Z1.tif,10.922,24.263,0.233,6.839,936,263,101.611,3.212,2.591,0.386,0.625
1454,1D-D-Z1.tif,1.844,7.027,0.469,2.16,286,291,77.735,1.38,1.752,0.571,0.796
1455,1D-D-Z1.tif,1.836,6.127,0.614,2.302,438,270,113.499,1.445,1.683,0.594,0.804
1456,1D-D-Z1.tif,3.377,11.207,0.338,3.309,462,294,33.69,1.958,1.88,0.532,0.673
1457,1D-D-Z1.tif,2.518,5.998,0.88,2.134,617,293,64.537,1.731,1.229,0.814,0.931
1458,1D-D-Z1.tif,1.381,4.691,0.789,1.872,299,300,78.69,1.044,1.875,0.533,0.909
1459,1D-D-Z1.tif,2.577,6.127,0.863,2.148,374,293,19.983,1.705,1.179,0.848,0.929
1460,1D-D-Z1.tif,2.282,5.577,0.922,1.981,506,302,76.608,1.56,1.197,0.835,0.946
1461,1D-D-Z1.tif,3.899,13.239,0.28,3.286,670,283,125.91,2.459,1.551,0.645,0.588
1462,1D-D-Z1.tif,2.392,5.836,0.882,2.22,333,309,82.875,1.468,1.433,0.698,0.937
1463,1D-D-Z1.tif,4.994,12.353,0.411,3.228,394,306,14.826,2.57,1.329,0.753,0.81
1464,1D-D-Z1.tif,1.187,4.095,0.89,1.527,346,310,57.265,1.101,1.241,0.806,0.928
1465,1D-D-Z1.tif,2.956,11.359,0.288,2.386,587,295,112.62,2.111,1.139,0.878,0.757
1466,1D-D-Z1.tif,2.088,9.587,0.286,3.158,858,324,54.462,1.581,2.564,0.39,0.593
1467,1D-D-Z1.tif,1.718,5.08,0.837,1.803,306,318,75.256,1.285,1.432,0.698,0.895
1468,1D-D-Z1.tif,1.785,5.08,0.869,1.858,453,305,147.095,1.316,1.46,0.685,0.922
1469,1D-D-Z1.tif,1.07,4.637,0.625,1.765,283,324,81.027,0.993,1.961,0.51,0.806
1470,1D-D-Z1.tif,4.665,8.191,0.874,2.938,543,320,104.47,2.111,1.379,0.725,0.951
1471,1D-D-Z1.tif,1.558,4.722,0.878,1.654,302,321,109.44,1.193,1.311,0.763,0.934
1472,1D-D-Z1.tif,1.28,6.355,0.398,1.772,515,339,68.749,1.363,1.432,0.698,0.724
1473,1D-D-Z1.tif,1.12,4.301,0.761,1.494,914,329,132.51,1.084,1.32,0.758,0.89
1474,1D-D-Z1.tif,1.987,5.478,0.832,2.142,565,354,80.134,1.193,1.736,0.576,0.933
1475,1D-D-Z1.tif,1.642,4.928,0.85,1.892,585,352,67.166,1.285,1.507,0.664,0.926
1476,1D-D-Z1.tif,2.055,5.447,0.87,2.119,695,359,72.35,1.377,1.487,0.672,0.94
1477,1D-D-Z1.tif,4.446,11.606,0.415,2.902,473,351,18.435,2.294,1.327,0.754,0.826
1478,1D-D-Z1.tif,1.061,4.086,0.799,1.505,523,343,142.431,1.038,1.5,0.667,0.887
1479,1D-D-Z1.tif,1.642,6.302,0.52,2.55,611,365,59.744,1.157,2.741,0.365,0.729
1480,1D-D-Z1.tif,1.162,3.966,0.929,1.436,461,351,116.565,1.009,1.331,0.751,0.942
1481,1D-D-Z1.tif,2.459,5.716,0.946,1.964,347,374,52.595,1.652,1.045,0.957,0.956
1482,1D-D-Z1.tif,1.221,6.691,0.343,1.856,395,362,98.531,1.193,1.695,0.59,0.687
1483,1D-D-Z1.tif,4.59,8.029,0.895,2.591,525,381,22.932,2.462,1.019,0.982,0.936
1484,1D-D-Z1.tif,3.091,6.776,0.846,2.471,640,366,105.068,1.744,1.419,0.704,0.929
1485,1D-D-Z1.tif,2.695,6.311,0.85,2.345,373,391,59.421,1.652,1.411,0.709,0.928
1486,1D-D-Z1.tif,2.51,5.998,0.877,2.27,417,396,75.964,1.468,1.482,0.675,0.943
1487,1D-D-Z1.tif,1.398,7.058,0.353,2.55,872,376,120.256,1.231,2.724,0.367,0.588
1488,1D-D-Z1.tif,3.369,7.533,0.746,2.846,457,406,69.228,1.744,1.597,0.626,0.913
1489,1D-D-Z1.tif,1.71,5.187,0.798,1.962,505,381,100.784,1.22,1.669,0.599,0.898
1490,1D-D-Z1.tif,2.804,7.099,0.699,2.786,575,412,72.759,1.468,1.797,0.557,0.905
1491,1D-D-Z1.tif,1.322,4.659,0.765,1.626,812,404,73.61,1.285,1.255,0.797,0.875
1492,1D-D-Z1.tif,4.278,11.14,0.433,3.367,673,438,72.553,1.835,1.869,0.535,0.831
1493,1D-D-Z1.tif,1.701,4.82,0.92,1.741,614,404,108.435,1.377,1.182,0.846,0.929
1494,1D-D-Z1.tif,2.072,5.393,0.895,1.872,384,428,78.69,1.56,1.141,0.876,0.925
1495,1D-D-Z1.tif,3.15,7.425,0.718,2.701,468,410,99.782,1.836,1.41,0.709,0.862
1496,1D-D-Z1.tif,1.112,5.859,0.407,1.538,332,427,72.646,1.101,1.405,0.712,0.79
1497,1D-D-Z1.tif,1.743,5.241,0.797,1.892,502,411,104.036,1.306,1.537,0.65,0.875
1498,1D-D-Z1.tif,1.684,4.82,0.911,1.692,733,429,77.471,1.355,1.234,0.811,0.917
1499,1D-D-Z1.tif,1.036,4.972,0.526,1.451,573,416,108.435,1.257,1.232,0.812,0.757
1500,1D-D-Z1.tif,1.053,4.377,0.69,1.763,754,431,51.34,0.944,1.777,0.563,0.859
1501,1D-D-Z1.tif,2.198,6.928,0.575,2.449,289,448,77.005,1.454,1.687,0.593,0.834
1502,1D-D-Z1.tif,1.752,4.95,0.898,1.856,312,423,98.531,1.285,1.434,0.697,0.927
1503,1D-D-Z1.tif,1.23,4.216,0.869,1.451,357,441,71.565,1.233,1.148,0.871,0.893
1504,1D-D-Z1.tif,3.225,7.036,0.819,2.675,766,426,95.906,1.744,1.587,0.63,0.914
1505,1D-D-Z1.tif,1.112,3.804,0.965,1.364,391,437,19.654,1.101,1.14,0.877,0.936
1506,1D-D-Z1.tif,2.013,5.187,0.94,1.741,439,428,108.435,1.56,1.025,0.975,0.934
1507,1D-D-Z1.tif,2.248,5.76,0.852,2.07,722,429,102.804,1.468,1.407,0.711,0.921
1508,1D-D-Z1.tif,1.743,5.102,0.842,2.004,643,461,74.055,1.278,1.614,0.619,0.92
1509,1D-D-Z1.tif,1.39,5.102,0.671,1.763,471,459,38.66,1.272,1.425,0.702,0.84
1510,1D-D-Z1.tif,1.634,5.675,0.637,2.148,428,445,109.983,1.314,1.722,0.581,0.81
1511,1D-D-Z1.tif,1.642,5.004,0.824,1.808,448,459,23.962,1.285,1.395,0.717,0.903
1512,1D-D-Z1.tif,2.56,6.127,0.857,2.323,354,472,80.91,1.468,1.53,0.654,0.938
1513,1D-D-Z1.tif,1.272,4.171,0.918,1.494,558,451,132.51,1.18,1.275,0.784,0.924
1514,1D-D-Z1.tif,1.87,7.976,0.369,2.27,337,475,75.964,1.546,1.597,0.626,0.664
1515,1D-D-Z1.tif,2.072,5.425,0.885,1.945,658,474,70.71,1.468,1.309,0.764,0.932
1516,1D-D-Z1.tif,2.804,6.928,0.734,2.34,409,482,78.69,1.744,1.393,0.718,0.905
1517,1D-D-Z1.tif,1.971,9.717,0.262,2.61,780,476,10.125,1.81,1.689,0.592,0.526
1518,1D-D-Z1.tif,1.373,4.355,0.91,1.687,628,463,112.38,1.101,1.487,0.673,0.937
1519,1D-D-Z1.tif,6.417,9.587,0.877,3.454,372,500,73.009,2.581,1.331,0.751,0.952
1520,1D-D-Z1.tif,8.506,11.834,0.763,3.907,556,465,99.462,3.028,1.378,0.725,0.925
1521,1D-D-Z1.tif,1.608,4.82,0.87,1.828,448,476,17.526,1.285,1.453,0.688,0.907
1522,1D-D-Z1.tif,3.419,6.96,0.887,2.382,604,492,74.358,1.96,1.169,0.855,0.933
1523,1D-D-Z1.tif,1.339,4.529,0.82,1.603,692,483,66.371,1.273,1.236,0.809,0.874
1524,1D-D-Z1.tif,2.088,5.792,0.782,2.266,479,490,58.241,1.291,1.919,0.521,0.925
1525,1D-D-Z1.tif,1.651,5.165,0.777,1.936,747,472,121.43,1.193,1.628,0.614,0.901
1526,1D-D-Z1.tif,1.011,3.804,0.877,1.314,344,486,65.225,1.18,1.11,0.901,0.896
1527,1D-D-Z1.tif,2.206,5.998,0.771,2.266,492,496,68.629,1.38,1.668,0.6,0.911
1528,1D-D-Z1.tif,1.221,4.064,0.929,1.436,665,496,63.435,1.193,1.137,0.88,0.921
1529,1D-D-Z1.tif,2.577,7.944,0.513,2.675,377,504,22.166,1.817,1.434,0.697,0.757
1530,1D-D-Z1.tif,2.981,6.311,0.941,2.166,447,493,126.384,1.835,1.13,0.885,0.953
1531,1D-D-Z1.tif,1.642,4.798,0.896,1.692,651,491,102.529,1.285,1.317,0.759,0.933
1532,1D-D-Z1.tif,1.196,4.042,0.92,1.451,733,493,108.435,1.101,1.293,0.773,0.925
1533,1D-D-Z1.tif,4.446,8.007,0.871,2.898,272,495,100.954,2.019,1.458,0.686,0.95
1534,1D-D-Z1.tif,2.434,7.564,0.535,2.189,510,519,56.976,1.835,1.184,0.844,0.797
1535,1D-D-Z1.tif,1.196,4.171,0.864,1.626,633,516,73.61,1.009,1.556,0.643,0.919
1536,1D-D-Z1.tif,1.44,4.722,0.812,1.782,547,510,168.111,1.086,1.631,0.613,0.917
1537,1D-D-Z1.tif,1.137,5.966,0.401,1.579,586,512,125.538,1.339,1.309,0.764,0.685
1538,1D-D-Z1.tif,3.815,9.381,0.545,2.996,320,513,117.35,1.985,1.584,0.631,0.842
1539,1D-D-Z1.tif,4.632,12.907,0.349,4.329,662,526,147.995,2.121,2.066,0.484,0.695
1540,1D-D-Z1.tif,1.331,4.247,0.927,1.538,458,523,107.354,1.193,1.279,0.782,0.924
1541,1D-D-Z1.tif,1.154,8.128,0.219,3.671,828,533,143.13,0.866,6.059,0.165,0.509
1542,1D-D-Z1.tif,2.164,5.706,0.835,2.14,427,535,149.036,1.557,1.323,0.756,0.918
1543,1D-D-Z1.tif,1.238,4.279,0.85,1.626,505,542,16.39,1.009,1.616,0.619,0.936
1544,1D-D-Z1.tif,1.162,4.194,0.83,1.685,556,537,150.642,1.044,1.727,0.579,0.905
1545,1D-D-Z1.tif,2.088,5.782,0.785,2.093,362,555,37.875,1.363,1.596,0.627,0.894
1546,1D-D-Z1.tif,1.095,3.804,0.951,1.336,389,537,105.945,1.101,1.128,0.886,0.929
1547,1D-D-Z1.tif,1.423,8.808,0.231,2.34,636,543,101.31,1.722,1.646,0.608,0.484
1548,1D-D-Z1.tif,2.602,6.181,0.856,2.148,516,566,70.017,1.644,1.283,0.779,0.928
1549,1D-D-Z1.tif,3.107,6.646,0.884,2.323,312,545,99.09,1.835,1.219,0.821,0.933
1550,1D-D-Z1.tif,3.495,12.59,0.277,2.808,405,546,101.31,2.386,1.263,0.792,0.656
1551,1D-D-Z1.tif,3.124,6.669,0.883,2.359,553,547,103.496,1.882,1.274,0.785,0.935
1552,1D-D-Z1.tif,1.027,3.912,0.844,1.584,651,549,100.008,0.826,1.839,0.544,0.935
1553,1D-D-Z1.tif,1.406,4.431,0.9,1.675,281,568,80.538,1.101,1.464,0.683,0.928
1554,1D-D-Z1.tif,1.053,3.804,0.914,1.323,732,551,123.69,1.101,1.134,0.882,0.906
1555,1D-D-Z1.tif,1.322,6.27,0.423,2.791,202,578,43.668,0.846,4.268,0.234,0.742
1556,1D-D-Z1.tif,1.87,5.058,0.918,1.858,358,559,110.225,1.377,1.278,0.782,0.937
1557,1D-D-Z1.tif,4.261,13.562,0.291,4.919,893,612,75.964,1.468,3.616,0.277,0.682
1558,1D-D-Z1.tif,2.467,10.71,0.27,2.796,873,562,113.199,1.652,1.628,0.614,0.719
1559,1D-D-Z1.tif,2.072,6.539,0.609,2.55,716,563,120.256,1.335,1.894,0.528,0.86
1560,1D-D-Z1.tif,1.154,4.247,0.804,1.654,612,569,123.69,0.985,1.798,0.556,0.887
1561,1D-D-Z1.tif,6.122,9.618,0.832,3.182,589,573,123.232,2.544,1.213,0.824,0.941
1562,1D-D-Z1.tif,2.729,6.311,0.861,2.359,419,599,76.504,1.56,1.427,0.701,0.938
1563,1D-D-Z1.tif,1.71,7.08,0.429,2.393,383,596,32.471,1.477,1.902,0.526,0.635
1564,1D-D-Z1.tif,1.179,4.874,0.624,1.828,816,584,17.526,1.101,1.639,0.61,0.821
1565,1D-D-Z1.tif,6.24,16.116,0.302,4.701,811,619,38.66,2.839,1.879,0.532,0.694
1566,1D-D-Z1.tif,2.131,7.188,0.518,2.323,440,612,80.91,1.466,1.633,0.613,0.824
1567,1D-D-Z1.tif,1.819,6.633,0.519,2.701,949,592,99.782,0.918,3.336,0.3,0.857
1568,1D-D-Z1.tif,1.979,7.501,0.442,2.52,512,593,100.491,1.468,1.654,0.605,0.731
1569,1D-D-Z1.tif,2.097,10.612,0.234,3.794,898,629,57.848,1.416,3.102,0.322,0.553
1570,1D-D-Z1.tif,3.655,7.792,0.756,2.898,471,627,79.046,1.675,1.742,0.574,0.91
1571,1D-D-Z1.tif,2.147,5.393,0.928,1.828,561,617,72.474,1.642,1.11,0.901,0.932
1572,1D-D-Z1.tif,1.448,5.899,0.523,2.27,758,602,104.036,0.918,2.855,0.35,0.833
1573,1D-D-Z1.tif,1.524,5.966,0.538,2.382,481,630,74.358,1.082,2.441,0.41,0.792
1574,1D-D-Z1.tif,1.044,5.08,0.509,2.004,292,632,74.055,1.067,2.072,0.483,0.743
1575,1D-D-Z1.tif,1.179,4.118,0.874,1.513,273,631,75.964,1.101,1.382,0.723,0.909
1576,1D-D-Z1.tif,3.427,7.944,0.682,2.686,418,645,82.147,1.927,1.255,0.797,0.889
1577,1D-D-Z1.tif,2.013,5.286,0.905,1.892,651,638,75.964,1.557,1.226,0.816,0.926
1578,1D-D-Z1.tif,1.011,6.669,0.286,2.471,945,625,111.801,1.072,3.162,0.316,0.515
1579,1D-D-Z1.tif,5.92,9.229,0.873,3.205,391,626,103.241,2.525,1.236,0.809,0.946
1580,1D-D-Z1.tif,6.021,10.688,0.662,3.988,535,671,66.975,2.38,1.771,0.565,0.897
1581,1D-D-Z1.tif,2.383,5.966,0.841,1.945,686,652,70.71,1.744,1.076,0.929,0.922
1582,1D-D-Z1.tif,3.882,7.349,0.903,2.596,437,661,81.87,2.011,1.298,0.77,0.949
1583,1D-D-Z1.tif,6.813,14.989,0.381,5.335,935,636,93.945,2.386,2.647,0.378,0.731
1584,1D-D-Z1.tif,2.72,6.235,0.879,2.181,712,667,67.751,1.652,1.308,0.764,0.938
1585,1D-D-Z1.tif,2.114,5.814,0.786,1.892,501,659,22.834,1.652,1.131,0.885,0.9
1586,1D-D-Z1.tif,3.689,9.121,0.557,2.496,467,649,107.103,2.294,1.126,0.888,0.845
1587,1D-D-Z1.tif,2.409,7.425,0.549,2.189,568,652,123.024,1.722,1.397,0.716,0.794
1588,1D-D-Z1.tif,1.103,3.858,0.931,1.377,666,671,53.13,1.101,1.192,0.839,0.923
1589,1D-D-Z1.tif,2.038,6.02,0.707,1.977,895,661,111.801,1.694,1.094,0.914,0.833
1590,1D-D-Z1.tif,2.611,5.944,0.929,2.004,406,683,74.055,1.744,1.104,0.906,0.942
1591,1D-D-Z1.tif,1.533,4.691,0.875,1.741,349,665,108.435,1.26,1.359,0.736,0.908
1592,1D-D-Z1.tif,1.87,5.447,0.792,1.91,694,670,125.218,1.473,1.402,0.713,0.881
1593,1D-D-Z1.tif,1.533,4.561,0.926,1.538,735,678,107.354,1.285,1.141,0.876,0.938
1594,1D-D-Z1.tif,1.187,4.637,0.694,1.91,505,693,35.218,0.984,2.1,0.476,0.847
1595,1D-D-Z1.tif,1.356,4.333,0.908,1.568,765,686,110.556,1.101,1.297,0.771,0.942
1596,1D-D-Z1.tif,1.356,4.399,0.88,1.605,455,698,30.964,1.19,1.383,0.723,0.904
1597,1D-D-Z1.tif,1.086,3.934,0.882,1.48,547,688,97.125,1.009,1.408,0.71,0.905
1598,1D-D-Z1.tif,4.623,8.213,0.861,2.809,509,709,38.367,2.376,1.156,0.865,0.941
1599,1D-D-Z1.tif,1.987,6.928,0.52,2.485,282,691,94.236,1.285,1.929,0.518,0.825
1600,1D-D-Z1.tif,1.465,4.614,0.865,1.675,587,711,80.538,1.193,1.352,0.74,0.909
1601,1D-D-Z1.tif,3.444,6.884,0.913,2.266,424,696,111.371,2.111,1.023,0.977,0.941
1602,1D-D-Z1.tif,1.701,6.333,0.533,2.316,376,698,123.69,1.363,1.725,0.58,0.78
1603,1D-D-Z1.tif,2.114,5.295,0.947,1.828,730,699,107.526,1.468,1.179,0.848,0.949
1604,1D-D-Z1.tif,1.524,4.485,0.952,1.568,646,708,110.556,1.285,1.136,0.88,0.938
1605,1D-D-Z2.tif,1.099,4.183,0.789,1.358,965,33,113.962,1.069,1.236,0.809,0.943
1606,1D-D-Z2.tif,1.122,5.153,0.531,1.833,385,58,16.39,1.069,1.579,0.633,0.818
1607,1D-D-Z2.tif,2.938,6.537,0.864,2.17,198,106,72.429,1.752,1.217,0.822,0.963
1608,1D-D-Z2.tif,2.314,5.811,0.861,2.056,881,115,67.306,1.552,1.299,0.77,0.964
1609,1D-D-Z2.tif,0.914,6.388,0.282,2.306,470,66,148.449,0.931,3.091,0.324,0.547
1610,1D-D-Z2.tif,2.472,6.209,0.806,2.107,781,143,68.895,1.64,1.301,0.769,0.957
1611,1D-D-Z2.tif,1.373,5.06,0.674,1.792,323,93,101.094,1.175,1.48,0.676,0.915
1612,1D-D-Z2.tif,2.187,5.742,0.834,1.923,142,148,32.55,1.613,1.145,0.873,0.948
1613,1D-D-Z2.tif,1.771,5.116,0.85,1.793,368,115,127.972,1.389,1.289,0.776,0.949
1614,1D-D-Z2.tif,2.247,5.664,0.88,1.899,480,113,105.803,1.552,1.214,0.824,0.966
1615,1D-D-Z2.tif,2.379,6.14,0.793,2.148,20,184,84.472,1.479,1.475,0.678,0.958
1616,1D-D-Z2.tif,1.937,5.896,0.7,2.09,182,176,52.374,1.2,1.764,0.567,0.929
1617,1D-D-Z2.tif,2.581,7.598,0.562,2.551,224,209,76.715,1.621,1.481,0.675,0.885
1618,1D-D-Z2.tif,3.798,7.366,0.88,2.392,703,146,105.038,2.103,1.09,0.917,0.97
1619,1D-D-Z2.tif,1.265,4.605,0.75,1.576,57,190,66.801,1.156,1.248,0.801,0.91
1620,1D-D-Z2.tif,1.793,5.442,0.761,1.894,351,164,123.111,1.269,1.404,0.712,0.926
1621,1D-D-Z2.tif,0.765,3.322,0.871,1.09,68,231,55.305,0.989,1.11,0.901,0.933
1622,1D-D-Z2.tif,0.868,3.448,0.918,1.191,109,236,67.891,0.96,1.237,0.809,0.959
1623,1D-D-Z2.tif,4.874,8.702,0.809,2.978,587,215,95.315,2.204,1.363,0.733,0.966
1624,1D-D-Z2.tif,2.081,6.216,0.677,2.166,633,304,80.838,1.211,1.789,0.559,0.939
1625,1D-D-Z2.tif,1.611,4.998,0.81,1.857,695,300,74.932,1.156,1.628,0.614,0.96
1626,1D-D-Z2.tif,1.679,8.101,0.321,2.915,757,333,62.526,1.172,2.905,0.344,0.662
1627,1D-D-Z2.tif,3.337,6.943,0.87,2.366,415,328,71.301,1.856,1.273,0.786,0.972
1628,1D-D-Z2.tif,1.141,4.803,0.622,1.833,459,320,78.056,0.809,2.455,0.407,0.912
1629,1D-D-Z2.tif,1.812,5.116,0.87,1.799,991,320,77.829,1.339,1.356,0.738,0.959
1630,1D-D-Z2.tif,0.713,5.498,0.297,1.664,722,319,84.053,0.916,1.809,0.553,0.722
1631,1D-D-Z2.tif,1.103,4.63,0.647,1.574,524,277,151.189,1.048,1.349,0.741,0.899
1632,1D-D-Z2.tif,1.234,4.332,0.826,1.455,364,297,103.707,1.116,1.291,0.774,0.943
1633,1D-D-Z2.tif,0.765,3.395,0.833,1.143,311,340,84.806,0.931,1.148,0.871,0.931
1634,1D-D-Z2.tif,1.894,9.848,0.245,2,56,359,54.118,1.756,1.166,0.857,0.722
1635,1D-D-Z2.tif,1.869,5.311,0.833,1.912,188,325,97.253,1.276,1.51,0.662,0.967
1636,1D-D-Z2.tif,3.866,12.977,0.288,2.563,531,376,17.216,2.396,1.003,0.997,0.804
1637,1D-D-Z2.tif,2.753,7.497,0.615,2.409,840,337,103.241,1.641,1.499,0.667,0.915
1638,1D-D-Z2.tif,2.68,6.855,0.717,2.337,128,405,68.356,1.679,1.421,0.704,0.919
1639,1D-D-Z2.tif,2.35,6.034,0.811,2.158,246,417,77.074,1.448,1.467,0.681,0.959
1640,1D-D-Z2.tif,3.263,7.292,0.771,2.662,363,443,73.443,1.777,1.556,0.643,0.948
1641,1D-D-Z2.tif,2.97,9.782,0.39,3.306,667,460,73.644,1.569,2.073,0.482,0.784
1642,1D-D-Z2.tif,0.738,5.78,0.278,1.364,905,368,106.144,0.876,1.814,0.551,0.777
1643,1D-D-Z2.tif,1.709,5.242,0.781,1.917,482,377,98.276,1.207,1.63,0.614,0.946
1644,1D-D-Z2.tif,0.766,6.209,0.25,1.619,315,426,153.435,1.024,1.408,0.71,0.664
1645,1D-D-Z2.tif,1.157,7.756,0.242,2.652,881,424,153.768,1.19,2.699,0.371,0.574
1646,1D-D-Z2.tif,1.666,4.783,0.915,1.597,769,441,103.736,1.345,1.161,0.861,0.969
1647,1D-D-Z2.tif,2.136,5.621,0.85,1.843,160,504,82.476,1.571,1.167,0.857,0.954
1648,1D-D-Z2.tif,0.775,3.253,0.921,1.07,823,453,110.772,0.966,1.058,0.945,0.955
1649,1D-D-Z2.tif,1.193,6.085,0.405,1.84,467,460,102.995,1.241,1.771,0.565,0.677
1650,1D-D-Z2.tif,3.02,7.484,0.678,2.359,372,466,105.255,1.756,1.401,0.714,0.906
1651,1D-D-Z2.tif,2.857,6.712,0.797,2.287,924,527,66.915,1.793,1.186,0.843,0.943
1652,1D-D-Z2.tif,0.829,5.462,0.349,1.752,425,494,143.807,0.966,2.472,0.405,0.655
1653,1D-D-Z2.tif,2.199,5.836,0.811,1.9,305,500,101.514,1.655,1.099,0.91,0.947
1654,1D-D-Z2.tif,1.156,4.057,0.883,1.327,176,530,24.567,1.17,1.097,0.911,0.945
1655,1D-D-Z2.tif,1.207,4.179,0.868,1.366,70,525,10.176,1.241,1.07,0.935,0.951
1656,1D-D-Z2.tif,0.854,3.626,0.816,1.246,975,558,75.579,0.892,1.447,0.691,0.94
1657,1D-D-Z2.tif,0.914,3.809,0.792,1.386,146,534,95.711,0.862,1.584,0.631,0.94
1658,1D-D-Z2.tif,1.496,5.052,0.736,1.684,854,586,79.38,1.247,1.444,0.692,0.918
1659,1D-D-Z2.tif,1.143,4.24,0.799,1.418,389,568,18.435,1.123,1.307,0.765,0.924
1660,1D-D-Z2.tif,0.836,5.646,0.33,2.021,264,553,143.326,0.703,3.182,0.314,0.714
1661,1D-D-Z2.tif,1.815,6.128,0.607,1.923,326,592,32.55,1.505,1.419,0.705,0.82
1662,1D-D-Z2.tif,2.73,6.525,0.806,2.399,77,553,97.431,1.586,1.551,0.645,0.963
1663,1D-D-Z2.tif,1.273,4.353,0.845,1.518,613,573,158.682,1.113,1.346,0.743,0.945
1664,1D-D-Z2.tif,1.732,9.658,0.233,1.944,879,623,64.799,1.397,1.62,0.617,0.802
1665,1D-D-Z2.tif,1.946,10.819,0.209,2.297,224,646,82.235,1.665,1.503,0.665,0.638
1666,1D-D-Z2.tif,6.508,9.82,0.848,3.43,122,694,77.221,2.571,1.333,0.75,0.973
1667,1D-D-Z2.tif,1.244,4.731,0.698,1.723,803,597,109.885,1.034,1.647,0.607,0.918
1668,1D-D-Z2.tif,8.699,13.722,0.581,3.884,609,602,106.504,3.021,1.347,0.742,0.927
1669,1D-D-Z2.tif,1.508,6.327,0.473,1.999,323,631,14.995,1.362,1.595,0.627,0.832
1670,1D-D-Z2.tif,3.467,7.122,0.859,2.355,740,672,72.096,1.963,1.134,0.882,0.963
1671,1D-D-Z2.tif,1.157,6.091,0.392,1.789,975,653,62.447,1.224,1.624,0.616,0.713
1672,1D-D-Z2.tif,2.146,6.399,0.659,2.314,413,670,61.526,1.241,2.006,0.498,0.911
1673,1D-D-Z2.tif,1.13,4.151,0.824,1.352,58,621,95.856,1.235,1.046,0.956,0.942
1674,1D-D-Z2.tif,2.176,6.485,0.65,2.293,442,684,68.839,1.357,1.797,0.556,0.878
1675,1D-D-Z2.tif,1.214,4.211,0.86,1.407,906,684,78.69,1.207,1.124,0.89,0.951
1676,1D-D-Z2.tif,1.455,7.575,0.319,2.43,131,706,34.592,1.176,2.422,0.413,0.642
1677,1D-D-Z2.tif,0.874,4.458,0.552,1.852,181,716,61.049,0.775,2.373,0.421,0.886
1678,1D-D-Z2.tif,2.834,6.31,0.894,2.029,319,681,148.201,1.877,1.055,0.947,0.969
1679,1D-D-Z2.tif,1.436,4.82,0.777,1.573,856,678,142.125,1.271,1.192,0.839,0.937
1680,1D-D-Z3.tif,1.896,6.528,0.559,2.05,805,174,86.186,1.256,1.625,0.615,0.923
1681,1D-D-Z3.tif,1.562,5.555,0.636,1.764,927,168,70.585,1.151,1.529,0.654,0.945
1682,1D-D-Z3.tif,3.345,6.987,0.861,2.343,231,246,69.561,1.847,1.258,0.795,0.985
1683,1D-D-Z3.tif,1.056,8.001,0.207,1.778,348,226,85.601,0.817,2.254,0.444,0.851
1684,1D-D-Z3.tif,2.505,6.221,0.813,2.092,836,439,115.062,1.484,1.395,0.717,0.976
1685,1D-U-Z1.tif,1.213,7.067,0.305,3.136,140,33,69.444,0.717,5.844,0.171,0.682
1686,1D-U-Z1.tif,3.284,6.678,0.925,2.322,642,1,108.435,1.835,1.21,0.827,0.952
1687,1D-U-Z1.tif,1.465,6.454,0.442,2.827,107,3,125.754,0.814,4.132,0.242,0.782
1688,1D-U-Z1.tif,1.078,4.896,0.565,1.892,586,11,22.834,0.982,2.275,0.44,0.749
1689,1D-U-Z1.tif,1.432,5.63,0.567,2.16,811,2,102.265,1.085,2.168,0.461,0.794
1690,1D-U-Z1.tif,1.221,4.095,0.915,1.483,667,9,111.801,1.101,1.294,0.773,0.935
1691,1D-U-Z1.tif,2.526,5.944,0.899,2.038,408,39,35.838,1.724,1.184,0.845,0.933
1692,1D-U-Z1.tif,1.726,4.82,0.934,1.753,458,43,42.879,1.363,1.272,0.786,0.932
1693,1D-U-Z1.tif,1.339,4.225,0.943,1.568,282,29,110.556,1.101,1.313,0.762,0.946
1694,1D-U-Z1.tif,2.232,5.998,0.78,2.266,501,29,121.759,1.567,1.397,0.716,0.903
1695,1D-U-Z1.tif,1.002,3.751,0.895,1.355,483,41,151.699,1.103,1.225,0.816,0.905
1696,1D-U-Z1.tif,2.543,5.76,0.963,1.977,373,47,158.199,1.744,1.05,0.952,0.953
1697,1D-U-Z1.tif,2.257,5.501,0.937,1.892,529,68,67.166,1.652,1.11,0.901,0.949
1698,1D-U-Z1.tif,1.524,5.814,0.567,2.294,470,63,16.26,1.19,2.079,0.481,0.806
1699,1D-U-Z1.tif,1.162,3.966,0.929,1.401,626,65,31.608,1.101,1.219,0.82,0.926
1700,1D-U-Z1.tif,1.137,3.934,0.923,1.398,580,79,66.801,1.149,1.212,0.825,0.918
1701,1D-U-Z1.tif,1.592,4.614,0.939,1.626,304,74,106.39,1.285,1.219,0.82,0.94
1702,1D-U-Z1.tif,1.794,4.928,0.928,1.782,445,78,124.509,1.377,1.251,0.799,0.938
1703,1D-U-Z1.tif,2.467,5.868,0.901,2.166,647,94,36.384,1.622,1.337,0.748,0.948
1704,1D-U-Z1.tif,1.137,4.01,0.888,1.398,519,82,113.199,1.19,1.076,0.929,0.906
1705,1D-U-Z1.tif,2.114,10.115,0.26,2.235,607,111,70.821,1.927,1.198,0.835,0.638
1706,1D-U-Z1.tif,2.223,5.836,0.82,2.15,479,98,140.194,1.489,1.329,0.752,0.904
1707,1D-U-Z1.tif,4.354,10.872,0.463,3.53,719,135,81.027,1.733,2.308,0.433,0.841
1708,1D-U-Z1.tif,1.331,4.301,0.904,1.538,759,114,72.646,1.193,1.292,0.774,0.921
1709,1D-U-Z1.tif,1.07,4.01,0.836,1.433,435,100,129.806,1.057,1.349,0.741,0.879
1710,1D-U-Z1.tif,1.474,5.241,0.674,1.97,507,106,152.241,1.169,1.719,0.582,0.833
1711,1D-U-Z1.tif,2.947,6.906,0.777,2.24,547,113,124.992,1.904,1.272,0.786,0.874
1712,1D-U-Z1.tif,2.173,6.83,0.585,2.597,656,127,32.005,1.537,1.863,0.537,0.819
1713,1D-U-Z1.tif,1.128,3.988,0.892,1.494,609,125,42.51,1.091,1.353,0.739,0.905
1714,1D-U-Z1.tif,1.979,8.182,0.372,2.119,505,128,17.65,1.731,1.356,0.738,0.689
1715,1D-U-Z1.tif,1.651,5.751,0.627,1.977,804,140,68.199,1.281,1.677,0.596,0.786
1716,1D-U-Z1.tif,2.156,5.469,0.906,1.892,419,122,104.036,1.56,1.184,0.844,0.929
1717,1D-U-Z1.tif,1.036,3.751,0.925,1.377,391,139,53.13,1.101,1.28,0.781,0.918
1718,1D-U-Z1.tif,1.078,3.858,0.91,1.401,675,147,58.392,1.101,1.288,0.776,0.921
1719,1D-U-Z1.tif,1.92,5.004,0.964,1.731,402,136,122.005,1.557,1.077,0.929,0.946
1720,1D-U-Z1.tif,1.819,5.501,0.755,1.964,578,148,37.405,1.495,1.17,0.855,0.887
1721,1D-U-Z1.tif,3.158,6.539,0.928,2.142,536,149,170.134,2.012,1.046,0.956,0.943
1722,1D-U-Z1.tif,1.07,7.121,0.265,2.932,689,154,20.136,1.028,3.552,0.282,0.49
1723,1D-U-Z1.tif,1.036,3.849,0.879,1.451,651,154,18.435,0.973,1.418,0.705,0.908
1724,1D-U-Z1.tif,2.164,5.577,0.875,1.892,670,153,104.036,1.652,1.075,0.931,0.931
1725,1D-U-Z1.tif,2.324,5.554,0.947,2.031,283,175,71.565,1.468,1.311,0.763,0.955
1726,1D-U-Z1.tif,2.063,9.717,0.275,2.711,492,164,156.038,1.536,2.136,0.468,0.652
1727,1D-U-Z1.tif,3.091,6.517,0.915,2.166,624,165,126.384,1.927,1.091,0.917,0.941
1728,1D-U-Z1.tif,2.569,5.944,0.914,2.142,684,167,99.866,1.56,1.346,0.743,0.943
1729,1D-U-Z1.tif,3.672,7.036,0.932,2.322,457,192,71.565,2.175,1.018,0.982,0.951
1730,1D-U-Z1.tif,1.6,4.614,0.944,1.626,592,185,73.61,1.285,1.216,0.822,0.936
1731,1D-U-Z1.tif,1.272,4.323,0.855,1.568,361,169,110.556,1.231,1.256,0.796,0.891
1732,1D-U-Z1.tif,1.617,5.912,0.581,1.847,562,170,116.565,1.358,1.415,0.707,0.853
1733,1D-U-Z1.tif,1.28,4.538,0.781,1.858,816,173,110.225,0.932,2.01,0.498,0.894
1734,1D-U-Z1.tif,2.569,6.02,0.891,2.166,320,196,53.616,1.683,1.301,0.768,0.931
1735,1D-U-Z1.tif,1.979,6.181,0.651,2.423,736,200,65.376,1.232,2.079,0.481,0.875
1736,1D-U-Z1.tif,3.891,10.008,0.488,3.244,538,210,61.26,2.359,1.323,0.756,0.717
1737,1D-U-Z1.tif,1.23,4.194,0.879,1.538,493,188,17.354,1.097,1.459,0.686,0.904
1738,1D-U-Z1.tif,2.206,5.425,0.942,1.892,617,187,112.834,1.56,1.113,0.898,0.948
1739,1D-U-Z1.tif,1.019,3.88,0.85,1.579,510,210,54.462,0.908,1.736,0.576,0.917
1740,1D-U-Z1.tif,1.002,4.01,0.783,1.605,641,219,59.036,0.881,1.97,0.508,0.881
1741,1D-U-Z1.tif,2.467,5.868,0.901,2.181,683,203,104.621,1.468,1.443,0.693,0.95
1742,1D-U-Z1.tif,2.493,8.419,0.442,2.409,655,208,107.745,1.805,1.531,0.653,0.715
1743,1D-U-Z1.tif,2.459,5.921,0.881,2.113,518,229,55.62,1.7,1.205,0.83,0.937
1744,1D-U-Z1.tif,1.154,4.225,0.812,1.603,700,227,76.759,1.009,1.644,0.608,0.898
1745,1D-U-Z1.tif,1.356,4.637,0.792,1.692,424,227,49.399,1.273,1.331,0.751,0.866
1746,1D-U-Z1.tif,2.08,5.447,0.881,2.062,554,234,69.146,1.458,1.409,0.71,0.932
1747,1D-U-Z1.tif,1.255,4.194,0.897,1.571,765,220,96.71,1.101,1.418,0.705,0.911
1748,1D-U-Z1.tif,12.27,17.93,0.48,5.244,440,225,94.014,3.466,1.518,0.659,0.888
1749,1D-U-Z1.tif,2.467,6.226,0.8,2.22,346,251,60.255,1.724,1.361,0.735,0.896
1750,1D-U-Z1.tif,1.272,4.292,0.867,1.605,566,254,59.036,1.103,1.408,0.71,0.899
1751,1D-U-Z1.tif,3.31,7.013,0.846,2.584,374,267,83.884,1.744,1.489,0.672,0.937
1752,1D-U-Z1.tif,1.044,3.728,0.944,1.364,736,252,47.726,1.101,1.191,0.839,0.925
1753,1D-U-Z1.tif,1.516,4.485,0.947,1.538,589,255,17.354,1.285,1.115,0.897,0.94
1754,1D-U-Z1.tif,1.07,4.042,0.823,1.568,486,263,69.444,0.957,1.72,0.582,0.907
1755,1D-U-Z1.tif,1.07,4.561,0.646,1.692,388,262,167.471,1.035,1.886,0.53,0.782
1756,1D-U-Z1.tif,1.373,4.744,0.766,1.892,416,261,112.834,1.016,1.914,0.522,0.908
1757,1D-U-Z1.tif,2.594,6.418,0.791,2.266,596,264,111.371,1.56,1.392,0.718,0.917
1758,1D-U-Z1.tif,1.533,4.691,0.875,1.605,352,280,59.036,1.393,1.101,0.908,0.915
1759,1D-U-Z1.tif,1.137,3.988,0.898,1.401,671,278,58.392,1.132,1.198,0.835,0.912
1760,1D-U-Z1.tif,2.619,6.051,0.899,2.16,578,268,102.265,1.56,1.332,0.751,0.945
1761,1D-U-Z1.tif,2.35,5.608,0.939,2.004,709,270,105.945,1.468,1.304,0.767,0.955
1762,1D-U-Z1.tif,1.238,5.111,0.595,1.803,516,291,14.744,1.08,2.024,0.494,0.782
1763,1D-U-Z1.tif,2.173,5.63,0.861,1.89,364,298,29.055,1.652,1.03,0.971,0.933
1764,1D-U-Z1.tif,1.432,4.301,0.972,1.505,594,304,37.569,1.285,1.088,0.919,0.942
1765,1D-U-Z1.tif,2.122,5.63,0.841,2.148,457,321,70.017,1.387,1.586,0.63,0.926
1766,1D-U-Z1.tif,2.088,5.263,0.947,1.828,494,307,107.526,1.56,1.113,0.899,0.943
1767,1D-U-Z1.tif,3.806,7.219,0.918,2.52,631,307,100.491,2.019,1.228,0.814,0.95
1768,1D-U-Z1.tif,2.451,5.998,0.856,2.142,516,327,43.264,1.516,1.429,0.7,0.936
1769,1D-U-Z1.tif,2.206,5.608,0.882,2.004,433,330,74.055,1.468,1.359,0.736,0.931
1770,1D-U-Z1.tif,1.802,4.982,0.913,1.741,334,310,108.435,1.377,1.238,0.808,0.941
1771,1D-U-Z1.tif,2.223,5.782,0.836,2.221,548,310,128.29,1.363,1.586,0.63,0.931
1772,1D-U-Z1.tif,1.87,7.837,0.383,2.166,592,333,53.616,1.527,1.509,0.663,0.779
1773,1D-U-Z1.tif,1.583,4.668,0.913,1.714,662,334,74.476,1.193,1.357,0.737,0.935
1774,1D-U-Z1.tif,1.364,4.377,0.895,1.687,397,331,22.38,1.145,1.541,0.649,0.923
1775,1D-U-Z1.tif,2.072,5.998,0.724,2.424,935,333,119.476,1.451,1.673,0.598,0.893
1776,1D-U-Z1.tif,2.729,8.884,0.434,2.675,457,344,157.834,1.927,1.5,0.667,0.684
1777,1D-U-Z1.tif,2.518,6.074,0.858,2.206,606,362,73.072,1.547,1.434,0.698,0.931
1778,1D-U-Z1.tif,3.823,7.533,0.847,2.612,528,346,108.435,2.111,1.245,0.803,0.93
1779,1D-U-Z1.tif,1.12,4.171,0.809,1.685,656,348,119.358,0.979,1.801,0.555,0.911
1780,1D-U-Z1.tif,1.322,4.583,0.791,1.654,693,372,70.56,1.086,1.592,0.628,0.915
1781,1D-U-Z1.tif,1.12,3.858,0.946,1.377,399,363,126.87,1.101,1.158,0.863,0.927
1782,1D-U-Z1.tif,1.196,6.418,0.365,1.951,631,380,48.814,1.304,1.672,0.598,0.657
1783,1D-U-Z1.tif,2.602,7.618,0.563,3.201,932,364,117.3,1.424,2.224,0.45,0.845
1784,1D-U-Z1.tif,2.24,5.478,0.938,1.936,557,389,58.57,1.645,1.145,0.874,0.952
1785,1D-U-Z1.tif,1.811,4.95,0.929,1.634,608,387,51.843,1.553,1.039,0.962,0.929
1786,1D-U-Z1.tif,1.145,5.478,0.48,2.07,465,397,77.196,1.132,2.283,0.438,0.67
1787,1D-U-Z1.tif,2.105,5.621,0.837,1.916,753,385,106.699,1.668,1.147,0.872,0.89
1788,1D-U-Z1.tif,1.617,6.798,0.44,2.556,727,390,111.038,1.092,2.774,0.36,0.715
1789,1D-U-Z1.tif,5.676,9.726,0.754,3.116,652,428,76.373,2.63,1.251,0.8,0.895
1790,1D-U-Z1.tif,1.221,4.118,0.905,1.603,676,395,103.241,1.009,1.535,0.651,0.935
1791,1D-U-Z1.tif,1.238,7.685,0.263,1.835,358,413,53.13,1.48,1.375,0.727,0.6
1792,1D-U-Z1.tif,1.423,4.453,0.902,1.483,402,396,111.801,1.377,1.02,0.981,0.916
1793,1D-U-Z1.tif,2.097,5.263,0.951,1.828,698,401,107.526,1.56,1.098,0.911,0.936
1794,1D-U-Z1.tif,2.013,6.257,0.646,2.386,935,401,112.62,1.452,1.407,0.71,0.828
1795,1D-U-Z1.tif,1.204,4.896,0.631,1.964,439,403,127.405,1.038,1.849,0.541,0.829
1796,1D-U-Z1.tif,1.533,5.393,0.662,2.166,411,423,53.616,1.12,2.126,0.47,0.892
1797,1D-U-Z1.tif,2.594,6.127,0.868,2.233,592,404,99.462,1.56,1.443,0.693,0.931
1798,1D-U-Z1.tif,2.501,5.836,0.923,1.916,496,405,106.699,1.806,1.062,0.942,0.93
1799,1D-U-Z1.tif,1.137,3.88,0.949,1.364,474,423,109.654,1.193,1.121,0.892,0.918
1800,1D-U-Z1.tif,1.213,4.14,0.889,1.571,316,425,96.71,1.101,1.376,0.727,0.914
1801,1D-U-Z1.tif,2.409,5.76,0.912,2.093,552,435,164.745,1.56,1.35,0.741,0.945
1802,1D-U-Z1.tif,1.061,3.858,0.896,1.425,368,440,104.931,1.009,1.401,0.714,0.92
1803,1D-U-Z1.tif,1.154,4.042,0.888,1.56,399,459,61.928,1.045,1.51,0.662,0.929
1804,1D-U-Z1.tif,3.006,6.517,0.89,2.382,417,470,74.358,1.683,1.413,0.708,0.949
1805,1D-U-Z1.tif,1.558,5.187,0.728,1.892,332,447,104.036,1.101,1.768,0.566,0.92
1806,1D-U-Z1.tif,1.373,4.896,0.72,1.985,496,450,123.69,1.067,1.981,0.505,0.867
1807,1D-U-Z1.tif,4.438,7.77,0.924,2.647,434,480,56.31,2.216,1.143,0.875,0.96
1808,1D-U-Z1.tif,3.571,7.09,0.893,2.438,545,484,70.201,1.98,1.215,0.823,0.936
1809,1D-U-Z1.tif,3.259,9.748,0.431,2.61,357,459,100.125,1.924,1.485,0.673,0.823
1810,1D-U-Z1.tif,1.128,3.912,0.927,1.364,575,473,42.274,1.19,1.069,0.936,0.924
1811,1D-U-Z1.tif,1.002,3.751,0.895,1.425,730,482,75.069,1.009,1.383,0.723,0.905
1812,1D-U-Z1.tif,3.04,7.801,0.628,3.367,932,469,107.447,1.446,2.312,0.433,0.907
1813,1D-U-Z1.tif,3.074,6.463,0.925,2.322,336,473,108.435,1.758,1.329,0.752,0.948
1814,1D-U-Z1.tif,1.011,3.621,0.969,1.278,574,477,111.038,1.101,1.121,0.892,0.92
1815,1D-U-Z1.tif,1.743,5.058,0.856,2.004,610,501,74.055,1.193,1.698,0.589,0.928
1816,1D-U-Z1.tif,1.12,3.988,0.885,1.494,319,483,100.62,1.009,1.444,0.693,0.92
1817,1D-U-Z1.tif,2.35,5.706,0.907,1.962,704,486,100.784,1.648,1.158,0.863,0.928
1818,1D-U-Z1.tif,2.872,6.365,0.891,2.382,548,504,15.642,1.56,1.471,0.68,0.961
1819,1D-U-Z1.tif,1.044,3.728,0.944,1.304,460,503,50.711,1.101,1.101,0.909,0.925
1820,1D-U-Z1.tif,2.653,9.359,0.381,2.675,422,500,157.834,2.071,1.481,0.675,0.642
1821,1D-U-Z1.tif,3.79,9.954,0.481,3.063,397,498,98.616,1.778,1.919,0.521,0.846
1822,1D-U-Z1.tif,1.171,3.988,0.925,1.401,508,518,58.392,1.193,1.162,0.86,0.921
1823,1D-U-Z1.tif,1.676,4.722,0.944,1.634,619,520,38.157,1.377,1.07,0.934,0.95
1824,1D-U-Z1.tif,1.305,5.415,0.559,2.35,588,509,128.66,0.892,3.021,0.331,0.809
1825,1D-U-Z1.tif,2.729,6.203,0.891,2.181,691,509,104.621,1.669,1.289,0.776,0.935
1826,1D-U-Z1.tif,2.442,10.581,0.274,2.668,548,512,130.815,2.111,1.253,0.798,0.579
1827,1D-U-Z1.tif,2.796,6.074,0.952,2.119,654,534,72.35,1.744,1.167,0.857,0.954
1828,1D-U-Z1.tif,1.608,4.744,0.898,1.741,764,540,71.565,1.285,1.317,0.759,0.936
1829,1D-U-Z1.tif,2.737,6.852,0.733,2.393,432,540,32.471,1.705,1.403,0.713,0.892
1830,1D-U-Z1.tif,2.088,5.371,0.91,1.936,633,550,58.57,1.557,1.249,0.801,0.931
1831,1D-U-Z1.tif,1.347,4.377,0.884,1.626,712,552,73.61,1.142,1.488,0.672,0.914
1832,1D-U-Z1.tif,1.996,5.263,0.905,1.962,311,558,79.216,1.377,1.321,0.757,0.937
1833,1D-U-Z1.tif,1.044,6.463,0.314,1.929,935,544,115.346,1.193,1.906,0.525,0.593
1834,1D-U-Z1.tif,1.39,4.323,0.934,1.538,330,571,72.646,1.261,1.222,0.818,0.924
1835,1D-U-Z1.tif,2.299,5.554,0.936,2.062,526,573,32.276,1.622,1.245,0.803,0.953
1836,1D-U-Z1.tif,1.12,4.042,0.862,1.568,502,577,69.444,0.972,1.648,0.607,0.914
1837,1D-U-Z1.tif,1.095,3.88,0.914,1.355,663,581,61.699,1.168,1.139,0.878,0.929
1838,1D-U-Z1.tif,1.053,3.751,0.94,1.364,681,584,70.346,1.101,1.227,0.815,0.919
1839,1D-U-Z1.tif,4.219,8.352,0.76,3.252,546,606,73.61,1.744,1.865,0.536,0.944
1840,1D-U-Z1.tif,3.091,8.884,0.492,2.761,527,580,105.422,1.819,1.683,0.594,0.806
1841,1D-U-Z1.tif,1.112,3.934,0.903,1.483,339,581,111.801,1.101,1.318,0.759,0.91
1842,1D-U-Z1.tif,2.173,5.393,0.939,1.916,643,605,73.301,1.56,1.198,0.835,0.94
1843,1D-U-Z1.tif,1.827,5.425,0.78,2.22,671,609,82.875,1.101,1.924,0.52,0.931
1844,1D-U-Z1.tif,2.998,6.311,0.946,2.119,373,586,107.65,1.835,1.1,0.909,0.953
1845,1D-U-Z1.tif,1.979,7.662,0.424,2.166,324,593,126.384,1.505,1.513,0.661,0.783
1846,1D-U-Z1.tif,1.187,4.118,0.88,1.451,407,610,71.565,1.193,1.208,0.828,0.91
1847,1D-U-Z1.tif,3.486,6.808,0.945,2.322,301,621,71.565,1.927,1.136,0.88,0.957
1848,1D-U-Z1.tif,1.272,4.453,0.806,1.642,929,605,153.435,1.233,1.334,0.75,0.893
1849,1D-U-Z1.tif,1.937,5.111,0.932,1.822,655,608,130.914,1.544,1.143,0.875,0.939
1850,1D-U-Z1.tif,2.737,6.096,0.926,2.052,560,608,100.305,1.835,1.084,0.923,0.935
1851,1D-U-Z1.tif,1.322,4.225,0.931,1.451,412,625,55.305,1.285,1.05,0.952,0.935
1852,1D-U-Z1.tif,2.695,9.403,0.383,2.628,536,620,102.095,1.744,1.568,0.638,0.766
1853,1D-U-Z1.tif,1.019,4.377,0.668,1.654,929,621,146.31,1.067,1.492,0.67,0.852
1854,1D-U-Z1.tif,1.642,4.668,0.947,1.685,653,639,29.358,1.377,1.171,0.854,0.947
1855,1D-U-Z1.tif,1.305,4.225,0.919,1.451,430,633,108.435,1.193,1.166,0.858,0.931
1856,1D-U-Z1.tif,2.324,6.257,0.746,2.24,500,649,34.992,1.666,1.321,0.757,0.875
1857,1D-U-Z1.tif,1.011,3.621,0.969,1.436,550,635,153.435,1.009,1.403,0.713,0.938
1858,1D-U-Z1.tif,1.221,5.447,0.517,2.148,316,648,19.983,1.181,1.982,0.505,0.716
1859,1D-U-Z1.tif,1.432,4.377,0.939,1.538,485,641,107.354,1.285,1.201,0.833,0.924
1860,1D-U-Z1.tif,2.19,5.447,0.927,1.858,681,651,147.095,1.601,1.129,0.886,0.939
1861,1D-U-Z1.tif,1.305,6.302,0.413,1.858,640,650,110.225,1.231,1.712,0.584,0.735
1862,1D-U-Z1.tif,1.381,4.377,0.906,1.579,397,655,144.462,1.193,1.284,0.779,0.932
1863,1D-U-Z1.tif,1.592,6.279,0.507,2.031,287,657,161.565,1.415,1.595,0.627,0.749
1864,1D-U-Z1.tif,2.324,5.868,0.848,2.25,627,656,101.768,1.377,1.676,0.596,0.942
1865,1D-U-Z1.tif,1.044,5.643,0.412,1.936,931,662,121.43,1.145,1.668,0.6,0.707
1866,1D-U-Z1.tif,1.684,4.798,0.919,1.858,358,664,110.225,1.193,1.444,0.693,0.943
1867,1D-U-Z1.tif,4.354,8.083,0.837,2.718,567,694,78.311,2.111,1.283,0.779,0.938
1868,1D-U-Z1.tif,1.053,3.804,0.914,1.364,338,684,70.346,1.101,1.169,0.856,0.916
1869,1D-U-Z1.tif,1.659,4.928,0.859,1.916,585,690,73.301,1.193,1.64,0.61,0.934
1870,1D-U-Z1.tif,1.634,4.691,0.933,1.782,685,691,55.491,1.272,1.418,0.705,0.939
1871,1D-U-Z1.tif,1.6,4.614,0.944,1.654,390,694,56.31,1.377,1.135,0.881,0.938
1872,1D-U-Z1.tif,2.004,5.187,0.936,1.892,266,679,104.036,1.377,1.316,0.76,0.944
1873,1D-U-Z1.tif,1.533,4.592,0.913,1.692,520,681,102.529,1.101,1.452,0.689,0.948
1874,1D-U-Z1.tif,4.792,8.419,0.85,3.063,706,716,81.384,2.111,1.454,0.688,0.945
1875,1D-U-Z1.tif,1.398,5.491,0.583,1.936,501,703,58.57,1.309,1.819,0.55,0.743
1876,1D-U-Z1.tif,1.305,4.431,0.835,1.714,675,692,105.524,1.101,1.566,0.638,0.914
1877,1D-U-Z1.tif,1.322,6.194,0.433,1.835,421,700,143.13,1.456,1.229,0.814,0.706
1878,1D-U-Z1.tif,1.625,7.913,0.326,1.977,596,702,111.801,1.652,1.202,0.832,0.644
1879,1D-U-Z1.tif,1.12,3.912,0.92,1.364,400,704,109.654,1.101,1.18,0.848,0.927
1880,1D-U-Z2.tif,11.338,12.876,0.859,4.353,298,123,73.431,3.5,1.237,0.808,0.978
1881,1D-U-Z2.tif,3.581,7.407,0.82,2.631,127,88,79.426,1.809,1.464,0.683,0.964
1882,1D-U-Z2.tif,0.868,4.588,0.518,1.54,223,59,55.954,1.049,1.42,0.704,0.772
1883,1D-U-Z2.tif,0.794,4.093,0.596,1.576,401,68,79.919,0.705,2.47,0.405,0.906
1884,1D-U-Z2.tif,1.542,4.58,0.924,1.511,705,59,34.778,1.345,1.043,0.959,0.97
1885,1D-U-Z2.tif,1.076,4.166,0.779,1.606,426,77,75.069,0.873,1.879,0.532,0.949
1886,1D-U-Z2.tif,0.946,5.547,0.387,1.712,168,77,170.727,1.055,1.993,0.502,0.698
1887,1D-U-Z2.tif,1.006,4.199,0.717,1.492,839,67,123.69,1.061,1.411,0.709,0.905
1888,1D-U-Z2.tif,1.449,5.311,0.646,2.024,244,68,113.07,1.029,2.023,0.494,0.9
1889,1D-U-Z2.tif,2.618,6.273,0.836,2.241,721,142,67.38,1.535,1.455,0.687,0.967
1890,1D-U-Z2.tif,1.021,3.821,0.879,1.291,924,116,55.886,1.079,1.19,0.841,0.949
1891,1D-U-Z2.tif,2.489,6.574,0.724,2.152,681,152,83.558,1.517,1.419,0.705,0.937
1892,1D-U-Z2.tif,1.155,7.24,0.277,1.894,506,140,169.509,1.183,2.104,0.475,0.617
1893,1D-U-Z2.tif,0.845,7.213,0.204,1.673,478,131,98.297,1.375,1.455,0.687,0.489
1894,1D-U-Z2.tif,2.19,8.081,0.421,2.592,93,196,40.684,1.621,1.388,0.72,0.766
1895,1D-U-Z2.tif,1.448,4.812,0.786,1.531,722,195,54.162,1.266,1.144,0.874,0.937
1896,1D-U-Z2.tif,0.716,3.232,0.861,1.137,625,165,104.036,0.862,1.294,0.773,0.941
1897,1D-U-Z2.tif,0.819,3.76,0.728,1.313,535,180,150.068,0.972,1.356,0.738,0.892
1898,1D-U-Z2.tif,2.201,5.839,0.811,2.139,348,231,69.228,1.366,1.586,0.63,0.957
1899,1D-U-Z2.tif,2.055,5.38,0.892,1.8,448,195,110.171,1.547,1.126,0.888,0.965
1900,1D-U-Z2.tif,3.823,7.671,0.816,2.494,815,196,95.553,2.034,1.204,0.83,0.964
1901,1D-U-Z2.tif,2.483,7.696,0.527,2.211,524,197,100.784,1.635,1.335,0.749,0.845
1902,1D-U-Z2.tif,2.069,6.986,0.533,2.072,296,198,92.862,1.494,1.419,0.705,0.878
1903,1D-U-Z2.tif,1.732,4.987,0.876,1.698,24,202,102.907,1.388,1.247,0.802,0.96
1904,1D-U-Z2.tif,2.115,7.22,0.51,2.125,591,204,131.711,1.37,1.594,0.627,0.913
1905,1D-U-Z2.tif,1.433,5.178,0.672,2.053,698,245,29.148,1.122,1.658,0.603,0.908
1906,1D-U-Z2.tif,0.776,3.569,0.766,1.364,759,251,73.856,0.767,1.835,0.545,0.938
1907,1D-U-Z2.tif,1.546,5.153,0.732,1.715,894,267,74.846,1.138,1.478,0.677,0.942
1908,1D-U-Z2.tif,1.061,6.031,0.366,1.703,189,256,21.371,0.947,1.832,0.546,0.83
1909,1D-U-Z2.tif,1.084,7.635,0.234,1.758,572,236,101.31,1.236,1.333,0.75,0.698
1910,1D-U-Z2.tif,0.918,3.744,0.823,1.296,252,292,25.201,1,1.311,0.763,0.936
1911,1D-U-Z2.tif,0.969,3.825,0.833,1.345,601,270,112.62,0.931,1.376,0.727,0.953
1912,1D-U-Z2.tif,0.832,3.821,0.716,1.39,633,311,66.615,0.779,1.743,0.574,0.93
1913,1D-U-Z2.tif,2.168,6.16,0.718,2.115,744,336,65.943,1.432,1.519,0.658,0.933
1914,1D-U-Z2.tif,0.982,7.803,0.203,2.166,524,348,52.765,1.104,2.373,0.421,0.502
1915,1D-U-Z2.tif,0.962,4.837,0.517,1.741,887,299,97.97,0.86,2.309,0.433,0.82
1916,1D-U-Z2.tif,0.98,3.76,0.871,1.288,215,332,15.524,1.064,1.142,0.876,0.951
1917,1D-U-Z2.tif,0.781,6.117,0.262,1.735,975,368,69.044,1.017,1.997,0.501,0.547
1918,1D-U-Z2.tif,0.82,3.448,0.867,1.167,683,328,108.97,1.004,1.081,0.925,0.94
1919,1D-U-Z2.tif,0.774,3.313,0.886,1.179,465,335,105.255,0.851,1.409,0.71,0.954
1920,1D-U-Z2.tif,0.961,4.277,0.66,1.373,198,342,115.278,1.053,1.364,0.733,0.889
1921,1D-U-Z2.tif,1.736,9.517,0.241,2.002,611,411,47.793,1.681,1.203,0.831,0.699
1922,1D-U-Z2.tif,1.855,5.104,0.895,1.616,764,413,78.93,1.535,1.046,0.956,0.963
1923,1D-U-Z2.tif,5.672,9.193,0.843,3.119,865,517,71.966,2.387,1.301,0.769,0.966
1924,1D-U-Z2.tif,1.203,4.255,0.835,1.576,935,475,79.919,1,1.594,0.627,0.962
1925,1D-U-Z2.tif,1.18,6.741,0.326,2.058,303,446,121.293,1.048,1.997,0.501,0.8
1926,1D-U-Z2.tif,0.889,6.177,0.293,1.733,75,453,174.289,1.15,1.699,0.589,0.562
1927,1D-U-Z2.tif,1.598,7.07,0.402,2.456,222,506,51.843,1.104,2.432,0.411,0.781
1928,1D-U-Z2.tif,1.937,5.237,0.887,1.691,987,490,50.793,1.552,1.021,0.979,0.965
1929,1D-U-Z2.tif,2.265,6.652,0.643,2.166,708,514,76.185,1.364,1.672,0.598,0.926
1930,1D-U-Z2.tif,1.847,9.933,0.235,1.882,452,457,98.427,1.759,1.05,0.952,0.717
1931,1D-U-Z2.tif,0.753,5.811,0.28,2.335,610,509,16.294,0.743,4.063,0.246,0.594
1932,1D-U-Z2.tif,1.012,4.411,0.653,1.361,396,542,81.254,1.103,1.301,0.768,0.893
1933,1D-U-Z2.tif,2.497,6.164,0.826,2.156,600,547,7.352,1.552,1.401,0.714,0.962
1934,1D-U-Z2.tif,0.924,3.72,0.839,1.222,846,533,106.39,1.066,1.129,0.885,0.935
1935,1D-U-Z2.tif,1.036,4.231,0.727,1.407,113,589,78.69,0.986,1.483,0.674,0.898
1936,1D-U-Z2.tif,1.133,4.166,0.821,1.532,194,599,58.815,0.966,1.604,0.624,0.952
1937,1D-U-Z2.tif,2.937,6.895,0.776,2.36,244,630,78.198,1.614,1.502,0.666,0.954
1938,1D-U-Z2.tif,4.559,8.308,0.83,2.637,277,649,41.82,2.22,1.149,0.87,0.968
1939,1D-U-Z2.tif,0.721,3.525,0.729,1.234,928,629,63.435,0.785,1.566,0.639,0.922
1940,1D-U-Z2.tif,3.196,10.259,0.382,2.536,586,669,67.62,1.983,1.257,0.796,0.845
1941,1D-U-Z2.tif,3.876,7.582,0.847,2.643,82,676,82.504,1.997,1.335,0.749,0.966
1942,1D-U-Z2.tif,1.071,4.011,0.837,1.32,662,637,40.764,1.121,1.104,0.906,0.945
1943,1D-U-Z2.tif,3.178,6.773,0.871,2.269,23,639,109.537,1.781,1.27,0.787,0.969
1944,1D-U-Z2.tif,1.033,3.801,0.899,1.249,666,648,96.34,1.103,1.107,0.904,0.959
1945,1D-U-Z2.tif,1.422,5.368,0.62,1.909,756,710,69.928,1.04,1.94,0.515,0.915
1946,1D-U-Z2.tif,1.045,5.441,0.444,1.942,280,686,163.496,0.927,2.457,0.407,0.755
1947,1D-U-Z2.tif,2.434,6.46,0.733,2.336,589,715,8.489,1.414,1.738,0.575,0.929
1948,1D-U-Z2.tif,0.968,3.626,0.925,1.189,359,717,60.461,1.094,1.07,0.934,0.961
1949,1D-U-Z3.tif,0.979,3.86,0.826,1.331,538,121,114.201,0.955,1.326,0.754,0.965
1950,1D-U-Z3.tif,0.766,3.753,0.684,1.124,741,266,104.036,0.957,1.102,0.907,0.936
1951,1D-U-Z3.tif,1.874,5.643,0.739,1.637,891,430,12.995,1.521,1.051,0.951,0.962
1952,1D-U-Z3.tif,0.519,3.244,0.62,1.091,392,548,36.87,0.685,1.736,0.576,0.91
1953,2D-C-Z1.tif,1.213,4.073,0.919,1.527,298,3,122.735,1.009,1.358,0.736,0.954
1954,2D-C-Z1.tif,2.409,6.203,0.787,2.402,332,3,96.582,1.468,1.581,0.633,0.906
1955,2D-C-Z1.tif,2.611,10.938,0.274,3.807,165,6,164.624,1.671,1.984,0.504,0.621
1956,2D-C-Z1.tif,2.4,6.624,0.687,2.266,446,26,31.759,1.601,1.418,0.705,0.847
1957,2D-C-Z1.tif,1.204,4.194,0.86,1.48,384,18,150.255,1.194,1.253,0.798,0.888
1958,2D-C-Z1.tif,2.274,5.653,0.894,1.872,493,17,101.31,1.653,1.118,0.894,0.922
1959,2D-C-Z1.tif,4.076,12.625,0.321,4.378,677,58,56.976,2.363,1.737,0.576,0.577
1960,2D-C-Z1.tif,2.046,5.317,0.91,1.916,374,21,106.699,1.447,1.329,0.753,0.933
1961,2D-C-Z1.tif,2.451,8.105,0.469,2.359,419,47,76.504,1.985,1.208,0.828,0.719
1962,2D-C-Z1.tif,1.137,3.956,0.913,1.451,339,41,71.565,1.168,1.27,0.788,0.912
1963,2D-C-Z1.tif,1.07,3.858,0.903,1.404,636,44,78.69,1.009,1.284,0.779,0.917
1964,2D-C-Z1.tif,1.507,5.469,0.633,1.964,258,32,142.595,1.295,1.765,0.567,0.817
1965,2D-C-Z1.tif,1.128,3.934,0.916,1.513,284,32,104.036,1.009,1.477,0.677,0.924
1966,2D-C-Z1.tif,7.815,16.014,0.383,4.611,82,85,42.58,3.304,1.303,0.767,0.727
1967,2D-C-Z1.tif,1.086,4.171,0.785,1.451,538,50,34.695,1.101,1.342,0.745,0.857
1968,2D-C-Z1.tif,1.482,4.637,0.866,1.642,614,39,116.565,1.354,1.155,0.866,0.898
1969,2D-C-Z1.tif,2.257,8.074,0.435,2.867,330,63,39.806,1.255,2.868,0.349,0.765
1970,2D-C-Z1.tif,1.768,7.631,0.382,2.774,227,48,124.216,1.158,2.75,0.364,0.743
1971,2D-C-Z1.tif,1.331,5.599,0.533,1.828,376,61,17.526,1.272,1.703,0.587,0.765
1972,2D-C-Z1.tif,1.743,4.95,0.894,1.782,500,68,78.111,1.377,1.293,0.774,0.922
1973,2D-C-Z1.tif,2.51,6.884,0.666,2.471,561,76,74.932,1.468,1.718,0.582,0.9
1974,2D-C-Z1.tif,2.055,5.608,0.821,2.181,580,51,104.621,1.285,1.529,0.654,0.922
1975,2D-C-Z1.tif,1.457,4.431,0.932,1.527,447,68,57.265,1.368,1.086,0.921,0.923
1976,2D-C-Z1.tif,3.006,6.646,0.855,2.402,638,56,96.582,1.744,1.341,0.746,0.93
1977,2D-C-Z1.tif,1.895,5.058,0.931,1.803,482,58,104.744,1.377,1.257,0.795,0.939
1978,2D-C-Z1.tif,1.373,4.355,0.91,1.603,290,60,113.629,1.193,1.316,0.76,0.924
1979,2D-C-Z1.tif,1.255,5.469,0.527,1.856,345,62,98.531,1.101,1.845,0.542,0.78
1980,2D-C-Z1.tif,1.095,6.951,0.285,2.52,427,65,123.111,1.053,2.938,0.34,0.56
1981,2D-C-Z1.tif,1.474,5.317,0.655,1.977,616,83,68.199,1.152,1.806,0.554,0.854
1982,2D-C-Z1.tif,2.35,7.027,0.598,2.791,655,63,117.408,1.312,2.427,0.412,0.816
1983,2D-C-Z1.tif,1.718,5.339,0.757,1.763,407,71,128.66,1.553,1.078,0.928,0.879
1984,2D-C-Z1.tif,1.238,5.545,0.506,2.34,367,71,138.18,0.96,2.856,0.35,0.778
1985,2D-C-Z1.tif,1.23,4.194,0.879,1.568,519,88,69.444,1.149,1.371,0.729,0.904
1986,2D-C-Z1.tif,1.347,4.203,0.959,1.56,6,73,118.072,1.101,1.253,0.798,0.967
1987,2D-C-Z1.tif,3.057,10.657,0.338,3.817,312,80,152.819,1.722,2.965,0.337,0.627
1988,2D-C-Z1.tif,1.204,5.599,0.483,2.257,101,78,116.565,0.937,2.606,0.384,0.794
1989,2D-C-Z1.tif,1.145,3.934,0.93,1.451,463,80,108.435,1.101,1.303,0.767,0.919
1990,2D-C-Z1.tif,5.188,12.644,0.408,3.653,515,101,168.408,2.914,1.249,0.801,0.723
1991,2D-C-Z1.tif,4.893,13.543,0.335,3.584,622,118,76.675,2.672,1.584,0.631,0.703
1992,2D-C-Z1.tif,1.364,4.44,0.87,1.642,288,102,63.435,1.101,1.372,0.729,0.942
1993,2D-C-Z1.tif,1.103,5.738,0.421,2.359,561,97,13.496,0.796,3.856,0.259,0.728
1994,2D-C-Z1.tif,3.478,12.084,0.299,3.963,205,103,132.184,2.444,2.126,0.47,0.58
1995,2D-C-Z1.tif,1.743,5.004,0.875,1.803,340,104,104.744,1.354,1.378,0.726,0.926
1996,2D-C-Z1.tif,1.154,3.966,0.922,1.48,376,119,60.255,1.101,1.293,0.773,0.938
1997,2D-C-Z1.tif,1.078,5.554,0.439,2.34,689,133,64.44,0.834,3.017,0.331,0.742
1998,2D-C-Z1.tif,1.103,4.431,0.706,1.505,268,127,52.431,1.143,1.34,0.746,0.862
1999,2D-C-Z1.tif,1.137,4.118,0.843,1.603,328,113,103.241,1.002,1.636,0.611,0.909
2000,2D-C-Z1.tif,1.962,7.242,0.47,2.21,648,134,41.634,1.411,1.731,0.578,0.803
2001,2D-C-Z1.tif,1.592,5.371,0.693,1.985,531,118,146.31,1.304,1.494,0.669,0.849
2002,2D-C-Z1.tif,1.23,4.82,0.665,1.828,601,121,107.526,1.053,1.713,0.584,0.83
2003,2D-C-Z1.tif,2.147,5.792,0.804,2.22,668,122,97.125,1.285,1.709,0.585,0.927
2004,2D-C-Z1.tif,1.878,5.393,0.811,2.004,565,125,105.945,1.377,1.43,0.699,0.894
2005,2D-C-Z1.tif,1.103,3.934,0.896,1.398,502,140,66.801,1.193,1.116,0.896,0.913
2006,2D-C-Z1.tif,1.036,3.858,0.874,1.494,581,145,79.38,0.918,1.535,0.652,0.918
2007,2D-C-Z1.tif,1.996,6.874,0.531,1.985,401,147,33.69,1.637,1.186,0.843,0.817
2008,2D-C-Z1.tif,2.695,11.686,0.248,3.039,206,165,61.113,2.174,1.444,0.693,0.593
2009,2D-C-Z1.tif,1.895,5.693,0.735,2.27,532,137,104.036,1.101,2.001,0.5,0.939
2010,2D-C-Z1.tif,1.726,7.197,0.419,2.302,546,137,113.499,1.226,1.767,0.566,0.802
2011,2D-C-Z1.tif,3.385,7.045,0.857,2.649,513,141,104.036,1.652,1.584,0.631,0.945
2012,2D-C-Z1.tif,1.541,6.463,0.464,2.038,479,142,125.838,1.425,1.373,0.728,0.761
2013,2D-C-Z1.tif,1.28,5.782,0.481,2.093,266,147,164.745,1.193,2.233,0.448,0.705
2014,2D-C-Z1.tif,1.642,7.143,0.404,1.945,632,172,70.71,1.56,1.154,0.866,0.74
2015,2D-C-Z1.tif,1.516,4.82,0.82,1.845,401,161,5.711,1.193,1.583,0.632,0.896
2016,2D-C-Z1.tif,2.83,6.463,0.851,2.22,446,154,97.125,1.799,1.229,0.813,0.918
2017,2D-C-Z1.tif,1.71,6.011,0.595,1.947,714,175,81.87,1.574,1.081,0.925,0.773
2018,2D-C-Z1.tif,1.019,3.675,0.948,1.364,653,171,70.346,1.009,1.306,0.766,0.924
2019,2D-C-Z1.tif,1.558,5.295,0.698,2.015,664,157,120.069,1.26,1.491,0.671,0.841
2020,2D-C-Z1.tif,2.602,6.02,0.902,2.181,376,181,75.379,1.611,1.357,0.737,0.931
2021,2D-C-Z1.tif,1.128,4.409,0.73,1.847,413,187,63.435,0.842,2.347,0.426,0.902
2022,2D-C-Z1.tif,1.752,5.567,0.71,1.945,621,169,109.29,1.323,1.465,0.682,0.83
2023,2D-C-Z1.tif,2.021,6.302,0.64,2.21,643,174,94.764,1.377,1.405,0.712,0.844
2024,2D-C-Z1.tif,1.76,4.982,0.891,1.782,337,177,124.509,1.451,1.184,0.845,0.927
2025,2D-C-Z1.tif,1.364,4.377,0.895,1.568,388,193,69.444,1.285,1.181,0.846,0.91
2026,2D-C-Z1.tif,3.924,13.271,0.28,4.679,427,186,168.69,2.019,3.483,0.287,0.568
2027,2D-C-Z1.tif,1.095,4.561,0.661,1.605,312,179,120.964,1.184,1.498,0.668,0.805
2028,2D-C-Z1.tif,1.55,5.966,0.547,2.013,547,203,65.772,1.455,1.549,0.646,0.739
2029,2D-C-Z1.tif,7.394,21.196,0.207,5.635,484,229,30.324,2.779,2.551,0.392,0.618
2030,2D-C-Z1.tif,1.827,9.457,0.257,3.564,679,187,101.889,1.116,3.859,0.259,0.576
2031,2D-C-Z1.tif,2.627,6.172,0.867,2.233,371,190,99.462,1.652,1.31,0.764,0.929
2032,2D-C-Z1.tif,1.373,4.431,0.879,1.626,281,208,73.61,1.193,1.378,0.726,0.913
2033,2D-C-Z1.tif,1.55,5.729,0.593,1.962,601,212,79.216,1.285,1.469,0.681,0.823
2034,2D-C-Z1.tif,4.152,7.564,0.912,2.672,331,195,105.945,2.019,1.252,0.799,0.957
2035,2D-C-Z1.tif,1.634,5.339,0.72,1.985,654,199,123.69,1.313,1.532,0.653,0.857
2036,2D-C-Z1.tif,1.314,4.194,0.939,1.425,396,224,75.069,1.285,1.062,0.942,0.918
2037,2D-C-Z1.tif,1.693,5.187,0.79,1.962,672,239,79.216,1.21,1.66,0.602,0.897
2038,2D-C-Z1.tif,1.044,4.843,0.56,1.483,356,225,158.199,1.101,1.535,0.652,0.785
2039,2D-C-Z1.tif,3.966,7.855,0.808,2.827,636,225,103.134,1.835,1.525,0.656,0.94
2040,2D-C-Z1.tif,1.187,4.171,0.858,1.584,657,227,100.008,1.009,1.58,0.633,0.907
2041,2D-C-Z1.tif,1.987,5.339,0.876,1.91,532,230,125.218,1.492,1.278,0.782,0.911
2042,2D-C-Z1.tif,1.171,4.194,0.836,1.425,695,230,104.931,1.101,1.24,0.806,0.911
2043,2D-C-Z1.tif,2.257,9.121,0.341,3.063,399,244,8.616,1.762,1.935,0.517,0.587
2044,2D-C-Z1.tif,1.128,4.301,0.767,1.692,482,231,102.529,0.902,1.943,0.515,0.89
2045,2D-C-Z1.tif,1.288,5.501,0.535,2.266,104,238,111.371,0.95,2.572,0.389,0.789
2046,2D-C-Z1.tif,1.288,4.323,0.866,1.584,328,238,100.008,1.193,1.317,0.759,0.903
2047,2D-C-Z1.tif,1.322,4.333,0.885,1.685,503,248,29.358,1.101,1.35,0.741,0.952
2048,2D-C-Z1.tif,2.855,9.609,0.389,3.252,253,263,16.39,1.897,1.684,0.594,0.706
2049,2D-C-Z1.tif,4.185,12.85,0.319,3.699,340,279,29.745,2.046,1.498,0.667,0.668
2050,2D-C-Z1.tif,2.585,7.846,0.528,2.699,584,258,144.689,1.553,1.917,0.522,0.842
2051,2D-C-Z1.tif,2.072,7.295,0.489,2.302,459,280,66.501,1.616,1.537,0.65,0.757
2052,2D-C-Z1.tif,2.83,7.738,0.594,2.444,503,264,145.713,2.008,1.14,0.878,0.821
2053,2D-C-Z1.tif,1.39,5.545,0.568,1.782,195,263,145.491,1.233,1.588,0.63,0.784
2054,2D-C-Z1.tif,1.036,5.653,0.407,2.113,752,282,55.62,1.045,2.521,0.397,0.632
2055,2D-C-Z1.tif,2.181,7.989,0.429,2.449,613,270,167.005,1.724,1.397,0.716,0.699
2056,2D-C-Z1.tif,1.061,5.438,0.451,2.257,461,285,26.565,0.928,3.091,0.323,0.708
2057,2D-C-Z1.tif,3.251,7.045,0.823,2.438,377,301,70.201,1.713,1.364,0.733,0.933
2058,2D-C-Z1.tif,1.314,6.127,0.44,1.605,437,276,120.964,1.377,1.073,0.932,0.761
2059,2D-C-Z1.tif,1.255,4.301,0.852,1.538,361,292,72.646,1.157,1.291,0.775,0.892
2060,2D-C-Z1.tif,1.659,4.713,0.939,1.626,502,293,73.61,1.447,1.126,0.888,0.925
2061,2D-C-Z1.tif,1.002,4.064,0.763,1.513,548,279,165.964,1.101,1.212,0.825,0.85
2062,2D-C-Z1.tif,2.493,5.868,0.91,2.119,594,278,107.65,1.56,1.281,0.781,0.944
2063,2D-C-Z1.tif,2.392,8.701,0.397,2.294,683,299,53.13,1.835,1.142,0.875,0.782
2064,2D-C-Z1.tif,2.131,8.074,0.411,2.625,294,306,53.531,1.4,2.006,0.498,0.754
2065,2D-C-Z1.tif,1.667,4.798,0.91,1.654,634,301,70.56,1.358,1.203,0.831,0.932
2066,2D-C-Z1.tif,1.971,9.35,0.283,2.235,542,310,70.821,1.828,1.348,0.742,0.624
2067,2D-C-Z1.tif,1.305,4.874,0.69,1.936,561,309,58.57,1.056,1.764,0.567,0.876
2068,2D-C-Z1.tif,1.398,4.431,0.895,1.538,409,291,107.354,1.193,1.258,0.795,0.922
2069,2D-C-Z1.tif,4.438,16.309,0.21,4.124,333,296,147.724,2.415,2.145,0.466,0.613
2070,2D-C-Z1.tif,2.695,6.463,0.811,2.352,423,294,110.556,1.744,1.286,0.778,0.908
2071,2D-C-Z1.tif,4.194,11.78,0.38,3.737,502,332,65.323,1.849,2.066,0.484,0.78
2072,2D-C-Z1.tif,3.773,7.824,0.775,2.932,384,330,69.864,1.847,1.583,0.632,0.921
2073,2D-C-Z1.tif,1.491,5.393,0.644,1.892,644,318,50.906,1.19,1.716,0.583,0.837
2074,2D-C-Z1.tif,3.251,8.83,0.524,3.369,78,302,150.642,1.613,2.373,0.421,0.779
2075,2D-C-Z1.tif,1.583,8.571,0.271,2.921,180,302,136.273,1.518,2.494,0.401,0.548
2076,2D-C-Z1.tif,1.92,5.447,0.813,1.97,606,306,117.759,1.468,1.249,0.801,0.907
2077,2D-C-Z1.tif,1.651,5.026,0.821,1.741,403,312,108.435,1.44,1.146,0.872,0.889
2078,2D-C-Z1.tif,1.305,4.118,0.967,1.425,293,313,104.931,1.193,1.131,0.884,0.934
2079,2D-C-Z1.tif,1.305,6.042,0.449,1.808,581,313,113.962,1.468,1.204,0.831,0.708
2080,2D-C-Z1.tif,1.305,4.453,0.827,1.527,459,320,122.735,1.231,1.212,0.825,0.878
2081,2D-C-Z1.tif,2.88,7.77,0.599,2.423,540,323,114.624,1.837,1.262,0.793,0.842
2082,2D-C-Z1.tif,1.634,4.735,0.916,1.626,388,339,16.39,1.425,1.106,0.904,0.911
2083,2D-C-Z1.tif,1.019,5.859,0.373,2.345,305,331,120.579,0.903,3.47,0.288,0.689
2084,2D-C-Z1.tif,1.086,6.15,0.361,1.916,179,332,106.699,1.097,2.056,0.486,0.719
2085,2D-C-Z1.tif,3.537,9.663,0.476,3.643,79,335,139.086,1.833,2.168,0.461,0.795
2086,2D-C-Z1.tif,1.971,8.311,0.358,2.71,564,351,28.301,1.424,2.257,0.443,0.712
2087,2D-C-Z1.tif,4.219,10.061,0.524,3.349,517,336,99.462,1.744,2.181,0.458,0.859
2088,2D-C-Z1.tif,1.777,5.134,0.847,1.872,628,359,78.69,1.364,1.367,0.732,0.911
2089,2D-C-Z1.tif,1.002,4.659,0.58,1.626,471,342,106.39,0.899,2.066,0.484,0.824
2090,2D-C-Z1.tif,2.341,5.814,0.87,2.181,667,367,75.379,1.468,1.491,0.671,0.931
2091,2D-C-Z1.tif,1.027,6.118,0.345,1.685,401,359,29.358,1.23,1.577,0.634,0.621
2092,2D-C-Z1.tif,1.39,4.377,0.911,1.513,371,350,104.036,1.285,1.12,0.893,0.907
2093,2D-C-Z1.tif,4.994,14.591,0.295,3.584,567,357,140.194,2.9,1.219,0.82,0.701
2094,2D-C-Z1.tif,2.67,8.302,0.487,2.414,549,383,81.254,2.019,1.124,0.89,0.772
2095,2D-C-Z1.tif,1.364,7.707,0.289,2.675,268,370,22.166,1.016,2.991,0.334,0.643
2096,2D-C-Z1.tif,2.442,6.441,0.74,2.336,453,363,135,1.636,1.315,0.761,0.912
2097,2D-C-Z1.tif,1.23,4.247,0.856,1.624,475,377,42.709,1.161,1.419,0.705,0.915
2098,2D-C-Z1.tif,2.501,8.235,0.463,3.027,648,365,104.036,1.305,2.868,0.349,0.771
2099,2D-C-Z1.tif,1.162,4.614,0.686,1.654,706,365,109.44,1.009,1.633,0.612,0.847
2100,2D-C-Z1.tif,1.617,4.852,0.863,1.847,364,368,116.565,1.285,1.408,0.71,0.912
2101,2D-C-Z1.tif,1.263,5.384,0.548,1.892,498,368,129.094,1.285,1.305,0.766,0.773
2102,2D-C-Z1.tif,2.745,10.84,0.294,3.667,78,371,148.299,1.781,2.107,0.475,0.653
2103,2D-C-Z1.tif,1.474,4.637,0.861,1.654,343,377,109.44,1.285,1.258,0.795,0.909
2104,2D-C-Z1.tif,1.044,4.637,0.61,1.513,401,406,75.964,1.177,1.419,0.705,0.775
2105,2D-C-Z1.tif,2.51,6.861,0.67,2.15,451,391,140.194,1.744,1.064,0.94,0.879
2106,2D-C-Z1.tif,5.769,9.976,0.728,3.636,550,391,100.176,2.544,1.298,0.77,0.905
2107,2D-C-Z1.tif,2.147,5.577,0.868,2.038,602,421,82.235,1.468,1.354,0.739,0.912
2108,2D-C-Z1.tif,5.878,15.759,0.297,4.611,641,399,121.159,2.216,2.185,0.458,0.709
2109,2D-C-Z1.tif,1.726,4.896,0.905,1.692,409,411,167.471,1.454,1.139,0.878,0.911
2110,2D-C-Z1.tif,2.425,7.953,0.482,2.424,501,413,150.524,1.56,1.544,0.648,0.821
2111,2D-C-Z1.tif,2.063,5.349,0.906,1.892,478,431,67.166,1.468,1.272,0.786,0.946
2112,2D-C-Z1.tif,1.474,9.112,0.223,2.949,703,422,95.356,1.56,2.22,0.45,0.442
2113,2D-C-Z1.tif,1.474,4.453,0.934,1.654,362,443,70.56,1.272,1.304,0.767,0.931
2114,2D-C-Z1.tif,2.206,5.653,0.868,1.981,625,427,103.392,1.468,1.318,0.759,0.931
2115,2D-C-Z1.tif,1.533,5.491,0.639,2.07,295,433,167.196,1.149,1.933,0.517,0.829
2116,2D-C-Z1.tif,2.88,9.077,0.439,2.599,432,435,132.138,2.004,1.071,0.934,0.723
2117,2D-C-Z1.tif,2.931,7.197,0.711,2.628,470,465,77.905,1.744,1.356,0.738,0.885
2118,2D-C-Z1.tif,1.499,5.501,0.623,2.266,526,460,68.629,1.067,2.35,0.426,0.85
2119,2D-C-Z1.tif,1.305,5.004,0.655,1.765,562,447,27.897,1.285,1.25,0.8,0.845
2120,2D-C-Z1.tif,1.44,6.441,0.436,2.35,94,440,128.66,1.282,2.22,0.45,0.65
2121,2D-C-Z1.tif,1.474,4.453,0.934,1.654,370,459,70.56,1.285,1.228,0.814,0.926
2122,2D-C-Z1.tif,1.112,6.409,0.34,2.462,284,446,153.435,0.935,3.27,0.306,0.618
2123,2D-C-Z1.tif,1.263,4.377,0.828,1.654,424,447,109.44,1.09,1.55,0.645,0.904
2124,2D-C-Z1.tif,3.192,8.916,0.505,3.309,78,449,109.44,1.674,2.302,0.434,0.804
2125,2D-C-Z1.tif,1.246,4.279,0.855,1.538,659,458,107.354,1.101,1.323,0.756,0.922
2126,2D-C-Z1.tif,1.895,5.187,0.885,1.782,595,479,55.491,1.558,1.149,0.87,0.922
2127,2D-C-Z1.tif,2.383,8.83,0.384,2.827,328,463,125.754,1.74,1.674,0.597,0.678
2128,2D-C-Z1.tif,1.027,4.14,0.753,1.642,350,464,116.565,0.944,1.709,0.585,0.884
2129,2D-C-Z1.tif,2.282,5.608,0.912,1.936,624,466,121.43,1.56,1.223,0.818,0.934
2130,2D-C-Z1.tif,1.027,4.086,0.773,1.398,685,482,66.801,1.099,1.281,0.781,0.859
2131,2D-C-Z1.tif,2.08,5.187,0.971,1.828,380,469,107.526,1.468,1.167,0.857,0.954
2132,2D-C-Z1.tif,1.221,5.362,0.534,1.803,422,484,14.744,1.349,1.139,0.878,0.729
2133,2D-C-Z1.tif,1.928,8.906,0.306,3.41,511,506,66.194,1.152,3.921,0.255,0.622
2134,2D-C-Z1.tif,1.331,5.706,0.513,1.947,103,474,98.13,1.058,2.095,0.477,0.784
2135,2D-C-Z1.tif,1.23,5.058,0.604,1.947,450,474,98.13,1.009,1.71,0.585,0.804
2136,2D-C-Z1.tif,1.145,3.956,0.919,1.336,540,477,105.945,1.193,1.095,0.913,0.916
2137,2D-C-Z1.tif,1.625,6.096,0.55,2.175,715,499,62.354,1.358,1.418,0.705,0.798
2138,2D-C-Z1.tif,1.095,4.507,0.677,1.782,361,482,124.509,0.985,1.944,0.514,0.818
2139,2D-C-Z1.tif,3.377,9.954,0.428,2.955,452,515,53.842,2.193,1.454,0.688,0.75
2140,2D-C-Z1.tif,3.158,8.853,0.506,2.738,581,517,76.43,1.827,1.636,0.611,0.839
2141,2D-C-Z1.tif,1.036,3.652,0.976,1.401,419,489,121.608,1.009,1.216,0.823,0.953
2142,2D-C-Z1.tif,1.499,4.668,0.864,1.724,303,509,64.799,1.285,1.318,0.759,0.915
2143,2D-C-Z1.tif,1.07,5.026,0.532,1.425,388,497,104.931,1.193,1.042,0.959,0.836
2144,2D-C-Z1.tif,2.097,10.625,0.233,3.454,671,522,39.611,1.605,2.018,0.496,0.524
2145,2D-C-Z1.tif,2.122,6.279,0.676,2.302,408,501,113.499,1.377,1.538,0.65,0.887
2146,2D-C-Z1.tif,2.476,9.694,0.331,3.17,244,502,112.109,1.491,2.521,0.397,0.647
2147,2D-C-Z1.tif,3.124,7.175,0.763,2.52,617,527,56.889,1.744,1.38,0.724,0.913
2148,2D-C-Z1.tif,1.726,5.134,0.823,1.803,440,528,75.256,1.468,1.302,0.768,0.884
2149,2D-C-Z1.tif,1.246,5.599,0.5,2.316,77,524,33.69,1.093,3.045,0.328,0.731
2150,2D-C-Z1.tif,1.415,4.485,0.884,1.654,492,522,19.44,1.193,1.204,0.83,0.913
2151,2D-C-Z1.tif,2.316,11.511,0.22,3.956,342,523,3.991,1.337,3.822,0.262,0.511
2152,2D-C-Z1.tif,2.417,8.875,0.386,2.506,536,534,23.749,1.819,1.562,0.64,0.762
2153,2D-C-Z1.tif,2.392,10.03,0.299,3.53,153,536,8.973,1.591,2.459,0.407,0.551
2154,2D-C-Z1.tif,1.819,8.235,0.337,2.962,641,533,16.189,1.434,2.251,0.444,0.678
2155,2D-C-Z1.tif,2.476,5.782,0.93,2.07,509,549,77.196,1.652,1.193,0.839,0.939
2156,2D-C-Z1.tif,1.987,5.339,0.876,1.782,339,553,34.509,1.601,1.054,0.949,0.913
2157,2D-C-Z1.tif,1.768,7.134,0.437,2.16,368,562,77.735,1.652,1.496,0.668,0.698
2158,2D-C-Z1.tif,3.082,6.517,0.912,2.34,479,539,101.31,1.744,1.325,0.755,0.943
2159,2D-C-Z1.tif,1.238,5.751,0.47,1.822,426,556,40.914,1.145,1.675,0.597,0.795
2160,2D-C-Z1.tif,1.499,8.853,0.24,2.625,712,546,143.531,1.645,1.418,0.705,0.542
2161,2D-C-Z1.tif,2.392,11.52,0.226,3.598,87,573,52.253,2.012,2.832,0.353,0.519
2162,2D-C-Z1.tif,1.71,4.982,0.866,1.707,570,558,53.746,1.377,1.099,0.91,0.916
2163,2D-C-Z1.tif,1.305,4.377,0.856,1.626,293,561,73.61,1.19,1.375,0.727,0.909
2164,2D-C-Z1.tif,3.057,11.673,0.282,2.874,451,545,106.699,2.06,1.522,0.657,0.636
2165,2D-C-Z1.tif,1.945,6.722,0.541,2.393,688,568,57.529,1.398,2.172,0.46,0.755
2166,2D-C-Z1.tif,1.794,6.494,0.534,2.414,130,553,171.254,1.11,2.371,0.422,0.793
2167,2D-C-Z1.tif,2.569,8.754,0.421,2.834,323,548,119.055,1.479,1.909,0.524,0.751
2168,2D-C-Z1.tif,1.305,8.723,0.216,2.989,281,555,107.879,1.266,2.729,0.366,0.46
2169,2D-C-Z1.tif,1.415,4.485,0.884,1.626,411,578,73.61,1.193,1.369,0.73,0.921
2170,2D-C-Z1.tif,4.943,12.166,0.42,4.534,76,564,125.942,2.341,2.084,0.48,0.666
2171,2D-C-Z1.tif,2.434,6.279,0.776,2.323,649,590,80.91,1.498,1.593,0.628,0.882
2172,2D-C-Z1.tif,1.844,5.156,0.872,1.772,487,567,111.251,1.536,1.117,0.895,0.916
2173,2D-C-Z1.tif,1.448,5.805,0.54,1.89,308,586,60.945,1.337,1.807,0.553,0.749
2174,2D-C-Z1.tif,2.333,5.684,0.907,2.013,518,588,43.152,1.642,1.189,0.841,0.936
2175,2D-C-Z1.tif,1.086,3.858,0.917,1.425,369,593,75.069,1.009,1.273,0.785,0.928
2176,2D-C-Z1.tif,3.158,7.801,0.652,2.88,551,579,112.479,1.744,1.779,0.562,0.901
2177,2D-C-Z1.tif,3.394,9.112,0.514,2.916,369,603,24.146,2.087,1.43,0.699,0.763
2178,2D-C-Z1.tif,1.625,5.111,0.782,1.977,447,583,111.801,1.193,1.746,0.573,0.898
2179,2D-C-Z1.tif,1.364,4.399,0.886,1.626,278,586,106.39,1.193,1.348,0.742,0.92
2180,2D-C-Z1.tif,2.088,5.899,0.754,2.352,543,586,110.556,1.202,2,0.5,0.932
2181,2D-C-Z1.tif,2.122,7.425,0.484,2.386,337,588,112.62,1.568,1.68,0.595,0.761
2182,2D-C-Z1.tif,1.061,6.463,0.319,2.081,706,611,48.576,1.133,2.175,0.46,0.628
2183,2D-C-Z1.tif,2.265,5.684,0.881,2.093,415,617,74.745,1.468,1.445,0.692,0.937
2184,2D-C-Z1.tif,2.594,6.181,0.853,2.294,619,601,106.26,1.536,1.489,0.672,0.932
2185,2D-C-Z1.tif,2.543,6.624,0.728,2.444,390,608,145.713,1.538,1.481,0.675,0.878
2186,2D-C-Z1.tif,1.651,4.744,0.922,1.772,456,621,68.749,1.285,1.367,0.731,0.936
2187,2D-C-Z1.tif,2.046,7.143,0.504,2.424,502,603,119.476,1.315,2.051,0.488,0.805
2188,2D-C-Z1.tif,1.533,4.972,0.779,1.892,528,607,112.834,1.167,1.659,0.603,0.897
2189,2D-C-Z1.tif,1.373,5.102,0.663,1.858,709,628,32.905,1.347,1.216,0.822,0.84
2190,2D-C-Z1.tif,1.23,4.529,0.753,1.527,309,619,122.735,1.259,1.129,0.886,0.859
2191,2D-C-Z1.tif,1.92,5.501,0.797,1.981,379,620,103.392,1.377,1.417,0.706,0.908
2192,2D-C-Z1.tif,2.055,6.494,0.612,2.382,484,649,74.358,1.239,2.069,0.483,0.856
2193,2D-C-Z1.tif,1.457,4.668,0.84,1.714,691,646,74.476,1.193,1.476,0.678,0.913
2194,2D-C-Z1.tif,3.739,13.843,0.245,5.342,516,630,94.927,1.56,4.515,0.222,0.587
2195,2D-C-Z1.tif,1.752,4.82,0.947,1.714,400,631,105.524,1.377,1.225,0.816,0.937
2196,2D-C-Z1.tif,1.465,4.637,0.856,1.605,582,650,59.036,1.277,1.208,0.828,0.923
2197,2D-C-Z1.tif,2.872,7.685,0.611,2.628,537,637,155.225,1.78,1.425,0.702,0.851
2198,2D-C-Z1.tif,1.693,5.814,0.629,2.093,419,654,37.875,1.272,1.856,0.539,0.822
2199,2D-C-Z1.tif,2.072,6.172,0.683,2.257,359,641,116.565,1.503,1.374,0.728,0.868
2200,2D-C-Z1.tif,1.272,8.343,0.23,3.349,179,645,170.538,0.787,5.55,0.18,0.546
2201,2D-C-Z1.tif,2.164,5.729,0.829,2.119,444,644,107.65,1.553,1.347,0.742,0.903
2202,2D-C-Z1.tif,2.981,7.219,0.719,2.649,346,674,75.964,1.652,1.584,0.631,0.909
2203,2D-C-Z1.tif,1.347,5.004,0.676,2.119,82,651,107.65,0.96,2.362,0.423,0.87
2204,2D-C-Z1.tif,1.423,4.561,0.86,1.803,636,670,75.256,1.101,1.631,0.613,0.923
2205,2D-C-Z1.tif,2.947,6.387,0.908,2.22,607,678,82.875,1.744,1.192,0.839,0.943
2206,2D-C-Z1.tif,1.76,4.896,0.923,1.741,496,673,71.565,1.468,1.215,0.823,0.927
2207,2D-C-Z1.tif,1.541,5.317,0.685,1.981,654,679,76.608,1.184,1.733,0.577,0.857
2208,2D-C-Z1.tif,2.19,7.501,0.489,2.34,427,687,78.69,1.468,1.752,0.571,0.8
2209,2D-C-Z1.tif,1.07,3.836,0.913,1.451,375,680,71.565,0.918,1.487,0.673,0.944
2210,2D-C-Z1.tif,1.634,4.798,0.892,1.714,391,683,74.476,1.285,1.325,0.755,0.928
2211,2D-C-Z1.tif,1.423,4.431,0.911,1.483,534,667,111.801,1.368,1.095,0.913,0.926
2212,2D-C-Z1.tif,4.91,16.673,0.222,5.013,76,668,156.251,2.765,2.451,0.408,0.456
2213,2D-C-Z1.tif,1.086,4.095,0.814,1.538,580,668,107.354,1.009,1.555,0.643,0.902
2214,2D-C-Z1.tif,1.507,5.317,0.67,1.731,292,671,122.005,1.285,1.198,0.835,0.891
2215,2D-C-Z1.tif,1.575,5.026,0.783,1.858,459,674,122.905,1.298,1.514,0.661,0.882
2216,2D-C-Z1.tif,1.575,4.776,0.868,1.687,351,697,67.62,1.285,1.215,0.823,0.923
2217,2D-C-Z1.tif,1.945,6.874,0.517,2.352,449,684,110.556,1.349,1.98,0.505,0.783
2218,2D-C-Z1.tif,1.903,6.884,0.505,2.302,637,707,66.501,1.285,1.781,0.562,0.793
2219,2D-C-Z1.tif,1.288,4.333,0.863,1.527,426,696,32.735,1.193,1.222,0.819,0.927
2220,2D-C-Z1.tif,1.128,4.064,0.859,1.538,411,707,72.646,1.074,1.457,0.686,0.902
2221,2D-C-Z1.tif,1.928,5.111,0.928,1.858,503,691,110.225,1.377,1.323,0.756,0.94
2222,2D-C-Z1.tif,1.945,5.165,0.916,1.828,487,712,72.474,1.377,1.274,0.785,0.945
2223,2D-C-Z1.tif,3.747,14.958,0.21,4.035,294,711,17.199,1.868,2.963,0.337,0.558
2224,2D-C-Z1.tif,1.895,6.226,0.614,2.233,423,696,99.462,1.56,1.207,0.828,0.809
2225,2D-C-Z1.tif,2.316,5.554,0.943,1.981,597,699,103.392,1.468,1.288,0.776,0.952
2226,2D-C-Z1.tif,1.044,3.966,0.834,1.568,582,704,110.556,0.918,1.752,0.571,0.929
2227,2D-C-Z1.tif,1.507,4.722,0.85,1.624,634,724,42.709,1.377,1.068,0.937,0.913
2228,2D-C-Z2.tif,1.156,4.036,0.891,1.395,17,41,81.469,1.103,1.252,0.799,0.96
2229,2D-C-Z2.tif,0.891,3.663,0.834,1.32,158,14,130.764,0.928,1.437,0.696,0.942
2230,2D-C-Z2.tif,3.342,14.132,0.21,3.812,34,68,5.711,1.979,1.545,0.647,0.652
2231,2D-C-Z2.tif,0.916,7.217,0.221,1.915,323,61,23.334,1.187,1.539,0.65,0.585
2232,2D-C-Z2.tif,1.455,8.824,0.235,1.848,523,96,81.416,1.505,1.146,0.872,0.689
2233,2D-C-Z2.tif,1.748,9.547,0.241,2.26,364,107,68.523,1.658,1.502,0.666,0.626
2234,2D-C-Z2.tif,1.627,6.27,0.52,1.945,727,50,127.073,1.504,1.088,0.919,0.837
2235,2D-C-Z2.tif,1.781,8.337,0.322,2.705,769,81,168.977,1.526,1.868,0.535,0.657
2236,2D-C-Z2.tif,0.804,4.711,0.455,1.352,153,82,37.747,1.024,1.18,0.847,0.782
2237,2D-C-Z2.tif,3.328,9.546,0.459,2.761,138,86,105.945,1.791,1.408,0.71,0.86
2238,2D-C-Z2.tif,0.847,6.133,0.283,1.993,374,126,37.266,0.774,3.412,0.293,0.643
2239,2D-C-Z2.tif,1.585,5.612,0.632,1.902,103,145,67.62,1.236,1.531,0.653,0.894
2240,2D-C-Z2.tif,1.665,5.035,0.825,1.639,482,97,98.471,1.345,1.199,0.834,0.947
2241,2D-C-Z2.tif,0.954,4.5,0.592,1.28,612,110,165.964,1.141,1.064,0.94,0.88
2242,2D-C-Z2.tif,0.823,3.939,0.666,1.298,987,138,73.009,1.04,1.205,0.83,0.863
2243,2D-C-Z2.tif,2.591,7.03,0.659,2.225,722,103,108.997,1.59,1.332,0.751,0.929
2244,2D-C-Z2.tif,0.932,3.979,0.74,1.536,967,112,99.039,0.841,1.909,0.524,0.928
2245,2D-C-Z2.tif,1.791,5.584,0.722,1.764,835,116,94.485,1.355,1.345,0.744,0.931
2246,2D-C-Z2.tif,1.185,5.145,0.563,1.822,644,180,60.524,0.98,1.913,0.523,0.87
2247,2D-C-Z2.tif,2.844,9.221,0.42,2.502,278,208,78.071,1.769,1.431,0.699,0.818
2248,2D-C-Z2.tif,1.515,5.214,0.7,1.745,218,145,127.776,1.189,1.442,0.693,0.925
2249,2D-C-Z2.tif,0.804,3.89,0.668,1.373,381,143,154.722,1,1.164,0.859,0.873
2250,2D-C-Z2.tif,1.402,9.15,0.21,2.594,861,210,66.501,1.312,2.457,0.407,0.561
2251,2D-C-Z2.tif,2.602,6.278,0.829,2.1,500,206,60.489,1.712,1.211,0.826,0.958
2252,2D-C-Z2.tif,3.894,10.728,0.425,2.994,159,237,57.225,2.051,1.621,0.617,0.865
2253,2D-C-Z2.tif,0.874,5.775,0.329,2.049,785,169,136.364,0.758,3.396,0.294,0.703
2254,2D-C-Z2.tif,1.49,4.654,0.865,1.59,773,226,77.471,1.276,1.238,0.808,0.953
2255,2D-C-Z2.tif,1.201,8.574,0.205,1.96,364,215,129.289,1.408,1.55,0.645,0.605
2256,2D-C-Z2.tif,0.736,4.431,0.471,1.522,472,237,13.092,0.904,1.709,0.585,0.798
2257,2D-C-Z2.tif,0.887,3.708,0.811,1.249,101,225,96.34,1.004,1.217,0.822,0.919
2258,2D-C-Z2.tif,2.57,6.164,0.85,2.16,597,284,70.408,1.61,1.359,0.736,0.964
2259,2D-C-Z2.tif,1.43,7.127,0.354,1.576,193,283,79.919,1.414,1.097,0.912,0.826
2260,2D-C-Z2.tif,1.09,4.369,0.718,1.473,783,285,73.686,1.038,1.503,0.665,0.916
2261,2D-C-Z2.tif,0.717,4.314,0.484,1.766,344,254,141.34,0.689,2.601,0.384,0.841
2262,2D-C-Z2.tif,0.867,4.401,0.562,1.313,684,258,150.068,1.097,1.175,0.851,0.853
2263,2D-C-Z2.tif,0.923,6.579,0.268,2.048,640,306,53.902,0.879,2.806,0.356,0.614
2264,2D-C-Z2.tif,0.83,3.614,0.798,1.265,437,260,107.447,0.899,1.452,0.688,0.923
2265,2D-C-Z2.tif,2.3,5.794,0.861,1.859,509,264,130.486,1.655,1.033,0.968,0.965
2266,2D-C-Z2.tif,1.032,4.231,0.724,1.431,321,266,105.376,1.122,1.405,0.712,0.883
2267,2D-C-Z2.tif,1.631,4.872,0.864,1.724,817,317,78.465,1.241,1.408,0.71,0.961
2268,2D-C-Z2.tif,2.227,6.424,0.678,2.217,924,282,95.356,1.448,1.57,0.637,0.933
2269,2D-C-Z2.tif,1.419,5.023,0.706,1.536,135,294,99.039,1.309,1.219,0.82,0.924
2270,2D-C-Z2.tif,0.916,6.014,0.318,1.867,167,300,94.236,1.185,1.383,0.723,0.622
2271,2D-C-Z2.tif,2.105,6.189,0.69,2.04,649,314,149.534,1.584,1.124,0.89,0.903
2272,2D-C-Z2.tif,1.768,5.432,0.753,1.83,506,313,132.709,1.476,1.2,0.833,0.93
2273,2D-C-Z2.tif,2.143,9.161,0.321,2.607,367,327,117.582,1.64,1.344,0.744,0.775
2274,2D-C-Z2.tif,1.202,4.361,0.794,1.636,412,371,55.305,1.113,1.431,0.699,0.944
2275,2D-C-Z2.tif,1.128,4.057,0.862,1.418,878,335,108.435,1.069,1.305,0.766,0.956
2276,2D-C-Z2.tif,1.609,4.828,0.867,1.658,612,386,73.072,1.345,1.23,0.813,0.953
2277,2D-C-Z2.tif,1.504,4.99,0.759,1.745,114,344,119.604,1.264,1.422,0.703,0.912
2278,2D-C-Z2.tif,1.219,4.837,0.655,1.691,61,367,101.768,1.063,1.508,0.663,0.9
2279,2D-C-Z2.tif,0.889,6.088,0.302,2,807,417,54.118,0.852,2.9,0.345,0.684
2280,2D-C-Z2.tif,0.988,3.767,0.875,1.283,878,387,120.7,0.966,1.248,0.801,0.957
2281,2D-C-Z2.tif,5.602,9.45,0.788,2.978,614,406,95.315,2.547,1.173,0.852,0.956
2282,2D-C-Z2.tif,2.083,5.986,0.731,1.999,743,484,75.005,1.379,1.448,0.69,0.94
2283,2D-C-Z2.tif,1.417,5.962,0.501,1.716,247,438,112.443,1.395,1.156,0.865,0.823
2284,2D-C-Z2.tif,1.659,5.084,0.806,1.86,852,492,79.315,1.219,1.533,0.652,0.95
2285,2D-C-Z2.tif,2.044,5.595,0.82,1.941,420,515,77.692,1.439,1.335,0.749,0.957
2286,2D-C-Z2.tif,1.188,4.665,0.686,1.765,448,530,77.593,0.905,1.993,0.502,0.925
2287,2D-C-Z2.tif,0.735,3.301,0.847,1.148,278,514,48.652,0.87,1.319,0.758,0.936
2288,2D-C-Z2.tif,0.87,4.016,0.678,1.298,158,490,129.611,0.984,1.163,0.86,0.896
2289,2D-C-Z2.tif,1.432,5.113,0.688,1.712,110,545,71.2,1.187,1.441,0.694,0.928
2290,2D-C-Z2.tif,2.044,5.873,0.745,1.928,812,501,100.305,1.411,1.367,0.732,0.94
2291,2D-C-Z2.tif,1.704,5.316,0.758,1.765,368,553,77.593,1.363,1.339,0.747,0.945
2292,2D-C-Z2.tif,1.673,8.769,0.273,2.91,539,588,84.56,1.293,2.6,0.385,0.602
2293,2D-C-Z2.tif,0.747,5.373,0.325,1.332,234,508,111.251,1.104,1.262,0.792,0.688
2294,2D-C-Z2.tif,2.489,11.164,0.251,2.577,313,513,114.507,1.976,1.045,0.957,0.618
2295,2D-C-Z2.tif,1.015,3.752,0.906,1.283,647,533,126.254,1.073,1.187,0.842,0.959
2296,2D-C-Z2.tif,1.58,5.023,0.787,1.767,134,587,72.979,1.274,1.407,0.711,0.948
2297,2D-C-Z2.tif,2.6,7.159,0.638,2.066,401,598,75.5,1.755,1.153,0.867,0.911
2298,2D-C-Z2.tif,1.279,4.658,0.741,1.745,273,554,108.435,1.066,1.606,0.623,0.926
2299,2D-C-Z2.tif,1.089,8.103,0.208,2.526,62,581,122.171,0.87,3.162,0.316,0.644
2300,2D-C-Z2.tif,1.185,4.206,0.842,1.493,904,581,96.633,1,1.488,0.672,0.955
2301,2D-C-Z2.tif,1.763,5.104,0.851,1.741,733,590,97.97,1.379,1.262,0.792,0.955
2302,2D-C-Z2.tif,2.243,6.31,0.708,2.052,818,655,65.158,1.502,1.297,0.771,0.919
2303,2D-C-Z2.tif,1.228,4.329,0.824,1.549,36,645,78.44,1.103,1.361,0.735,0.944
2304,2D-C-Z2.tif,0.929,4.576,0.557,1.653,970,648,66.644,0.896,1.675,0.597,0.856
2305,2D-C-Z2.tif,1.382,8.252,0.255,2.121,261,654,44.341,1.693,1.053,0.949,0.553
2306,2D-C-Z2.tif,2.051,5.38,0.89,1.814,162,663,81.254,1.483,1.179,0.848,0.965
2307,2D-C-Z2.tif,1.187,4.166,0.859,1.42,337,627,119.055,1.087,1.286,0.778,0.956
2308,2D-C-Z2.tif,1.075,3.882,0.896,1.304,576,636,127.476,1.095,1.188,0.842,0.959
2309,2D-C-Z2.tif,0.73,5.348,0.321,1.934,13,652,176.934,0.998,2.776,0.36,0.603
2310,2D-C-Z2.tif,0.82,4.788,0.45,1.3,326,658,111.801,1.091,1.113,0.899,0.781
2311,2D-C-Z2.tif,0.883,7.111,0.22,1.614,67,703,70.017,1.026,1.488,0.672,0.688
2312,2D-C-Z2.tif,0.822,3.789,0.719,1.415,694,666,133.025,0.868,1.653,0.605,0.915
2313,2D-C-Z2.tif,0.803,3.464,0.84,1.219,913,696,81.87,0.897,1.294,0.773,0.94
2314,2D-C-Z2.tif,0.987,5.718,0.379,1.364,268,662,106.144,1.11,1.202,0.832,0.841
2315,2D-C-Z2.tif,0.882,3.508,0.901,1.199,754,712,71.565,0.966,1.235,0.81,0.957
2316,2D-C-Z3.tif,0.691,4.137,0.508,1.182,949,136,50.618,0.848,1.358,0.736,0.885
2317,2D-C-Z3.tif,2.293,6.056,0.785,1.868,495,95,140.034,1.629,1.043,0.959,0.974
2318,2D-C-Z3.tif,0.729,6.291,0.231,1.279,18,98,125.893,0.946,1.459,0.685,0.795
2319,2D-C-Z3.tif,2.095,7.591,0.457,2.05,852,207,145.57,1.573,1.137,0.88,0.895
2320,2D-C-Z3.tif,1.195,5.431,0.509,1.823,256,358,55.359,1.136,1.438,0.695,0.9
2321,2D-C-Z3.tif,1.59,6.359,0.494,1.635,758,388,70.507,1.374,1.215,0.823,0.936
2322,2D-C-Z3.tif,5.515,9.926,0.703,2.951,770,439,93.444,2.496,1.193,0.838,0.963
2323,2D-C-Z3.tif,2.075,10.501,0.236,2.295,423,580,168.69,1.379,1.797,0.556,0.778
2324,2D-C-Z3.tif,2.137,6.474,0.641,1.975,287,713,75.196,1.461,1.382,0.724,0.948
2325,2D-C-Z3.tif,0.654,5.513,0.271,1.203,872,702,70.128,0.869,1.485,0.674,0.835
2326,2D-C-Z3.tif,0.814,5.881,0.296,1.509,331,718,60.191,0.871,1.617,0.619,0.826
2327,2D-D-Z1.tif,3.486,7.596,0.759,2.774,465,3,124.216,1.973,1.368,0.731,0.883
2328,2D-D-Z1.tif,3.2,9.175,0.478,2.761,494,5,158.552,1.7,1.849,0.541,0.818
2329,2D-D-Z1.tif,1.44,5.415,0.617,1.947,259,25,81.87,1.259,1.673,0.598,0.779
2330,2D-D-Z1.tif,1.179,5.545,0.482,2.15,757,20,39.806,1.103,2.363,0.423,0.737
2331,2D-D-Z1.tif,1.432,6.713,0.399,2.181,546,6,112.249,1.363,1.816,0.551,0.697
2332,2D-D-Z1.tif,1.288,5.134,0.614,1.916,693,31,73.301,1.051,2.068,0.483,0.814
2333,2D-D-Z1.tif,2.703,6.213,0.88,2.14,320,35,59.036,1.652,1.228,0.814,0.937
2334,2D-D-Z1.tif,2.274,7.134,0.561,2.316,385,14,123.69,1.67,1.377,0.726,0.821
2335,2D-D-Z1.tif,3.133,6.539,0.921,2.359,523,43,76.504,1.835,1.287,0.777,0.944
2336,2D-D-Z1.tif,2.813,8.343,0.508,2.551,341,22,142.306,1.617,1.757,0.569,0.823
2337,2D-D-Z1.tif,1.954,5.241,0.894,1.872,494,26,101.31,1.377,1.278,0.783,0.928
2338,2D-D-Z1.tif,1.836,6.646,0.522,2.15,616,44,39.806,1.367,1.849,0.541,0.779
2339,2D-D-Z1.tif,1.6,6.884,0.424,2.345,281,33,149.421,1.218,2.257,0.443,0.687
2340,2D-D-Z1.tif,1.575,4.614,0.929,1.707,379,31,126.254,1.285,1.295,0.772,0.942
2341,2D-D-Z1.tif,2.383,7.998,0.468,2.649,471,60,75.964,1.468,2.121,0.471,0.776
2342,2D-D-Z1.tif,1.078,5.004,0.541,2.119,256,35,162.35,0.819,2.862,0.349,0.783
2343,2D-D-Z1.tif,5.407,14.98,0.303,5.013,541,85,66.251,2.077,2.369,0.422,0.734
2344,2D-D-Z1.tif,3.512,9.121,0.53,3.385,226,37,122.829,1.609,2.348,0.426,0.807
2345,2D-D-Z1.tif,1.541,4.767,0.852,1.714,540,54,74.476,1.285,1.379,0.725,0.906
2346,2D-D-Z1.tif,1.128,4.042,0.868,1.451,600,40,108.435,1.046,1.367,0.732,0.899
2347,2D-D-Z1.tif,1.634,5.134,0.779,1.929,317,55,25.346,1.277,1.493,0.67,0.904
2348,2D-D-Z1.tif,5.575,14.179,0.348,3.984,659,49,128.454,2.455,1.893,0.528,0.738
2349,2D-D-Z1.tif,3.15,13.78,0.208,5.134,316,77,28.856,1.402,4.42,0.226,0.555
2350,2D-D-Z1.tif,1.566,5.08,0.763,1.872,403,49,101.31,1.272,1.51,0.662,0.867
2351,2D-D-Z1.tif,2.409,5.706,0.929,2.015,439,52,120.069,1.642,1.203,0.831,0.939
2352,2D-D-Z1.tif,1.263,4.225,0.889,1.513,417,70,75.964,1.101,1.339,0.747,0.92
2353,2D-D-Z1.tif,2.147,5.447,0.91,1.985,529,54,123.69,1.557,1.229,0.814,0.932
2354,2D-D-Z1.tif,2.518,6.615,0.723,2.52,385,58,100.491,1.56,1.563,0.64,0.882
2355,2D-D-Z1.tif,1.053,3.782,0.925,1.336,500,62,105.945,1.009,1.25,0.8,0.933
2356,2D-D-Z1.tif,1.533,4.507,0.948,1.654,298,82,70.56,1.285,1.211,0.825,0.941
2357,2D-D-Z1.tif,2.291,5.944,0.815,2.181,582,88,67.751,1.468,1.48,0.676,0.914
2358,2D-D-Z1.tif,1.499,5.232,0.688,1.746,424,78,176.987,1.363,1.174,0.852,0.796
2359,2D-D-Z1.tif,2.939,6.669,0.83,2.438,613,70,109.799,1.652,1.46,0.685,0.929
2360,2D-D-Z1.tif,2.611,7.349,0.607,2.629,407,74,119.249,1.634,1.743,0.574,0.819
2361,2D-D-Z1.tif,2.333,6.593,0.674,2.25,522,74,101.768,1.652,1.303,0.767,0.845
2362,2D-D-Z1.tif,1.288,4.194,0.921,1.425,473,91,75.069,1.285,1.063,0.94,0.908
2363,2D-D-Z1.tif,3.099,7.175,0.757,2.56,336,77,104.534,1.652,1.627,0.615,0.909
2364,2D-D-Z1.tif,4.531,12.505,0.364,4.073,492,123,67.479,1.863,2.728,0.367,0.724
2365,2D-D-Z1.tif,4.388,14.255,0.271,4.786,355,97,4.399,2.474,2.201,0.454,0.609
2366,2D-D-Z1.tif,1.592,6.279,0.507,2.14,206,107,59.036,1.477,1.241,0.806,0.728
2367,2D-D-Z1.tif,3.065,6.494,0.913,2.27,590,113,75.964,1.744,1.249,0.801,0.95
2368,2D-D-Z1.tif,1.28,4.928,0.662,1.707,275,91,143.746,1.233,1.291,0.775,0.847
2369,2D-D-Z1.tif,1.322,4.431,0.846,1.803,608,93,104.744,1.009,1.657,0.603,0.937
2370,2D-D-Z1.tif,1.221,6.333,0.383,1.945,748,126,70.71,1.374,1.503,0.665,0.593
2371,2D-D-Z1.tif,1.912,6.659,0.542,2.3,243,132,61.39,1.535,1.671,0.599,0.752
2372,2D-D-Z1.tif,1.684,4.896,0.883,1.685,346,113,119.358,1.393,1.163,0.86,0.917
2373,2D-D-Z1.tif,1.019,3.751,0.91,1.404,399,129,78.69,1.009,1.395,0.717,0.913
2374,2D-D-Z1.tif,1.701,4.852,0.908,1.714,312,117,105.524,1.285,1.31,0.763,0.94
2375,2D-D-Z1.tif,1.6,4.896,0.839,1.782,576,121,145.491,1.272,1.431,0.699,0.898
2376,2D-D-Z1.tif,1.971,5.219,0.909,1.835,410,134,53.13,1.468,1.14,0.877,0.945
2377,2D-D-Z1.tif,2.307,6.127,0.772,2.257,515,120,116.565,1.518,1.542,0.649,0.884
2378,2D-D-Z1.tif,1.145,4.972,0.582,1.872,464,123,101.31,1.105,1.511,0.662,0.775
2379,2D-D-Z1.tif,1.347,5.836,0.497,2.322,187,128,161.565,1.105,2.695,0.371,0.702
2380,2D-D-Z1.tif,2.03,7.716,0.428,2.833,217,154,65.095,1.648,1.689,0.592,0.7
2381,2D-D-Z1.tif,1.305,5.371,0.569,1.822,240,131,130.914,1.219,1.322,0.756,0.818
2382,2D-D-Z1.tif,3.756,8.96,0.588,2.916,446,134,102.724,1.927,1.476,0.678,0.875
2383,2D-D-Z1.tif,8.11,11.046,0.835,3.852,548,175,77.619,2.989,1.301,0.768,0.941
2384,2D-D-Z1.tif,2.552,7.824,0.524,2.972,477,143,171.119,1.468,2.007,0.498,0.808
2385,2D-D-Z1.tif,1.221,4.194,0.873,1.563,569,137,130.236,1.168,1.317,0.759,0.901
2386,2D-D-Z1.tif,4.809,9.865,0.621,3.506,400,165,42.879,2.27,1.64,0.61,0.868
2387,2D-D-Z1.tif,1.347,4.301,0.915,1.626,323,158,73.61,1.101,1.388,0.721,0.933
2388,2D-D-Z1.tif,1.213,5.608,0.485,1.892,690,142,129.094,1.318,1.617,0.618,0.711
2389,2D-D-Z1.tif,2.122,6.257,0.681,2.584,46,171,73.496,1.176,2.312,0.432,0.895
2390,2D-D-Z1.tif,1.406,4.485,0.879,1.685,646,155,29.358,1.26,1.322,0.757,0.918
2391,2D-D-Z1.tif,2.131,6.096,0.721,2.352,581,170,69.444,1.436,1.663,0.601,0.877
2392,2D-D-Z1.tif,2.846,9.121,0.43,2.728,371,149,109.654,1.653,1.845,0.542,0.767
2393,2D-D-Z1.tif,1.053,3.836,0.899,1.377,610,150,126.87,1.101,1.159,0.863,0.919
2394,2D-D-Z1.tif,1.011,6.991,0.26,2.738,890,180,76.43,0.918,3.515,0.284,0.585
2395,2D-D-Z1.tif,1.044,3.804,0.907,1.398,354,166,66.801,1.045,1.315,0.761,0.915
2396,2D-D-Z1.tif,4.295,7.931,0.858,2.938,480,186,75.53,1.927,1.524,0.656,0.944
2397,2D-D-Z1.tif,3.486,7.349,0.811,2.808,461,186,78.69,1.835,1.518,0.659,0.943
2398,2D-D-Z1.tif,2.307,9.824,0.3,2.382,255,168,164.358,1.952,1.251,0.799,0.7
2399,2D-D-Z1.tif,1.583,4.874,0.837,2.013,435,160,114.228,1.108,1.885,0.531,0.933
2400,2D-D-Z1.tif,1.019,3.858,0.86,1.425,526,160,104.931,1.009,1.482,0.675,0.91
2401,2D-D-Z1.tif,2.156,9.112,0.326,3.45,597,179,28.61,1.401,3.003,0.333,0.631
2402,2D-D-Z1.tif,2.181,10.169,0.265,3.942,899,203,77.905,1.012,5.483,0.182,0.638
2403,2D-D-Z1.tif,2.653,6.279,0.845,2.15,323,171,140.194,1.741,1.192,0.839,0.912
2404,2D-D-Z1.tif,6.762,11.65,0.626,4.042,399,171,129.472,2.688,1.327,0.754,0.873
2405,2D-D-Z1.tif,4.926,14.287,0.303,3.868,270,199,22.306,2.355,1.603,0.624,0.706
2406,2D-D-Z1.tif,1.154,4.171,0.833,1.642,379,196,63.435,1.023,1.642,0.609,0.919
2407,2D-D-Z1.tif,1.213,6.118,0.407,1.856,189,188,171.469,1.285,1.837,0.544,0.686
2408,2D-D-Z1.tif,1.263,5.393,0.546,2.22,343,189,7.125,1.101,2.07,0.483,0.777
2409,2D-D-Z1.tif,3.924,10.831,0.42,3.067,489,190,141.072,1.858,1.764,0.567,0.818
2410,2D-D-Z1.tif,5.794,15.316,0.31,5.452,322,229,36.098,2.678,1.895,0.528,0.641
2411,2D-D-Z1.tif,1.777,5.286,0.799,1.847,651,195,116.565,1.377,1.328,0.753,0.89
2412,2D-D-Z1.tif,1.213,5.944,0.431,2.097,165,208,23.199,1.277,1.85,0.54,0.61
2413,2D-D-Z1.tif,4.017,10.831,0.43,3.673,376,200,167.005,1.938,2.451,0.408,0.71
2414,2D-D-Z1.tif,1.44,4.431,0.922,1.505,573,212,52.431,1.285,1.072,0.933,0.924
2415,2D-D-Z1.tif,3.107,6.539,0.913,2.323,618,199,99.09,1.835,1.238,0.808,0.941
2416,2D-D-Z1.tif,2.88,7.058,0.727,2.629,458,226,60.751,1.806,1.547,0.647,0.88
2417,2D-D-Z1.tif,1.12,7.027,0.285,3.083,192,223,36.529,0.834,4.677,0.214,0.616
2418,2D-D-Z1.tif,1.053,4.346,0.7,1.584,240,207,100.008,1.101,1.39,0.719,0.85
2419,2D-D-Z1.tif,2.097,5.349,0.921,1.97,531,227,62.241,1.468,1.242,0.805,0.95
2420,2D-D-Z1.tif,1.112,5.21,0.515,1.892,293,214,104.036,1.009,2.158,0.463,0.77
2421,2D-D-Z1.tif,1.213,5.523,0.5,1.654,428,231,70.56,1.101,1.492,0.67,0.837
2422,2D-D-Z1.tif,1.011,4.453,0.64,1.724,505,223,25.201,0.944,2.043,0.49,0.811
2423,2D-D-Z1.tif,5.811,17.985,0.226,8.003,46,303,86.055,1.188,9.277,0.108,0.725
2424,2D-D-Z1.tif,2.055,5.263,0.932,1.803,478,238,75.256,1.56,1.101,0.908,0.937
2425,2D-D-Z1.tif,6.451,13.575,0.44,3.817,375,222,117.181,2.702,1.455,0.687,0.836
2426,2D-D-Z1.tif,1.061,4.247,0.739,1.494,551,236,79.38,1.101,1.335,0.749,0.875
2427,2D-D-Z1.tif,1.314,4.279,0.902,1.568,663,226,110.556,1.101,1.336,0.749,0.931
2428,2D-D-Z1.tif,2.392,8.745,0.393,2.902,566,246,34.695,1.586,1.996,0.501,0.721
2429,2D-D-Z1.tif,1.954,5.814,0.726,2.113,534,234,145.62,1.363,1.691,0.591,0.856
2430,2D-D-Z1.tif,1.07,3.912,0.878,1.436,649,244,63.435,1.086,1.294,0.773,0.907
2431,2D-D-Z1.tif,2.602,10.679,0.287,3.454,515,231,106.991,1.831,2.344,0.427,0.601
2432,2D-D-Z1.tif,1.347,8.593,0.229,2.556,897,231,111.038,1.312,2.056,0.486,0.604
2433,2D-D-Z1.tif,1.457,7.783,0.302,2.755,665,254,29.982,1.165,3.199,0.313,0.551
2434,2D-D-Z1.tif,1.735,5.058,0.852,1.707,434,237,143.746,1.446,1.106,0.904,0.909
2435,2D-D-Z1.tif,1.272,4.042,0.978,1.451,471,253,34.695,1.193,1.119,0.894,0.944
2436,2D-D-Z1.tif,2.013,5.371,0.877,1.892,280,263,67.166,1.468,1.305,0.766,0.921
2437,2D-D-Z1.tif,2.206,5.554,0.899,1.962,334,267,79.216,1.468,1.284,0.779,0.937
2438,2D-D-Z1.tif,1.356,5.966,0.479,2.129,186,256,172.569,1.101,2.127,0.47,0.752
2439,2D-D-Z1.tif,4.682,12.903,0.353,3.92,545,264,147.426,2.642,1.573,0.636,0.653
2440,2D-D-Z1.tif,3.36,10.71,0.368,2.711,477,286,66.038,2.373,1.281,0.781,0.731
2441,2D-D-Z1.tif,3.276,6.776,0.897,2.409,363,260,107.745,1.835,1.258,0.795,0.945
2442,2D-D-Z1.tif,1.827,5.102,0.882,1.936,635,261,95.44,1.377,1.38,0.725,0.912
2443,2D-D-Z1.tif,1.154,3.956,0.926,1.425,418,262,104.931,1.193,1.184,0.845,0.907
2444,2D-D-Z1.tif,1.288,5.102,0.622,1.782,341,283,55.491,1.161,1.545,0.647,0.838
2445,2D-D-Z1.tif,1.255,4.194,0.897,1.513,601,282,75.964,1.152,1.299,0.77,0.9
2446,2D-D-Z1.tif,1.617,4.691,0.924,1.714,325,270,105.524,1.285,1.279,0.782,0.93
2447,2D-D-Z1.tif,2.038,5.706,0.786,2.07,539,270,102.804,1.468,1.33,0.752,0.885
2448,2D-D-Z1.tif,2.257,8.159,0.426,2.724,380,297,57.381,1.537,1.841,0.543,0.772
2449,2D-D-Z1.tif,5.103,13.736,0.34,4.741,264,280,165.426,2.294,2.169,0.461,0.679
2450,2D-D-Z1.tif,3.798,9.045,0.583,2.988,407,274,100.62,1.927,1.489,0.672,0.883
2451,2D-D-Z1.tif,4.691,8.182,0.881,2.898,494,305,79.046,2.258,1.301,0.768,0.94
2452,2D-D-Z1.tif,1.314,4.301,0.892,1.568,433,277,110.556,1.193,1.233,0.811,0.918
2453,2D-D-Z1.tif,3.402,8.289,0.622,3.186,617,283,101.634,1.56,2.145,0.466,0.863
2454,2D-D-Z1.tif,1.297,4.82,0.701,1.803,640,289,14.744,1.193,1.347,0.742,0.858
2455,2D-D-Z1.tif,2.947,8.02,0.576,2.858,525,321,84.472,1.744,1.824,0.548,0.822
2456,2D-D-Z1.tif,2.072,6.722,0.576,2.597,474,292,122.005,1.273,2.602,0.384,0.786
2457,2D-D-Z1.tif,2.51,6.852,0.672,2.34,571,316,78.69,1.56,1.508,0.663,0.891
2458,2D-D-Z1.tif,1.263,4.377,0.828,1.603,460,295,113.629,1.272,1.246,0.802,0.896
2459,2D-D-Z1.tif,1.575,4.744,0.879,1.714,293,304,105.524,1.193,1.41,0.709,0.935
2460,2D-D-Z1.tif,1.339,6.14,0.446,1.936,695,318,31.43,1.477,1.213,0.824,0.715
2461,2D-D-Z1.tif,1.448,6.906,0.382,2.75,308,322,25.71,1.175,2.422,0.413,0.663
2462,2D-D-Z1.tif,2.316,5.966,0.818,1.981,507,329,76.608,1.652,1.13,0.885,0.915
2463,2D-D-Z1.tif,3.941,8.701,0.654,2.827,339,339,54.246,2.005,1.356,0.737,0.877
2464,2D-D-Z1.tif,1.777,5.08,0.865,1.782,443,323,11.889,1.397,1.246,0.803,0.906
2465,2D-D-Z1.tif,2.569,12.169,0.218,4.963,510,344,33.69,1.196,5.699,0.175,0.542
2466,2D-D-Z1.tif,2.248,5.998,0.786,2.27,413,341,75.964,1.285,1.764,0.567,0.93
2467,2D-D-Z1.tif,6.367,12.125,0.544,4.361,391,320,98.471,2.184,2.271,0.44,0.858
2468,2D-D-Z1.tif,1.246,4.171,0.9,1.483,475,321,111.801,1.193,1.213,0.825,0.916
2469,2D-D-Z1.tif,6.838,18.977,0.239,5.69,597,323,142.206,3.192,2.142,0.467,0.561
2470,2D-D-Z1.tif,2.754,10.375,0.322,2.868,172,326,172.648,2.478,1.104,0.906,0.616
2471,2D-D-Z1.tif,1.575,4.691,0.899,1.714,306,323,105.524,1.261,1.351,0.74,0.921
2472,2D-D-Z1.tif,3.091,11.305,0.304,3.643,257,325,130.914,1.622,2.695,0.371,0.64
2473,2D-D-Z1.tif,1.027,4.171,0.742,1.584,743,346,79.992,0.918,1.816,0.551,0.884
2474,2D-D-Z1.tif,1.28,4.14,0.939,1.451,552,333,108.435,1.285,1.093,0.915,0.916
2475,2D-D-Z1.tif,1.415,6.669,0.4,2.142,882,351,43.264,1.369,1.857,0.538,0.669
2476,2D-D-Z1.tif,2.181,7.403,0.5,2.097,503,346,113.199,1.741,1.106,0.904,0.782
2477,2D-D-Z1.tif,1.844,5.089,0.895,1.892,577,365,67.166,1.285,1.378,0.726,0.952
2478,2D-D-Z1.tif,1.928,5.317,0.857,1.947,353,347,98.13,1.377,1.379,0.725,0.927
2479,2D-D-Z1.tif,2.947,10.365,0.345,3.222,586,382,70.017,1.5,2.517,0.397,0.742
2480,2D-D-Z1.tif,2.215,9.077,0.338,3.784,329,354,104.036,1.127,4.88,0.205,0.694
2481,2D-D-Z1.tif,1.676,5.111,0.806,1.707,523,355,126.254,1.468,1.038,0.963,0.905
2482,2D-D-Z1.tif,1.667,4.852,0.89,1.81,557,360,149.534,1.285,1.331,0.751,0.938
2483,2D-D-Z1.tif,1.802,5.035,0.893,1.817,442,361,135,1.458,1.17,0.854,0.928
2484,2D-D-Z1.tif,1.103,3.934,0.896,1.425,252,361,104.931,1.101,1.258,0.795,0.907
2485,2D-D-Z1.tif,1.39,5.317,0.618,1.782,277,363,101.889,1.265,1.621,0.617,0.797
2486,2D-D-Z1.tif,1.356,4.561,0.819,1.654,305,380,70.56,1.285,1.189,0.841,0.877
2487,2D-D-Z1.tif,1.07,3.934,0.868,1.538,320,383,72.646,1.009,1.479,0.676,0.907
2488,2D-D-Z1.tif,1.204,4.14,0.883,1.538,422,369,107.354,1.142,1.341,0.746,0.908
2489,2D-D-Z1.tif,2.072,5.241,0.948,1.828,557,373,107.526,1.468,1.219,0.82,0.95
2490,2D-D-Z1.tif,2.282,6.096,0.772,2.148,409,374,109.983,1.585,1.372,0.729,0.883
2491,2D-D-Z1.tif,1.886,6.431,0.573,2.322,447,385,18.435,1.272,2.047,0.488,0.801
2492,2D-D-Z1.tif,4.295,11.337,0.42,3.512,630,414,56.725,2.093,1.973,0.507,0.715
2493,2D-D-Z1.tif,2.459,6.798,0.669,2.409,490,381,130.365,1.663,1.302,0.768,0.872
2494,2D-D-Z1.tif,1.288,4.323,0.866,1.56,519,394,28.072,1.233,1.295,0.772,0.895
2495,2D-D-Z1.tif,1.288,6.485,0.385,2.791,147,387,152.592,0.935,3.157,0.317,0.72
2496,2D-D-Z1.tif,1.128,4.874,0.597,1.692,366,387,130.601,1.135,1.475,0.678,0.793
2497,2D-D-Z1.tif,1.246,4.247,0.868,1.56,318,391,151.928,1.145,1.288,0.776,0.914
2498,2D-D-Z1.tif,1.651,5.295,0.74,2.142,337,419,80.134,1.101,1.886,0.53,0.907
2499,2D-D-Z1.tif,3.571,12.496,0.287,4.23,230,431,40.601,1.813,3.132,0.319,0.67
2500,2D-D-Z1.tif,3.705,7.295,0.875,2.609,456,401,129.289,1.947,1.334,0.75,0.933
2501,2D-D-Z1.tif,3.183,7.9,0.641,2.699,404,407,144.689,2.206,1.199,0.834,0.834
2502,2D-D-Z1.tif,12.194,23.547,0.276,6.044,351,415,149.931,4.13,1.393,0.718,0.689
2503,2D-D-Z1.tif,5.305,17.746,0.212,4.174,272,433,33.341,3.15,1.251,0.8,0.569
2504,2D-D-Z1.tif,2.501,8.235,0.463,2.525,443,409,109.093,1.585,1.905,0.525,0.797
2505,2D-D-Z1.tif,1.086,4.01,0.849,1.634,40,425,51.843,0.908,1.826,0.548,0.918
2506,2D-D-Z1.tif,1.322,4.668,0.762,1.685,658,428,60.642,1.236,1.264,0.791,0.872
2507,2D-D-Z1.tif,2.316,6.074,0.789,2.142,600,415,136.736,1.56,1.28,0.781,0.89
2508,2D-D-Z1.tif,1.777,7.792,0.368,2.791,672,414,133.668,1.152,2.694,0.371,0.752
2509,2D-D-Z1.tif,1.979,5.944,0.704,2.438,324,455,70.201,1.272,1.905,0.525,0.887
2510,2D-D-Z1.tif,1.642,5.706,0.634,1.964,639,448,52.595,1.354,1.332,0.751,0.837
2511,2D-D-Z1.tif,1.971,5.684,0.766,1.97,617,439,117.759,1.56,1.137,0.88,0.895
2512,2D-D-Z1.tif,1.979,7.188,0.481,2.27,287,449,14.036,1.461,2.003,0.499,0.696
2513,2D-D-Z1.tif,1.566,5.026,0.779,1.892,448,462,75.964,1.177,1.658,0.603,0.89
2514,2D-D-Z1.tif,2.72,7.349,0.633,2.56,579,472,75.466,1.56,1.576,0.635,0.868
2515,2D-D-Z1.tif,1.347,4.301,0.915,1.527,540,461,57.265,1.285,1.152,0.868,0.928
2516,2D-D-Z1.tif,1.053,6.15,0.35,2.22,215,458,7.125,1.002,3.011,0.332,0.636
2517,2D-D-Z1.tif,5.053,17.42,0.209,5.097,133,464,13.536,3.437,1.608,0.622,0.467
2518,2D-D-Z1.tif,3.369,7.922,0.675,3.085,916,455,157.249,1.767,1.631,0.613,0.879
2519,2D-D-Z1.tif,1.272,5.415,0.545,1.707,197,454,126.254,1.335,1.19,0.84,0.766
2520,2D-D-Z1.tif,3.739,9.229,0.552,2.996,357,456,117.35,1.927,1.682,0.595,0.847
2521,2D-D-Z1.tif,4.228,16.269,0.201,5.473,290,506,55.244,1.942,4.219,0.237,0.497
2522,2D-D-Z1.tif,1.347,4.377,0.884,1.675,271,476,80.538,1.101,1.463,0.683,0.93
2523,2D-D-Z1.tif,4.185,11.077,0.429,3.469,429,462,127.476,2.002,1.859,0.538,0.785
2524,2D-D-Z1.tif,1.432,4.453,0.907,1.603,300,478,76.759,1.285,1.203,0.831,0.909
2525,2D-D-Z1.tif,1.465,5.814,0.545,2.323,420,461,99.09,1.009,2.684,0.373,0.835
2526,2D-D-Z1.tif,1.996,5.187,0.932,1.835,386,481,53.13,1.557,1.179,0.848,0.939
2527,2D-D-Z1.tif,2.03,6.333,0.636,2.414,487,490,81.254,1.193,2.209,0.453,0.837
2528,2D-D-Z1.tif,3.604,7.457,0.815,2.791,465,497,80.538,1.833,1.456,0.687,0.915
2529,2D-D-Z1.tif,1.971,5.944,0.701,2.031,652,488,71.565,1.468,1.29,0.775,0.872
2530,2D-D-Z1.tif,3.419,13.888,0.223,3.598,334,473,95.856,2.336,1.395,0.717,0.63
2531,2D-D-Z1.tif,1.187,3.912,0.975,1.401,503,474,121.608,1.101,1.178,0.849,0.943
2532,2D-D-Z1.tif,5.499,17.414,0.228,5.346,610,481,129.428,2.441,2.614,0.383,0.625
2533,2D-D-Z1.tif,1.836,6.937,0.479,2.16,239,475,102.265,1.787,1.217,0.822,0.686
2534,2D-D-Z1.tif,1.002,3.751,0.895,1.404,671,477,101.31,1.009,1.415,0.707,0.915
2535,2D-D-Z1.tif,3.672,8.786,0.598,2.802,379,500,31.608,2.219,1.101,0.908,0.862
2536,2D-D-Z1.tif,4.194,13.834,0.275,3.584,558,507,13.325,2.371,1.529,0.654,0.666
2537,2D-D-Z1.tif,2.636,6.15,0.876,2.25,534,488,101.768,1.638,1.388,0.72,0.927
2538,2D-D-Z1.tif,1.76,8.267,0.324,3.517,250,499,172.504,0.918,4.195,0.238,0.745
2539,2D-D-Z1.tif,3.68,7.305,0.867,2.686,508,526,82.147,1.744,1.477,0.677,0.949
2540,2D-D-Z1.tif,1.651,4.896,0.865,1.741,442,509,18.435,1.466,1.102,0.908,0.897
2541,2D-D-Z1.tif,4.8,10.343,0.564,2.851,373,502,123.179,2.606,1.237,0.809,0.842
2542,2D-D-Z1.tif,2.636,6.181,0.867,2.22,482,522,60.255,1.683,1.317,0.759,0.932
2543,2D-D-Z1.tif,1.76,5.349,0.773,1.977,657,521,68.199,1.193,1.644,0.608,0.927
2544,2D-D-Z1.tif,1.575,6.02,0.546,2.031,430,523,71.565,1.267,1.617,0.618,0.797
2545,2D-D-Z1.tif,1.095,4.82,0.592,1.584,719,507,10.008,1.26,1.205,0.83,0.788
2546,2D-D-Z1.tif,1.457,5.026,0.725,1.892,577,530,75.964,1.272,1.563,0.64,0.854
2547,2D-D-Z1.tif,2.265,7.586,0.495,2.323,608,510,99.09,1.447,1.651,0.606,0.826
2548,2D-D-Z1.tif,1.406,6.628,0.402,2.867,110,539,50.194,0.829,4.399,0.227,0.717
2549,2D-D-Z1.tif,1.861,5.988,0.652,1.981,317,523,166.608,1.542,1.262,0.792,0.834
2550,2D-D-Z1.tif,1.979,5.187,0.924,1.763,462,520,128.66,1.56,1.12,0.893,0.933
2551,2D-D-Z1.tif,1.011,3.728,0.914,1.278,307,532,68.962,1.101,1.122,0.891,0.916
2552,2D-D-Z1.tif,2.644,6.226,0.857,2.206,531,548,73.072,1.724,1.26,0.793,0.93
2553,2D-D-Z1.tif,1.078,4.194,0.77,1.505,271,531,127.569,1.094,1.415,0.707,0.853
2554,2D-D-Z1.tif,1.331,4.225,0.937,1.538,423,544,162.646,1.101,1.324,0.755,0.94
2555,2D-D-Z1.tif,2.947,7.501,0.658,2.471,568,566,74.932,1.89,1.443,0.693,0.847
2556,2D-D-Z1.tif,3.655,7.403,0.838,2.571,482,543,124.824,1.979,1.315,0.761,0.926
2557,2D-D-Z1.tif,1.819,8.625,0.307,3.121,229,560,24.305,1.5,2.594,0.386,0.564
2558,2D-D-Z1.tif,1.112,5.004,0.558,1.772,596,546,111.251,1.233,1.74,0.575,0.75
2559,2D-D-Z1.tif,9.828,21.398,0.27,5.834,393,555,160.71,3.769,1.505,0.665,0.644
2560,2D-D-Z1.tif,2.467,12.227,0.207,4.047,149,550,147.031,1.711,3.796,0.263,0.528
2561,2D-D-Z1.tif,1.945,5.478,0.815,2.062,615,574,69.146,1.332,1.567,0.638,0.924
2562,2D-D-Z1.tif,2.526,6.15,0.84,2.302,631,555,94.574,1.534,1.501,0.666,0.915
2563,2D-D-Z1.tif,1.246,4.118,0.924,1.568,469,562,110.556,1.101,1.428,0.7,0.928
2564,2D-D-Z1.tif,4.118,14.416,0.249,3.92,262,569,163.686,1.886,2.357,0.424,0.691
2565,2D-D-Z1.tif,1.491,9.502,0.207,4.025,495,596,46.848,0.967,5.921,0.169,0.54
2566,2D-D-Z1.tif,1.802,6.485,0.538,2.22,562,568,119.745,1.468,1.808,0.553,0.766
2567,2D-D-Z1.tif,1.078,5.621,0.429,1.563,213,573,139.764,1.285,1.073,0.932,0.717
2568,2D-D-Z1.tif,1.659,6.691,0.466,1.945,350,585,19.29,1.578,1.178,0.849,0.75
2569,2D-D-Z1.tif,1.491,5.988,0.522,2.119,237,586,17.65,1.365,1.465,0.683,0.773
2570,2D-D-Z1.tif,2.038,5.263,0.924,1.782,542,575,101.889,1.56,1.1,0.909,0.929
2571,2D-D-Z1.tif,1.827,5.621,0.727,1.916,453,596,73.301,1.398,1.284,0.779,0.865
2572,2D-D-Z1.tif,2.105,5.425,0.899,1.916,638,597,73.301,1.468,1.234,0.81,0.935
2573,2D-D-Z1.tif,1.044,5.178,0.489,1.626,475,583,163.61,1.125,1.494,0.669,0.765
2574,2D-D-Z1.tif,2.939,7.143,0.724,2.294,591,588,106.26,1.837,1.304,0.767,0.882
2575,2D-D-Z1.tif,3.933,10.97,0.411,3.415,541,605,173.83,1.923,2.141,0.467,0.759
2576,2D-D-Z1.tif,1.23,6.561,0.359,2.038,234,600,144.162,1.138,2.085,0.48,0.709
2577,2D-D-Z1.tif,1.608,5.317,0.715,1.985,274,615,56.31,1.272,1.763,0.567,0.84
2578,2D-D-Z1.tif,2.661,7.318,0.625,2.625,380,602,143.531,1.596,1.665,0.601,0.851
2579,2D-D-Z1.tif,2.939,6.893,0.777,2.506,420,625,66.251,1.569,1.577,0.634,0.917
2580,2D-D-Z1.tif,2.282,5.738,0.871,2.093,440,600,105.255,1.468,1.421,0.704,0.933
2581,2D-D-Z1.tif,1.086,4.475,0.682,1.803,476,610,14.744,1.102,1.632,0.613,0.819
2582,2D-D-Z1.tif,1.701,5.76,0.644,2.038,324,607,144.162,1.272,1.898,0.527,0.831
2583,2D-D-Z1.tif,3.343,6.754,0.921,2.322,517,606,108.435,1.927,1.158,0.863,0.951
2584,2D-D-Z1.tif,1.381,4.431,0.884,1.584,309,609,100.008,1.193,1.274,0.785,0.911
2585,2D-D-Z1.tif,1.213,4.301,0.824,1.483,649,629,68.199,1.101,1.28,0.781,0.923
2586,2D-D-Z1.tif,1.971,5.156,0.932,1.828,541,636,72.474,1.477,1.217,0.822,0.932
2587,2D-D-Z1.tif,1.255,4.431,0.803,1.675,714,636,80.538,1.101,1.468,0.681,0.9
2588,2D-D-Z1.tif,1.171,4.118,0.868,1.513,657,642,75.964,1.101,1.268,0.789,0.903
2589,2D-D-Z1.tif,2.56,5.89,0.927,1.981,429,648,76.608,1.744,1.088,0.919,0.937
2590,2D-D-Z1.tif,1.634,4.874,0.864,1.741,558,629,108.435,1.377,1.266,0.79,0.919
2591,2D-D-Z1.tif,1.507,5.349,0.662,2.062,300,630,159.146,1.047,2.119,0.472,0.865
2592,2D-D-Z1.tif,1.162,4.042,0.894,1.494,632,631,132.51,1.168,1.217,0.822,0.92
2593,2D-D-Z1.tif,3.714,11.077,0.38,3.259,483,637,170.272,2.058,1.637,0.611,0.774
2594,2D-D-Z1.tif,3.419,8.007,0.67,3.078,464,666,63.435,1.732,1.773,0.564,0.866
2595,2D-D-Z1.tif,2.998,6.517,0.887,2.359,530,635,103.496,1.744,1.344,0.744,0.942
2596,2D-D-Z1.tif,3.124,8.821,0.505,2.959,546,672,82.875,2.134,1.255,0.797,0.719
2597,2D-D-Z1.tif,2.147,7.403,0.492,2.728,608,640,109.654,1.289,2.495,0.401,0.825
2598,2D-D-Z1.tif,4.051,10.182,0.491,3.29,438,682,67.011,2.016,1.584,0.631,0.819
2599,2D-D-Z1.tif,1.491,5.263,0.676,2.218,137,651,155.556,1.074,2.257,0.443,0.894
2600,2D-D-Z1.tif,2.097,6.494,0.625,2.345,589,674,59.421,1.532,1.398,0.715,0.836
2601,2D-D-Z1.tif,1.23,6.15,0.409,2.393,635,652,122.471,0.979,2.526,0.396,0.682
2602,2D-D-Z1.tif,4.43,14.891,0.251,4.281,279,679,30.964,2.007,2.449,0.408,0.632
2603,2D-D-Z1.tif,1.187,4.928,0.614,1.782,574,674,78.111,0.968,2.038,0.491,0.808
2604,2D-D-Z1.tif,2.114,8.602,0.359,2.774,400,687,55.784,1.593,1.982,0.505,0.711
2605,2D-D-Z1.tif,2.282,6.463,0.687,2.52,666,689,79.509,1.377,1.822,0.549,0.877
2606,2D-D-Z1.tif,1.238,4.301,0.841,1.605,599,682,59.036,1.026,1.568,0.638,0.916
2607,2D-D-Z1.tif,4.194,9.78,0.551,3.205,507,669,113.629,1.974,1.665,0.601,0.87
2608,2D-D-Z1.tif,8.868,22.629,0.218,7.371,417,705,18.886,2.462,3.844,0.26,0.671
2609,2D-D-Z1.tif,1.811,4.874,0.958,1.772,533,671,111.251,1.377,1.228,0.814,0.945
2610,2D-D-Z1.tif,1.836,5.447,0.778,2.07,620,673,102.804,1.377,1.434,0.697,0.903
2611,2D-D-Z1.tif,1.785,6.646,0.508,2.471,342,689,21.801,1.404,2.148,0.466,0.731
2612,2D-D-Z1.tif,2.341,7.846,0.478,3.034,678,674,93.468,1.357,2.513,0.398,0.768
2613,2D-D-Z1.tif,2.114,8.688,0.352,2.35,636,692,38.66,1.744,1.18,0.847,0.715
2614,2D-D-Z1.tif,2.063,9.058,0.316,3.077,157,698,17.354,1.508,2.285,0.438,0.637
2615,2D-D-Z1.tif,1.019,3.858,0.86,1.451,374,698,71.565,0.996,1.478,0.677,0.9
2616,2D-D-Z1.tif,2.19,6.15,0.728,2.402,580,684,96.582,1.285,1.943,0.515,0.883
2617,2D-D-Z1.tif,1.103,4.118,0.818,1.538,594,690,162.646,1.072,1.427,0.701,0.888
2618,2D-D-Z1.tif,3.284,6.884,0.871,2.382,483,717,74.358,1.835,1.275,0.785,0.944
2619,2D-D-Z1.tif,2.627,6.441,0.796,2.206,375,702,163.072,1.744,1.383,0.723,0.899
2620,2D-D-Z1.tif,1.213,6.118,0.407,2.469,634,719,48.013,0.916,3.804,0.263,0.661
2621,2D-D-Z1.tif,2.434,6.181,0.801,2.279,500,699,130.101,1.64,1.407,0.71,0.91
2622,2D-D-Z1.tif,2.813,11.606,0.262,3.745,106,701,162.897,1.56,3.09,0.324,0.613
2623,2D-D-Z1.tif,1.76,5.111,0.847,1.947,314,700,98.13,1.193,1.617,0.619,0.927
2624,2D-D-Z1.tif,1.819,5.792,0.681,2.266,332,700,111.371,1.193,1.885,0.531,0.871
2625,2D-D-Z1.tif,1.356,4.409,0.877,1.626,557,703,106.39,1.101,1.473,0.679,0.931
2626,2D-D-Z1.tif,1.053,4.431,0.674,1.782,265,717,168.111,0.918,2.19,0.457,0.859
2627,2D-D-Z2.tif,1.385,4.909,0.722,1.606,396,26,14.931,1.229,1.241,0.805,0.929
2628,2D-D-Z2.tif,2.225,5.819,0.826,1.962,38,75,79.875,1.517,1.258,0.795,0.954
2629,2D-D-Z2.tif,1.076,6.211,0.351,1.966,515,39,127.875,1.118,1.54,0.649,0.705
2630,2D-D-Z2.tif,1.951,7.24,0.468,2.472,391,84,22.989,1.403,2.013,0.497,0.795
2631,2D-D-Z2.tif,3.319,7.09,0.83,2.477,117,54,98.807,1.853,1.303,0.768,0.958
2632,2D-D-Z2.tif,1.781,5.124,0.852,1.843,836,112,82.476,1.276,1.39,0.719,0.961
2633,2D-D-Z2.tif,1.168,5.035,0.579,1.531,243,72,144.162,1.235,1.181,0.846,0.863
2634,2D-D-Z2.tif,1.102,4.467,0.694,1.489,70,113,84.685,1.141,1.346,0.743,0.88
2635,2D-D-Z2.tif,1.252,4.458,0.792,1.536,748,72,99.039,1.117,1.345,0.743,0.936
2636,2D-D-Z2.tif,1.402,5.203,0.651,2.117,418,128,52.943,0.849,2.616,0.382,0.911
2637,2D-D-Z2.tif,0.941,7.191,0.229,2.323,693,83,139.214,1.041,2.429,0.412,0.615
2638,2D-D-Z2.tif,3.629,9.531,0.502,3.071,221,176,77.681,1.897,1.493,0.67,0.896
2639,2D-D-Z2.tif,1.105,4.284,0.756,1.459,685,90,96.789,1.103,1.299,0.77,0.93
2640,2D-D-Z2.tif,0.916,5.861,0.335,1.597,169,91,122.661,0.978,1.574,0.635,0.752
2641,2D-D-Z2.tif,1.815,5.088,0.881,1.758,590,143,78.69,1.345,1.265,0.79,0.967
2642,2D-D-Z2.tif,4.913,8.483,0.858,2.944,470,179,84.623,2.31,1.301,0.769,0.968
2643,2D-D-Z2.tif,1.21,4.304,0.821,1.468,313,145,80.538,1.069,1.398,0.716,0.953
2644,2D-D-Z2.tif,1.042,4.045,0.8,1.38,162,116,102.995,1.014,1.324,0.756,0.931
2645,2D-D-Z2.tif,0.744,4.946,0.382,1.32,777,130,160.145,0.992,1.36,0.735,0.728
2646,2D-D-Z2.tif,1.162,5.575,0.47,1.89,413,129,104.797,0.967,1.959,0.51,0.796
2647,2D-D-Z2.tif,2.308,5.827,0.854,1.942,666,136,96.116,1.582,1.206,0.829,0.963
2648,2D-D-Z2.tif,2.283,8.56,0.392,2.259,514,167,12.339,1.679,1.219,0.82,0.85
2649,2D-D-Z2.tif,2.351,5.782,0.884,1.93,796,207,71.241,1.621,1.179,0.848,0.967
2650,2D-D-Z2.tif,0.957,3.878,0.8,1.32,593,197,70.145,1,1.341,0.746,0.934
2651,2D-D-Z2.tif,0.957,4.142,0.701,1.347,359,176,166.675,1.064,1.433,0.698,0.889
2652,2D-D-Z2.tif,0.955,4.102,0.713,1.473,421,200,20.556,1.021,1.36,0.735,0.897
2653,2D-D-Z2.tif,2.633,7.05,0.666,2.224,503,246,82.875,1.706,1.238,0.808,0.909
2654,2D-D-Z2.tif,0.74,3.545,0.739,1.265,19,221,78.996,0.828,1.606,0.623,0.907
2655,2D-D-Z2.tif,0.772,3.557,0.766,1.223,536,192,130.426,0.992,1.195,0.837,0.911
2656,2D-D-Z2.tif,1.773,5.6,0.71,1.775,343,197,119.055,1.429,1.164,0.859,0.899
2657,2D-D-Z2.tif,3.608,7.255,0.861,2.532,76,197,96.254,1.821,1.415,0.707,0.969
2658,2D-D-Z2.tif,2.334,7.134,0.576,2.534,243,273,75.018,1.25,1.982,0.505,0.906
2659,2D-D-Z2.tif,0.908,4.58,0.544,1.865,211,211,109.44,0.676,2.812,0.356,0.896
2660,2D-D-Z2.tif,3.095,7.008,0.792,2.318,172,283,67.249,1.817,1.296,0.772,0.944
2661,2D-D-Z2.tif,1.262,4.544,0.768,1.506,412,220,105.945,1.15,1.356,0.737,0.926
2662,2D-D-Z2.tif,1.842,6.327,0.578,2.306,310,240,148.449,1.283,1.717,0.582,0.867
2663,2D-D-Z2.tif,0.95,4.329,0.637,1.313,676,240,119.932,1.04,1.175,0.851,0.879
2664,2D-D-Z2.tif,1.203,4.065,0.915,1.355,624,291,75.256,1.195,1.095,0.913,0.963
2665,2D-D-Z2.tif,2.151,8.613,0.364,2.715,685,340,64.411,1.672,1.597,0.626,0.752
2666,2D-D-Z2.tif,2.312,6.041,0.796,1.985,159,290,162.824,1.571,1.257,0.796,0.938
2667,2D-D-Z2.tif,2.033,6.688,0.571,2.411,721,287,106.621,1.345,1.543,0.648,0.875
2668,2D-D-Z2.tif,1.854,5.673,0.724,1.814,88,289,98.746,1.367,1.388,0.72,0.916
2669,2D-D-Z2.tif,1.089,7.598,0.237,2.541,12,302,108.189,0.86,3.546,0.282,0.66
2670,2D-D-Z2.tif,1.775,5.692,0.689,2.053,470,337,29.148,1.241,1.579,0.633,0.936
2671,2D-D-Z2.tif,1.603,6.725,0.445,1.708,534,313,133.363,1.475,1.119,0.894,0.844
2672,2D-D-Z2.tif,1.586,5.34,0.699,1.894,634,323,146.889,1.318,1.351,0.74,0.933
2673,2D-D-Z2.tif,1.81,5.202,0.84,1.713,323,332,139.899,1.397,1.171,0.854,0.953
2674,2D-D-Z2.tif,1.268,4.613,0.748,1.573,274,346,105.255,1.085,1.473,0.679,0.935
2675,2D-D-Z2.tif,0.862,5.377,0.375,1.564,135,351,131.424,0.968,1.473,0.679,0.771
2676,2D-D-Z2.tif,0.762,3.646,0.72,1.3,697,356,158.199,0.867,1.502,0.666,0.892
2677,2D-D-Z2.tif,1.073,7.079,0.269,2.05,371,410,42.274,1.418,1.195,0.837,0.638
2678,2D-D-Z2.tif,2.119,6.059,0.725,1.843,633,358,107.418,1.517,1.202,0.832,0.927
2679,2D-D-Z2.tif,1.837,5.202,0.853,1.701,236,409,72.3,1.408,1.201,0.833,0.954
2680,2D-D-Z2.tif,0.832,4.393,0.542,1.788,862,369,109.134,0.748,2.317,0.432,0.845
2681,2D-D-Z2.tif,2.479,9.576,0.34,2.609,454,371,119.275,1.693,1.343,0.744,0.788
2682,2D-D-Z2.tif,0.966,4.028,0.748,1.311,344,404,54.638,1.049,1.198,0.834,0.929
2683,2D-D-Z2.tif,1.054,4.358,0.697,1.441,32,376,111.038,0.986,1.437,0.696,0.905
2684,2D-D-Z2.tif,1.856,5.481,0.776,1.968,831,437,78.887,1.228,1.649,0.607,0.95
2685,2D-D-Z2.tif,1.453,5.974,0.512,1.679,547,433,70.821,1.463,1.304,0.767,0.804
2686,2D-D-Z2.tif,1.128,7.728,0.237,2.377,120,402,156.038,1.085,2.308,0.433,0.61
2687,2D-D-Z2.tif,2.197,6.981,0.567,2.323,638,477,71.834,1.571,1.41,0.709,0.856
2688,2D-D-Z2.tif,1.797,6.221,0.583,2.495,44,487,78.845,1.207,2.008,0.498,0.901
2689,2D-D-Z2.tif,0.911,3.967,0.727,1.28,694,427,117.255,1.056,1.214,0.824,0.921
2690,2D-D-Z2.tif,2.755,6.899,0.727,2.489,122,444,93.972,1.642,1.415,0.707,0.933
2691,2D-D-Z2.tif,3.976,11.386,0.385,3.179,159,448,105.092,1.998,1.495,0.669,0.795
2692,2D-D-Z2.tif,1.712,5.039,0.847,1.733,332,503,84.289,1.273,1.358,0.736,0.957
2693,2D-D-Z2.tif,1.256,7.778,0.261,2.362,930,464,146.31,1.136,2.27,0.441,0.634
2694,2D-D-Z2.tif,2.256,7.674,0.481,2.2,755,462,122.196,1.577,1.374,0.728,0.821
2695,2D-D-Z2.tif,0.772,4.045,0.593,1.455,90,465,95.44,0.867,1.879,0.532,0.823
2696,2D-D-Z2.tif,0.977,3.87,0.82,1.298,905,508,79.287,1.034,1.201,0.832,0.933
2697,2D-D-Z2.tif,0.95,5.084,0.462,1.447,204,499,167.619,1.166,1.127,0.887,0.794
2698,2D-D-Z2.tif,0.713,4.418,0.459,1.527,425,489,161.565,0.909,1.581,0.633,0.782
2699,2D-D-Z2.tif,0.926,5.296,0.415,1.842,44,500,128.157,0.88,2.179,0.459,0.756
2700,2D-D-Z2.tif,2.551,8.488,0.445,2.364,110,502,113.199,1.758,1.294,0.773,0.827
2701,2D-D-Z2.tif,1.515,4.966,0.772,1.79,849,559,74.358,1.172,1.501,0.666,0.944
2702,2D-D-Z2.tif,1.656,5.21,0.767,1.821,12,577,71.222,1.218,1.465,0.683,0.934
2703,2D-D-Z2.tif,0.849,3.838,0.724,1.444,505,560,33.311,0.841,1.733,0.577,0.894
2704,2D-D-Z2.tif,1.969,6.327,0.618,2.088,789,531,112.329,1.557,1.277,0.783,0.863
2705,2D-D-Z2.tif,1.591,6.904,0.419,2.241,333,592,59.49,1.133,1.896,0.528,0.838
2706,2D-D-Z2.tif,3.442,7.657,0.738,2.449,524,610,54.744,1.931,1.152,0.868,0.953
2707,2D-D-Z2.tif,2.281,6.083,0.774,2.053,699,548,97.722,1.621,1.165,0.858,0.93
2708,2D-D-Z2.tif,0.83,6.601,0.239,2.705,52,554,101.023,0.665,4.959,0.202,0.692
2709,2D-D-Z2.tif,1.22,4.215,0.863,1.481,591,597,77.905,1.103,1.242,0.805,0.953
2710,2D-D-Z2.tif,3.234,7.415,0.739,2.28,113,637,69.647,1.959,1.132,0.884,0.943
2711,2D-D-Z2.tif,4.602,14.529,0.274,3.772,388,690,75.71,1.889,2.125,0.471,0.779
2712,2D-D-Z2.tif,1.127,5.056,0.554,1.549,304,629,78.44,1.132,1.369,0.73,0.848
2713,2D-D-Z2.tif,2.178,5.644,0.859,1.975,180,652,65.225,1.582,1.231,0.812,0.958
2714,2D-D-Z2.tif,1.403,4.548,0.853,1.648,883,655,74.219,1.148,1.422,0.703,0.954
2715,2D-D-Z2.tif,2.816,6.778,0.77,2.194,320,678,59.808,1.793,1.204,0.831,0.958
2716,2D-D-Z2.tif,1.278,4.47,0.804,1.497,480,631,141.546,1.196,1.176,0.85,0.931
2717,2D-D-Z2.tif,0.734,3.216,0.892,1.157,615,655,63.435,0.862,1.227,0.815,0.96
2718,2D-D-Z2.tif,0.719,5.6,0.288,1.761,552,646,23.051,0.931,2.002,0.499,0.653
2719,2D-D-Z2.tif,0.755,3.264,0.89,1.062,262,655,54.246,0.966,1.015,0.985,0.953
2720,2D-D-Z2.tif,1.319,4.45,0.837,1.503,442,669,53.393,1.172,1.183,0.845,0.943
2721,2D-D-Z2.tif,1.078,3.967,0.861,1.429,935,675,81.674,1.034,1.409,0.71,0.95
2722,2D-D-Z2.tif,2.36,6.684,0.664,2.151,777,662,167.969,1.756,1.063,0.941,0.885
2723,2D-D-Z2.tif,3.929,11.858,0.351,3.319,148,701,32.699,2.357,1.143,0.875,0.759
2724,2D-D-Z2.tif,1.834,6.059,0.628,1.942,682,708,83.884,1.423,1.26,0.794,0.887
2725,2D-D-Z2.tif,2.446,7.903,0.492,2.5,562,722,65.556,1.621,1.322,0.756,0.84
2726,2D-D-Z2.tif,1.19,4.341,0.794,1.573,20,698,63.997,1.172,1.268,0.788,0.933
2727,2D-D-Z2.tif,0.788,3.577,0.774,1.298,275,700,79.287,0.826,1.514,0.66,0.922
2728,2D-D-Z2.tif,0.799,6.246,0.257,1.93,708,691,18.759,0.97,2.725,0.367,0.594
2729,2D-D-Z2.tif,1.155,4.86,0.614,1.538,642,724,70.346,1.158,1.336,0.749,0.863
2730,2D-D-Z3.tif,1.779,6.534,0.524,2.01,31,34,143.83,1.321,1.494,0.669,0.875
2731,2D-D-Z3.tif,1.179,4.153,0.859,1.348,793,152,78.917,1.182,1.107,0.904,0.968
2732,2D-D-Z3.tif,1.767,7.816,0.363,2.037,410,270,27.937,1.28,1.604,0.623,0.899
2733,2D-D-Z3.tif,1.584,8.208,0.296,2.306,808,267,177.628,1.325,1.457,0.686,0.745
2734,2D-D-Z3.tif,1.714,5.196,0.798,1.665,37,266,148.392,1.423,1.174,0.852,0.961
2735,2D-D-Z3.tif,2.199,11.497,0.209,2.05,754,353,145.57,1.602,1.239,0.807,0.857
2736,2D-D-Z3.tif,0.764,5.013,0.382,1.251,77,408,27.962,0.951,1.288,0.776,0.859
2737,2D-D-Z3.tif,1.851,8.747,0.304,1.829,425,512,63.435,1.502,1.092,0.916,0.887
2738,2D-D-Z3.tif,2.302,11.262,0.228,2.809,822,615,60.324,1.594,1.589,0.629,0.746
2739,2D-D-Z3.tif,0.608,4.851,0.325,1.521,521,466,95.659,0.676,2.32,0.431,0.802
2740,2D-D-Z3.tif,3.398,13.944,0.22,2.663,133,507,129.806,1.916,1.327,0.753,0.865
2741,2D-D-Z3.tif,0.672,4.73,0.377,1.34,944,498,134.588,0.806,1.505,0.664,0.849
2742,2D-D-Z3.tif,1.68,5.227,0.773,1.727,61,684,84.109,1.284,1.356,0.738,0.961
2743,2D-U-Z1.tif,1.322,4.225,0.931,1.451,677,1,108.435,1.193,1.162,0.861,0.932
2744,2D-U-Z1.tif,1.777,6.798,0.483,2.22,712,2,150.255,1.285,2.015,0.496,0.799
2745,2D-U-Z1.tif,1.263,4.171,0.912,1.433,416,18,50.194,1.269,1.102,0.907,0.915
2746,2D-U-Z1.tif,1.777,5.058,0.873,1.858,340,18,32.905,1.335,1.392,0.718,0.925
2747,2D-U-Z1.tif,1.053,3.804,0.914,1.336,443,20,74.055,1.101,1.094,0.914,0.912
2748,2D-U-Z1.tif,2.518,7.004,0.645,2.3,227,9,118.61,1.849,1.155,0.866,0.849
2749,2D-U-Z1.tif,1.23,4.798,0.671,1.753,263,10,132.879,1.083,1.733,0.577,0.83
2750,2D-U-Z1.tif,1.154,5.08,0.562,1.731,458,32,57.995,1.103,1.538,0.65,0.813
2751,2D-U-Z1.tif,1.39,4.377,0.911,1.603,585,33,76.759,1.193,1.332,0.751,0.919
2752,2D-U-Z1.tif,1.196,5.134,0.57,1.692,606,31,49.399,1.17,1.447,0.691,0.774
2753,2D-U-Z1.tif,2.046,8.862,0.327,2.021,420,38,39.472,1.744,1.032,0.969,0.723
2754,2D-U-Z1.tif,1.423,5.447,0.603,1.945,527,25,109.29,1.176,1.739,0.575,0.826
2755,2D-U-Z1.tif,1.608,4.95,0.825,1.731,632,26,122.005,1.425,1.206,0.83,0.888
2756,2D-U-Z1.tif,2.265,7.336,0.529,3.063,164,38,8.616,1.101,3.305,0.303,0.885
2757,2D-U-Z1.tif,1.693,4.874,0.895,1.828,557,27,107.526,1.285,1.374,0.728,0.924
2758,2D-U-Z1.tif,1.305,5.241,0.597,1.828,443,32,107.526,1.193,1.509,0.662,0.822
2759,2D-U-Z1.tif,1.019,3.675,0.948,1.323,348,42,123.69,1.101,1.183,0.845,0.931
2760,2D-U-Z1.tif,2.686,7.533,0.595,2.345,375,64,59.421,1.927,1.313,0.762,0.798
2761,2D-U-Z1.tif,1.432,4.507,0.886,1.579,544,42,125.538,1.285,1.158,0.864,0.916
2762,2D-U-Z1.tif,1.448,4.538,0.884,1.563,419,56,40.236,1.377,1.055,0.947,0.912
2763,2D-U-Z1.tif,2.467,8.495,0.43,2.56,487,45,104.534,1.57,1.538,0.65,0.75
2764,2D-U-Z1.tif,1.078,3.804,0.936,1.336,298,46,105.945,1.091,1.237,0.809,0.918
2765,2D-U-Z1.tif,1.137,3.934,0.923,1.451,275,56,108.435,1.101,1.308,0.765,0.922
2766,2D-U-Z1.tif,2.425,5.89,0.879,2.07,391,85,77.196,1.652,1.228,0.814,0.928
2767,2D-U-Z1.tif,2.046,5.621,0.814,1.947,520,65,98.13,1.594,1.223,0.818,0.89
2768,2D-U-Z1.tif,1.356,4.399,0.88,1.584,407,90,79.992,1.19,1.328,0.753,0.917
2769,2D-U-Z1.tif,1.322,4.744,0.738,1.765,311,74,98.973,1.05,1.84,0.543,0.865
2770,2D-U-Z1.tif,1.912,5.165,0.9,1.936,352,75,121.43,1.377,1.274,0.785,0.936
2771,2D-U-Z1.tif,1.566,5.035,0.776,1.977,485,76,111.801,1.101,1.656,0.604,0.937
2772,2D-U-Z1.tif,1.297,5.447,0.549,1.765,710,79,117.897,1.504,1.139,0.878,0.733
2773,2D-U-Z1.tif,3.242,11.359,0.316,3.517,332,120,82.504,1.655,2.568,0.389,0.688
2774,2D-U-Z1.tif,1.406,4.431,0.9,1.714,505,82,105.524,1.101,1.49,0.671,0.93
2775,2D-U-Z1.tif,1.246,4.247,0.868,1.494,587,83,100.62,1.193,1.168,0.856,0.889
2776,2D-U-Z1.tif,2.105,5.393,0.91,1.892,462,85,104.036,1.56,1.235,0.809,0.928
2777,2D-U-Z1.tif,3.023,6.624,0.866,2.409,424,91,130.365,1.765,1.319,0.758,0.94
2778,2D-U-Z1.tif,1.406,4.538,0.858,1.731,519,105,57.995,1.224,1.365,0.732,0.913
2779,2D-U-Z1.tif,1.347,7.318,0.316,2.701,277,98,9.782,1.244,2.543,0.393,0.597
2780,2D-U-Z1.tif,3.503,7.305,0.825,2.672,629,93,105.945,1.744,1.385,0.722,0.929
2781,2D-U-Z1.tif,1.263,5.523,0.52,1.91,542,108,35.218,1.264,1.389,0.72,0.789
2782,2D-U-Z1.tif,2.072,5.653,0.815,1.858,652,111,20.225,1.642,1.085,0.922,0.89
2783,2D-U-Z1.tif,1.23,4.14,0.901,1.538,477,98,107.354,1.19,1.269,0.788,0.91
2784,2D-U-Z1.tif,2.602,11.328,0.255,3.454,234,128,50.389,1.933,1.575,0.635,0.578
2785,2D-U-Z1.tif,2.038,5.393,0.88,2.038,604,122,82.235,1.377,1.403,0.713,0.931
2786,2D-U-Z1.tif,1.583,6.15,0.526,1.872,391,101,101.31,1.285,1.54,0.649,0.836
2787,2D-U-Z1.tif,2.164,5.577,0.875,2.004,415,104,105.945,1.56,1.31,0.763,0.921
2788,2D-U-Z1.tif,1.491,4.896,0.781,1.654,725,104,109.44,1.432,1.103,0.906,0.876
2789,2D-U-Z1.tif,3.924,13.069,0.289,3.327,529,105,114.444,2.321,1.432,0.698,0.696
2790,2D-U-Z1.tif,1.651,9.435,0.233,3.445,908,108,131.76,1.475,2.986,0.335,0.485
2791,2D-U-Z1.tif,3.436,13.324,0.243,2.965,446,137,21.801,1.972,1.605,0.623,0.74
2792,2D-U-Z1.tif,2.442,7.166,0.598,2.22,422,145,60.255,1.729,1.407,0.711,0.845
2793,2D-U-Z1.tif,3.781,14.04,0.241,3.942,545,147,12.095,2.355,1.94,0.516,0.607
2794,2D-U-Z1.tif,1.558,5.523,0.642,1.835,586,126,126.87,1.483,1.187,0.843,0.82
2795,2D-U-Z1.tif,1.331,5.362,0.582,1.675,393,138,9.462,1.231,1.552,0.644,0.773
2796,2D-U-Z1.tif,1.027,4.064,0.782,1.56,707,129,118.072,1.086,1.452,0.689,0.871
2797,2D-U-Z1.tif,2.181,5.523,0.899,2.031,622,151,71.565,1.56,1.272,0.786,0.937
2798,2D-U-Z1.tif,1.011,5.004,0.507,2.095,311,148,28.811,0.949,2.558,0.391,0.719
2799,2D-U-Z1.tif,1.398,4.323,0.94,1.513,346,157,75.964,1.285,1.109,0.902,0.92
2800,2D-U-Z1.tif,1.002,3.675,0.933,1.323,443,142,123.69,1.101,1.151,0.869,0.912
2801,2D-U-Z1.tif,4.152,12.957,0.311,5.256,450,166,12.095,1.5,5.02,0.199,0.634
2802,2D-U-Z1.tif,1.752,5.998,0.612,2.345,260,169,59.421,1.259,2.071,0.483,0.844
2803,2D-U-Z1.tif,3.655,9.976,0.461,3.429,564,150,105.524,1.818,1.827,0.547,0.819
2804,2D-U-Z1.tif,1.331,7.846,0.272,2.728,826,151,137.726,1.352,2.466,0.406,0.486
2805,2D-U-Z1.tif,3.141,6.722,0.873,2.359,510,182,76.504,1.847,1.283,0.779,0.929
2806,2D-U-Z1.tif,1.322,4.399,0.858,1.685,717,160,119.358,1.145,1.478,0.676,0.897
2807,2D-U-Z1.tif,2.333,9.963,0.295,2.625,403,162,126.469,2.067,1.105,0.905,0.572
2808,2D-U-Z1.tif,1.027,3.827,0.882,1.404,594,164,101.31,1.101,1.27,0.788,0.897
2809,2D-U-Z1.tif,1.23,4.507,0.761,1.765,699,183,81.027,1.101,1.595,0.627,0.864
2810,2D-U-Z1.tif,4.379,12.742,0.339,3.92,218,174,159.444,1.882,2.305,0.434,0.715
2811,2D-U-Z1.tif,2.156,5.447,0.913,1.981,372,172,103.392,1.468,1.292,0.774,0.933
2812,2D-U-Z1.tif,1.347,5.729,0.516,1.692,452,190,77.471,1.345,1.525,0.656,0.771
2813,2D-U-Z1.tif,1.356,5.912,0.487,1.687,329,183,112.38,1.448,1.301,0.769,0.724
2814,2D-U-Z1.tif,3.419,10.321,0.403,2.962,636,184,106.189,2.1,1.299,0.77,0.726
2815,2D-U-Z1.tif,2.973,11.587,0.278,3.233,668,209,34.592,2.002,1.439,0.695,0.668
2816,2D-U-Z1.tif,2.872,11.695,0.264,2.596,404,214,45,2.111,1.293,0.773,0.705
2817,2D-U-Z1.tif,3.411,9.435,0.481,2.753,379,221,53.13,1.977,1.49,0.671,0.832
2818,2D-U-Z1.tif,1.836,5.241,0.84,1.828,513,218,72.474,1.377,1.299,0.77,0.906
2819,2D-U-Z1.tif,1.288,5.156,0.609,1.753,558,203,132.879,1.254,1.36,0.735,0.797
2820,2D-U-Z1.tif,2.804,11.498,0.267,2.849,325,231,14.931,2.431,1.136,0.88,0.582
2821,2D-U-Z1.tif,3.023,9.435,0.427,2.625,609,214,143.531,2.134,1.439,0.695,0.743
2822,2D-U-Z1.tif,1.71,4.798,0.933,1.642,404,221,116.565,1.434,1.085,0.921,0.929
2823,2D-U-Z1.tif,2.442,6.226,0.792,2.235,434,223,109.179,1.71,1.353,0.739,0.89
2824,2D-U-Z1.tif,2.004,6.937,0.523,2.538,599,250,77.471,1.172,2.296,0.436,0.795
2825,2D-U-Z1.tif,5.086,16.211,0.243,4.55,209,230,138.27,2.704,1.988,0.503,0.58
2826,2D-U-Z1.tif,2.131,7.457,0.482,2.506,577,249,66.251,1.524,1.838,0.544,0.796
2827,2D-U-Z1.tif,1.07,4.874,0.566,1.936,295,240,31.43,1.021,2.43,0.411,0.772
2828,2D-U-Z1.tif,3.31,8.83,0.533,2.898,637,261,79.046,1.795,1.892,0.529,0.797
2829,2D-U-Z1.tif,4.295,16.318,0.203,5.361,351,290,83.118,2.2,3.321,0.301,0.533
2830,2D-U-Z1.tif,1.491,7.394,0.343,2.761,530,243,21.448,1.285,2.141,0.467,0.619
2831,2D-U-Z1.tif,1.314,7.34,0.306,2.629,261,233,119.249,1.458,2.361,0.424,0.559
2832,2D-U-Z1.tif,1.44,4.82,0.779,1.782,386,238,101.889,1.193,1.598,0.626,0.879
2833,2D-U-Z1.tif,4.16,11.964,0.365,3.584,429,252,166.675,2.21,2.173,0.46,0.667
2834,2D-U-Z1.tif,1.39,4.386,0.908,1.624,514,251,42.709,1.193,1.167,0.857,0.951
2835,2D-U-Z1.tif,1.6,7.609,0.347,3.039,708,272,61.113,1.252,2.853,0.35,0.616
2836,2D-U-Z1.tif,1.002,3.706,0.917,1.401,560,257,58.392,1.009,1.315,0.76,0.941
2837,2D-U-Z1.tif,2.661,8.754,0.436,2.545,402,246,115.641,1.83,1.238,0.808,0.761
2838,2D-U-Z1.tif,1.255,4.507,0.776,1.692,688,246,102.529,1.038,1.714,0.584,0.876
2839,2D-U-Z1.tif,1.12,5.263,0.508,1.687,537,262,112.38,1.182,1.245,0.803,0.735
2840,2D-U-Z1.tif,1.634,6.02,0.567,2.113,497,265,145.62,1.377,1.397,0.716,0.795
2841,2D-U-Z1.tif,1.288,7.555,0.284,3.056,659,289,48.652,0.895,4.511,0.222,0.561
2842,2D-U-Z1.tif,1.036,4.171,0.748,1.568,301,268,159.444,1.101,1.432,0.699,0.842
2843,2D-U-Z1.tif,3.849,14.796,0.221,3.494,681,295,29.932,2.815,1.688,0.592,0.562
2844,2D-U-Z1.tif,1.011,4.82,0.547,1.97,733,287,62.241,0.889,2.238,0.447,0.792
2845,2D-U-Z1.tif,1.642,5.447,0.696,2.07,364,290,77.196,1.242,1.622,0.617,0.867
2846,2D-U-Z1.tif,1.095,6.561,0.32,1.945,151,295,70.71,1.645,1.137,0.879,0.534
2847,2D-U-Z1.tif,3.655,10.518,0.415,2.68,460,284,141.953,2.338,1.15,0.87,0.775
2848,2D-U-Z1.tif,1.415,5.859,0.518,1.845,622,277,95.711,1.377,1.354,0.739,0.755
2849,2D-U-Z1.tif,1.204,4.583,0.72,1.675,917,277,99.462,1.193,1.344,0.744,0.846
2850,2D-U-Z1.tif,1.246,4.118,0.924,1.401,500,282,148.392,1.269,1.085,0.922,0.916
2851,2D-U-Z1.tif,1.415,5.577,0.572,1.964,434,281,127.405,1.104,2.051,0.488,0.792
2852,2D-U-Z1.tif,1.432,8.334,0.259,2.142,297,290,99.866,1.468,1.585,0.631,0.593
2853,2D-U-Z1.tif,1.92,5.263,0.871,1.91,524,310,54.782,1.395,1.388,0.721,0.919
2854,2D-U-Z1.tif,1.718,8.419,0.305,2.809,493,315,38.367,1.359,2.64,0.379,0.667
2855,2D-U-Z1.tif,2.4,5.814,0.892,2.093,551,323,74.745,1.56,1.311,0.763,0.936
2856,2D-U-Z1.tif,1.92,8.074,0.37,1.981,639,310,166.608,1.782,1.14,0.877,0.724
2857,2D-U-Z1.tif,1.095,5.675,0.427,2.095,718,327,61.189,1.042,2.303,0.434,0.697
2858,2D-U-Z1.tif,2.147,7.9,0.432,2.815,692,308,109.026,1.296,2.335,0.428,0.745
2859,2D-U-Z1.tif,1.718,7.855,0.35,3.244,422,316,8.13,0.815,4.54,0.22,0.756
2860,2D-U-Z1.tif,1.162,4.118,0.861,1.494,678,311,100.62,1.009,1.423,0.703,0.917
2861,2D-U-Z1.tif,1.979,5.478,0.829,1.936,332,314,121.43,1.448,1.254,0.798,0.906
2862,2D-U-Z1.tif,1.726,7.219,0.416,2.882,394,329,9.162,1.14,2.58,0.388,0.732
2863,2D-U-Z1.tif,1.44,4.843,0.772,1.892,604,319,104.036,1.193,1.569,0.637,0.884
2864,2D-U-Z1.tif,4.143,14.989,0.232,5.398,531,339,17.819,1.945,3.597,0.278,0.636
2865,2D-U-Z1.tif,3.79,9.045,0.582,2.851,430,345,33.179,2.179,1.155,0.866,0.843
2866,2D-U-Z1.tif,1.364,4.355,0.904,1.513,361,330,104.036,1.193,1.185,0.844,0.931
2867,2D-U-Z1.tif,1.263,6.57,0.368,1.847,790,347,26.565,1.56,1.117,0.895,0.638
2868,2D-U-Z1.tif,2.619,7.89,0.529,2.628,612,343,12.095,1.68,1.559,0.642,0.799
2869,2D-U-Z1.tif,1.465,4.507,0.907,1.741,665,334,108.435,1.193,1.487,0.673,0.926
2870,2D-U-Z1.tif,1.086,5.339,0.479,2.175,718,359,62.354,0.78,3.534,0.283,0.737
2871,2D-U-Z1.tif,1.659,7.846,0.339,2.525,396,342,160.907,1.619,1.676,0.597,0.62
2872,2D-U-Z1.tif,1.659,5.76,0.628,2.119,300,346,162.35,1.4,1.846,0.542,0.777
2873,2D-U-Z1.tif,1.154,4.118,0.855,1.527,589,341,122.735,1.101,1.244,0.804,0.938
2874,2D-U-Z1.tif,1.339,5.08,0.652,1.731,481,367,57.995,1.135,1.531,0.653,0.859
2875,2D-U-Z1.tif,1.12,4.14,0.821,1.654,653,352,123.69,1.038,1.736,0.576,0.893
2876,2D-U-Z1.tif,3.293,6.906,0.868,2.43,497,359,100.886,1.927,1.223,0.817,0.924
2877,2D-U-Z1.tif,2.046,8.159,0.386,2.27,620,385,75.964,1.744,1.247,0.802,0.682
2878,2D-U-Z1.tif,1.238,5.339,0.546,2.093,584,368,164.745,1.025,2.28,0.439,0.746
2879,2D-U-Z1.tif,2.981,6.57,0.868,2.294,324,386,53.13,1.744,1.242,0.805,0.935
2880,2D-U-Z1.tif,2.063,7.609,0.448,2.444,564,387,55.713,1.451,1.696,0.59,0.809
2881,2D-U-Z1.tif,1.171,4.118,0.868,1.513,693,390,75.964,1.101,1.276,0.784,0.906
2882,2D-U-Z1.tif,1.785,6.02,0.619,1.91,383,394,54.782,1.56,1.151,0.869,0.787
2883,2D-U-Z1.tif,2.594,8.052,0.503,2.629,581,394,29.249,1.814,1.652,0.605,0.733
2884,2D-U-Z1.tif,1.011,3.858,0.853,1.433,653,391,50.194,1.101,1.283,0.78,0.892
2885,2D-U-Z1.tif,1.213,6.561,0.354,2.129,85,383,97.431,0.998,2.385,0.419,0.738
2886,2D-U-Z1.tif,6.207,19.648,0.202,6.536,442,386,141.843,2.441,3.413,0.293,0.526
2887,2D-U-Z1.tif,2.964,8.258,0.546,2.675,537,406,22.166,1.721,1.64,0.61,0.811
2888,2D-U-Z1.tif,1.524,6.118,0.512,2.031,104,409,71.565,1.443,1.498,0.668,0.731
2889,2D-U-Z1.tif,3.849,10.872,0.409,3.474,635,426,77.8,1.744,2.146,0.466,0.815
2890,2D-U-Z1.tif,1.735,5.706,0.669,1.763,609,408,51.34,1.468,1.113,0.898,0.871
2891,2D-U-Z1.tif,1.39,4.377,0.911,1.584,413,396,100.008,1.188,1.296,0.771,0.917
2892,2D-U-Z1.tif,5.44,18.274,0.205,5.417,272,435,38.811,2.882,2.477,0.404,0.542
2893,2D-U-Z1.tif,1.272,5.187,0.594,2.013,375,414,24.228,1.153,1.737,0.576,0.789
2894,2D-U-Z1.tif,1.07,4.982,0.542,1.654,251,403,146.31,1.193,1.257,0.796,0.76
2895,2D-U-Z1.tif,1.356,4.301,0.921,1.527,322,411,122.735,1.269,1.197,0.836,0.923
2896,2D-U-Z1.tif,1.196,4.216,0.845,1.494,423,426,79.38,1.177,1.217,0.822,0.89
2897,2D-U-Z1.tif,3.587,10.59,0.402,2.928,380,420,147.804,2.231,1.496,0.668,0.74
2898,2D-U-Z1.tif,1.752,7.394,0.403,2.423,601,424,142.696,1.428,1.78,0.562,0.715
2899,2D-U-Z1.tif,1.533,7.349,0.357,2.774,566,428,124.216,1.367,2.513,0.398,0.606
2900,2D-U-Z1.tif,1.002,3.956,0.805,1.505,519,441,52.431,0.973,1.647,0.607,0.865
2901,2D-U-Z1.tif,2.51,8.678,0.419,2.882,439,432,99.162,1.741,1.433,0.698,0.726
2902,2D-U-Z1.tif,2.055,6.808,0.557,2.142,534,451,43.264,1.652,1.343,0.745,0.836
2903,2D-U-Z1.tif,1.255,4.225,0.883,1.568,344,454,69.444,1.101,1.478,0.677,0.931
2904,2D-U-Z1.tif,2.265,6.754,0.624,2.699,272,439,107.819,1.433,1.796,0.557,0.859
2905,2D-U-Z1.tif,1.39,4.485,0.868,1.687,372,458,67.62,1.149,1.478,0.677,0.927
2906,2D-U-Z1.tif,1.272,4.346,0.846,1.687,567,441,112.38,1.103,1.579,0.633,0.904
2907,2D-U-Z1.tif,2.409,5.975,0.848,2.16,474,442,102.265,1.468,1.526,0.655,0.929
2908,2D-U-Z1.tif,1.39,6.973,0.359,2.724,641,461,32.619,1.115,2.983,0.335,0.678
2909,2D-U-Z1.tif,2.855,11.713,0.261,5.051,114,450,2.083,0.979,6.64,0.151,0.716
2910,2D-U-Z1.tif,1.625,4.874,0.86,1.872,384,448,101.31,1.193,1.526,0.655,0.923
2911,2D-U-Z1.tif,1.196,6.02,0.415,2.311,593,457,6.843,1.101,2.423,0.413,0.654
2912,2D-U-Z1.tif,1.491,5.111,0.717,2.119,332,452,107.65,0.999,2.184,0.458,0.903
2913,2D-U-Z1.tif,1.423,6.798,0.387,1.892,415,459,165.964,1.377,1.42,0.704,0.733
2914,2D-U-Z1.tif,1.457,6.951,0.379,2.038,532,462,172.235,1.285,1.555,0.643,0.691
2915,2D-U-Z1.tif,1.179,3.988,0.932,1.513,686,455,104.036,1.009,1.4,0.715,0.933
2916,2D-U-Z1.tif,2.181,6.722,0.607,2.591,495,471,22.932,1.448,1.956,0.511,0.851
2917,2D-U-Z1.tif,1.423,5.653,0.56,2.062,286,470,20.854,1.339,1.503,0.665,0.766
2918,2D-U-Z1.tif,2.013,5.134,0.96,1.741,458,483,71.565,1.56,1.06,0.943,0.943
2919,2D-U-Z1.tif,1.474,6.378,0.455,2.013,626,487,65.772,1.19,1.847,0.541,0.792
2920,2D-U-Z1.tif,1.381,4.377,0.906,1.685,313,471,119.358,1.231,1.349,0.741,0.927
2921,2D-U-Z1.tif,1.347,4.614,0.795,1.714,744,473,105.524,1.101,1.464,0.683,0.889
2922,2D-U-Z1.tif,2.594,6.754,0.715,2.423,538,497,52.696,1.654,1.629,0.614,0.865
2923,2D-U-Z1.tif,2.366,6.463,0.712,2.27,387,477,104.036,1.468,1.471,0.68,0.911
2924,2D-U-Z1.tif,3.529,12.59,0.28,3.773,644,516,71.565,1.929,2.099,0.476,0.65
2925,2D-U-Z1.tif,2.307,7.694,0.49,2.827,688,512,76.866,1.377,1.994,0.502,0.783
2926,2D-U-Z1.tif,5.188,17.594,0.211,4.234,567,511,29.899,3.037,1.466,0.682,0.611
2927,2D-U-Z1.tif,2.105,5.814,0.783,1.951,415,494,131.186,1.544,1.161,0.861,0.898
2928,2D-U-Z1.tif,2.341,7.89,0.473,2.668,462,522,63.435,1.635,1.817,0.55,0.774
2929,2D-U-Z1.tif,2.316,7.586,0.506,2.701,735,498,99.782,1.468,1.577,0.634,0.788
2930,2D-U-Z1.tif,1.87,5.456,0.789,1.892,497,520,39.094,1.467,1.22,0.82,0.904
2931,2D-U-Z1.tif,1.137,4.919,0.591,1.872,316,513,168.69,1.009,2.254,0.444,0.785
2932,2D-U-Z1.tif,2.417,7.631,0.522,2.701,396,520,170.218,1.48,2.06,0.486,0.81
2933,2D-U-Z1.tif,1.196,4.82,0.647,2.038,262,515,172.235,0.932,2.271,0.44,0.853
2934,2D-U-Z1.tif,1.196,4.355,0.792,1.563,369,515,130.236,1.267,1.17,0.854,0.882
2935,2D-U-Z1.tif,1.255,7.188,0.305,1.951,646,528,41.186,1.334,1.773,0.564,0.646
2936,2D-U-Z1.tif,1.971,7.761,0.411,2.75,662,541,64.29,1.476,1.793,0.558,0.718
2937,2D-U-Z1.tif,2.4,5.944,0.854,2.233,433,516,99.462,1.437,1.601,0.625,0.927
2938,2D-U-Z1.tif,1.465,4.713,0.829,1.856,686,520,98.531,1.101,1.566,0.639,0.911
2939,2D-U-Z1.tif,2.838,8.244,0.525,2.444,468,537,34.287,1.857,1.372,0.729,0.828
2940,2D-U-Z1.tif,2.627,6.808,0.712,2.471,595,525,121.329,1.56,1.552,0.644,0.884
2941,2D-U-Z1.tif,1.533,5.349,0.673,1.654,535,528,146.31,1.468,1.151,0.869,0.873
2942,2D-U-Z1.tif,1.086,3.827,0.932,1.398,366,526,113.199,1.168,1.141,0.877,0.905
2943,2D-U-Z1.tif,2.122,5.425,0.906,1.981,620,528,103.392,1.377,1.408,0.71,0.94
2944,2D-U-Z1.tif,3.823,9.39,0.545,3.384,545,561,40.601,2.062,1.495,0.669,0.781
2945,2D-U-Z1.tif,1.726,5.975,0.608,2.22,343,538,119.745,1.285,1.833,0.545,0.863
2946,2D-U-Z1.tif,1.608,6.982,0.415,1.977,309,560,68.199,1.468,1.42,0.704,0.778
2947,2D-U-Z1.tif,1.044,3.912,0.858,1.364,270,556,70.346,1.101,1.19,0.84,0.905
2948,2D-U-Z1.tif,1.996,6.105,0.673,2.266,361,563,58.241,1.35,1.57,0.637,0.878
2949,2D-U-Z1.tif,1.651,4.798,0.901,1.765,527,543,117.897,1.285,1.27,0.787,0.94
2950,2D-U-Z1.tif,2.922,6.333,0.916,2.206,410,544,106.928,1.835,1.207,0.828,0.937
2951,2D-U-Z1.tif,2.063,7.156,0.506,2.323,469,570,80.91,1.457,1.844,0.542,0.775
2952,2D-U-Z1.tif,3.882,10.916,0.409,3.275,591,548,101.31,1.83,1.82,0.549,0.84
2953,2D-U-Z1.tif,1.811,5.058,0.889,1.828,339,549,107.526,1.377,1.281,0.781,0.929
2954,2D-U-Z1.tif,1.238,4.118,0.918,1.513,387,549,104.036,1.101,1.354,0.739,0.922
2955,2D-U-Z1.tif,1.112,3.88,0.928,1.364,646,551,109.654,1.193,1.053,0.949,0.913
2956,2D-U-Z1.tif,2.451,5.935,0.874,2.235,481,580,70.821,1.492,1.502,0.666,0.936
2957,2D-U-Z1.tif,3.318,9.932,0.423,3.154,631,592,81.634,1.628,2.204,0.454,0.807
2958,2D-U-Z1.tif,1.44,4.82,0.779,1.856,621,587,81.469,1.101,1.707,0.586,0.9
2959,2D-U-Z1.tif,1.356,4.735,0.76,1.687,677,567,112.38,1.281,1.249,0.801,0.845
2960,2D-U-Z1.tif,1.128,3.858,0.953,1.323,532,569,123.69,1.193,1.045,0.957,0.927
2961,2D-U-Z1.tif,3.562,9.336,0.514,2.996,547,598,40.03,1.988,1.782,0.561,0.77
2962,2D-U-Z1.tif,1.238,4.431,0.792,1.563,464,577,130.236,1.257,1.22,0.82,0.883
2963,2D-U-Z1.tif,3.124,6.722,0.869,2.409,495,605,72.255,1.835,1.298,0.771,0.932
2964,2D-U-Z1.tif,2.627,7.219,0.634,2.14,522,587,120.964,1.738,1.219,0.82,0.883
2965,2D-U-Z1.tif,1.011,3.988,0.799,1.527,312,590,122.735,0.958,1.564,0.639,0.882
2966,2D-U-Z1.tif,1.364,4.561,0.824,1.519,672,603,25.017,1.335,1.155,0.865,0.888
2967,2D-U-Z1.tif,1.112,3.934,0.903,1.377,469,608,53.13,1.149,1.175,0.851,0.904
2968,2D-U-Z1.tif,1.238,4.431,0.792,1.584,604,596,100.008,1.101,1.49,0.671,0.872
2969,2D-U-Z1.tif,1.39,4.462,0.877,1.634,585,598,128.157,1.101,1.333,0.75,0.938
2970,2D-U-Z1.tif,3.107,9.694,0.416,3.29,450,631,67.011,1.661,1.998,0.5,0.764
2971,2D-U-Z1.tif,1.221,5.554,0.497,2.081,385,617,41.424,1.321,1.372,0.729,0.723
2972,2D-U-Z1.tif,2.771,7.533,0.614,2.629,670,607,119.249,1.652,1.377,0.726,0.873
2973,2D-U-Z1.tif,2.299,8.862,0.368,2.221,513,611,141.71,1.765,1.281,0.781,0.805
2974,2D-U-Z1.tif,1.465,9.112,0.222,2.672,747,637,74.055,1.373,2.125,0.471,0.542
2975,2D-U-Z1.tif,2.333,5.921,0.836,2.021,400,611,140.528,1.62,1.213,0.825,0.913
2976,2D-U-Z1.tif,1.768,6.279,0.564,2.25,644,636,78.232,1.402,1.689,0.592,0.759
2977,2D-U-Z1.tif,3.107,12.268,0.259,3.055,494,616,122.735,1.827,1.641,0.609,0.71
2978,2D-U-Z1.tif,1.6,6.808,0.434,2.15,283,620,140.194,1.655,1.698,0.589,0.663
2979,2D-U-Z1.tif,1.491,6.431,0.453,2.16,433,618,102.265,1.046,2.464,0.406,0.752
2980,2D-U-Z1.tif,1.297,4.377,0.851,1.603,317,636,76.759,1.193,1.392,0.718,0.89
2981,2D-U-Z1.tif,1.785,4.928,0.924,1.741,546,620,108.435,1.377,1.224,0.817,0.94
2982,2D-U-Z1.tif,2.939,8.074,0.567,2.571,585,621,124.824,1.765,1.394,0.717,0.87
2983,2D-U-Z1.tif,1.263,4.82,0.683,1.81,671,634,120.466,1.133,1.622,0.616,0.86
2984,2D-U-Z1.tif,1.92,5.393,0.83,1.981,388,658,76.608,1.377,1.481,0.675,0.912
2985,2D-U-Z1.tif,3.301,14.072,0.21,4.519,368,686,77.093,2.106,2.404,0.416,0.51
2986,2D-U-Z1.tif,2.703,6.105,0.911,2.294,422,640,106.26,1.468,1.461,0.684,0.958
2987,2D-U-Z1.tif,2.493,10.916,0.263,2.938,571,640,104.47,1.738,1.931,0.518,0.626
2988,2D-U-Z1.tif,1.297,5.935,0.463,1.828,542,660,72.474,1.231,1.727,0.579,0.768
2989,2D-U-Z1.tif,3.849,11.932,0.34,4.478,724,677,44.17,1.697,2.986,0.335,0.652
2990,2D-U-Z1.tif,2.004,6.472,0.601,2.556,464,647,158.962,1.178,2.521,0.397,0.859
2991,2D-U-Z1.tif,2.072,5.371,0.902,2.004,445,667,74.055,1.377,1.445,0.692,0.939
2992,2D-U-Z1.tif,2.619,11.543,0.247,4.104,82,691,79.695,1.377,2.833,0.353,0.621
2993,2D-U-Z1.tif,2.223,7.976,0.439,2.386,496,647,112.62,1.56,1.661,0.602,0.793
2994,2D-U-Z1.tif,1.027,3.804,0.892,1.425,706,653,104.931,1.009,1.347,0.742,0.91
2995,2D-U-Z1.tif,1.432,4.453,0.907,1.494,398,672,79.38,1.377,1.039,0.963,0.912
2996,2D-U-Z1.tif,1.6,8.074,0.308,1.985,475,659,123.69,1.654,1.304,0.767,0.635
2997,2D-U-Z1.tif,1.524,4.561,0.921,1.603,513,674,23.629,1.368,1.159,0.863,0.921
2998,2D-U-Z1.tif,1.011,3.804,0.877,1.398,346,666,113.199,1.067,1.31,0.763,0.896
2999,2D-U-Z1.tif,1.078,5.317,0.479,1.772,204,686,21.251,1.009,2.067,0.484,0.721
3000,2D-U-Z1.tif,1.987,7.188,0.483,2.189,404,681,146.976,1.654,1.447,0.691,0.771
3001,2D-U-Z1.tif,1.777,6.172,0.586,2.584,466,680,163.496,1.18,2.233,0.448,0.841
3002,2D-U-Z1.tif,1.204,7.09,0.301,2.938,854,711,75.53,0.801,4.484,0.223,0.659
3003,2D-U-Z1.tif,1.12,3.836,0.957,1.323,561,682,123.69,1.101,1.089,0.919,0.947
3004,2D-U-Z1.tif,4.042,11.337,0.395,3.12,243,716,61.928,2.432,1.594,0.627,0.75
3005,2D-U-Z1.tif,2.333,6.029,0.806,2.206,434,710,73.072,1.377,1.629,0.614,0.923
3006,2D-U-Z1.tif,2.392,8.235,0.443,2.868,308,691,97.352,1.513,1.991,0.502,0.73
3007,2D-U-Z1.tif,1.095,3.804,0.951,1.364,650,693,109.654,1.101,1.192,0.839,0.922
3008,2D-U-Z1.tif,1.945,5.21,0.901,1.962,454,716,79.216,1.377,1.418,0.705,0.935
3009,2D-U-Z1.tif,2.67,10.428,0.308,2.381,495,703,152.447,1.927,1.239,0.807,0.742
3010,2D-U-Z1.tif,1.044,3.858,0.882,1.513,330,697,104.036,0.918,1.566,0.639,0.919
3011,2D-U-Z1.tif,1.895,5.621,0.754,2.031,560,697,108.435,1.343,1.546,0.647,0.888
3012,2D-U-Z1.tif,1.398,7.533,0.31,3.164,160,711,16.858,0.847,4.594,0.218,0.675
3013,2D-U-Z1.tif,1.701,5.966,0.601,2.129,687,708,172.569,1.253,1.872,0.534,0.833
3014,2D-U-Z1.tif,1.693,5.317,0.752,1.947,592,715,8.13,1.355,1.328,0.753,0.885
3015,2D-U-Z2.tif,2.385,10.575,0.268,2.597,242,84,79.287,1.681,1.515,0.66,0.73
3016,2D-U-Z2.tif,1.111,5.405,0.478,1.715,635,38,30.174,1.122,1.357,0.737,0.81
3017,2D-U-Z2.tif,1.121,4.662,0.648,1.673,986,15,98.297,0.936,1.945,0.514,0.879
3018,2D-U-Z2.tif,1.264,5.9,0.456,1.612,289,28,138.468,1.264,1.236,0.809,0.872
3019,2D-U-Z2.tif,0.966,4.24,0.675,1.419,160,42,115.942,1.048,1.455,0.687,0.879
3020,2D-U-Z2.tif,1.065,8.123,0.203,2.931,530,112,36.87,0.971,3.785,0.264,0.541
3021,2D-U-Z2.tif,0.757,3.639,0.719,1.313,268,95,60.068,0.797,1.792,0.558,0.874
3022,2D-U-Z2.tif,0.706,3.33,0.8,1.126,353,90,49.97,0.839,1.315,0.76,0.928
3023,2D-U-Z2.tif,1.147,6.806,0.311,2.54,474,63,138.302,1.08,2.572,0.389,0.627
3024,2D-U-Z2.tif,1.446,6.742,0.4,2.416,121,136,87.546,1.125,2.158,0.463,0.79
3025,2D-U-Z2.tif,0.87,5.207,0.403,2.023,900,127,29.624,0.75,3.596,0.278,0.708
3026,2D-U-Z2.tif,1.165,7.366,0.27,1.854,799,154,80.362,1.345,1.462,0.684,0.603
3027,2D-U-Z2.tif,1.277,4.329,0.856,1.392,488,106,131.987,1.258,1.079,0.927,0.947
3028,2D-U-Z2.tif,0.795,4.235,0.557,1.582,997,151,78.69,0.793,1.641,0.609,0.841
3029,2D-U-Z2.tif,0.75,3.48,0.779,1.09,304,139,55.305,1,1.14,0.877,0.906
3030,2D-U-Z2.tif,0.779,5.207,0.361,1.993,209,172,52.734,0.603,4.089,0.245,0.778
3031,2D-U-Z2.tif,0.761,3.264,0.897,1.11,873,136,126.158,0.954,1.133,0.883,0.952
3032,2D-U-Z2.tif,1.923,6.088,0.652,1.987,544,187,51.34,1.403,1.365,0.732,0.913
3033,2D-U-Z2.tif,0.839,3.919,0.687,1.322,517,181,82.504,0.966,1.248,0.801,0.909
3034,2D-U-Z2.tif,2.453,7.916,0.492,2.179,625,161,94.538,1.621,1.462,0.684,0.899
3035,2D-U-Z2.tif,1.44,8.751,0.236,3.146,278,205,9.462,0.812,4.828,0.207,0.694
3036,2D-U-Z2.tif,1.19,4.487,0.743,1.576,955,190,100.081,0.966,1.651,0.606,0.93
3037,2D-U-Z2.tif,1.653,5.047,0.815,1.737,55,248,83.157,1.259,1.404,0.712,0.947
3038,2D-U-Z2.tif,1.785,8.718,0.295,3.177,197,234,3.111,1.193,2.699,0.371,0.688
3039,2D-U-Z2.tif,1.75,6.92,0.459,2.181,649,266,34.695,1.447,1.321,0.757,0.841
3040,2D-U-Z2.tif,3.473,7.037,0.881,2.426,339,228,95.711,1.862,1.292,0.774,0.973
3041,2D-U-Z2.tif,1.32,4.622,0.777,1.523,119,282,84.806,1.207,1.236,0.809,0.929
3042,2D-U-Z2.tif,1.127,8.236,0.209,3.005,562,265,9.246,0.861,4.136,0.242,0.601
3043,2D-U-Z2.tif,1.444,5.023,0.719,1.768,922,252,110.556,1.136,1.584,0.631,0.933
3044,2D-U-Z2.tif,2.018,5.595,0.81,1.728,778,270,151.39,1.576,1.122,0.891,0.935
3045,2D-U-Z2.tif,1.144,6.364,0.355,1.789,718,261,115.084,1.125,1.695,0.59,0.796
3046,2D-U-Z2.tif,0.791,3.399,0.86,1.238,372,311,77.125,0.883,1.393,0.718,0.945
3047,2D-U-Z2.tif,1.078,5.02,0.538,1.671,895,294,111.801,1.002,1.749,0.572,0.831
3048,2D-U-Z2.tif,0.765,6.863,0.204,1.836,647,322,28.009,1.108,2.133,0.469,0.505
3049,2D-U-Z2.tif,0.946,6.932,0.247,1.489,435,301,103.392,1.181,1.418,0.705,0.743
3050,2D-U-Z2.tif,3.315,8.459,0.582,2.87,478,303,94.135,1.876,1.398,0.715,0.903
3051,2D-U-Z2.tif,2.728,9.876,0.351,2.683,6,397,52.836,1.741,1.306,0.766,0.802
3052,2D-U-Z2.tif,1.175,6.746,0.324,2.114,701,357,174.382,1.229,2.022,0.495,0.567
3053,2D-U-Z2.tif,0.744,4.452,0.472,1.253,882,331,97.907,0.927,1.337,0.748,0.837
3054,2D-U-Z2.tif,1.43,9.398,0.204,1.99,677,392,81.027,1.394,1.438,0.695,0.694
3055,2D-U-Z2.tif,0.816,4.016,0.636,1.255,415,351,142.815,0.995,1.228,0.814,0.901
3056,2D-U-Z2.tif,0.958,3.821,0.825,1.366,995,401,79.824,0.931,1.457,0.686,0.946
3057,2D-U-Z2.tif,1.545,9.472,0.216,2.058,188,422,81.327,1.621,1.111,0.9,0.597
3058,2D-U-Z2.tif,0.702,3.273,0.823,1.189,127,398,73.142,0.825,1.41,0.709,0.935
3059,2D-U-Z2.tif,2.461,10.331,0.29,2.579,698,411,29.65,1.941,1.561,0.641,0.666
3060,2D-U-Z2.tif,0.879,5.649,0.346,1.409,894,406,68.459,1.134,1.177,0.85,0.785
3061,2D-U-Z2.tif,1.602,5.17,0.753,1.878,605,388,97.386,1.308,1.329,0.752,0.92
3062,2D-U-Z2.tif,0.973,5.99,0.341,1.664,628,395,103.173,0.978,1.981,0.505,0.787
3063,2D-U-Z2.tif,2.092,5.639,0.826,1.828,836,451,31.891,1.556,1.107,0.904,0.949
3064,2D-U-Z2.tif,1.207,4.28,0.828,1.447,248,462,77.619,1.134,1.293,0.773,0.95
3065,2D-U-Z2.tif,0.935,5.133,0.446,1.631,156,452,13.449,1.018,2.035,0.491,0.701
3066,2D-U-Z2.tif,1.143,6.229,0.37,1.623,274,496,77.735,1.113,1.312,0.762,0.818
3067,2D-U-Z2.tif,1.126,4.812,0.611,1.564,17,496,75.964,1,1.468,0.681,0.889
3068,2D-U-Z2.tif,1.424,7.719,0.3,1.743,839,460,117.072,1.345,1.143,0.875,0.796
3069,2D-U-Z2.tif,0.769,6.372,0.238,2.036,512,519,79.261,0.847,3.275,0.305,0.56
3070,2D-U-Z2.tif,2.032,9.295,0.296,2.541,214,533,71.811,1.345,1.838,0.544,0.779
3071,2D-U-Z2.tif,1.471,9.035,0.226,2.609,126,482,150.725,1.5,1.814,0.551,0.588
3072,2D-U-Z2.tif,0.859,3.695,0.79,1.281,57,516,66.194,0.879,1.463,0.683,0.936
3073,2D-U-Z2.tif,0.798,5.417,0.342,1.941,728,486,160.278,0.901,2.504,0.399,0.683
3074,2D-U-Z2.tif,1.054,4.748,0.587,1.59,524,533,40.601,1.097,1.412,0.708,0.856
3075,2D-U-Z2.tif,2.361,6.492,0.704,1.981,575,564,58.523,1.624,1.161,0.861,0.946
3076,2D-U-Z2.tif,1.111,8.066,0.215,1.97,294,565,57.144,1.163,1.981,0.505,0.592
3077,2D-U-Z2.tif,1.327,4.771,0.732,1.61,69,574,80.134,1.178,1.387,0.721,0.933
3078,2D-U-Z2.tif,1.435,4.788,0.787,1.805,146,585,83.418,1.122,1.568,0.638,0.941
3079,2D-U-Z2.tif,0.831,5.099,0.402,1.369,459,539,130.914,0.967,1.491,0.671,0.78
3080,2D-U-Z2.tif,1.075,5.146,0.51,1.679,661,537,109.179,1.081,1.711,0.585,0.831
3081,2D-U-Z2.tif,2.229,5.981,0.783,2.156,412,539,97.352,1.31,1.675,0.597,0.957
3082,2D-U-Z2.tif,1.385,8.227,0.257,2.252,884,596,49.97,1.188,2.407,0.415,0.617
3083,2D-U-Z2.tif,1.658,5.32,0.736,1.98,174,551,97.001,1.178,1.576,0.635,0.931
3084,2D-U-Z2.tif,1.395,6.62,0.4,2.282,36,561,94.332,0.954,2.525,0.396,0.826
3085,2D-U-Z2.tif,1.058,7.524,0.235,2.464,723,562,173.571,1.251,2.575,0.388,0.506
3086,2D-U-Z2.tif,1.052,3.873,0.881,1.373,977,578,101.592,0.966,1.416,0.706,0.958
3087,2D-U-Z2.tif,0.805,3.451,0.849,1.173,722,588,114.305,0.897,1.254,0.797,0.941
3088,2D-U-Z2.tif,1.683,5.795,0.63,1.808,486,633,55.098,1.455,1.275,0.785,0.897
3089,2D-U-Z2.tif,2.026,5.34,0.893,1.713,360,641,49.899,1.585,1.061,0.942,0.964
3090,2D-U-Z2.tif,0.873,5.568,0.354,1.531,86,651,82.235,1.065,1.555,0.643,0.782
3091,2D-U-Z2.tif,0.826,5.299,0.37,1.531,818,618,112.521,1.063,1.59,0.629,0.718
3092,2D-U-Z2.tif,1.147,7.102,0.286,1.723,582,651,19.885,1.293,1.31,0.763,0.689
3093,2D-U-Z2.tif,2.185,5.584,0.881,1.942,187,698,83.884,1.506,1.275,0.785,0.963
3094,2D-U-Z2.tif,0.823,6.059,0.282,1.359,387,676,54.293,1.093,1.227,0.815,0.76
3095,2D-U-Z2.tif,0.778,3.838,0.663,1.422,575,655,129.094,0.836,1.718,0.582,0.878
3096,2D-U-Z2.tif,0.73,5.827,0.27,1.878,959,661,97.386,0.655,3.318,0.301,0.733
3097,2D-U-Z2.tif,0.854,4.162,0.619,1.268,475,693,45,0.983,1.318,0.759,0.862
3098,2D-U-Z2.tif,1.342,4.504,0.832,1.623,996,667,102.265,1.156,1.403,0.713,0.946
3099,2D-U-Z3.tif,0.791,3.613,0.761,1.193,171,206,79.461,0.867,1.37,0.73,0.953
3100,2D-U-Z3.tif,3.336,11.264,0.33,2.882,426,181,96.52,1.949,1.414,0.707,0.855
3101,2D-U-Z3.tif,1.859,5.545,0.76,1.825,892,383,53.815,1.432,1.31,0.763,0.959
3102,2D-U-Z3.tif,1.62,5.986,0.568,1.919,748,395,98.994,1.294,1.353,0.739,0.927
3103,2D-U-Z3.tif,0.793,5.86,0.29,1.556,803,417,118.811,0.813,2.113,0.473,0.83
3104,2D-U-Z3.tif,1.038,5.439,0.441,1.456,246,567,105.208,1.023,1.381,0.724,0.912
3105,2D-U-Z3.tif,0.694,5.298,0.311,1.173,938,639,125.538,0.887,1.312,0.762,0.844
3382,1U-C-Z2.tif,0.546,3.765,0.484,1.573,331,51,37.875,0.529,3.321,0.301,0.832
3383,1U-C-Z2.tif,0.543,3.128,0.698,1.255,113,29,127.185,0.573,2.328,0.43,0.908
3387,1U-C-Z2.tif,0.534,3.582,0.523,1.126,299,41,152.65,0.896,1.368,0.731,0.798
3399,1U-C-Z2.tif,0.543,5.032,0.27,1.745,591,142,150.396,0.648,3.335,0.3,0.61
3404,1U-C-Z2.tif,0.591,4.8,0.322,1.757,562,175,164.055,0.55,3.883,0.258,0.703
3407,1U-C-Z2.tif,0.564,5.641,0.223,1.531,897,183,172.235,1.023,1.83,0.546,0.544
3408,1U-C-Z2.tif,0.593,6.071,0.202,2.205,43,186,99.904,0.661,3.861,0.259,0.521
3411,1U-C-Z2.tif,0.598,5.856,0.219,2.092,746,207,8.531,0.51,4.994,0.2,0.7
3412,1U-C-Z2.tif,0.511,3.501,0.524,1.082,500,201,112.479,0.842,1.433,0.698,0.776
3414,1U-C-Z2.tif,0.671,3.407,0.726,1.235,746,249,35.91,0.805,1.435,0.697,0.924
3417,1U-C-Z2.tif,0.662,5.816,0.246,1.843,467,237,172.476,0.761,3.139,0.319,0.668
3430,1U-C-Z2.tif,0.633,6.275,0.202,2.105,334,313,124.992,0.697,4.173,0.24,0.604
3431,1U-C-Z2.tif,0.528,5.365,0.231,2.133,490,328,165.964,0.507,5.576,0.179,0.618
3433,1U-C-Z2.tif,0.518,4.581,0.31,1.793,374,358,22.62,0.539,3.883,0.258,0.731
3456,1U-C-Z2.tif,0.564,2.851,0.872,1.019,133,486,113.962,0.752,1.352,0.74,0.939
3458,1U-C-Z2.tif,0.688,4.337,0.46,1.355,317,528,75.256,0.97,1.528,0.655,0.726
3459,1U-C-Z2.tif,0.573,4.613,0.338,1.843,332,491,107.418,0.6,4.015,0.249,0.735
3464,1U-C-Z2.tif,0.515,4.317,0.347,1.077,974,531,50.194,0.895,1.23,0.813,0.704
3465,1U-C-Z2.tif,0.662,3.313,0.758,1.222,368,546,73.61,0.69,1.743,0.574,0.938
3467,1U-C-Z2.tif,0.62,3.76,0.551,1.117,660,556,81.119,0.833,1.28,0.781,0.849
3468,1U-C-Z2.tif,0.502,2.733,0.844,1.002,294,532,130.815,0.731,1.396,0.716,0.939
3471,1U-C-Z2.tif,0.549,2.989,0.773,1.13,975,547,12.339,0.69,1.605,0.623,0.93
3473,1U-C-Z2.tif,0.521,5.292,0.234,1.523,19,551,5.194,0.931,2.132,0.469,0.508
3480,1U-C-Z2.tif,0.661,3.241,0.791,1.065,340,582,119.055,0.89,1.16,0.862,0.908
3487,1U-C-Z2.tif,0.667,3.638,0.633,1.397,241,662,74.249,0.686,2.19,0.457,0.872
3488,1U-C-Z2.tif,0.677,4.021,0.526,1.204,543,648,23.629,0.98,1.044,0.958,0.785
3489,1U-C-Z2.tif,0.623,3.784,0.547,1.197,87,639,131.496,0.736,1.84,0.544,0.838
3496,1U-C-Z3.tif,0.251,3.752,0.224,0.859,18,72,133.069,0.633,1.077,0.929,0.664
3498,1U-C-Z3.tif,0.219,3.236,0.263,0.99,890,484,51.71,0.479,2.567,0.39,0.627
3500,1U-C-Z3.tif,0.497,5.372,0.217,1.268,506,514,16.876,0.769,2.036,0.491,0.652
3501,1U-C-Z3.tif,0.406,3.426,0.434,1.051,881,490,112.906,0.556,2.04,0.49,0.848
3503,1U-C-Z3.tif,0.219,3.708,0.201,1.025,521,561,28.61,0.541,2.167,0.461,0.531
3781,1U-D-Z2.tif,0.586,3.379,0.645,1.246,4,54,165.579,0.697,1.841,0.543,0.86
3782,1U-D-Z2.tif,0.618,2.96,0.887,1.071,318,51,104.931,0.759,1.402,0.713,0.953
3791,1U-D-Z2.tif,0.603,5.54,0.247,2.133,682,140,55.539,0.639,4.681,0.214,0.574
3795,1U-D-Z2.tif,0.623,3.46,0.654,1.339,140,103,101.889,0.663,2.094,0.477,0.905
3800,1U-D-Z2.tif,0.561,5.069,0.275,1.627,395,137,158.875,0.667,2.91,0.344,0.673
3802,1U-D-Z2.tif,0.64,3.115,0.829,1.062,836,135,103.134,0.82,1.252,0.799,0.929
3807,1U-D-Z2.tif,0.57,2.96,0.817,1.037,479,201,74.578,0.752,1.381,0.724,0.925
3813,1U-D-Z2.tif,0.593,3.301,0.684,1.309,507,248,161.565,0.673,1.945,0.514,0.911
3814,1U-D-Z2.tif,0.523,3.204,0.641,1.266,476,275,60.642,0.655,2.075,0.482,0.885
3815,1U-D-Z2.tif,0.541,4.085,0.407,1.465,861,271,26.565,0.759,2.01,0.497,0.645
3816,1U-D-Z2.tif,0.546,5.393,0.236,1.821,550,261,127.304,0.692,4.505,0.222,0.596
3818,1U-D-Z2.tif,0.515,4.516,0.317,1.396,755,285,20.225,0.704,2.302,0.434,0.691
3833,1U-D-Z2.tif,0.694,5.775,0.262,1.496,953,413,154.026,0.966,1.72,0.581,0.621
3839,1U-D-Z2.tif,0.523,3.163,0.657,1.238,867,472,12.875,0.569,2.304,0.434,0.887
3850,1U-D-Z2.tif,0.675,6.376,0.209,2.1,158,552,29.511,0.818,3.37,0.297,0.548
3858,1U-D-Z2.tif,0.528,2.851,0.816,1.053,295,584,31.608,0.709,1.503,0.665,0.93
3867,1U-D-Z2.tif,0.593,5.04,0.294,1.876,153,603,162.897,0.687,3.578,0.279,0.603
3876,1U-D-Z3.tif,0.488,4.403,0.316,1.264,502,42,163.715,0.608,2.114,0.473,0.826
3880,1U-D-Z3.tif,0.235,2.986,0.332,1.11,881,449,153.75,0.421,2.729,0.366,0.76
4146,1U-U-Z2.tif,0.624,3.318,0.713,1.243,440,44,33.69,0.707,1.858,0.538,0.89
4150,1U-U-Z2.tif,0.505,3.878,0.422,1.439,62,100,45.971,0.607,2.865,0.349,0.737
4153,1U-U-Z2.tif,0.665,3.244,0.794,1.11,488,130,36.158,0.897,1.103,0.907,0.915
4155,1U-U-Z2.tif,0.517,2.957,0.744,1.159,597,119,126.529,0.662,1.866,0.536,0.902
4160,1U-U-Z2.tif,0.535,2.733,0.9,0.91,890,136,114.624,0.797,1.071,0.934,0.943
4164,1U-U-Z2.tif,0.58,5.462,0.244,1.614,589,223,70.017,1.009,1.641,0.61,0.542
4182,1U-U-Z2.tif,0.587,4.248,0.409,1.576,164,394,79.919,0.674,3.09,0.324,0.731
4183,1U-U-Z2.tif,0.578,3.273,0.678,1.318,144,391,83.991,0.655,2.12,0.472,0.895
4186,1U-U-Z2.tif,0.647,3.175,0.806,1.157,935,373,100.305,0.782,1.509,0.663,0.924
4190,1U-U-Z2.tif,0.674,4.403,0.437,1.304,458,412,127.476,0.925,1.57,0.637,0.731
4195,1U-U-Z2.tif,0.523,2.794,0.842,1.025,847,461,109.654,0.686,1.435,0.697,0.935
4208,1U-U-Z2.tif,0.681,5.807,0.254,2.043,491,569,21.801,0.544,4.63,0.216,0.748
4222,1U-U-Z2.tif,0.566,3.058,0.761,1.089,857,655,100.954,0.721,1.567,0.638,0.913
4228,1U-U-Z3.tif,0.227,3.159,0.285,1.011,657,109,79.902,0.36,3.024,0.331,0.791
4229,1U-U-Z3.tif,0.242,3.559,0.24,0.798,311,144,33.147,0.592,1.349,0.741,0.631
4237,1U-U-Z3.tif,0.243,2.147,0.662,0.682,208,608,73.74,0.562,1.058,0.945,0.872
4461,1D-C-Z2.tif,0.534,2.736,0.896,0.971,170,55,73.496,0.69,1.376,0.727,0.958
4467,1D-C-Z2.tif,0.635,3.103,0.829,1.07,241,87,159.228,0.829,1.276,0.784,0.91
4469,1D-C-Z2.tif,0.523,2.911,0.776,1.062,992,119,76.866,0.655,1.653,0.605,0.93
4470,1D-C-Z2.tif,0.691,3.46,0.725,1.203,610,125,62.7,0.811,1.5,0.667,0.911
4474,1D-C-Z2.tif,0.541,3.054,0.729,1.236,396,143,120.141,0.634,1.958,0.511,0.91
4493,1D-C-Z2.tif,0.648,3.444,0.686,1.096,613,258,102.724,0.81,1.327,0.753,0.896
4494,1D-C-Z2.tif,0.616,4.569,0.371,1.643,505,306,50.964,0.752,2.383,0.42,0.727
4503,1D-C-Z2.tif,0.518,3.419,0.557,1.39,596,351,150.255,0.643,2.108,0.474,0.815
4512,1D-C-Z2.tif,0.562,2.948,0.813,1.024,893,438,57.381,0.793,1.258,0.795,0.922
4514,1D-C-Z2.tif,0.573,5.462,0.241,1.211,11,438,94.899,0.894,1.389,0.72,0.685
4518,1D-C-Z2.tif,0.644,4.991,0.325,1.39,784,489,23.385,0.828,1.827,0.547,0.713
4526,1D-C-Z2.tif,0.672,5.75,0.255,1.944,733,526,154.799,0.765,3.63,0.275,0.564
4529,1D-C-Z2.tif,0.554,5.161,0.261,1.76,684,563,34.624,0.614,3.543,0.282,0.617
4533,1D-C-Z2.tif,0.636,3.135,0.813,1.119,834,616,56.31,0.793,1.435,0.697,0.931
4546,1D-C-Z3.tif,0.237,3.76,0.211,1.141,396,132,27.79,0.445,2.87,0.348,0.644
4547,1D-C-Z3.tif,0.283,3.205,0.346,0.944,356,214,85.03,0.673,1.589,0.629,0.597
4549,1D-C-Z3.tif,0.343,3.329,0.388,0.823,626,306,153.435,0.627,1.245,0.803,0.854
4554,1D-C-Z3.tif,0.334,4.073,0.253,1.155,54,449,149.5,0.709,1.633,0.612,0.564
4795,1D-D-Z2.tif,0.653,3.338,0.736,1.11,561,3,115.769,0.828,1.338,0.747,0.904
4799,1D-D-Z2.tif,0.668,5.536,0.274,1.979,937,56,131.468,0.649,4.077,0.245,0.63
4815,1D-D-Z2.tif,0.518,5.202,0.241,1.167,977,235,55.84,0.97,1.181,0.847,0.622
4817,1D-D-Z2.tif,0.686,5.673,0.268,1.281,404,248,23.806,1.062,1.2,0.833,0.668
4818,1D-D-Z2.tif,0.693,3.281,0.809,1.13,947,268,77.661,0.806,1.416,0.706,0.922
4820,1D-D-Z2.tif,0.637,4.277,0.438,1.287,748,284,82.304,0.797,1.558,0.642,0.816
4823,1D-D-Z2.tif,0.56,3.992,0.442,0.995,236,263,104.036,0.904,1.175,0.851,0.788
4829,1D-D-Z2.tif,0.691,3.898,0.571,1.522,482,329,76.908,0.667,2.512,0.398,0.859
4835,1D-D-Z2.tif,0.521,3.72,0.473,1.219,798,365,81.87,0.802,1.519,0.658,0.709
4836,1D-D-Z2.tif,0.522,4.785,0.287,1.112,388,355,7.125,0.887,1.331,0.751,0.718
4839,1D-D-Z2.tif,0.599,2.928,0.878,0.977,659,350,132.138,0.853,1.108,0.902,0.926
4840,1D-D-Z2.tif,0.634,3.594,0.617,1.112,766,353,97.125,0.807,1.342,0.745,0.895
4842,1D-D-Z2.tif,0.625,3.29,0.726,1.167,292,371,145.84,0.74,1.622,0.616,0.892
4847,1D-D-Z2.tif,0.566,2.834,0.886,0.959,964,405,52.306,0.828,1.093,0.915,0.945
4848,1D-D-Z2.tif,0.535,3.078,0.71,1.179,75,404,37.875,0.679,1.77,0.565,0.896
4849,1D-D-Z2.tif,0.675,4.561,0.408,1.424,702,394,96.953,0.808,1.773,0.564,0.739
4858,1D-D-Z2.tif,0.556,4.983,0.282,1.441,649,481,158.962,0.792,2.458,0.407,0.599
4863,1D-D-Z2.tif,0.606,4.211,0.43,1.437,541,518,120.256,0.722,2.263,0.442,0.758
4883,1D-D-Z2.tif,0.667,5.962,0.236,1.385,676,676,71.114,1,1.28,0.781,0.664
4889,1D-D-Z2.tif,0.622,3.395,0.678,1.134,818,718,70.463,0.87,1.195,0.837,0.892
4890,1D-D-Z2.tif,0.526,3.964,0.42,1.096,701,714,12.724,0.908,1.429,0.7,0.679
4895,1D-D-Z3.tif,0.296,3.712,0.27,1.052,997,147,103.496,0.58,1.872,0.534,0.698
4896,1D-D-Z3.tif,0.242,3.064,0.323,1.245,613,236,155.4,0.417,3.559,0.281,0.636
4897,1D-D-Z3.tif,0.258,3.779,0.227,1.157,186,356,55.561,0.527,3.303,0.303,0.551
4899,1D-D-Z3.tif,0.203,1.89,0.716,0.66,229,609,161.94,0.464,1.419,0.705,0.926
4900,1D-D-Z3.tif,0.287,2.133,0.794,0.754,887,619,102.529,0.548,1.39,0.72,0.935
4901,1D-D-Z3.tif,0.287,2.266,0.702,0.727,565,668,149.589,0.579,1.239,0.807,0.909
4902,1D-D-Z3.tif,0.224,3.349,0.251,1.065,826,674,170.417,0.522,2.232,0.448,0.525
5104,1D-U-Z2.tif,0.62,3.147,0.786,1.173,60,77,24.305,0.709,1.663,0.601,0.921
5110,1D-U-Z2.tif,0.518,2.684,0.904,0.973,407,115,67.068,0.725,1.347,0.742,0.952
5112,1D-U-Z2.tif,0.534,3.878,0.446,1.638,546,98,120.343,0.555,3.384,0.295,0.793
5116,1D-U-Z2.tif,0.562,3.988,0.444,1.222,160,147,106.39,0.722,1.818,0.55,0.827
5117,1D-U-Z2.tif,0.667,3.143,0.848,1.104,647,155,141.34,0.841,1.361,0.735,0.939
5119,1D-U-Z2.tif,0.504,3.594,0.49,1.404,193,183,27.824,0.603,2.689,0.372,0.751
5141,1D-U-Z2.tif,0.507,3.416,0.546,1.207,814,317,143.13,0.774,1.98,0.505,0.755
5144,1D-U-Z2.tif,0.511,2.676,0.897,0.972,158,354,62.526,0.724,1.316,0.76,0.947
5148,1D-U-Z2.tif,0.593,4.349,0.394,1.723,808,383,19.885,0.659,3.107,0.322,0.681
5150,1D-U-Z2.tif,0.585,3.147,0.742,1.09,39,449,71.565,0.759,1.494,0.669,0.902
5151,1D-U-Z2.tif,0.545,2.839,0.849,1.077,546,442,39.806,0.683,1.584,0.631,0.94
5160,1D-U-Z2.tif,0.63,3.037,0.858,1.062,783,493,76.866,0.82,1.258,0.795,0.933
5161,1D-U-Z2.tif,0.561,3.614,0.54,1.171,609,504,76.373,0.788,1.421,0.704,0.805
5162,1D-U-Z2.tif,0.686,3.241,0.821,1.126,162,486,130.03,0.851,1.299,0.77,0.922
5163,1D-U-Z2.tif,0.584,2.985,0.823,1.071,345,510,56.821,0.745,1.447,0.691,0.922
5166,1D-U-Z2.tif,0.542,4.532,0.332,1.388,132,544,75.619,0.868,2.134,0.469,0.581
5167,1D-U-Z2.tif,0.691,3.887,0.575,1.189,317,543,29.539,0.943,1.196,0.836,0.85
5169,1D-U-Z2.tif,0.535,2.879,0.811,1.104,259,535,165.53,0.694,1.572,0.636,0.918
5172,1D-U-Z2.tif,0.586,4.036,0.452,1.38,339,551,167.005,0.715,2.165,0.462,0.708
5173,1D-U-Z2.tif,0.507,4.354,0.336,1.185,874,567,8.366,0.794,1.65,0.606,0.716
5176,1D-U-Z2.tif,0.51,3.915,0.418,1.127,7,598,66.571,0.79,1.517,0.659,0.775
5177,1D-U-Z2.tif,0.537,3.285,0.626,1.409,50,612,68.459,0.607,2.473,0.404,0.94
5178,1D-U-Z2.tif,0.672,3.163,0.844,1.09,890,615,71.565,0.861,1.261,0.793,0.942
5180,1D-U-Z2.tif,0.571,4.561,0.345,1.298,4,606,169.287,0.826,1.775,0.563,0.663
5185,1D-U-Z2.tif,0.541,2.782,0.879,1.037,997,642,74.578,0.711,1.478,0.677,0.946
5186,1D-U-Z2.tif,0.536,3.143,0.682,1.345,418,632,157.38,0.591,2.358,0.424,0.918
5190,1D-U-Z2.tif,0.64,3.106,0.833,1.177,117,693,58.173,0.709,1.679,0.596,0.947
5191,1D-U-Z2.tif,0.551,2.802,0.881,0.932,454,694,38.991,0.793,1.117,0.895,0.937
5195,1D-U-Z2.tif,0.692,3.675,0.644,1.424,174,723,6.953,0.655,2.131,0.469,0.924
5196,1D-U-Z3.tif,0.233,3.173,0.291,0.739,780,160,37.504,0.587,1.143,0.875,0.777
5198,1D-U-Z3.tif,0.247,3.124,0.318,1.091,40,276,42.466,0.437,2.86,0.35,0.691
5200,1D-U-Z3.tif,0.236,3.259,0.279,1.39,570,370,172.108,0.307,5.039,0.198,0.723
5479,2D-C-Z2.tif,0.579,3.634,0.551,1.204,811,6,103.241,0.724,1.994,0.501,0.837
5485,2D-C-Z2.tif,0.59,2.948,0.853,1.074,700,73,42.397,0.775,1.392,0.719,0.935
5489,2D-C-Z2.tif,0.579,3.224,0.7,1.053,590,93,58.392,0.838,1.269,0.788,0.859
5490,2D-C-Z2.tif,0.561,3.216,0.682,1.179,49,107,37.875,0.756,1.649,0.607,0.849
5494,2D-C-Z2.tif,0.516,2.672,0.908,0.947,907,123,79.509,0.749,1.261,0.793,0.945
5509,2D-C-Z2.tif,0.671,4.166,0.486,1.503,348,171,143.393,0.771,1.876,0.533,0.768
5511,2D-C-Z2.tif,0.501,2.851,0.774,1.062,475,215,76.866,0.724,1.409,0.71,0.912
5512,2D-C-Z2.tif,0.553,2.822,0.872,1.049,952,206,99.462,0.69,1.455,0.687,0.945
5517,2D-C-Z2.tif,0.622,2.968,0.887,0.986,265,249,36.469,0.888,1.105,0.905,0.935
5520,2D-C-Z2.tif,0.616,3.545,0.616,1.204,152,246,113.629,0.86,1.308,0.765,0.846
5528,2D-C-Z2.tif,0.549,5.333,0.243,1.364,390,277,159.274,0.924,1.543,0.648,0.64
5532,2D-C-Z2.tif,0.562,5.124,0.269,1.497,269,318,172.057,0.896,2.264,0.442,0.568
5537,2D-C-Z2.tif,0.514,4.943,0.264,1.73,571,374,66.501,0.678,3.623,0.276,0.619
5541,2D-C-Z2.tif,0.568,4.78,0.313,1.559,148,388,71.966,0.648,2.494,0.401,0.736
5544,2D-C-Z2.tif,0.503,4.078,0.38,1.656,220,373,125.676,0.466,4.13,0.242,0.78
5546,2D-C-Z2.tif,0.503,4.532,0.308,1.197,203,422,11.634,0.821,1.479,0.676,0.736
5551,2D-C-Z2.tif,0.646,3.135,0.826,1.156,945,447,107.354,0.793,1.38,0.725,0.931
5552,2D-C-Z2.tif,0.511,4.906,0.267,1.623,684,450,102.265,0.599,3.425,0.292,0.612
5553,2D-C-Z2.tif,0.66,3.074,0.877,1.044,197,457,97.595,0.848,1.223,0.818,0.942
5555,2D-C-Z2.tif,0.549,2.802,0.879,0.972,95,499,62.526,0.786,1.229,0.814,0.939
5556,2D-C-Z2.tif,0.683,3.204,0.836,1.173,655,509,65.695,0.798,1.517,0.659,0.938
5560,2D-C-Z2.tif,0.502,4.978,0.254,1.396,1000,528,69.775,0.709,1.709,0.585,0.668
5566,2D-C-Z2.tif,0.565,3.651,0.532,1.339,517,514,145.491,0.687,2.292,0.436,0.781
5572,2D-C-Z2.tif,0.518,4.963,0.265,1.788,560,608,33.996,0.568,3.957,0.253,0.696
5576,2D-C-Z2.tif,0.555,4.943,0.286,1.792,334,610,11.094,0.778,2.463,0.406,0.608
5580,2D-C-Z2.tif,0.551,3.335,0.622,1.07,262,607,110.772,0.817,1.259,0.794,0.875
5586,2D-C-Z2.tif,0.551,2.928,0.807,0.954,494,664,40.601,0.834,1.087,0.92,0.92
5587,2D-C-Z2.tif,0.649,3.221,0.787,1.213,125,657,104.826,0.729,1.648,0.607,0.935
5594,2D-C-Z2.tif,0.696,5.889,0.252,1.283,167,711,30.7,0.942,1.634,0.612,0.697
5601,2D-C-Z3.tif,0.254,3.277,0.298,1.354,275,417,55.67,0.364,4.304,0.232,0.73
5603,2D-C-Z3.tif,0.306,2.648,0.548,0.917,569,508,78.857,0.484,1.952,0.512,0.874
5608,2D-C-Z3.tif,0.24,2.839,0.374,1.034,760,690,30.964,0.453,2.119,0.472,0.826
5910,2D-D-Z2.tif,0.681,3.379,0.75,1.127,450,20,156.571,0.945,1.079,0.927,0.89
5912,2D-D-Z2.tif,0.647,3.424,0.693,1.327,152,34,114.567,0.675,1.889,0.529,0.897
5913,2D-D-Z2.tif,0.62,5.839,0.228,1.898,894,84,65.298,0.731,3.114,0.321,0.618
5928,2D-D-Z2.tif,0.663,3.597,0.644,1.189,984,127,73.142,0.816,1.353,0.739,0.879
5930,2D-D-Z2.tif,0.555,3.367,0.616,1.249,278,114,96.34,0.651,2.052,0.487,0.87
5936,2D-D-Z2.tif,0.571,3.557,0.567,1.204,266,162,156.371,0.798,1.421,0.704,0.79
5940,2D-D-Z2.tif,0.518,2.948,0.75,1.108,967,202,84.644,0.64,1.767,0.566,0.91
5947,2D-D-Z2.tif,0.514,2.977,0.728,1.13,123,200,102.339,0.654,1.841,0.543,0.895
5952,2D-D-Z2.tif,0.662,3.086,0.874,1.09,745,251,71.565,0.828,1.332,0.751,0.944
5953,2D-D-Z2.tif,0.534,4.857,0.284,1.947,613,245,22.932,0.74,2.367,0.422,0.642
5954,2D-D-Z2.tif,0.58,3.189,0.717,1.029,792,257,76.43,0.862,1.189,0.841,0.882
5957,2D-D-Z2.tif,0.666,3.253,0.791,1.163,761,249,101.976,0.813,1.351,0.74,0.924
5966,2D-D-Z2.tif,0.541,3.384,0.594,1.255,195,340,37.185,0.657,2.322,0.431,0.818
5969,2D-D-Z2.tif,0.661,5.308,0.295,1.715,458,343,164.846,0.866,2.22,0.45,0.576
5970,2D-D-Z2.tif,0.578,5.933,0.206,1.976,67,373,29.249,0.817,3.606,0.277,0.518
5979,2D-D-Z2.tif,0.684,3.221,0.828,1.243,801,405,70.56,0.756,1.664,0.601,0.941
5984,2D-D-Z2.tif,0.659,3.924,0.538,1.235,389,415,35.91,0.783,1.659,0.603,0.846
5986,2D-D-Z2.tif,0.694,3.301,0.801,1.071,714,414,123.179,0.931,1.202,0.832,0.915
5989,2D-D-Z2.tif,0.641,3.939,0.519,1.486,516,461,86.009,0.759,2.066,0.484,0.864
6000,2D-D-Z2.tif,0.614,2.989,0.863,1.047,823,526,72.759,0.79,1.327,0.753,0.936
6001,2D-D-Z2.tif,0.536,3.058,0.721,1.148,334,518,32.735,0.696,1.679,0.596,0.904
6009,2D-D-Z2.tif,0.612,5.198,0.285,1.463,303,564,34.439,0.743,2.169,0.461,0.713
6010,2D-D-Z2.tif,0.539,2.851,0.833,1.015,939,567,80.218,0.724,1.398,0.715,0.932
6016,2D-D-Z2.tif,0.527,3.229,0.635,1.234,364,615,63.435,0.626,2.162,0.463,0.893
6020,2D-D-Z2.tif,0.627,3.468,0.655,1.049,442,622,9.462,0.897,1.129,0.886,0.871
6029,2D-D-Z2.tif,0.558,3.382,0.613,1.352,110,650,19.359,0.642,2.32,0.431,0.849
6031,2D-D-Z2.tif,0.68,4.183,0.489,1.481,707,662,12.095,0.845,1.813,0.552,0.77
6034,2D-D-Z2.tif,0.608,3.789,0.532,1.191,901,686,67.891,0.862,1.512,0.662,0.8
6040,2D-D-Z2.tif,0.54,5.459,0.228,1.731,772,686,134.193,0.71,2.615,0.382,0.633
6043,2D-D-Z3.tif,0.41,4.794,0.224,1.55,130,170,24.986,0.727,2.277,0.439,0.566
6044,2D-D-Z3.tif,0.371,4.127,0.273,1.053,422,191,21.251,0.538,1.927,0.519,0.803
6330,2D-U-Z2.tif,0.6,3.496,0.617,1.167,483,45,71.03,0.724,1.732,0.577,0.871
6334,2D-U-Z2.tif,0.622,4.67,0.358,1.13,735,48,121.264,0.966,1.129,0.886,0.773
6340,2D-U-Z2.tif,0.571,3.221,0.691,1.152,893,113,38.928,0.774,1.452,0.689,0.891
6341,2D-U-Z2.tif,0.551,3.026,0.756,0.959,683,118,52.306,0.848,1.121,0.892,0.906
6343,2D-U-Z2.tif,0.512,2.891,0.771,0.971,201,96,106.504,0.719,1.4,0.714,0.911
6348,2D-U-Z2.tif,0.615,3.463,0.644,1.172,44,125,118.072,0.724,1.553,0.644,0.888
6350,2D-U-Z2.tif,0.617,3.18,0.767,1.159,316,159,53.471,0.757,1.506,0.664,0.911
6351,2D-U-Z2.tif,0.527,2.773,0.861,0.932,185,135,128.991,0.793,1.144,0.874,0.936
6356,2D-U-Z2.tif,0.536,3.533,0.54,1.005,401,173,120.964,0.857,1.088,0.919,0.834
6361,2D-U-Z2.tif,0.652,5.462,0.274,1.522,853,253,76.908,1.016,1.912,0.523,0.586
6369,2D-U-Z2.tif,0.596,4.443,0.379,1.494,981,282,18.853,0.829,1.974,0.507,0.681
6375,2D-U-Z2.tif,0.578,3.306,0.664,1.177,280,344,84.958,0.722,1.737,0.576,0.868
6380,2D-U-Z2.tif,0.687,3.204,0.841,1.151,953,380,81.384,0.828,1.403,0.713,0.935
6382,2D-U-Z2.tif,0.653,3.944,0.527,1.287,587,388,82.304,0.838,1.759,0.568,0.812
6390,2D-U-Z2.tif,0.501,2.94,0.728,1.082,962,407,112.479,0.621,1.588,0.63,0.928
6396,2D-U-Z2.tif,0.648,5.251,0.295,1.792,897,510,78.906,0.674,2.945,0.34,0.64
6402,2D-U-Z2.tif,0.693,3.187,0.858,1.126,679,486,130.03,0.805,1.416,0.706,0.938
6404,2D-U-Z2.tif,0.666,5.824,0.247,1.392,99,504,131.987,1.102,1.293,0.774,0.601
6414,2D-U-Z2.tif,0.555,4.61,0.328,1.574,312,589,61.189,0.668,2.637,0.379,0.672
6416,2D-U-Z2.tif,0.578,3.981,0.458,1.364,89,594,73.856,0.733,2.452,0.408,0.764
6423,2D-U-Z2.tif,0.627,2.989,0.882,1.007,305,631,51.953,0.828,1.154,0.866,0.946
6427,2D-U-Z2.tif,0.687,5.859,0.252,1.854,980,679,80.362,0.939,2.065,0.484,0.55
6430,2D-U-Z2.tif,0.674,5.321,0.299,1.481,639,693,65.225,0.8,1.827,0.547,0.782
6435,2D-U-Z2.tif,0.541,2.847,0.839,0.916,136,688,109.799,0.842,1.054,0.949,0.915
6438,2D-U-Z3.tif,0.231,2.258,0.57,0.686,88,216,139.028,0.547,1.054,0.949,0.87
6440,2D-U-Z3.tif,0.315,3.275,0.369,1.129,851,351,137.447,0.484,2.58,0.388,0.764
6443,2D-U-Z3.tif,0.337,4.214,0.238,0.937,944,507,111.337,0.712,1.684,0.594,0.644
6445,2D-U-Z3.tif,0.256,3.619,0.246,0.998,398,652,86.082,0.589,1.904,0.525,0.636
6448,1U-C-Z1.tif,0.514,2.605,0.951,0.958,399,4,106.699,0.734,1.186,0.843,0.904
6449,1U-C-Z1.tif,0.792,3.307,0.909,1.175,346,6,128.66,0.973,1.175,0.851,0.895
6450,1U-C-Z1.tif,0.598,3.361,0.665,1.425,921,23,75.069,0.677,2.338,0.428,0.826
6451,1U-C-Z1.tif,0.556,2.94,0.808,1.135,414,12,165.964,0.826,1.322,0.756,0.852
6452,1U-C-Z1.tif,0.522,2.735,0.877,0.993,283,11,123.69,0.784,1.353,0.739,0.861
6453,1U-C-Z1.tif,0.968,3.858,0.818,1.538,735,26,72.646,0.918,1.706,0.586,0.906
6454,1U-C-Z1.tif,0.968,3.836,0.827,1.513,751,10,104.036,0.826,1.693,0.591,0.913
6460,1U-C-Z1.tif,0.606,3.361,0.674,1.248,722,22,107.103,0.918,1.141,0.876,0.762
6463,1U-C-Z1.tif,0.783,4.843,0.42,1.401,569,37,31.608,1.035,1.582,0.632,0.674
6470,1U-C-Z1.tif,0.918,3.621,0.88,1.401,782,38,121.608,0.942,1.524,0.656,0.901
6472,1U-C-Z1.tif,0.808,3.361,0.899,1.248,454,48,17.103,0.918,1.26,0.793,0.919
6474,1U-C-Z1.tif,0.539,3.016,0.744,1.197,932,46,147.529,0.698,2.01,0.497,0.81
6478,1U-C-Z1.tif,0.91,3.545,0.91,1.364,768,59,109.654,0.918,1.482,0.675,0.915
6480,1U-C-Z1.tif,0.598,3.361,0.665,1.428,825,62,135,0.725,1.753,0.57,0.802
6482,1U-C-Z1.tif,0.657,3.285,0.765,1.336,410,83,74.055,0.734,2.002,0.5,0.886
6483,1U-C-Z1.tif,0.514,2.583,0.968,0.988,275,70,111.801,0.642,1.411,0.709,0.946
6487,1U-C-Z1.tif,0.834,5.156,0.394,2.175,919,93,62.354,0.756,3.59,0.279,0.635
6488,1U-C-Z1.tif,0.952,5.197,0.443,2.22,838,73,172.875,0.607,4.211,0.237,0.807
6489,1U-C-Z1.tif,0.783,4.171,0.566,1.451,699,75,108.435,0.979,1.753,0.571,0.738
6490,1U-C-Z1.tif,0.648,2.994,0.909,1.074,507,84,19.983,0.903,1.218,0.821,0.895
6491,1U-C-Z1.tif,0.834,3.545,0.834,1.451,385,79,124.695,0.862,1.712,0.584,0.917
6492,1U-C-Z1.tif,0.589,2.811,0.938,1.046,740,83,105.255,0.826,1.257,0.796,0.881
6498,1U-C-Z1.tif,0.682,3.956,0.548,1.642,575,87,116.565,0.698,2.832,0.353,0.783
6499,1U-C-Z1.tif,0.867,5.102,0.419,1.856,789,89,98.531,0.905,2.427,0.412,0.682
6502,1U-C-Z1.tif,0.573,3.437,0.609,1.425,350,94,104.931,0.638,2.099,0.476,0.834
6506,1U-C-Z1.tif,0.657,3.048,0.889,1.197,540,111,57.529,0.821,1.539,0.65,0.907
6507,1U-C-Z1.tif,0.994,3.934,0.807,1.505,548,114,52.431,0.964,1.573,0.636,0.901
6510,1U-C-Z1.tif,0.783,3.437,0.833,1.377,380,116,36.87,0.881,1.687,0.593,0.857
6514,1U-C-Z1.tif,0.792,3.934,0.643,1.626,741,114,163.61,0.801,2.094,0.478,0.832
6515,1U-C-Z1.tif,0.968,4.896,0.508,1.945,923,132,70.71,0.8,2.896,0.345,0.78
6516,1U-C-Z1.tif,0.884,3.567,0.873,1.404,246,113,101.31,0.918,1.452,0.688,0.886
6517,1U-C-Z1.tif,0.707,3.751,0.632,1.519,528,124,25.017,0.725,2.126,0.47,0.824
6518,1U-C-Z1.tif,0.817,4.216,0.578,1.584,648,122,100.008,0.967,1.988,0.503,0.719
6519,1U-C-Z1.tif,0.564,4.14,0.414,1.654,268,124,123.69,0.724,3.264,0.306,0.647
6528,1U-C-Z1.tif,0.564,2.842,0.878,1.046,404,133,105.255,0.734,1.429,0.7,0.893
6531,1U-C-Z1.tif,0.556,4.605,0.329,1.433,671,139,129.806,0.922,1.695,0.59,0.564
6532,1U-C-Z1.tif,0.758,3.599,0.736,1.355,732,151,61.699,0.89,1.527,0.655,0.87
6533,1U-C-Z1.tif,0.64,3.307,0.735,1.304,473,142,129.289,0.78,1.589,0.629,0.869
6546,1U-C-Z1.tif,0.96,4.27,0.662,1.707,613,178,36.254,0.844,2.284,0.438,0.848
6547,1U-C-Z1.tif,0.783,3.307,0.9,1.197,361,178,57.529,0.936,1.276,0.784,0.89
6548,1U-C-Z1.tif,0.505,3.048,0.684,1.105,750,178,48.366,0.773,1.647,0.607,0.764
6551,1U-C-Z1.tif,0.707,4.171,0.511,1.662,201,174,96.34,0.642,3.006,0.333,0.796
6552,1U-C-Z1.tif,0.581,2.864,0.89,1.046,269,178,164.745,0.826,1.316,0.76,0.852
6557,1U-C-Z1.tif,0.741,3.155,0.935,1.161,746,186,108.435,0.826,1.309,0.764,0.926
6559,1U-C-Z1.tif,0.665,3.675,0.619,1.336,953,195,15.945,0.823,1.484,0.674,0.798
6561,1U-C-Z1.tif,0.556,3.048,0.752,1.105,551,190,131.634,0.832,1.236,0.809,0.83
6566,1U-C-Z1.tif,0.615,2.864,0.942,0.993,300,199,123.69,0.908,1.069,0.936,0.896
6572,1U-C-Z1.tif,0.665,4.27,0.459,1.687,689,217,22.38,0.735,2.864,0.349,0.681
6579,1U-C-Z1.tif,0.556,3.178,0.692,1.175,99,232,38.66,0.789,1.635,0.612,0.815
6580,1U-C-Z1.tif,0.96,4.323,0.645,1.692,672,241,77.471,0.908,2.053,0.487,0.826
6581,1U-C-Z1.tif,0.808,4.323,0.544,1.436,656,238,63.435,1.022,1.301,0.769,0.768
6582,1U-C-Z1.tif,0.792,3.307,0.909,1.314,696,224,102.095,0.826,1.486,0.673,0.908
6584,1U-C-Z1.tif,0.556,3.133,0.711,1.336,711,243,74.055,0.551,2.54,0.394,0.892
6588,1U-C-Z1.tif,0.547,2.735,0.92,1.046,578,232,105.255,0.734,1.457,0.686,0.89
6589,1U-C-Z1.tif,0.581,2.864,0.89,1.109,683,245,65.556,0.803,1.39,0.719,0.879
6594,1U-C-Z1.tif,0.749,3.804,0.651,1.527,229,248,122.735,0.842,1.955,0.512,0.82
6599,1U-C-Z1.tif,0.615,5.371,0.268,2.359,386,259,13.496,0.522,5.806,0.172,0.646
6601,1U-C-Z1.tif,0.623,3.2,0.765,1.248,771,268,72.897,0.755,1.619,0.618,0.851
6602,1U-C-Z1.tif,0.674,3.178,0.838,1.323,673,259,123.69,0.779,1.806,0.554,0.894
6605,1U-C-Z1.tif,0.682,5.156,0.322,2.142,616,282,46.736,0.764,3.629,0.276,0.621
6610,1U-C-Z1.tif,0.901,3.567,0.89,1.336,378,288,74.055,0.985,1.381,0.724,0.892
6612,1U-C-Z1.tif,0.8,3.254,0.95,1.197,498,296,57.529,0.973,1.258,0.795,0.9
6616,1U-C-Z1.tif,0.749,3.361,0.834,1.278,793,302,68.962,0.918,1.394,0.717,0.877
6621,1U-C-Z1.tif,0.682,2.95,0.985,1.12,593,303,124.992,0.826,1.142,0.876,0.959
6622,1U-C-Z1.tif,0.657,3.124,0.846,1.304,465,315,39.289,0.779,1.669,0.599,0.881
6625,1U-C-Z1.tif,0.699,3.307,0.803,1.364,414,306,137.726,0.84,1.741,0.574,0.869
6628,1U-C-Z1.tif,0.547,4.44,0.349,2.038,604,317,7.765,0.459,6.001,0.167,0.756
6629,1U-C-Z1.tif,0.884,3.545,0.884,1.336,265,329,74.055,0.918,1.47,0.68,0.901
6630,1U-C-Z1.tif,0.842,3.751,0.752,1.248,780,316,126.027,1.091,1.005,0.995,0.847
6631,1U-C-Z1.tif,0.867,4.171,0.626,1.605,937,326,30.964,0.958,1.997,0.501,0.774
6633,1U-C-Z1.tif,0.783,3.231,0.943,1.197,602,332,32.471,1.009,1.18,0.848,0.912
6634,1U-C-Z1.tif,0.682,3.178,0.849,1.248,678,333,17.103,0.826,1.626,0.615,0.871
6635,1U-C-Z1.tif,0.851,3.621,0.815,1.364,415,342,70.346,0.9,1.615,0.619,0.89
6636,1U-C-Z1.tif,0.985,4.637,0.576,1.753,614,342,42.879,0.978,1.769,0.565,0.783
6638,1U-C-Z1.tif,0.859,4.225,0.605,1.603,502,329,166.759,0.918,1.762,0.568,0.816
6641,1U-C-Z1.tif,0.522,2.659,0.928,0.988,223,332,111.801,0.734,1.335,0.749,0.905
6642,1U-C-Z1.tif,0.893,4.896,0.468,1.981,746,336,166.608,0.94,2.628,0.38,0.697
6650,1U-C-Z1.tif,0.632,3.643,0.598,1.336,77,356,74.055,0.778,1.745,0.573,0.769
6658,1U-C-Z1.tif,0.741,4.82,0.401,1.97,606,366,27.759,0.755,3.676,0.272,0.685
6668,1U-C-Z1.tif,0.598,2.735,1,1.046,265,378,105.255,0.734,1.313,0.762,0.928
6678,1U-C-Z1.tif,0.733,3.545,0.733,1.323,514,405,33.69,0.826,1.714,0.583,0.833
6682,1U-C-Z1.tif,0.8,4.042,0.615,1.605,254,402,120.964,0.852,2.074,0.482,0.805
6683,1U-C-Z1.tif,0.758,3.209,0.925,1.175,548,411,38.66,0.918,1.145,0.873,0.928
6684,1U-C-Z1.tif,0.783,3.285,0.912,1.193,423,403,112.62,0.918,1.246,0.803,0.907
6687,1U-C-Z1.tif,0.8,4.865,0.425,2.076,296,413,135,0.752,3.458,0.289,0.667
6690,1U-C-Z1.tif,0.876,5.675,0.342,1.714,809,417,105.524,1.231,1.724,0.58,0.63
6691,1U-C-Z1.tif,0.91,5.21,0.421,2.134,346,422,154.537,0.696,3.75,0.267,0.753
6692,1U-C-Z1.tif,0.539,2.659,0.958,0.958,373,422,106.699,0.734,1.219,0.821,0.914
6695,1U-C-Z1.tif,0.707,3.178,0.88,1.248,290,439,72.897,0.826,1.464,0.683,0.923
6697,1U-C-Z1.tif,0.926,3.599,0.899,1.304,649,441,50.711,0.987,1.323,0.756,0.902
6701,1U-C-Z1.tif,0.994,3.675,0.925,1.278,608,448,68.962,1.101,1.112,0.899,0.922
6702,1U-C-Z1.tif,0.623,2.972,0.887,1.135,271,437,104.036,0.734,1.482,0.675,0.908
6704,1U-C-Z1.tif,0.994,6.248,0.32,2.423,202,438,142.696,1.095,2.769,0.361,0.555
6705,1U-C-Z1.tif,0.514,2.627,0.935,0.958,569,438,106.699,0.771,1.256,0.796,0.884
6706,1U-C-Z1.tif,0.775,3.446,0.82,1.401,432,440,148.392,0.824,1.734,0.577,0.906
6708,1U-C-Z1.tif,0.539,4.194,0.385,1.626,554,459,73.61,0.642,2.73,0.366,0.681
6709,1U-C-Z1.tif,0.514,2.659,0.913,1.046,689,447,15.255,0.642,1.49,0.671,0.917
6718,1U-C-Z1.tif,0.623,2.994,0.874,1.046,446,463,164.745,0.891,1.146,0.873,0.886
6719,1U-C-Z1.tif,0.943,3.697,0.867,1.389,370,465,97.595,1.009,1.323,0.756,0.882
6726,1U-C-Z1.tif,0.531,2.972,0.755,1.161,413,486,71.565,0.667,1.785,0.56,0.857
6727,1U-C-Z1.tif,0.825,4.064,0.628,1.451,528,488,55.305,0.973,1.371,0.729,0.803
6728,1U-C-Z1.tif,0.648,3.102,0.847,1.231,356,478,116.565,0.759,1.723,0.58,0.89
6733,1U-C-Z1.tif,0.876,3.675,0.815,1.451,492,496,55.305,0.862,1.754,0.57,0.897
6743,1U-C-Z1.tif,0.598,3.048,0.809,1.175,682,513,38.66,0.814,1.529,0.654,0.882
6744,1U-C-Z1.tif,0.657,3.2,0.806,1.248,266,509,143.973,0.814,1.647,0.607,0.862
6750,1U-C-Z1.tif,0.514,2.659,0.913,1.014,776,518,95.194,0.642,1.384,0.722,0.904
6751,1U-C-Z1.tif,0.842,5.469,0.354,2.134,633,520,154.537,1.04,2.83,0.353,0.541
6754,1U-C-Z1.tif,0.531,2.887,0.8,0.993,675,531,33.69,0.826,1.062,0.942,0.881
6760,1U-C-Z1.tif,0.691,3.697,0.635,1.364,68,549,42.274,0.94,1.733,0.577,0.77
6762,1U-C-Z1.tif,0.91,3.773,0.803,1.355,729,552,28.301,0.991,1.396,0.716,0.84
6763,1U-C-Z1.tif,0.893,3.988,0.705,1.584,939,544,169.992,0.876,2.052,0.487,0.841
6767,1U-C-Z1.tif,0.968,3.782,0.851,1.404,339,550,101.31,0.918,1.522,0.657,0.902
6769,1U-C-Z1.tif,0.766,3.567,0.757,1.314,396,565,65.225,0.939,1.515,0.66,0.831
6771,1U-C-Z1.tif,0.808,3.956,0.649,1.654,756,564,33.69,0.844,2.056,0.486,0.807
6774,1U-C-Z1.tif,0.531,3.675,0.494,1.278,725,564,111.038,0.826,1.778,0.562,0.685
6778,1U-C-Z1.tif,0.876,4.896,0.459,1.985,217,575,146.31,0.884,2.879,0.347,0.7
6780,1U-C-Z1.tif,0.573,2.712,0.978,1.07,471,585,59.036,0.734,1.325,0.754,0.944
6782,1U-C-Z1.tif,0.606,3.102,0.792,1.12,736,580,124.992,0.734,1.31,0.764,0.9
6784,1U-C-Z1.tif,0.632,5.21,0.292,1.936,877,583,174.56,0.709,2.97,0.337,0.628
6785,1U-C-Z1.tif,0.943,3.652,0.889,1.323,640,595,56.31,1.098,1.172,0.854,0.911
6786,1U-C-Z1.tif,0.699,3.155,0.882,1.248,709,583,107.103,0.734,1.66,0.602,0.917
6787,1U-C-Z1.tif,0.893,3.491,0.92,1.314,273,585,102.095,0.918,1.395,0.717,0.918
6788,1U-C-Z1.tif,0.825,3.307,0.948,1.193,511,589,112.62,1.009,1.06,0.943,0.907
6805,1U-C-Z1.tif,0.539,2.788,0.871,0.993,559,612,146.31,0.826,1.186,0.843,0.871
6808,1U-C-Z1.tif,0.91,3.697,0.836,1.404,582,616,101.31,1.009,1.443,0.693,0.882
6810,1U-C-Z1.tif,0.522,3.178,0.65,1.304,854,627,50.711,0.677,2.149,0.465,0.8
6811,1U-C-Z1.tif,0.935,3.697,0.86,1.336,550,631,74.055,1.067,1.279,0.782,0.874
6816,1U-C-Z1.tif,0.724,4.561,0.438,1.782,455,632,168.111,0.824,2.632,0.38,0.683
6820,1U-C-Z1.tif,0.547,2.712,0.935,1.026,327,646,63.435,0.734,1.321,0.757,0.922
6826,1U-C-Z1.tif,0.825,5.988,0.289,2.323,799,646,170.91,0.988,2.67,0.375,0.519
6834,1U-C-Z1.tif,0.901,3.652,0.849,1.451,628,664,108.435,0.826,1.747,0.572,0.922
6840,1U-C-Z1.tif,0.876,5.671,0.342,2.359,520,683,13.496,0.642,5.527,0.181,0.693
6846,1U-C-Z1.tif,0.64,4.355,0.424,1.892,802,688,165.964,0.668,3.992,0.251,0.679
6847,1U-C-Z1.tif,0.884,3.469,0.924,1.248,306,701,72.897,0.918,1.256,0.796,0.921
6849,1U-C-Z1.tif,0.758,3.491,0.782,1.401,702,688,121.608,0.803,1.82,0.55,0.887
6850,1U-C-Z1.tif,0.665,4.843,0.357,1.714,392,693,164.476,0.918,2.016,0.496,0.587
6857,1U-C-Z1.tif,0.665,4.323,0.447,1.765,383,711,152.103,0.657,3.352,0.298,0.763
6858,1U-C-Z1.tif,0.707,3.254,0.84,1.278,803,713,158.962,0.891,1.5,0.667,0.862
6987,1U-D-Z1.tif,0.952,3.675,0.886,1.336,725,24,74.055,1.009,1.347,0.742,0.904
6988,1U-D-Z1.tif,0.8,4.865,0.425,2.062,381,14,122.276,0.744,3.849,0.26,0.674
6996,1U-D-Z1.tif,0.539,2.735,0.906,1.109,690,24,114.444,0.734,1.588,0.63,0.901
7006,1U-D-Z1.tif,0.91,3.966,0.727,1.603,627,56,103.241,0.734,2.187,0.457,0.874
7008,1U-D-Z1.tif,0.867,3.415,0.935,1.248,471,64,17.103,0.918,1.296,0.772,0.928
7011,1U-D-Z1.tif,0.96,3.621,0.92,1.278,569,62,111.038,1.067,1.174,0.852,0.912
7013,1U-D-Z1.tif,0.648,2.972,0.923,1.135,765,66,104.036,0.734,1.466,0.682,0.922
7017,1U-D-Z1.tif,0.808,3.285,0.941,1.224,275,76,102.995,0.826,1.385,0.722,0.928
7020,1U-D-Z1.tif,0.522,2.605,0.967,0.958,297,82,163.301,0.734,1.157,0.864,0.899
7026,1U-D-Z1.tif,0.598,2.788,0.966,1.046,308,93,105.255,0.734,1.338,0.747,0.916
7032,1U-D-Z1.tif,0.808,4.865,0.429,1.964,778,125,52.595,0.837,3.097,0.323,0.66
7033,1U-D-Z1.tif,0.91,5.76,0.344,1.858,935,107,147.095,1.001,1.89,0.529,0.63
7037,1U-D-Z1.tif,0.8,4.722,0.451,2.062,790,118,110.854,0.694,3.551,0.282,0.776
7038,1U-D-Z1.tif,0.707,3.048,0.957,1.074,341,126,19.983,0.918,1.082,0.924,0.913
7039,1U-D-Z1.tif,0.716,3.155,0.903,1.231,566,119,116.565,0.826,1.485,0.673,0.919
7040,1U-D-Z1.tif,0.64,4.453,0.406,1.951,574,137,41.186,0.679,3.692,0.271,0.688
7042,1U-D-Z1.tif,0.547,2.659,0.973,1.026,641,131,116.565,0.734,1.283,0.779,0.915
7046,1U-D-Z1.tif,0.674,3.048,0.911,1.105,331,137,131.634,0.9,1.241,0.806,0.899
7048,1U-D-Z1.tif,0.741,3.124,0.954,1.135,394,139,104.036,0.918,1.24,0.807,0.903
7052,1U-D-Z1.tif,0.733,3.751,0.655,1.314,596,152,12.095,0.872,1.367,0.732,0.802
7054,1U-D-Z1.tif,0.531,3.102,0.693,1.248,713,160,72.897,0.642,2.059,0.486,0.851
7061,1U-D-Z1.tif,0.935,3.576,0.918,1.323,762,170,56.31,1.009,1.188,0.842,0.933
7069,1U-D-Z1.tif,0.8,4.399,0.519,1.858,643,190,57.095,0.747,3.094,0.323,0.754
7070,1U-D-Z1.tif,0.817,4.95,0.419,1.505,801,186,52.431,1.044,1.679,0.596,0.69
7073,1U-D-Z1.tif,0.539,2.918,0.795,1.207,531,181,171.254,0.642,1.959,0.51,0.865
7074,1U-D-Z1.tif,0.665,4.194,0.475,1.401,943,192,58.392,1.046,1.421,0.704,0.69
7075,1U-D-Z1.tif,0.808,3.675,0.752,1.377,670,185,143.13,0.963,1.557,0.642,0.828
7076,1U-D-Z1.tif,0.851,3.415,0.917,1.248,475,193,36.027,1.002,1.227,0.815,0.906
7077,1U-D-Z1.tif,0.994,4.301,0.675,1.662,498,188,173.66,0.826,1.851,0.54,0.871
7085,1U-D-Z1.tif,0.606,3.102,0.792,1.314,666,200,114.775,0.734,1.853,0.54,0.894
7092,1U-D-Z1.tif,0.817,3.361,0.909,1.298,643,212,98.13,0.826,1.445,0.692,0.911
7095,1U-D-Z1.tif,0.581,2.842,0.904,1.135,390,216,104.036,0.642,1.72,0.581,0.926
7101,1U-D-Z1.tif,0.8,3.491,0.825,1.336,703,230,105.945,0.918,1.494,0.67,0.892
7113,1U-D-Z1.tif,0.522,2.551,1,0.958,439,260,106.699,0.734,1.229,0.813,0.912
7114,1U-D-Z1.tif,0.884,3.675,0.823,1.505,493,271,37.569,0.853,1.836,0.545,0.901
7128,1U-D-Z1.tif,0.573,2.659,1,0.988,796,276,111.801,0.734,1.226,0.816,0.944
7131,1U-D-Z1.tif,0.96,3.827,0.824,1.451,522,287,161.565,1.009,1.486,0.673,0.884
7132,1U-D-Z1.tif,0.985,3.858,0.832,1.401,514,286,121.608,1.067,1.269,0.788,0.907
7137,1U-D-Z1.tif,0.884,3.491,0.912,1.248,353,298,107.103,1.009,1.265,0.791,0.894
7138,1U-D-Z1.tif,0.741,3.155,0.935,1.105,387,301,138.366,0.918,1.097,0.911,0.917
7141,1U-D-Z1.tif,0.547,2.788,0.885,1.046,499,305,105.255,0.734,1.416,0.706,0.89
7142,1U-D-Z1.tif,0.632,4.086,0.475,1.81,282,307,120.466,0.645,3.334,0.3,0.781
7150,1U-D-Z1.tif,0.91,3.599,0.883,1.364,536,325,109.654,0.918,1.473,0.679,0.915
7152,1U-D-Z1.tif,0.573,2.994,0.803,1.231,511,331,153.435,0.725,1.755,0.57,0.855
7154,1U-D-Z1.tif,0.505,3.276,0.592,1.314,196,333,114.775,0.763,1.866,0.536,0.736
7155,1U-D-Z1.tif,0.96,4.042,0.739,1.48,241,348,60.255,1.081,1.449,0.69,0.844
7168,1U-D-Z1.tif,0.977,3.773,0.862,1.425,554,356,104.931,0.985,1.468,0.681,0.885
7171,1U-D-Z1.tif,0.505,2.605,0.936,0.958,283,360,106.699,0.734,1.315,0.761,0.882
7172,1U-D-Z1.tif,0.884,3.545,0.884,1.389,731,364,97.595,0.826,1.596,0.626,0.921
7177,1U-D-Z1.tif,0.783,3.178,0.975,1.161,670,373,108.435,0.918,1.225,0.816,0.916
7178,1U-D-Z1.tif,0.766,3.858,0.647,1.675,836,379,9.462,0.702,2.595,0.385,0.85
7186,1U-D-Z1.tif,0.632,3.751,0.564,1.401,881,404,58.392,0.784,1.883,0.531,0.785
7192,1U-D-Z1.tif,0.741,6.355,0.231,2.235,77,417,19.179,0.69,5.119,0.195,0.561
7195,1U-D-Z1.tif,0.766,3.415,0.826,1.248,788,415,126.027,0.826,1.457,0.686,0.897
7199,1U-D-Z1.tif,0.648,2.994,0.909,1.046,348,428,74.745,0.903,1.179,0.848,0.875
7205,1U-D-Z1.tif,0.901,3.599,0.874,1.398,613,444,66.801,0.89,1.605,0.623,0.915
7209,1U-D-Z1.tif,0.842,3.567,0.832,1.401,478,451,58.392,0.881,1.703,0.587,0.893
7222,1U-D-Z1.tif,0.8,3.231,0.963,1.15,549,472,61.39,1.009,1.098,0.911,0.927
7226,1U-D-Z1.tif,0.91,5.187,0.425,2.142,281,465,133.264,0.814,3.353,0.298,0.643
7227,1U-D-Z1.tif,0.648,3.07,0.864,1.15,333,467,151.39,0.844,1.284,0.779,0.885
7231,1U-D-Z1.tif,0.994,3.675,0.925,1.314,307,475,102.095,1.009,1.259,0.794,0.911
7236,1U-D-Z1.tif,0.514,3.751,0.459,1.48,147,487,97.125,0.642,2.648,0.378,0.705
7237,1U-D-Z1.tif,0.539,4.355,0.357,1.714,298,489,105.524,0.715,2.764,0.362,0.66
7238,1U-D-Z1.tif,0.842,3.415,0.907,1.197,536,491,122.471,1.009,1.049,0.953,0.905
7239,1U-D-Z1.tif,0.96,3.827,0.824,1.56,579,491,118.072,0.876,1.849,0.541,0.891
7241,1U-D-Z1.tif,0.867,3.415,0.935,1.314,749,494,102.095,0.826,1.48,0.676,0.941
7244,1U-D-Z1.tif,0.741,3.849,0.629,1.389,629,498,97.595,0.98,1.462,0.684,0.755
7251,1U-D-Z1.tif,0.682,4.561,0.412,1.977,648,509,158.199,0.609,4.244,0.236,0.733
7255,1U-D-Z1.tif,0.674,4.691,0.385,1.451,80,516,108.435,0.999,1.532,0.653,0.645
7264,1U-D-Z1.tif,0.632,4.95,0.324,2.021,375,544,177.397,0.551,4.63,0.216,0.664
7270,1U-D-Z1.tif,0.514,2.551,0.992,0.958,801,562,73.301,0.734,1.2,0.833,0.904
7272,1U-D-Z1.tif,0.952,3.491,0.981,1.278,347,558,111.038,1.009,1.162,0.861,0.922
7280,1U-D-Z1.tif,0.699,3.048,0.946,1.12,736,580,124.992,0.908,1.189,0.841,0.912
7281,1U-D-Z1.tif,0.893,3.415,0.962,1.248,489,591,36.027,1.009,1.151,0.868,0.922
7282,1U-D-Z1.tif,0.522,2.757,0.863,0.993,627,584,146.31,0.826,1.196,0.836,0.867
7286,1U-D-Z1.tif,0.867,3.934,0.704,1.692,650,599,40.601,0.789,2.213,0.452,0.866
7288,1U-D-Z1.tif,0.775,3.522,0.785,1.451,293,605,71.565,0.734,1.959,0.511,0.906
7290,1U-D-Z1.tif,0.775,3.285,0.902,1.248,267,604,72.897,0.826,1.464,0.683,0.92
7293,1U-D-Z1.tif,0.648,3.728,0.586,1.527,513,597,122.735,0.78,1.857,0.538,0.806
7294,1U-D-Z1.tif,0.792,3.415,0.853,1.336,399,612,74.055,0.826,1.622,0.617,0.9
7297,1U-D-Z1.tif,0.918,3.491,0.946,1.278,624,616,68.962,1.009,1.29,0.775,0.916
7304,1U-D-Z1.tif,0.876,3.437,0.932,1.248,814,625,72.897,1.009,1.223,0.818,0.904
7305,1U-D-Z1.tif,0.564,3.589,0.55,1.298,949,614,171.87,0.876,1.819,0.55,0.687
7312,1U-D-Z1.tif,0.505,3.469,0.528,1.519,856,627,154.983,0.642,2.973,0.336,0.741
7315,1U-D-Z1.tif,0.842,3.545,0.842,1.377,272,640,36.87,0.973,1.522,0.657,0.901
7316,1U-D-Z1.tif,0.758,4.637,0.443,1.782,836,645,34.509,0.826,2.94,0.34,0.638
7317,1U-D-Z1.tif,0.808,3.88,0.675,1.634,525,633,128.157,0.865,2.14,0.467,0.828
7323,1U-D-Z1.tif,0.926,3.491,0.955,1.278,361,659,68.962,1.009,1.211,0.826,0.921
7326,1U-D-Z1.tif,0.994,4.431,0.636,1.835,806,649,126.87,0.917,2.073,0.482,0.874
7330,1U-D-Z1.tif,0.598,4.27,0.412,1.724,626,669,154.799,0.764,3.663,0.273,0.604
7334,1U-D-Z1.tif,0.8,3.956,0.642,1.451,565,673,145.305,0.925,1.674,0.597,0.754
7336,1U-D-Z1.tif,0.926,3.728,0.837,1.425,316,697,75.069,0.918,1.621,0.617,0.902
7340,1U-D-Z1.tif,0.581,2.864,0.89,1.074,741,699,70.017,0.826,1.341,0.746,0.885
7348,1U-D-Z1.tif,0.808,4.896,0.424,1.947,434,701,171.87,0.662,3.637,0.275,0.708
7350,1U-D-Z1.tif,0.968,3.621,0.928,1.314,314,702,102.095,1.009,1.263,0.792,0.913
7351,1U-D-Z1.tif,0.606,3.827,0.52,1.161,740,710,18.435,0.865,1.458,0.686,0.762
7352,1U-D-Z1.tif,0.514,2.735,0.863,1.116,502,709,99.462,0.642,1.639,0.61,0.891
7353,1U-D-Z1.tif,0.893,3.469,0.932,1.278,699,725,68.962,0.918,1.272,0.786,0.93
7354,1U-D-Z1.tif,0.573,2.735,0.962,1.046,391,720,15.255,0.734,1.301,0.769,0.919
7460,1U-U-Z1.tif,0.851,4.874,0.45,2.175,222,5,152.354,0.694,3.927,0.255,0.737
7461,1U-U-Z1.tif,0.808,3.437,0.86,1.323,662,5,123.69,0.942,1.452,0.688,0.877
7464,1U-U-Z1.tif,0.505,3.567,0.499,1.538,274,15,162.646,0.571,3.313,0.302,0.736
7468,1U-U-Z1.tif,0.556,4.691,0.317,1.436,383,21,116.565,1.108,1.128,0.887,0.562
7470,1U-U-Z1.tif,0.977,4.064,0.743,1.563,793,23,130.236,1.023,1.623,0.616,0.847
7472,1U-U-Z1.tif,0.766,4.614,0.452,2.031,194,30,108.435,0.573,4.508,0.222,0.778
7473,1U-U-Z1.tif,0.817,4.507,0.505,1.685,239,30,119.358,0.861,1.969,0.508,0.758
7476,1U-U-Z1.tif,0.64,3.07,0.853,1.135,660,34,104.036,0.865,1.331,0.751,0.864
7482,1U-U-Z1.tif,0.901,4.95,0.462,1.753,709,44,132.879,0.985,1.734,0.577,0.73
7483,1U-U-Z1.tif,0.691,4.086,0.52,1.626,738,45,163.61,0.876,1.999,0.5,0.704
7486,1U-U-Z1.tif,0.901,4.529,0.552,1.951,316,48,138.814,0.725,2.92,0.342,0.805
7489,1U-U-Z1.tif,0.985,6.127,0.33,2.711,184,49,113.962,0.629,5.577,0.179,0.722
7498,1U-U-Z1.tif,0.758,3.643,0.718,1.336,511,65,164.055,1.009,1.339,0.747,0.814
7501,1U-U-Z1.tif,0.632,2.864,0.967,1.135,263,81,75.964,0.734,1.458,0.686,0.92
7503,1U-U-Z1.tif,0.935,4.27,0.644,1.654,732,74,160.56,1.014,1.726,0.579,0.753
7504,1U-U-Z1.tif,0.707,3.178,0.88,1.298,783,74,98.13,0.734,1.655,0.604,0.903
7510,1U-U-Z1.tif,0.766,4.561,0.463,2.062,798,96,32.276,0.579,3.907,0.256,0.812
7516,1U-U-Z1.tif,0.867,5.111,0.417,2.189,211,90,123.024,0.725,3.601,0.278,0.68
7525,1U-U-Z1.tif,0.968,4.247,0.675,1.377,673,108,126.87,1.132,1.332,0.751,0.816
7526,1U-U-Z1.tif,0.606,2.994,0.85,1.248,207,108,126.027,0.714,1.838,0.544,0.9
7528,1U-U-Z1.tif,0.716,5.944,0.255,2.43,427,117,10.886,0.792,3.556,0.281,0.49
7530,1U-U-Z1.tif,0.573,3.285,0.667,1.298,918,114,135,0.826,1.661,0.602,0.8
7545,1U-U-Z1.tif,0.867,3.469,0.906,1.275,753,139,120.256,0.99,1.241,0.806,0.916
7550,1U-U-Z1.tif,0.539,3.599,0.523,1.571,305,158,6.71,0.549,3.146,0.318,0.8
7556,1U-U-Z1.tif,0.851,5.295,0.381,1.892,619,166,129.094,1.038,2.227,0.449,0.605
7560,1U-U-Z1.tif,0.623,3.903,0.514,1.603,140,171,113.629,0.609,3.06,0.327,0.796
7566,1U-U-Z1.tif,0.648,2.972,0.923,1.135,799,180,104.036,0.734,1.429,0.7,0.922
7567,1U-U-Z1.tif,0.96,4.118,0.712,1.654,393,181,109.44,0.918,1.909,0.524,0.88
7569,1U-U-Z1.tif,0.825,5.586,0.332,2.22,814,208,60.255,0.893,3.784,0.264,0.585
7571,1U-U-Z1.tif,0.935,3.545,0.935,1.248,659,191,126.027,1.009,1.14,0.877,0.917
7573,1U-U-Z1.tif,0.531,2.735,0.892,1.074,142,195,109.983,0.734,1.493,0.67,0.894
7575,1U-U-Z1.tif,0.825,3.599,0.801,1.483,373,198,158.199,0.792,1.983,0.504,0.887
7580,1U-U-Z1.tif,0.581,2.918,0.857,1.224,734,209,102.995,0.642,1.722,0.581,0.908
7587,1U-U-Z1.tif,0.707,3.048,0.957,1.07,633,220,120.964,0.918,1.083,0.923,0.903
7588,1U-U-Z1.tif,0.741,3.155,0.935,1.197,947,221,122.471,0.918,1.277,0.783,0.941
7591,1U-U-Z1.tif,0.547,2.896,0.82,1.12,184,226,124.992,0.701,1.631,0.613,0.878
7596,1U-U-Z1.tif,0.741,3.231,0.892,1.224,682,244,77.005,0.826,1.4,0.714,0.912
7597,1U-U-Z1.tif,0.977,6.557,0.285,2.949,179,236,95.356,0.543,7.174,0.139,0.723
7598,1U-U-Z1.tif,0.842,5.124,0.403,2.095,274,238,151.189,0.698,3.538,0.283,0.704
7599,1U-U-Z1.tif,0.657,3.599,0.637,1.584,887,241,10.008,0.642,2.722,0.367,0.867
7603,1U-U-Z1.tif,0.598,4.355,0.396,1.847,335,248,153.435,0.784,2.75,0.364,0.62
7604,1U-U-Z1.tif,0.733,3.361,0.815,1.248,489,258,53.973,0.903,1.356,0.737,0.888
7605,1U-U-Z1.tif,0.531,3.675,0.494,1.275,397,258,30.256,0.688,1.69,0.592,0.728
7606,1U-U-Z1.tif,0.977,3.728,0.883,1.336,775,250,105.945,1.009,1.34,0.746,0.906
7608,1U-U-Z1.tif,0.522,2.627,0.951,0.993,749,252,123.69,0.779,1.299,0.77,0.886
7609,1U-U-Z1.tif,0.977,3.491,1,1.278,381,258,158.962,1.009,1.153,0.867,0.943
7612,1U-U-Z1.tif,0.64,4.346,0.426,1.724,347,276,64.799,0.806,2.751,0.363,0.631
7614,1U-U-Z1.tif,0.952,3.567,0.94,1.398,742,259,113.199,1.009,1.35,0.741,0.922
7616,1U-U-Z1.tif,0.589,3.026,0.809,1.248,591,279,72.897,0.642,1.913,0.523,0.909
7618,1U-U-Z1.tif,0.716,3.231,0.861,1.224,820,268,102.995,0.826,1.54,0.649,0.895
7620,1U-U-Z1.tif,0.968,5.08,0.472,1.772,179,277,158.749,0.99,2.199,0.455,0.747
7621,1U-U-Z1.tif,0.985,4.552,0.598,1.803,264,282,165.256,0.868,2.426,0.412,0.812
7622,1U-U-Z1.tif,0.665,4.798,0.363,2.031,377,278,161.565,0.747,2.915,0.343,0.669
7627,1U-U-Z1.tif,0.893,5.219,0.412,2.311,626,289,6.843,0.642,3.447,0.29,0.794
7631,1U-U-Z1.tif,0.783,3.361,0.871,1.231,789,306,63.435,0.918,1.254,0.797,0.886
7633,1U-U-Z1.tif,0.859,3.706,0.786,1.364,262,307,47.726,0.99,1.241,0.806,0.883
7634,1U-U-Z1.tif,0.589,3.102,0.77,1.278,451,300,158.962,0.687,2.038,0.491,0.859
7637,1U-U-Z1.tif,0.531,3.124,0.683,1.336,646,306,15.945,0.642,2.156,0.464,0.834
7639,1U-U-Z1.tif,0.91,4.171,0.657,1.782,442,323,78.111,0.709,2.677,0.373,0.882
7644,1U-U-Z1.tif,0.589,4.865,0.313,2.038,226,312,144.162,0.684,3.886,0.257,0.593
7649,1U-U-Z1.tif,0.716,4.171,0.517,1.513,126,338,75.964,0.734,2.303,0.434,0.752
7654,1U-U-Z1.tif,0.968,4.843,0.519,1.563,337,344,49.764,1.141,1.376,0.727,0.767
7657,1U-U-Z1.tif,0.505,3.361,0.562,1.483,941,338,158.199,0.517,3.261,0.307,0.805
7659,1U-U-Z1.tif,0.851,3.491,0.877,1.364,739,340,109.654,0.918,1.389,0.72,0.906
7660,1U-U-Z1.tif,0.707,3.567,0.699,1.433,158,343,140.194,0.829,1.85,0.54,0.808
7670,1U-U-Z1.tif,0.985,3.675,0.917,1.336,290,371,74.055,1.009,1.303,0.767,0.921
7671,1U-U-Z1.tif,0.851,3.728,0.769,1.355,386,362,151.699,1.044,1.308,0.765,0.849
7675,1U-U-Z1.tif,0.724,5.478,0.303,2.414,426,374,171.254,0.521,6.075,0.165,0.672
7676,1U-U-Z1.tif,0.514,2.918,0.758,1.135,384,385,75.964,0.734,1.7,0.588,0.824
7680,1U-U-Z1.tif,0.531,2.811,0.844,1.046,674,379,105.255,0.734,1.461,0.684,0.875
7684,1U-U-Z1.tif,0.792,3.307,0.909,1.314,471,392,114.775,0.891,1.516,0.66,0.904
7685,1U-U-Z1.tif,0.808,3.469,0.844,1.314,257,406,65.225,0.826,1.468,0.681,0.919
7687,1U-U-Z1.tif,0.707,3.231,0.851,1.224,733,406,77.005,0.826,1.397,0.716,0.898
7691,1U-U-Z1.tif,0.657,3.88,0.548,1.685,157,404,150.642,0.752,2.919,0.343,0.706
7692,1U-U-Z1.tif,0.985,3.652,0.928,1.278,542,417,68.962,1.009,1.19,0.84,0.929
7695,1U-U-Z1.tif,0.91,4.399,0.59,1.89,852,418,29.055,0.853,2.814,0.355,0.812
7696,1U-U-Z1.tif,0.615,2.918,0.907,1.161,712,422,71.565,0.734,1.563,0.64,0.912
7697,1U-U-Z1.tif,0.573,2.94,0.832,1.135,639,411,104.036,0.734,1.375,0.728,0.872
7698,1U-U-Z1.tif,0.91,3.567,0.898,1.364,654,411,109.654,1.003,1.406,0.711,0.904
7702,1U-U-Z1.tif,0.573,4.118,0.424,1.571,574,426,6.71,0.657,2.752,0.363,0.731
7706,1U-U-Z1.tif,0.749,4.475,0.47,1.858,200,433,122.905,0.774,2.943,0.34,0.727
7708,1U-U-Z1.tif,0.657,4.323,0.442,1.654,750,440,19.44,0.684,3.187,0.314,0.743
7709,1U-U-Z1.tif,0.741,3.307,0.851,1.161,289,447,71.565,0.918,1.262,0.792,0.889
7711,1U-U-Z1.tif,0.842,3.307,0.967,1.235,626,450,48.013,0.973,1.221,0.819,0.917
7712,1U-U-Z1.tif,0.741,3.231,0.892,1.197,385,444,122.471,0.826,1.332,0.751,0.903
7715,1U-U-Z1.tif,0.64,3.827,0.549,1.505,643,444,142.431,0.929,1.613,0.62,0.734
7721,1U-U-Z1.tif,0.514,2.811,0.817,1.046,612,459,164.745,0.734,1.529,0.654,0.859
7722,1U-U-Z1.tif,0.91,3.491,0.938,1.235,401,470,41.987,1.067,1.143,0.875,0.908
7723,1U-U-Z1.tif,0.758,3.231,0.912,1.12,343,472,55.008,0.985,1.112,0.899,0.9
7731,1U-U-Z1.tif,0.589,4.184,0.423,1.494,174,481,132.51,0.84,2.136,0.468,0.645
7732,1U-U-Z1.tif,0.547,3.2,0.672,1.193,803,493,67.38,0.734,1.65,0.606,0.828
7733,1U-U-Z1.tif,0.606,4.064,0.461,1.772,145,483,111.251,0.534,4.202,0.238,0.75
7734,1U-U-Z1.tif,0.682,4.659,0.395,1.929,856,484,154.654,0.681,2.86,0.35,0.675
7739,1U-U-Z1.tif,0.758,3.361,0.843,1.377,629,501,53.13,0.844,1.726,0.579,0.905
7740,1U-U-Z1.tif,0.808,3.469,0.844,1.248,758,490,126.027,0.857,1.505,0.664,0.897
7742,1U-U-Z1.tif,0.977,3.675,0.909,1.278,522,507,68.962,1.074,1.18,0.848,0.91
7746,1U-U-Z1.tif,0.606,2.842,0.943,1.105,321,500,131.634,0.734,1.397,0.716,0.923
7748,1U-U-Z1.tif,0.598,3.697,0.55,1.48,244,504,150.255,0.764,2.342,0.427,0.751
7752,1U-U-Z1.tif,0.556,2.712,0.949,1.074,680,508,109.983,0.642,1.521,0.657,0.936
7753,1U-U-Z1.tif,0.632,2.918,0.932,1.12,364,519,55.008,0.826,1.37,0.73,0.915
7756,1U-U-Z1.tif,0.699,3.102,0.913,1.224,822,532,77.005,0.734,1.546,0.647,0.927
7761,1U-U-Z1.tif,0.514,2.842,0.799,1.15,382,525,118.61,0.642,1.431,0.699,0.897
7765,1U-U-Z1.tif,0.724,3.231,0.872,1.197,414,539,32.471,0.826,1.359,0.736,0.92
7766,1U-U-Z1.tif,0.632,3.026,0.867,1.12,753,533,124.992,0.826,1.399,0.715,0.893
7769,1U-U-Z1.tif,0.632,2.994,0.885,1.161,287,537,108.435,0.826,1.41,0.709,0.898
7771,1U-U-Z1.tif,0.817,3.415,0.88,1.314,778,540,114.775,0.913,1.483,0.675,0.898
7772,1U-U-Z1.tif,0.91,4.042,0.7,1.634,918,560,38.157,0.973,1.718,0.582,0.878
7773,1U-U-Z1.tif,0.539,2.605,0.998,0.988,268,551,111.801,0.734,1.263,0.792,0.914
7778,1U-U-Z1.tif,0.556,2.735,0.934,1.046,320,568,74.745,0.734,1.332,0.751,0.892
7783,1U-U-Z1.tif,0.531,2.605,0.983,0.945,544,567,119.055,0.826,1.126,0.888,0.913
7784,1U-U-Z1.tif,0.514,3.361,0.571,1.364,709,571,109.654,0.642,2.213,0.452,0.767
7785,1U-U-Z1.tif,0.985,3.621,0.944,1.248,599,588,53.973,1.101,1.129,0.886,0.911
7786,1U-U-Z1.tif,0.792,3.827,0.679,1.563,613,576,130.236,0.903,1.841,0.543,0.836
7787,1U-U-Z1.tif,0.589,4.928,0.305,2.119,930,577,162.35,0.666,3.929,0.254,0.639
7792,1U-U-Z1.tif,0.808,4.659,0.468,1.835,229,581,126.87,0.863,2.557,0.391,0.683
7797,1U-U-Z1.tif,0.977,6.745,0.27,1.951,655,591,131.186,1.634,1.354,0.739,0.511
7798,1U-U-Z1.tif,0.606,4.194,0.433,1.89,137,592,119.055,0.509,4.785,0.209,0.746
7799,1U-U-Z1.tif,0.724,4.301,0.492,1.782,663,596,168.111,0.734,2.987,0.335,0.729
7800,1U-U-Z1.tif,0.598,3.621,0.573,1.425,811,603,14.931,0.642,2.298,0.435,0.826
7807,1U-U-Z1.tif,0.581,5.08,0.283,2.093,518,605,142.125,0.731,3.906,0.256,0.502
7810,1U-U-Z1.tif,0.691,4.659,0.4,1.91,264,608,144.782,0.861,2.428,0.412,0.686
7812,1U-U-Z1.tif,0.589,2.918,0.87,1.12,539,619,34.992,0.84,1.293,0.774,0.897
7813,1U-U-Z1.tif,0.901,3.513,0.917,1.336,599,626,74.055,1.009,1.328,0.753,0.899
7814,1U-U-Z1.tif,0.943,4.377,0.619,1.642,727,622,26.565,1.065,1.445,0.692,0.765
7815,1U-U-Z1.tif,0.792,3.361,0.88,1.224,517,617,102.995,0.918,1.373,0.728,0.887
7816,1U-U-Z1.tif,0.531,3.903,0.438,1.538,353,624,162.646,0.769,2.201,0.454,0.649
7817,1U-U-Z1.tif,0.573,2.811,0.911,1.109,441,621,114.444,0.78,1.405,0.712,0.883
7818,1U-U-Z1.tif,0.531,2.735,0.892,1.07,339,632,59.036,0.779,1.402,0.713,0.894
7819,1U-U-Z1.tif,0.977,3.697,0.898,1.401,312,623,121.608,1.038,1.391,0.719,0.896
7821,1U-U-Z1.tif,0.943,6.798,0.256,1.892,68,644,75.964,1.101,1.667,0.6,0.633
7824,1U-U-Z1.tif,0.808,3.383,0.887,1.248,649,631,107.103,0.987,1.272,0.786,0.893
7827,1U-U-Z1.tif,0.733,3.178,0.912,1.12,390,634,124.992,0.918,1.151,0.869,0.916
7829,1U-U-Z1.tif,0.598,5.317,0.266,1.527,198,650,57.265,1.098,1.513,0.661,0.497
7830,1U-U-Z1.tif,0.581,2.864,0.89,1.12,302,646,55.008,0.771,1.503,0.665,0.89
7834,1U-U-Z1.tif,0.589,2.972,0.839,1.109,633,642,114.444,0.734,1.355,0.738,0.909
7836,1U-U-Z1.tif,0.808,3.285,0.941,1.193,574,658,67.38,0.918,1.2,0.833,0.923
7837,1U-U-Z1.tif,0.935,3.491,0.964,1.248,653,660,53.973,1.009,1.185,0.844,0.921
7838,1U-U-Z1.tif,0.733,4.346,0.488,1.527,676,663,57.265,1.038,1.785,0.56,0.704
7840,1U-U-Z1.tif,0.968,3.804,0.841,1.401,500,664,58.392,1.026,1.361,0.735,0.891
7842,1U-U-Z1.tif,0.589,2.788,0.953,1.074,455,654,109.983,0.734,1.4,0.714,0.915
7843,1U-U-Z1.tif,0.615,4.377,0.403,1.603,64,671,66.371,0.8,2.765,0.362,0.67
7846,1U-U-Z1.tif,0.707,4.919,0.367,1.731,66,685,57.995,0.918,1.89,0.529,0.654
7850,1U-U-Z1.tif,0.707,3.88,0.59,1.563,307,672,139.764,0.834,2.27,0.441,0.774
7856,1U-U-Z1.tif,0.699,3.102,0.913,1.224,651,692,77.005,0.734,1.539,0.65,0.927
7857,1U-U-Z1.tif,0.589,2.712,1,1.026,267,683,116.565,0.734,1.241,0.806,0.952
7866,1U-U-Z1.tif,0.531,2.788,0.858,1.116,292,697,99.462,0.642,1.641,0.609,0.9
7869,1U-U-Z1.tif,0.834,3.599,0.809,1.336,704,724,74.055,0.905,1.436,0.696,0.9
7964,1D-C-Z1.tif,0.943,5.912,0.339,2.386,866,4,157.38,0.882,3.646,0.274,0.624
7967,1D-C-Z1.tif,0.716,3.102,0.935,1.161,470,24,71.565,0.826,1.329,0.752,0.919
7969,1D-C-Z1.tif,0.985,3.988,0.779,1.513,572,29,75.964,0.918,1.654,0.605,0.897
7970,1D-C-Z1.tif,0.808,3.285,0.941,1.278,334,14,111.038,0.826,1.449,0.69,0.937
7973,1D-C-Z1.tif,0.674,3.048,0.911,1.197,421,16,122.471,0.862,1.405,0.712,0.904
7976,1D-C-Z1.tif,0.935,6.042,0.322,2.311,832,23,173.157,1.009,3.031,0.33,0.547
7977,1D-C-Z1.tif,0.792,3.339,0.892,1.248,273,24,107.103,0.826,1.445,0.692,0.922
7978,1D-C-Z1.tif,0.632,2.972,0.899,1.161,358,25,108.435,0.734,1.544,0.648,0.909
7981,1D-C-Z1.tif,0.615,2.864,0.942,1.046,789,46,74.745,0.826,1.21,0.826,0.901
7984,1D-C-Z1.tif,0.994,3.751,0.888,1.336,420,55,74.055,1.009,1.254,0.798,0.911
7985,1D-C-Z1.tif,0.775,3.231,0.932,1.168,609,43,135,0.973,1.157,0.865,0.911
7987,1D-C-Z1.tif,0.556,3.46,0.584,1.483,349,52,21.801,0.616,2.636,0.379,0.79
7988,1D-C-Z1.tif,0.615,4.928,0.318,2.134,288,57,25.463,0.594,5.037,0.199,0.629
7989,1D-C-Z1.tif,0.968,3.804,0.841,1.48,332,64,82.875,0.918,1.541,0.649,0.902
7990,1D-C-Z1.tif,0.985,4.377,0.646,1.675,733,48,99.462,0.918,1.805,0.554,0.86
7996,1D-C-Z1.tif,0.952,4.668,0.549,1.929,782,83,64.654,0.92,2.135,0.468,0.801
7999,1D-C-Z1.tif,0.598,3.621,0.573,1.197,320,71,147.529,0.826,1.672,0.598,0.751
8002,1D-C-Z1.tif,0.935,4.171,0.675,1.765,647,90,62.103,0.784,2.384,0.419,0.877
8003,1D-C-Z1.tif,0.834,3.307,0.958,1.207,314,88,81.254,0.918,1.185,0.844,0.912
8004,1D-C-Z1.tif,0.581,2.842,0.904,1.074,797,76,109.983,0.734,1.502,0.666,0.914
8007,1D-C-Z1.tif,0.935,3.728,0.845,1.436,387,97,63.435,1.008,1.379,0.725,0.91
8012,1D-C-Z1.tif,0.893,3.469,0.932,1.197,437,106,57.529,1.009,1.125,0.889,0.93
8014,1D-C-Z1.tif,0.581,4.14,0.426,1.835,485,108,36.87,0.663,3.641,0.275,0.697
8015,1D-C-Z1.tif,0.758,3.155,0.957,1.197,559,107,57.529,0.918,1.217,0.822,0.938
8017,1D-C-Z1.tif,0.623,2.842,0.969,1.074,630,115,70.017,0.734,1.322,0.757,0.931
8019,1D-C-Z1.tif,0.547,2.735,0.92,1.074,580,106,109.983,0.734,1.465,0.683,0.89
8024,1D-C-Z1.tif,0.977,3.545,0.977,1.278,311,112,111.038,1.009,1.159,0.863,0.935
8028,1D-C-Z1.tif,0.539,2.766,0.885,1.15,378,131,61.39,0.642,1.664,0.601,0.934
8029,1D-C-Z1.tif,0.851,3.415,0.917,1.336,394,134,74.055,0.826,1.477,0.677,0.931
8030,1D-C-Z1.tif,0.606,2.811,0.965,0.993,661,129,33.69,0.908,1.076,0.93,0.889
8033,1D-C-Z1.tif,0.8,4.462,0.505,1.858,409,134,20.225,0.649,3.38,0.296,0.776
8037,1D-C-Z1.tif,0.867,3.728,0.784,1.483,435,134,111.801,0.832,1.948,0.513,0.888
8038,1D-C-Z1.tif,0.926,3.728,0.837,1.451,625,150,71.565,0.9,1.688,0.592,0.902
8039,1D-C-Z1.tif,0.817,3.469,0.853,1.197,417,149,57.529,0.987,1.144,0.874,0.89
8041,1D-C-Z1.tif,0.901,4.27,0.621,1.822,807,142,130.914,0.846,2.509,0.399,0.787
8043,1D-C-Z1.tif,0.691,3.079,0.915,1.12,597,154,55.008,0.918,1.12,0.893,0.921
8046,1D-C-Z1.tif,0.657,2.972,0.935,1.161,612,149,108.435,0.734,1.455,0.687,0.923
8047,1D-C-Z1.tif,0.539,3.079,0.714,1.278,673,150,111.038,0.642,2.149,0.465,0.871
8051,1D-C-Z1.tif,0.792,3.804,0.687,1.451,425,158,161.565,0.946,1.432,0.698,0.787
8054,1D-C-Z1.tif,0.817,3.415,0.88,1.298,560,178,45,0.973,1.324,0.755,0.915
8055,1D-C-Z1.tif,0.952,3.804,0.826,1.538,578,184,72.646,0.876,1.8,0.556,0.904
8056,1D-C-Z1.tif,0.749,3.231,0.902,1.224,468,184,77.005,0.826,1.408,0.71,0.908
8059,1D-C-Z1.tif,0.581,2.788,0.939,1.046,591,186,74.745,0.734,1.305,0.766,0.914
8061,1D-C-Z1.tif,0.64,2.972,0.911,1.105,320,191,48.366,0.913,1.111,0.9,0.899
8073,1D-C-Z1.tif,0.977,4.691,0.558,1.985,184,222,33.69,0.978,2.107,0.475,0.789
8074,1D-C-Z1.tif,0.884,3.415,0.953,1.314,368,210,102.095,0.826,1.477,0.677,0.942
8075,1D-C-Z1.tif,0.505,3.782,0.444,1.654,622,227,70.56,0.5,4.058,0.246,0.736
8076,1D-C-Z1.tif,0.8,3.231,0.963,1.193,539,224,67.38,0.918,1.241,0.806,0.931
8078,1D-C-Z1.tif,0.985,3.675,0.917,1.278,349,217,158.962,1.09,1.154,0.867,0.911
8080,1D-C-Z1.tif,0.648,2.918,0.957,1.074,672,228,70.017,0.826,1.213,0.824,0.917
8085,1D-C-Z1.tif,0.648,2.972,0.923,1.135,319,226,104.036,0.734,1.475,0.678,0.922
8088,1D-C-Z1.tif,0.531,3.285,0.618,1.451,878,237,161.565,0.592,2.683,0.373,0.846
8090,1D-C-Z1.tif,0.741,3.178,0.922,1.224,451,242,102.995,0.826,1.435,0.697,0.907
8095,1D-C-Z1.tif,0.733,3.437,0.779,1.323,774,261,56.31,0.908,1.578,0.634,0.841
8096,1D-C-Z1.tif,0.522,2.659,0.928,0.988,392,260,68.199,0.734,1.291,0.775,0.912
8097,1D-C-Z1.tif,0.994,3.88,0.829,1.483,355,252,111.801,0.985,1.581,0.632,0.877
8098,1D-C-Z1.tif,0.581,2.735,0.976,0.993,716,256,123.69,0.826,1.108,0.903,0.902
8102,1D-C-Z1.tif,0.674,4.086,0.507,1.692,189,275,40.601,0.749,2.9,0.345,0.717
8104,1D-C-Z1.tif,0.733,3.178,0.912,1.224,347,264,102.995,0.826,1.356,0.738,0.911
8107,1D-C-Z1.tif,0.851,3.361,0.946,1.197,635,269,122.471,1.009,1.082,0.925,0.914
8108,1D-C-Z1.tif,0.775,3.491,0.799,1.231,333,281,63.435,0.985,1.132,0.883,0.876
8109,1D-C-Z1.tif,0.758,3.804,0.658,1.377,718,282,36.87,0.976,1.477,0.677,0.786
8110,1D-C-Z1.tif,0.505,2.605,0.936,1.026,702,273,100.305,0.642,1.485,0.673,0.902
8111,1D-C-Z1.tif,0.623,2.95,0.9,1.12,557,285,55.008,0.734,1.373,0.728,0.931
8121,1D-C-Z1.tif,0.707,5.415,0.303,1.398,489,303,156.801,1.002,1.395,0.717,0.677
8127,1D-C-Z1.tif,0.859,4.874,0.454,1.687,74,331,67.62,0.918,1.818,0.55,0.75
8128,1D-C-Z1.tif,0.64,2.972,0.911,1.074,736,314,109.983,0.826,1.312,0.762,0.91
8132,1D-C-Z1.tif,0.851,3.437,0.905,1.224,489,319,102.995,0.987,1.255,0.797,0.89
8133,1D-C-Z1.tif,0.648,3.048,0.877,1.248,795,333,72.897,0.734,1.659,0.603,0.906
8135,1D-C-Z1.tif,0.766,3.415,0.826,1.314,241,335,77.905,0.734,1.676,0.597,0.919
8137,1D-C-Z1.tif,0.531,2.605,0.983,0.958,284,325,106.699,0.734,1.215,0.823,0.92
8139,1D-C-Z1.tif,0.918,3.652,0.865,1.425,635,347,75.069,0.826,1.647,0.607,0.932
8141,1D-C-Z1.tif,0.733,3.254,0.87,1.224,703,345,77.005,0.913,1.317,0.759,0.879
8144,1D-C-Z1.tif,0.598,2.811,0.951,1.046,559,337,105.255,0.824,1.254,0.797,0.887
8148,1D-C-Z1.tif,0.968,3.589,0.945,1.298,694,344,98.13,1.101,1.153,0.867,0.906
8149,1D-C-Z1.tif,0.733,3.124,0.943,1.074,352,351,160.017,0.973,1.073,0.932,0.902
8156,1D-C-Z1.tif,0.64,3.048,0.866,1.193,315,378,67.38,0.826,1.521,0.658,0.884
8160,1D-C-Z1.tif,0.935,6.355,0.291,1.603,465,391,76.759,1.101,1.521,0.657,0.653
8161,1D-C-Z1.tif,0.665,2.994,0.933,1.046,304,377,105.255,0.918,1.123,0.89,0.893
8162,1D-C-Z1.tif,0.842,3.491,0.868,1.278,447,377,111.038,0.918,1.358,0.737,0.909
8168,1D-C-Z1.tif,0.522,2.636,0.944,0.993,666,403,56.31,0.734,1.164,0.859,0.932
8170,1D-C-Z1.tif,0.867,5.026,0.431,2.14,914,418,59.036,0.883,2.998,0.334,0.671
8173,1D-C-Z1.tif,0.842,3.491,0.868,1.278,332,404,111.038,0.99,1.271,0.786,0.881
8174,1D-C-Z1.tif,0.531,3.102,0.693,1.298,413,404,98.13,0.551,2.218,0.451,0.887
8175,1D-C-Z1.tif,0.531,2.842,0.825,1.074,234,416,70.017,0.642,1.684,0.594,0.9
8176,1D-C-Z1.tif,0.867,3.469,0.906,1.275,432,418,59.744,1.009,1.157,0.865,0.92
8179,1D-C-Z1.tif,0.817,3.804,0.709,1.398,295,428,66.801,0.895,1.677,0.596,0.836
8182,1D-C-Z1.tif,0.952,5.567,0.386,1.892,708,418,104.036,1.101,2.189,0.457,0.587
8183,1D-C-Z1.tif,0.547,3.178,0.681,1.248,771,434,72.897,0.679,2.242,0.446,0.812
8185,1D-C-Z1.tif,0.96,3.621,0.92,1.364,753,428,109.654,1.009,1.359,0.736,0.916
8190,1D-C-Z1.tif,0.674,3.285,0.784,1.314,361,449,65.225,0.733,1.901,0.526,0.889
8193,1D-C-Z1.tif,0.91,4.019,0.707,1.603,459,454,76.759,0.826,2.121,0.472,0.874
8194,1D-C-Z1.tif,0.876,3.491,0.903,1.278,774,450,68.962,0.944,1.34,0.746,0.908
8199,1D-C-Z1.tif,0.783,3.178,0.975,1.109,429,449,114.444,1.009,1.062,0.941,0.921
8201,1D-C-Z1.tif,0.589,2.788,0.953,1.026,610,463,63.435,0.826,1.155,0.866,0.909
8203,1D-C-Z1.tif,0.573,2.735,0.962,0.993,642,468,33.69,0.821,1.206,0.829,0.913
8205,1D-C-Z1.tif,0.758,3.178,0.943,1.224,354,465,102.995,0.826,1.37,0.73,0.918
8206,1D-C-Z1.tif,0.674,4.767,0.373,1.48,655,466,150.255,0.9,1.658,0.603,0.684
8207,1D-C-Z1.tif,0.901,3.491,0.929,1.248,780,467,107.103,1.009,1.228,0.814,0.907
8208,1D-C-Z1.tif,0.766,3.469,0.8,1.364,367,470,132.274,0.888,1.472,0.68,0.915
8215,1D-C-Z1.tif,0.598,3.307,0.687,1.364,304,500,70.346,0.711,2.187,0.457,0.83
8216,1D-C-Z1.tif,0.808,3.339,0.911,1.168,359,495,45,0.918,1.157,0.864,0.919
8219,1D-C-Z1.tif,0.716,3.437,0.761,1.323,702,491,146.31,0.908,1.643,0.609,0.854
8225,1D-C-Z1.tif,0.834,3.567,0.823,1.336,374,517,74.055,0.928,1.496,0.668,0.88
8228,1D-C-Z1.tif,0.691,4.118,0.512,1.513,547,510,104.036,0.747,2.243,0.446,0.742
8233,1D-C-Z1.tif,0.648,3.124,0.835,1.197,767,520,122.471,0.84,1.471,0.68,0.851
8236,1D-C-Z1.tif,0.581,2.735,0.976,1.074,445,537,70.017,0.734,1.337,0.748,0.926
8237,1D-C-Z1.tif,0.556,2.712,0.949,1.07,714,530,149.036,0.734,1.326,0.754,0.93
8238,1D-C-Z1.tif,0.884,3.545,0.884,1.278,526,537,21.038,0.987,1.321,0.757,0.905
8242,1D-C-Z1.tif,0.792,3.231,0.953,1.231,315,542,116.565,0.918,1.254,0.797,0.922
8246,1D-C-Z1.tif,0.514,2.681,0.898,1.046,757,552,105.255,0.734,1.45,0.69,0.865
8247,1D-C-Z1.tif,0.859,3.415,0.926,1.197,581,564,57.529,1.002,1.194,0.837,0.915
8248,1D-C-Z1.tif,0.505,3.33,0.573,1.135,697,572,75.964,0.8,1.591,0.629,0.732
8249,1D-C-Z1.tif,0.657,2.994,0.921,1.197,325,565,122.471,0.821,1.51,0.662,0.907
8250,1D-C-Z1.tif,0.556,2.811,0.884,1.12,348,577,34.992,0.752,1.521,0.658,0.874
8255,1D-C-Z1.tif,0.522,3.155,0.659,1.377,352,587,36.87,0.662,2.332,0.429,0.821
8256,1D-C-Z1.tif,0.724,5.295,0.325,2.322,490,578,161.565,0.704,3.97,0.252,0.595
8259,1D-C-Z1.tif,0.749,3.231,0.902,1.235,639,588,131.987,0.871,1.441,0.694,0.899
8262,1D-C-Z1.tif,0.531,2.788,0.858,1.074,735,603,70.017,0.734,1.343,0.745,0.875
8267,1D-C-Z1.tif,0.598,2.864,0.916,1.046,771,601,105.255,0.826,1.247,0.802,0.887
8268,1D-C-Z1.tif,0.615,2.918,0.907,1.105,238,611,131.634,0.826,1.306,0.766,0.896
8270,1D-C-Z1.tif,0.691,3.048,0.934,1.161,377,614,108.435,0.826,1.389,0.72,0.911
8276,1D-C-Z1.tif,0.943,3.643,0.893,1.278,714,634,21.038,1.103,1.145,0.873,0.878
8279,1D-C-Z1.tif,0.918,3.599,0.891,1.336,284,647,74.055,0.918,1.412,0.708,0.912
8282,1D-C-Z1.tif,0.564,2.712,0.964,1.026,757,634,116.565,0.734,1.286,0.778,0.931
8296,1D-C-Z1.tif,0.943,3.621,0.904,1.323,532,667,123.69,0.985,1.344,0.744,0.903
8297,1D-C-Z1.tif,0.505,2.627,0.92,1.026,632,682,63.435,0.714,1.384,0.722,0.896
8298,1D-C-Z1.tif,0.792,3.827,0.679,1.451,454,674,108.435,0.903,1.75,0.572,0.793
8299,1D-C-Z1.tif,0.766,4.355,0.508,1.765,684,674,117.897,0.813,2.853,0.35,0.734
8304,1D-C-Z1.tif,0.851,4.735,0.477,1.89,509,700,60.945,0.872,2.867,0.349,0.685
8305,1D-C-Z1.tif,0.657,4.713,0.372,1.945,68,683,109.29,0.619,4.218,0.237,0.675
8312,1D-C-Z1.tif,0.514,2.811,0.817,1.046,289,711,105.255,0.698,1.577,0.634,0.847
8423,1D-D-Z1.tif,0.943,3.706,0.863,1.425,255,17,104.931,0.826,1.662,0.602,0.945
8424,1D-D-Z1.tif,0.522,2.605,0.967,0.993,478,24,33.69,0.734,1.328,0.753,0.912
8426,1D-D-Z1.tif,0.851,3.491,0.877,1.404,610,40,78.69,0.826,1.584,0.631,0.914
8427,1D-D-Z1.tif,0.96,6.172,0.317,2.599,790,25,132.138,1.02,3.184,0.314,0.608
8428,1D-D-Z1.tif,0.91,4.507,0.563,1.936,356,27,121.43,0.83,2.701,0.37,0.766
8429,1D-D-Z1.tif,0.817,3.415,0.88,1.314,730,40,65.225,0.918,1.364,0.733,0.924
8431,1D-D-Z1.tif,0.632,3.124,0.813,1.161,587,46,71.565,0.908,1.147,0.872,0.852
8437,1D-D-Z1.tif,0.573,3.522,0.58,1.451,811,44,108.435,0.664,2.62,0.382,0.76
8439,1D-D-Z1.tif,0.581,3.675,0.541,1.401,678,65,31.608,0.745,2.357,0.424,0.726
8441,1D-D-Z1.tif,0.64,3.146,0.813,1.193,861,63,157.38,0.837,1.441,0.694,0.835
8443,1D-D-Z1.tif,0.547,2.842,0.852,1.074,713,64,109.983,0.734,1.491,0.671,0.89
8445,1D-D-Z1.tif,0.775,3.263,0.914,1.231,761,77,116.565,0.826,1.39,0.719,0.939
8448,1D-D-Z1.tif,0.657,3.393,0.717,1.425,591,99,75.069,0.642,2.201,0.454,0.886
8450,1D-D-Z1.tif,0.91,3.437,0.967,1.248,536,98,72.897,1.009,1.221,0.819,0.919
8451,1D-D-Z1.tif,0.741,3.124,0.954,1.12,396,97,34.992,0.908,1.198,0.835,0.912
8452,1D-D-Z1.tif,0.775,3.469,0.809,1.425,560,88,104.931,0.734,1.935,0.517,0.911
8453,1D-D-Z1.tif,0.531,2.583,1,0.945,287,94,150.945,0.734,1.105,0.905,0.947
8454,1D-D-Z1.tif,0.514,2.712,0.877,1.109,889,108,65.556,0.642,1.514,0.661,0.91
8456,1D-D-Z1.tif,0.648,2.994,0.909,1.135,743,111,75.964,0.821,1.392,0.718,0.89
8457,1D-D-Z1.tif,0.505,2.712,0.863,1.046,796,100,105.255,0.642,1.537,0.651,0.909
8462,1D-D-Z1.tif,0.749,3.599,0.727,1.494,604,120,79.38,0.734,2.168,0.461,0.873
8463,1D-D-Z1.tif,0.665,3.048,0.9,1.175,520,105,128.66,0.852,1.387,0.721,0.893
8470,1D-D-Z1.tif,0.598,2.994,0.838,1.175,648,125,38.66,0.738,1.688,0.592,0.871
8472,1D-D-Z1.tif,0.615,3.102,0.803,1.275,623,132,59.744,0.78,1.688,0.592,0.864
8475,1D-D-Z1.tif,0.657,2.864,1,1.074,677,129,109.983,0.826,1.201,0.833,0.923
8479,1D-D-Z1.tif,0.598,3.415,0.644,1.428,601,135,135,0.76,2.214,0.452,0.789
8480,1D-D-Z1.tif,0.876,4.453,0.555,1.97,630,146,27.759,0.749,3.135,0.319,0.797
8481,1D-D-Z1.tif,0.531,2.735,0.892,1.116,485,139,170.538,0.642,1.695,0.59,0.906
8482,1D-D-Z1.tif,0.632,2.864,0.967,1.074,509,138,160.017,0.826,1.335,0.749,0.904
8489,1D-D-Z1.tif,0.598,2.788,0.966,1.074,237,159,70.017,0.734,1.331,0.751,0.922
8491,1D-D-Z1.tif,0.505,2.681,0.883,0.958,515,156,163.301,0.801,1.224,0.817,0.845
8495,1D-D-Z1.tif,0.977,3.751,0.873,1.404,315,156,101.31,1.009,1.39,0.719,0.899
8496,1D-D-Z1.tif,0.758,3.307,0.871,1.248,469,172,53.973,0.908,1.397,0.716,0.896
8500,1D-D-Z1.tif,0.775,5.523,0.319,2.07,739,187,77.196,0.809,3.662,0.273,0.624
8507,1D-D-Z1.tif,0.716,3.46,0.752,1.451,517,176,145.305,0.713,2.162,0.463,0.854
8510,1D-D-Z1.tif,0.514,3.155,0.648,1.161,202,185,108.435,0.73,1.724,0.58,0.782
8511,1D-D-Z1.tif,0.716,3.178,0.891,1.12,368,197,34.992,0.918,1.086,0.921,0.895
8512,1D-D-Z1.tif,0.539,2.659,0.958,0.945,553,198,60.945,0.826,1.061,0.942,0.908
8525,1D-D-Z1.tif,0.682,2.972,0.971,1.105,703,222,41.634,0.826,1.209,0.827,0.926
8530,1D-D-Z1.tif,0.876,3.88,0.731,1.278,306,243,68.962,1.089,1.245,0.803,0.846
8531,1D-D-Z1.tif,0.539,2.681,0.942,0.993,617,230,123.69,0.821,1.182,0.846,0.877
8532,1D-D-Z1.tif,0.514,2.583,0.968,0.993,718,239,56.31,0.734,1.269,0.788,0.931
8534,1D-D-Z1.tif,0.859,3.437,0.914,1.231,504,246,63.435,1.009,1.154,0.867,0.895
8535,1D-D-Z1.tif,0.682,3.102,0.891,1.074,561,236,109.983,0.918,1.189,0.841,0.9
8537,1D-D-Z1.tif,0.657,2.972,0.935,1.109,536,241,114.444,0.826,1.278,0.782,0.912
8540,1D-D-Z1.tif,0.674,3.07,0.898,1.074,263,258,19.983,0.937,1.198,0.834,0.87
8547,1D-D-Z1.tif,0.825,5.156,0.39,2.095,501,266,151.189,0.85,3.304,0.303,0.613
8549,1D-D-Z1.tif,0.674,4.399,0.437,1.56,422,285,61.928,0.985,1.651,0.606,0.645
8555,1D-D-Z1.tif,0.859,3.652,0.809,1.494,311,281,100.62,0.734,1.933,0.517,0.911
8560,1D-D-Z1.tif,0.724,3.545,0.724,1.377,701,292,126.87,0.806,1.757,0.569,0.843
8561,1D-D-Z1.tif,0.674,4.118,0.499,1.398,821,292,113.199,0.971,1.316,0.76,0.711
8568,1D-D-Z1.tif,0.733,3.102,0.957,1.161,758,317,71.565,0.826,1.338,0.747,0.921
8569,1D-D-Z1.tif,0.514,2.605,0.951,0.945,625,309,119.055,0.826,1.087,0.92,0.891
8570,1D-D-Z1.tif,0.783,3.178,0.975,1.12,349,324,34.992,1.009,1.07,0.934,0.912
8571,1D-D-Z1.tif,0.825,3.307,0.948,1.175,364,327,51.34,0.985,1.173,0.852,0.907
8575,1D-D-Z1.tif,0.758,4.14,0.556,1.278,476,331,21.038,0.973,1.328,0.753,0.766
8576,1D-D-Z1.tif,0.699,2.972,0.995,1.109,680,328,114.444,0.826,1.209,0.827,0.938
8579,1D-D-Z1.tif,0.918,3.589,0.895,1.304,604,344,50.711,0.973,1.262,0.793,0.893
8580,1D-D-Z1.tif,0.733,3.178,0.912,1.135,778,332,104.036,0.918,1.264,0.791,0.892
8582,1D-D-Z1.tif,0.859,3.361,0.955,1.248,729,336,107.103,0.918,1.299,0.77,0.923
8584,1D-D-Z1.tif,0.632,3.07,0.842,1.046,411,339,127.875,0.881,1.197,0.835,0.867
8588,1D-D-Z1.tif,0.665,3.155,0.84,1.278,506,362,68.962,0.724,1.842,0.543,0.903
8590,1D-D-Z1.tif,0.707,2.994,0.992,1.074,440,355,109.983,0.918,1.153,0.867,0.918
8594,1D-D-Z1.tif,0.758,3.804,0.658,1.398,616,372,23.199,0.826,1.881,0.532,0.814
8595,1D-D-Z1.tif,0.606,2.887,0.914,1.074,315,366,109.983,0.844,1.19,0.84,0.894
8598,1D-D-Z1.tif,0.564,3.178,0.702,1.248,469,374,17.103,0.655,2.156,0.464,0.838
8599,1D-D-Z1.tif,0.539,4.064,0.41,1.692,808,371,167.471,0.61,3.709,0.27,0.692
8600,1D-D-Z1.tif,0.573,2.712,0.978,1.046,572,371,142.125,0.826,1.197,0.836,0.938
8602,1D-D-Z1.tif,0.665,2.972,0.947,1.12,608,374,124.992,0.826,1.255,0.796,0.929
8604,1D-D-Z1.tif,0.589,2.94,0.857,1.074,438,377,109.983,0.803,1.426,0.701,0.859
8606,1D-D-Z1.tif,0.758,3.361,0.843,1.248,665,378,107.103,0.826,1.452,0.689,0.896
8608,1D-D-Z1.tif,0.632,2.918,0.932,1.046,294,392,52.125,0.918,1.087,0.92,0.888
8609,1D-D-Z1.tif,0.64,2.94,0.93,1.07,689,393,59.036,0.903,1.198,0.835,0.884
8611,1D-D-Z1.tif,0.8,4.767,0.442,1.364,759,400,70.346,1.009,1.464,0.683,0.754
8613,1D-D-Z1.tif,0.632,2.972,0.899,1.197,588,389,122.471,0.755,1.617,0.618,0.915
8614,1D-D-Z1.tif,0.834,3.361,0.927,1.248,232,407,72.897,0.918,1.311,0.763,0.912
8615,1D-D-Z1.tif,0.867,3.513,0.883,1.275,444,398,149.744,1.026,1.181,0.847,0.884
8616,1D-D-Z1.tif,0.632,3.706,0.578,1.603,338,405,13.241,0.642,2.762,0.362,0.852
8619,1D-D-Z1.tif,0.564,4.064,0.429,1.603,275,410,156.371,0.693,3.026,0.331,0.65
8621,1D-D-Z1.tif,0.758,3.178,0.943,1.12,633,410,124.992,1.009,1.055,0.947,0.905
8626,1D-D-Z1.tif,0.623,2.918,0.92,1.046,255,425,37.875,0.862,1.215,0.823,0.897
8631,1D-D-Z1.tif,0.876,4.453,0.555,1.634,487,424,128.157,0.918,2.121,0.472,0.743
8637,1D-D-Z1.tif,0.724,3.491,0.747,1.355,529,434,118.301,0.819,1.703,0.587,0.835
8638,1D-D-Z1.tif,0.842,3.361,0.937,1.248,691,449,72.897,0.918,1.297,0.771,0.922
8639,1D-D-Z1.tif,0.682,3.415,0.735,1.336,240,452,74.055,0.734,1.605,0.623,0.866
8640,1D-D-Z1.tif,0.825,3.361,0.918,1.336,380,440,105.945,0.826,1.554,0.643,0.92
8642,1D-D-Z1.tif,0.825,3.339,0.93,1.278,274,443,111.038,0.826,1.412,0.708,0.942
8656,1D-D-Z1.tif,0.539,2.627,0.981,1.026,307,467,100.305,0.734,1.251,0.8,0.901
8661,1D-D-Z1.tif,0.556,2.811,0.884,1.15,877,479,28.61,0.779,1.452,0.689,0.874
8664,1D-D-Z1.tif,0.808,4.691,0.462,1.626,582,480,106.39,0.918,1.564,0.639,0.733
8673,1D-D-Z1.tif,0.606,2.994,0.85,1.12,593,500,124.992,0.821,1.423,0.703,0.852
8674,1D-D-Z1.tif,0.531,4.216,0.375,1.883,359,522,43.025,0.584,3.81,0.262,0.696
8676,1D-D-Z1.tif,0.623,2.788,1,1.026,610,509,116.565,0.826,1.1,0.909,0.931
8679,1D-D-Z1.tif,0.834,3.437,0.887,1.248,693,513,107.103,0.944,1.341,0.746,0.9
8682,1D-D-Z1.tif,0.657,3.415,0.708,1.336,760,523,105.945,0.69,2.244,0.446,0.821
8683,1D-D-Z1.tif,0.589,2.842,0.917,1.046,715,539,74.745,0.734,1.31,0.763,0.909
8690,1D-D-Z1.tif,0.968,3.545,0.969,1.231,736,549,63.435,1.101,1.037,0.964,0.931
8691,1D-D-Z1.tif,0.64,3.33,0.725,1.433,623,552,50.194,0.697,2.075,0.482,0.844
8696,1D-D-Z1.tif,0.589,2.864,0.903,1.116,577,558,80.538,0.734,1.463,0.684,0.886
8702,1D-D-Z1.tif,0.935,3.567,0.923,1.298,342,559,98.13,1.009,1.247,0.802,0.902
8707,1D-D-Z1.tif,0.8,4.919,0.416,1.763,769,580,51.34,0.955,1.906,0.525,0.683
8708,1D-D-Z1.tif,0.64,2.994,0.897,1.074,498,578,70.017,0.913,1.139,0.878,0.884
8709,1D-D-Z1.tif,0.724,3.285,0.843,1.298,525,571,8.13,0.734,1.652,0.605,0.91
8711,1D-D-Z1.tif,0.606,3.804,0.526,1.687,689,578,22.38,0.654,2.973,0.336,0.754
8716,1D-D-Z1.tif,0.867,3.383,0.952,1.248,518,580,162.897,0.985,1.273,0.786,0.907
8717,1D-D-Z1.tif,0.556,2.712,0.949,1.046,804,581,142.125,0.821,1.193,0.838,0.923
8718,1D-D-Z1.tif,0.918,3.522,0.93,1.275,758,598,59.744,1.009,1.193,0.839,0.928
8721,1D-D-Z1.tif,0.758,3.209,0.925,1.197,496,588,122.471,0.826,1.366,0.732,0.933
8722,1D-D-Z1.tif,0.623,3.048,0.843,1.161,551,600,71.565,0.734,1.496,0.668,0.897
8728,1D-D-Z1.tif,0.926,3.491,0.955,1.314,327,602,114.775,1.009,1.257,0.796,0.924
8732,1D-D-Z1.tif,0.539,4.529,0.33,1.847,709,624,26.565,0.631,3.719,0.269,0.571
8736,1D-D-Z1.tif,0.716,3.491,0.738,1.248,217,624,162.897,1.002,1.29,0.775,0.806
8737,1D-D-Z1.tif,0.926,4.462,0.585,1.605,527,620,120.964,0.985,1.864,0.537,0.728
8748,1D-D-Z1.tif,0.674,3.102,0.88,1.207,277,658,98.746,0.734,1.572,0.636,0.904
8751,1D-D-Z1.tif,0.691,3.155,0.872,1.278,359,662,111.038,0.734,1.753,0.571,0.921
8755,1D-D-Z1.tif,0.867,3.361,0.965,1.231,372,675,116.565,1.009,1.095,0.913,0.928
8756,1D-D-Z1.tif,0.783,3.307,0.9,1.197,449,677,122.471,0.944,1.276,0.783,0.894
8759,1D-D-Z1.tif,0.522,2.627,0.951,0.993,606,680,146.31,0.779,1.316,0.76,0.879
8760,1D-D-Z1.tif,0.96,6.472,0.288,2.206,883,693,16.928,1.101,3.025,0.331,0.553
8761,1D-D-Z1.tif,0.952,3.522,0.964,1.248,640,693,53.973,1.009,1.1,0.909,0.946
8762,1D-D-Z1.tif,0.522,2.735,0.877,1.046,718,693,74.745,0.725,1.47,0.68,0.879
8763,1D-D-Z1.tif,0.741,4.605,0.439,1.929,863,694,25.346,0.779,2.904,0.344,0.698
8769,1D-D-Z1.tif,0.926,3.491,0.955,1.314,332,706,77.905,0.918,1.315,0.76,0.928
8771,1D-D-Z1.tif,0.657,3.599,0.637,1.451,300,710,71.565,0.723,2.258,0.443,0.796
8773,1D-D-Z1.tif,0.531,3.285,0.618,1.275,608,709,59.744,0.702,2.181,0.459,0.773
8774,1D-D-Z1.tif,0.91,3.491,0.938,1.314,668,696,102.095,0.918,1.341,0.746,0.919
8777,1D-D-Z1.tif,0.749,3.697,0.689,1.336,921,708,164.055,0.942,1.533,0.652,0.802
8778,1D-D-Z1.tif,0.859,3.361,0.955,1.224,479,717,77.005,0.918,1.242,0.805,0.919
8893,1D-U-Z1.tif,0.682,2.994,0.956,1.074,344,17,70.017,0.918,1.152,0.868,0.9
8895,1D-U-Z1.tif,0.716,3.178,0.891,1.197,464,22,57.529,0.9,1.371,0.729,0.914
8896,1D-U-Z1.tif,0.775,3.361,0.862,1.377,573,13,126.87,0.821,1.715,0.583,0.902
8897,1D-U-Z1.tif,0.91,3.621,0.872,1.336,397,18,105.945,1,1.446,0.692,0.867
8899,1D-U-Z1.tif,0.522,3.751,0.466,1.568,691,29,159.444,0.654,2.939,0.34,0.636
8900,1D-U-Z1.tif,0.589,3.178,0.734,1.224,371,41,77.005,0.703,1.836,0.545,0.843
8904,1D-U-Z1.tif,0.505,3.33,0.573,1.377,817,32,126.87,0.749,2.155,0.464,0.732
8907,1D-U-Z1.tif,0.581,2.788,0.939,1.07,421,56,59.036,0.826,1.245,0.803,0.914
8909,1D-U-Z1.tif,0.893,3.437,0.949,1.224,287,52,102.995,1.009,1.152,0.868,0.918
8910,1D-U-Z1.tif,0.935,3.513,0.952,1.278,593,52,111.038,1.026,1.248,0.801,0.91
8913,1D-U-Z1.tif,0.825,4.377,0.541,1.451,765,78,71.565,0.964,1.3,0.769,0.781
8915,1D-U-Z1.tif,0.531,2.712,0.906,0.993,476,81,33.69,0.734,1.24,0.807,0.913
8917,1D-U-Z1.tif,0.598,3.048,0.809,1.278,638,87,68.962,0.696,2.018,0.496,0.899
8918,1D-U-Z1.tif,0.901,4.431,0.577,1.782,940,75,124.509,0.957,1.809,0.553,0.767
8919,1D-U-Z1.tif,0.606,2.918,0.895,1.161,357,89,71.565,0.734,1.555,0.643,0.906
8922,1D-U-Z1.tif,0.733,3.437,0.779,1.433,419,91,39.806,0.764,2.057,0.486,0.888
8924,1D-U-Z1.tif,0.792,3.339,0.892,1.278,546,98,68.962,0.826,1.462,0.684,0.935
8926,1D-U-Z1.tif,0.581,2.766,0.954,1.026,577,90,116.565,0.734,1.272,0.786,0.939
8927,1D-U-Z1.tif,0.724,3.048,0.98,1.074,299,96,160.017,0.918,1.1,0.909,0.915
8936,1D-U-Z1.tif,0.531,2.864,0.813,1.175,465,124,51.34,0.705,1.844,0.542,0.84
8941,1D-U-Z1.tif,0.842,3.361,0.937,1.224,371,144,77.005,0.918,1.26,0.794,0.909
8942,1D-U-Z1.tif,0.817,3.285,0.951,1.231,642,146,63.435,0.918,1.23,0.813,0.933
8948,1D-U-Z1.tif,0.632,4.234,0.443,1.947,504,143,171.87,0.367,5.275,0.19,0.926
8950,1D-U-Z1.tif,0.615,2.864,0.942,0.993,618,159,33.69,0.903,1.095,0.913,0.896
8951,1D-U-Z1.tif,0.766,4.605,0.454,1.985,833,150,123.69,0.685,3.612,0.277,0.719
8955,1D-U-Z1.tif,0.834,3.545,0.834,1.48,311,178,82.875,0.734,1.878,0.532,0.917
8957,1D-U-Z1.tif,0.564,3.079,0.748,1.278,923,162,111.038,0.623,2.187,0.457,0.882
8958,1D-U-Z1.tif,0.665,3.079,0.882,1.193,604,166,112.62,0.734,1.606,0.623,0.924
8964,1D-U-Z1.tif,0.96,3.751,0.858,1.401,660,172,121.608,1.026,1.429,0.7,0.894
8966,1D-U-Z1.tif,0.556,2.994,0.779,1.046,774,174,105.255,0.826,1.404,0.712,0.857
8971,1D-U-Z1.tif,0.901,4.216,0.637,1.654,709,199,70.56,0.967,1.686,0.593,0.814
8972,1D-U-Z1.tif,0.893,5.317,0.397,1.654,601,202,70.56,1.087,1.767,0.566,0.62
8974,1D-U-Z1.tif,0.91,3.545,0.91,1.355,444,195,118.301,0.985,1.379,0.725,0.915
8978,1D-U-Z1.tif,0.943,4.27,0.65,1.685,933,208,150.642,1.003,1.711,0.585,0.818
8979,1D-U-Z1.tif,0.952,4.257,0.66,1.782,776,225,78.111,0.734,2.512,0.398,0.879
8981,1D-U-Z1.tif,0.817,3.415,0.88,1.336,724,208,105.945,0.826,1.587,0.63,0.915
8982,1D-U-Z1.tif,0.657,2.972,0.935,1.15,400,220,61.39,0.826,1.366,0.732,0.929
8986,1D-U-Z1.tif,0.733,3.048,0.991,1.074,462,211,109.983,0.918,1.089,0.918,0.921
8987,1D-U-Z1.tif,0.8,3.491,0.825,1.377,583,212,126.87,0.862,1.663,0.601,0.876
8989,1D-U-Z1.tif,0.884,3.415,0.953,1.197,496,217,122.471,1.009,1.109,0.901,0.921
8990,1D-U-Z1.tif,0.884,3.361,0.984,1.248,286,231,72.897,0.918,1.262,0.792,0.933
8991,1D-U-Z1.tif,0.985,3.728,0.891,1.404,414,220,101.31,0.918,1.445,0.692,0.921
8995,1D-U-Z1.tif,0.876,3.415,0.944,1.248,462,231,126.027,0.918,1.257,0.795,0.929
8999,1D-U-Z1.tif,0.783,3.437,0.833,1.278,409,256,68.962,0.9,1.403,0.713,0.894
9001,1D-U-Z1.tif,0.632,2.972,0.899,1.161,474,257,71.565,0.734,1.574,0.635,0.915
9003,1D-U-Z1.tif,0.817,3.307,0.938,1.207,277,255,98.746,0.918,1.248,0.801,0.907
9004,1D-U-Z1.tif,0.606,3.102,0.792,1.224,345,260,12.995,0.725,1.783,0.561,0.883
9006,1D-U-Z1.tif,0.968,3.599,0.94,1.401,641,259,121.608,1.009,1.349,0.741,0.935
9009,1D-U-Z1.tif,0.699,2.972,0.995,1.07,319,275,59.036,0.918,1.047,0.955,0.938
9012,1D-U-Z1.tif,0.556,3.276,0.651,1.364,511,279,42.274,0.687,2.37,0.422,0.781
9015,1D-U-Z1.tif,0.531,3.124,0.683,1.355,532,271,118.301,0.534,2.721,0.367,0.857
9016,1D-U-Z1.tif,0.623,3.567,0.615,1.314,489,276,167.905,0.77,1.987,0.503,0.736
9017,1D-U-Z1.tif,0.901,3.415,0.971,1.248,758,284,53.973,1.009,1.182,0.846,0.93
9018,1D-U-Z1.tif,0.808,5.438,0.344,1.675,503,301,80.538,1.179,1.713,0.584,0.566
9020,1D-U-Z1.tif,0.64,3.491,0.66,1.436,941,286,116.565,0.698,2.109,0.474,0.835
9022,1D-U-Z1.tif,0.598,2.972,0.851,1.135,385,290,104.036,0.734,1.612,0.62,0.882
9023,1D-U-Z1.tif,0.589,2.757,0.975,1.07,570,291,120.964,0.779,1.41,0.709,0.903
9025,1D-U-Z1.tif,0.505,2.994,0.708,1.275,398,302,30.256,0.616,2.302,0.434,0.822
9026,1D-U-Z1.tif,0.648,2.864,0.993,1.074,560,296,109.983,0.826,1.194,0.838,0.917
9027,1D-U-Z1.tif,0.691,3.155,0.872,1.175,527,300,141.34,0.9,1.277,0.783,0.911
9029,1D-U-Z1.tif,0.539,3.513,0.549,1.355,749,303,151.699,0.714,2.24,0.447,0.681
9037,1D-U-Z1.tif,0.707,3.209,0.863,1.278,611,328,68.962,0.734,1.718,0.582,0.928
9038,1D-U-Z1.tif,0.623,2.833,0.976,1.046,279,316,105.255,0.903,1.121,0.892,0.892
9040,1D-U-Z1.tif,0.522,2.551,1,0.958,712,318,106.699,0.734,1.243,0.805,0.912
9042,1D-U-Z1.tif,0.977,4.453,0.619,1.364,538,324,109.654,1.132,1.105,0.905,0.811
9043,1D-U-Z1.tif,0.96,6.732,0.266,2.062,813,330,122.276,1.235,1.741,0.574,0.533
9044,1D-U-Z1.tif,0.564,2.963,0.808,1.197,583,331,122.471,0.714,1.984,0.504,0.838
9046,1D-U-Z1.tif,0.876,3.469,0.915,1.248,421,344,36.027,1.009,1.134,0.882,0.916
9047,1D-U-Z1.tif,0.884,3.469,0.924,1.278,552,335,111.038,0.918,1.347,0.742,0.925
9049,1D-U-Z1.tif,0.943,3.675,0.878,1.425,563,351,75.069,0.918,1.557,0.642,0.903
9050,1D-U-Z1.tif,0.783,4.377,0.514,1.48,781,351,60.255,1.103,1.387,0.721,0.702
9051,1D-U-Z1.tif,0.505,2.811,0.804,1.046,851,348,74.745,0.687,1.636,0.611,0.833
9055,1D-U-Z1.tif,0.926,3.491,0.955,1.248,407,355,162.897,1.009,1.199,0.834,0.921
9056,1D-U-Z1.tif,0.825,3.728,0.746,1.336,753,365,74.055,0.987,1.326,0.754,0.834
9057,1D-U-Z1.tif,0.514,2.842,0.799,1.175,632,352,128.66,0.725,1.767,0.566,0.871
9058,1D-U-Z1.tif,0.91,3.545,0.91,1.314,304,367,65.225,0.985,1.343,0.744,0.919
9060,1D-U-Z1.tif,0.514,2.605,0.951,0.988,386,367,68.199,0.734,1.296,0.772,0.904
9061,1D-U-Z1.tif,0.8,3.231,0.963,1.161,582,357,108.435,0.918,1.149,0.87,0.922
9062,1D-U-Z1.tif,0.707,3.102,0.924,1.135,500,360,104.036,0.826,1.311,0.763,0.913
9069,1D-U-Z1.tif,0.968,4.722,0.546,1.845,482,380,95.711,0.826,2.27,0.441,0.785
9071,1D-U-Z1.tif,0.817,5.308,0.364,1.425,443,391,165.069,1.149,1.245,0.803,0.658
9073,1D-U-Z1.tif,0.589,2.842,0.917,1.109,341,402,65.556,0.734,1.431,0.699,0.915
9081,1D-U-Z1.tif,0.623,2.972,0.887,1.161,769,415,71.565,0.734,1.529,0.654,0.914
9085,1D-U-Z1.tif,0.581,2.842,0.904,1.135,789,419,75.964,0.642,1.639,0.61,0.926
9086,1D-U-Z1.tif,0.884,4.01,0.691,1.568,553,408,110.556,0.985,1.541,0.649,0.847
9087,1D-U-Z1.tif,0.657,2.918,0.969,1.074,620,408,109.983,0.826,1.244,0.804,0.923
9088,1D-U-Z1.tif,0.691,3.048,0.934,1.197,387,416,122.471,0.903,1.344,0.744,0.901
9089,1D-U-Z1.tif,0.573,2.887,0.864,1.026,460,427,79.695,0.821,1.24,0.806,0.866
9090,1D-U-Z1.tif,0.699,4.27,0.482,1.687,776,416,112.38,0.754,2.432,0.411,0.725
9091,1D-U-Z1.tif,0.691,3.178,0.859,1.231,269,431,63.435,0.862,1.471,0.68,0.896
9092,1D-U-Z1.tif,0.556,3.522,0.563,1.568,562,426,20.556,0.579,3.222,0.31,0.815
9095,1D-U-Z1.tif,0.564,3.092,0.741,1.231,374,437,63.435,0.714,2.048,0.488,0.812
9096,1D-U-Z1.tif,0.674,3.016,0.93,1.135,444,435,14.036,0.908,1.191,0.84,0.879
9098,1D-U-Z1.tif,0.918,3.469,0.959,1.235,642,435,131.987,1.009,1.094,0.914,0.928
9099,1D-U-Z1.tif,0.901,5.102,0.435,1.336,454,440,164.055,1.168,1.214,0.824,0.74
9103,1D-U-Z1.tif,0.733,3.102,0.957,1.161,295,459,71.565,0.826,1.329,0.753,0.921
9106,1D-U-Z1.tif,0.691,3.048,0.934,1.135,661,465,75.964,0.826,1.275,0.784,0.911
9109,1D-U-Z1.tif,0.733,3.124,0.943,1.161,676,470,71.565,0.9,1.274,0.785,0.897
9112,1D-U-Z1.tif,0.514,2.659,0.913,1.046,756,474,74.745,0.642,1.469,0.681,0.917
9114,1D-U-Z1.tif,0.808,4.722,0.456,1.936,780,477,5.44,0.859,2.694,0.371,0.714
9119,1D-U-Z1.tif,0.758,3.231,0.912,1.224,779,482,102.995,0.826,1.437,0.696,0.918
9121,1D-U-Z1.tif,0.606,2.864,0.929,1.12,371,494,55.008,0.78,1.448,0.691,0.9
9122,1D-U-Z1.tif,0.64,2.864,0.98,1.074,286,486,109.983,0.826,1.246,0.803,0.91
9123,1D-U-Z1.tif,0.556,2.735,0.934,0.958,496,492,16.699,0.826,1.094,0.914,0.892
9125,1D-U-Z1.tif,0.926,3.912,0.761,1.654,434,489,160.56,0.813,2.243,0.446,0.909
9127,1D-U-Z1.tif,0.505,2.583,0.952,0.976,804,498,41.186,0.734,1.206,0.829,0.923
9131,1D-U-Z1.tif,0.674,3.07,0.898,1.161,649,508,18.435,0.862,1.402,0.713,0.879
9137,1D-U-Z1.tif,0.514,3.536,0.516,1.692,849,511,130.601,0.454,4.272,0.234,0.803
9138,1D-U-Z1.tif,0.699,4.552,0.424,1.314,458,526,65.225,1.077,1.346,0.743,0.664
9140,1D-U-Z1.tif,0.758,3.231,0.912,1.161,278,525,71.565,0.918,1.227,0.815,0.909
9141,1D-U-Z1.tif,0.926,3.469,0.967,1.278,342,532,68.962,0.918,1.297,0.771,0.94
9142,1D-U-Z1.tif,0.766,3.437,0.815,1.436,464,536,63.435,0.814,1.861,0.537,0.901
9145,1D-U-Z1.tif,0.96,4.042,0.739,1.603,738,530,103.241,0.882,1.87,0.535,0.857
9147,1D-U-Z1.tif,0.952,3.966,0.76,1.584,241,532,100.008,0.826,1.814,0.551,0.897
9148,1D-U-Z1.tif,0.851,3.307,0.977,1.224,366,535,102.995,0.918,1.233,0.811,0.922
9150,1D-U-Z1.tif,0.623,2.864,0.954,0.993,674,545,56.31,0.903,1.076,0.929,0.902
9152,1D-U-Z1.tif,0.775,3.437,0.824,1.377,449,550,53.13,0.82,1.755,0.57,0.885
9153,1D-U-Z1.tif,0.968,3.675,0.901,1.336,694,540,105.945,1.009,1.335,0.749,0.902
9155,1D-U-Z1.tif,0.682,4.216,0.482,1.451,386,553,34.695,0.996,1.794,0.557,0.645
9159,1D-U-Z1.tif,0.724,4.583,0.433,1.364,725,573,19.654,0.995,1.495,0.669,0.672
9162,1D-U-Z1.tif,0.985,3.652,0.928,1.364,248,571,109.654,0.918,1.39,0.72,0.936
9163,1D-U-Z1.tif,0.539,2.659,0.958,1.026,297,582,63.435,0.734,1.355,0.738,0.921
9164,1D-U-Z1.tif,0.733,3.155,0.925,1.175,437,573,128.66,0.918,1.13,0.885,0.916
9166,1D-U-Z1.tif,0.699,3.026,0.959,1.109,606,586,65.556,0.826,1.229,0.814,0.933
9167,1D-U-Z1.tif,0.867,5.491,0.361,2.052,932,576,116.565,0.962,2.342,0.427,0.648
9173,1D-U-Z1.tif,0.851,3.415,0.917,1.248,437,588,107.103,0.918,1.334,0.75,0.918
9175,1D-U-Z1.tif,0.514,2.583,0.968,1.046,602,593,127.875,0.734,1.345,0.743,0.946
9178,1D-U-Z1.tif,0.682,2.994,0.956,1.116,350,611,80.538,0.826,1.213,0.824,0.905
9182,1D-U-Z1.tif,0.606,2.864,0.929,1.135,732,621,75.964,0.734,1.435,0.697,0.9
9184,1D-U-Z1.tif,0.783,3.254,0.93,1.231,634,618,116.565,0.908,1.347,0.742,0.916
9187,1D-U-Z1.tif,0.884,3.415,0.953,1.197,375,623,122.471,1.009,1.125,0.889,0.929
9188,1D-U-Z1.tif,0.884,3.643,0.837,1.401,591,637,58.392,0.956,1.529,0.654,0.886
9189,1D-U-Z1.tif,0.792,3.33,0.897,1.135,395,628,104.036,1.009,1.092,0.916,0.895
9191,1D-U-Z1.tif,0.977,3.643,0.925,1.336,749,644,74.055,1.038,1.23,0.813,0.906
9192,1D-U-Z1.tif,0.758,3.102,0.99,1.15,469,642,61.39,0.918,1.174,0.852,0.938
9199,1D-U-Z1.tif,0.615,2.788,0.994,1.046,578,649,127.875,0.826,1.185,0.844,0.924
9203,1D-U-Z1.tif,0.505,2.605,0.936,0.976,336,664,48.814,0.734,1.278,0.783,0.889
9205,1D-U-Z1.tif,0.547,2.659,0.973,0.958,712,662,106.699,0.734,1.195,0.837,0.922
9209,1D-U-Z1.tif,0.657,3.773,0.58,1.377,789,667,126.87,0.785,1.959,0.51,0.776
9210,1D-U-Z1.tif,0.632,3.934,0.513,1.425,733,669,104.931,0.8,2.133,0.469,0.694
9213,1D-U-Z1.tif,0.733,3.2,0.899,1.197,407,680,32.471,0.908,1.352,0.74,0.879
9215,1D-U-Z1.tif,0.901,3.621,0.864,1.404,284,675,101.31,0.918,1.562,0.64,0.903
9218,1D-U-Z1.tif,0.733,3.285,0.853,1.336,297,679,105.945,0.734,1.839,0.544,0.926
9220,1D-U-Z1.tif,0.648,2.918,0.957,1.074,539,692,70.017,0.826,1.258,0.795,0.911
9223,1D-U-Z1.tif,0.606,2.842,0.943,1.046,343,686,127.875,0.826,1.199,0.834,0.929
9224,1D-U-Z1.tif,0.699,3.934,0.568,1.398,930,690,156.801,0.985,1.403,0.713,0.779
9225,1D-U-Z1.tif,0.867,3.491,0.894,1.278,337,692,111.038,0.985,1.31,0.764,0.907
9227,1D-U-Z1.tif,0.893,3.415,0.962,1.231,363,694,116.565,1.009,1.114,0.897,0.926
9229,1D-U-Z1.tif,0.842,3.361,0.937,1.248,555,711,72.897,0.918,1.322,0.757,0.913
9232,1D-U-Z1.tif,0.851,4.323,0.572,1.364,630,711,137.726,1.055,1.413,0.708,0.743
9233,1D-U-Z1.tif,0.716,2.994,1,1.074,383,724,70.017,0.918,1.098,0.911,0.919
9341,2D-C-Z1.tif,0.657,2.994,0.921,1.109,490,8,155.556,0.918,1.158,0.864,0.891
9343,2D-C-Z1.tif,0.724,5.621,0.288,1.654,661,25,70.56,1.026,1.858,0.538,0.589
9345,2D-C-Z1.tif,0.792,5.782,0.298,2.206,217,23,16.928,0.837,2.72,0.368,0.633
9348,2D-C-Z1.tif,0.598,3.026,0.821,1.231,478,30,63.435,0.711,1.881,0.532,0.904
9350,2D-C-Z1.tif,0.64,3.254,0.76,1.224,738,19,102.995,0.817,1.566,0.639,0.822
9353,2D-C-Z1.tif,0.901,3.491,0.929,1.336,677,22,105.945,0.918,1.433,0.698,0.918
9354,2D-C-Z1.tif,0.514,3.979,0.408,1.505,563,24,127.569,0.661,2.764,0.362,0.649
9356,2D-C-Z1.tif,0.606,3.567,0.599,1.579,126,42,54.462,0.662,2.813,0.355,0.796
9360,2D-C-Z1.tif,0.665,3.016,0.919,1.046,450,40,15.255,0.918,1.088,0.92,0.888
9361,2D-C-Z1.tif,0.699,5.156,0.33,1.858,467,54,69.775,0.73,3.669,0.273,0.622
9365,2D-C-Z1.tif,0.674,2.994,0.944,1.046,395,51,74.745,0.903,1.142,0.875,0.894
9366,2D-C-Z1.tif,0.522,2.918,0.771,1.161,529,53,71.565,0.679,1.724,0.58,0.849
9367,2D-C-Z1.tif,0.859,3.621,0.823,1.364,667,41,109.654,0.918,1.514,0.66,0.887
9368,2D-C-Z1.tif,0.564,3.178,0.702,1.323,208,43,146.31,0.704,2.255,0.444,0.788
9370,2D-C-Z1.tif,0.968,5.102,0.468,1.765,155,54,27.897,0.926,1.965,0.509,0.742
9376,2D-C-Z1.tif,0.825,3.339,0.93,1.248,257,53,107.103,0.826,1.432,0.698,0.938
9379,2D-C-Z1.tif,0.943,4.118,0.699,1.538,468,58,107.354,0.936,1.872,0.534,0.839
9382,2D-C-Z1.tif,0.707,3.048,0.957,1.116,315,61,99.462,0.826,1.233,0.811,0.913
9383,2D-C-Z1.tif,0.716,4.377,0.469,1.642,263,78,63.435,0.718,2.58,0.388,0.723
9385,2D-C-Z1.tif,0.64,3.124,0.824,1.314,506,75,65.225,0.745,1.89,0.529,0.889
9390,2D-C-Z1.tif,0.783,3.37,0.866,1.275,386,69,120.256,0.826,1.422,0.703,0.939
9392,2D-C-Z1.tif,0.514,2.735,0.863,1.07,748,72,149.036,0.755,1.441,0.694,0.871
9395,2D-C-Z1.tif,0.665,3.263,0.785,1.336,427,88,74.055,0.642,2.053,0.487,0.908
9398,2D-C-Z1.tif,0.674,4.171,0.487,1.654,238,79,123.69,0.803,2.236,0.447,0.717
9399,2D-C-Z1.tif,0.657,2.972,0.935,1.109,302,79,114.444,0.826,1.319,0.758,0.918
9400,2D-C-Z1.tif,0.665,2.994,0.933,1.105,497,89,48.366,0.862,1.281,0.78,0.893
9401,2D-C-Z1.tif,0.884,3.491,0.912,1.314,359,80,102.095,0.918,1.384,0.723,0.905
9406,2D-C-Z1.tif,0.893,4.95,0.458,2.119,762,109,72.35,0.634,4.24,0.236,0.754
9407,2D-C-Z1.tif,0.556,2.735,0.934,0.988,607,89,111.801,0.826,1.174,0.852,0.886
9408,2D-C-Z1.tif,0.867,3.46,0.911,1.278,451,95,158.962,0.973,1.347,0.743,0.892
9410,2D-C-Z1.tif,0.733,3.187,0.907,1.175,496,103,38.66,0.826,1.217,0.821,0.946
9411,2D-C-Z1.tif,0.859,3.383,0.943,1.248,600,100,107.103,1.009,1.19,0.84,0.903
9414,2D-C-Z1.tif,0.505,2.551,0.976,0.945,647,112,29.055,0.821,1.094,0.914,0.896
9416,2D-C-Z1.tif,0.994,3.827,0.853,1.494,255,122,79.38,1.009,1.398,0.715,0.901
9417,2D-C-Z1.tif,0.792,3.339,0.892,1.224,392,107,102.995,0.826,1.375,0.727,0.926
9422,2D-C-Z1.tif,0.918,4.614,0.542,1.81,720,132,59.534,0.868,2.27,0.441,0.801
9424,2D-C-Z1.tif,0.792,4.475,0.497,1.563,185,119,130.236,0.903,1.992,0.502,0.707
9427,2D-C-Z1.tif,0.893,3.491,0.92,1.336,591,124,105.945,0.918,1.392,0.719,0.914
9429,2D-C-Z1.tif,0.699,3.048,0.946,1.116,445,126,99.462,0.826,1.244,0.804,0.917
9433,2D-C-Z1.tif,0.792,5.362,0.346,1.97,748,152,62.241,0.918,2.654,0.377,0.61
9437,2D-C-Z1.tif,0.648,2.994,0.909,1.074,434,138,109.983,0.886,1.244,0.804,0.89
9438,2D-C-Z1.tif,0.817,3.33,0.926,1.275,648,138,120.256,0.908,1.465,0.683,0.902
9441,2D-C-Z1.tif,0.665,3.482,0.69,1.278,216,158,68.962,0.908,1.488,0.672,0.794
9443,2D-C-Z1.tif,0.724,3.2,0.889,1.135,681,145,104.036,1.008,1.196,0.836,0.86
9444,2D-C-Z1.tif,0.531,2.82,0.838,1.161,498,159,71.565,0.551,2.022,0.495,0.94
9445,2D-C-Z1.tif,0.589,2.788,0.953,0.993,301,161,56.31,0.826,1.096,0.913,0.909
9446,2D-C-Z1.tif,0.91,3.697,0.836,1.314,590,166,77.905,1.091,1.177,0.85,0.871
9448,2D-C-Z1.tif,0.556,2.766,0.913,1.109,363,164,65.556,0.642,1.637,0.611,0.943
9455,2D-C-Z1.tif,0.674,4.498,0.418,1.624,181,162,132.709,0.863,1.962,0.51,0.681
9456,2D-C-Z1.tif,0.766,5.371,0.334,1.828,401,169,107.526,1.101,1.646,0.608,0.558
9459,2D-C-Z1.tif,0.792,3.361,0.88,1.336,701,171,105.945,0.826,1.613,0.62,0.904
9460,2D-C-Z1.tif,0.573,2.994,0.803,1.046,525,172,105.255,0.826,1.226,0.816,0.866
9466,2D-C-Z1.tif,0.952,3.599,0.923,1.355,507,179,118.301,1.009,1.213,0.825,0.93
9468,2D-C-Z1.tif,0.522,2.605,0.967,0.918,664,186,126.87,0.826,1.082,0.924,0.905
9476,2D-C-Z1.tif,0.505,2.627,0.92,0.958,722,205,163.301,0.779,1.114,0.898,0.87
9477,2D-C-Z1.tif,0.977,3.675,0.909,1.364,482,207,109.654,1.009,1.284,0.779,0.906
9480,2D-C-Z1.tif,0.598,3.383,0.656,1.428,613,230,45,0.714,2.158,0.463,0.83
9481,2D-C-Z1.tif,0.547,2.788,0.885,1.12,345,230,55.008,0.698,1.654,0.605,0.909
9489,2D-C-Z1.tif,0.623,3.804,0.541,1.494,580,236,10.62,0.642,2.626,0.381,0.818
9490,2D-C-Z1.tif,0.716,3.026,0.983,1.109,457,244,65.556,0.826,1.203,0.831,0.944
9494,2D-C-Z1.tif,0.522,2.864,0.8,1.193,624,242,112.62,0.657,1.885,0.531,0.873
9495,2D-C-Z1.tif,0.825,3.361,0.918,1.323,381,244,123.69,0.973,1.381,0.724,0.912
9498,2D-C-Z1.tif,0.91,4.27,0.627,1.377,444,265,36.87,1.061,1.32,0.757,0.803
9503,2D-C-Z1.tif,0.581,3.124,0.748,1.193,706,260,112.62,0.734,1.57,0.637,0.863
9505,2D-C-Z1.tif,0.674,3.026,0.925,1.168,380,271,45,0.908,1.169,0.856,0.925
9507,2D-C-Z1.tif,0.539,2.918,0.795,1.105,542,274,48.366,0.813,1.206,0.829,0.877
9508,2D-C-Z1.tif,0.564,2.94,0.82,1.07,683,269,149.036,0.826,1.204,0.83,0.865
9512,2D-C-Z1.tif,0.547,2.94,0.796,1.116,661,275,99.462,0.734,1.356,0.737,0.867
9513,2D-C-Z1.tif,0.522,4.042,0.402,1.505,244,276,127.569,0.814,2.19,0.457,0.608
9524,2D-C-Z1.tif,0.792,3.178,0.985,1.109,468,294,155.556,1.009,1.02,0.98,0.926
9525,2D-C-Z1.tif,0.716,4.605,0.424,1.822,736,307,49.086,0.788,3.168,0.316,0.659
9533,2D-C-Z1.tif,0.876,5.729,0.335,2.21,704,304,175.236,0.863,2.98,0.336,0.648
9534,2D-C-Z1.tif,0.699,3.621,0.67,1.401,453,305,148.392,0.842,1.858,0.538,0.802
9536,2D-C-Z1.tif,0.741,3.751,0.662,1.505,622,306,127.569,0.886,1.777,0.563,0.826
9537,2D-C-Z1.tif,0.564,2.864,0.864,1.135,246,309,104.036,0.734,1.408,0.71,0.87
9541,2D-C-Z1.tif,0.648,3.026,0.89,1.197,676,316,122.471,0.734,1.481,0.675,0.917
9544,2D-C-Z1.tif,0.935,3.621,0.896,1.278,354,332,21.038,1.101,1.085,0.922,0.895
9545,2D-C-Z1.tif,0.851,4.529,0.521,1.782,158,330,11.889,0.734,2.744,0.364,0.771
9548,2D-C-Z1.tif,0.943,3.621,0.904,1.336,614,331,105.945,1.009,1.312,0.762,0.911
9553,2D-C-Z1.tif,0.8,3.361,0.89,1.224,487,337,102.995,0.918,1.357,0.737,0.9
9554,2D-C-Z1.tif,0.623,3.07,0.831,1.248,455,338,126.027,0.771,1.823,0.549,0.871
9555,2D-C-Z1.tif,0.994,3.697,0.914,1.336,442,339,105.945,1.094,1.209,0.827,0.904
9557,2D-C-Z1.tif,0.699,3.697,0.643,1.275,296,352,59.744,1.024,1.3,0.769,0.79
9565,2D-C-Z1.tif,0.749,3.339,0.845,1.235,386,370,48.013,0.918,1.116,0.896,0.894
9573,2D-C-Z1.tif,0.648,3.124,0.835,1.135,304,373,104.036,0.826,1.459,0.685,0.86
9574,2D-C-Z1.tif,0.556,2.994,0.779,1.109,271,386,65.556,0.734,1.392,0.719,0.868
9576,2D-C-Z1.tif,0.952,4.485,0.595,1.89,626,397,60.945,0.908,2.178,0.459,0.81
9577,2D-C-Z1.tif,0.792,4.583,0.474,1.494,521,401,47.49,1.018,1.649,0.606,0.689
9581,2D-C-Z1.tif,0.691,3.178,0.859,1.278,248,395,111.038,0.734,1.598,0.626,0.916
9582,2D-C-Z1.tif,0.682,5.675,0.266,2.34,203,398,154.44,0.692,4.544,0.22,0.544
9583,2D-C-Z1.tif,0.707,3.124,0.911,1.193,739,397,112.62,0.918,1.311,0.763,0.884
9584,2D-C-Z1.tif,0.665,3.621,0.638,1.15,291,398,118.61,0.913,1.254,0.798,0.849
9587,2D-C-Z1.tif,0.834,3.88,0.696,1.48,673,404,119.745,0.908,1.503,0.665,0.857
9588,2D-C-Z1.tif,0.893,4.507,0.552,1.642,309,408,153.435,0.966,1.762,0.568,0.746
9591,2D-C-Z1.tif,0.657,2.994,0.921,1.074,394,411,109.983,0.903,1.193,0.838,0.891
9593,2D-C-Z1.tif,0.632,3.124,0.813,1.304,308,417,140.711,0.738,1.94,0.515,0.872
9594,2D-C-Z1.tif,0.783,3.285,0.912,1.278,283,417,111.038,0.826,1.447,0.691,0.925
9595,2D-C-Z1.tif,0.564,2.811,0.898,0.976,356,426,41.186,0.862,1.101,0.908,0.865
9596,2D-C-Z1.tif,0.581,2.864,0.89,1.074,568,430,70.017,0.826,1.324,0.755,0.879
9597,2D-C-Z1.tif,0.766,3.307,0.88,1.248,428,434,72.897,0.862,1.44,0.694,0.897
9598,2D-C-Z1.tif,0.952,3.858,0.803,1.483,490,436,68.199,0.862,1.791,0.558,0.9
9599,2D-C-Z1.tif,0.994,3.782,0.873,1.451,380,422,124.695,1.034,1.352,0.74,0.901
9602,2D-C-Z1.tif,0.985,4.919,0.512,1.527,458,427,122.735,1.018,1.647,0.607,0.76
9605,2D-C-Z1.tif,0.589,3.254,0.7,1.105,406,439,41.634,0.826,1.312,0.762,0.809
9622,2D-C-Z1.tif,0.573,2.842,0.891,1.12,271,480,55.008,0.78,1.402,0.713,0.907
9629,2D-C-Z1.tif,0.648,5.859,0.237,1.981,753,479,103.392,0.868,3.101,0.322,0.542
9630,2D-C-Z1.tif,0.598,2.864,0.916,1.074,506,483,160.017,0.826,1.246,0.802,0.887
9634,2D-C-Z1.tif,0.867,3.415,0.935,1.248,662,488,107.103,0.918,1.283,0.779,0.928
9635,2D-C-Z1.tif,0.952,3.912,0.781,1.401,344,502,58.392,1.009,1.366,0.732,0.873
9637,2D-C-Z1.tif,0.657,3.383,0.721,1.235,639,491,138.013,0.908,1.48,0.676,0.812
9639,2D-C-Z1.tif,0.91,3.491,0.938,1.248,605,507,72.897,1.009,1.222,0.818,0.919
9640,2D-C-Z1.tif,0.699,4.507,0.432,1.977,213,497,158.199,0.596,4.096,0.244,0.751
9643,2D-C-Z1.tif,0.581,2.788,0.939,1.109,739,499,114.444,0.734,1.419,0.705,0.914
9647,2D-C-Z1.tif,0.851,3.773,0.751,1.425,273,516,14.931,1.009,1.43,0.699,0.835
9648,2D-C-Z1.tif,0.564,2.918,0.833,1.175,527,517,51.34,0.696,1.783,0.561,0.882
9651,2D-C-Z1.tif,0.522,2.82,0.825,1.161,606,511,108.435,0.551,1.989,0.503,0.932
9653,2D-C-Z1.tif,0.859,5.944,0.306,1.822,392,513,130.914,1.108,1.612,0.62,0.614
9656,2D-C-Z1.tif,0.522,5.232,0.24,1.626,198,523,163.61,0.734,2.544,0.393,0.571
9658,2D-C-Z1.tif,0.758,3.124,0.976,1.161,586,522,108.435,0.918,1.24,0.806,0.909
9661,2D-C-Z1.tif,0.926,5.371,0.404,1.808,301,534,156.038,1.193,1.724,0.58,0.653
9662,2D-C-Z1.tif,0.783,4.27,0.54,1.692,683,536,12.529,0.918,2.099,0.476,0.732
9664,2D-C-Z1.tif,0.926,3.697,0.852,1.404,668,553,78.69,0.954,1.51,0.662,0.884
9665,2D-C-Z1.tif,0.514,3.361,0.571,1.398,264,545,23.199,0.642,2.504,0.399,0.787
9671,2D-C-Z1.tif,0.564,3.719,0.513,1.401,178,556,58.392,0.717,2.251,0.444,0.72
9678,2D-C-Z1.tif,0.775,3.33,0.878,1.314,710,553,102.095,0.918,1.517,0.659,0.876
9680,2D-C-Z1.tif,0.606,2.972,0.863,1.15,400,566,61.39,0.779,1.512,0.661,0.889
9681,2D-C-Z1.tif,0.935,3.643,0.885,1.436,495,557,116.565,0.946,1.547,0.646,0.902
9682,2D-C-Z1.tif,0.859,3.697,0.79,1.304,375,568,39.289,0.985,1.323,0.756,0.846
9687,2D-C-Z1.tif,0.581,2.918,0.857,1.074,670,578,70.017,0.801,1.432,0.699,0.868
9690,2D-C-Z1.tif,0.825,4.368,0.544,1.707,143,575,143.746,0.908,1.861,0.537,0.748
9691,2D-C-Z1.tif,0.808,4.171,0.584,1.808,169,576,156.038,0.826,2.385,0.419,0.814
9694,2D-C-Z1.tif,0.817,3.307,0.938,1.248,696,580,107.103,0.918,1.264,0.791,0.907
9697,2D-C-Z1.tif,0.91,3.513,0.926,1.364,635,583,109.654,1.009,1.34,0.746,0.904
9700,2D-C-Z1.tif,0.648,2.918,0.957,1.074,479,587,109.983,0.826,1.269,0.788,0.911
9701,2D-C-Z1.tif,0.606,2.842,0.943,1.046,309,597,52.125,0.826,1.175,0.851,0.917
9703,2D-C-Z1.tif,0.893,3.675,0.831,1.377,583,589,126.87,0.953,1.569,0.637,0.895
9706,2D-C-Z1.tif,0.522,3.124,0.672,1.248,354,608,53.973,0.714,1.901,0.526,0.81
9707,2D-C-Z1.tif,0.808,3.437,0.86,1.336,603,612,74.055,0.9,1.518,0.659,0.889
9708,2D-C-Z1.tif,0.968,3.675,0.901,1.323,311,611,33.69,1.067,1.256,0.796,0.909
9709,2D-C-Z1.tif,0.817,3.545,0.817,1.323,440,601,123.69,0.937,1.526,0.655,0.862
9711,2D-C-Z1.tif,0.733,3.415,0.789,1.398,567,616,66.801,0.78,1.908,0.524,0.892
9716,2D-C-Z1.tif,0.556,3.124,0.716,1.193,823,618,22.62,0.826,1.356,0.737,0.825
9719,2D-C-Z1.tif,0.514,3.956,0.412,1.731,564,630,32.005,0.593,3.499,0.286,0.656
9722,2D-C-Z1.tif,0.581,2.811,0.924,1.07,409,629,149.036,0.779,1.357,0.737,0.896
9725,2D-C-Z1.tif,0.766,3.903,0.632,1.377,719,640,36.87,0.908,1.726,0.579,0.816
9727,2D-C-Z1.tif,0.674,3.048,0.911,1.161,506,644,71.565,0.826,1.451,0.689,0.894
9728,2D-C-Z1.tif,0.581,3.07,0.775,1.109,311,634,114.444,0.881,1.205,0.83,0.789
9733,2D-C-Z1.tif,0.851,4.194,0.608,1.654,627,658,70.56,0.856,1.797,0.557,0.811
9734,2D-C-Z1.tif,0.682,3.102,0.891,1.15,616,642,118.61,0.826,1.281,0.78,0.905
9736,2D-C-Z1.tif,0.539,2.659,0.958,1.07,305,644,120.964,0.734,1.487,0.673,0.928
9738,2D-C-Z1.tif,0.665,5.545,0.272,1.936,242,650,5.44,0.846,2.994,0.334,0.513
9740,2D-C-Z1.tif,0.564,2.788,0.912,1.074,459,647,109.983,0.734,1.443,0.693,0.899
9741,2D-C-Z1.tif,0.648,4.972,0.33,1.835,694,663,53.13,0.857,2.897,0.345,0.564
9747,2D-C-Z1.tif,0.505,2.605,0.936,1.12,306,661,124.992,0.714,1.603,0.624,0.916
9749,2D-C-Z1.tif,0.674,4.301,0.458,1.741,461,670,18.435,0.63,3.338,0.3,0.748
9755,2D-C-Z1.tif,0.716,3.155,0.903,1.193,272,669,112.62,0.826,1.396,0.716,0.919
9756,2D-C-Z1.tif,0.859,4.118,0.637,1.527,194,670,122.735,1.025,1.671,0.599,0.8
9759,2D-C-Z1.tif,0.556,4.453,0.352,1.433,708,685,50.194,0.953,2.005,0.499,0.567
9760,2D-C-Z1.tif,0.539,3.048,0.729,1.175,672,683,51.34,0.739,1.638,0.611,0.831
9765,2D-C-Z1.tif,0.851,3.415,0.917,1.248,674,687,107.103,0.918,1.357,0.737,0.918
9766,2D-C-Z1.tif,0.665,3.285,0.775,1.336,685,702,74.055,0.734,1.656,0.604,0.908
9770,2D-C-Z1.tif,0.775,4.194,0.554,1.568,242,697,159.444,0.905,1.861,0.537,0.783
9773,2D-C-Z1.tif,0.724,3.339,0.816,1.336,393,698,105.945,0.734,1.86,0.538,0.905
9775,2D-C-Z1.tif,0.775,4.529,0.475,1.584,228,718,79.992,0.828,2.134,0.469,0.76
9777,2D-C-Z1.tif,0.884,5.004,0.444,2.257,112,719,26.565,0.696,4.174,0.24,0.789
9913,2D-D-Z1.tif,0.775,3.956,0.622,1.471,652,7,176.424,1.051,1.431,0.699,0.776
9914,2D-D-Z1.tif,0.547,3.675,0.509,1.48,782,4,97.125,0.724,2.159,0.463,0.703
9916,2D-D-Z1.tif,0.665,3.079,0.882,1.12,390,13,34.992,0.826,1.224,0.817,0.919
9918,2D-D-Z1.tif,0.851,5.415,0.364,2.097,621,6,156.801,0.913,3.163,0.316,0.641
9919,2D-D-Z1.tif,0.91,4.247,0.634,1.858,816,25,69.775,0.826,2.288,0.437,0.867
9920,2D-D-Z1.tif,0.589,2.864,0.903,1.046,359,8,105.255,0.826,1.237,0.808,0.886
9921,2D-D-Z1.tif,0.943,3.621,0.904,1.364,275,9,109.654,1.009,1.384,0.722,0.911
9927,2D-D-Z1.tif,0.657,3.858,0.555,1.494,413,27,137.49,0.829,1.841,0.543,0.729
9929,2D-D-Z1.tif,0.741,4.323,0.498,1.772,138,35,21.251,0.716,3.101,0.323,0.727
9931,2D-D-Z1.tif,0.859,3.63,0.819,1.355,660,38,28.301,0.918,1.521,0.658,0.899
9935,2D-D-Z1.tif,0.556,3.102,0.726,1.235,884,42,41.987,0.771,1.926,0.519,0.795
9940,2D-D-Z1.tif,0.792,3.415,0.853,1.248,397,47,36.027,0.928,1.314,0.761,0.887
9944,2D-D-Z1.tif,0.531,2.918,0.783,1.15,893,47,118.61,0.807,1.487,0.673,0.834
9947,2D-D-Z1.tif,0.606,4.032,0.469,1.654,756,64,56.31,0.714,3.071,0.326,0.676
9948,2D-D-Z1.tif,0.859,3.469,0.897,1.314,260,50,102.095,0.826,1.473,0.679,0.927
9950,2D-D-Z1.tif,0.834,3.383,0.915,1.248,290,67,72.897,0.985,1.281,0.781,0.896
9955,2D-D-Z1.tif,0.817,4.95,0.419,1.654,196,72,19.44,1.101,1.558,0.642,0.678
9960,2D-D-Z1.tif,0.859,3.751,0.767,1.56,371,72,118.072,0.818,2.087,0.479,0.883
9968,2D-D-Z1.tif,0.699,3.675,0.651,1.304,901,97,39.289,0.856,1.711,0.584,0.744
9971,2D-D-Z1.tif,0.842,4.086,0.634,1.377,678,94,143.13,1.003,1.465,0.683,0.81
9973,2D-D-Z1.tif,0.859,3.361,0.955,1.224,560,106,102.995,0.918,1.248,0.801,0.919
9974,2D-D-Z1.tif,0.733,3.804,0.636,1.425,695,121,75.069,0.882,1.693,0.591,0.791
9976,2D-D-Z1.tif,0.564,2.735,0.948,0.976,519,107,131.186,0.826,1.118,0.894,0.899
9980,2D-D-Z1.tif,0.573,2.972,0.815,1.193,323,115,112.62,0.734,1.586,0.631,0.883
9981,2D-D-Z1.tif,0.539,3.912,0.443,1.568,886,132,69.444,0.734,2.666,0.375,0.703
9986,2D-D-Z1.tif,0.522,2.811,0.831,0.976,451,122,131.186,0.826,1.083,0.923,0.867
9987,2D-D-Z1.tif,0.674,3.178,0.838,1.224,630,122,102.995,0.826,1.523,0.657,0.874
9991,2D-D-Z1.tif,0.514,2.681,0.898,1.026,538,137,63.435,0.771,1.342,0.745,0.871
9992,2D-D-Z1.tif,0.96,3.599,0.932,1.336,652,141,74.055,0.918,1.359,0.736,0.934
9994,2D-D-Z1.tif,0.589,3.2,0.723,1.197,737,140,32.471,0.862,1.231,0.812,0.809
9995,2D-D-Z1.tif,0.733,4.646,0.427,1.858,162,145,32.905,0.686,3.299,0.303,0.69
10006,2D-D-Z1.tif,0.859,3.393,0.938,1.314,282,147,114.775,0.826,1.449,0.69,0.953
10007,2D-D-Z1.tif,0.96,3.697,0.883,1.364,313,147,109.654,0.985,1.42,0.704,0.905
10010,2D-D-Z1.tif,0.632,2.918,0.932,1.046,517,160,37.875,0.862,1.195,0.837,0.904
10016,2D-D-Z1.tif,0.64,4.637,0.374,1.782,685,157,101.889,0.722,3.257,0.307,0.682
10021,2D-D-Z1.tif,0.505,2.636,0.914,1.026,513,164,116.565,0.642,1.519,0.658,0.938
10023,2D-D-Z1.tif,0.665,2.994,0.933,1.046,355,171,142.125,0.918,1.029,0.972,0.893
10026,2D-D-Z1.tif,0.8,3.231,0.963,1.248,255,180,107.103,0.826,1.384,0.723,0.931
10028,2D-D-Z1.tif,0.977,3.545,0.977,1.235,571,183,131.987,1.101,1.017,0.984,0.932
10030,2D-D-Z1.tif,0.985,4.064,0.75,1.571,392,200,83.29,0.929,1.747,0.572,0.873
10033,2D-D-Z1.tif,0.707,3.254,0.84,1.161,235,186,108.435,0.918,1.205,0.83,0.866
10034,2D-D-Z1.tif,0.842,5.706,0.325,2.352,887,187,110.556,0.732,4.412,0.227,0.637
10035,2D-D-Z1.tif,0.893,4.906,0.466,2.16,622,195,167.735,0.707,3.847,0.26,0.739
10039,2D-D-Z1.tif,0.8,3.545,0.8,1.278,329,210,68.962,1.009,1.178,0.849,0.872
10045,2D-D-Z1.tif,0.615,4.811,0.334,1.654,261,219,70.56,0.872,2.123,0.471,0.591
10046,2D-D-Z1.tif,0.8,5.577,0.323,1.56,589,205,151.928,1.097,1.775,0.563,0.605
10047,2D-D-Z1.tif,0.623,2.788,1,0.993,698,203,123.69,0.826,1.098,0.911,0.937
10048,2D-D-Z1.tif,0.724,3.858,0.611,1.275,678,207,149.744,1.009,1.145,0.873,0.804
10055,2D-D-Z1.tif,0.632,3.728,0.571,1.519,152,227,25.017,0.702,2.358,0.424,0.765
10056,2D-D-Z1.tif,0.792,3.383,0.869,1.207,442,232,81.254,0.929,1.303,0.768,0.87
10060,2D-D-Z1.tif,0.564,2.811,0.898,1.074,735,220,109.983,0.801,1.437,0.696,0.87
10061,2D-D-Z1.tif,0.893,5.469,0.375,1.603,245,238,66.371,1.103,1.505,0.665,0.707
10062,2D-D-Z1.tif,0.918,3.751,0.82,1.425,562,241,75.069,0.905,1.655,0.604,0.893
10064,2D-D-Z1.tif,0.96,3.804,0.834,1.48,284,227,119.745,1.067,1.4,0.715,0.88
10066,2D-D-Z1.tif,0.783,3.307,0.9,1.197,307,228,122.471,0.92,1.325,0.755,0.89
10067,2D-D-Z1.tif,0.547,3.858,0.462,1.404,451,236,11.31,0.734,1.96,0.51,0.703
10074,2D-D-Z1.tif,0.564,2.788,0.912,0.988,709,248,68.199,0.826,1.143,0.875,0.893
10077,2D-D-Z1.tif,0.598,2.864,0.916,1.026,491,249,10.305,0.826,1.083,0.923,0.904
10079,2D-D-Z1.tif,0.943,5.653,0.371,2.368,305,271,54.462,0.944,3.293,0.304,0.665
10080,2D-D-Z1.tif,0.556,3.437,0.591,1.278,620,257,21.038,0.666,2.036,0.491,0.82
10082,2D-D-Z1.tif,0.573,2.887,0.864,1.12,377,254,124.992,0.76,1.619,0.618,0.872
10084,2D-D-Z1.tif,0.901,4.919,0.468,1.579,648,257,125.538,1.09,1.991,0.502,0.699
10091,2D-D-Z1.tif,0.522,5.469,0.219,1.505,251,278,37.569,1.101,1.65,0.606,0.5
10098,2D-D-Z1.tif,0.808,3.903,0.667,1.563,584,274,130.236,0.903,1.914,0.522,0.821
10099,2D-D-Z1.tif,0.775,3.307,0.89,1.197,688,286,57.529,1.002,1.155,0.866,0.876
10103,2D-D-Z1.tif,0.842,5.254,0.383,2.14,126,308,59.036,0.812,3.752,0.267,0.623
10104,2D-D-Z1.tif,0.766,3.361,0.852,1.207,237,289,98.746,0.9,1.358,0.736,0.883
10108,2D-D-Z1.tif,0.514,2.94,0.747,1.135,700,294,104.036,0.769,1.575,0.635,0.803
10110,2D-D-Z1.tif,0.514,2.659,0.913,0.976,424,298,138.814,0.813,1.097,0.912,0.891
10111,2D-D-Z1.tif,0.901,3.469,0.941,1.278,543,300,111.038,0.918,1.353,0.739,0.934
10112,2D-D-Z1.tif,0.775,4.064,0.59,1.505,675,302,127.569,0.875,1.817,0.55,0.797
10119,2D-D-Z1.tif,0.96,6.289,0.305,2.576,906,313,94.086,0.642,4.792,0.209,0.677
10120,2D-D-Z1.tif,0.716,6.691,0.201,2.181,229,325,22.249,0.852,3.368,0.297,0.554
10123,2D-D-Z1.tif,0.623,3.567,0.615,1.323,659,321,146.31,0.916,1.632,0.613,0.744
10124,2D-D-Z1.tif,0.808,3.728,0.731,1.603,399,319,113.629,0.725,2.387,0.419,0.901
10125,2D-D-Z1.tif,0.556,5.048,0.274,1.451,680,328,18.435,0.818,2.21,0.452,0.564
10131,2D-D-Z1.tif,0.598,2.811,0.951,1.026,617,324,116.565,0.9,1.126,0.888,0.887
10133,2D-D-Z1.tif,0.657,4.475,0.412,1.654,647,325,109.44,0.772,2.685,0.372,0.703
10135,2D-D-Z1.tif,0.977,3.675,0.909,1.323,572,340,33.69,1.101,1.102,0.908,0.924
10136,2D-D-Z1.tif,0.615,3.124,0.792,1.12,716,333,145.008,0.908,1.12,0.893,0.844
10139,2D-D-Z1.tif,0.724,3.393,0.791,1.336,44,336,105.945,0.734,1.909,0.524,0.905
10140,2D-D-Z1.tif,0.851,3.751,0.76,1.483,234,336,111.801,0.882,1.716,0.583,0.871
10141,2D-D-Z1.tif,0.657,3.513,0.669,1.483,209,340,111.801,0.739,2.223,0.45,0.834
10144,2D-D-Z1.tif,0.522,3.437,0.555,1.401,647,347,148.392,0.72,2.305,0.434,0.725
10147,2D-D-Z1.tif,0.758,4.27,0.522,1.56,178,354,151.928,1.009,1.67,0.599,0.732
10150,2D-D-Z1.tif,0.514,3.469,0.537,1.48,891,356,97.125,0.459,3.267,0.306,0.853
10157,2D-D-Z1.tif,0.505,3.124,0.651,1.323,493,368,146.31,0.661,2.08,0.481,0.822
10159,2D-D-Z1.tif,0.91,3.567,0.898,1.278,376,371,111.038,1.038,1.241,0.806,0.9
10163,2D-D-Z1.tif,0.632,2.994,0.885,1.193,621,390,67.38,0.78,1.54,0.649,0.898
10164,2D-D-Z1.tif,0.817,3.383,0.897,1.248,598,380,107.103,0.987,1.242,0.805,0.886
10168,2D-D-Z1.tif,0.749,3.33,0.849,1.288,473,385,94.086,0.903,1.394,0.717,0.86
10171,2D-D-Z1.tif,0.893,3.728,0.807,1.304,273,389,140.711,1.091,1.085,0.922,0.902
10173,2D-D-Z1.tif,0.657,3.178,0.817,1.12,286,403,34.992,0.958,1.165,0.859,0.857
10174,2D-D-Z1.tif,0.808,3.46,0.849,1.314,586,395,155.225,0.973,1.242,0.805,0.865
10175,2D-D-Z1.tif,0.699,4.368,0.46,1.687,878,411,67.62,0.752,2.679,0.373,0.7
10178,2D-D-Z1.tif,0.581,3.048,0.786,1.207,513,398,98.746,0.734,1.699,0.589,0.868
10179,2D-D-Z1.tif,0.724,4.529,0.444,1.808,217,399,113.962,0.722,3.451,0.29,0.691
10181,2D-D-Z1.tif,0.783,3.231,0.943,1.197,580,399,122.471,0.918,1.181,0.847,0.912
10183,2D-D-Z1.tif,0.589,2.788,0.953,0.988,294,414,68.199,0.826,1.097,0.912,0.915
10191,2D-D-Z1.tif,0.943,3.934,0.766,1.494,407,415,100.62,0.985,1.541,0.649,0.882
10192,2D-D-Z1.tif,0.968,6.852,0.259,1.803,565,419,165.256,1.276,1.162,0.86,0.572
10193,2D-D-Z1.tif,0.539,2.605,0.998,0.993,628,435,56.31,0.734,1.288,0.776,0.921
10194,2D-D-Z1.tif,0.783,3.697,0.72,1.494,339,429,132.51,0.856,1.844,0.542,0.812
10197,2D-D-Z1.tif,0.539,2.712,0.921,1.074,315,442,70.017,0.642,1.584,0.631,0.928
10200,2D-D-Z1.tif,0.573,3.383,0.629,1.175,776,440,128.66,0.881,1.366,0.732,0.8
10201,2D-D-Z1.tif,0.505,2.659,0.898,0.958,671,441,106.699,0.734,1.266,0.79,0.896
10209,2D-D-Z1.tif,0.985,6.118,0.331,2.3,86,476,61.39,0.903,2.789,0.359,0.646
10213,2D-D-Z1.tif,0.808,3.361,0.899,1.336,283,458,105.945,0.826,1.646,0.608,0.906
10214,2D-D-Z1.tif,0.522,3.491,0.538,1.314,648,462,167.905,0.734,2.235,0.447,0.705
10215,2D-D-Z1.tif,0.716,3.254,0.85,1.275,473,459,120.256,0.881,1.447,0.691,0.867
10216,2D-D-Z1.tif,0.539,2.735,0.906,1.046,251,460,105.255,0.734,1.486,0.673,0.895
10217,2D-D-Z1.tif,0.556,3.231,0.669,1.364,341,460,109.654,0.612,2.471,0.405,0.863
10227,2D-D-Z1.tif,0.783,3.285,0.912,1.175,550,484,51.34,0.985,1.143,0.875,0.907
10230,2D-D-Z1.tif,0.657,3.437,0.699,1.451,528,482,18.435,0.725,2.241,0.446,0.881
10233,2D-D-Z1.tif,0.648,3.285,0.755,1.161,661,484,108.435,0.826,1.512,0.661,0.856
10235,2D-D-Z1.tif,0.8,3.361,0.89,1.248,422,488,107.103,0.882,1.448,0.691,0.9
10245,2D-D-Z1.tif,0.8,5.308,0.357,1.856,203,508,98.531,0.89,2.698,0.371,0.572
10246,2D-D-Z1.tif,0.573,3.339,0.645,1.314,159,510,155.225,0.569,2.512,0.398,0.834
10253,2D-D-Z1.tif,0.573,3.956,0.46,1.538,548,535,72.646,0.757,2.455,0.407,0.677
10254,2D-D-Z1.tif,0.977,3.621,0.936,1.401,444,522,121.608,1.018,1.419,0.705,0.924
10255,2D-D-Z1.tif,0.733,4.14,0.537,1.56,559,523,118.072,0.862,2.025,0.494,0.777
10256,2D-D-Z1.tif,0.859,3.491,0.886,1.314,495,524,114.775,1.002,1.342,0.745,0.891
10257,2D-D-Z1.tif,0.598,3.567,0.591,1.314,405,533,12.095,0.853,1.963,0.51,0.736
10259,2D-D-Z1.tif,0.716,3.048,0.968,1.109,352,526,114.444,0.918,1.174,0.852,0.919
10260,2D-D-Z1.tif,0.851,5.554,0.346,1.936,623,539,31.43,1.12,2.157,0.464,0.54
10262,2D-D-Z1.tif,0.64,4.346,0.426,1.584,184,540,10.008,0.734,2.425,0.412,0.685
10263,2D-D-Z1.tif,0.556,3.026,0.763,1.197,207,543,32.471,0.801,1.606,0.622,0.846
10264,2D-D-Z1.tif,0.648,3.545,0.648,1.364,239,540,160.346,0.885,1.495,0.669,0.774
10272,2D-D-Z1.tif,0.859,3.361,0.955,1.231,323,549,153.435,1.009,1.084,0.922,0.919
10273,2D-D-Z1.tif,0.606,3.599,0.588,1.248,261,553,143.973,0.826,1.294,0.773,0.77
10275,2D-D-Z1.tif,0.64,3.697,0.589,1.451,531,567,55.305,0.725,2.057,0.486,0.796
10276,2D-D-Z1.tif,0.749,3.393,0.818,1.323,660,554,123.69,0.813,1.606,0.623,0.904
10278,2D-D-Z1.tif,0.699,3.048,0.946,1.135,386,571,75.964,0.826,1.311,0.763,0.907
10280,2D-D-Z1.tif,0.657,4.659,0.38,1.858,125,563,147.095,0.718,2.865,0.349,0.7
10281,2D-D-Z1.tif,0.716,4.552,0.434,1.48,149,563,119.745,0.967,1.936,0.516,0.667
10287,2D-D-Z1.tif,0.564,4.14,0.414,1.634,191,583,38.157,0.722,2.841,0.352,0.657
10292,2D-D-Z1.tif,0.648,3.361,0.721,1.314,330,578,114.775,0.752,1.946,0.514,0.837
10293,2D-D-Z1.tif,0.876,4.95,0.449,1.858,304,591,32.905,0.903,2.456,0.407,0.65
10295,2D-D-Z1.tif,0.547,3.231,0.659,1.398,653,581,156.801,0.616,2.617,0.382,0.855
10296,2D-D-Z1.tif,0.749,3.178,0.933,1.15,379,594,61.39,0.918,1.226,0.816,0.899
10298,2D-D-Z1.tif,0.716,3.124,0.922,1.248,401,590,143.973,0.844,1.513,0.661,0.904
10302,2D-D-Z1.tif,0.817,3.285,0.951,1.161,352,599,108.435,0.918,1.19,0.84,0.928
10303,2D-D-Z1.tif,0.64,3.124,0.824,1.224,610,599,102.995,0.824,1.564,0.639,0.854
10311,2D-D-Z1.tif,0.842,3.307,0.967,1.197,578,620,32.471,1.009,1.084,0.923,0.913
10312,2D-D-Z1.tif,0.606,2.864,0.929,1.074,475,620,19.983,0.826,1.257,0.795,0.883
10315,2D-D-Z1.tif,0.935,3.599,0.907,1.278,494,618,111.038,0.996,1.264,0.791,0.91
10317,2D-D-Z1.tif,0.531,2.659,0.943,0.988,463,621,111.801,0.734,1.294,0.773,0.906
10318,2D-D-Z1.tif,0.623,3.339,0.702,1.323,440,625,146.31,0.815,1.554,0.643,0.836
10321,2D-D-Z1.tif,0.615,3.675,0.572,1.135,146,631,165.964,0.826,1.459,0.685,0.807
10322,2D-D-Z1.tif,0.825,3.285,0.961,1.175,273,629,128.66,0.918,1.165,0.858,0.925
10323,2D-D-Z1.tif,0.758,3.263,0.895,1.197,346,639,57.529,0.826,1.355,0.738,0.923
10328,2D-D-Z1.tif,0.598,2.896,0.896,1.15,577,631,151.39,0.734,1.442,0.694,0.922
10329,2D-D-Z1.tif,0.606,4.399,0.394,1.494,592,637,10.62,0.889,1.828,0.547,0.595
10332,2D-D-Z1.tif,0.556,2.811,0.884,1.046,291,650,74.745,0.801,1.378,0.726,0.863
10333,2D-D-Z1.tif,0.867,3.339,0.978,1.197,359,640,122.471,0.918,1.15,0.87,0.941
10334,2D-D-Z1.tif,0.834,3.491,0.86,1.336,268,640,105.945,0.918,1.453,0.688,0.896
10339,2D-D-Z1.tif,0.531,3.773,0.468,1.692,338,663,40.601,0.559,3.553,0.281,0.759
10344,2D-D-Z1.tif,0.842,3.437,0.896,1.248,251,657,107.103,0.996,1.329,0.752,0.889
10345,2D-D-Z1.tif,0.682,3.934,0.554,1.505,263,669,37.569,0.882,1.687,0.593,0.757
10356,2D-D-Z1.tif,0.581,4.118,0.431,1.692,315,684,12.529,0.63,3.021,0.331,0.693
10359,2D-D-Z1.tif,0.623,4.27,0.43,1.89,285,694,29.055,0.595,4.573,0.219,0.718
10361,2D-D-Z1.tif,0.968,3.88,0.808,1.404,362,685,101.31,1.009,1.259,0.795,0.881
10363,2D-D-Z1.tif,0.531,2.712,0.906,1.109,671,701,65.556,0.642,1.629,0.614,0.926
10365,2D-D-Z1.tif,0.573,2.811,0.911,1.074,633,693,109.983,0.821,1.269,0.788,0.883
10372,2D-D-Z1.tif,0.674,3.285,0.784,1.336,567,700,105.945,0.709,2,0.5,0.884
10374,2D-D-Z1.tif,0.952,5.675,0.371,1.803,884,724,75.256,0.826,2.341,0.427,0.774
10375,2D-D-Z1.tif,0.657,2.94,0.955,1.135,712,720,75.964,0.826,1.305,0.766,0.902
10376,2D-D-Z1.tif,0.589,2.896,0.883,1.193,348,721,67.38,0.642,1.717,0.583,0.933
10530,2D-U-Z1.tif,0.968,4.95,0.497,2.14,624,19,30.964,0.818,3.275,0.305,0.785
10532,2D-U-Z1.tif,0.573,2.864,0.877,1.12,560,17,34.992,0.779,1.477,0.677,0.883
10538,2D-U-Z1.tif,0.741,3.513,0.754,1.278,398,25,111.038,0.9,1.593,0.628,0.854
10543,2D-U-Z1.tif,0.547,3.102,0.715,1.193,285,38,22.62,0.667,1.913,0.523,0.823
10545,2D-U-Z1.tif,0.531,2.659,0.943,0.958,247,36,106.699,0.734,1.232,0.812,0.906
10550,2D-U-Z1.tif,0.884,3.5,0.907,1.275,689,42,120.256,0.918,1.261,0.793,0.946
10553,2D-U-Z1.tif,0.573,2.864,0.877,1.046,671,47,105.255,0.824,1.316,0.76,0.872
10554,2D-U-Z1.tif,0.589,2.788,0.953,1.12,343,52,124.992,0.826,1.318,0.759,0.915
10555,2D-U-Z1.tif,0.547,3.048,0.74,1.224,438,56,167.005,0.642,1.958,0.511,0.861
10556,2D-U-Z1.tif,0.758,5.058,0.372,2.093,731,77,74.745,0.601,4.17,0.24,0.738
10557,2D-U-Z1.tif,0.749,3.231,0.902,1.248,260,69,72.897,0.826,1.492,0.67,0.913
10559,2D-U-Z1.tif,0.514,2.994,0.72,0.976,583,61,138.814,0.826,1.142,0.875,0.824
10560,2D-U-Z1.tif,0.522,2.551,1,0.945,606,60,119.055,0.821,1.122,0.891,0.905
10561,2D-U-Z1.tif,0.749,4.064,0.57,1.763,654,73,38.66,0.751,2.823,0.354,0.795
10562,2D-U-Z1.tif,0.968,3.728,0.876,1.364,338,64,160.346,1.009,1.345,0.743,0.898
10564,2D-U-Z1.tif,0.876,3.979,0.695,1.571,449,71,6.71,0.918,1.665,0.601,0.835
10566,2D-U-Z1.tif,0.783,4.377,0.514,1.847,602,80,26.565,0.783,2.805,0.357,0.729
10567,2D-U-Z1.tif,0.598,3.415,0.644,1.538,778,70,162.646,0.642,2.759,0.362,0.861
10569,2D-U-Z1.tif,0.564,3.599,0.548,1.425,292,89,75.069,0.551,2.81,0.356,0.838
10571,2D-U-Z1.tif,0.968,5.415,0.415,2.093,798,74,127.875,0.908,2.676,0.374,0.701
10574,2D-U-Z1.tif,0.893,4.355,0.591,1.763,565,91,51.34,0.862,2.386,0.419,0.794
10578,2D-U-Z1.tif,0.808,4.162,0.586,1.603,830,87,166.759,0.99,1.703,0.587,0.73
10580,2D-U-Z1.tif,0.775,3.33,0.878,1.135,535,84,104.036,0.985,1.186,0.843,0.889
10586,2D-U-Z1.tif,0.893,3.751,0.797,1.401,348,96,148.392,0.976,1.361,0.735,0.876
10592,2D-U-Z1.tif,0.716,3.88,0.597,1.304,374,104,140.711,1.085,1.16,0.862,0.756
10597,2D-U-Z1.tif,0.834,3.339,0.94,1.314,458,110,155.225,0.826,1.442,0.693,0.938
10598,2D-U-Z1.tif,0.514,3.048,0.695,1.323,762,120,56.31,0.616,2.27,0.441,0.859
10600,2D-U-Z1.tif,0.783,3.285,0.912,1.231,281,111,116.565,0.918,1.325,0.755,0.912
10601,2D-U-Z1.tif,0.505,3.88,0.422,1.626,78,120,106.39,0.609,3.049,0.328,0.723
10603,2D-U-Z1.tif,0.783,3.361,0.871,1.175,348,124,128.66,0.985,1.199,0.834,0.886
10608,2D-U-Z1.tif,0.792,3.903,0.653,1.451,664,136,18.435,0.973,1.461,0.684,0.777
10609,2D-U-Z1.tif,0.539,2.735,0.906,1.105,369,127,131.634,0.779,1.344,0.744,0.883
10610,2D-U-Z1.tif,0.691,3.469,0.721,1.451,302,129,108.435,0.734,2.211,0.452,0.868
10613,2D-U-Z1.tif,0.775,4.614,0.457,1.947,848,154,81.87,0.72,3.256,0.307,0.742
10615,2D-U-Z1.tif,0.657,3.178,0.817,1.248,484,150,72.897,0.82,1.591,0.629,0.862
10616,2D-U-Z1.tif,0.749,4.928,0.388,2.16,508,148,12.265,0.643,3.667,0.273,0.712
10618,2D-U-Z1.tif,0.648,3.07,0.864,1.116,292,142,99.462,0.874,1.266,0.79,0.865
10620,2D-U-Z1.tif,0.598,2.918,0.882,1.12,702,143,124.992,0.844,1.31,0.764,0.904
10623,2D-U-Z1.tif,0.884,3.567,0.873,1.398,633,161,66.801,0.973,1.422,0.703,0.89
10624,2D-U-Z1.tif,0.648,3.124,0.835,1.314,534,148,114.775,0.767,1.823,0.549,0.89
10625,2D-U-Z1.tif,0.665,3.231,0.801,1.197,423,157,32.471,0.801,1.453,0.688,0.873
10628,2D-U-Z1.tif,0.851,3.567,0.84,1.314,603,155,102.095,0.918,1.488,0.672,0.894
10629,2D-U-Z1.tif,0.682,4.659,0.395,1.364,375,165,19.654,1.025,1.733,0.577,0.651
10631,2D-U-Z1.tif,0.918,4.561,0.555,1.951,650,176,48.814,0.941,2.316,0.432,0.787
10634,2D-U-Z1.tif,0.893,4.27,0.615,1.451,539,174,34.695,1.075,1.582,0.632,0.779
10637,2D-U-Z1.tif,0.775,3.178,0.964,1.161,684,165,108.435,0.918,1.224,0.817,0.915
10638,2D-U-Z1.tif,0.564,3.849,0.479,1.48,81,166,97.125,0.69,2.375,0.421,0.713
10639,2D-U-Z1.tif,0.808,3.383,0.887,1.248,345,180,72.897,0.985,1.278,0.782,0.885
10640,2D-U-Z1.tif,0.985,3.675,0.917,1.425,479,173,14.931,0.918,1.468,0.681,0.921
10642,2D-U-Z1.tif,0.665,4.14,0.488,1.654,858,169,123.69,0.778,2.719,0.368,0.702
10643,2D-U-Z1.tif,0.749,3.814,0.648,1.568,356,187,69.444,0.734,2.468,0.405,0.864
10646,2D-U-Z1.tif,0.556,2.659,0.988,0.945,626,172,119.055,0.826,1.031,0.969,0.923
10647,2D-U-Z1.tif,0.657,5.058,0.323,2.129,925,176,97.431,0.612,4.424,0.226,0.687
10648,2D-U-Z1.tif,0.851,3.88,0.71,1.634,558,180,128.157,0.774,2.336,0.428,0.849
10649,2D-U-Z1.tif,0.783,4.171,0.566,1.724,278,182,154.799,0.78,2.515,0.398,0.795
10652,2D-U-Z1.tif,0.522,2.735,0.877,1.046,713,195,74.745,0.734,1.376,0.727,0.873
10653,2D-U-Z1.tif,0.657,4.086,0.494,1.654,870,201,70.56,0.757,2.626,0.381,0.732
10654,2D-U-Z1.tif,0.589,3.178,0.734,1.161,661,185,108.435,0.725,1.739,0.575,0.828
10656,2D-U-Z1.tif,0.775,4.064,0.59,1.741,901,190,161.565,0.826,2.054,0.487,0.78
10657,2D-U-Z1.tif,0.968,3.652,0.912,1.336,305,191,105.945,0.918,1.417,0.706,0.927
10660,2D-U-Z1.tif,0.985,4.247,0.686,1.685,463,198,150.642,0.903,2.079,0.481,0.833
10661,2D-U-Z1.tif,0.564,4.485,0.353,1.892,725,215,67.166,0.687,3.412,0.293,0.598
10662,2D-U-Z1.tif,0.64,3.307,0.735,1.314,281,197,102.095,0.739,1.828,0.547,0.826
10665,2D-U-Z1.tif,0.8,4.789,0.438,1.48,589,213,29.745,1.087,1.692,0.591,0.631
10668,2D-U-Z1.tif,0.859,3.599,0.834,1.377,439,218,36.87,1.009,1.211,0.826,0.911
10669,2D-U-Z1.tif,0.825,4.14,0.605,1.377,453,224,36.87,1.075,1.032,0.969,0.787
10670,2D-U-Z1.tif,0.632,3.437,0.672,1.401,534,215,121.608,0.765,1.82,0.549,0.824
10671,2D-U-Z1.tif,0.606,3.643,0.574,1.364,500,217,109.654,0.715,2.245,0.445,0.75
10672,2D-U-Z1.tif,0.758,3.773,0.669,1.323,769,220,146.31,0.908,1.563,0.64,0.8
10674,2D-U-Z1.tif,0.707,3.383,0.777,1.288,420,222,94.086,0.826,1.509,0.663,0.857
10679,2D-U-Z1.tif,0.589,2.972,0.839,1.175,454,226,128.66,0.821,1.373,0.728,0.897
10681,2D-U-Z1.tif,0.615,3.567,0.607,1.224,477,228,102.995,0.956,1.403,0.713,0.705
10682,2D-U-Z1.tif,0.792,4.529,0.485,1.642,610,230,116.565,0.813,2.419,0.413,0.783
10684,2D-U-Z1.tif,0.564,2.788,0.912,1.109,701,242,65.556,0.734,1.41,0.709,0.905
10685,2D-U-Z1.tif,0.505,4.27,0.348,1.808,186,241,23.962,0.573,4.413,0.227,0.606
10692,2D-U-Z1.tif,0.505,3.934,0.41,1.782,146,252,34.509,0.509,4.387,0.228,0.71
10697,2D-U-Z1.tif,0.775,5.751,0.294,2.52,792,271,56.889,0.731,4.399,0.227,0.611
10698,2D-U-Z1.tif,0.859,3.956,0.69,1.451,593,255,124.695,1.016,1.364,0.733,0.813
10699,2D-U-Z1.tif,0.8,3.383,0.878,1.304,379,257,129.289,0.908,1.466,0.682,0.888
10700,2D-U-Z1.tif,0.808,5.89,0.293,1.962,83,281,79.216,1.011,2.316,0.432,0.532
10703,2D-U-Z1.tif,0.623,2.972,0.887,1.175,419,273,38.66,0.844,1.453,0.688,0.908
10709,2D-U-Z1.tif,0.648,2.94,0.942,1.15,654,281,28.61,0.84,1.375,0.727,0.906
10711,2D-U-Z1.tif,0.556,2.842,0.865,1.026,574,275,153.435,0.826,1.063,0.941,0.892
10717,2D-U-Z1.tif,0.716,4.14,0.525,1.763,632,297,51.34,0.714,3.1,0.323,0.746
10718,2D-U-Z1.tif,0.64,3.102,0.836,1.15,335,287,118.61,0.734,1.513,0.661,0.884
10719,2D-U-Z1.tif,0.834,4.928,0.431,2.148,893,286,109.983,0.639,4.333,0.231,0.753
10720,2D-U-Z1.tif,0.943,4.735,0.529,1.985,400,306,56.31,0.776,3.221,0.31,0.762
10721,2D-U-Z1.tif,0.867,3.415,0.935,1.235,646,290,131.987,1.009,1.095,0.913,0.916
10723,2D-U-Z1.tif,0.505,2.551,0.976,0.945,390,290,119.055,0.821,1.131,0.884,0.889
10725,2D-U-Z1.tif,0.514,3.254,0.61,1.275,829,294,120.256,0.736,2.208,0.453,0.735
10727,2D-U-Z1.tif,0.556,5.178,0.26,1.513,85,315,75.964,0.734,2.737,0.365,0.614
10730,2D-U-Z1.tif,0.514,2.627,0.935,0.958,470,305,106.699,0.821,1.169,0.855,0.878
10736,2D-U-Z1.tif,0.691,5.523,0.284,2.302,913,315,113.499,0.684,4.837,0.207,0.567
10737,2D-U-Z1.tif,0.707,4.27,0.488,1.527,300,331,32.735,0.913,1.916,0.522,0.656
10750,2D-U-Z1.tif,0.749,3.178,0.933,1.161,459,356,71.565,0.918,1.209,0.827,0.908
10751,2D-U-Z1.tif,0.514,2.994,0.72,1.026,85,356,79.695,0.844,1.22,0.819,0.803
10754,2D-U-Z1.tif,0.514,3.092,0.675,1.323,748,367,33.69,0.637,2.652,0.377,0.744
10759,2D-U-Z1.tif,0.682,3.048,0.923,1.197,649,365,122.471,0.826,1.446,0.691,0.91
10760,2D-U-Z1.tif,0.615,4.485,0.384,1.398,82,379,66.801,0.818,2.092,0.478,0.741
10762,2D-U-Z1.tif,0.884,3.437,0.941,1.197,475,371,147.529,1.101,1.099,0.91,0.901
10763,2D-U-Z1.tif,0.589,2.864,0.903,1.074,541,370,109.983,0.826,1.211,0.826,0.881
10764,2D-U-Z1.tif,0.699,3.102,0.913,1.161,676,382,71.565,0.826,1.381,0.724,0.902
10765,2D-U-Z1.tif,0.632,4.31,0.427,1.892,929,370,104.036,0.486,4.615,0.217,0.811
10767,2D-U-Z1.tif,0.682,3.102,0.891,1.135,311,387,75.964,0.826,1.287,0.777,0.895
10769,2D-U-Z1.tif,0.707,3.079,0.937,1.15,365,388,61.39,0.826,1.272,0.786,0.933
10772,2D-U-Z1.tif,0.96,4.377,0.63,1.433,727,382,140.194,1.138,1.188,0.842,0.857
10782,2D-U-Z1.tif,0.539,3.178,0.671,1.105,768,401,131.634,0.826,1.115,0.897,0.815
10784,2D-U-Z1.tif,0.716,3.728,0.647,1.494,715,419,47.49,0.882,1.744,0.574,0.776
10788,2D-U-Z1.tif,0.867,3.491,0.894,1.336,341,434,74.055,0.918,1.432,0.698,0.9
10789,2D-U-Z1.tif,0.724,3.155,0.914,1.175,574,421,128.66,0.918,1.214,0.823,0.915
10791,2D-U-Z1.tif,0.96,5.362,0.42,2.272,210,442,43.363,0.678,4.122,0.243,0.733
10792,2D-U-Z1.tif,0.943,3.621,0.904,1.336,311,439,74.055,1.009,1.288,0.776,0.903
10793,2D-U-Z1.tif,0.691,3.048,0.934,1.109,355,431,155.556,0.918,1.143,0.875,0.906
10797,2D-U-Z1.tif,0.623,2.896,0.934,1.046,454,441,37.875,0.826,1.073,0.932,0.925
10798,2D-U-Z1.tif,0.581,3.643,0.55,1.389,493,434,172.405,0.73,2.066,0.484,0.711
10800,2D-U-Z1.tif,0.817,3.339,0.921,1.278,735,448,68.962,0.826,1.426,0.701,0.937
10804,2D-U-Z1.tif,0.8,3.513,0.815,1.323,493,441,123.69,0.932,1.553,0.644,0.844
10807,2D-U-Z1.tif,0.539,3.643,0.51,1.235,81,453,41.987,0.881,1.544,0.648,0.719
10811,2D-U-Z1.tif,0.691,4.659,0.4,1.724,668,459,25.201,0.843,2.773,0.361,0.653
10817,2D-U-Z1.tif,0.505,3.491,0.521,1.425,921,457,104.931,0.551,3.015,0.332,0.789
10819,2D-U-Z1.tif,0.91,3.545,0.91,1.278,591,472,68.962,1.005,1.276,0.784,0.911
10822,2D-U-Z1.tif,0.556,2.681,0.972,0.958,435,467,106.699,0.824,1.169,0.856,0.892
10824,2D-U-Z1.tif,0.539,3.675,0.502,1.494,934,485,79.38,0.551,3.192,0.313,0.771
10825,2D-U-Z1.tif,0.91,3.621,0.872,1.323,351,484,56.31,1.009,1.353,0.739,0.885
10828,2D-U-Z1.tif,0.573,3.124,0.737,1.224,580,476,167.005,0.813,1.478,0.677,0.8
10832,2D-U-Z1.tif,0.834,3.46,0.875,1.248,468,493,72.897,1.018,1.197,0.836,0.884
10834,2D-U-Z1.tif,0.556,2.842,0.865,1.193,560,497,67.38,0.642,1.698,0.589,0.917
10835,2D-U-Z1.tif,0.632,4.691,0.361,1.603,765,486,113.629,0.944,2.017,0.496,0.607
10837,2D-U-Z1.tif,0.707,4.659,0.41,1.48,83,503,60.255,0.985,1.645,0.608,0.709
10838,2D-U-Z1.tif,0.733,3.155,0.925,1.161,496,493,161.565,0.826,1.258,0.795,0.926
10839,2D-U-Z1.tif,0.64,4.323,0.43,1.847,201,495,153.435,0.763,3.222,0.31,0.67
10842,2D-U-Z1.tif,0.539,2.788,0.871,1.109,679,496,114.444,0.712,1.622,0.617,0.889
10843,2D-U-Z1.tif,0.901,5.339,0.397,1.603,625,513,66.371,1.009,1.563,0.64,0.716
10845,2D-U-Z1.tif,0.539,2.659,0.958,0.945,369,499,119.055,0.821,1.105,0.905,0.914
10846,2D-U-Z1.tif,0.514,3.697,0.472,1.355,817,514,61.699,0.792,2.027,0.493,0.652
10848,2D-U-Z1.tif,0.851,3.285,0.99,1.278,478,506,111.038,0.826,1.395,0.717,0.953
10849,2D-U-Z1.tif,0.851,3.522,0.861,1.355,517,506,118.301,0.826,1.515,0.66,0.944
10853,2D-U-Z1.tif,0.792,7.049,0.2,2.22,81,513,97.125,1.009,3.056,0.327,0.504
10856,2D-U-Z1.tif,0.547,3.092,0.719,1.12,849,514,124.992,0.826,1.436,0.697,0.828
10858,2D-U-Z1.tif,0.766,6.897,0.202,2.738,159,534,39.56,0.947,4.136,0.242,0.478
10865,2D-U-Z1.tif,0.598,2.735,1,1.07,320,528,120.964,0.826,1.255,0.797,0.922
10867,2D-U-Z1.tif,0.531,2.681,0.928,0.936,715,529,101.31,0.826,1.122,0.891,0.869
10870,2D-U-Z1.tif,0.598,4.453,0.379,1.579,855,552,54.462,0.957,1.888,0.53,0.573
10872,2D-U-Z1.tif,0.968,5.621,0.385,2.097,762,561,66.801,0.765,3.559,0.281,0.721
10881,2D-U-Z1.tif,0.665,5.59,0.268,1.856,84,571,81.469,0.896,2.828,0.354,0.562
10883,2D-U-Z1.tif,0.851,3.858,0.718,1.563,730,566,40.236,0.876,2.059,0.486,0.856
10886,2D-U-Z1.tif,0.741,3.231,0.892,1.161,695,559,108.435,0.9,1.333,0.75,0.898
10887,2D-U-Z1.tif,0.682,3.943,0.551,1.692,927,561,102.529,0.588,3.403,0.294,0.839
10888,2D-U-Z1.tif,0.8,3.339,0.902,1.323,434,574,56.31,0.862,1.53,0.654,0.936
10889,2D-U-Z1.tif,0.682,3.155,0.861,1.248,451,562,107.103,0.734,1.776,0.563,0.91
10890,2D-U-Z1.tif,0.547,3.016,0.756,1.12,268,564,124.992,0.752,1.57,0.637,0.855
10891,2D-U-Z1.tif,0.505,2.842,0.786,1.07,286,573,30.964,0.784,1.365,0.733,0.851
10895,2D-U-Z1.tif,0.884,3.491,0.912,1.336,659,571,105.945,0.918,1.43,0.699,0.909
10897,2D-U-Z1.tif,0.699,3.621,0.67,1.278,508,577,158.962,0.96,1.328,0.753,0.776
10898,2D-U-Z1.tif,0.539,3.751,0.481,1.248,379,577,126.027,0.801,1.818,0.55,0.719
10901,2D-U-Z1.tif,0.935,3.751,0.835,1.364,390,598,70.346,1.034,1.36,0.735,0.877
10903,2D-U-Z1.tif,0.749,3.437,0.797,1.355,431,588,151.699,0.888,1.563,0.64,0.864
10906,2D-U-Z1.tif,0.707,6.216,0.23,2.21,651,609,41.634,0.767,3.962,0.252,0.494
10907,2D-U-Z1.tif,0.825,6.485,0.247,2.471,194,612,31.329,0.929,3.738,0.268,0.473
10908,2D-U-Z1.tif,0.8,3.285,0.932,1.161,420,595,108.435,0.918,1.193,0.838,0.918
10910,2D-U-Z1.tif,0.682,3.621,0.654,1.355,561,604,28.301,0.885,1.676,0.597,0.79
10915,2D-U-Z1.tif,0.884,3.599,0.858,1.248,374,604,107.103,0.966,1.335,0.749,0.886
10920,2D-U-Z1.tif,0.724,3.048,0.98,1.15,561,618,28.61,0.918,1.117,0.895,0.915
10921,2D-U-Z1.tif,0.522,3.209,0.637,1.336,826,624,74.055,0.551,2.44,0.41,0.873
10924,2D-U-Z1.tif,0.817,3.415,0.88,1.278,355,616,111.038,0.918,1.427,0.701,0.902
10927,2D-U-Z1.tif,0.724,3.285,0.843,1.175,608,619,128.66,0.918,1.302,0.768,0.878
10929,2D-U-Z1.tif,0.64,3.178,0.796,1.231,474,631,63.435,0.826,1.385,0.722,0.879
10932,2D-U-Z1.tif,0.96,3.697,0.883,1.278,400,644,68.962,1.101,1.157,0.865,0.901
10934,2D-U-Z1.tif,0.775,3.307,0.89,1.248,663,636,107.103,0.918,1.374,0.728,0.893
10935,2D-U-Z1.tif,0.648,2.972,0.923,1.135,280,649,75.964,0.734,1.4,0.714,0.917
10938,2D-U-Z1.tif,0.766,3.804,0.665,1.436,351,640,116.565,0.96,1.485,0.674,0.805
10941,2D-U-Z1.tif,0.733,5.308,0.327,1.642,698,656,63.435,1.108,1.35,0.741,0.606
10945,2D-U-Z1.tif,0.699,3.048,0.946,1.161,606,657,71.565,0.826,1.368,0.731,0.907
10949,2D-U-Z1.tif,0.808,3.88,0.675,1.513,586,650,104.036,0.826,1.875,0.533,0.831
10951,2D-U-Z1.tif,0.707,3.599,0.686,1.278,932,653,111.038,0.979,1.417,0.706,0.792
10956,2D-U-Z1.tif,0.943,3.621,0.904,1.314,301,670,102.095,1.009,1.253,0.798,0.903
10957,2D-U-Z1.tif,0.531,2.605,0.983,0.993,583,679,33.69,0.821,1.167,0.857,0.906
10962,2D-U-Z1.tif,0.952,3.652,0.896,1.377,516,681,143.13,1.071,1.251,0.8,0.919
10964,2D-U-Z1.tif,0.539,3.383,0.592,1.557,709,694,45,0.559,3.251,0.308,0.815
10967,2D-U-Z1.tif,0.573,4.042,0.441,1.662,605,694,6.34,0.642,2.848,0.351,0.731
10968,2D-U-Z1.tif,0.564,2.766,0.927,1.074,358,693,160.017,0.642,1.531,0.653,0.957
10973,2D-U-Z1.tif,0.648,2.918,0.957,1.026,597,704,26.565,0.918,1.079,0.927,0.911
10978,2D-U-Z1.tif,0.531,3.728,0.48,1.626,279,711,16.39,0.54,3.623,0.276,0.803
10979,2D-U-Z1.tif,0.851,3.934,0.691,1.513,321,708,104.036,0.826,1.915,0.522,0.874
11512,1U-C-Z2.tif,0.306,3.915,0.251,1.616,517,29,33.69,0.373,6.212,0.161,0.612
11514,1U-C-Z2.tif,0.216,3.258,0.256,1.234,491,25,26.565,0.48,3.464,0.289,0.531
11517,1U-C-Z2.tif,0.388,4.865,0.206,1.238,774,29,167.125,0.766,2.095,0.477,0.512
11520,1U-C-Z2.tif,0.473,4.171,0.342,1.6,190,46,7.431,0.541,3.71,0.27,0.728
11524,1U-C-Z2.tif,0.254,2.494,0.514,0.881,164,60,30.579,0.456,2.005,0.499,0.764
11526,1U-C-Z2.tif,0.269,3.646,0.254,1.523,400,47,95.194,0.367,5.55,0.18,0.622
11528,1U-C-Z2.tif,0.297,2.222,0.757,0.698,690,53,110.225,0.621,1.099,0.91,0.879
11529,1U-C-Z2.tif,0.208,2.738,0.349,0.899,919,63,94.399,0.566,1.841,0.543,0.56
11531,1U-C-Z2.tif,0.365,3.306,0.42,1.222,810,99,73.61,0.509,2.634,0.38,0.764
11533,1U-C-Z2.tif,0.452,3.809,0.391,1.444,779,111,56.689,0.569,3.377,0.296,0.73
11537,1U-C-Z2.tif,0.29,3.404,0.315,1.025,920,112,19.654,0.621,1.821,0.549,0.641
11539,1U-C-Z2.tif,0.224,2.104,0.635,0.69,986,107,143.13,0.583,1.281,0.781,0.8
11540,1U-C-Z2.tif,0.287,4.139,0.21,0.971,717,112,173.884,0.655,1.257,0.795,0.648
11544,1U-C-Z2.tif,0.384,4.293,0.262,1.956,632,178,49.289,0.384,6.67,0.15,0.67
11546,1U-C-Z2.tif,0.38,3.866,0.32,1.263,225,164,34.992,0.725,2.125,0.471,0.565
11547,1U-C-Z2.tif,0.282,3.436,0.3,1.32,358,178,40.764,0.39,4.455,0.224,0.641
11548,1U-C-Z2.tif,0.488,2.624,0.89,0.897,791,165,112.62,0.749,1.216,0.822,0.933
11551,1U-C-Z2.tif,0.271,3.278,0.317,1.037,119,174,176.186,0.586,1.636,0.611,0.678
11557,1U-C-Z2.tif,0.402,2.693,0.697,0.864,472,176,118.61,0.756,1.093,0.915,0.878
11564,1U-C-Z2.tif,0.388,4.489,0.242,1.917,527,236,37.694,0.411,5.737,0.174,0.672
11565,1U-C-Z2.tif,0.253,2.913,0.375,1.034,224,206,143.13,0.51,2.013,0.497,0.655
11566,1U-C-Z2.tif,0.245,2.701,0.422,0.775,890,226,57.724,0.524,1.595,0.627,0.736
11568,1U-C-Z2.tif,0.245,2.851,0.379,1.112,287,219,97.125,0.439,2.74,0.365,0.641
11570,1U-C-Z2.tif,0.495,5.466,0.208,1.331,545,229,121.218,0.927,1.386,0.722,0.504
11583,1U-C-Z2.tif,0.26,2.867,0.398,1.074,42,303,132.397,0.485,2.761,0.362,0.65
11590,1U-C-Z2.tif,0.226,2.729,0.381,0.928,561,336,121.329,0.533,2.182,0.458,0.642
11599,1U-C-Z2.tif,0.21,1.742,0.871,0.663,205,392,62.103,0.463,1.443,0.693,0.912
11600,1U-C-Z2.tif,0.264,3.424,0.283,1.095,438,381,151.821,0.64,2.141,0.467,0.574
11601,1U-C-Z2.tif,0.448,3.367,0.497,1.002,874,386,116.565,0.791,1.153,0.867,0.808
11609,1U-C-Z2.tif,0.253,2.96,0.363,1.019,143,433,156.038,0.463,2.653,0.377,0.674
11614,1U-C-Z2.tif,0.227,2.067,0.668,0.796,517,454,17.65,0.448,1.595,0.627,0.87
11619,1U-C-Z2.tif,0.356,3.335,0.402,1.207,530,478,126.87,0.512,2.707,0.369,0.78
11620,1U-C-Z2.tif,0.207,2.718,0.352,0.853,859,484,165.964,0.473,1.899,0.527,0.681
11626,1U-C-Z2.tif,0.426,3.204,0.521,1.167,712,498,124.16,0.581,2.282,0.438,0.829
11628,1U-C-Z2.tif,0.251,2.035,0.761,0.786,775,500,127.875,0.473,1.702,0.587,0.9
11629,1U-C-Z2.tif,0.327,2.891,0.492,1.112,13,521,29.745,0.515,2.524,0.396,0.81
11631,1U-C-Z2.tif,0.228,3.192,0.282,0.971,558,504,106.504,0.483,2.067,0.484,0.686
11636,1U-C-Z2.tif,0.416,2.497,0.838,0.794,57,538,34.38,0.724,1.037,0.964,0.923
11644,1U-C-Z2.tif,0.3,2.36,0.676,0.879,539,558,11.31,0.503,1.886,0.53,0.881
11645,1U-C-Z2.tif,0.466,4.849,0.249,1.697,69,548,142.431,0.554,3.857,0.259,0.645
11646,1U-C-Z2.tif,0.277,1.958,0.909,0.666,113,566,68.749,0.586,1.109,0.902,0.928
11651,1U-C-Z2.tif,0.417,4.297,0.284,1.647,375,569,160.427,0.461,5.2,0.192,0.654
11652,1U-C-Z2.tif,0.257,3.744,0.23,1.604,142,568,98.653,0.343,7.246,0.138,0.602
11655,1U-C-Z2.tif,0.232,1.978,0.745,0.753,220,600,74.055,0.448,1.706,0.586,0.89
11657,1U-C-Z2.tif,0.307,2.985,0.433,1.22,811,587,137.291,0.536,3.066,0.326,0.691
11659,1U-C-Z2.tif,0.48,2.851,0.743,1.051,893,619,41.009,0.709,1.461,0.685,0.904
11660,1U-C-Z2.tif,0.465,5.271,0.21,2.158,237,603,167.074,0.543,5.052,0.198,0.518
11661,1U-C-Z2.tif,0.208,1.909,0.718,0.766,867,617,35.838,0.463,1.63,0.614,0.882
11663,1U-C-Z2.tif,0.294,3.086,0.388,1.185,215,610,98.366,0.524,2.645,0.378,0.651
11671,1U-C-Z2.tif,0.281,3.278,0.328,1.272,208,639,122.829,0.548,2.971,0.337,0.656
11672,1U-C-Z2.tif,0.26,2.628,0.474,0.862,610,640,106.26,0.571,1.63,0.613,0.72
11676,1U-C-Z2.tif,0.287,3.485,0.297,1.449,819,674,38.234,0.433,4.224,0.237,0.602
11677,1U-C-Z2.tif,0.228,3.022,0.314,0.753,540,654,164.055,0.631,1.12,0.893,0.655
11679,1U-C-Z2.tif,0.483,3.264,0.569,1.236,72,690,67.011,0.61,1.877,0.533,0.87
11681,1U-C-Z2.tif,0.377,2.36,0.851,0.862,110,699,73.74,0.655,1.304,0.767,0.919
11683,1U-C-Z2.tif,0.219,2.465,0.452,0.731,297,704,81.87,0.601,1.167,0.857,0.719
11684,1U-C-Z2.tif,0.206,1.998,0.648,0.654,779,692,161.565,0.585,1.165,0.859,0.771
12065,1U-D-Z2.tif,0.34,4.114,0.253,1.152,84,5,128.928,0.693,1.79,0.559,0.669
12067,1U-D-Z2.tif,0.269,3.797,0.234,1.28,723,13,4.635,0.516,3.441,0.291,0.596
12072,1U-D-Z2.tif,0.284,3.643,0.269,1.189,934,71,29.539,0.574,2.741,0.365,0.498
12075,1U-D-Z2.tif,0.316,2.274,0.769,0.852,856,83,58.241,0.538,1.551,0.645,0.911
12078,1U-D-Z2.tif,0.46,2.693,0.798,0.971,261,77,163.496,0.686,1.445,0.692,0.918
12081,1U-D-Z2.tif,0.477,4.351,0.317,1.532,45,78,121.185,0.626,2.89,0.346,0.674
12083,1U-D-Z2.tif,0.215,2.368,0.482,0.84,659,100,19.179,0.439,1.99,0.502,0.751
12091,1U-D-Z2.tif,0.264,2.672,0.465,0.864,802,111,151.39,0.522,1.875,0.533,0.779
12095,1U-D-Z2.tif,0.322,3.537,0.324,1.369,182,149,40.914,0.553,3.654,0.274,0.535
12096,1U-D-Z2.tif,0.268,2.79,0.432,0.995,77,144,14.036,0.637,1.748,0.572,0.655
12101,1U-D-Z2.tif,0.207,2.388,0.456,0.92,699,142,102.995,0.419,2.596,0.385,0.709
12102,1U-D-Z2.tif,0.201,2.035,0.61,0.67,927,163,55.491,0.51,1.319,0.758,0.818
12104,1U-D-Z2.tif,0.416,3.797,0.363,1.429,211,152,160.253,0.529,3.146,0.318,0.738
12109,1U-D-Z2.tif,0.38,4.317,0.257,1.715,728,184,164.846,0.631,3.013,0.332,0.58
12111,1U-D-Z2.tif,0.202,2.644,0.363,0.938,152,189,143.973,0.435,2.633,0.38,0.599
12112,1U-D-Z2.tif,0.212,1.958,0.694,0.698,572,207,69.775,0.523,1.301,0.769,0.854
12113,1U-D-Z2.tif,0.316,3.099,0.414,1.159,878,198,149.621,0.469,2.853,0.35,0.764
12114,1U-D-Z2.tif,0.416,3.542,0.417,1.359,761,231,54.293,0.54,2.893,0.346,0.738
12119,1U-D-Z2.tif,0.429,4.771,0.237,1.758,625,277,78.69,0.628,3.595,0.278,0.562
12121,1U-D-Z2.tif,0.295,2.25,0.732,0.865,270,264,66.501,0.552,1.613,0.62,0.852
12124,1U-D-Z2.tif,0.276,2.245,0.688,0.913,70,262,10.886,0.438,2.083,0.48,0.877
12128,1U-D-Z2.tif,0.408,4.305,0.277,1.28,862,272,175.365,0.682,2.243,0.446,0.602
12130,1U-D-Z2.tif,0.294,3.034,0.401,1.178,94,308,69.444,0.544,2.284,0.438,0.737
12133,1U-D-Z2.tif,0.448,2.977,0.636,1.077,531,309,50.194,0.682,1.649,0.606,0.851
12134,1U-D-Z2.tif,0.416,4.004,0.326,1.396,584,308,32.905,0.539,3.311,0.302,0.686
12135,1U-D-Z2.tif,0.272,2.566,0.52,0.993,111,323,69.677,0.511,2.053,0.487,0.791
12141,1U-D-Z2.tif,0.486,2.652,0.869,0.884,303,324,159.444,0.774,1.08,0.926,0.936
12142,1U-D-Z2.tif,0.354,3.655,0.333,1.407,750,369,78.69,0.379,4.124,0.243,0.784
12143,1U-D-Z2.tif,0.288,3.623,0.276,1.146,864,332,173.089,0.552,2.524,0.396,0.598
12144,1U-D-Z2.tif,0.243,3.152,0.307,1.025,282,335,132.274,0.485,2.625,0.381,0.597
12145,1U-D-Z2.tif,0.44,4.874,0.233,1.691,405,335,110.283,0.543,3.94,0.254,0.577
12147,1U-D-Z2.tif,0.202,2.302,0.479,0.895,72,338,117.553,0.424,2.645,0.378,0.8
12148,1U-D-Z2.tif,0.303,4.236,0.212,1.455,632,366,31.43,0.603,4.06,0.246,0.501
12151,1U-D-Z2.tif,0.222,3.054,0.3,0.954,890,359,130.601,0.551,2.527,0.396,0.559
12153,1U-D-Z2.tif,0.202,2.867,0.309,0.873,192,379,9.09,0.474,2.236,0.447,0.627
12157,1U-D-Z2.tif,0.295,3.347,0.331,1.117,26,400,98.881,0.53,2.594,0.386,0.651
12158,1U-D-Z2.tif,0.264,2.933,0.386,1.122,663,404,135,0.439,2.607,0.384,0.727
12160,1U-D-Z2.tif,0.44,3.944,0.355,1.213,114,423,104.826,0.72,1.982,0.504,0.651
12163,1U-D-Z2.tif,0.25,2.096,0.715,0.865,965,446,23.499,0.413,2.368,0.422,0.879
12164,1U-D-Z2.tif,0.24,2.891,0.361,1.151,452,469,81.384,0.401,3.114,0.321,0.741
12165,1U-D-Z2.tif,0.285,3.318,0.326,1.358,528,457,23.962,0.507,3.496,0.286,0.689
12166,1U-D-Z2.tif,0.215,3.054,0.29,1.019,719,467,66.038,0.526,2.405,0.416,0.608
12169,1U-D-Z2.tif,0.227,1.929,0.767,0.743,146,449,111.801,0.467,1.534,0.652,0.89
12178,1U-D-Z2.tif,0.276,3.2,0.338,0.868,334,492,96.843,0.552,1.765,0.566,0.718
12180,1U-D-Z2.tif,0.225,2.396,0.492,0.663,308,522,81.027,0.596,1.039,0.963,0.787
12181,1U-D-Z2.tif,0.219,2.936,0.319,1.077,468,526,39.806,0.448,3.068,0.326,0.552
12184,1U-D-Z2.tif,0.213,3.306,0.245,1.09,35,545,55.305,0.479,3.132,0.319,0.569
12190,1U-D-Z2.tif,0.293,3.76,0.26,1.347,147,538,129.806,0.595,2.839,0.352,0.511
12192,1U-D-Z2.tif,0.447,2.558,0.859,0.932,298,560,38.991,0.709,1.355,0.738,0.941
12194,1U-D-Z2.tif,0.234,3.31,0.269,1.083,505,552,170.838,0.505,2.576,0.388,0.587
12195,1U-D-Z2.tif,0.3,3.054,0.404,1.304,968,573,37.476,0.439,3.555,0.281,0.714
12197,1U-D-Z2.tif,0.372,2.291,0.891,0.786,498,585,74.745,0.655,1.14,0.877,0.936
12198,1U-D-Z2.tif,0.434,4.065,0.33,1.523,557,577,5.194,0.506,3.999,0.25,0.697
12199,1U-D-Z2.tif,0.39,2.953,0.562,0.905,790,564,107.745,0.689,1.354,0.739,0.826
12212,1U-D-Z2.tif,0.24,3.293,0.278,1.062,365,640,13.134,0.483,2.162,0.462,0.613
12216,1U-D-Z2.tif,0.348,3.809,0.302,1.421,417,644,174.428,0.44,3.558,0.281,0.752
12217,1U-D-Z2.tif,0.285,2.514,0.567,0.905,486,679,72.255,0.491,2.116,0.473,0.809
12220,1U-D-Z2.tif,0.319,3.851,0.27,1.215,100,692,6.52,0.556,2.315,0.432,0.608
12639,1U-U-Z2.tif,0.209,2.977,0.297,1.04,939,35,84.289,0.448,2.896,0.345,0.619
12640,1U-U-Z2.tif,0.229,3.2,0.282,1.39,361,8,113.385,0.352,5.788,0.173,0.619
12642,1U-U-Z2.tif,0.287,2.087,0.827,0.823,242,26,146.976,0.532,1.549,0.645,0.922
12643,1U-U-Z2.tif,0.461,5.244,0.211,1.373,194,38,11.592,0.771,1.933,0.517,0.595
12644,1U-U-Z2.tif,0.294,2.985,0.414,1.197,758,35,168.366,0.427,3.122,0.32,0.717
12645,1U-U-Z2.tif,0.389,2.985,0.548,1.112,924,47,172.875,0.536,2.158,0.463,0.837
12647,1U-U-Z2.tif,0.348,4.025,0.27,1.294,253,46,131.76,0.526,2.854,0.35,0.627
12649,1U-U-Z2.tif,0.278,3.481,0.289,1.404,461,55,152.176,0.408,4.492,0.223,0.63
12650,1U-U-Z2.tif,0.442,4.699,0.252,1.272,117,68,12.529,0.724,1.819,0.55,0.692
12651,1U-U-Z2.tif,0.203,2.583,0.383,0.698,290,59,110.225,0.552,1.23,0.813,0.701
12656,1U-U-Z2.tif,0.254,2.989,0.358,1.13,453,102,121.264,0.547,2.298,0.435,0.633
12657,1U-U-Z2.tif,0.224,2.834,0.35,1.167,209,114,18.97,0.342,4.442,0.225,0.736
12658,1U-U-Z2.tif,0.27,3.35,0.302,1.32,254,109,146.725,0.483,3.631,0.275,0.62
12661,1U-U-Z2.tif,0.26,2.888,0.392,1.078,18,119,7.352,0.414,3.064,0.326,0.701
12669,1U-U-Z2.tif,0.287,2.018,0.884,0.679,844,163,66.038,0.586,1.056,0.947,0.932
12670,1U-U-Z2.tif,0.266,2.027,0.815,0.802,294,153,115.463,0.536,1.483,0.674,0.901
12673,1U-U-Z2.tif,0.227,2.77,0.372,1.134,61,179,160.463,0.348,4.203,0.238,0.739
12677,1U-U-Z2.tif,0.461,2.928,0.676,1.015,276,219,80.218,0.667,1.715,0.583,0.883
12678,1U-U-Z2.tif,0.229,3.359,0.256,1.215,809,204,6.52,0.412,4.625,0.216,0.581
12680,1U-U-Z2.tif,0.325,3.473,0.338,1.281,662,220,23.806,0.573,2.75,0.364,0.653
12682,1U-U-Z2.tif,0.492,4.346,0.328,1.505,61,230,20.095,0.678,2.941,0.34,0.623
12683,1U-U-Z2.tif,0.22,2.38,0.488,0.829,417,240,73.072,0.493,1.694,0.59,0.744
12687,1U-U-Z2.tif,0.442,3.138,0.564,1.13,678,266,58.736,0.687,1.617,0.618,0.793
12688,1U-U-Z2.tif,0.365,3.419,0.392,1.159,902,242,126.529,0.556,2.406,0.416,0.769
12689,1U-U-Z2.tif,0.239,2.334,0.551,0.987,568,272,77.905,0.365,3.124,0.32,0.843
12690,1U-U-Z2.tif,0.238,2.388,0.524,0.788,594,255,113.199,0.527,1.532,0.653,0.786
12691,1U-U-Z2.tif,0.231,2.603,0.428,0.913,897,280,79.114,0.463,2.307,0.433,0.724
12693,1U-U-Z2.tif,0.237,2.282,0.571,0.775,430,287,57.724,0.555,1.398,0.715,0.752
12694,1U-U-Z2.tif,0.281,3.31,0.322,1.065,827,270,114.905,0.67,1.892,0.529,0.606
12698,1U-U-Z2.tif,0.213,2.132,0.588,0.802,37,316,64.537,0.488,1.516,0.66,0.772
12703,1U-U-Z2.tif,0.444,2.546,0.86,0.879,749,321,101.31,0.724,1.265,0.79,0.918
12704,1U-U-Z2.tif,0.284,3.034,0.388,0.835,398,330,128.29,0.606,1.496,0.668,0.74
12707,1U-U-Z2.tif,0.441,4.914,0.23,1.553,912,337,92.545,0.775,3.156,0.317,0.538
12710,1U-U-Z2.tif,0.213,3.31,0.244,1.089,66,372,10.954,0.501,2.567,0.389,0.586
12711,1U-U-Z2.tif,0.233,2.428,0.497,0.731,109,385,70.71,0.586,1.331,0.751,0.748
12717,1U-U-Z2.tif,0.21,3.55,0.21,0.966,830,384,124.824,0.465,2.281,0.438,0.665
12718,1U-U-Z2.tif,0.39,2.989,0.549,1.117,60,393,98.881,0.543,2.31,0.433,0.783
12719,1U-U-Z2.tif,0.306,2.925,0.449,1.071,337,414,33.179,0.478,2.926,0.342,0.724
12720,1U-U-Z2.tif,0.252,3.834,0.215,1.313,489,398,103.671,0.475,3.932,0.254,0.576
12721,1U-U-Z2.tif,0.308,2.798,0.494,1.018,281,409,151.699,0.582,1.871,0.534,0.761
12724,1U-U-Z2.tif,0.29,3.29,0.337,1.185,225,435,171.634,0.566,2.431,0.411,0.657
12725,1U-U-Z2.tif,0.417,2.42,0.895,0.87,817,424,123.69,0.69,1.239,0.807,0.94
12729,1U-U-Z2.tif,0.276,1.966,0.897,0.677,390,467,75.256,0.586,1.04,0.962,0.926
12732,1U-U-Z2.tif,0.422,2.489,0.856,0.938,258,481,36.027,0.673,1.404,0.712,0.937
12733,1U-U-Z2.tif,0.31,3.944,0.251,1.467,535,485,29.578,0.487,4.153,0.241,0.579
12737,1U-U-Z2.tif,0.37,3.631,0.352,1.167,486,484,161.03,0.646,2.022,0.495,0.722
12738,1U-U-Z2.tif,0.258,3.29,0.3,1.342,219,503,25.907,0.41,4.033,0.248,0.655
12742,1U-U-Z2.tif,0.341,3.037,0.465,1.265,562,498,11.004,0.377,3.853,0.26,0.837
12744,1U-U-Z2.tif,0.326,2.681,0.57,0.899,509,507,94.399,0.586,1.481,0.675,0.804
12745,1U-U-Z2.tif,0.239,1.811,0.915,0.622,306,509,123.69,0.54,1.116,0.896,0.922
12747,1U-U-Z2.tif,0.373,3.237,0.448,1.104,988,534,178.21,0.671,1.782,0.561,0.734
12752,1U-U-Z2.tif,0.268,3.359,0.298,1.232,353,540,107.928,0.463,3.753,0.266,0.619
12753,1U-U-Z2.tif,0.328,3.456,0.345,0.895,546,543,152.447,0.683,1.441,0.694,0.734
12759,1U-U-Z2.tif,0.433,4.899,0.227,1.531,171,614,54.162,0.578,3.277,0.305,0.606
12761,1U-U-Z2.tif,0.498,4.435,0.318,1.4,770,597,9.926,0.62,2.754,0.363,0.666
12765,1U-U-Z2.tif,0.207,2.36,0.467,0.905,669,603,162.255,0.382,2.832,0.353,0.78
12766,1U-U-Z2.tif,0.289,3.855,0.244,1.037,248,620,176.186,0.737,1.53,0.653,0.609
12768,1U-U-Z2.tif,0.3,3.554,0.298,1.005,283,613,120.964,0.61,1.563,0.64,0.688
12770,1U-U-Z2.tif,0.353,3.14,0.45,1.188,823,616,154.179,0.583,2.389,0.419,0.723
12771,1U-U-Z2.tif,0.203,2.238,0.51,0.756,703,643,65.772,0.441,2.033,0.492,0.743
12772,1U-U-Z2.tif,0.246,3.103,0.321,1.096,261,629,114.146,0.438,2.815,0.355,0.678
12775,1U-U-Z2.tif,0.482,2.704,0.827,0.976,937,660,57.995,0.707,1.408,0.71,0.906
12778,1U-U-Z2.tif,0.216,2.124,0.603,0.835,377,675,51.71,0.416,2.128,0.47,0.841
12782,1U-U-Z2.tif,0.27,3.7,0.248,1.189,258,685,29.539,0.538,1.932,0.518,0.646
12785,1U-U-Z2.tif,0.219,2.862,0.336,1.049,512,710,80.538,0.422,2.772,0.361,0.668
13148,1D-C-Z2.tif,0.304,2.262,0.748,0.808,43,34,50.194,0.611,1.379,0.725,0.868
13149,1D-C-Z2.tif,0.208,2.603,0.386,1.002,436,21,3.945,0.379,3.199,0.313,0.673
13154,1D-C-Z2.tif,0.416,4.252,0.289,1.788,266,33,109.134,0.48,4.806,0.208,0.683
13160,1D-C-Z2.tif,0.259,2.242,0.648,0.899,541,76,122.471,0.458,2.057,0.486,0.867
13164,1D-C-Z2.tif,0.216,2.936,0.315,0.805,407,110,46.736,0.621,1.117,0.895,0.618
13169,1D-C-Z2.tif,0.27,2.534,0.528,0.842,590,134,145.008,0.637,1.611,0.621,0.762
13174,1D-C-Z2.tif,0.373,2.417,0.803,0.862,695,178,73.74,0.621,1.398,0.715,0.918
13175,1D-C-Z2.tif,0.319,3.623,0.305,1.481,304,168,167.905,0.561,2.687,0.372,0.615
13181,1D-C-Z2.tif,0.353,2.233,0.89,0.788,978,209,66.801,0.621,1.217,0.822,0.94
13185,1D-C-Z2.tif,0.202,1.82,0.767,0.663,579,216,117.897,0.462,1.537,0.651,0.856
13187,1D-C-Z2.tif,0.268,2.864,0.41,1.272,523,222,130.601,0.371,4.244,0.236,0.787
13188,1D-C-Z2.tif,0.214,2.302,0.507,0.941,973,228,171.573,0.345,3.019,0.331,0.807
13189,1D-C-Z2.tif,0.347,2.331,0.803,0.899,777,250,32.471,0.57,1.614,0.619,0.921
13190,1D-C-Z2.tif,0.451,2.587,0.846,0.954,754,248,139.399,0.673,1.438,0.696,0.932
13202,1D-C-Z2.tif,0.379,2.704,0.652,0.928,487,313,74.932,0.675,1.426,0.701,0.831
13206,1D-C-Z2.tif,0.408,3.347,0.458,1.083,930,364,80.838,0.588,1.982,0.505,0.796
13209,1D-C-Z2.tif,0.447,2.615,0.821,0.938,5,362,72.897,0.655,1.395,0.717,0.928
13211,1D-C-Z2.tif,0.331,3.924,0.27,1.676,722,349,143.366,0.42,5.165,0.194,0.667
13213,1D-C-Z2.tif,0.246,2.513,0.49,1.096,207,388,77.276,0.328,3.568,0.28,0.872
13219,1D-C-Z2.tif,0.245,2.444,0.515,0.981,869,385,100.125,0.379,2.849,0.351,0.864
13222,1D-C-Z2.tif,0.287,2.672,0.504,0.928,386,402,111.801,0.555,1.738,0.575,0.753
13223,1D-C-Z2.tif,0.395,2.79,0.637,1.049,179,431,46.332,0.651,1.657,0.604,0.859
13226,1D-C-Z2.tif,0.313,4.277,0.215,1.474,221,434,100.784,0.476,3.696,0.271,0.538
13228,1D-C-Z2.tif,0.202,2.461,0.42,1.014,174,441,107.819,0.37,3.688,0.271,0.688
13233,1D-C-Z2.tif,0.266,2.259,0.656,0.766,534,496,35.838,0.577,1.407,0.711,0.852
13234,1D-C-Z2.tif,0.31,2.323,0.723,0.834,339,510,60.255,0.639,1.331,0.751,0.88
13235,1D-C-Z2.tif,0.391,3.671,0.365,1.38,834,536,77.005,0.487,3.307,0.302,0.772
13239,1D-C-Z2.tif,0.391,2.274,0.951,0.775,643,510,110.854,0.655,1.11,0.901,0.955
13250,1D-C-Z2.tif,0.498,3.972,0.397,1.249,750,563,96.34,0.721,1.988,0.503,0.724
13251,1D-C-Z2.tif,0.225,2.42,0.482,0.949,32,599,70.907,0.393,2.845,0.352,0.786
13254,1D-C-Z2.tif,0.298,4.324,0.201,1.668,312,605,7.125,0.41,5.383,0.186,0.562
13258,1D-C-Z2.tif,0.221,1.754,0.903,0.614,124,615,128.157,0.51,1.186,0.843,0.93
13267,1D-C-Z2.tif,0.354,3.505,0.362,1.497,686,675,151.074,0.424,4.162,0.24,0.715
13269,1D-C-Z2.tif,0.241,3.066,0.323,1.004,356,705,164.055,0.48,1.948,0.513,0.682
13648,1D-D-Z2.tif,0.326,3.159,0.41,1.397,790,20,105.751,0.355,4.355,0.23,0.838
13652,1D-D-Z2.tif,0.281,2.867,0.429,0.907,505,75,81.254,0.479,2.223,0.45,0.792
13653,1D-D-Z2.tif,0.241,2.311,0.568,0.911,445,51,119.476,0.472,1.921,0.521,0.822
13657,1D-D-Z2.tif,0.266,2.982,0.376,0.805,159,90,46.736,0.621,1.254,0.797,0.743
13658,1D-D-Z2.tif,0.302,3.432,0.322,1.219,253,76,154.885,0.492,3.292,0.304,0.619
13659,1D-D-Z2.tif,0.453,3.967,0.362,1.055,366,73,101.31,0.734,1.571,0.636,0.742
13660,1D-D-Z2.tif,0.348,2.936,0.508,1.146,291,86,173.089,0.552,2.035,0.492,0.792
13663,1D-D-Z2.tif,0.458,2.888,0.69,0.918,602,121,55.713,0.791,1.191,0.84,0.86
13664,1D-D-Z2.tif,0.345,4.373,0.227,1.716,135,152,67.557,0.596,3.836,0.261,0.431
13668,1D-D-Z2.tif,0.461,2.725,0.781,1.021,414,124,11.689,0.608,1.679,0.595,0.922
13672,1D-D-Z2.tif,0.338,2.477,0.691,1.002,257,145,130.815,0.497,2.176,0.46,0.886
13675,1D-D-Z2.tif,0.436,2.716,0.743,1.047,881,154,107.241,0.552,1.867,0.536,0.924
13677,1D-D-Z2.tif,0.446,2.575,0.845,0.916,802,183,109.799,0.725,1.184,0.845,0.929
13678,1D-D-Z2.tif,0.263,3.212,0.32,1.146,478,217,83.089,0.517,2.78,0.36,0.655
13679,1D-D-Z2.tif,0.468,4.939,0.241,1.959,413,205,153.886,0.505,5.663,0.177,0.572
13680,1D-D-Z2.tif,0.25,3.054,0.336,1.191,531,206,10.008,0.384,4.134,0.242,0.656
13684,1D-D-Z2.tif,0.262,3.663,0.245,1.082,172,226,30.651,0.523,2.13,0.47,0.601
13691,1D-D-Z2.tif,0.222,2.124,0.619,0.771,820,250,100.305,0.436,1.815,0.551,0.846
13709,1D-D-Z2.tif,0.372,4.536,0.227,1.588,927,342,177.51,0.645,2.984,0.335,0.483
13713,1D-D-Z2.tif,0.32,2.437,0.677,0.854,320,359,133.363,0.584,1.486,0.673,0.873
13714,1D-D-Z2.tif,0.296,4.159,0.215,1.407,417,383,17.103,0.571,3.792,0.264,0.473
13722,1D-D-Z2.tif,0.461,4.211,0.327,1.621,440,384,113.839,0.536,3.694,0.271,0.678
13723,1D-D-Z2.tif,0.359,4.695,0.205,1.567,814,394,129.644,0.812,3.022,0.331,0.43
13726,1D-D-Z2.tif,0.298,4.265,0.206,1.664,419,418,124.019,0.578,4.035,0.248,0.538
13728,1D-D-Z2.tif,0.239,3.2,0.293,0.852,940,438,31.759,0.643,1.455,0.687,0.624
13729,1D-D-Z2.tif,0.339,3.152,0.429,0.895,996,440,105.642,0.694,1.385,0.722,0.719
13735,1D-D-Z2.tif,0.22,1.754,0.898,0.622,417,477,33.69,0.483,1.277,0.783,0.934
13737,1D-D-Z2.tif,0.289,2.148,0.787,0.84,190,492,70.821,0.479,1.749,0.572,0.936
13740,1D-D-Z2.tif,0.289,2.018,0.891,0.727,551,496,148.57,0.555,1.268,0.789,0.933
13741,1D-D-Z2.tif,0.335,3.115,0.434,0.911,655,497,150.524,0.633,1.31,0.764,0.782
13747,1D-D-Z2.tif,0.202,1.937,0.677,0.694,504,543,26.565,0.457,1.629,0.614,0.854
13748,1D-D-Z2.tif,0.227,2.331,0.525,0.937,439,560,83.66,0.414,2.537,0.394,0.794
13749,1D-D-Z2.tif,0.365,4.418,0.235,1.61,483,579,80.134,0.596,4.119,0.243,0.503
13753,1D-D-Z2.tif,0.264,1.889,0.93,0.679,185,546,113.962,0.555,1.213,0.824,0.921
13755,1D-D-Z2.tif,0.222,1.889,0.783,0.731,749,569,81.87,0.448,1.636,0.611,0.906
13756,1D-D-Z2.tif,0.241,3.184,0.299,1.42,94,550,119.055,0.395,5.105,0.196,0.604
13759,1D-D-Z2.tif,0.325,4.073,0.246,1.636,445,559,145.305,0.447,5.452,0.183,0.607
13761,1D-D-Z2.tif,0.243,3.554,0.241,1.309,164,567,161.565,0.47,3.846,0.26,0.489
13763,1D-D-Z2.tif,0.279,3.992,0.22,1.712,518,604,34.33,0.309,7.647,0.131,0.643
13764,1D-D-Z2.tif,0.377,2.879,0.571,0.941,389,603,81.573,0.586,1.595,0.627,0.842
13766,1D-D-Z2.tif,0.317,3.212,0.387,0.959,704,581,127.694,0.623,1.518,0.659,0.736
13767,1D-D-Z2.tif,0.375,3.554,0.373,1.058,276,588,160.974,0.648,1.895,0.528,0.705
13775,1D-D-Z2.tif,0.346,4.159,0.251,1.206,658,610,120.964,0.531,2.488,0.402,0.72
13779,1D-D-Z2.tif,0.25,2.307,0.589,0.879,244,661,48.18,0.463,2.168,0.461,0.824
13781,1D-D-Z2.tif,0.279,3.599,0.271,1.385,276,683,71.114,0.434,3.947,0.253,0.649
13782,1D-D-Z2.tif,0.207,2.44,0.437,0.92,11,681,77.005,0.379,3.339,0.3,0.727
13787,1D-D-Z2.tif,0.407,3.522,0.412,1.178,781,705,69.444,0.619,1.879,0.532,0.751
13788,1D-D-Z2.tif,0.445,2.615,0.817,0.973,382,676,112.932,0.632,1.586,0.63,0.926
13789,1D-D-Z2.tif,0.224,2.856,0.345,1.152,675,698,38.928,0.434,3.07,0.326,0.607
13790,1D-D-Z2.tif,0.253,3.249,0.301,1.345,923,718,67.38,0.405,4.433,0.226,0.616
13792,1D-D-Z2.tif,0.231,2.035,0.7,0.731,944,714,81.87,0.483,1.435,0.697,0.864
13794,1D-D-Z2.tif,0.213,1.783,0.842,0.617,24,702,153.435,0.488,1.266,0.79,0.891
14154,1D-U-Z2.tif,0.484,4.796,0.264,1.573,643,50,63.997,0.652,2.68,0.373,0.634
14159,1D-U-Z2.tif,0.436,3.058,0.587,1.138,174,55,54.866,0.72,1.683,0.594,0.793
14165,1D-U-Z2.tif,0.205,2.676,0.359,1.171,527,84,13.627,0.297,4.772,0.21,0.714
14169,1D-U-Z2.tif,0.372,2.693,0.645,0.91,505,110,52.696,0.597,1.532,0.653,0.851
14172,1D-U-Z2.tif,0.365,2.83,0.573,1.104,448,103,141.34,0.552,1.955,0.512,0.824
14175,1D-U-Z2.tif,0.254,1.941,0.849,0.718,903,141,125.218,0.513,1.434,0.698,0.918
14178,1D-U-Z2.tif,0.264,2.006,0.824,0.775,572,152,122.276,0.512,1.569,0.637,0.895
14184,1D-U-Z2.tif,0.205,2.104,0.581,0.82,929,169,112.249,0.414,2.09,0.478,0.817
14186,1D-U-Z2.tif,0.209,1.852,0.767,0.72,331,206,73.301,0.436,1.678,0.596,0.905
14187,1D-U-Z2.tif,0.263,3.694,0.242,1.718,242,240,79.592,0.259,7.758,0.129,0.795
14195,1D-U-Z2.tif,0.24,2.444,0.505,1.055,178,210,101.31,0.379,3.278,0.305,0.836
14200,1D-U-Z2.tif,0.205,1.912,0.703,0.786,867,236,105.255,0.372,2.144,0.466,0.903
14201,1D-U-Z2.tif,0.365,4.282,0.25,1.558,332,295,65.136,0.479,3.776,0.265,0.648
14202,1D-U-Z2.tif,0.345,2.587,0.648,1.065,497,255,155.095,0.508,2.078,0.481,0.87
14203,1D-U-Z2.tif,0.473,4.171,0.342,1.293,684,256,136.081,0.705,2.123,0.471,0.654
14208,1D-U-Z2.tif,0.254,3.285,0.296,1.313,890,282,166.329,0.459,4.563,0.219,0.632
14209,1D-U-Z2.tif,0.256,3.034,0.349,0.928,313,311,31.329,0.622,1.627,0.615,0.596
14212,1D-U-Z2.tif,0.378,3.399,0.411,1.313,492,337,76.329,0.519,3.393,0.295,0.729
14213,1D-U-Z2.tif,0.232,3.017,0.32,1.102,452,310,159.864,0.419,3.638,0.275,0.646
14217,1D-U-Z2.tif,0.417,3.732,0.377,1.352,796,365,84.144,0.687,2.67,0.375,0.627
14224,1D-U-Z2.tif,0.31,2.144,0.848,0.848,667,367,116.565,0.523,1.652,0.605,0.922
14226,1D-U-Z2.tif,0.332,2.144,0.907,0.753,935,396,74.055,0.611,1.212,0.825,0.925
14227,1D-U-Z2.tif,0.25,1.949,0.826,0.74,283,401,27.759,0.471,1.557,0.642,0.913
14228,1D-U-Z2.tif,0.436,4.78,0.24,1.483,317,411,144.462,0.737,2.537,0.394,0.508
14229,1D-U-Z2.tif,0.313,2.652,0.559,1.123,71,444,47.49,0.463,2.498,0.4,0.813
14232,1D-U-Z2.tif,0.263,1.953,0.866,0.698,1005,443,57.095,0.483,1.347,0.743,0.936
14233,1D-U-Z2.tif,0.283,2.859,0.435,1.005,95,434,157.834,0.466,2.362,0.423,0.789
14234,1D-U-Z2.tif,0.254,3.91,0.209,1.684,607,458,34.992,0.456,4.394,0.228,0.465
14237,1D-U-Z2.tif,0.35,4.004,0.274,1.596,745,442,173.797,0.534,3.737,0.268,0.586
14243,1D-U-Z2.tif,0.207,2.274,0.503,0.956,344,480,64.359,0.41,2.461,0.406,0.748
14255,1D-U-Z2.tif,0.24,2.925,0.353,0.987,345,547,12.095,0.484,2.551,0.392,0.617
14257,1D-U-Z2.tif,0.463,2.948,0.669,1.047,159,545,107.241,0.653,1.562,0.64,0.887
14264,1D-U-Z2.tif,0.348,2.331,0.806,0.916,581,576,160.201,0.544,1.712,0.584,0.913
14266,1D-U-Z2.tif,0.279,3.451,0.295,1.515,632,591,11.821,0.397,4.583,0.218,0.636
14274,1D-U-Z2.tif,0.452,2.558,0.868,0.92,786,622,167.005,0.655,1.392,0.718,0.951
14276,1D-U-Z2.tif,0.409,2.888,0.616,1.11,959,635,36.158,0.574,1.995,0.501,0.851
14278,1D-U-Z2.tif,0.424,3.266,0.5,1.177,914,635,95.042,0.717,1.704,0.587,0.765
14280,1D-U-Z2.tif,0.46,2.933,0.672,1.131,776,639,127.569,0.574,2.066,0.484,0.854
14287,1D-U-Z2.tif,0.302,2.302,0.716,0.895,726,682,105.642,0.46,1.983,0.504,0.899
14290,1D-U-Z2.tif,0.208,1.763,0.842,0.602,451,720,23.629,0.51,1.101,0.908,0.897
14742,2D-C-Z2.tif,0.278,3.427,0.298,1.39,441,54,29.745,0.41,4.386,0.228,0.627
14744,2D-C-Z2.tif,0.363,4.215,0.257,1.204,844,56,13.241,0.522,2.338,0.428,0.668
14751,2D-C-Z2.tif,0.376,3.306,0.432,1.159,490,66,126.529,0.649,1.956,0.511,0.7
14753,2D-C-Z2.tif,0.466,2.587,0.875,0.872,975,100,71.565,0.724,1.121,0.892,0.94
14754,2D-C-Z2.tif,0.213,1.937,0.713,0.788,551,103,66.801,0.411,2.046,0.489,0.873
14758,2D-C-Z2.tif,0.277,3.436,0.295,0.938,517,101,17.103,0.566,1.944,0.514,0.626
14763,2D-C-Z2.tif,0.293,2.437,0.619,0.949,803,113,19.093,0.567,1.732,0.577,0.827
14764,2D-C-Z2.tif,0.37,2.534,0.723,0.897,219,127,67.38,0.567,1.693,0.591,0.88
14768,2D-C-Z2.tif,0.389,3.565,0.384,1.204,514,147,66.371,0.659,1.829,0.547,0.641
14770,2D-C-Z2.tif,0.432,2.61,0.796,0.987,772,151,77.905,0.552,1.825,0.548,0.934
14772,2D-C-Z2.tif,0.254,2.859,0.391,0.958,551,150,30.256,0.544,1.945,0.514,0.647
14774,2D-C-Z2.tif,0.321,2.494,0.649,0.987,991,162,65.225,0.531,2.085,0.48,0.85
14776,2D-C-Z2.tif,0.256,2.79,0.413,1.142,304,138,151.113,0.469,2.69,0.372,0.692
14779,2D-C-Z2.tif,0.426,3.501,0.436,1.029,27,162,13.57,0.655,1.565,0.639,0.797
14781,2D-C-Z2.tif,0.409,2.798,0.656,0.823,361,173,56.976,0.724,1.151,0.868,0.868
14782,2D-C-Z2.tif,0.366,2.36,0.827,0.852,458,154,148.241,0.658,1.287,0.777,0.914
14788,2D-C-Z2.tif,0.297,3.221,0.36,1.08,69,196,106.699,0.546,2.392,0.418,0.663
14789,2D-C-Z2.tif,0.326,2.583,0.614,0.84,540,221,70.821,0.58,1.423,0.703,0.87
14793,2D-C-Z2.tif,0.237,2.181,0.625,0.918,580,243,55.713,0.393,2.447,0.409,0.852
14794,2D-C-Z2.tif,0.21,3.189,0.26,1.08,861,231,16.699,0.447,2.774,0.361,0.561
14798,2D-C-Z2.tif,0.214,2.957,0.308,1.187,937,229,125.538,0.378,4.152,0.241,0.603
14799,2D-C-Z2.tif,0.297,4.11,0.221,0.976,24,254,32.005,0.763,1.399,0.715,0.523
14800,2D-C-Z2.tif,0.371,4.013,0.29,1.332,301,234,100.437,0.719,2.562,0.39,0.559
14804,2D-C-Z2.tif,0.228,2.486,0.464,0.938,461,249,126.027,0.416,2.595,0.385,0.729
14810,2D-C-Z2.tif,0.46,2.587,0.864,0.981,1005,264,100.125,0.621,1.57,0.637,0.937
14814,2D-C-Z2.tif,0.265,2.376,0.59,0.853,294,273,104.036,0.448,2.017,0.496,0.869
14815,2D-C-Z2.tif,0.337,2.689,0.585,0.938,578,282,126.027,0.591,1.717,0.582,0.836
14816,2D-C-Z2.tif,0.404,2.566,0.771,0.949,725,308,70.907,0.585,1.689,0.592,0.91
14818,2D-C-Z2.tif,0.327,3.631,0.312,1.13,684,293,12.339,0.586,2.053,0.487,0.617
14822,2D-C-Z2.tif,0.339,2.854,0.523,1.029,390,304,166.43,0.515,1.868,0.535,0.793
14830,2D-C-Z2.tif,0.489,2.802,0.782,1.082,812,369,67.521,0.655,1.669,0.599,0.927
14833,2D-C-Z2.tif,0.213,1.872,0.763,0.74,987,366,62.241,0.448,1.601,0.625,0.888
14834,2D-C-Z2.tif,0.263,2.899,0.393,1.108,227,366,174.644,0.407,2.84,0.352,0.727
14835,2D-C-Z2.tif,0.288,2.437,0.609,1.09,420,392,55.305,0.415,2.823,0.354,0.893
14838,2D-C-Z2.tif,0.364,4.036,0.281,1.556,879,376,167.196,0.545,3.126,0.32,0.621
14840,2D-C-Z2.tif,0.304,2.624,0.556,0.937,857,382,96.34,0.483,2.194,0.456,0.822
14841,2D-C-Z2.tif,0.419,3.404,0.454,1.053,573,413,58.392,0.738,1.466,0.682,0.743
14843,2D-C-Z2.tif,0.243,3.051,0.328,1.065,751,391,155.095,0.468,2.885,0.347,0.65
14845,2D-C-Z2.tif,0.265,3.668,0.248,1.32,86,435,56.725,0.512,3.192,0.313,0.544
14846,2D-C-Z2.tif,0.466,5.308,0.208,1.748,921,403,104.859,0.799,2.206,0.453,0.495
14848,2D-C-Z2.tif,0.402,2.847,0.623,0.928,535,433,74.932,0.667,1.414,0.707,0.866
14849,2D-C-Z2.tif,0.365,2.534,0.714,0.91,437,414,127.304,0.585,1.573,0.636,0.882
14850,2D-C-Z2.tif,0.298,3.054,0.402,0.864,672,417,118.61,0.724,1.269,0.788,0.667
14851,2D-C-Z2.tif,0.446,2.684,0.778,1.004,911,419,105.945,0.655,1.432,0.698,0.907
14853,2D-C-Z2.tif,0.213,1.969,0.69,0.817,204,432,152.354,0.414,2.066,0.484,0.873
14854,2D-C-Z2.tif,0.444,2.624,0.81,0.928,1004,434,105.068,0.655,1.439,0.695,0.93
14857,2D-C-Z2.tif,0.233,3.115,0.302,1.259,814,445,99.462,0.334,4.881,0.205,0.657
14860,2D-C-Z2.tif,0.449,2.957,0.646,1.044,802,482,82.405,0.617,1.902,0.526,0.854
14869,2D-C-Z2.tif,0.244,2.193,0.637,0.918,614,507,34.287,0.463,1.998,0.5,0.884
14881,2D-C-Z2.tif,0.228,3.37,0.253,1.1,9,579,32.196,0.621,2.242,0.446,0.479
14882,2D-C-Z2.tif,0.207,2.132,0.572,0.711,316,576,129.094,0.493,1.524,0.656,0.773
14894,2D-C-Z2.tif,0.479,2.83,0.752,1.083,611,613,127.235,0.676,1.593,0.628,0.912
14897,2D-C-Z2.tif,0.315,2.164,0.845,0.727,649,656,58.57,0.621,1.124,0.89,0.906
14899,2D-C-Z2.tif,0.244,2.523,0.481,0.823,883,655,33.024,0.516,1.806,0.554,0.762
14907,2D-C-Z2.tif,0.333,3.175,0.415,1.197,294,664,101.634,0.518,1.941,0.515,0.724
14908,2D-C-Z2.tif,0.422,3.85,0.358,1.228,843,674,141.843,0.687,2.469,0.405,0.618
14911,2D-C-Z2.tif,0.225,2.196,0.585,0.845,786,688,168.232,0.374,2.393,0.418,0.848
14912,2D-C-Z2.tif,0.302,2.242,0.755,0.862,915,710,36.87,0.502,1.705,0.587,0.901
15398,2D-D-Z2.tif,0.25,2.282,0.602,0.928,878,33,21.801,0.443,2.139,0.467,0.864
15399,2D-D-Z2.tif,0.416,4.805,0.227,1.511,798,25,124.778,0.683,2.173,0.46,0.612
15402,2D-D-Z2.tif,0.329,2.262,0.809,0.852,225,59,68.629,0.586,1.414,0.707,0.913
15404,2D-D-Z2.tif,0.405,3.163,0.509,1.042,319,45,145.784,0.667,1.587,0.63,0.799
15406,2D-D-Z2.tif,0.246,2.388,0.542,0.884,872,52,159.444,0.492,1.947,0.514,0.801
15407,2D-D-Z2.tif,0.426,5.072,0.208,1.86,665,68,10.685,0.69,2.913,0.343,0.528
15408,2D-D-Z2.tif,0.218,3.212,0.265,0.905,184,72,40.365,0.616,1.655,0.604,0.576
15414,2D-D-Z2.tif,0.279,2.124,0.778,0.711,710,85,22.834,0.575,1.288,0.777,0.887
15415,2D-D-Z2.tif,0.264,3.103,0.345,1.089,322,76,169.046,0.517,2.025,0.494,0.68
15417,2D-D-Z2.tif,0.25,3.591,0.243,0.972,204,104,27.474,0.579,1.673,0.598,0.587
15425,2D-D-Z2.tif,0.226,2.047,0.678,0.786,863,116,52.125,0.493,1.497,0.668,0.848
15428,2D-D-Z2.tif,0.268,2.087,0.772,0.711,533,130,50.906,0.586,1.145,0.874,0.891
15434,2D-D-Z2.tif,0.243,3.246,0.289,1.123,55,163,17.879,0.487,2.657,0.376,0.644
15437,2D-D-Z2.tif,0.219,3.696,0.201,1.191,623,156,100.008,0.483,3.04,0.329,0.536
15440,2D-D-Z2.tif,0.218,3.115,0.282,1.255,229,180,15.945,0.339,4.728,0.211,0.625
15442,2D-D-Z2.tif,0.232,2.087,0.669,0.666,993,189,68.749,0.51,1.4,0.714,0.85
15443,2D-D-Z2.tif,0.377,2.339,0.866,0.812,867,195,77.735,0.648,1.261,0.793,0.914
15446,2D-D-Z2.tif,0.21,3.002,0.293,0.756,636,182,114.228,0.517,1.428,0.7,0.704
15453,2D-D-Z2.tif,0.316,3.143,0.402,1.1,457,231,57.804,0.622,2.015,0.496,0.675
15454,2D-D-Z2.tif,0.228,3.338,0.257,1.137,957,208,104.036,0.474,2.608,0.383,0.61
15460,2D-D-Z2.tif,0.221,2.035,0.671,0.786,921,249,74.745,0.448,1.689,0.592,0.857
15462,2D-D-Z2.tif,0.26,3.924,0.213,1.04,820,230,95.711,0.608,2.062,0.485,0.552
15463,2D-D-Z2.tif,0.264,1.929,0.891,0.687,1012,230,107.526,0.544,1.242,0.805,0.923
15466,2D-D-Z2.tif,0.24,2.311,0.565,0.973,46,243,112.932,0.371,2.738,0.365,0.856
15467,2D-D-Z2.tif,0.231,2.486,0.469,1.035,904,244,119.982,0.406,2.835,0.353,0.802
15468,2D-D-Z2.tif,0.303,2.469,0.625,0.829,984,268,73.072,0.543,1.561,0.641,0.812
15469,2D-D-Z2.tif,0.303,3.992,0.239,1.199,719,249,161.565,0.565,2.732,0.366,0.519
15471,2D-D-Z2.tif,0.435,2.652,0.778,0.962,881,249,104.534,0.669,1.363,0.734,0.912
15473,2D-D-Z2.tif,0.392,4.362,0.259,1.429,459,271,171.674,0.595,2.884,0.347,0.63
15475,2D-D-Z2.tif,0.294,2.116,0.825,0.853,61,284,14.036,0.483,1.64,0.61,0.92
15476,2D-D-Z2.tif,0.26,2.534,0.509,0.918,253,297,55.713,0.605,1.385,0.722,0.755
15477,2D-D-Z2.tif,0.308,3.545,0.308,1.096,873,279,102.724,0.482,2.201,0.454,0.766
15478,2D-D-Z2.tif,0.233,1.986,0.742,0.718,850,297,35.218,0.523,1.437,0.696,0.85
15481,2D-D-Z2.tif,0.376,2.452,0.785,0.938,477,302,17.103,0.528,1.743,0.574,0.921
15489,2D-D-Z2.tif,0.348,2.437,0.737,0.905,285,327,130.365,0.61,1.386,0.722,0.875
15490,2D-D-Z2.tif,0.491,2.615,0.902,0.905,917,352,72.255,0.724,1.188,0.842,0.941
15491,2D-D-Z2.tif,0.444,3.106,0.578,1.156,775,329,107.354,0.614,1.962,0.51,0.829
15492,2D-D-Z2.tif,0.36,2.497,0.726,0.881,711,332,120.579,0.663,1.22,0.82,0.903
15495,2D-D-Z2.tif,0.241,1.917,0.825,0.654,995,363,71.565,0.555,1.139,0.878,0.89
15497,2D-D-Z2.tif,0.308,4.073,0.233,1.339,526,347,101.889,0.566,3.507,0.285,0.524
15503,2D-D-Z2.tif,0.244,2.761,0.402,0.84,536,371,160.821,0.448,1.822,0.549,0.815
15512,2D-D-Z2.tif,0.448,5.02,0.224,1.582,765,438,78.69,0.706,3.292,0.304,0.538
15514,2D-D-Z2.tif,0.489,3.554,0.486,1.388,237,420,26.565,0.649,2.521,0.397,0.749
15515,2D-D-Z2.tif,0.361,3.594,0.352,1.188,962,404,115.821,0.706,1.833,0.545,0.635
15516,2D-D-Z2.tif,0.463,2.558,0.888,0.899,95,428,57.529,0.741,1.212,0.825,0.942
15522,2D-D-Z2.tif,0.354,2.383,0.784,0.823,898,436,123.024,0.586,1.298,0.771,0.927
15523,2D-D-Z2.tif,0.442,2.721,0.751,1.005,737,467,84.094,0.655,1.624,0.616,0.897
15531,2D-D-Z2.tif,0.445,3.801,0.387,1.558,12,512,62.301,0.555,3.244,0.308,0.723
15534,2D-D-Z2.tif,0.215,2.084,0.623,0.805,696,498,170.134,0.448,2.028,0.493,0.792
15539,2D-D-Z2.tif,0.369,2.299,0.876,0.778,983,529,77.196,0.683,1.122,0.891,0.914
15541,2D-D-Z2.tif,0.277,3.924,0.226,0.83,286,516,138.366,0.665,1.305,0.767,0.656
15542,2D-D-Z2.tif,0.224,3.221,0.271,1.201,611,515,129.174,0.536,2.416,0.414,0.585
15543,2D-D-Z2.tif,0.334,3.485,0.346,1.225,892,551,80.272,0.537,2.709,0.369,0.65
15547,2D-D-Z2.tif,0.486,2.598,0.905,0.942,766,557,66.251,0.69,1.298,0.771,0.953
15548,2D-D-Z2.tif,0.231,1.84,0.856,0.711,382,535,129.094,0.459,1.553,0.644,0.917
15549,2D-D-Z2.tif,0.388,3.298,0.448,1.079,966,535,116.565,0.711,1.595,0.627,0.748
15553,2D-D-Z2.tif,0.352,3.379,0.387,0.956,156,547,154.359,0.756,1.314,0.761,0.718
15558,2D-D-Z2.tif,0.35,3.448,0.37,1.188,864,570,25.821,0.578,2.587,0.387,0.73
15559,2D-D-Z2.tif,0.298,3.476,0.31,1.053,374,558,148.392,0.549,2.29,0.437,0.722
15560,2D-D-Z2.tif,0.439,4.107,0.327,1.13,223,594,58.736,0.794,1.634,0.612,0.632
15561,2D-D-Z2.tif,0.266,2.652,0.476,1.018,170,595,61.699,0.487,2.794,0.358,0.752
15562,2D-D-Z2.tif,0.235,2.652,0.421,0.962,732,576,165.466,0.517,2.043,0.49,0.684
15567,2D-D-Z2.tif,0.492,4.879,0.26,1.564,869,594,165.964,0.683,2.678,0.373,0.613
15568,2D-D-Z2.tif,0.373,2.725,0.632,0.884,737,596,110.556,0.641,1.41,0.709,0.842
15571,2D-D-Z2.tif,0.293,2.099,0.834,0.738,335,605,142.595,0.586,1.101,0.908,0.932
15572,2D-D-Z2.tif,0.471,2.664,0.834,0.972,261,628,62.526,0.709,1.323,0.756,0.919
15573,2D-D-Z2.tif,0.273,2.916,0.404,0.91,957,625,52.696,0.575,1.606,0.623,0.673
15574,2D-D-Z2.tif,0.415,4.983,0.21,1.592,677,619,17.65,0.583,2.991,0.334,0.589
15582,2D-D-Z2.tif,0.439,4.869,0.233,1.255,47,637,127.185,0.966,1.053,0.95,0.509
15583,2D-D-Z2.tif,0.257,2.262,0.631,0.925,691,633,153.435,0.432,2.395,0.418,0.871
15585,2D-D-Z2.tif,0.333,2.753,0.552,1.082,838,635,112.479,0.488,2.008,0.498,0.816
15587,2D-D-Z2.tif,0.213,2.262,0.523,0.928,289,637,105.068,0.372,2.836,0.353,0.797
15591,2D-D-Z2.tif,0.247,3.416,0.266,1.325,514,676,38.66,0.421,3.779,0.265,0.567
15597,2D-D-Z2.tif,0.385,2.619,0.706,1.058,249,668,109.026,0.517,2.069,0.483,0.906
15598,2D-D-Z2.tif,0.203,2.331,0.47,0.808,128,686,39.806,0.522,1.816,0.551,0.732
15602,2D-D-Z2.tif,0.363,2.449,0.76,0.916,810,702,19.799,0.584,1.64,0.61,0.904
15603,2D-D-Z2.tif,0.428,3.517,0.435,1.196,27,718,33.232,0.708,1.765,0.567,0.75
15604,2D-D-Z2.tif,0.327,2.497,0.659,0.911,290,713,29.476,0.642,1.316,0.76,0.835
15605,2D-D-Z2.tif,0.244,1.868,0.877,0.659,954,723,83.991,0.517,1.204,0.83,0.907
16077,2D-U-Z2.tif,0.251,1.88,0.892,0.687,46,24,72.474,0.517,1.318,0.759,0.93
16081,2D-U-Z2.tif,0.235,2.104,0.668,0.842,735,13,145.008,0.401,2.093,0.478,0.88
16082,2D-U-Z2.tif,0.293,2.254,0.724,0.913,149,41,79.114,0.479,1.892,0.529,0.886
16084,2D-U-Z2.tif,0.221,1.763,0.895,0.654,593,22,108.435,0.483,1.342,0.745,0.912
16086,2D-U-Z2.tif,0.22,1.958,0.721,0.698,609,28,147.095,0.516,1.341,0.746,0.855
16087,2D-U-Z2.tif,0.312,2.486,0.634,0.759,694,34,140.528,0.638,1.067,0.938,0.842
16088,2D-U-Z2.tif,0.212,2.144,0.578,0.746,874,50,33.69,0.454,1.759,0.569,0.759
16089,2D-U-Z2.tif,0.419,3.301,0.483,0.958,440,61,59.744,0.808,1.254,0.797,0.714
16090,2D-U-Z2.tif,0.302,3.749,0.27,1.238,326,72,77.125,0.549,3.215,0.311,0.54
16091,2D-U-Z2.tif,0.491,4.8,0.268,1.664,520,42,140.042,0.853,2.503,0.4,0.503
16093,2D-U-Z2.tif,0.271,3.071,0.361,1.123,649,64,42.51,0.439,3.134,0.319,0.69
16095,2D-U-Z2.tif,0.415,2.437,0.878,0.84,907,72,70.821,0.707,1.179,0.848,0.928
16097,2D-U-Z2.tif,0.428,3.683,0.397,1.377,952,96,67.932,0.507,3.055,0.327,0.779
16101,2D-U-Z2.tif,0.395,2.888,0.595,1.035,696,68,150.018,0.68,1.508,0.663,0.833
16103,2D-U-Z2.tif,0.238,1.949,0.787,0.753,929,66,105.945,0.483,1.568,0.638,0.895
16104,2D-U-Z2.tif,0.313,3.818,0.27,1.207,618,67,143.13,0.707,1.38,0.725,0.555
16105,2D-U-Z2.tif,0.369,3.915,0.302,1.356,781,74,172.694,0.701,2.219,0.451,0.55
16106,2D-U-Z2.tif,0.21,1.694,0.922,0.569,836,87,75.964,0.517,1.058,0.946,0.924
16108,2D-U-Z2.tif,0.405,4.045,0.311,1.265,706,105,25.866,0.795,1.496,0.668,0.636
16112,2D-U-Z2.tif,0.235,3.005,0.328,1.071,758,113,33.179,0.578,2.256,0.443,0.559
16121,2D-U-Z2.tif,0.27,2.038,0.816,0.805,384,134,99.866,0.448,1.73,0.578,0.921
16124,2D-U-Z2.tif,0.461,2.847,0.715,1.029,461,170,76.43,0.635,1.624,0.616,0.902
16125,2D-U-Z2.tif,0.313,4.082,0.236,1.174,707,141,139.764,0.521,2.52,0.397,0.638
16127,2D-U-Z2.tif,0.265,2.514,0.527,0.786,272,147,142.125,0.55,1.372,0.729,0.832
16129,2D-U-Z2.tif,0.216,2.339,0.497,0.711,367,166,129.094,0.586,1.187,0.842,0.738
16130,2D-U-Z2.tif,0.308,3.436,0.328,1.225,754,164,99.728,0.654,2.097,0.477,0.587
16131,2D-U-Z2.tif,0.447,4.211,0.317,1.434,169,173,170.311,0.603,2.467,0.405,0.681
16133,2D-U-Z2.tif,0.226,2.477,0.463,1.005,857,178,95.906,0.414,2.528,0.396,0.766
16134,2D-U-Z2.tif,0.339,2.652,0.605,0.857,729,184,139.899,0.616,1.424,0.702,0.827
16135,2D-U-Z2.tif,0.226,2.465,0.467,0.884,258,193,20.556,0.42,2.36,0.424,0.772
16139,2D-U-Z2.tif,0.346,2.761,0.57,1.138,919,226,54.866,0.54,2.2,0.454,0.82
16140,2D-U-Z2.tif,0.421,4.926,0.218,1.857,728,236,21.801,0.748,3.795,0.263,0.433
16143,2D-U-Z2.tif,0.263,2.018,0.811,0.775,145,220,110.854,0.497,1.611,0.621,0.9
16144,2D-U-Z2.tif,0.4,3.367,0.443,1.131,760,225,142.431,0.662,2.099,0.476,0.682
16145,2D-U-Z2.tif,0.216,2.055,0.644,0.883,650,244,38.66,0.341,2.79,0.358,0.865
16148,2D-U-Z2.tif,0.423,3.935,0.343,1.215,754,234,124.592,0.657,2.196,0.455,0.67
16153,2D-U-Z2.tif,0.373,3.152,0.472,0.91,963,255,114.624,0.731,1.334,0.749,0.76
16154,2D-U-Z2.tif,0.365,2.627,0.665,1.083,299,288,80.838,0.483,2.37,0.422,0.891
16158,2D-U-Z2.tif,0.294,3.054,0.396,1.083,660,287,170.838,0.471,2.588,0.386,0.728
16159,2D-U-Z2.tif,0.314,3.668,0.293,1.025,79,292,160.346,0.69,1.584,0.631,0.601
16160,2D-U-Z2.tif,0.48,2.647,0.861,0.958,162,314,59.744,0.69,1.335,0.749,0.943
16162,2D-U-Z2.tif,0.233,1.958,0.764,0.794,443,298,145.62,0.463,1.731,0.578,0.899
16164,2D-U-Z2.tif,0.373,3.476,0.388,1.156,843,308,17.354,0.621,2.333,0.429,0.743
16168,2D-U-Z2.tif,0.426,2.635,0.77,1.019,62,312,113.962,0.601,1.762,0.568,0.903
16169,2D-U-Z2.tif,0.25,1.9,0.869,0.636,342,316,139.399,0.552,1.097,0.911,0.927
16177,2D-U-Z2.tif,0.201,2.116,0.564,0.887,918,377,76.504,0.359,2.665,0.375,0.837
16183,2D-U-Z2.tif,0.32,2.534,0.626,1.049,649,369,117.408,0.477,2.57,0.389,0.839
16184,2D-U-Z2.tif,0.365,3.964,0.292,1.276,288,382,161.075,0.663,2.204,0.454,0.603
16185,2D-U-Z2.tif,0.283,2.725,0.479,1.083,390,393,9.162,0.419,3.243,0.308,0.801
16191,2D-U-Z2.tif,0.281,3.631,0.267,1.293,538,422,170.789,0.495,3.608,0.277,0.559
16193,2D-U-Z2.tif,0.449,3.651,0.424,1.04,677,437,174.289,0.868,1.206,0.829,0.694
16194,2D-U-Z2.tif,0.308,2.096,0.881,0.778,929,433,102.804,0.546,1.397,0.716,0.928
16195,2D-U-Z2.tif,0.347,4.309,0.235,0.91,119,437,127.304,0.759,1.277,0.783,0.668
16196,2D-U-Z2.tif,0.303,2.859,0.466,0.995,710,439,165.964,0.515,2.352,0.425,0.718
16197,2D-U-Z2.tif,0.219,3.16,0.275,0.727,586,458,31.43,0.633,1.362,0.734,0.624
16200,2D-U-Z2.tif,0.203,3.026,0.279,1.005,162,457,157.834,0.426,2.466,0.406,0.595
16204,2D-U-Z2.tif,0.203,2.006,0.635,0.703,462,482,78.69,0.448,1.746,0.573,0.824
16206,2D-U-Z2.tif,0.303,3.29,0.352,0.993,975,468,110.323,0.586,1.494,0.67,0.719
16211,2D-U-Z2.tif,0.259,2.474,0.532,0.884,974,521,69.444,0.488,2.016,0.496,0.79
16218,2D-U-Z2.tif,0.229,2.908,0.341,1.104,188,533,141.34,0.392,3.317,0.301,0.71
16219,2D-U-Z2.tif,0.373,2.376,0.831,0.814,864,553,36.384,0.61,1.334,0.75,0.909
16223,2D-U-Z2.tif,0.257,2.319,0.6,0.759,7,540,129.472,0.598,1.468,0.681,0.78
16230,2D-U-Z2.tif,0.332,3.427,0.355,1.11,928,569,143.842,0.61,1.853,0.54,0.701
16231,2D-U-Z2.tif,0.345,3.131,0.442,1.1,316,595,41.186,0.574,1.936,0.516,0.784
16233,2D-U-Z2.tif,0.229,2.193,0.6,0.759,840,580,129.472,0.568,1.103,0.907,0.791
16236,2D-U-Z2.tif,0.29,2.201,0.752,0.727,115,592,121.43,0.6,1.183,0.846,0.882
16237,2D-U-Z2.tif,0.348,2.529,0.684,1.002,775,603,176.055,0.448,2.194,0.456,0.921
16239,2D-U-Z2.tif,0.383,2.798,0.614,1.126,828,606,130.03,0.526,2.427,0.412,0.836
16242,2D-U-Z2.tif,0.32,2.782,0.519,0.938,278,633,53.973,0.634,1.65,0.606,0.752
16243,2D-U-Z2.tif,0.249,2.558,0.477,1.029,771,613,103.57,0.414,3.074,0.325,0.796
16244,2D-U-Z2.tif,0.378,3.436,0.403,1.259,797,649,80.538,0.522,2.66,0.376,0.746
16246,2D-U-Z2.tif,0.473,2.741,0.791,0.879,220,623,115.56,0.759,1.023,0.977,0.906
16247,2D-U-Z2.tif,0.476,2.624,0.868,0.971,711,623,106.504,0.69,1.396,0.716,0.933
16250,2D-U-Z2.tif,0.348,2.327,0.808,0.762,501,641,174.806,0.641,1.138,0.879,0.889
16251,2D-U-Z2.tif,0.489,4.931,0.253,1.298,923,642,169.287,0.788,1.795,0.557,0.594
16258,2D-U-Z2.tif,0.478,4.061,0.364,1.197,348,666,101.634,0.723,1.888,0.53,0.682
16260,2D-U-Z2.tif,0.27,2.945,0.391,1.304,209,705,52.524,0.369,4.349,0.23,0.754
16261,2D-U-Z2.tif,0.228,2.067,0.672,0.897,679,700,67.38,0.401,2.519,0.397,0.895
16262,2D-U-Z2.tif,0.439,3.728,0.397,1.309,85,698,18.435,0.552,2.688,0.372,0.731
16263,2D-U-Z2.tif,0.448,3.777,0.395,1.25,811,719,65.556,0.689,2.273,0.44,0.667
21452,2U-C-Z1.tif,0.926,4.14,0.679,1.624,598,15,42.709,0.936,1.851,0.54,0.84
21453,2U-C-Z1.tif,0.994,3.804,0.863,1.355,429,3,118.301,1.101,1.241,0.806,0.904
21454,2U-C-Z1.tif,0.691,4.194,0.493,1.401,66,17,58.392,0.993,1.444,0.693,0.732
21455,2U-C-Z1.tif,0.657,4.529,0.402,1.278,494,18,68.962,1.085,1.251,0.799,0.632
21456,2U-C-Z1.tif,3.419,6.884,0.907,2.449,566,7,102.995,1.835,1.351,0.74,0.949
21457,2U-C-Z1.tif,1.356,4.95,0.695,1.808,733,9,113.962,1.101,1.759,0.569,0.873
21458,2U-C-Z1.tif,0.716,3.415,0.771,1.278,720,22,68.962,0.903,1.516,0.66,0.842
21459,2U-C-Z1.tif,1.516,8.172,0.285,2.955,833,12,115.769,1.221,3.152,0.317,0.569
21460,2U-C-Z1.tif,0.657,3.102,0.858,1.161,334,14,108.435,0.734,1.478,0.676,0.907
21461,2U-C-Z1.tif,0.859,5.111,0.413,2.129,392,14,97.431,0.734,3.208,0.312,0.742
21462,2U-C-Z1.tif,0.556,4.475,0.349,1.494,845,26,47.49,0.779,1.888,0.53,0.641
21463,2U-C-Z1.tif,0.884,5.805,0.33,1.892,246,37,75.964,1.007,2.155,0.464,0.638
21464,2U-C-Z1.tif,0.632,3.2,0.775,1.197,294,18,147.529,0.881,1.31,0.763,0.838
21465,2U-C-Z1.tif,1.171,3.966,0.935,1.433,413,18,129.806,1.193,1.091,0.917,0.933
21466,2U-C-Z1.tif,3.596,11.435,0.346,3.186,476,27,11.634,2.739,1.031,0.97,0.676
21467,2U-C-Z1.tif,0.623,3.254,0.74,1.207,513,19,98.746,0.826,1.407,0.711,0.841
21468,2U-C-Z1.tif,1.583,5.814,0.589,2.119,601,19,107.65,1.377,1.582,0.632,0.8
21469,2U-C-Z1.tif,0.884,3.576,0.869,1.275,544,34,59.744,0.996,1.245,0.804,0.909
21470,2U-C-Z1.tif,1.027,6.194,0.337,1.753,637,24,96.009,1.135,1.876,0.533,0.594
21471,2U-C-Z1.tif,1.406,4.637,0.822,1.782,646,46,78.111,1.091,1.589,0.629,0.905
21472,2U-C-Z1.tif,0.741,3.178,0.922,1.135,688,40,75.964,0.918,1.212,0.825,0.898
21473,2U-C-Z1.tif,0.531,2.659,0.943,0.988,451,29,111.801,0.734,1.25,0.8,0.913
21474,2U-C-Z1.tif,1.314,5.178,0.616,2.062,401,32,122.276,1.108,2.09,0.479,0.81
21475,2U-C-Z1.tif,2.947,10.603,0.329,4.122,686,78,73.179,1.267,3.93,0.254,0.689
21476,2U-C-Z1.tif,1.128,4.086,0.849,1.513,720,35,104.036,1.071,1.442,0.693,0.884
21477,2U-C-Z1.tif,1.322,4.194,0.945,1.513,584,53,75.964,1.193,1.246,0.803,0.924
21478,2U-C-Z1.tif,1.853,5.111,0.891,1.81,477,40,120.466,1.377,1.334,0.749,0.924
21479,2U-C-Z1.tif,0.648,4.561,0.392,1.835,138,42,143.13,0.789,3.344,0.299,0.653
21480,2U-C-Z1.tif,1.937,6.365,0.601,2.166,444,46,126.384,1.801,1.21,0.826,0.816
21481,2U-C-Z1.tif,1.406,4.355,0.932,1.579,350,49,144.462,1.285,1.094,0.914,0.936
21482,2U-C-Z1.tif,0.531,3.415,0.572,1.336,519,61,74.055,0.63,2.679,0.373,0.764
21483,2U-C-Z1.tif,0.808,3.361,0.899,1.278,503,48,111.038,0.918,1.449,0.69,0.91
21484,2U-C-Z1.tif,0.682,3.026,0.936,1.161,662,49,108.435,0.734,1.457,0.686,0.931
21485,2U-C-Z1.tif,1.541,5.393,0.666,2.07,437,53,102.804,1.009,2.172,0.46,0.878
21486,2U-C-Z1.tif,6.181,18.148,0.236,7.524,179,55,149.995,1.918,6.336,0.158,0.604
21487,2U-C-Z1.tif,2.206,5.836,0.814,2.206,311,78,73.072,1.433,1.597,0.626,0.913
21488,2U-C-Z1.tif,0.867,3.956,0.696,1.323,638,67,33.69,1.08,1.141,0.877,0.837
21489,2U-C-Z1.tif,1.592,5.317,0.707,2.052,287,77,63.435,1.143,1.793,0.558,0.877
21490,2U-C-Z1.tif,0.775,3.285,0.902,1.175,623,60,128.66,0.918,1.213,0.824,0.898
21491,2U-C-Z1.tif,4.16,14.461,0.25,4.542,473,67,171.87,2.386,2.179,0.459,0.52
21492,2U-C-Z1.tif,0.657,3.124,0.846,1.193,507,74,67.38,0.826,1.451,0.689,0.891
21493,2U-C-Z1.tif,2.257,6.226,0.732,2.279,408,79,40.101,1.612,1.29,0.775,0.873
21494,2U-C-Z1.tif,2.038,5.349,0.895,1.947,352,65,135,1.557,1.25,0.8,0.945
21495,2U-C-Z1.tif,1.036,4.659,0.6,1.451,582,66,124.695,1.193,1.193,0.838,0.812
21496,2U-C-Z1.tif,0.648,3.751,0.579,1.451,318,86,55.305,0.908,1.673,0.598,0.759
21497,2U-C-Z1.tif,0.8,3.178,0.996,1.12,543,84,34.992,1.009,1.042,0.96,0.922
21498,2U-C-Z1.tif,1.642,6.561,0.479,2.095,348,78,118.811,1.477,1.319,0.758,0.772
21499,2U-C-Z1.tif,1.87,5.058,0.918,1.892,445,80,104.036,1.285,1.427,0.701,0.941
21500,2U-C-Z1.tif,0.547,3.178,0.681,1.046,699,81,142.125,0.918,1.115,0.897,0.778
21501,2U-C-Z1.tif,2.013,5.263,0.913,1.81,420,98,59.534,1.557,1.135,0.881,0.928
21502,2U-C-Z1.tif,0.935,5.599,0.375,2.062,593,91,20.854,1.008,2.596,0.385,0.632
21503,2U-C-Z1.tif,2.72,11.878,0.242,3.571,291,119,64.093,2.089,1.87,0.535,0.559
21504,2U-C-Z1.tif,0.867,3.934,0.704,1.579,103,99,54.462,0.862,1.996,0.501,0.834
21505,2U-C-Z1.tif,2.046,7.533,0.453,2.584,572,112,73.496,1.278,2.398,0.417,0.805
21506,2U-C-Z1.tif,0.573,2.842,0.891,1.135,370,99,75.964,0.642,1.621,0.617,0.919
21507,2U-C-Z1.tif,1.002,4.01,0.783,1.494,330,100,42.51,0.985,1.549,0.645,0.891
21508,2U-C-Z1.tif,1.238,4.431,0.792,1.579,388,106,54.462,1.152,1.36,0.735,0.888
21509,2U-C-Z1.tif,1.381,4.896,0.724,1.822,548,93,130.914,1.233,1.524,0.656,0.845
21510,2U-C-Z1.tif,0.808,4.753,0.45,2.16,204,93,167.735,0.556,4.129,0.242,0.797
21511,2U-C-Z1.tif,2.577,5.944,0.917,2.093,530,118,74.745,1.652,1.215,0.823,0.94
21512,2U-C-Z1.tif,0.792,3.307,0.909,1.207,623,97,98.746,0.918,1.246,0.802,0.891
21513,2U-C-Z1.tif,1.263,6.096,0.427,1.856,740,118,81.469,1.557,1.216,0.822,0.673
21514,2U-C-Z1.tif,0.851,4.095,0.637,1.654,350,116,70.56,0.918,1.794,0.557,0.831
21515,2U-C-Z1.tif,1.558,5.026,0.775,1.892,438,99,104.036,1.285,1.525,0.656,0.883
21516,2U-C-Z1.tif,1.28,4.668,0.738,1.856,597,120,81.469,0.918,2.044,0.489,0.916
21517,2U-C-Z1.tif,1.533,6.378,0.474,1.985,405,101,123.69,1.266,1.691,0.592,0.786
21518,2U-C-Z1.tif,0.648,2.94,0.942,1.046,666,102,105.255,0.903,1.161,0.862,0.885
21519,2U-C-Z1.tif,1.297,6.15,0.431,2.021,321,104,129.472,1.377,1.126,0.888,0.689
21520,2U-C-Z1.tif,1.331,5.102,0.642,1.945,484,106,109.29,1.103,1.937,0.516,0.838
21521,2U-C-Z1.tif,0.859,5.21,0.398,1.687,418,123,45,1.159,1.69,0.592,0.626
21522,2U-C-Z1.tif,2.265,11.216,0.226,3.415,103,111,120.7,2.17,1.695,0.59,0.465
21523,2U-C-Z1.tif,3.705,7.533,0.821,2.777,473,140,82.405,1.886,1.463,0.683,0.93
21524,2U-C-Z1.tif,1.061,5.232,0.487,2.031,776,112,108.435,0.985,2.316,0.432,0.72
21525,2U-C-Z1.tif,0.623,2.918,0.92,1.074,396,127,70.017,0.826,1.27,0.787,0.897
21526,2U-C-Z1.tif,6.67,19.644,0.217,6.895,135,121,170.036,2.491,3.696,0.271,0.566
21527,2U-C-Z1.tif,0.884,5.814,0.329,2.081,502,136,41.424,1.146,1.968,0.508,0.557
21528,2U-C-Z1.tif,1.482,4.637,0.866,1.687,600,124,157.62,1.362,1.178,0.849,0.896
21529,2U-C-Z1.tif,0.733,3.254,0.87,1.193,578,123,112.62,0.862,1.376,0.727,0.888
21530,2U-C-Z1.tif,1.356,6.127,0.454,1.977,364,149,68.199,1.207,1.844,0.542,0.687
21531,2U-C-Z1.tif,1.583,4.906,0.827,1.782,630,132,145.491,1.285,1.208,0.828,0.922
21532,2U-C-Z1.tif,1.019,4.507,0.63,1.654,518,146,56.31,1.03,1.813,0.552,0.776
21533,2U-C-Z1.tif,2.459,6.226,0.797,2.148,551,154,70.017,1.731,1.142,0.876,0.878
21534,2U-C-Z1.tif,0.859,3.469,0.897,1.278,303,134,111.038,0.918,1.425,0.702,0.915
21535,2U-C-Z1.tif,4.893,10.039,0.61,3.121,399,138,155.695,2.394,1.315,0.76,0.888
21536,2U-C-Z1.tif,0.64,4.346,0.426,1.763,601,134,128.66,0.668,3.624,0.276,0.658
21537,2U-C-Z1.tif,1.28,4.453,0.811,1.579,706,134,125.538,1.161,1.281,0.781,0.891
21538,2U-C-Z1.tif,0.716,5.286,0.322,1.654,439,151,56.31,1.091,1.852,0.54,0.57
21539,2U-C-Z1.tif,2.88,10.71,0.316,4.158,314,136,112.036,1.27,4.073,0.246,0.718
21540,2U-C-Z1.tif,2.956,6.669,0.835,2.382,534,143,105.642,1.828,1.263,0.792,0.918
21541,2U-C-Z1.tif,3.638,11.954,0.32,4.251,100,194,76.264,1.811,3.038,0.329,0.644
21542,2U-C-Z1.tif,0.952,5.339,0.419,1.782,584,154,168.111,1.026,1.968,0.508,0.669
21543,2U-C-Z1.tif,1.928,5.501,0.801,1.89,662,169,60.945,1.468,1.224,0.817,0.896
21544,2U-C-Z1.tif,1.187,5.317,0.528,2.189,346,152,146.976,0.944,2.82,0.355,0.764
21545,2U-C-Z1.tif,0.682,3.522,0.691,1.336,472,166,74.055,0.734,1.837,0.544,0.835
21546,2U-C-Z1.tif,1.011,3.934,0.821,1.398,281,168,66.801,1.131,1.27,0.787,0.863
21547,2U-C-Z1.tif,0.825,3.988,0.652,1.603,462,171,76.759,0.826,2.188,0.457,0.856
21548,2U-C-Z1.tif,1.491,5.241,0.682,2.166,616,155,126.384,1.233,1.667,0.6,0.847
21549,2U-C-Z1.tif,0.775,3.307,0.89,1.197,292,168,57.529,0.973,1.207,0.828,0.889
21550,2U-C-Z1.tif,1.246,4.323,0.838,1.571,503,161,96.71,1.101,1.243,0.805,0.911
21551,2U-C-Z1.tif,1.415,4.377,0.928,1.527,553,176,57.265,1.285,1.136,0.88,0.923
21552,2U-C-Z1.tif,0.514,2.627,0.935,0.988,714,162,111.801,0.734,1.292,0.774,0.897
21553,2U-C-Z1.tif,1.145,4.409,0.74,1.808,477,181,66.038,1.009,1.529,0.654,0.895
21554,2U-C-Z1.tif,0.665,2.972,0.947,1.193,341,165,112.62,0.734,1.496,0.669,0.929
21555,2U-C-Z1.tif,3.84,12.116,0.329,3.051,595,175,164.291,2.507,1.292,0.774,0.705
21556,2U-C-Z1.tif,2.232,5.89,0.808,2.16,387,193,77.735,1.56,1.332,0.751,0.9
21557,2U-C-Z1.tif,0.884,5.111,0.425,1.782,721,183,34.509,1.099,2.054,0.487,0.673
21558,2U-C-Z1.tif,0.606,3.383,0.666,1.193,432,185,67.38,0.826,1.658,0.603,0.837
21559,2U-C-Z1.tif,1.465,8.495,0.255,2.409,270,175,139.635,1.473,1.616,0.619,0.591
21560,2U-C-Z1.tif,0.775,3.956,0.622,1.425,306,185,14.931,0.972,1.495,0.669,0.757
21561,2U-C-Z1.tif,1.23,5.21,0.569,2.218,539,177,114.444,0.903,2.563,0.39,0.83
21562,2U-C-Z1.tif,1.558,4.614,0.919,1.605,580,199,59.036,1.377,1.132,0.883,0.927
21563,2U-C-Z1.tif,0.741,3.415,0.799,1.336,298,186,105.945,0.734,1.754,0.57,0.907
21564,2U-C-Z1.tif,0.564,4.722,0.318,1.692,440,204,77.471,0.826,2.78,0.36,0.588
21565,2U-C-Z1.tif,0.522,2.833,0.818,1.161,482,193,18.435,0.731,1.65,0.606,0.832
21566,2U-C-Z1.tif,0.91,3.5,0.933,1.248,531,186,126.027,1.009,1.028,0.972,0.96
21567,2U-C-Z1.tif,2.181,5.523,0.899,2.07,559,209,77.196,1.468,1.391,0.719,0.933
21568,2U-C-Z1.tif,1.103,5.339,0.486,2.235,462,191,160.821,0.854,3.114,0.321,0.792
21569,2U-C-Z1.tif,0.657,3.124,0.846,1.161,632,196,108.435,0.875,1.392,0.718,0.839
21570,2U-C-Z1.tif,0.505,3.599,0.49,1.603,149,205,23.629,0.522,3.781,0.264,0.774
21571,2U-C-Z1.tif,2.813,10.653,0.311,4.572,183,202,169.592,1.063,5.828,0.172,0.704
21572,2U-C-Z1.tif,0.648,3.079,0.859,1.248,542,201,107.103,0.642,1.832,0.546,0.945
21573,2U-C-Z1.tif,1.053,4.95,0.54,1.538,395,203,107.354,1.193,1.259,0.794,0.779
21574,2U-C-Z1.tif,0.674,3.545,0.674,1.483,668,214,21.801,0.774,2.131,0.469,0.804
21575,2U-C-Z1.tif,2.51,7.868,0.509,2.597,350,207,122.005,1.744,1.649,0.606,0.776
21576,2U-C-Z1.tif,1.474,7.935,0.294,2.409,329,229,49.635,1.527,1.455,0.687,0.614
21577,2U-C-Z1.tif,0.64,3.155,0.808,1.278,481,213,111.038,0.72,1.859,0.538,0.889
21578,2U-C-Z1.tif,0.884,3.383,0.971,1.248,461,215,126.027,0.973,1.233,0.811,0.917
21579,2U-C-Z1.tif,1.634,4.789,0.895,1.692,517,238,77.471,1.428,1.107,0.903,0.915
21580,2U-C-Z1.tif,4.548,14.277,0.28,3.653,589,242,25.278,2.135,1.767,0.566,0.702
21581,2U-C-Z1.tif,1.735,7.792,0.359,2.724,629,224,122.619,1.341,2.245,0.445,0.65
21582,2U-C-Z1.tif,1.954,6.463,0.588,2.414,710,224,98.746,1.285,2.283,0.438,0.821
21583,2U-C-Z1.tif,0.505,4.27,0.348,1.494,738,240,79.38,0.642,2.749,0.364,0.663
21584,2U-C-Z1.tif,0.859,3.491,0.886,1.336,287,226,105.945,0.918,1.449,0.69,0.911
21585,2U-C-Z1.tif,1.036,4.01,0.809,1.505,384,239,37.569,1.089,1.526,0.655,0.863
21586,2U-C-Z1.tif,0.724,3.621,0.694,1.538,348,227,107.354,0.734,1.938,0.516,0.864
21587,2U-C-Z1.tif,1.912,5.102,0.923,1.828,557,227,107.526,1.468,1.228,0.815,0.936
21588,2U-C-Z1.tif,0.64,3.2,0.785,1.323,459,232,123.69,0.714,1.916,0.522,0.874
21589,2U-C-Z1.tif,0.632,2.972,0.899,1.161,373,245,71.565,0.734,1.485,0.673,0.915
21590,2U-C-Z1.tif,0.514,2.605,0.951,0.993,528,244,56.31,0.779,1.269,0.788,0.904
21591,2U-C-Z1.tif,2.248,7.09,0.562,2.916,193,238,155.854,1.19,2.579,0.388,0.856
21592,2U-C-Z1.tif,0.64,3.522,0.648,1.425,261,239,165.069,0.642,2.478,0.404,0.849
21593,2U-C-Z1.tif,1.482,5.178,0.695,1.81,334,257,59.534,1.288,1.485,0.673,0.844
21594,2U-C-Z1.tif,0.977,3.621,0.936,1.314,432,239,102.095,1.009,1.27,0.788,0.913
21595,2U-C-Z1.tif,1.12,4.301,0.761,1.56,442,243,151.928,1.193,1.241,0.806,0.866
21596,2U-C-Z1.tif,1.667,6.279,0.531,2.311,677,267,83.157,1.009,2.391,0.418,0.82
21597,2U-C-Z1.tif,1.171,4.064,0.891,1.513,661,244,104.036,1.101,1.371,0.73,0.914
21598,2U-C-Z1.tif,0.699,3.102,0.913,1.161,311,258,71.565,0.826,1.309,0.764,0.907
21599,2U-C-Z1.tif,0.632,2.918,0.932,1.12,547,246,124.992,0.821,1.383,0.723,0.909
21600,2U-C-Z1.tif,5.735,16.699,0.258,4.329,550,272,21.125,2.64,2.053,0.487,0.627
21601,2U-C-Z1.tif,0.851,3.469,0.888,1.197,508,250,122.471,1.009,1.087,0.92,0.91
21602,2U-C-Z1.tif,2.695,8.723,0.445,2.584,375,278,73.496,1.75,1.422,0.703,0.774
21603,2U-C-Z1.tif,0.952,3.652,0.896,1.336,246,267,74.055,0.918,1.401,0.714,0.926
21604,2U-C-Z1.tif,0.606,3.675,0.564,1.364,697,272,70.346,0.734,1.554,0.644,0.766
21605,2U-C-Z1.tif,1.802,5.286,0.811,1.97,530,280,62.241,1.408,1.475,0.678,0.882
21606,2U-C-Z1.tif,1.44,6.118,0.483,2.22,343,263,150.255,1.255,1.889,0.529,0.728
21607,2U-C-Z1.tif,0.834,3.88,0.696,1.336,606,262,105.945,1.008,1.434,0.697,0.792
21608,2U-C-Z1.tif,0.792,3.751,0.707,1.355,328,279,61.699,0.918,1.527,0.655,0.862
21609,2U-C-Z1.tif,5.002,13.404,0.35,3.699,432,274,156.615,2.677,1.698,0.589,0.675
21610,2U-C-Z1.tif,1.693,6.615,0.486,2.062,494,287,57.724,1.531,1.542,0.648,0.769
21611,2U-C-Z1.tif,0.556,2.766,0.913,0.993,421,270,123.69,0.734,1.196,0.836,0.917
21612,2U-C-Z1.tif,0.623,3.178,0.776,1.275,570,274,149.744,0.741,1.787,0.559,0.846
21613,2U-C-Z1.tif,1.878,6.852,0.503,2.556,669,300,68.962,1.157,2.705,0.37,0.782
21614,2U-C-Z1.tif,0.514,2.681,0.898,1.046,719,275,105.255,0.734,1.445,0.692,0.871
21615,2U-C-Z1.tif,0.505,3.352,0.565,1.304,682,290,39.289,0.779,1.873,0.534,0.774
21616,2U-C-Z1.tif,1.491,5.599,0.598,1.97,533,298,62.241,1.272,1.64,0.61,0.803
21617,2U-C-Z1.tif,1.592,5.782,0.598,1.91,552,284,144.782,1.458,1.347,0.742,0.779
21618,2U-C-Z1.tif,0.952,3.773,0.84,1.451,503,300,71.565,0.985,1.569,0.637,0.879
21619,2U-C-Z1.tif,2.265,5.845,0.833,2.25,519,310,78.232,1.285,1.701,0.588,0.946
21620,2U-C-Z1.tif,3.47,10.204,0.419,3.407,431,289,117.255,1.943,1.684,0.594,0.746
21621,2U-C-Z1.tif,0.556,3.599,0.539,1.231,723,291,116.565,0.918,1.34,0.746,0.737
21622,2U-C-Z1.tif,4.657,14.654,0.273,3.767,385,318,34.077,2.87,1.576,0.634,0.574
21623,2U-C-Z1.tif,0.775,3.263,0.914,1.231,699,307,63.435,0.826,1.374,0.728,0.934
21624,2U-C-Z1.tif,3.933,12.85,0.299,4.243,472,302,158.429,1.913,3.49,0.287,0.585
21625,2U-C-Z1.tif,1.154,6.951,0.3,2.119,729,322,72.35,1.298,1.733,0.577,0.614
21626,2U-C-Z1.tif,0.589,3.307,0.677,1.304,671,303,129.289,0.829,1.67,0.599,0.805
21627,2U-C-Z1.tif,2.712,8.267,0.499,2.449,573,332,77.005,1.652,1.506,0.664,0.861
21628,2U-C-Z1.tif,0.851,3.934,0.691,1.505,278,309,142.431,0.909,1.737,0.576,0.805
21629,2U-C-Z1.tif,2.619,9.318,0.379,2.761,553,312,111.448,1.868,1.682,0.595,0.712
21630,2U-C-Z1.tif,1.154,5.814,0.429,1.822,472,316,130.914,1.233,1.607,0.622,0.68
21631,2U-C-Z1.tif,1.373,7.264,0.327,2.34,656,315,138.18,1.56,1.884,0.531,0.58
21632,2U-C-Z1.tif,1.381,6.83,0.372,2.206,449,322,135,1.408,1.869,0.535,0.618
21633,2U-C-Z1.tif,0.632,3.383,0.693,1.505,469,325,127.569,0.697,2.434,0.411,0.843
21634,2U-C-Z1.tif,0.665,3.026,0.913,1.161,263,345,71.565,0.734,1.458,0.686,0.929
21635,2U-C-Z1.tif,4.32,10.276,0.514,3.803,687,335,98.326,1.929,1.963,0.509,0.795
21636,2U-C-Z1.tif,1.71,4.82,0.925,1.741,432,337,108.435,1.363,1.281,0.781,0.94
21637,2U-C-Z1.tif,1.154,4.064,0.878,1.433,485,350,39.806,1.155,1.195,0.837,0.893
21638,2U-C-Z1.tif,2.08,5.393,0.899,1.858,533,339,122.905,1.597,1.163,0.86,0.923
21639,2U-C-Z1.tif,0.615,3.697,0.565,1.235,567,354,48.013,0.96,1.515,0.66,0.753
21640,2U-C-Z1.tif,0.531,4.108,0.395,1.624,507,345,132.709,0.657,3.519,0.284,0.643
21641,2U-C-Z1.tif,1.785,6.409,0.546,2.004,447,351,164.055,1.553,1.313,0.762,0.798
21642,2U-C-Z1.tif,1.027,5.026,0.511,2.15,132,365,50.194,0.844,3.051,0.328,0.77
21643,2U-C-Z1.tif,1.305,6.745,0.361,2.031,734,370,71.565,1.122,2.055,0.487,0.729
21644,2U-C-Z1.tif,2.156,9.578,0.295,2.506,394,367,23.749,1.466,1.749,0.572,0.739
21645,2U-C-Z1.tif,0.505,2.605,0.936,0.918,639,353,126.87,0.814,1.111,0.9,0.889
21646,2U-C-Z1.tif,3.15,11.166,0.317,3.488,572,368,153.435,2.21,1.608,0.622,0.624
21647,2U-C-Z1.tif,0.581,3.491,0.599,1.12,329,355,124.992,0.911,1.161,0.862,0.758
21648,2U-C-Z1.tif,1.128,4.874,0.597,1.916,479,376,73.301,0.963,2.299,0.435,0.77
21649,2U-C-Z1.tif,0.783,6.02,0.272,2.43,364,384,79.114,0.864,3.548,0.282,0.545
21650,2U-C-Z1.tif,1.566,6.7,0.438,2.525,303,388,70.907,1.309,2.284,0.438,0.701
21651,2U-C-Z1.tif,1.44,4.744,0.804,1.803,494,362,104.744,1.101,1.59,0.629,0.912
21652,2U-C-Z1.tif,2.611,5.944,0.929,2.119,547,364,107.65,1.652,1.227,0.815,0.947
21653,2U-C-Z1.tif,1.154,5.187,0.539,1.858,623,367,147.095,1.285,1.284,0.779,0.727
21654,2U-C-Z1.tif,1.162,4.431,0.744,1.603,654,366,113.629,1.009,1.514,0.66,0.893
21655,2U-C-Z1.tif,3.217,11.444,0.309,2.932,455,397,69.864,2.111,1.593,0.628,0.705
21656,2U-C-Z1.tif,4.497,14.461,0.27,4.712,485,392,6.71,2.386,2.699,0.37,0.56
21657,2U-C-Z1.tif,0.783,4.561,0.473,1.858,122,378,20.225,0.681,3.515,0.285,0.727
21658,2U-C-Z1.tif,1.339,5.675,0.522,2.015,338,391,59.931,1.205,1.639,0.61,0.761
21659,2U-C-Z1.tif,1.912,5.599,0.766,2.093,392,373,105.255,1.377,1.571,0.637,0.895
21660,2U-C-Z1.tif,2.164,6.7,0.606,2.021,405,393,50.528,1.67,1.157,0.865,0.871
21661,2U-C-Z1.tif,0.623,2.864,0.954,1.046,617,374,105.255,0.826,1.248,0.801,0.914
21662,2U-C-Z1.tif,0.691,3.026,0.948,1.109,323,375,114.444,0.826,1.221,0.819,0.932
21663,2U-C-Z1.tif,1.415,6.583,0.41,2.013,670,396,65.772,1.538,1.639,0.61,0.65
21664,2U-C-Z1.tif,0.884,3.545,0.884,1.235,567,380,138.013,1.074,1.039,0.962,0.894
21665,2U-C-Z1.tif,1.811,6.937,0.473,2.959,267,390,7.125,1.193,2.373,0.421,0.772
21666,2U-C-Z1.tif,1.086,4.691,0.621,1.803,378,400,75.256,0.918,1.766,0.566,0.857
21667,2U-C-Z1.tif,0.808,3.751,0.722,1.56,539,383,118.072,0.899,1.935,0.517,0.853
21668,2U-C-Z1.tif,1.221,4.149,0.891,1.56,583,398,61.928,1.101,1.272,0.786,0.927
21669,2U-C-Z1.tif,2.409,10.008,0.302,3.973,219,388,173.367,1.179,4.553,0.22,0.652
21670,2U-C-Z1.tif,0.985,3.675,0.917,1.398,630,398,66.801,1.009,1.279,0.782,0.925
21671,2U-C-Z1.tif,0.615,4.377,0.403,1.626,732,387,163.61,0.734,2.778,0.36,0.655
21672,2U-C-Z1.tif,3.065,13.454,0.213,4.724,607,386,114.075,1.871,3.462,0.289,0.466
21673,2U-C-Z1.tif,0.884,3.675,0.823,1.304,327,392,129.289,1.009,1.301,0.769,0.879
21674,2U-C-Z1.tif,0.539,2.681,0.942,1.026,358,404,79.695,0.734,1.272,0.786,0.889
21675,2U-C-Z1.tif,1.002,6.324,0.315,1.568,496,400,159.444,1.272,1.22,0.82,0.661
21676,2U-C-Z1.tif,0.615,2.994,0.862,1.046,472,398,127.875,0.908,1.11,0.901,0.88
21677,2U-C-Z1.tif,0.859,3.697,0.79,1.336,392,399,105.945,0.937,1.498,0.668,0.876
21678,2U-C-Z1.tif,0.615,3.589,0.6,1.175,528,401,141.34,0.905,1.363,0.733,0.789
21679,2U-C-Z1.tif,2.088,5.456,0.882,1.945,606,421,70.71,1.377,1.372,0.729,0.938
21680,2U-C-Z1.tif,0.716,4.064,0.545,1.404,304,402,101.31,0.81,1.969,0.508,0.773
21681,2U-C-Z1.tif,0.674,2.994,0.944,1.135,668,405,104.036,0.826,1.31,0.763,0.904
21682,2U-C-Z1.tif,2.686,12.258,0.225,3.139,514,406,105.255,2.099,1.418,0.705,0.595
21683,2U-C-Z1.tif,0.994,3.706,0.909,1.323,376,419,56.31,1.009,1.167,0.857,0.929
21684,2U-C-Z1.tif,0.505,3.124,0.651,1.364,415,417,42.274,0.584,2.577,0.388,0.822
21685,2U-C-Z1.tif,1.6,5.478,0.67,2.148,439,431,70.017,1.054,2.082,0.48,0.886
21686,2U-C-Z1.tif,1.642,7.738,0.345,2.591,455,435,67.068,1.465,2.181,0.459,0.583
21687,2U-C-Z1.tif,1.398,5.782,0.525,2.233,565,418,170.538,1.024,2.371,0.422,0.781
21688,2U-C-Z1.tif,0.657,2.918,0.969,1.161,293,414,108.435,0.734,1.432,0.698,0.929
21689,2U-C-Z1.tif,1.246,4.377,0.817,1.603,698,417,113.629,1.188,1.392,0.718,0.894
21690,2U-C-Z1.tif,0.505,3.254,0.6,1.314,667,427,24.775,0.764,2.046,0.489,0.71
21691,2U-C-Z1.tif,1.036,6.042,0.357,1.731,201,420,122.005,1.267,1.477,0.677,0.705
21692,2U-C-Z1.tif,0.968,3.782,0.851,1.355,480,424,151.699,1.009,1.222,0.819,0.906
21693,2U-C-Z1.tif,0.985,6.387,0.304,2.576,249,425,175.914,0.817,3.679,0.272,0.67
21694,2U-C-Z1.tif,1.027,6.096,0.347,1.707,687,427,126.254,1.175,1.541,0.649,0.728
21695,2U-C-Z1.tif,0.91,7.286,0.215,2.279,602,447,49.899,1.156,2.061,0.485,0.513
21696,2U-C-Z1.tif,0.952,5.384,0.413,1.916,373,435,163.301,0.99,2.008,0.498,0.704
21697,2U-C-Z1.tif,2.03,5.393,0.877,1.828,580,431,107.526,1.53,1.201,0.832,0.923
21698,2U-C-Z1.tif,1.836,7.555,0.404,2.235,394,451,19.179,1.708,1.291,0.774,0.703
21699,2U-C-Z1.tif,0.581,3.361,0.646,1.197,461,446,57.529,0.908,1.489,0.672,0.798
21700,2U-C-Z1.tif,3.074,6.83,0.828,2.43,486,436,100.886,1.712,1.443,0.693,0.936
21701,2U-C-Z1.tif,1.002,3.88,0.836,1.483,289,452,68.199,1.009,1.412,0.708,0.888
21702,2U-C-Z1.tif,0.707,3.102,0.924,1.161,345,449,71.565,0.826,1.336,0.749,0.908
21703,2U-C-Z1.tif,1.937,5.111,0.932,1.822,428,454,40.914,1.557,1.13,0.885,0.939
21704,2U-C-Z1.tif,2.644,5.975,0.931,2.148,624,439,109.983,1.56,1.286,0.778,0.956
21705,2U-C-Z1.tif,0.606,3.07,0.808,1.323,370,440,123.69,0.697,2.008,0.498,0.873
21706,2U-C-Z1.tif,0.589,3.437,0.627,1.046,319,444,164.745,0.918,1.106,0.904,0.805
21707,2U-C-Z1.tif,0.733,3.361,0.815,1.248,521,450,17.103,0.918,1.266,0.79,0.87
21708,2U-C-Z1.tif,2.813,6.257,0.903,2.323,660,444,99.09,1.56,1.405,0.712,0.946
21709,2U-C-Z1.tif,1.777,5.912,0.639,2.052,363,448,100.305,1.358,1.592,0.628,0.847
21710,2U-C-Z1.tif,1.55,8.454,0.272,2.097,466,470,66.801,1.433,1.598,0.626,0.648
21711,2U-C-Z1.tif,3.731,11.856,0.334,3.454,564,453,129.611,2.133,2.095,0.477,0.698
21712,2U-C-Z1.tif,0.539,2.583,1,0.945,277,453,119.055,0.734,1.122,0.891,0.955
21713,2U-C-Z1.tif,0.589,2.918,0.87,1.15,554,465,61.39,0.774,1.534,0.652,0.892
21714,2U-C-Z1.tif,1.415,4.355,0.937,1.538,379,472,72.646,1.193,1.241,0.806,0.936
21715,2U-C-Z1.tif,1.448,5.286,0.652,1.687,511,460,112.38,1.298,1.404,0.712,0.827
21716,2U-C-Z1.tif,1.44,4.399,0.935,1.603,441,462,103.241,1.285,1.157,0.864,0.922
21717,2U-C-Z1.tif,1.196,7.846,0.244,2.672,714,463,105.945,1.15,2.729,0.366,0.546
21718,2U-C-Z1.tif,1.027,4.605,0.609,1.603,321,482,76.759,1.141,1.651,0.606,0.77
21719,2U-C-Z1.tif,0.733,3.178,0.912,1.12,393,469,124.992,0.942,1.161,0.861,0.888
21720,2U-C-Z1.tif,0.531,2.659,0.943,0.993,356,470,123.69,0.813,1.186,0.843,0.906
21721,2U-C-Z1.tif,0.674,2.994,0.944,1.161,621,470,108.435,0.826,1.274,0.785,0.914
21722,2U-C-Z1.tif,1.701,7.371,0.393,1.858,456,477,159.775,1.605,1.146,0.873,0.774
21723,2U-C-Z1.tif,0.749,4.767,0.415,1.513,278,474,104.036,0.918,1.82,0.549,0.733
21724,2U-C-Z1.tif,2.156,5.836,0.795,2.16,657,476,102.265,1.468,1.457,0.686,0.898
21725,2U-C-Z1.tif,0.64,3.102,0.836,1.161,244,483,108.435,0.734,1.559,0.642,0.894
21726,2U-C-Z1.tif,0.64,3.943,0.517,1.692,306,491,12.529,0.634,2.83,0.353,0.813
21727,2U-C-Z1.tif,1.507,4.744,0.842,1.741,422,489,108.435,1.157,1.497,0.668,0.918
21728,2U-C-Z1.tif,0.8,3.231,0.963,1.15,441,489,118.61,0.918,1.152,0.868,0.918
21729,2U-C-Z1.tif,1.162,3.988,0.918,1.377,530,490,126.87,1.193,1.017,0.983,0.926
21730,2U-C-Z1.tif,1.12,6.333,0.351,2.462,269,502,26.565,1.012,3.004,0.333,0.641
21731,2U-C-Z1.tif,2.139,5.577,0.864,2.142,404,513,80.134,1.377,1.523,0.656,0.919
21732,2U-C-Z1.tif,1.12,3.934,0.909,1.451,473,504,55.305,1.101,1.312,0.762,0.905
21733,2U-C-Z1.tif,2.046,5.653,0.805,2.062,358,494,110.854,1.468,1.257,0.795,0.91
21734,2U-C-Z1.tif,3.646,10.701,0.4,4.291,100,530,48.468,1.737,3.149,0.318,0.731
21735,2U-C-Z1.tif,2.046,5.988,0.717,2.004,308,508,15.945,1.589,1.217,0.822,0.828
21736,2U-C-Z1.tif,1.423,5.836,0.525,1.741,678,508,18.435,1.451,1.073,0.932,0.779
21737,2U-C-Z1.tif,3.209,7.273,0.762,2.345,502,501,149.421,2,1.12,0.893,0.889
21738,2U-C-Z1.tif,1.945,6.96,0.505,2.52,588,503,146.889,1.454,1.774,0.564,0.77
21739,2U-C-Z1.tif,0.884,4.561,0.534,1.803,741,504,104.744,0.899,2.27,0.44,0.781
21740,2U-C-Z1.tif,0.531,2.681,0.928,1.046,386,507,105.255,0.734,1.356,0.737,0.881
21741,2U-C-Z1.tif,0.749,6.226,0.243,2.257,237,519,26.565,0.668,3.779,0.265,0.589
21742,2U-C-Z1.tif,0.615,3.415,0.662,1.336,270,513,15.945,0.642,2.159,0.463,0.83
21743,2U-C-Z1.tif,1.044,4.485,0.652,1.714,450,510,105.524,1.009,1.703,0.587,0.841
21744,2U-C-Z1.tif,1.137,4.194,0.812,1.451,471,511,124.695,1.101,1.257,0.795,0.906
21745,2U-C-Z1.tif,0.935,3.675,0.87,1.398,624,512,113.199,0.944,1.474,0.678,0.917
21746,2U-C-Z1.tif,1.693,6.852,0.453,2.113,523,515,124.38,1.56,1.528,0.655,0.736
21747,2U-C-Z1.tif,2.122,11.011,0.22,4.695,253,524,175.515,0.975,5.872,0.17,0.629
21748,2U-C-Z1.tif,2.265,6.042,0.78,2.134,489,519,115.463,1.622,1.213,0.825,0.898
21749,2U-C-Z1.tif,3.908,9.381,0.558,2.867,664,520,140.194,2.309,1.17,0.855,0.858
21750,2U-C-Z1.tif,0.674,3.307,0.774,1.278,727,519,111.038,0.734,1.609,0.621,0.889
21751,2U-C-Z1.tif,1.095,5.004,0.549,1.451,352,536,55.305,1.261,1.219,0.82,0.795
21752,2U-C-Z1.tif,0.615,3.513,0.626,1.355,392,524,118.301,0.779,1.983,0.504,0.764
21753,2U-C-Z1.tif,2.333,6.583,0.676,2.449,380,526,102.995,1.499,1.79,0.559,0.851
21754,2U-C-Z1.tif,2.004,5.317,0.891,1.772,555,529,111.251,1.625,1.084,0.923,0.924
21755,2U-C-Z1.tif,2.686,6.311,0.848,2.113,448,551,55.62,1.818,1.106,0.904,0.926
21756,2U-C-Z1.tif,1.44,4.691,0.823,1.654,614,549,70.56,1.376,1.213,0.824,0.884
21757,2U-C-Z1.tif,2.636,6.333,0.826,2.189,408,534,123.024,1.817,1.142,0.876,0.911
21758,2U-C-Z1.tif,1.592,4.668,0.918,1.741,580,535,108.435,1.193,1.442,0.693,0.94
21759,2U-C-Z1.tif,1.39,5.653,0.546,1.81,114,553,59.534,1.285,1.458,0.686,0.835
21760,2U-C-Z1.tif,0.792,5.21,0.367,1.626,472,544,163.61,1.074,1.891,0.529,0.639
21761,2U-C-Z1.tif,0.623,2.842,0.969,1.074,270,541,109.983,0.734,1.323,0.756,0.931
21762,2U-C-Z1.tif,0.884,4.561,0.534,2.015,758,543,149.931,0.755,3.061,0.327,0.808
21763,2U-C-Z1.tif,2.19,11.144,0.222,3.53,281,546,117.897,1.524,2.732,0.366,0.549
21764,2U-C-Z1.tif,0.867,4.431,0.555,1.433,649,548,129.806,1.084,1.403,0.713,0.757
21765,2U-C-Z1.tif,0.817,4.896,0.428,1.858,495,564,57.095,0.995,1.878,0.532,0.64
21766,2U-C-Z1.tif,0.531,3.513,0.54,1.314,340,556,12.095,0.734,2.029,0.493,0.7
21767,2U-C-Z1.tif,1.87,6.074,0.637,2.34,664,574,78.69,1.269,1.862,0.537,0.862
21768,2U-C-Z1.tif,1.356,4.789,0.743,1.782,379,561,11.889,1.231,1.317,0.76,0.852
21769,2U-C-Z1.tif,1.507,5.286,0.678,1.89,581,564,29.055,1.323,1.296,0.772,0.84
21770,2U-C-Z1.tif,2.307,7.89,0.466,2.699,550,570,17.819,1.468,2.195,0.456,0.711
21771,2U-C-Z1.tif,4.009,10.84,0.429,4.378,102,595,56.976,1.693,2.849,0.351,0.723
21772,2U-C-Z1.tif,3.419,13.132,0.249,4.95,425,563,169.315,1.707,3.921,0.255,0.563
21773,2U-C-Z1.tif,1.912,10.03,0.239,3.077,248,568,17.354,2.04,1.548,0.646,0.497
21774,2U-C-Z1.tif,1.659,5.697,0.642,2.013,339,563,136.848,1.363,1.476,0.677,0.817
21775,2U-C-Z1.tif,0.581,2.811,0.924,0.993,614,560,123.69,0.862,1.162,0.861,0.879
21776,2U-C-Z1.tif,1.364,5.048,0.673,1.692,518,570,12.529,1.248,1.373,0.728,0.798
21777,2U-C-Z1.tif,0.825,3.469,0.862,1.248,307,573,126.027,0.918,1.266,0.79,0.895
21778,2U-C-Z1.tif,0.522,3.751,0.466,1.527,370,586,57.265,0.697,2.528,0.396,0.663
21779,2U-C-Z1.tif,1.71,4.874,0.904,1.707,651,575,143.746,1.468,1.164,0.859,0.921
21780,2U-C-Z1.tif,3.301,8.504,0.574,2.797,556,598,41.009,1.809,1.822,0.549,0.818
21781,2U-C-Z1.tif,1.339,7.653,0.287,2.827,703,575,125.754,1.007,3.343,0.299,0.645
21782,2U-C-Z1.tif,1.086,4.086,0.818,1.404,422,588,11.31,1.231,1.104,0.906,0.863
21783,2U-C-Z1.tif,2.619,6.722,0.728,2.496,614,578,126.027,1.586,1.532,0.653,0.896
21784,2U-C-Z1.tif,0.808,3.643,0.765,1.248,402,585,17.103,1.009,1.077,0.928,0.861
21785,2U-C-Z1.tif,1.086,5.004,0.545,1.731,719,581,147.995,1.181,1.692,0.591,0.735
21786,2U-C-Z1.tif,0.547,4.681,0.314,1.519,788,583,154.983,0.973,1.825,0.548,0.565
21787,2U-C-Z1.tif,2.021,6.798,0.55,2.302,483,582,113.499,1.404,1.709,0.585,0.825
21788,2U-C-Z1.tif,3.124,10.938,0.328,4.13,495,609,36.87,1.718,3.103,0.322,0.597
21789,2U-C-Z1.tif,0.699,3.339,0.788,1.364,496,583,109.654,0.72,1.999,0.5,0.897
21790,2U-C-Z1.tif,3.672,10.938,0.386,3.366,385,585,101.004,1.815,2.267,0.441,0.754
21791,2U-C-Z1.tif,0.943,4.064,0.718,1.364,467,586,109.654,1.091,1.305,0.766,0.858
21792,2U-C-Z1.tif,1.154,4.422,0.742,1.692,603,609,77.471,1.101,1.473,0.679,0.875
21793,2U-C-Z1.tif,1.339,4.301,0.91,1.505,673,603,37.569,1.285,1.165,0.859,0.911
21794,2U-C-Z1.tif,1.516,6.454,0.457,1.856,416,613,81.469,1.349,1.439,0.695,0.813
21795,2U-C-Z1.tif,1.701,4.95,0.872,1.845,645,595,95.711,1.285,1.299,0.77,0.912
21796,2U-C-Z1.tif,1.752,4.995,0.882,1.765,548,598,98.973,1.492,1.109,0.902,0.9
21797,2U-C-Z1.tif,1.937,5.912,0.696,2.24,682,618,55.008,1.149,1.985,0.504,0.886
21798,2U-C-Z1.tif,0.716,4.118,0.531,1.527,710,602,122.735,0.822,1.917,0.522,0.773
21799,2U-C-Z1.tif,2.366,5.89,0.857,2.134,519,604,115.463,1.644,1.264,0.791,0.915
21800,2U-C-Z1.tif,2.425,11.869,0.216,4.278,702,627,22.714,1.523,3.807,0.263,0.508
21801,2U-C-Z1.tif,5.002,12.818,0.383,4.398,538,625,23.356,2.335,2.072,0.483,0.7
21802,2U-C-Z1.tif,1.802,4.874,0.953,1.692,627,607,102.529,1.377,1.157,0.865,0.943
21803,2U-C-Z1.tif,1.263,5.339,0.557,2.148,301,631,70.017,0.985,2.437,0.41,0.779
21804,2U-C-Z1.tif,2.981,6.333,0.934,2.302,365,609,113.499,1.835,1.231,0.813,0.948
21805,2U-C-Z1.tif,0.8,3.361,0.89,1.168,476,620,45,0.979,1.12,0.893,0.884
21806,2U-C-Z1.tif,0.91,3.469,0.95,1.197,445,616,122.471,1.009,1.127,0.887,0.931
21807,2U-C-Z1.tif,0.648,2.994,0.909,1.197,601,615,122.471,0.844,1.456,0.687,0.906
21808,2U-C-Z1.tif,1.373,4.507,0.849,1.605,426,622,120.964,1.259,1.237,0.808,0.898
21809,2U-C-Z1.tif,2.114,8.052,0.41,2.88,265,627,149.349,1.343,2.764,0.362,0.714
21810,2U-C-Z1.tif,1.659,6.83,0.447,2.738,416,625,103.57,1.19,2.441,0.41,0.75
21811,2U-C-Z1.tif,0.834,4.01,0.651,1.753,614,625,137.121,0.843,2.444,0.409,0.843
21812,2U-C-Z1.tif,2.164,7.761,0.452,2.24,323,644,34.992,1.744,1.458,0.686,0.744
21813,2U-C-Z1.tif,1.423,4.896,0.746,1.856,1004,648,81.469,1.193,1.518,0.659,0.869
21814,2U-C-Z1.tif,2.392,6.15,0.795,2.097,384,655,66.801,1.647,1.346,0.743,0.892
21815,2U-C-Z1.tif,1.566,4.691,0.895,1.642,514,636,116.565,1.377,1.096,0.913,0.925
21816,2U-C-Z1.tif,2.729,7.9,0.549,2.827,645,649,13.134,1.744,1.778,0.563,0.81
21817,2U-C-Z1.tif,1.036,4.583,0.62,1.692,724,636,102.529,1.009,1.666,0.6,0.817
21818,2U-C-Z1.tif,1.398,4.355,0.926,1.687,435,658,67.62,1.101,1.496,0.668,0.946
21819,2U-C-Z1.tif,3.537,10.191,0.428,3.228,452,641,104.826,2.111,1.498,0.668,0.798
21820,2U-C-Z1.tif,3.2,7.998,0.629,2.834,355,642,119.055,1.786,1.762,0.568,0.83
21821,2U-C-Z1.tif,0.733,3.956,0.588,1.436,757,653,26.565,0.891,1.824,0.548,0.773
21822,2U-C-Z1.tif,2.813,7.349,0.654,2.538,596,664,40.601,1.888,1.175,0.851,0.846
21823,2U-C-Z1.tif,1.482,5.058,0.728,1.892,529,668,67.166,1.193,1.512,0.661,0.876
21824,2U-C-Z1.tif,0.766,3.934,0.622,1.425,320,659,14.931,0.918,1.651,0.606,0.752
21825,2U-C-Z1.tif,1.516,7.729,0.319,2.235,500,674,70.821,1.19,2.179,0.459,0.699
21826,2U-C-Z1.tif,1.583,4.874,0.837,1.822,560,655,139.086,1.298,1.33,0.752,0.917
21827,2U-C-Z1.tif,1.019,3.621,0.977,1.278,640,655,111.038,1.101,1.135,0.881,0.927
21828,2U-C-Z1.tif,0.606,2.918,0.895,1.161,311,660,108.435,0.734,1.57,0.637,0.911
21829,2U-C-Z1.tif,0.867,4.691,0.495,1.626,286,661,106.39,0.918,2.361,0.424,0.728
21830,2U-C-Z1.tif,0.943,3.545,0.943,1.248,407,673,53.973,1.009,1.147,0.871,0.918
21831,2U-C-Z1.tif,1.187,4.767,0.657,1.858,473,662,110.225,1.171,1.661,0.602,0.799
21832,2U-C-Z1.tif,0.943,3.675,0.878,1.398,626,662,113.199,0.944,1.498,0.667,0.911
21833,2U-C-Z1.tif,1.701,5.134,0.811,1.872,691,684,78.69,1.285,1.413,0.708,0.906
21834,2U-C-Z1.tif,3.293,13.328,0.233,3.233,571,695,55.408,2.133,1.469,0.681,0.642
21835,2U-C-Z1.tif,2.198,5.63,0.871,2.181,553,668,104.621,1.377,1.511,0.662,0.935
21836,2U-C-Z1.tif,2.425,8.204,0.453,2.761,297,670,111.448,1.512,1.915,0.522,0.812
21837,2U-C-Z1.tif,1.617,4.744,0.903,1.772,534,689,68.749,1.231,1.457,0.686,0.937
21838,2U-C-Z1.tif,1.777,5.729,0.68,1.89,714,691,60.945,1.377,1.362,0.734,0.859
21839,2U-C-Z1.tif,1.937,7.555,0.426,2.469,494,694,41.987,1.705,1.327,0.754,0.74
21840,2U-C-Z1.tif,1.608,6.593,0.465,2.031,654,686,18.435,1.537,1.159,0.863,0.75
21841,2U-C-Z1.tif,2.19,11.606,0.204,3.825,196,700,30.256,1.853,3.037,0.329,0.496
21842,2U-C-Z1.tif,5.752,16.958,0.251,4.076,406,705,31.185,2.661,1.501,0.666,0.701
21843,2U-C-Z1.tif,3.419,7.47,0.77,2.668,622,680,93.945,1.934,1.392,0.719,0.89
21844,2U-C-Z1.tif,0.531,4.118,0.393,1.765,449,686,8.973,0.522,3.858,0.259,0.737
21845,2U-C-Z1.tif,1.23,3.988,0.972,1.451,474,694,34.695,1.193,1.142,0.876,0.942
21846,2U-C-Z1.tif,1.457,4.561,0.88,1.714,356,707,74.476,1.193,1.417,0.706,0.925
21847,2U-C-Z1.tif,0.851,4.928,0.44,1.892,906,691,112.834,0.918,2.547,0.393,0.727
21848,2U-C-Z1.tif,2.063,7.349,0.48,2.462,370,718,63.435,1.318,2.351,0.425,0.756
21849,2U-C-Z1.tif,2.585,7.609,0.561,3.03,100,713,35.134,1.527,2.261,0.442,0.824
21850,2U-C-Z1.tif,1.987,7.349,0.462,2.479,313,712,38.991,1.678,1.667,0.6,0.759
21851,2U-C-Z1.tif,1.162,4.042,0.894,1.483,537,697,158.199,1.101,1.263,0.792,0.92
21852,2U-C-Z1.tif,1.053,6.033,0.363,1.951,741,710,41.186,1.149,1.7,0.588,0.661
21853,2U-C-Z1.tif,0.539,2.864,0.825,1.15,471,697,118.61,0.779,1.589,0.629,0.871
21854,2U-C-Z1.tif,2.055,5.501,0.853,1.985,579,698,123.69,1.56,1.233,0.811,0.916
21855,2U-C-Z1.tif,1.928,5.317,0.857,1.81,502,717,59.534,1.56,1.167,0.857,0.912
21856,2U-C-Z1.tif,0.758,3.934,0.615,1.707,164,712,36.254,0.771,2.353,0.425,0.841
21857,2U-C-Z1.tif,0.749,3.415,0.808,1.336,398,702,105.945,0.81,1.689,0.592,0.886
21858,2U-C-Z1.tif,0.859,3.567,0.848,1.278,552,714,158.962,1.009,1.254,0.798,0.895
21859,2U-C-Z1.tif,0.556,2.712,0.949,0.993,418,720,56.31,0.734,1.26,0.794,0.923
21860,2U-C-Z2.tif,0.251,2.718,0.427,1.049,181,18,27.408,0.4,3.099,0.323,0.748
21861,2U-C-Z2.tif,0.446,4.489,0.278,1.102,942,36,69.864,0.785,1.578,0.634,0.656
21862,2U-C-Z2.tif,1.136,4.69,0.649,1.561,907,56,83.66,1.069,1.435,0.697,0.895
21863,2U-C-Z2.tif,0.743,3.367,0.824,1.265,601,15,107.447,0.879,1.447,0.691,0.938
21864,2U-C-Z2.tif,2.58,11.212,0.258,2.459,699,18,104.621,1.78,1.395,0.717,0.774
21865,2U-C-Z2.tif,0.266,3.395,0.29,1.114,522,28,158.199,0.46,2.916,0.343,0.684
21866,2U-C-Z2.tif,0.392,2.408,0.85,0.852,92,25,111.371,0.655,1.22,0.82,0.921
21867,2U-C-Z2.tif,0.838,3.809,0.726,1.283,505,25,96.17,0.931,1.282,0.78,0.895
21868,2U-C-Z2.tif,0.312,2.136,0.858,0.794,637,41,34.38,0.538,1.497,0.668,0.932
21869,2U-C-Z2.tif,1.238,8.703,0.205,2.349,625,76,40.236,1.52,1.88,0.532,0.552
21870,2U-C-Z2.tif,0.361,3.232,0.435,1.232,815,68,72.072,0.516,2.54,0.394,0.743
21871,2U-C-Z2.tif,0.202,2.027,0.619,0.708,13,40,133.025,0.414,1.744,0.573,0.831
21872,2U-C-Z2.tif,0.969,4.057,0.74,1.313,938,38,119.932,1.08,1.073,0.932,0.906
21873,2U-C-Z2.tif,0.521,2.684,0.908,0.928,382,73,68.199,0.782,1.178,0.849,0.942
21874,2U-C-Z2.tif,1.495,6.811,0.405,2.038,531,92,23.962,1.313,1.66,0.602,0.752
21875,2U-C-Z2.tif,0.397,2.392,0.873,0.839,842,80,80.538,0.621,1.297,0.771,0.934
21876,2U-C-Z2.tif,0.44,2.733,0.74,0.981,997,85,71.565,0.655,1.509,0.663,0.896
21877,2U-C-Z2.tif,0.818,5.629,0.324,1.513,752,61,114.228,1.093,1.426,0.701,0.654
21878,2U-C-Z2.tif,0.302,3.513,0.308,1.296,178,60,115.201,0.53,2.94,0.34,0.678
21879,2U-C-Z2.tif,0.652,4.601,0.387,1.352,75,93,37.747,0.964,1.618,0.618,0.715
21880,2U-C-Z2.tif,3.007,10.383,0.35,2.476,296,109,12.875,1.922,1.096,0.912,0.849
21881,2U-C-Z2.tif,0.662,4.796,0.362,1.396,21,108,69.775,0.994,1.632,0.613,0.668
21882,2U-C-Z2.tif,0.319,4.196,0.227,1.4,822,74,142.001,0.583,3.683,0.272,0.543
21883,2U-C-Z2.tif,0.787,6.108,0.265,1.614,457,91,160.017,1.159,1.809,0.553,0.509
21884,2U-C-Z2.tif,0.577,3.412,0.622,1.1,268,78,122.196,0.782,1.431,0.699,0.843
21885,2U-C-Z2.tif,0.939,7.453,0.212,2.314,589,94,176.583,0.948,2.786,0.359,0.563
21886,2U-C-Z2.tif,0.608,3.74,0.546,1.197,661,107,11.634,0.818,1.495,0.669,0.818
21887,2U-C-Z2.tif,0.322,3.436,0.343,1.327,368,102,24.567,0.42,3.695,0.271,0.799
21888,2U-C-Z2.tif,0.829,4.622,0.488,1.339,920,102,145.491,1.139,1.151,0.869,0.821
21889,2U-C-Z2.tif,0.334,4.13,0.246,1.544,115,139,66.297,0.544,3.283,0.305,0.542
21890,2U-C-Z2.tif,0.53,4.403,0.344,1.332,961,136,68.749,0.931,1.906,0.525,0.646
21891,2U-C-Z2.tif,0.534,3.448,0.564,1.042,457,103,145.784,0.828,1.156,0.865,0.843
21892,2U-C-Z2.tif,0.214,2.428,0.456,1.065,562,119,24.905,0.315,3.876,0.258,0.796
21893,2U-C-Z2.tif,0.459,3.935,0.372,1.082,361,126,22.479,0.828,1.683,0.594,0.74
21894,2U-C-Z2.tif,0.265,1.99,0.842,0.775,35,127,57.724,0.507,1.554,0.643,0.929
21895,2U-C-Z2.tif,0.297,3.522,0.301,1.137,665,118,14.036,0.648,1.848,0.541,0.533
21896,2U-C-Z2.tif,2.361,7.183,0.575,2.637,514,113,101.31,1.309,1.831,0.546,0.898
21897,2U-C-Z2.tif,0.938,7.363,0.217,1.735,562,153,49.028,1.121,1.68,0.595,0.676
21898,2U-C-Z2.tif,1.136,4.902,0.594,1.768,484,166,69.444,1.1,1.69,0.592,0.872
21899,2U-C-Z2.tif,0.262,2.725,0.443,1.018,60,126,151.699,0.457,2.5,0.4,0.737
21900,2U-C-Z2.tif,0.975,3.898,0.806,1.409,923,123,111.541,1,1.376,0.727,0.944
21901,2U-C-Z2.tif,0.259,3.33,0.294,1.22,34,158,42.709,0.464,2.745,0.364,0.609
21902,2U-C-Z2.tif,0.282,2.03,0.859,0.718,325,148,35.218,0.586,1.039,0.962,0.917
21903,2U-C-Z2.tif,1.201,7.074,0.302,1.59,798,172,40.601,1.279,1.289,0.776,0.83
21904,2U-C-Z2.tif,0.565,5.523,0.233,1.696,284,140,153.435,0.924,2.273,0.44,0.552
21905,2U-C-Z2.tif,0.392,2.4,0.856,0.848,241,162,63.435,0.679,1.162,0.861,0.922
21906,2U-C-Z2.tif,3.468,14.299,0.213,3.988,23,219,33.003,1.999,2.534,0.395,0.591
21907,2U-C-Z2.tif,1.054,6.388,0.324,1.444,400,191,56.689,1.265,1.165,0.858,0.797
21908,2U-C-Z2.tif,0.367,2.92,0.542,1.204,434,156,113.629,0.527,2.639,0.379,0.833
21909,2U-C-Z2.tif,0.309,2.681,0.541,0.895,381,183,62.447,0.584,1.617,0.619,0.759
21910,2U-C-Z2.tif,3.302,14.142,0.207,3.444,162,164,145.196,1.982,2.068,0.483,0.639
21911,2U-C-Z2.tif,0.495,4.687,0.283,1.159,238,166,149.621,0.774,1.573,0.636,0.732
21912,2U-C-Z2.tif,0.706,5.9,0.255,2.09,911,166,142.374,0.974,2,0.5,0.538
21913,2U-C-Z2.tif,2.069,10.292,0.245,2.015,290,192,173.118,1.784,1.318,0.759,0.751
21914,2U-C-Z2.tif,1.769,7.988,0.348,2.057,657,229,55.244,1.439,1.375,0.727,0.795
21915,2U-C-Z2.tif,1.35,8.569,0.231,2.377,453,183,156.038,1.182,2.545,0.393,0.61
21916,2U-C-Z2.tif,0.316,2.592,0.592,0.845,923,184,101.768,0.565,1.463,0.683,0.829
21917,2U-C-Z2.tif,1.59,8.241,0.294,2.175,594,243,64.654,1.302,1.725,0.58,0.738
21918,2U-C-Z2.tif,0.389,3.127,0.5,1.287,708,223,82.304,0.472,2.78,0.36,0.832
21919,2U-C-Z2.tif,0.477,4.529,0.292,1.499,884,202,156.975,0.614,3.272,0.306,0.679
21920,2U-C-Z2.tif,1.156,8.508,0.201,1.859,397,205,139.514,1.344,1.576,0.635,0.631
21921,2U-C-Z2.tif,0.688,5.471,0.289,1.562,931,246,67.964,0.803,2.15,0.465,0.723
21922,2U-C-Z2.tif,1.21,7.509,0.27,2.192,357,212,109.29,1.359,1.873,0.534,0.548
21923,2U-C-Z2.tif,0.722,4.391,0.47,1.674,392,223,122.381,0.769,2.366,0.423,0.828
21924,2U-C-Z2.tif,0.473,2.968,0.675,1.108,659,235,5.356,0.599,1.854,0.539,0.877
21925,2U-C-Z2.tif,0.463,2.693,0.802,1.004,249,256,74.055,0.692,1.451,0.689,0.906
21926,2U-C-Z2.tif,0.297,3.022,0.409,1.134,626,269,70.463,0.535,2.463,0.406,0.716
21927,2U-C-Z2.tif,0.301,2.75,0.5,1.05,637,269,66.801,0.506,2.379,0.42,0.763
21928,2U-C-Z2.tif,3.753,15.008,0.209,3.824,970,254,97.253,1.993,2.06,0.485,0.683
21929,2U-C-Z2.tif,0.244,3.18,0.303,1.236,423,286,59.859,0.396,3.774,0.265,0.638
21930,2U-C-Z2.tif,1.716,5.219,0.792,1.777,290,260,108.083,1.293,1.385,0.722,0.943
21931,2U-C-Z2.tif,1.075,4.902,0.562,1.424,452,302,83.047,1.09,1.348,0.742,0.878
21932,2U-C-Z2.tif,1.976,5.506,0.819,1.81,552,275,139.635,1.549,1.121,0.892,0.945
21933,2U-C-Z2.tif,0.225,2.92,0.331,1.159,196,290,30.379,0.493,2.447,0.409,0.624
21934,2U-C-Z2.tif,0.635,5.804,0.237,1.976,490,273,137.121,0.733,3.453,0.29,0.564
21935,2U-C-Z2.tif,0.213,2.222,0.542,0.753,661,280,164.055,0.432,1.816,0.551,0.819
21936,2U-C-Z2.tif,0.22,2.721,0.373,0.808,611,297,50.194,0.561,1.301,0.768,0.655
21937,2U-C-Z2.tif,0.235,2.738,0.395,0.834,647,295,172.875,0.545,1.654,0.605,0.69
21938,2U-C-Z2.tif,0.266,2.98,0.377,1.231,328,326,78.69,0.335,4.648,0.215,0.733
21939,2U-C-Z2.tif,0.359,3.757,0.32,1.131,73,320,52.431,0.635,2.228,0.449,0.657
21940,2U-C-Z2.tif,0.301,3.57,0.297,1.32,596,322,33.275,0.564,2.538,0.394,0.619
21941,2U-C-Z2.tif,0.454,2.713,0.776,0.962,846,301,104.534,0.69,1.392,0.718,0.908
21942,2U-C-Z2.tif,0.34,2.461,0.706,0.905,634,302,107.745,0.586,1.466,0.682,0.89
21943,2U-C-Z2.tif,0.542,3.513,0.552,1.266,12,336,60.642,0.717,1.885,0.53,0.838
21944,2U-C-Z2.tif,0.597,3.76,0.53,1.418,433,345,85.815,0.687,1.926,0.519,0.831
21945,2U-C-Z2.tif,0.243,3.419,0.261,1.249,455,330,39.401,0.436,3.62,0.276,0.646
21946,2U-C-Z2.tif,0.275,3.444,0.291,1.219,118,344,81.87,0.407,4.07,0.246,0.662
21947,2U-C-Z2.tif,0.224,2.96,0.321,1.272,29,346,77.471,0.355,4.292,0.233,0.641
21948,2U-C-Z2.tif,2.649,6.27,0.847,2.144,608,328,101.129,1.657,1.3,0.769,0.964
21949,2U-C-Z2.tif,1.235,5.052,0.608,1.576,461,376,79.919,1.198,1.318,0.758,0.853
21950,2U-C-Z2.tif,0.968,5.572,0.392,1.506,827,331,105.945,1.135,1.26,0.793,0.752
21951,2U-C-Z2.tif,0.203,1.969,0.659,0.708,248,335,133.025,0.501,1.625,0.615,0.83
21952,2U-C-Z2.tif,0.523,2.851,0.809,1.104,417,335,104.47,0.647,1.736,0.576,0.942
21953,2U-C-Z2.tif,1.095,4.154,0.797,1.473,894,378,73.686,0.966,1.526,0.655,0.951
21954,2U-C-Z2.tif,0.855,5.58,0.345,1.322,357,357,15.124,0.983,1.441,0.694,0.82
21955,2U-C-Z2.tif,0.549,5.491,0.229,1.455,97,351,143.673,0.884,1.605,0.623,0.54
21956,2U-C-Z2.tif,0.208,2.4,0.454,0.727,29,367,58.57,0.523,1.304,0.767,0.722
21957,2U-C-Z2.tif,0.221,2.396,0.484,0.697,54,358,171.469,0.555,1.259,0.794,0.755
21958,2U-C-Z2.tif,2.63,7.371,0.608,2.259,532,354,121.264,1.69,1.291,0.775,0.929
21959,2U-C-Z2.tif,0.39,2.908,0.58,0.897,340,378,67.38,0.69,1.305,0.766,0.846
21960,2U-C-Z2.tif,1.834,9.62,0.249,2.274,221,409,49.304,1.651,1.176,0.85,0.723
21961,2U-C-Z2.tif,0.675,3.147,0.857,1.117,789,357,98.881,0.793,1.394,0.717,0.94
21962,2U-C-Z2.tif,0.476,3.525,0.481,1.197,391,393,78.366,0.675,2.104,0.475,0.766
21963,2U-C-Z2.tif,0.366,3.838,0.312,1.441,923,398,68.962,0.438,4.019,0.249,0.704
21964,2U-C-Z2.tif,0.908,6.019,0.315,1.466,645,405,41.186,1.086,1.317,0.759,0.788
21965,2U-C-Z2.tif,0.26,3.326,0.296,0.942,984,372,113.749,0.574,1.471,0.68,0.667
21966,2U-C-Z2.tif,0.841,4.759,0.466,1.876,580,373,107.103,0.854,2.318,0.431,0.81
21967,2U-C-Z2.tif,0.454,3.797,0.396,1.053,873,379,121.608,0.738,1.315,0.76,0.78
21968,2U-C-Z2.tif,1.335,4.536,0.816,1.531,345,388,144.162,1.264,1.212,0.825,0.935
21969,2U-C-Z2.tif,1.36,4.771,0.751,1.579,693,421,53.881,1.148,1.355,0.738,0.928
21970,2U-C-Z2.tif,0.999,3.939,0.809,1.355,825,423,75.256,1.069,1.27,0.787,0.92
21971,2U-C-Z2.tif,0.99,3.959,0.794,1.463,151,428,81.87,0.912,1.611,0.621,0.946
21972,2U-C-Z2.tif,0.452,3.005,0.629,1.079,925,414,26.565,0.663,1.638,0.611,0.871
21973,2U-C-Z2.tif,0.222,1.929,0.751,0.738,416,401,127.405,0.447,1.721,0.581,0.893
21974,2U-C-Z2.tif,0.238,2.311,0.56,0.778,300,403,102.804,0.517,1.411,0.709,0.794
21975,2U-C-Z2.tif,0.772,3.273,0.905,1.171,19,404,103.627,0.862,1.35,0.741,0.959
21976,2U-C-Z2.tif,0.586,2.891,0.881,1.062,95,436,76.866,0.724,1.469,0.681,0.95
21977,2U-C-Z2.tif,0.271,2.254,0.671,0.807,656,416,19.983,0.466,1.683,0.594,0.856
21978,2U-C-Z2.tif,0.289,2.116,0.811,0.757,747,422,30.069,0.545,1.384,0.723,0.908
21979,2U-C-Z2.tif,0.935,5.686,0.363,1.745,183,415,108.435,0.894,1.902,0.526,0.771
21980,2U-C-Z2.tif,0.219,1.86,0.795,0.727,611,415,121.43,0.458,1.647,0.607,0.934
21981,2U-C-Z2.tif,0.598,3.298,0.691,1.232,845,449,72.072,0.77,1.475,0.678,0.901
21982,2U-C-Z2.tif,0.239,3.237,0.287,0.961,316,444,68.962,0.663,1.507,0.664,0.572
21983,2U-C-Z2.tif,0.468,5.069,0.229,1.024,396,443,32.619,0.892,1.045,0.957,0.695
21984,2U-C-Z2.tif,0.674,6.486,0.201,1.236,548,443,22.989,1.079,1.196,0.836,0.699
21985,2U-C-Z2.tif,0.31,2.563,0.594,0.823,487,438,33.024,0.632,1.225,0.817,0.818
21986,2U-C-Z2.tif,0.233,3.432,0.249,1.189,956,424,106.858,0.491,3.254,0.307,0.598
21987,2U-C-Z2.tif,2.131,8.167,0.401,2.327,765,496,83.191,1.467,1.565,0.639,0.813
21988,2U-C-Z2.tif,0.206,3.074,0.274,1.225,346,430,170.272,0.471,3.317,0.301,0.521
21989,2U-C-Z2.tif,0.716,4.378,0.469,1.682,287,480,74.539,0.595,3.052,0.328,0.838
21990,2U-C-Z2.tif,0.218,3.315,0.249,0.928,680,437,131.987,0.673,1.633,0.612,0.526
21991,2U-C-Z2.tif,0.377,2.583,0.71,0.84,1003,434,109.179,0.702,1.211,0.825,0.87
21992,2U-C-Z2.tif,0.584,3.964,0.467,1.395,251,474,50.013,0.678,2.516,0.397,0.785
21993,2U-C-Z2.tif,0.653,3.078,0.866,1.037,923,472,68.552,0.828,1.19,0.84,0.934
21994,2U-C-Z2.tif,1.084,4.122,0.802,1.377,150,481,67.932,1.056,1.285,0.778,0.94
21995,2U-C-Z2.tif,0.357,3.749,0.319,1.126,714,447,130.03,0.691,1.787,0.56,0.617
21996,2U-C-Z2.tif,1.194,6.559,0.349,2.184,648,453,158.703,1.005,2.304,0.434,0.73
21997,2U-C-Z2.tif,0.225,3.168,0.281,0.807,817,471,160.017,0.615,1.407,0.711,0.624
21998,2U-C-Z2.tif,0.483,2.997,0.675,1.009,49,465,97.853,0.724,1.398,0.715,0.868
21999,2U-C-Z2.tif,1.013,5.21,0.469,1.369,424,517,49.086,1.087,1.167,0.857,0.861
22000,2U-C-Z2.tif,0.232,3.416,0.25,0.962,382,486,104.534,0.631,1.535,0.651,0.53
22001,2U-C-Z2.tif,0.298,3.562,0.296,0.971,765,506,173.884,0.575,1.572,0.636,0.723
22002,2U-C-Z2.tif,0.775,5.414,0.332,1.532,150,516,148.815,0.936,1.743,0.574,0.699
22003,2U-C-Z2.tif,0.322,2.834,0.504,1.18,506,508,173.29,0.478,2.602,0.384,0.842
22004,2U-C-Z2.tif,2.195,6.031,0.758,1.967,697,508,92.01,1.508,1.299,0.77,0.926
22005,2U-C-Z2.tif,0.377,4.813,0.204,1.4,555,511,127.999,0.74,1.867,0.536,0.598
22006,2U-C-Z2.tif,0.441,2.827,0.694,0.947,996,512,100.491,0.669,1.432,0.698,0.853
22007,2U-C-Z2.tif,0.215,2.27,0.525,0.995,523,530,33.69,0.384,2.988,0.335,0.812
22008,2U-C-Z2.tif,0.208,2.25,0.516,0.744,383,520,103.392,0.504,1.629,0.614,0.735
22009,2U-C-Z2.tif,0.373,3.866,0.314,1.053,354,532,148.392,0.694,1.583,0.632,0.672
22010,2U-C-Z2.tif,2.951,7.395,0.678,2.421,424,528,116.2,1.678,1.565,0.639,0.94
22011,2U-C-Z2.tif,2.662,6.293,0.845,2.156,815,591,82.648,1.619,1.352,0.739,0.962
22012,2U-C-Z2.tif,0.744,4.744,0.416,1.455,124,536,121.43,0.762,1.983,0.504,0.812
22013,2U-C-Z2.tif,0.247,3.618,0.237,1.11,488,543,115.769,0.552,2.228,0.449,0.484
22014,2U-C-Z2.tif,0.8,4.105,0.597,1.386,527,555,174.289,1.018,1.177,0.849,0.86
22015,2U-C-Z2.tif,2.7,6.542,0.793,2.267,899,547,103.191,1.574,1.452,0.689,0.952
22016,2U-C-Z2.tif,0.214,2.055,0.637,0.852,993,562,31.759,0.439,2.096,0.477,0.835
22017,2U-C-Z2.tif,1.945,5.673,0.76,2.053,110,554,97.722,1.345,1.515,0.66,0.933
22018,2U-C-Z2.tif,0.338,3.818,0.291,1.349,583,554,94.399,0.425,4.456,0.224,0.702
22019,2U-C-Z2.tif,2.12,8.688,0.353,2.175,657,554,115.346,1.477,1.373,0.728,0.817
22020,2U-C-Z2.tif,0.212,2.66,0.376,0.942,948,556,113.749,0.498,2.299,0.435,0.672
22021,2U-C-Z2.tif,0.213,1.783,0.842,0.698,27,560,122.905,0.463,1.611,0.621,0.909
22022,2U-C-Z2.tif,0.566,3.264,0.667,1.188,618,600,64.179,0.75,1.411,0.709,0.871
22023,2U-C-Z2.tif,1.333,4.507,0.825,1.531,155,619,82.235,1.138,1.3,0.77,0.944
22024,2U-C-Z2.tif,0.643,4.188,0.461,1.467,489,617,29.578,0.806,1.893,0.528,0.735
22025,2U-C-Z2.tif,1.419,4.86,0.755,1.597,318,594,103.736,1.205,1.311,0.763,0.933
22026,2U-C-Z2.tif,0.32,3.034,0.437,1.146,35,596,111.161,0.486,2.76,0.362,0.722
22027,2U-C-Z2.tif,0.227,2.741,0.38,0.83,826,602,131.634,0.62,1.643,0.609,0.623
22028,2U-C-Z2.tif,0.402,3.972,0.32,1.201,509,632,50.826,0.642,2.083,0.48,0.687
22029,2U-C-Z2.tif,0.687,3.318,0.784,1.096,195,609,102.724,0.864,1.299,0.77,0.905
22030,2U-C-Z2.tif,0.537,2.839,0.838,1.037,95,610,111.448,0.74,1.403,0.713,0.925
22031,2U-C-Z2.tif,0.879,6.47,0.264,1.249,686,646,39.401,1.103,1.026,0.975,0.818
22032,2U-C-Z2.tif,0.593,4.167,0.429,1.157,800,616,100.305,0.759,1.447,0.691,0.846
22033,2U-C-Z2.tif,1.106,7.151,0.272,1.793,369,618,127.972,1.224,1.802,0.555,0.626
22034,2U-C-Z2.tif,0.38,3.651,0.359,1.204,840,654,76.759,0.567,2.342,0.427,0.737
22035,2U-C-Z2.tif,0.508,3.115,0.658,1.157,137,630,169.695,0.619,1.963,0.509,0.888
22036,2U-C-Z2.tif,0.226,3.152,0.286,1.082,444,641,22.479,0.54,3.138,0.319,0.583
22037,2U-C-Z2.tif,1.868,8.183,0.351,1.844,886,642,110.807,1.481,1.306,0.766,0.879
22038,2U-C-Z2.tif,0.201,2.428,0.428,0.759,520,643,129.472,0.474,1.877,0.533,0.744
22039,2U-C-Z2.tif,0.357,3.152,0.451,1.025,588,651,137.726,0.629,1.708,0.586,0.77
22040,2U-C-Z2.tif,0.219,3.103,0.286,0.981,367,664,10.125,0.597,1.879,0.532,0.566
22041,2U-C-Z2.tif,0.283,3.68,0.263,1.005,28,662,149.036,0.844,1.554,0.643,0.516
22042,2U-C-Z2.tif,0.375,4.305,0.254,1.082,141,671,30.651,0.793,1.163,0.86,0.612
22043,2U-C-Z2.tif,0.585,4.734,0.328,1.727,443,658,93.434,0.556,3.567,0.28,0.746
22044,2U-C-Z2.tif,0.948,5.588,0.381,1.516,556,701,72.801,1.161,1.373,0.728,0.767
22045,2U-C-Z2.tif,0.81,3.675,0.754,1.223,314,665,130.426,0.862,1.285,0.778,0.945
22046,2U-C-Z2.tif,1.31,4.995,0.66,1.653,268,666,113.356,1.106,1.57,0.637,0.911
22047,2U-C-Z2.tif,1.128,4.309,0.764,1.465,405,704,63.435,1.091,1.36,0.735,0.926
22048,2U-C-Z2.tif,0.663,5.617,0.264,2.192,619,704,24.146,0.574,5.176,0.193,0.647
22049,2U-C-Z2.tif,0.304,2.534,0.596,0.911,950,701,29.476,0.558,1.79,0.559,0.809
22050,2U-C-Z2.tif,0.205,3.347,0.229,0.842,601,686,124.992,0.669,1.195,0.837,0.536
22051,2U-C-Z2.tif,0.203,2.132,0.562,0.804,722,710,59.036,0.458,1.758,0.569,0.828
22052,2U-C-Z3.tif,2.015,9.438,0.284,1.94,604,107,137.564,1.554,1.176,0.851,0.875
22053,2U-C-Z3.tif,1.039,7.98,0.205,1.711,74,183,8.711,1.035,1.937,0.516,0.743
22054,2U-C-Z3.tif,0.321,2.76,0.53,0.914,808,176,107.354,0.575,1.443,0.693,0.841
22055,2U-C-Z3.tif,0.523,3.516,0.532,1.245,308,289,85.601,0.69,1.568,0.638,0.877
22056,2U-C-Z3.tif,2.732,6.998,0.701,2.157,744,241,92.537,1.638,1.316,0.76,0.961
22057,2U-C-Z3.tif,0.53,2.993,0.744,1.115,267,259,101.997,0.65,1.727,0.579,0.951
22058,2U-C-Z3.tif,0.857,6.565,0.25,2.192,659,342,106.631,0.82,2.574,0.389,0.733
22059,2U-C-Z3.tif,0.286,4.122,0.212,1.411,165,498,48.918,0.493,2.972,0.336,0.659
22060,2U-C-Z3.tif,0.218,2.017,0.673,0.723,263,427,121.891,0.416,1.854,0.539,0.905
22061,2U-C-Z3.tif,0.256,3.093,0.336,1.011,480,674,176.135,0.475,2.098,0.477,0.734
22062,2U-C-Z3.tif,0.26,3.602,0.252,1.31,475,694,2.386,0.358,4.482,0.223,0.711
22063,2U-D-Z1.tif,1.886,7.533,0.418,2.393,199,8,147.529,1.642,1.467,0.682,0.672
22064,2U-D-Z1.tif,1.246,5.729,0.477,1.892,736,5,104.036,1.184,1.747,0.572,0.796
22065,2U-D-Z1.tif,1.954,5.187,0.912,1.916,383,7,106.699,1.377,1.34,0.746,0.935
22066,2U-D-Z1.tif,0.775,3.231,0.932,1.314,466,8,114.775,0.826,1.595,0.627,0.929
22067,2U-D-Z1.tif,2.451,10.581,0.275,3.799,425,34,37.147,1.589,2.737,0.365,0.571
22068,2U-D-Z1.tif,1.07,5.912,0.384,1.603,571,12,103.241,1.277,1.231,0.812,0.7
22069,2U-D-Z1.tif,0.615,3.513,0.626,1.428,593,16,135,0.739,2.208,0.453,0.798
22070,2U-D-Z1.tif,0.573,2.735,0.962,0.988,708,30,68.199,0.826,1.097,0.911,0.907
22071,2U-D-Z1.tif,0.615,3.751,0.549,1.401,265,24,121.608,0.816,1.916,0.522,0.741
22072,2U-D-Z1.tif,5.086,12.192,0.43,3.494,611,37,13.671,2.359,1.477,0.677,0.839
22073,2U-D-Z1.tif,2.493,6.906,0.657,2.311,560,50,83.157,1.637,1.535,0.651,0.845
22074,2U-D-Z1.tif,0.817,3.652,0.77,1.304,532,27,129.289,0.985,1.315,0.76,0.89
22075,2U-D-Z1.tif,2.307,7.953,0.458,2.849,309,27,104.931,1.438,2.54,0.394,0.715
22076,2U-D-Z1.tif,1.103,3.858,0.931,1.436,520,28,116.565,1.101,1.307,0.765,0.932
22077,2U-D-Z1.tif,0.716,3.415,0.771,1.314,486,29,102.095,0.826,1.742,0.574,0.846
22078,2U-D-Z1.tif,2.114,5.447,0.895,1.945,577,52,70.71,1.56,1.224,0.817,0.93
22079,2U-D-Z1.tif,2.164,7.479,0.486,2.612,377,61,71.565,1.324,2.068,0.484,0.828
22080,2U-D-Z1.tif,1.524,5.004,0.765,1.856,113,37,98.531,1.241,1.717,0.583,0.864
22081,2U-D-Z1.tif,0.834,4.883,0.439,2.142,457,42,9.866,0.584,4.577,0.218,0.808
22082,2U-D-Z1.tif,3.124,9.359,0.448,3.259,336,40,99.728,1.509,2.065,0.484,0.803
22083,2U-D-Z1.tif,0.884,3.491,0.912,1.231,425,41,116.565,1.009,1.176,0.85,0.897
22084,2U-D-Z1.tif,1.364,5.912,0.49,1.835,535,41,126.87,1.193,1.501,0.666,0.8
22085,2U-D-Z1.tif,3.032,10.612,0.338,4.075,383,78,54.162,1.764,2.564,0.39,0.632
22086,2U-D-Z1.tif,0.918,3.912,0.754,1.519,601,46,115.017,0.826,1.814,0.551,0.905
22087,2U-D-Z1.tif,0.952,5.286,0.428,2.004,496,67,74.055,0.871,2.742,0.365,0.746
22088,2U-D-Z1.tif,1.684,5.805,0.628,2.062,478,69,69.146,1.203,1.962,0.51,0.82
22089,2U-D-Z1.tif,1.768,6.02,0.613,1.892,680,51,140.906,1.555,1.126,0.888,0.817
22090,2U-D-Z1.tif,0.657,3.285,0.765,1.314,763,52,114.775,0.734,1.775,0.563,0.867
22091,2U-D-Z1.tif,0.834,3.469,0.871,1.278,507,55,111.038,0.913,1.479,0.676,0.9
22092,2U-D-Z1.tif,0.716,3.079,0.949,1.12,577,64,34.992,0.826,1.203,0.831,0.939
22093,2U-D-Z1.tif,3.032,10.061,0.376,2.827,638,56,125.754,1.888,1.512,0.661,0.789
22094,2U-D-Z1.tif,1.086,3.827,0.932,1.451,534,58,108.435,1.101,1.297,0.771,0.915
22095,2U-D-Z1.tif,1.457,6.669,0.412,2.181,669,87,75.379,1.054,2.257,0.443,0.764
22096,2U-D-Z1.tif,1.213,4.767,0.671,1.724,419,69,154.799,1.193,1.497,0.668,0.814
22097,2U-D-Z1.tif,2.518,6.074,0.858,1.97,519,68,117.759,1.821,1.032,0.969,0.917
22098,2U-D-Z1.tif,3.326,7.488,0.746,2.701,684,69,99.782,1.652,1.739,0.575,0.922
22099,2U-D-Z1.tif,3.554,14.331,0.217,3.541,144,70,148.782,2.194,1.532,0.653,0.654
22100,2U-D-Z1.tif,4.724,11.467,0.452,4.194,284,71,100.081,2.162,2.341,0.427,0.691
22101,2U-D-Z1.tif,1.288,4.118,0.955,1.483,620,71,111.801,1.193,1.203,0.831,0.933
22102,2U-D-Z1.tif,1.162,5.102,0.561,2.189,326,77,123.024,0.96,2.433,0.411,0.821
22103,2U-D-Z1.tif,3.326,6.754,0.916,2.359,463,102,76.504,1.835,1.245,0.803,0.947
22104,2U-D-Z1.tif,1.23,4.171,0.888,1.579,580,90,35.538,1.108,1.357,0.737,0.921
22105,2U-D-Z1.tif,1.036,4.086,0.78,1.48,441,80,97.125,1.101,1.196,0.836,0.866
22106,2U-D-Z1.tif,1.423,5.836,0.525,2.386,730,80,112.62,1.04,2.38,0.42,0.788
22107,2U-D-Z1.tif,2.83,9.793,0.371,2.849,381,83,104.931,1.783,1.579,0.633,0.718
22108,2U-D-Z1.tif,1.238,4.323,0.832,1.494,356,97,10.62,1.252,1.192,0.839,0.878
22109,2U-D-Z1.tif,1.297,5.859,0.475,1.985,416,88,123.69,1.1,2.084,0.48,0.746
22110,2U-D-Z1.tif,0.632,3.956,0.507,1.364,652,97,19.654,0.826,1.702,0.587,0.773
22111,2U-D-Z1.tif,0.808,3.361,0.899,1.224,320,102,77.005,0.918,1.173,0.853,0.893
22112,2U-D-Z1.tif,1.053,5.469,0.442,1.835,242,93,143.13,1.185,1.705,0.586,0.685
22113,2U-D-Z1.tif,0.842,3.469,0.88,1.275,495,102,30.256,0.918,1.28,0.781,0.909
22114,2U-D-Z1.tif,0.842,3.652,0.793,1.323,405,106,56.31,0.985,1.372,0.729,0.858
22115,2U-D-Z1.tif,0.749,3.383,0.823,1.193,618,95,112.62,0.979,1.158,0.863,0.864
22116,2U-D-Z1.tif,1.154,4.14,0.846,1.48,334,100,119.745,1.149,1.276,0.784,0.901
22117,2U-D-Z1.tif,1.044,3.827,0.896,1.401,702,100,121.608,1.103,1.159,0.863,0.895
22118,2U-D-Z1.tif,9.365,23.13,0.22,5.544,598,102,114.444,3.572,1.946,0.514,0.664
22119,2U-D-Z1.tif,2.686,11.986,0.235,2.556,495,118,21.038,2.277,1.021,0.98,0.615
22120,2U-D-Z1.tif,0.556,4.01,0.434,1.605,537,105,149.036,0.667,2.653,0.377,0.68
22121,2U-D-Z1.tif,0.539,2.551,1,0.945,457,106,119.055,0.826,1.122,0.891,0.921
22122,2U-D-Z1.tif,2.552,7.488,0.572,2.728,353,128,42.274,1.66,1.705,0.586,0.803
22123,2U-D-Z1.tif,1.448,8.28,0.266,2.493,314,108,96.34,1.347,2.643,0.378,0.57
22124,2U-D-Z1.tif,2.173,5.805,0.81,2.233,437,110,99.462,1.477,1.522,0.657,0.912
22125,2U-D-Z1.tif,0.825,5.102,0.398,1.828,470,110,107.526,1.04,2.123,0.471,0.624
22126,2U-D-Z1.tif,1.667,10.106,0.205,3.377,658,137,42.797,1.439,3.356,0.298,0.445
22127,2U-D-Z1.tif,0.817,3.361,0.909,1.304,477,112,129.289,0.918,1.479,0.676,0.911
22128,2U-D-Z1.tif,1.499,4.691,0.856,1.687,635,128,67.62,1.285,1.304,0.767,0.899
22129,2U-D-Z1.tif,0.657,3.079,0.87,1.224,652,112,102.995,0.642,1.804,0.554,0.94
22130,2U-D-Z1.tif,0.598,2.918,0.882,1.193,107,113,112.62,0.734,1.63,0.613,0.91
22131,2U-D-Z1.tif,4.918,9.9,0.631,3.233,550,145,55.408,2.299,1.364,0.733,0.874
22132,2U-D-Z1.tif,2.484,6.722,0.691,2.352,421,122,110.556,1.64,1.454,0.688,0.871
22133,2U-D-Z1.tif,1.516,6.852,0.406,2.505,681,127,98.427,1.101,2.62,0.382,0.707
22134,2U-D-Z1.tif,0.817,4.919,0.424,1.828,458,132,162.474,0.949,2.326,0.43,0.658
22135,2U-D-Z1.tif,0.505,2.735,0.849,0.988,537,129,111.801,0.81,1.329,0.753,0.863
22136,2U-D-Z1.tif,0.674,3.804,0.585,1.364,281,142,42.274,0.784,1.612,0.62,0.808
22137,2U-D-Z1.tif,2.257,6.624,0.646,2.393,334,152,57.529,1.654,1.423,0.703,0.825
22138,2U-D-Z1.tif,2.324,7.425,0.53,2.75,249,133,154.29,1.626,2.092,0.478,0.736
22139,2U-D-Z1.tif,0.893,4.399,0.58,1.692,697,137,167.471,0.918,2.132,0.469,0.806
22140,2U-D-Z1.tif,0.564,2.94,0.82,1.15,311,149,61.39,0.738,1.7,0.588,0.848
22141,2U-D-Z1.tif,1.423,7.577,0.312,2.142,654,163,80.134,1.327,1.744,0.573,0.681
22142,2U-D-Z1.tif,1.103,6.561,0.322,2.462,175,144,153.435,1.035,2.983,0.335,0.631
22143,2U-D-Z1.tif,1.406,4.713,0.796,1.724,564,161,64.799,1.168,1.408,0.71,0.905
22144,2U-D-Z1.tif,0.632,2.842,0.983,1.026,360,157,63.435,0.826,1.135,0.881,0.932
22145,2U-D-Z1.tif,0.648,3.07,0.864,1.197,410,150,147.529,0.844,1.371,0.729,0.87
22146,2U-D-Z1.tif,1.103,4.095,0.827,1.675,669,147,99.462,0.826,1.943,0.515,0.936
22147,2U-D-Z1.tif,1.044,3.988,0.825,1.527,704,147,122.735,0.985,1.563,0.64,0.905
22148,2U-D-Z1.tif,1.642,6.02,0.569,1.91,756,165,54.782,1.551,1.187,0.843,0.782
22149,2U-D-Z1.tif,1.928,6.311,0.608,2.21,461,167,41.634,1.527,1.259,0.794,0.827
22150,2U-D-Z1.tif,3.326,6.982,0.857,2.382,516,154,105.642,1.973,1.206,0.829,0.924
22151,2U-D-Z1.tif,1.566,6.118,0.526,2.189,247,176,33.024,1.416,1.981,0.505,0.724
22152,2U-D-Z1.tif,0.589,2.918,0.87,1.105,593,168,48.366,0.874,1.233,0.811,0.881
22153,2U-D-Z1.tif,1.322,4.194,0.945,1.451,346,160,108.435,1.285,1.082,0.924,0.926
22154,2U-D-Z1.tif,3.916,8.083,0.753,2.978,540,162,123.69,2.154,1.253,0.798,0.899
22155,2U-D-Z1.tif,1.187,3.912,0.975,1.401,378,164,121.608,1.101,1.177,0.85,0.943
22156,2U-D-Z1.tif,1.078,4.399,0.7,1.513,599,173,165.964,1.193,1.399,0.715,0.834
22157,2U-D-Z1.tif,0.564,5.491,0.235,1.765,284,182,62.103,0.903,2.105,0.475,0.515
22158,2U-D-Z1.tif,0.615,2.918,0.907,1.161,741,169,108.435,0.734,1.562,0.64,0.907
22159,2U-D-Z1.tif,1.743,5.577,0.704,2.142,394,170,99.866,1.246,1.783,0.561,0.852
22160,2U-D-Z1.tif,2.088,5.577,0.844,2.013,487,190,65.772,1.567,1.247,0.802,0.915
22161,2U-D-Z1.tif,1.171,5.653,0.46,1.634,588,178,128.157,1.219,1.451,0.689,0.745
22162,2U-D-Z1.tif,1.693,6.776,0.463,2.34,654,197,48.18,1.483,1.606,0.623,0.717
22163,2U-D-Z1.tif,0.539,2.659,0.958,0.988,691,188,68.199,0.734,1.264,0.791,0.921
22164,2U-D-Z1.tif,0.876,3.469,0.915,1.235,508,181,131.987,0.918,1.211,0.825,0.945
22165,2U-D-Z1.tif,0.707,4.01,0.553,1.364,767,185,137.726,0.971,1.57,0.637,0.715
22166,2U-D-Z1.tif,0.699,3.2,0.858,1.323,532,187,123.69,0.779,1.802,0.555,0.892
22167,2U-D-Z1.tif,0.589,3.46,0.619,1.355,732,195,28.301,0.798,1.766,0.566,0.765
22168,2U-D-Z1.tif,1.634,5.317,0.726,1.707,623,192,143.746,1.461,1.111,0.9,0.86
22169,2U-D-Z1.tif,2.417,5.814,0.899,2.07,449,189,102.804,1.56,1.296,0.771,0.932
22170,2U-D-Z1.tif,0.573,3.545,0.573,1.527,318,201,32.735,0.784,1.793,0.558,0.768
22171,2U-D-Z1.tif,1.019,4.203,0.725,1.626,790,192,106.39,0.826,2.12,0.472,0.896
22172,2U-D-Z1.tif,0.724,3.231,0.872,1.248,577,193,107.103,0.826,1.376,0.727,0.896
22173,2U-D-Z1.tif,1.583,7.479,0.356,1.977,377,214,68.199,1.625,1.229,0.814,0.709
22174,2U-D-Z1.tif,0.775,4.453,0.491,1.568,489,201,20.556,0.857,2.256,0.443,0.78
22175,2U-D-Z1.tif,3.908,7.51,0.871,2.584,510,197,106.504,2.019,1.261,0.793,0.939
22176,2U-D-Z1.tif,1.246,4.713,0.705,1.731,471,201,147.995,1.168,1.324,0.755,0.836
22177,2U-D-Z1.tif,2.846,9.296,0.414,2.777,384,218,7.595,2.141,1.08,0.926,0.711
22178,2U-D-Z1.tif,0.707,3.827,0.607,1.483,638,211,21.801,0.926,1.694,0.59,0.764
22179,2U-D-Z1.tif,1.078,5.944,0.383,2.359,769,227,76.504,0.918,3.37,0.297,0.663
22180,2U-D-Z1.tif,2.147,9.426,0.304,2.21,528,204,138.366,1.835,1.057,0.946,0.686
22181,2U-D-Z1.tif,1.39,4.637,0.812,1.847,417,215,26.565,1.198,1.596,0.627,0.875
22182,2U-D-Z1.tif,1.836,6.485,0.549,2.031,606,204,108.435,1.468,1.534,0.652,0.813
22183,2U-D-Z1.tif,1.356,5.729,0.519,1.962,460,208,100.784,1.155,1.887,0.53,0.797
22184,2U-D-Z1.tif,1.246,5.134,0.594,1.883,682,225,43.025,1.23,1.451,0.689,0.794
22185,2U-D-Z1.tif,0.968,6.355,0.301,1.858,590,231,69.775,1.127,1.684,0.594,0.582
22186,2U-D-Z1.tif,2.459,6.074,0.838,2.181,634,217,104.621,1.56,1.35,0.741,0.924
22187,2U-D-Z1.tif,0.657,2.918,0.969,1.109,346,218,114.444,0.826,1.303,0.767,0.923
22188,2U-D-Z1.tif,0.783,3.383,0.86,1.224,672,231,77.005,0.9,1.343,0.745,0.873
22189,2U-D-Z1.tif,2.88,8.893,0.458,2.802,416,246,58.392,1.762,1.688,0.592,0.812
22190,2U-D-Z1.tif,1.07,4.118,0.793,1.603,441,222,103.241,0.985,1.693,0.591,0.894
22191,2U-D-Z1.tif,0.682,4.874,0.361,1.872,176,224,101.31,0.615,3.79,0.264,0.736
22192,2U-D-Z1.tif,0.514,3.406,0.557,1.207,800,229,171.254,0.785,1.772,0.564,0.731
22193,2U-D-Z1.tif,1.827,5.782,0.687,1.977,331,248,68.199,1.536,1.511,0.662,0.816
22194,2U-D-Z1.tif,2.821,11.543,0.266,3.599,457,234,160.641,1.899,2.349,0.426,0.545
22195,2U-D-Z1.tif,0.876,3.988,0.692,1.275,612,242,30.256,1.091,1.308,0.765,0.87
22196,2U-D-Z1.tif,3.427,13.087,0.251,3.105,587,263,55.84,2.057,1.25,0.8,0.674
22197,2U-D-Z1.tif,2.013,7.913,0.404,2.181,378,260,75.379,1.733,1.508,0.663,0.723
22198,2U-D-Z1.tif,2.013,5.241,0.921,1.858,525,256,69.775,1.468,1.218,0.821,0.935
22199,2U-D-Z1.tif,1.954,5.339,0.861,2.027,548,260,84.806,1.377,1.425,0.702,0.913
22200,2U-D-Z1.tif,1.912,8.182,0.359,2.921,673,243,133.727,1.511,2.304,0.434,0.676
22201,2U-D-Z1.tif,2.737,6.409,0.837,2.382,471,243,105.642,1.642,1.453,0.688,0.923
22202,2U-D-Z1.tif,0.606,2.972,0.863,1.12,615,253,34.992,0.8,1.37,0.73,0.883
22203,2U-D-Z1.tif,1.061,4.852,0.566,1.977,179,266,68.199,1.004,2.144,0.466,0.79
22204,2U-D-Z1.tif,0.657,2.972,0.935,1.07,395,248,120.964,0.868,1.175,0.851,0.907
22205,2U-D-Z1.tif,2.316,10.84,0.248,3.947,208,265,17.592,1.56,2.832,0.353,0.508
22206,2U-D-Z1.tif,0.547,2.994,0.767,1.161,669,249,108.435,0.702,1.858,0.538,0.85
22207,2U-D-Z1.tif,1.693,7.533,0.375,3,570,251,113.429,1.08,3.466,0.289,0.707
22208,2U-D-Z1.tif,0.606,2.918,0.895,1.161,492,264,71.565,0.734,1.537,0.651,0.9
22209,2U-D-Z1.tif,0.834,3.491,0.86,1.298,561,252,98.13,0.918,1.341,0.746,0.896
22210,2U-D-Z1.tif,0.834,3.415,0.898,1.248,322,268,72.897,0.918,1.361,0.735,0.917
22211,2U-D-Z1.tif,3.781,12.407,0.309,3.598,332,296,84.144,2.649,1.152,0.868,0.612
22212,2U-D-Z1.tif,1.019,5.836,0.376,1.654,717,271,33.69,1.196,1.558,0.642,0.676
22213,2U-D-Z1.tif,0.581,3.102,0.759,1.275,300,258,120.256,0.734,1.79,0.559,0.89
22214,2U-D-Z1.tif,1.423,4.757,0.79,1.603,509,264,166.759,1.34,1.044,0.958,0.854
22215,2U-D-Z1.tif,1.752,5.599,0.702,1.81,404,276,59.534,1.492,1.314,0.761,0.851
22216,2U-D-Z1.tif,3.478,11.404,0.336,3.695,428,283,14.381,2.12,1.552,0.644,0.664
22217,2U-D-Z1.tif,3.554,10.245,0.425,2.938,628,261,128.66,1.96,1.622,0.616,0.815
22218,2U-D-Z1.tif,0.994,3.89,0.825,1.483,651,263,111.801,0.918,1.594,0.628,0.922
22219,2U-D-Z1.tif,1.128,3.988,0.892,1.451,376,264,108.435,1.101,1.314,0.761,0.905
22220,2U-D-Z1.tif,5.07,12.268,0.423,3.541,527,301,58.782,2.044,1.964,0.509,0.838
22221,2U-D-Z1.tif,0.918,4.032,0.709,1.451,685,268,124.695,1.101,1.195,0.837,0.852
22222,2U-D-Z1.tif,0.977,3.675,0.909,1.404,665,272,101.31,0.918,1.496,0.668,0.913
22223,2U-D-Z1.tif,1.457,4.431,0.932,1.505,473,275,142.431,1.363,1.078,0.927,0.933
22224,2U-D-Z1.tif,0.985,4.583,0.589,1.519,495,276,115.017,1.088,1.611,0.621,0.78
22225,2U-D-Z1.tif,0.943,4.475,0.592,1.401,719,286,31.608,1.077,1.362,0.734,0.836
22226,2U-D-Z1.tif,0.741,4.529,0.454,1.685,396,297,60.642,0.808,2.648,0.378,0.662
22227,2U-D-Z1.tif,1.558,7.403,0.357,2.294,608,288,163.74,1.242,2.026,0.494,0.689
22228,2U-D-Z1.tif,1.103,4.118,0.818,1.433,452,296,39.806,1.193,1.123,0.891,0.9
22229,2U-D-Z1.tif,0.556,3.599,0.539,1.433,379,287,129.806,0.765,2.296,0.436,0.725
22230,2U-D-Z1.tif,0.589,3.155,0.744,1.193,582,288,157.38,0.734,1.706,0.586,0.848
22231,2U-D-Z1.tif,0.547,2.94,0.796,1.046,468,299,52.125,0.908,1.225,0.816,0.818
22232,2U-D-Z1.tif,1.162,4.659,0.673,1.603,411,307,76.759,1.193,1.187,0.842,0.831
22233,2U-D-Z1.tif,0.977,3.675,0.909,1.398,656,290,113.199,1.009,1.275,0.784,0.91
22234,2U-D-Z1.tif,1.381,5.102,0.667,1.654,675,293,123.69,1.368,1.059,0.944,0.804
22235,2U-D-Z1.tif,1.221,4.355,0.809,1.772,377,293,111.251,1.009,1.712,0.584,0.906
22236,2U-D-Z1.tif,1.886,6.311,0.595,2.576,442,293,94.086,1.068,2.435,0.411,0.882
22237,2U-D-Z1.tif,1.558,6.011,0.542,2.52,742,294,146.889,1.039,2.849,0.351,0.813
22238,2U-D-Z1.tif,0.808,4.162,0.586,1.48,312,302,150.255,1.081,1.291,0.774,0.75
22239,2U-D-Z1.tif,5.971,12.321,0.494,3.456,499,337,79.287,2.669,1.248,0.801,0.875
22240,2U-D-Z1.tif,0.817,3.773,0.721,1.377,692,301,126.87,0.973,1.457,0.686,0.836
22241,2U-D-Z1.tif,1.819,5.988,0.637,2.25,346,302,101.768,1.272,1.947,0.514,0.852
22242,2U-D-Z1.tif,1.331,5.76,0.504,1.707,646,303,143.746,1.432,1.121,0.892,0.8
22243,2U-D-Z1.tif,1.128,4.01,0.882,1.494,296,321,79.38,1.101,1.269,0.788,0.893
22244,2U-D-Z1.tif,0.741,5.362,0.324,1.731,577,321,57.995,1.058,1.788,0.559,0.587
22245,2U-D-Z1.tif,0.724,3.102,0.946,1.278,717,307,111.038,0.734,1.577,0.634,0.94
22246,2U-D-Z1.tif,0.564,2.811,0.898,1.046,427,312,105.255,0.78,1.375,0.727,0.87
22247,2U-D-Z1.tif,2.122,6.57,0.618,2.14,400,335,59.036,1.575,1.209,0.827,0.797
22248,2U-D-Z1.tif,2.046,5.295,0.917,1.847,616,317,116.565,1.468,1.121,0.892,0.938
22249,2U-D-Z1.tif,2.931,10.809,0.315,3.463,551,317,122.005,2.24,1.67,0.599,0.59
22250,2U-D-Z1.tif,1.171,6.615,0.336,2.316,440,332,33.69,1.153,2.724,0.367,0.599
22251,2U-D-Z1.tif,0.783,3.469,0.818,1.336,384,336,74.055,0.826,1.673,0.598,0.882
22252,2U-D-Z1.tif,1.667,4.982,0.844,1.772,669,340,68.749,1.285,1.298,0.77,0.932
22253,2U-D-Z1.tif,0.8,4.995,0.403,1.808,174,327,156.038,0.812,3.144,0.318,0.655
22254,2U-D-Z1.tif,1.288,4.225,0.907,1.451,646,331,18.435,1.193,1.129,0.886,0.933
22255,2U-D-Z1.tif,0.926,3.697,0.852,1.323,578,325,123.69,1.06,1.29,0.775,0.884
22256,2U-D-Z1.tif,1.566,5.058,0.77,1.916,419,330,106.699,1.285,1.735,0.577,0.859
22257,2U-D-Z1.tif,1.735,9.305,0.252,3.482,739,332,108.435,1.104,3.587,0.279,0.587
22258,2U-D-Z1.tif,0.598,2.972,0.851,1.135,433,346,75.964,0.734,1.543,0.648,0.882
22259,2U-D-Z1.tif,3.158,8.83,0.509,2.699,586,362,72.181,1.795,1.582,0.632,0.879
22260,2U-D-Z1.tif,0.968,3.567,0.956,1.278,451,341,158.962,1.101,1.09,0.918,0.913
22261,2U-D-Z1.tif,0.606,3.155,0.765,1.161,551,337,108.435,0.826,1.4,0.714,0.857
22262,2U-D-Z1.tif,1.491,6.691,0.418,1.985,511,340,123.69,1.294,1.525,0.656,0.763
22263,2U-D-Z1.tif,1.137,4.118,0.843,1.377,645,341,126.87,1.193,1.071,0.933,0.906
22264,2U-D-Z1.tif,7.748,12.201,0.654,4.246,306,341,96.203,2.478,1.792,0.558,0.933
22265,2U-D-Z1.tif,1.735,5.415,0.743,2.038,392,343,144.162,1.231,1.735,0.576,0.875
22266,2U-D-Z1.tif,0.547,2.811,0.871,1.15,533,349,28.61,0.755,1.613,0.62,0.878
22267,2U-D-Z1.tif,1.499,8.311,0.273,2.808,156,343,168.69,1.291,2.774,0.36,0.516
22268,2U-D-Z1.tif,0.741,4.583,0.443,2.062,707,345,122.276,0.657,4.125,0.242,0.715
22269,2U-D-Z1.tif,1.499,7.783,0.311,3.067,229,346,128.928,1.036,3.491,0.286,0.674
22270,2U-D-Z1.tif,0.564,3.956,0.453,1.433,672,347,129.806,0.918,1.177,0.849,0.698
22271,2U-D-Z1.tif,0.514,4.323,0.345,1.451,363,348,124.695,0.829,2.508,0.399,0.567
22272,2U-D-Z1.tif,0.884,6.02,0.307,1.981,613,357,13.392,1.057,2.545,0.393,0.579
22273,2U-D-Z1.tif,3.369,9.305,0.489,2.738,556,383,76.43,1.936,1.34,0.746,0.81
22274,2U-D-Z1.tif,0.935,4.637,0.546,1.675,606,355,99.462,0.918,1.766,0.566,0.804
22275,2U-D-Z1.tif,0.64,3.048,0.866,1.175,498,359,128.66,0.844,1.455,0.687,0.869
22276,2U-D-Z1.tif,1.693,9.036,0.261,3.29,451,384,30.141,1.28,3.663,0.273,0.498
22277,2U-D-Z1.tif,1.12,5.469,0.471,1.892,644,364,104.036,0.918,2.132,0.469,0.796
22278,2U-D-Z1.tif,1.634,5.156,0.772,1.981,664,385,76.608,1.285,1.462,0.684,0.878
22279,2U-D-Z1.tif,1.162,5.966,0.41,1.772,386,369,111.251,1.29,1.435,0.697,0.672
22280,2U-D-Z1.tif,2.585,11.457,0.247,2.959,686,400,60.255,1.878,1.55,0.645,0.686
22281,2U-D-Z1.tif,1.128,4.032,0.872,1.494,540,374,100.62,1.19,1.234,0.81,0.873
22282,2U-D-Z1.tif,1.558,5.263,0.707,1.91,431,391,35.218,1.327,1.622,0.617,0.82
22283,2U-D-Z1.tif,2.265,8.15,0.429,2.625,597,401,53.531,1.722,1.93,0.518,0.697
22284,2U-D-Z1.tif,0.691,3.048,0.934,1.161,627,379,108.435,0.826,1.385,0.722,0.906
22285,2U-D-Z1.tif,1.314,6.203,0.429,1.91,564,397,54.782,1.436,1.431,0.699,0.683
22286,2U-D-Z1.tif,2.341,7.501,0.523,2.68,737,384,141.953,1.643,1.386,0.721,0.771
22287,2U-D-Z1.tif,0.918,4.592,0.547,1.872,255,382,101.31,0.714,2.687,0.372,0.829
22288,2U-D-Z1.tif,2.274,7.327,0.532,2.738,240,412,76.43,1.468,1.833,0.546,0.798
22289,2U-D-Z1.tif,0.674,3.048,0.911,1.161,339,395,71.565,0.826,1.417,0.706,0.894
22290,2U-D-Z1.tif,0.749,3.307,0.861,1.231,418,384,116.565,0.918,1.22,0.82,0.877
22291,2U-D-Z1.tif,2.35,11.543,0.222,3.116,465,395,13.627,2.439,1.452,0.689,0.466
22292,2U-D-Z1.tif,0.91,3.903,0.75,1.494,404,384,100.62,0.957,1.565,0.639,0.847
22293,2U-D-Z1.tif,0.741,3.178,0.922,1.197,381,386,122.471,0.908,1.312,0.762,0.912
22294,2U-D-Z1.tif,0.994,4.865,0.528,1.634,640,403,38.157,1.175,1.648,0.607,0.717
22295,2U-D-Z1.tif,0.657,3.102,0.858,1.109,727,387,114.444,0.826,1.328,0.753,0.897
22296,2U-D-Z1.tif,0.867,4.377,0.569,1.304,443,398,39.289,1.101,1.323,0.756,0.802
22297,2U-D-Z1.tif,0.825,4.614,0.487,1.603,671,388,113.629,0.734,2.292,0.436,0.824
22298,2U-D-Z1.tif,0.556,2.994,0.779,1.193,295,391,157.38,0.739,1.526,0.655,0.857
22299,2U-D-Z1.tif,1.196,4.301,0.812,1.494,618,393,100.62,1.193,1.224,0.817,0.879
22300,2U-D-Z1.tif,0.691,3.285,0.804,1.275,358,406,59.744,0.821,1.576,0.634,0.891
22301,2U-D-Z1.tif,1.634,4.874,0.864,1.707,548,395,126.254,1.451,1.133,0.882,0.917
22302,2U-D-Z1.tif,0.783,3.361,0.871,1.298,455,406,45,0.918,1.414,0.707,0.912
22303,2U-D-Z1.tif,0.556,2.659,0.988,0.993,580,406,56.31,0.734,1.268,0.788,0.923
22304,2U-D-Z1.tif,2.526,7.868,0.513,3.212,271,401,143.13,1.207,3.432,0.291,0.745
22305,2U-D-Z1.tif,0.707,3.124,0.911,1.193,647,414,67.38,0.908,1.335,0.749,0.894
22306,2U-D-Z1.tif,0.531,3.406,0.575,1.161,327,415,71.565,0.844,1.586,0.63,0.72
22307,2U-D-Z1.tif,1.634,6.821,0.441,2.031,405,428,71.565,1.553,1.253,0.798,0.736
22308,2U-D-Z1.tif,1.331,5.415,0.57,2.004,487,423,15.945,1.24,1.918,0.521,0.756
22309,2U-D-Z1.tif,1.491,4.919,0.774,1.803,605,409,104.744,1.377,1.274,0.785,0.887
22310,2U-D-Z1.tif,1.608,4.614,0.949,1.579,454,411,125.538,1.377,1.059,0.944,0.934
22311,2U-D-Z1.tif,0.724,4.637,0.423,1.675,784,412,99.462,0.87,2.171,0.461,0.642
22312,2U-D-Z1.tif,0.64,4.614,0.378,2.062,204,421,20.854,0.548,4.399,0.227,0.76
22313,2U-D-Z1.tif,0.733,4.605,0.434,1.584,750,435,79.992,0.987,1.894,0.528,0.654
22314,2U-D-Z1.tif,1.002,6.646,0.285,1.883,585,421,133.025,1.363,1.519,0.659,0.535
22315,2U-D-Z1.tif,1.112,5.545,0.454,2.015,541,433,30.069,1.059,2.124,0.471,0.662
22316,2U-D-Z1.tif,0.758,3.178,0.943,1.248,352,422,107.103,0.826,1.436,0.696,0.918
22317,2U-D-Z1.tif,1.078,3.804,0.936,1.451,419,422,108.435,1.009,1.374,0.728,0.934
22318,2U-D-Z1.tif,0.632,3.048,0.854,1.109,526,433,65.556,0.913,1.222,0.818,0.872
22319,2U-D-Z1.tif,3.52,13.641,0.238,3.894,662,426,124.439,1.772,2.496,0.401,0.596
22320,2U-D-Z1.tif,0.615,2.994,0.862,1.161,680,439,71.565,0.779,1.562,0.64,0.874
22321,2U-D-Z1.tif,0.918,3.567,0.907,1.404,377,429,101.31,0.918,1.482,0.675,0.908
22322,2U-D-Z1.tif,1.356,5.187,0.633,2.129,618,453,82.569,0.886,2.556,0.391,0.863
22323,2U-D-Z1.tif,2.526,6.615,0.726,2.506,397,432,113.749,1.553,1.724,0.58,0.878
22324,2U-D-Z1.tif,0.935,3.912,0.768,1.364,306,447,70.346,1.009,1.291,0.774,0.881
22325,2U-D-Z1.tif,0.749,3.102,0.979,1.161,517,433,108.435,0.826,1.302,0.768,0.942
22326,2U-D-Z1.tif,1.55,6.02,0.537,2.142,457,450,43.264,1.468,1.256,0.796,0.767
22327,2U-D-Z1.tif,0.522,3.102,0.682,1.314,604,449,77.905,0.601,2.36,0.424,0.849
22328,2U-D-Z1.tif,2.745,11.771,0.249,3.95,751,436,120.735,1.278,4.029,0.248,0.634
22329,2U-D-Z1.tif,1.027,3.988,0.812,1.425,437,457,75.069,1.045,1.224,0.817,0.865
22330,2U-D-Z1.tif,0.808,4.399,0.525,1.568,322,461,69.444,0.865,2.101,0.476,0.719
22331,2U-D-Z1.tif,8.337,19.496,0.276,4.603,516,492,66.501,3.304,1.205,0.83,0.767
22332,2U-D-Z1.tif,0.867,3.599,0.842,1.425,627,461,75.069,0.826,1.722,0.581,0.916
22333,2U-D-Z1.tif,0.564,3.016,0.779,1.193,425,447,112.62,0.713,1.683,0.594,0.854
22334,2U-D-Z1.tif,4.042,12.084,0.348,4.065,552,476,28.301,1.768,2.836,0.353,0.702
22335,2U-D-Z1.tif,0.724,3.285,0.843,1.377,336,449,143.13,0.84,1.708,0.585,0.896
22336,2U-D-Z1.tif,1.179,4.171,0.851,1.538,725,465,72.646,1.086,1.447,0.691,0.9
22337,2U-D-Z1.tif,1.112,5.827,0.411,1.692,379,452,130.601,1.19,1.513,0.661,0.767
22338,2U-D-Z1.tif,0.623,2.994,0.874,1.12,295,452,124.992,0.891,1.223,0.818,0.881
22339,2U-D-Z1.tif,0.606,3.665,0.567,1.175,501,456,141.34,0.918,1.247,0.802,0.783
22340,2U-D-Z1.tif,0.825,5.124,0.395,2.14,686,456,149.036,0.834,3.544,0.282,0.626
22341,2U-D-Z1.tif,2.594,7.577,0.568,2.675,477,489,84.094,1.652,1.551,0.645,0.82
22342,2U-D-Z1.tif,0.522,2.605,0.967,1.046,292,464,142.125,0.779,1.344,0.744,0.912
22343,2U-D-Z1.tif,1.246,4.225,0.877,1.451,634,477,34.695,1.285,1.071,0.933,0.908
22344,2U-D-Z1.tif,0.884,3.522,0.896,1.278,450,467,111.038,0.918,1.262,0.792,0.938
22345,2U-D-Z1.tif,1.145,6.378,0.354,1.856,462,492,81.469,1.274,1.706,0.586,0.672
22346,2U-D-Z1.tif,1.036,4.346,0.689,1.538,623,477,107.354,0.968,1.69,0.592,0.869
22347,2U-D-Z1.tif,1.07,4.409,0.691,1.765,350,496,62.103,1.025,1.646,0.607,0.876
22348,2U-D-Z1.tif,1.204,4.95,0.618,1.538,420,480,107.354,1.101,1.264,0.791,0.888
22349,2U-D-Z1.tif,0.547,4.377,0.359,1.763,490,498,51.34,0.771,2.801,0.357,0.588
22350,2U-D-Z1.tif,1.718,6.602,0.495,2.796,365,496,23.199,1.011,3.242,0.308,0.813
22351,2U-D-Z1.tif,1.583,7.944,0.315,2.097,440,484,113.199,1.642,1.169,0.855,0.651
22352,2U-D-Z1.tif,0.724,4.194,0.517,1.425,766,500,75.069,0.875,2.044,0.489,0.754
22353,2U-D-Z1.tif,0.792,3.383,0.869,1.278,598,487,111.038,0.967,1.373,0.728,0.866
22354,2U-D-Z1.tif,1.398,5.675,0.545,1.835,700,504,53.13,1.22,1.553,0.644,0.774
22355,2U-D-Z1.tif,3.562,13.271,0.254,3.962,668,530,76.608,1.569,3.031,0.33,0.726
22356,2U-D-Z1.tif,1.676,4.852,0.895,1.782,403,489,101.889,1.193,1.445,0.692,0.943
22357,2U-D-Z1.tif,0.623,3.804,0.541,1.314,543,500,24.775,0.926,1.36,0.735,0.722
22358,2U-D-Z1.tif,1.802,6.593,0.521,2.471,929,522,74.932,1.354,1.977,0.506,0.79
22359,2U-D-Z1.tif,1.373,4.247,0.956,1.527,587,497,122.735,1.285,1.14,0.877,0.939
22360,2U-D-Z1.tif,1.305,4.972,0.663,1.892,354,517,67.166,1.087,2.017,0.496,0.805
22361,2U-D-Z1.tif,2.274,7.318,0.534,2.68,371,501,141.953,1.607,1.859,0.538,0.764
22362,2U-D-Z1.tif,1.263,4.333,0.846,1.538,334,515,72.646,1.101,1.239,0.807,0.904
22363,2U-D-Z1.tif,3.36,6.982,0.866,2.409,485,517,40.365,1.912,1.242,0.805,0.924
22364,2U-D-Z1.tif,2.569,8.906,0.407,2.423,422,526,65.376,1.908,1.042,0.96,0.724
22365,2U-D-Z1.tif,1.187,6.203,0.388,2.386,551,527,67.38,1.16,2.497,0.401,0.645
22366,2U-D-Z1.tif,1.053,3.988,0.832,1.451,691,522,71.565,1.101,1.396,0.716,0.893
22367,2U-D-Z1.tif,1.053,3.858,0.889,1.483,652,509,111.801,1.009,1.442,0.693,0.909
22368,2U-D-Z1.tif,0.564,3.102,0.737,1.278,744,517,158.962,0.734,1.514,0.66,0.843
22369,2U-D-Z1.tif,0.716,6.606,0.206,2.119,848,515,107.65,1.288,1.837,0.544,0.415
22370,2U-D-Z1.tif,0.573,2.735,0.962,0.993,368,517,123.69,0.826,1.128,0.887,0.901
22371,2U-D-Z1.tif,0.531,2.864,0.813,1.074,464,517,109.983,0.714,1.566,0.639,0.857
22372,2U-D-Z1.tif,1.053,5.912,0.378,1.603,680,537,76.759,1.177,1.363,0.734,0.733
22373,2U-D-Z1.tif,2.198,5.523,0.906,2.097,643,522,113.199,1.492,1.405,0.712,0.937
22374,2U-D-Z1.tif,0.632,3.07,0.842,1.197,360,523,122.471,0.78,1.619,0.618,0.857
22375,2U-D-Z1.tif,1.996,10.818,0.214,3.825,612,559,59.744,1.757,2.904,0.344,0.452
22376,2U-D-Z1.tif,0.514,2.605,0.951,0.988,614,525,111.801,0.734,1.326,0.754,0.904
22377,2U-D-Z1.tif,1.625,5.026,0.809,1.782,405,533,168.111,1.425,1.108,0.903,0.877
22378,2U-D-Z1.tif,1.171,4.095,0.877,1.433,547,532,129.806,1.19,1.155,0.866,0.911
22379,2U-D-Z1.tif,2.131,7.058,0.537,2.649,328,559,75.964,1.329,2.175,0.46,0.78
22380,2U-D-Z1.tif,0.893,3.751,0.797,1.425,588,547,75.069,1,1.458,0.686,0.862
22381,2U-D-Z1.tif,0.817,5.653,0.321,2.129,426,535,97.431,0.897,2.785,0.359,0.618
22382,2U-D-Z1.tif,1.002,4.843,0.537,1.916,284,561,73.301,0.902,2.493,0.401,0.785
22383,2U-D-Z1.tif,0.808,3.383,0.887,1.278,636,542,111.038,0.993,1.207,0.829,0.869
22384,2U-D-Z1.tif,0.657,3.048,0.889,1.135,601,543,104.036,0.826,1.394,0.717,0.897
22385,2U-D-Z1.tif,1.676,5.232,0.769,1.808,297,550,156.038,1.387,1.247,0.802,0.86
22386,2U-D-Z1.tif,2.501,5.975,0.88,2.181,456,569,75.379,1.468,1.439,0.695,0.941
22387,2U-D-Z1.tif,0.943,3.675,0.878,1.389,626,546,97.595,0.918,1.366,0.732,0.907
22388,2U-D-Z1.tif,0.589,2.681,1,1.026,357,547,116.565,0.826,1.218,0.821,0.921
22389,2U-D-Z1.tif,1.381,5.599,0.554,2.07,540,553,12.804,1.162,1.849,0.541,0.74
22390,2U-D-Z1.tif,0.867,4.194,0.62,1.626,683,547,106.39,0.935,1.677,0.596,0.805
22391,2U-D-Z1.tif,1.305,4.323,0.878,1.494,588,551,100.62,1.17,1.266,0.79,0.909
22392,2U-D-Z1.tif,0.606,3.102,0.792,1.248,434,563,53.973,0.821,1.432,0.698,0.878
22393,2U-D-Z1.tif,0.716,3.178,0.891,1.15,387,554,118.61,0.918,1.252,0.799,0.895
22394,2U-D-Z1.tif,1.154,5.21,0.534,1.782,183,556,124.509,1.21,1.666,0.6,0.747
22395,2U-D-Z1.tif,0.867,4.896,0.455,1.782,722,555,101.889,1.009,2.121,0.472,0.662
22396,2U-D-Z1.tif,0.547,3.589,0.534,1.505,492,559,142.431,0.636,3.027,0.33,0.747
22397,2U-D-Z1.tif,0.657,3.469,0.686,1.48,354,568,29.745,0.716,2.228,0.449,0.857
22398,2U-D-Z1.tif,2.627,8.647,0.442,3.31,260,589,43.877,1.687,1.755,0.57,0.795
22399,2U-D-Z1.tif,1.112,4.225,0.782,1.654,487,567,109.44,0.918,1.746,0.573,0.923
22400,2U-D-Z1.tif,0.825,3.491,0.851,1.224,632,569,102.995,0.918,1.239,0.807,0.903
22401,2U-D-Z1.tif,1.086,4.095,0.814,1.433,474,573,129.806,1.101,1.171,0.854,0.896
22402,2U-D-Z1.tif,0.968,7.318,0.227,2.699,395,575,144.689,0.949,4.377,0.228,0.446
22403,2U-D-Z1.tif,1.246,4.377,0.817,1.605,707,574,120.964,1.17,1.303,0.767,0.902
22404,2U-D-Z1.tif,1.137,3.988,0.898,1.451,576,574,108.435,1.101,1.27,0.787,0.912
22405,2U-D-Z1.tif,1.288,4.431,0.825,1.692,513,575,102.529,1.101,1.602,0.624,0.913
22406,2U-D-Z1.tif,1.625,6.951,0.423,2.22,669,600,82.875,1.468,1.61,0.621,0.674
22407,2U-D-Z1.tif,2.307,5.782,0.867,1.916,396,582,106.699,1.724,1.122,0.891,0.915
22408,2U-D-Z1.tif,0.8,3.415,0.862,1.248,541,595,72.897,0.826,1.378,0.725,0.913
22409,2U-D-Z1.tif,0.724,3.513,0.737,1.278,590,584,111.038,0.967,1.173,0.852,0.827
22410,2U-D-Z1.tif,0.682,3.751,0.609,1.323,761,588,123.69,0.891,1.572,0.636,0.798
22411,2U-D-Z1.tif,0.615,6.118,0.206,1.803,435,596,165.256,0.792,3.214,0.311,0.503
22412,2U-D-Z1.tif,0.741,3.804,0.643,1.451,550,601,18.435,0.734,1.879,0.532,0.846
22413,2U-D-Z1.tif,2.105,6.852,0.563,2.316,711,616,56.31,1.596,1.466,0.682,0.812
22414,2U-D-Z1.tif,1.406,7.64,0.303,2.642,338,597,110.323,1.342,2.48,0.403,0.571
22415,2U-D-Z1.tif,2.636,12.559,0.21,2.988,537,601,132.51,1.911,1.657,0.603,0.581
22416,2U-D-Z1.tif,1.179,6.387,0.363,1.91,438,621,54.782,1.323,1.754,0.57,0.602
22417,2U-D-Z1.tif,3.032,6.96,0.787,2.409,582,627,72.255,1.837,1.209,0.827,0.898
22418,2U-D-Z1.tif,2.173,6.798,0.591,2.414,307,606,98.746,1.429,1.826,0.548,0.779
22419,2U-D-Z1.tif,0.918,3.567,0.907,1.304,475,618,50.711,1.026,1.252,0.799,0.897
22420,2U-D-Z1.tif,0.766,3.437,0.815,1.135,512,614,14.036,1.009,1.191,0.84,0.863
22421,2U-D-Z1.tif,0.522,2.842,0.812,1.12,395,608,145.008,0.734,1.29,0.775,0.855
22422,2U-D-Z1.tif,3.099,9.175,0.463,2.927,679,633,48.814,1.915,1.533,0.652,0.815
22423,2U-D-Z1.tif,2.501,5.912,0.899,2.142,491,611,99.866,1.652,1.3,0.769,0.937
22424,2U-D-Z1.tif,1.465,8.432,0.259,2.834,343,640,60.945,1.02,2.899,0.345,0.623
22425,2U-D-Z1.tif,1.171,6.722,0.326,1.97,765,635,62.241,1.193,1.325,0.755,0.635
22426,2U-D-Z1.tif,0.691,4.713,0.391,1.714,878,617,164.476,0.823,2.558,0.391,0.638
22427,2U-D-Z1.tif,3.032,6.624,0.868,2.21,400,639,48.366,1.912,1.146,0.872,0.923
22428,2U-D-Z1.tif,0.817,3.491,0.842,1.314,594,634,65.225,0.9,1.451,0.689,0.886
22429,2U-D-Z1.tif,0.682,4.14,0.5,1.451,366,623,108.435,0.911,2.026,0.493,0.733
22430,2U-D-Z1.tif,3.882,11.444,0.372,3.186,460,655,48.504,2.034,1.468,0.681,0.754
22431,2U-D-Z1.tif,1.491,4.561,0.901,1.675,507,623,99.462,1.193,1.366,0.732,0.927
22432,2U-D-Z1.tif,1.768,5.836,0.652,1.828,326,624,107.526,1.56,1.173,0.853,0.845
22433,2U-D-Z1.tif,0.943,3.728,0.853,1.364,610,625,160.346,0.986,1.308,0.765,0.892
22434,2U-D-Z1.tif,1.912,5.187,0.893,1.962,741,627,100.784,1.285,1.477,0.677,0.936
22435,2U-D-Z1.tif,6.99,18.879,0.246,4.929,633,678,61.049,3.244,1.731,0.578,0.624
22436,2U-D-Z1.tif,0.775,4.149,0.566,1.634,899,630,128.157,0.937,2.175,0.46,0.716
22437,2U-D-Z1.tif,1.667,9.381,0.238,3.681,203,641,4.289,0.969,5.786,0.173,0.614
22438,2U-D-Z1.tif,0.64,3.814,0.553,1.538,816,651,72.646,0.642,2.785,0.359,0.831
22439,2U-D-Z1.tif,0.657,4.529,0.402,1.248,631,636,107.103,1.009,1.392,0.718,0.722
22440,2U-D-Z1.tif,1.036,3.782,0.91,1.483,307,638,111.801,0.918,1.557,0.642,0.943
22441,2U-D-Z1.tif,0.615,3.567,0.607,1.275,405,649,30.256,0.826,1.84,0.543,0.768
22442,2U-D-Z1.tif,2.274,5.554,0.926,1.936,432,641,121.43,1.56,1.225,0.816,0.942
22443,2U-D-Z1.tif,0.623,3.124,0.802,1.197,365,648,32.471,0.826,1.379,0.725,0.855
22444,2U-D-Z1.tif,0.859,5.026,0.427,1.433,694,653,39.806,1.169,1.257,0.795,0.68
22445,2U-D-Z1.tif,0.615,3.827,0.528,1.275,388,654,59.744,0.928,1.656,0.604,0.726
22446,2U-D-Z1.tif,0.514,2.605,0.951,0.958,322,653,73.301,0.734,1.22,0.82,0.904
22447,2U-D-Z1.tif,6.434,13.239,0.461,3.767,572,675,34.077,2.68,1.508,0.663,0.829
22448,2U-D-Z1.tif,0.817,4.668,0.471,1.981,787,646,103.392,0.642,2.855,0.35,0.808
22449,2U-D-Z1.tif,2.122,8.083,0.408,2.955,542,679,64.231,1.264,2.209,0.453,0.742
22450,2U-D-Z1.tif,0.733,4.346,0.488,1.634,886,666,51.843,0.834,2.38,0.42,0.699
22451,2U-D-Z1.tif,0.556,3.178,0.692,1.109,405,656,114.444,0.826,1.378,0.726,0.81
22452,2U-D-Z1.tif,0.808,3.513,0.823,1.248,224,658,126.027,1.009,1.212,0.825,0.873
22453,2U-D-Z1.tif,2.063,8.302,0.376,2.761,329,679,21.448,1.587,1.998,0.5,0.596
22454,2U-D-Z1.tif,0.514,2.681,0.898,0.958,703,668,73.301,0.826,1.058,0.946,0.865
22455,2U-D-Z1.tif,0.505,2.529,0.993,0.945,474,662,150.945,0.734,1.175,0.851,0.93
22456,2U-D-Z1.tif,0.724,5.545,0.296,1.527,259,678,57.265,0.958,1.822,0.549,0.628
22457,2U-D-Z1.tif,1.92,5.912,0.69,2.479,503,684,38.991,1.168,2.11,0.474,0.896
22458,2U-D-Z1.tif,3.739,8.656,0.627,2.849,580,685,14.931,2.08,1.301,0.769,0.838
22459,2U-D-Z1.tif,0.901,3.545,0.901,1.314,692,670,102.095,0.918,1.396,0.716,0.915
22460,2U-D-Z1.tif,0.531,2.659,0.943,0.993,295,674,146.31,0.826,1.107,0.903,0.894
22461,2U-D-Z1.tif,1.128,5.469,0.474,1.753,463,672,96.009,1.19,1.563,0.64,0.724
22462,2U-D-Z1.tif,1.145,5.134,0.546,1.724,675,689,64.799,1.285,1.513,0.661,0.76
22463,2U-D-Z1.tif,1.659,9.175,0.248,3.842,905,704,49.844,1.017,4.933,0.203,0.556
22464,2U-D-Z1.tif,1.213,5.393,0.524,1.962,366,673,100.784,1.016,1.972,0.507,0.78
22465,2U-D-Z1.tif,0.505,3.773,0.446,1.436,232,683,26.565,0.657,2.974,0.336,0.714
22466,2U-D-Z1.tif,0.876,3.567,0.865,1.224,736,688,77.005,1.009,1.156,0.865,0.893
22467,2U-D-Z1.tif,2.51,7.577,0.549,2.791,700,710,80.538,1.398,2.047,0.488,0.81
22468,2U-D-Z1.tif,1.036,5.415,0.444,1.687,351,682,112.38,1.027,1.788,0.559,0.766
22469,2U-D-Z1.tif,0.64,3.589,0.624,1.451,224,683,145.305,0.771,2.22,0.451,0.804
22470,2U-D-Z1.tif,2.729,6.593,0.789,2.235,651,707,70.821,1.712,1.358,0.737,0.894
22471,2U-D-Z1.tif,0.876,5.89,0.317,2.038,512,699,35.838,1.303,1.552,0.644,0.546
22472,2U-D-Z1.tif,0.766,3.178,0.954,1.161,312,689,108.435,0.918,1.236,0.809,0.91
22473,2U-D-Z1.tif,0.96,5.859,0.351,2.004,344,689,105.945,1.025,2.256,0.443,0.613
22474,2U-D-Z1.tif,1.162,4.637,0.679,1.642,393,692,153.435,1.149,1.406,0.711,0.844
22475,2U-D-Z1.tif,0.893,4.118,0.662,1.731,289,693,122.005,0.881,2.055,0.487,0.838
22476,2U-D-Z1.tif,1.263,4.095,0.946,1.451,495,707,55.305,1.193,1.132,0.883,0.943
22477,2U-D-Z1.tif,0.665,3.07,0.887,1.074,603,698,160.017,0.908,1.062,0.942,0.878
22478,2U-D-Z1.tif,1.541,6.279,0.491,2.221,354,719,51.71,1.218,2.173,0.46,0.72
22479,2U-D-Z1.tif,2.03,5.295,0.91,1.916,553,719,73.301,1.377,1.349,0.741,0.941
22480,2U-D-Z1.tif,1.895,6.226,0.614,2.34,583,704,154.44,1.32,1.96,0.51,0.833
22481,2U-D-Z1.tif,2.198,7.609,0.477,2.113,509,705,124.38,1.851,1.29,0.775,0.719
22482,2U-D-Z1.tif,0.564,2.994,0.791,1.207,336,705,98.746,0.712,1.753,0.57,0.865
22483,2U-D-Z2.tif,0.207,3.404,0.224,1.014,860,26,54.689,0.48,2.451,0.408,0.534
22484,2U-D-Z2.tif,0.24,2.299,0.571,0.881,234,9,120.579,0.488,2.223,0.45,0.77
22485,2U-D-Z2.tif,2.762,6.62,0.792,2.354,409,8,95.042,1.65,1.44,0.695,0.955
22486,2U-D-Z2.tif,0.647,3.115,0.838,1.007,788,35,38.047,0.856,1.178,0.849,0.931
22487,2U-D-Z2.tif,0.566,3.115,0.733,1.123,904,45,72.121,0.724,1.574,0.635,0.903
22488,2U-D-Z2.tif,0.775,3.537,0.779,1.246,203,19,104.421,0.828,1.459,0.685,0.924
22489,2U-D-Z2.tif,0.614,3.204,0.751,1.215,935,21,96.52,0.683,1.836,0.545,0.925
22490,2U-D-Z2.tif,0.824,4.122,0.609,1.422,459,69,67.166,0.876,1.647,0.607,0.897
22491,2U-D-Z2.tif,0.869,3.915,0.713,1.322,646,72,82.504,0.956,1.43,0.7,0.93
22492,2U-D-Z2.tif,0.478,3.054,0.644,1.09,352,49,145.305,0.757,1.483,0.674,0.863
22493,2U-D-Z2.tif,0.245,3.16,0.308,0.938,868,43,143.973,0.56,1.865,0.536,0.691
22494,2U-D-Z2.tif,0.843,6.364,0.262,1.544,522,96,66.297,1.042,1.69,0.592,0.643
22495,2U-D-Z2.tif,1.493,6.888,0.396,1.712,232,98,64.983,1.308,1.427,0.701,0.817
22496,2U-D-Z2.tif,1.038,4.126,0.766,1.562,825,97,67.964,0.939,1.719,0.582,0.946
22497,2U-D-Z2.tif,0.914,4.073,0.693,1.596,893,57,96.203,0.853,1.747,0.572,0.91
22498,2U-D-Z2.tif,1.138,4.418,0.733,1.464,150,64,105.018,1.06,1.415,0.707,0.926
22499,2U-D-Z2.tif,2.276,9.295,0.331,2.273,853,131,80.395,1.621,1.366,0.732,0.828
22500,2U-D-Z2.tif,0.247,1.872,0.887,0.71,732,80,29.055,0.517,1.346,0.743,0.929
22501,2U-D-Z2.tif,2.536,6.62,0.727,2.331,588,139,82.349,1.666,1.365,0.732,0.923
22502,2U-D-Z2.tif,0.823,5.832,0.304,1.47,964,76,129.289,1.064,1.191,0.839,0.75
22503,2U-D-Z2.tif,0.407,2.876,0.618,1.095,652,78,118.179,0.574,2.121,0.471,0.822
22504,2U-D-Z2.tif,0.465,3.195,0.572,1.173,190,111,65.695,0.677,1.785,0.56,0.835
22505,2U-D-Z2.tif,0.474,4.309,0.321,1.223,264,117,68.499,0.875,1.52,0.658,0.622
22506,2U-D-Z2.tif,0.988,3.947,0.797,1.447,919,126,77.619,0.941,1.569,0.638,0.94
22507,2U-D-Z2.tif,1.441,4.998,0.725,1.519,410,92,129.472,1.345,1.084,0.922,0.944
22508,2U-D-Z2.tif,0.284,3.947,0.229,1.009,105,90,97.853,0.724,1.1,0.909,0.597
22509,2U-D-Z2.tif,0.323,3.984,0.256,1.435,460,112,24.102,0.517,3.023,0.331,0.61
22510,2U-D-Z2.tif,2.348,6.478,0.703,2.351,558,95,94.205,1.469,1.522,0.657,0.923
22511,2U-D-Z2.tif,0.332,3.029,0.454,0.966,290,118,34.824,0.678,1.584,0.632,0.71
22512,2U-D-Z2.tif,0.438,3.281,0.511,1.157,949,137,79.695,0.621,1.727,0.579,0.819
22513,2U-D-Z2.tif,0.338,3.826,0.29,1.527,605,150,61.699,0.47,4.104,0.244,0.657
22514,2U-D-Z2.tif,0.493,2.725,0.835,0.928,477,112,105.068,0.69,1.371,0.729,0.934
22515,2U-D-Z2.tif,0.534,5.316,0.237,1.3,773,125,158.199,1.014,1.476,0.678,0.515
22516,2U-D-Z2.tif,0.206,3.416,0.222,1.243,669,137,33.69,0.404,3.862,0.259,0.516
22517,2U-D-Z2.tif,0.567,5.405,0.244,1.499,804,155,66.975,1.167,1.257,0.795,0.538
22518,2U-D-Z2.tif,0.338,2.798,0.542,1.159,974,115,120.379,0.509,2.528,0.396,0.833
22519,2U-D-Z2.tif,0.589,4.763,0.326,1.639,177,118,98.471,0.918,2.332,0.429,0.653
22520,2U-D-Z2.tif,0.952,5.113,0.458,1.435,360,157,65.898,1.079,1.23,0.813,0.831
22521,2U-D-Z2.tif,0.675,5.466,0.284,1.364,695,128,159.274,1.004,1.593,0.628,0.679
22522,2U-D-Z2.tif,0.767,4.719,0.433,1.298,397,125,106.991,1,1.155,0.866,0.812
22523,2U-D-Z2.tif,1.152,5.876,0.419,1.735,878,134,139.028,1.063,1.755,0.57,0.775
22524,2U-D-Z2.tif,0.215,1.909,0.742,0.679,126,151,66.038,0.534,1.261,0.793,0.868
22525,2U-D-Z2.tif,0.501,3.582,0.49,1.291,238,164,55.886,0.708,1.736,0.576,0.817
22526,2U-D-Z2.tif,1.275,8.545,0.219,1.99,945,190,64.323,1.345,1.398,0.715,0.681
22527,2U-D-Z2.tif,1.2,4.613,0.708,1.648,152,142,105.781,1.008,1.667,0.6,0.936
22528,2U-D-Z2.tif,0.616,3.221,0.746,1.127,311,150,156.571,0.828,1.269,0.788,0.893
22529,2U-D-Z2.tif,0.306,3.184,0.379,1.189,259,177,73.142,0.513,2.383,0.42,0.714
22530,2U-D-Z2.tif,1.013,6.258,0.325,1.989,985,147,123.69,1.013,1.82,0.55,0.72
22531,2U-D-Z2.tif,0.385,3.935,0.313,0.966,812,174,34.824,0.769,1.406,0.711,0.703
22532,2U-D-Z2.tif,1.564,9.336,0.225,2.557,73,158,100.098,1.276,2.235,0.447,0.627
22533,2U-D-Z2.tif,0.287,2.681,0.501,0.905,226,185,72.255,0.541,1.626,0.615,0.813
22534,2U-D-Z2.tif,5.447,17.158,0.233,3.497,478,259,77.471,2.564,1.33,0.752,0.81
22535,2U-D-Z2.tif,0.218,1.754,0.889,0.662,239,175,38.66,0.478,1.323,0.756,0.929
22536,2U-D-Z2.tif,0.946,5.414,0.406,1.591,325,204,60.101,1.226,1.223,0.817,0.735
22537,2U-D-Z2.tif,0.208,1.958,0.682,0.659,873,181,47.121,0.504,1.212,0.825,0.856
22538,2U-D-Z2.tif,0.31,4.391,0.202,1.514,813,196,30.069,0.624,3.33,0.3,0.458
22539,2U-D-Z2.tif,0.307,2.595,0.572,0.958,298,177,120.256,0.613,1.466,0.682,0.775
22540,2U-D-Z2.tif,0.976,5.129,0.466,1.582,868,186,163.54,0.941,2.037,0.491,0.758
22541,2U-D-Z2.tif,0.41,4.122,0.303,1.497,398,182,151.074,0.486,4.083,0.245,0.698
22542,2U-D-Z2.tif,0.325,2.566,0.619,0.833,660,192,155.556,0.621,1.456,0.687,0.852
22543,2U-D-Z2.tif,0.377,2.469,0.777,0.925,28,189,116.565,0.621,1.515,0.66,0.919
22544,2U-D-Z2.tif,0.668,3.404,0.725,1.238,283,190,102.875,0.811,1.499,0.667,0.903
22545,2U-D-Z2.tif,0.42,4.638,0.245,1.418,684,218,4.185,0.748,2.043,0.489,0.513
22546,2U-D-Z2.tif,1.529,8.118,0.292,2.42,612,222,4.086,1.542,1.952,0.512,0.636
22547,2U-D-Z2.tif,1.474,7.302,0.347,1.951,214,202,98.13,1.408,1.529,0.654,0.69
22548,2U-D-Z2.tif,1.968,5.836,0.726,1.878,801,258,82.614,1.482,1.237,0.809,0.929
22549,2U-D-Z2.tif,0.527,3.898,0.436,1.616,338,221,11.07,0.527,3.686,0.271,0.783
22550,2U-D-Z2.tif,0.773,3.508,0.789,1.305,176,257,77.8,0.794,1.707,0.586,0.928
22551,2U-D-Z2.tif,1.317,5.921,0.472,1.497,876,225,128.454,1.379,1.126,0.888,0.849
22552,2U-D-Z2.tif,1.567,4.734,0.879,1.671,933,268,68.199,1.254,1.302,0.768,0.963
22553,2U-D-Z2.tif,1.127,5.198,0.524,1.541,691,267,49.538,1.317,1.178,0.849,0.794
22554,2U-D-Z2.tif,0.228,2.185,0.601,0.842,584,230,145.008,0.437,2.035,0.492,0.833
22555,2U-D-Z2.tif,1.146,7.955,0.228,2.121,663,295,82.528,1.247,1.942,0.515,0.549
22556,2U-D-Z2.tif,0.397,3.274,0.466,1.36,534,235,120.466,0.433,3.058,0.327,0.852
22557,2U-D-Z2.tif,1.291,8.042,0.251,2.039,266,236,93.879,1.171,1.861,0.537,0.735
22558,2U-D-Z2.tif,0.245,2.181,0.647,0.842,848,247,124.992,0.474,1.791,0.558,0.841
22559,2U-D-Z2.tif,0.271,2.096,0.776,0.744,102,251,103.392,0.499,1.497,0.668,0.905
22560,2U-D-Z2.tif,0.583,2.952,0.84,1.08,302,283,73.301,0.655,1.565,0.639,0.957
22561,2U-D-Z2.tif,0.621,3.692,0.572,1.305,621,256,102.2,0.828,1.449,0.69,0.839
22562,2U-D-Z2.tif,0.919,5.049,0.453,1.276,349,270,161.075,1.141,1.082,0.924,0.848
22563,2U-D-Z2.tif,0.346,2.311,0.814,0.763,146,283,71.565,0.609,1.253,0.798,0.909
22564,2U-D-Z2.tif,1.146,4.731,0.644,1.544,868,262,119.427,1.164,1.259,0.794,0.886
22565,2U-D-Z2.tif,1.158,5.763,0.438,1.998,498,278,158.749,0.996,2.176,0.459,0.799
22566,2U-D-Z2.tif,0.205,1.714,0.875,0.666,225,267,158.749,0.448,1.444,0.693,0.932
22567,2U-D-Z2.tif,0.4,3.184,0.495,1.029,769,266,103.57,0.58,1.766,0.566,0.813
22568,2U-D-Z2.tif,0.599,4.077,0.453,1.339,565,294,34.509,0.685,2.134,0.469,0.837
22569,2U-D-Z2.tif,1.684,8.456,0.296,2.567,186,298,6.17,1.347,1.824,0.548,0.643
22570,2U-D-Z2.tif,0.307,4.337,0.205,1.187,98,315,54.462,0.773,1.377,0.726,0.576
22571,2U-D-Z2.tif,0.25,2.782,0.406,0.988,822,289,119.249,0.518,1.968,0.508,0.712
22572,2U-D-Z2.tif,0.364,3.574,0.358,1.228,519,292,141.843,0.655,2.173,0.46,0.693
22573,2U-D-Z2.tif,0.561,5.247,0.256,1.196,940,302,146.768,0.862,1.472,0.679,0.675
22574,2U-D-Z2.tif,0.205,2.697,0.353,0.938,607,309,17.103,0.448,2.54,0.394,0.648
22575,2U-D-Z2.tif,0.301,2.319,0.703,0.839,632,314,9.462,0.609,1.483,0.674,0.861
22576,2U-D-Z2.tif,0.358,4.418,0.23,1.473,852,317,16.314,0.651,3.187,0.314,0.479
22577,2U-D-Z2.tif,0.256,2.729,0.431,0.916,348,331,70.201,0.528,1.93,0.518,0.705
22578,2U-D-Z2.tif,0.241,2.417,0.519,0.852,121,315,158.629,0.475,2.028,0.493,0.788
22579,2U-D-Z2.tif,0.226,1.831,0.846,0.698,175,312,110.225,0.463,1.487,0.672,0.927
22580,2U-D-Z2.tif,0.377,4.147,0.275,1.435,593,330,24.102,0.619,2.281,0.438,0.65
22581,2U-D-Z2.tif,0.27,2.233,0.68,0.897,490,318,112.62,0.447,1.949,0.513,0.866
22582,2U-D-Z2.tif,0.97,7.44,0.22,1.546,743,360,51.34,1.197,1.159,0.863,0.685
22583,2U-D-Z2.tif,0.493,4.63,0.289,1.255,404,356,52.815,0.919,1.536,0.651,0.558
22584,2U-D-Z2.tif,0.901,5.888,0.327,1.882,635,325,103.782,0.942,2.168,0.461,0.68
22585,2U-D-Z2.tif,0.875,5.787,0.328,1.8,622,335,110.171,0.816,2.511,0.398,0.734
22586,2U-D-Z2.tif,0.228,2.847,0.354,1.058,955,351,19.026,0.462,2.354,0.425,0.675
22587,2U-D-Z2.tif,0.426,3.204,0.521,1.123,841,369,72.121,0.59,2.061,0.485,0.816
22588,2U-D-Z2.tif,0.879,7.213,0.212,1.636,171,353,124.695,1.128,1.713,0.584,0.613
22589,2U-D-Z2.tif,1.043,5.836,0.385,1.531,586,357,104.349,1.053,1.471,0.68,0.836
22590,2U-D-Z2.tif,0.452,5.003,0.227,1.266,707,393,60.642,0.715,1.915,0.522,0.687
22591,2U-D-Z2.tif,0.396,2.592,0.741,0.976,667,375,147.995,0.585,1.67,0.599,0.874
22592,2U-D-Z2.tif,0.741,3.391,0.81,1.185,821,404,81.634,0.86,1.472,0.679,0.924
22593,2U-D-Z2.tif,1.866,10.434,0.215,2.368,722,413,16.06,1.68,1.544,0.648,0.634
22594,2U-D-Z2.tif,0.683,3.253,0.811,1.232,53,414,72.072,0.761,1.664,0.601,0.936
22595,2U-D-Z2.tif,0.251,1.864,0.908,0.662,116,382,141.34,0.552,1.097,0.911,0.932
22596,2U-D-Z2.tif,1.304,5.954,0.462,2.113,623,389,153.853,1.221,1.463,0.684,0.773
22597,2U-D-Z2.tif,0.378,2.546,0.733,0.938,986,380,107.103,0.621,1.42,0.704,0.888
22598,2U-D-Z2.tif,0.672,3.485,0.695,1.146,267,413,74.291,0.828,1.338,0.747,0.9
22599,2U-D-Z2.tif,0.866,5.341,0.381,1.459,225,384,96.789,0.922,1.728,0.579,0.797
22600,2U-D-Z2.tif,0.527,4.991,0.266,1.481,406,427,77.905,0.79,2.156,0.464,0.593
22601,2U-D-Z2.tif,0.702,3.155,0.886,1.134,167,390,109.537,0.861,1.342,0.745,0.955
22602,2U-D-Z2.tif,0.68,5.466,0.286,1.486,865,431,68.199,1.019,1.283,0.779,0.666
22603,2U-D-Z2.tif,1.234,4.768,0.682,1.536,341,393,99.039,1.162,1.201,0.832,0.912
22604,2U-D-Z2.tif,0.863,7.277,0.205,1.82,930,394,117.051,0.896,2.415,0.414,0.641
22605,2U-D-Z2.tif,1.105,5.913,0.397,1.678,798,401,99.462,1.207,1.135,0.881,0.802
22606,2U-D-Z2.tif,0.391,2.773,0.639,0.942,90,427,66.251,0.759,1.18,0.847,0.823
22607,2U-D-Z2.tif,0.751,4.748,0.419,1.418,110,405,94.185,0.862,1.639,0.61,0.804
22608,2U-D-Z2.tif,0.521,3.797,0.454,1.223,907,406,111.501,0.632,2.074,0.482,0.836
22609,2U-D-Z2.tif,0.43,5.114,0.207,1.359,836,442,54.293,0.994,1.754,0.57,0.489
22610,2U-D-Z2.tif,0.817,4.524,0.502,1.561,349,447,46.79,1.028,1.422,0.703,0.794
22611,2U-D-Z2.tif,0.614,3.054,0.827,1.096,696,445,77.276,0.793,1.338,0.747,0.926
22612,2U-D-Z2.tif,0.398,3.229,0.48,1.015,184,433,9.782,0.717,1.468,0.681,0.743
22613,2U-D-Z2.tif,0.742,3.367,0.823,1.167,876,464,71.03,0.902,1.298,0.77,0.926
22614,2U-D-Z2.tif,0.409,4.845,0.219,1.573,704,465,26.003,0.545,2.949,0.339,0.609
22615,2U-D-Z2.tif,0.446,4.727,0.251,1.636,291,443,108.435,0.641,3.145,0.318,0.658
22616,2U-D-Z2.tif,1.49,7.655,0.319,1.963,228,500,71.565,1.488,1.367,0.732,0.687
22617,2U-D-Z2.tif,1.291,8.333,0.234,2.293,440,480,12.155,1.249,2.096,0.477,0.58
22618,2U-D-Z2.tif,1.495,5.898,0.54,1.942,767,452,96.116,1.286,1.424,0.702,0.853
22619,2U-D-Z2.tif,1.684,4.881,0.888,1.559,356,459,144.904,1.448,1.016,0.984,0.964
22620,2U-D-Z2.tif,0.384,4.245,0.268,1.444,832,464,146.689,0.536,3.671,0.272,0.635
22621,2U-D-Z2.tif,0.325,3.253,0.386,1.259,89,462,170.538,0.502,2.48,0.403,0.743
22622,2U-D-Z2.tif,0.367,2.876,0.558,0.918,172,470,145.713,0.672,1.348,0.742,0.819
22623,2U-D-Z2.tif,2.07,5.543,0.847,1.74,704,492,166.239,1.628,1.034,0.967,0.948
22624,2U-D-Z2.tif,0.62,4.642,0.361,1.587,593,515,47.643,0.7,2.678,0.373,0.768
22625,2U-D-Z2.tif,1.155,4.105,0.861,1.502,272,482,99.246,1.034,1.439,0.695,0.955
22626,2U-D-Z2.tif,0.214,2.299,0.509,0.8,828,490,7.431,0.516,1.506,0.664,0.71
22627,2U-D-Z2.tif,0.751,3.508,0.767,1.288,84,484,105.524,0.771,1.668,0.6,0.931
22628,2U-D-Z2.tif,0.608,2.94,0.883,1.015,555,488,99.782,0.793,1.233,0.811,0.944
22629,2U-D-Z2.tif,1.414,7.253,0.338,2.614,789,496,98.344,1,2.925,0.342,0.751
22630,2U-D-Z2.tif,0.358,4.69,0.204,1.431,454,506,164.624,0.816,1.855,0.539,0.425
22631,2U-D-Z2.tif,0.61,3.083,0.807,1.123,963,532,79.38,0.778,1.49,0.671,0.921
22632,2U-D-Z2.tif,0.251,3.903,0.207,1.112,13,504,97.125,0.491,2.44,0.41,0.622
22633,2U-D-Z2.tif,0.392,3.35,0.439,1.276,248,506,128.418,0.593,2.656,0.376,0.683
22634,2U-D-Z2.tif,0.835,3.626,0.798,1.293,152,507,99.211,0.862,1.54,0.65,0.942
22635,2U-D-Z2.tif,2.369,10.718,0.259,2.87,189,509,122.735,1.641,1.726,0.579,0.733
22636,2U-D-Z2.tif,0.888,3.732,0.801,1.32,524,548,70.145,0.981,1.385,0.722,0.93
22637,2U-D-Z2.tif,0.203,2.027,0.622,0.823,629,535,56.976,0.436,1.774,0.564,0.851
22638,2U-D-Z2.tif,0.253,3.172,0.316,1.203,46,547,62.7,0.401,3.725,0.268,0.686
22639,2U-D-Z2.tif,0.438,3.074,0.582,1.1,73,517,147.804,0.746,1.389,0.72,0.803
22640,2U-D-Z2.tif,0.629,3.577,0.618,1.459,758,559,83.211,0.614,2.535,0.394,0.898
22641,2U-D-Z2.tif,0.209,2.201,0.543,0.69,597,523,143.13,0.519,1.41,0.709,0.772
22642,2U-D-Z2.tif,0.294,4.07,0.223,0.981,556,523,161.565,0.793,1.122,0.891,0.585
22643,2U-D-Z2.tif,0.298,2.153,0.809,0.82,464,530,157.751,0.561,1.551,0.645,0.89
22644,2U-D-Z2.tif,0.468,2.819,0.741,1.002,674,550,40.815,0.731,1.327,0.753,0.894
22645,2U-D-Z2.tif,0.332,2.514,0.66,0.854,876,532,133.363,0.6,1.433,0.698,0.871
22646,2U-D-Z2.tif,0.42,4.472,0.264,1.1,713,535,138.814,0.809,1.529,0.654,0.651
22647,2U-D-Z2.tif,0.231,2.888,0.348,1.005,632,552,30.964,0.509,2.164,0.462,0.641
22648,2U-D-Z2.tif,0.738,4.475,0.463,1.179,305,548,142.125,0.962,1.315,0.761,0.843
22649,2U-D-Z2.tif,0.505,3.326,0.574,1.11,3,566,25.769,0.78,1.381,0.724,0.815
22650,2U-D-Z2.tif,0.275,3.131,0.352,0.862,367,546,143.13,0.648,1.336,0.748,0.73
22651,2U-D-Z2.tif,0.863,3.93,0.702,1.502,823,590,80.754,0.803,2.025,0.494,0.902
22652,2U-D-Z2.tif,3.069,10.25,0.367,2.602,519,593,32.005,1.935,1.194,0.838,0.824
22653,2U-D-Z2.tif,0.587,3.29,0.682,1.185,287,551,98.366,0.784,1.519,0.658,0.888
22654,2U-D-Z2.tif,0.316,3.712,0.289,1.373,852,557,151.504,0.629,2.819,0.355,0.566
22655,2U-D-Z2.tif,0.526,4.122,0.389,1.373,41,558,154.722,0.613,2.451,0.408,0.782
22656,2U-D-Z2.tif,0.202,2.096,0.578,0.805,152,566,9.866,0.413,1.999,0.5,0.796
22657,2U-D-Z2.tif,0.913,5.775,0.344,1.373,178,567,101.592,1.096,1.355,0.738,0.791
22658,2U-D-Z2.tif,0.439,4.716,0.248,1.863,432,569,141.009,0.569,3.597,0.278,0.6
22659,2U-D-Z2.tif,0.21,2.339,0.483,0.879,387,589,48.18,0.436,2.268,0.441,0.724
22660,2U-D-Z2.tif,0.338,4.013,0.264,0.971,499,600,73.496,0.785,1.255,0.797,0.597
22661,2U-D-Z2.tif,0.224,2.993,0.313,1.004,337,587,15.945,0.482,2.995,0.334,0.609
22662,2U-D-Z2.tif,2.322,5.905,0.837,2.094,415,646,72.759,1.505,1.357,0.737,0.955
22663,2U-D-Z2.tif,0.346,4.46,0.219,1.254,380,620,58.496,0.642,2.037,0.491,0.678
22664,2U-D-Z2.tif,0.213,2.879,0.323,1.152,749,592,141.072,0.445,3.053,0.328,0.633
22665,2U-D-Z2.tif,0.478,3.533,0.481,1.104,727,624,75.53,0.724,1.555,0.643,0.814
22666,2U-D-Z2.tif,0.222,2.104,0.631,0.808,47,597,140.194,0.463,1.788,0.559,0.833
22667,2U-D-Z2.tif,0.994,5.007,0.498,1.523,361,640,84.806,0.997,1.422,0.703,0.832
22668,2U-D-Z2.tif,0.279,2.262,0.686,0.812,259,608,167.735,0.552,1.393,0.718,0.851
22669,2U-D-Z2.tif,0.958,6.786,0.262,1.897,564,646,53.13,1.215,1.934,0.517,0.536
22670,2U-D-Z2.tif,1.125,5.698,0.435,1.422,837,632,39.094,1.241,1.084,0.922,0.848
22671,2U-D-Z2.tif,0.214,1.889,0.754,0.644,696,618,15.524,0.513,1.319,0.758,0.867
22672,2U-D-Z2.tif,0.35,2.876,0.531,1.179,462,612,127.875,0.478,2.831,0.353,0.818
22673,2U-D-Z2.tif,1.262,8.2,0.236,2.613,67,688,67.496,1.383,1.978,0.506,0.508
22674,2U-D-Z2.tif,0.347,3.703,0.318,1.007,669,620,128.047,0.629,1.904,0.525,0.707
22675,2U-D-Z2.tif,0.597,3.797,0.52,1.327,376,655,65.433,0.756,1.901,0.526,0.835
22676,2U-D-Z2.tif,0.31,2.136,0.855,0.753,153,625,105.945,0.586,1.226,0.816,0.922
22677,2U-D-Z2.tif,0.219,3.493,0.225,1.082,768,629,120.651,0.625,1.911,0.523,0.517
22678,2U-D-Z2.tif,0.696,5.133,0.332,1.664,568,657,34.019,0.874,2.412,0.415,0.692
22679,2U-D-Z2.tif,0.348,3.712,0.318,1.151,734,638,171.384,0.532,2.304,0.434,0.72
22680,2U-D-Z2.tif,0.429,3.387,0.47,1.112,65,664,60.255,0.61,1.888,0.53,0.86
22681,2U-D-Z2.tif,1.259,7.383,0.29,1.876,259,637,126.027,1.091,1.588,0.63,0.805
22682,2U-D-Z2.tif,0.472,3.757,0.42,1.104,799,646,165.53,0.74,1.63,0.614,0.73
22683,2U-D-Z2.tif,0.397,3.594,0.386,1.201,380,674,50.826,0.619,1.998,0.501,0.684
22684,2U-D-Z2.tif,0.444,4.65,0.258,1.373,472,684,64.722,0.657,2.316,0.432,0.652
22685,2U-D-Z2.tif,1.551,7.63,0.335,2.671,127,682,23.587,1.032,3.512,0.285,0.721
22686,2U-D-Z2.tif,0.838,4.211,0.594,1.32,736,661,123.275,0.96,1.543,0.648,0.852
22687,2U-D-Z2.tif,0.22,2.664,0.39,1.019,779,657,113.962,0.474,2.647,0.378,0.685
22688,2U-D-Z2.tif,0.282,2.644,0.507,0.842,809,673,34.992,0.55,1.485,0.674,0.813
22689,2U-D-Z2.tif,0.394,4.016,0.307,1.497,936,663,141.546,0.625,2.925,0.342,0.554
22690,2U-D-Z2.tif,1.644,5.064,0.806,1.764,225,715,85.515,1.296,1.388,0.72,0.937
22691,2U-D-Z2.tif,0.397,3.887,0.33,0.932,990,672,128.991,0.789,1.099,0.91,0.706
22692,2U-D-Z2.tif,0.995,4.914,0.518,1.455,926,689,166.293,1.042,1.544,0.648,0.843
22693,2U-D-Z2.tif,1.181,4.162,0.856,1.418,715,683,131.055,1.136,1.203,0.831,0.95
22694,2U-D-Z2.tif,0.216,2.669,0.382,0.918,385,706,34.287,0.501,2.175,0.46,0.674
22695,2U-D-Z2.tif,0.366,2.262,0.899,0.744,616,707,76.608,0.679,1.05,0.953,0.929
22696,2U-D-Z2.tif,0.606,5.938,0.216,1.661,505,692,138.366,0.86,2.574,0.389,0.584
22697,2U-D-Z2.tif,0.413,3.026,0.566,0.951,426,715,43.531,0.657,1.466,0.682,0.821
22698,2U-D-Z3.tif,0.345,3.863,0.29,1.286,574,17,122.005,0.428,3.286,0.304,0.788
22699,2U-D-Z3.tif,1.056,7.691,0.224,1.903,502,100,145.513,1.007,2.133,0.469,0.778
22700,2U-D-Z3.tif,0.293,3.083,0.388,0.892,843,156,113.429,0.725,1.138,0.879,0.709
22701,2U-D-Z3.tif,0.223,2.1,0.636,0.847,461,217,104.931,0.365,2.381,0.42,0.916
22702,2U-D-Z3.tif,0.248,2.602,0.46,0.797,253,251,173.118,0.474,1.765,0.567,0.85
22703,2U-D-Z3.tif,0.663,6.276,0.211,1.572,107,543,46.757,0.942,1.626,0.615,0.678
22704,2U-D-Z3.tif,0.614,4.078,0.464,1.129,980,540,78.147,0.842,1.367,0.732,0.895
22705,2U-D-Z3.tif,1.68,5.228,0.772,1.608,117,571,147.119,1.445,1.023,0.978,0.964
22706,2U-D-Z3.tif,0.29,3.833,0.248,1.228,715,712,60.018,0.484,3.365,0.297,0.662
22707,2U-D-Z3.tif,0.593,3.206,0.726,1,621,642,101.004,0.805,1.247,0.802,0.942
22708,2U-U-Z1.tif,1.044,3.804,0.907,1.404,316,1,101.31,1.009,1.371,0.73,0.919
22709,2U-U-Z1.tif,2.703,6.096,0.914,2.16,616,1,102.265,1.741,1.233,0.811,0.936
22710,2U-U-Z1.tif,0.825,4.485,0.516,2.004,271,4,164.055,0.636,3.675,0.272,0.817
22711,2U-U-Z1.tif,0.573,3.956,0.46,1.753,790,16,42.879,0.58,3.93,0.254,0.697
22712,2U-U-Z1.tif,6.08,17.214,0.258,5.544,97,65,77.574,2.444,2.586,0.387,0.687
22713,2U-U-Z1.tif,2.889,8.182,0.542,2.27,503,34,75.964,1.985,1.149,0.87,0.834
22714,2U-U-Z1.tif,1.566,9.65,0.211,3.006,560,21,167.661,1.651,1.918,0.521,0.39
22715,2U-U-Z1.tif,0.64,3.102,0.836,1.161,687,12,108.435,0.792,1.595,0.627,0.879
22716,2U-U-Z1.tif,0.573,2.735,0.962,1.046,569,14,127.875,0.826,1.221,0.819,0.901
22717,2U-U-Z1.tif,2.905,11.856,0.26,4.296,129,33,19.983,1.538,3.253,0.307,0.558
22718,2U-U-Z1.tif,0.775,3.285,0.902,1.248,480,19,107.103,0.826,1.482,0.675,0.911
22719,2U-U-Z1.tif,0.859,3.675,0.799,1.513,703,19,104.036,0.824,1.93,0.518,0.887
22720,2U-U-Z1.tif,1.053,4.042,0.81,1.483,528,22,158.199,1.009,1.479,0.676,0.89
22721,2U-U-Z1.tif,2.004,6.593,0.579,2.257,361,37,26.565,1.459,1.374,0.728,0.825
22722,2U-U-Z1.tif,2.105,5.782,0.791,1.947,461,23,98.13,1.652,1.11,0.901,0.874
22723,2U-U-Z1.tif,0.792,3.782,0.695,1.538,691,25,107.354,0.749,2.194,0.456,0.858
22724,2U-U-Z1.tif,0.691,4.14,0.506,1.557,309,31,135,0.903,1.877,0.533,0.698
22725,2U-U-Z1.tif,0.539,2.636,0.974,0.993,548,38,33.69,0.734,1.126,0.888,0.948
22726,2U-U-Z1.tif,1.44,4.561,0.87,1.654,640,48,70.56,1.269,1.329,0.752,0.9
22727,2U-U-Z1.tif,1.019,5.577,0.412,1.634,489,33,141.843,1.413,1.557,0.642,0.645
22728,2U-U-Z1.tif,0.834,5.805,0.311,2.599,712,51,42.138,0.714,4.689,0.213,0.639
22729,2U-U-Z1.tif,1.103,5.134,0.526,1.579,655,47,35.538,1.269,1.274,0.785,0.724
22730,2U-U-Z1.tif,0.615,2.887,0.927,1.046,523,42,15.255,0.9,1.173,0.852,0.874
22731,2U-U-Z1.tif,0.893,3.437,0.949,1.248,422,42,126.027,1.009,1.19,0.84,0.914
22732,2U-U-Z1.tif,1.406,4.355,0.932,1.527,590,55,57.265,1.285,1.123,0.891,0.936
22733,2U-U-Z1.tif,1.853,5.393,0.8,2.052,610,65,79.695,1.377,1.472,0.679,0.9
22734,2U-U-Z1.tif,1.162,4.27,0.801,1.571,727,44,96.71,1.125,1.45,0.69,0.863
22735,2U-U-Z1.tif,5.491,12.764,0.423,4.519,331,48,156.038,2.172,2.299,0.435,0.765
22736,2U-U-Z1.tif,0.851,3.415,0.917,1.304,669,59,50.711,0.918,1.337,0.748,0.91
22737,2U-U-Z1.tif,4,8.862,0.64,2.699,493,53,144.689,2.265,1.111,0.9,0.873
22738,2U-U-Z1.tif,0.665,2.918,0.982,1.193,524,49,157.38,0.734,1.532,0.653,0.94
22739,2U-U-Z1.tif,2.19,9.314,0.317,2.755,453,49,119.982,1.894,1.543,0.648,0.6
22740,2U-U-Z1.tif,0.665,4.95,0.341,1.847,562,62,26.565,0.849,2.982,0.335,0.568
22741,2U-U-Z1.tif,0.691,5.124,0.33,1.687,210,69,67.62,1.066,1.713,0.584,0.577
22742,2U-U-Z1.tif,1.516,5.782,0.57,1.803,644,64,14.744,1.377,1.48,0.676,0.747
22743,2U-U-Z1.tif,0.632,3.956,0.507,1.513,484,53,104.036,0.72,2.808,0.356,0.725
22744,2U-U-Z1.tif,0.8,4.355,0.53,1.692,244,59,167.471,0.779,2.38,0.42,0.795
22745,2U-U-Z1.tif,0.851,4.032,0.657,1.605,377,59,149.036,0.872,2.16,0.463,0.802
22746,2U-U-Z1.tif,2.24,10.84,0.24,3.006,393,73,12.339,1.863,1.691,0.591,0.531
22747,2U-U-Z1.tif,0.825,3.437,0.878,1.197,571,69,32.471,0.979,1.222,0.818,0.895
22748,2U-U-Z1.tif,0.606,2.864,0.929,1.074,716,60,109.983,0.821,1.305,0.766,0.889
22749,2U-U-Z1.tif,0.531,2.788,0.858,1.046,593,72,37.875,0.739,1.447,0.691,0.875
22750,2U-U-Z1.tif,0.8,3.307,0.919,1.197,579,83,57.529,1.009,1.16,0.862,0.896
22751,2U-U-Z1.tif,1.246,5.836,0.46,1.835,618,76,143.13,1.281,1.651,0.606,0.668
22752,2U-U-Z1.tif,0.665,3.124,0.857,1.161,689,72,108.435,0.826,1.418,0.705,0.873
22753,2U-U-Z1.tif,0.648,2.842,1,1.07,480,78,149.036,0.826,1.175,0.851,0.939
22754,2U-U-Z1.tif,1.162,4.431,0.744,1.433,595,77,129.806,1.193,1.006,0.994,0.868
22755,2U-U-Z1.tif,6.956,18.838,0.246,5.195,380,78,144.345,2.848,1.847,0.541,0.62
22756,2U-U-Z1.tif,1.608,4.798,0.878,1.763,508,94,51.34,1.272,1.333,0.75,0.929
22757,2U-U-Z1.tif,1.061,5.026,0.528,1.892,358,97,50.906,0.956,2.356,0.424,0.785
22758,2U-U-Z1.tif,0.522,2.659,0.928,1.046,495,81,105.255,0.642,1.507,0.664,0.925
22759,2U-U-Z1.tif,1.693,6.15,0.562,2.013,543,86,155.772,1.459,1.53,0.653,0.788
22760,2U-U-Z1.tif,0.825,4.162,0.599,1.687,275,83,135,0.908,2.179,0.459,0.79
22761,2U-U-Z1.tif,1.314,4.247,0.915,1.513,456,101,75.964,1.193,1.214,0.824,0.912
22762,2U-U-Z1.tif,0.707,3.178,0.88,1.275,475,86,149.744,0.842,1.599,0.625,0.898
22763,2U-U-Z1.tif,0.632,2.918,0.932,1.161,341,87,108.435,0.734,1.496,0.668,0.915
22764,2U-U-Z1.tif,1.415,5.836,0.522,1.936,665,90,121.43,1.175,1.844,0.542,0.806
22765,2U-U-Z1.tif,2.03,6.539,0.596,2.189,510,105,33.024,1.458,1.454,0.688,0.84
22766,2U-U-Z1.tif,0.615,3.178,0.765,1.314,541,91,102.095,0.701,2.032,0.492,0.844
22767,2U-U-Z1.tif,1.364,5.004,0.685,1.707,630,108,53.746,1.233,1.462,0.684,0.796
22768,2U-U-Z1.tif,1.044,4.507,0.646,1.584,692,97,100.008,1.009,1.574,0.635,0.808
22769,2U-U-Z1.tif,0.598,2.864,0.916,1.074,726,98,109.983,0.826,1.229,0.814,0.882
22770,2U-U-Z1.tif,0.606,2.811,0.965,1.074,441,100,109.983,0.826,1.244,0.804,0.911
22771,2U-U-Z1.tif,1.811,5.286,0.814,1.916,610,100,106.699,1.298,1.531,0.653,0.898
22772,2U-U-Z1.tif,3.84,13.315,0.272,3.34,533,111,142.815,2.531,1.377,0.726,0.648
22773,2U-U-Z1.tif,1.802,5.899,0.651,2.052,366,125,79.695,1.273,1.837,0.544,0.836
22774,2U-U-Z1.tif,0.573,2.918,0.845,1.12,496,104,145.008,0.805,1.3,0.769,0.872
22775,2U-U-Z1.tif,0.539,3.621,0.517,1.603,572,111,23.629,0.568,3.589,0.279,0.78
22776,2U-U-Z1.tif,0.783,3.728,0.708,1.513,763,120,75.964,0.734,1.878,0.532,0.886
22777,2U-U-Z1.tif,1.187,4.064,0.904,1.401,476,114,148.392,1.233,1.066,0.938,0.913
22778,2U-U-Z1.tif,2.291,6.485,0.684,1.985,512,109,123.69,1.666,1.292,0.774,0.842
22779,2U-U-Z1.tif,1.482,5.653,0.583,1.929,579,130,64.654,1.417,1.168,0.856,0.793
22780,2U-U-Z1.tif,0.547,2.681,0.957,0.976,629,121,41.186,0.821,1.178,0.849,0.884
22781,2U-U-Z1.tif,0.556,2.659,0.988,0.988,672,119,111.801,0.734,1.26,0.793,0.93
22782,2U-U-Z1.tif,3.529,10.115,0.433,3.259,388,123,147.653,1.707,2.201,0.454,0.768
22783,2U-U-Z1.tif,1.844,5.89,0.668,2.129,727,121,97.431,1.285,1.768,0.566,0.85
22784,2U-U-Z1.tif,3.082,6.861,0.823,2.294,472,124,126.87,1.957,1.062,0.942,0.925
22785,2U-U-Z1.tif,1.971,5.263,0.894,1.741,641,124,108.435,1.625,1.012,0.988,0.907
22786,2U-U-Z1.tif,1.011,3.849,0.857,1.527,539,128,122.735,0.908,1.754,0.57,0.896
22787,2U-U-Z1.tif,3.15,12.429,0.256,3.283,496,135,153.435,2.106,1.704,0.587,0.623
22788,2U-U-Z1.tif,2.585,11.995,0.226,4.772,312,133,157.38,1.486,4.358,0.229,0.495
22789,2U-U-Z1.tif,2.358,9.403,0.335,3.233,557,163,34.592,1.431,3.15,0.317,0.667
22790,2U-U-Z1.tif,0.91,5.286,0.409,1.692,628,141,139.399,0.967,2.062,0.485,0.745
22791,2U-U-Z1.tif,1.87,6.745,0.516,2.675,248,144,157.834,1.232,2.45,0.408,0.772
22792,2U-U-Z1.tif,1.676,4.798,0.915,1.772,460,143,111.251,1.285,1.326,0.754,0.936
22793,2U-U-Z1.tif,0.657,3.026,0.902,1.175,387,145,128.66,0.871,1.371,0.73,0.907
22794,2U-U-Z1.tif,0.531,2.972,0.755,1.15,751,152,28.61,0.826,1.348,0.742,0.846
22795,2U-U-Z1.tif,0.691,3.102,0.902,1.175,441,156,38.66,0.903,1.295,0.772,0.896
22796,2U-U-Z1.tif,1.103,4.744,0.616,1.977,222,148,158.199,0.914,2.554,0.392,0.809
22797,2U-U-Z1.tif,2.122,6.982,0.547,2.097,409,159,23.199,1.744,1.117,0.895,0.81
22798,2U-U-Z1.tif,0.842,4.01,0.658,1.584,694,167,79.992,0.826,1.798,0.556,0.837
22799,2U-U-Z1.tif,0.598,3.07,0.797,1.278,642,165,68.962,0.657,2.063,0.485,0.871
22800,2U-U-Z1.tif,1.204,4.095,0.902,1.483,680,168,68.199,1.101,1.307,0.765,0.932
22801,2U-U-Z1.tif,1.044,3.804,0.907,1.425,727,153,104.931,1.009,1.453,0.688,0.919
22802,2U-U-Z1.tif,4.531,14.416,0.274,4.269,274,161,154.537,2.758,1.625,0.615,0.6
22803,2U-U-Z1.tif,0.825,3.361,0.918,1.248,322,169,72.897,0.918,1.334,0.75,0.916
22804,2U-U-Z1.tif,1.406,5.523,0.579,2.257,562,170,26.565,1.18,2.16,0.463,0.782
22805,2U-U-Z1.tif,2.206,6.387,0.68,2.359,337,185,76.504,1.377,1.618,0.618,0.873
22806,2U-U-Z1.tif,2.215,6.884,0.587,2.596,475,189,81.87,1.214,2.366,0.423,0.816
22807,2U-U-Z1.tif,1.634,4.852,0.872,1.731,514,163,122.005,1.285,1.241,0.806,0.933
22808,2U-U-Z1.tif,1.516,4.614,0.895,1.692,713,182,77.471,1.193,1.383,0.723,0.93
22809,2U-U-Z1.tif,1.726,5.805,0.644,2.027,655,165,95.194,1.412,1.433,0.698,0.804
22810,2U-U-Z1.tif,1.432,5.263,0.649,1.858,593,184,57.095,1.29,1.373,0.728,0.825
22811,2U-U-Z1.tif,1.541,4.637,0.901,1.687,407,169,112.38,1.272,1.317,0.759,0.927
22812,2U-U-Z1.tif,0.775,4.798,0.423,1.947,613,173,8.13,0.704,3.247,0.308,0.708
22813,2U-U-Z1.tif,1.002,4.874,0.53,1.872,365,192,78.69,0.918,2.362,0.423,0.753
22814,2U-U-Z1.tif,1.718,6.593,0.497,2.414,573,172,98.746,1.193,2.231,0.448,0.773
22815,2U-U-Z1.tif,2.198,5.63,0.871,1.97,440,195,62.241,1.56,1.234,0.81,0.924
22816,2U-U-Z1.tif,1.735,5.026,0.863,1.81,495,195,59.534,1.363,1.292,0.774,0.924
22817,2U-U-Z1.tif,0.766,3.307,0.88,1.135,547,190,75.964,0.99,1.12,0.893,0.871
22818,2U-U-Z1.tif,0.834,5.393,0.36,2.175,726,189,27.646,0.818,3.219,0.311,0.635
22819,2U-U-Z1.tif,1.196,7.045,0.303,3.051,234,181,173.089,0.702,5.927,0.169,0.673
22820,2U-U-Z1.tif,1.802,7.523,0.4,2.052,380,201,63.435,1.614,1.214,0.823,0.744
22821,2U-U-Z1.tif,1.011,3.858,0.853,1.505,633,185,127.569,0.985,1.494,0.67,0.909
22822,2U-U-Z1.tif,1.735,9.489,0.242,3.252,650,199,16.39,1.539,2.475,0.404,0.542
22823,2U-U-Z1.tif,0.665,4.27,0.459,1.433,686,188,140.194,0.871,1.784,0.56,0.678
22824,2U-U-Z1.tif,1.945,7.555,0.428,2.485,577,201,4.236,1.32,2.127,0.47,0.766
22825,2U-U-Z1.tif,0.556,2.681,0.972,0.988,542,195,158.199,0.826,1.169,0.855,0.892
22826,2U-U-Z1.tif,2.846,9.403,0.405,2.668,361,197,116.565,1.999,1.411,0.709,0.728
22827,2U-U-Z1.tif,4.497,11.574,0.422,4.064,448,208,6.483,2.294,1.577,0.634,0.712
22828,2U-U-Z1.tif,0.682,4.529,0.418,1.847,608,199,116.565,0.862,2.671,0.374,0.623
22829,2U-U-Z1.tif,1.802,5.08,0.878,1.803,530,201,104.744,1.377,1.347,0.742,0.92
22830,2U-U-Z1.tif,4.649,10.679,0.512,3.34,386,210,164.055,2.33,1.346,0.743,0.755
22831,2U-U-Z1.tif,0.514,2.573,0.975,0.958,330,204,106.699,0.779,1.183,0.845,0.884
22832,2U-U-Z1.tif,2.787,6.409,0.853,2.148,548,226,70.017,1.886,1.102,0.908,0.921
22833,2U-U-Z1.tif,1.726,4.928,0.893,1.858,601,206,110.225,1.278,1.462,0.684,0.932
22834,2U-U-Z1.tif,2.552,11.131,0.259,2.858,639,219,5.528,1.625,1.886,0.53,0.686
22835,2U-U-Z1.tif,0.531,2.551,1,0.945,509,210,119.055,0.821,1.144,0.874,0.913
22836,2U-U-Z1.tif,1.086,5.362,0.475,1.626,485,230,73.61,1.193,1.399,0.715,0.763
22837,2U-U-Z1.tif,1.154,4.422,0.742,1.568,573,220,159.444,1.095,1.6,0.625,0.835
22838,2U-U-Z1.tif,1.187,4.042,0.913,1.538,336,234,72.646,1.009,1.425,0.702,0.94
22839,2U-U-Z1.tif,1.777,8.052,0.344,2.34,422,244,64.44,1.683,1.262,0.793,0.68
22840,2U-U-Z1.tif,0.766,3.263,0.905,1.175,346,235,38.66,0.918,1.108,0.903,0.924
22841,2U-U-Z1.tif,1.726,5.058,0.848,1.772,454,234,21.251,1.357,1.26,0.793,0.911
22842,2U-U-Z1.tif,1.103,5.469,0.463,1.741,567,245,71.565,1.101,1.513,0.661,0.755
22843,2U-U-Z1.tif,1.078,3.89,0.895,1.433,652,239,39.806,1.009,1.25,0.8,0.945
22844,2U-U-Z1.tif,0.867,3.858,0.732,1.401,494,243,31.608,1.005,1.343,0.744,0.862
22845,2U-U-Z1.tif,1.314,4.431,0.841,1.714,557,235,105.524,1.101,1.593,0.628,0.92
22846,2U-U-Z1.tif,1.297,4.431,0.83,1.731,582,253,57.995,1.108,1.589,0.629,0.917
22847,2U-U-Z1.tif,0.859,3.621,0.823,1.314,702,237,102.095,0.958,1.438,0.695,0.876
22848,2U-U-Z1.tif,0.943,4.919,0.49,1.692,519,252,40.601,1.014,2.016,0.496,0.681
22849,2U-U-Z1.tif,0.749,3.231,0.902,1.175,349,251,51.34,0.918,1.205,0.83,0.904
22850,2U-U-Z1.tif,0.632,5.438,0.268,1.707,298,242,143.746,0.886,2.133,0.469,0.612
22851,2U-U-Z1.tif,3.107,7.295,0.734,2.56,366,273,75.466,1.744,1.446,0.691,0.895
22852,2U-U-Z1.tif,1.162,3.912,0.954,1.425,323,249,104.931,1.009,1.308,0.765,0.942
22853,2U-U-Z1.tif,0.707,3.155,0.893,1.275,475,263,59.744,0.801,1.624,0.616,0.918
22854,2U-U-Z1.tif,2.4,7.036,0.609,2.423,613,252,142.696,1.722,1.412,0.708,0.815
22855,2U-U-Z1.tif,1.785,5.111,0.859,1.828,494,253,107.526,1.285,1.406,0.711,0.92
22856,2U-U-Z1.tif,0.522,2.659,0.928,1.026,601,263,63.435,0.734,1.304,0.767,0.899
22857,2U-U-Z1.tif,1.398,6.691,0.392,1.964,416,270,37.405,1.343,1.55,0.645,0.663
22858,2U-U-Z1.tif,0.539,2.681,0.942,0.993,540,264,56.31,0.813,1.228,0.814,0.883
22859,2U-U-Z1.tif,0.665,3.026,0.913,1.175,523,265,38.66,0.9,1.3,0.769,0.919
22860,2U-U-Z1.tif,4.388,8.311,0.798,3.006,548,287,58.736,2.111,1.461,0.685,0.924
22861,2U-U-Z1.tif,0.842,4.399,0.547,1.626,442,268,16.39,0.826,2.047,0.488,0.763
22862,2U-U-Z1.tif,0.716,3.231,0.861,1.248,299,261,107.103,0.826,1.514,0.661,0.899
22863,2U-U-Z1.tif,2.181,6.127,0.73,2.218,342,263,114.444,1.377,1.494,0.669,0.893
22864,2U-U-Z1.tif,0.876,4.614,0.517,1.936,478,268,95.44,0.818,2.476,0.404,0.779
22865,2U-U-Z1.tif,1.844,7.868,0.374,2.591,448,295,67.068,1.835,1.423,0.703,0.616
22866,2U-U-Z1.tif,1.423,6.615,0.409,1.731,321,286,57.995,1.439,1.15,0.87,0.779
22867,2U-U-Z1.tif,0.598,3.88,0.499,1.433,464,283,50.194,0.761,2.475,0.404,0.664
22868,2U-U-Z1.tif,1.255,4.691,0.717,1.707,601,272,143.746,1.193,1.336,0.749,0.882
22869,2U-U-Z1.tif,0.581,3.773,0.513,1.685,167,283,29.358,0.513,3.904,0.256,0.784
22870,2U-U-Z1.tif,1.39,6.539,0.408,2.485,248,274,175.764,0.998,2.738,0.365,0.692
22871,2U-U-Z1.tif,1.448,5.577,0.585,1.916,521,273,106.699,1.329,1.592,0.628,0.777
22872,2U-U-Z1.tif,0.741,3.352,0.829,1.248,366,283,17.103,0.908,1.296,0.772,0.842
22873,2U-U-Z1.tif,0.994,3.728,0.898,1.364,403,296,70.346,1.009,1.323,0.756,0.915
22874,2U-U-Z1.tif,1.179,3.988,0.932,1.483,636,282,111.801,1.101,1.328,0.753,0.924
22875,2U-U-Z1.tif,1.221,6.763,0.335,3.027,219,292,14.036,0.782,4.984,0.201,0.679
22876,2U-U-Z1.tif,0.994,3.697,0.914,1.323,413,285,146.31,1.083,1.238,0.807,0.891
22877,2U-U-Z1.tif,2.602,6.539,0.765,2.25,493,283,101.768,1.711,1.316,0.76,0.882
22878,2U-U-Z1.tif,1.364,4.301,0.927,1.568,532,305,69.444,1.193,1.227,0.815,0.926
22879,2U-U-Z1.tif,0.851,4.592,0.507,2.013,506,310,65.772,0.711,3.557,0.281,0.795
22880,2U-U-Z1.tif,1.71,10.052,0.213,2.797,687,312,41.009,1.718,1.422,0.703,0.519
22881,2U-U-Z1.tif,0.699,4.14,0.512,1.579,773,305,54.462,0.738,2.609,0.383,0.755
22882,2U-U-Z1.tif,2.712,8.473,0.475,3.474,115,303,12.2,1.329,2.874,0.348,0.765
22883,2U-U-Z1.tif,1.246,4.194,0.891,1.451,607,308,55.305,1.21,1.197,0.835,0.905
22884,2U-U-Z1.tif,0.783,3.361,0.871,1.248,416,309,53.973,0.903,1.326,0.754,0.899
22885,2U-U-Z1.tif,0.682,4.852,0.364,2.129,354,301,172.569,0.548,4.929,0.203,0.74
22886,2U-U-Z1.tif,1.651,4.798,0.901,1.685,456,301,119.358,1.436,1.137,0.88,0.929
22887,2U-U-Z1.tif,3.773,14.948,0.212,4.251,553,328,32.661,2.63,1.708,0.586,0.529
22888,2U-U-Z1.tif,1.381,4.301,0.938,1.538,399,303,107.354,1.193,1.25,0.8,0.934
22889,2U-U-Z1.tif,1.331,4.874,0.704,1.892,641,303,112.834,1.103,1.709,0.585,0.859
22890,2U-U-Z1.tif,1.415,4.691,0.808,1.692,543,306,139.399,1.272,1.357,0.737,0.891
22891,2U-U-Z1.tif,0.564,3.513,0.574,1.207,673,309,171.254,0.826,1.492,0.67,0.753
22892,2U-U-Z1.tif,0.893,6.289,0.284,2.675,182,314,174.094,0.79,4.24,0.236,0.559
22893,2U-U-Z1.tif,3.444,9.628,0.467,2.701,626,338,80.218,1.802,1.502,0.666,0.818
22894,2U-U-Z1.tif,1.642,6.409,0.502,2.095,409,324,28.811,1.264,1.863,0.537,0.783
22895,2U-U-Z1.tif,0.505,3.124,0.651,1.109,327,318,155.556,0.784,1.465,0.683,0.811
22896,2U-U-Z1.tif,0.514,2.681,0.898,0.993,528,322,33.69,0.739,1.268,0.788,0.871
22897,2U-U-Z1.tif,1.364,4.355,0.904,1.626,600,331,73.61,1.101,1.391,0.719,0.934
22898,2U-U-Z1.tif,1.221,4.118,0.905,1.436,366,331,63.435,1.193,1.194,0.837,0.921
22899,2U-U-Z1.tif,0.716,3.254,0.85,1.275,388,319,149.744,0.844,1.707,0.586,0.867
22900,2U-U-Z1.tif,1.44,4.453,0.913,1.654,437,317,109.44,1.285,1.324,0.755,0.914
22901,2U-U-Z1.tif,2.518,7.609,0.547,2.386,303,325,112.62,1.715,1.22,0.82,0.826
22902,2U-U-Z1.tif,1.971,8.374,0.353,3.228,233,340,14.826,1.377,3.163,0.316,0.622
22903,2U-U-Z1.tif,1.448,6.387,0.446,2.038,458,331,125.838,1.229,1.84,0.543,0.766
22904,2U-U-Z1.tif,1.684,5.76,0.638,2.15,348,332,129.806,1.252,1.929,0.518,0.825
22905,2U-U-Z1.tif,1.533,4.691,0.875,1.808,445,350,66.038,1.285,1.411,0.709,0.945
22906,2U-U-Z1.tif,0.623,4.27,0.43,1.38,666,333,93.814,0.734,1.842,0.543,0.722
22907,2U-U-Z1.tif,1.533,6.517,0.454,2.038,532,340,144.162,1.44,1.677,0.596,0.699
22908,2U-U-Z1.tif,1.002,5.156,0.474,1.782,500,337,124.509,1.061,1.699,0.589,0.726
22909,2U-U-Z1.tif,5.238,15.92,0.26,4.371,392,369,39.036,2.812,1.887,0.53,0.562
22910,2U-U-Z1.tif,0.867,3.751,0.775,1.377,606,345,126.87,0.958,1.392,0.718,0.866
22911,2U-U-Z1.tif,0.985,4.194,0.704,1.654,370,354,19.44,1.009,1.426,0.701,0.863
22912,2U-U-Z1.tif,5.407,11.207,0.541,3.79,492,346,96.953,2.019,2.026,0.494,0.871
22913,2U-U-Z1.tif,0.766,3.285,0.892,1.197,581,357,57.529,0.918,1.16,0.862,0.929
22914,2U-U-Z1.tif,0.589,2.842,0.917,1.109,441,356,155.556,0.734,1.416,0.706,0.909
22915,2U-U-Z1.tif,2.366,9.251,0.347,3.105,316,371,18.97,1.233,3.222,0.31,0.71
22916,2U-U-Z1.tif,1.785,7.738,0.375,2.359,362,381,76.504,1.687,1.299,0.77,0.694
22917,2U-U-Z1.tif,0.539,2.681,0.942,0.988,562,356,111.801,0.81,1.24,0.807,0.889
22918,2U-U-Z1.tif,0.691,3.016,0.954,1.135,413,370,75.964,0.908,1.244,0.804,0.891
22919,2U-U-Z1.tif,0.825,3.88,0.689,1.433,529,358,129.806,0.944,1.466,0.682,0.803
22920,2U-U-Z1.tif,1.314,4.247,0.915,1.538,685,376,72.646,1.193,1.261,0.793,0.923
22921,2U-U-Z1.tif,0.615,3.545,0.615,1.323,724,373,33.69,0.862,1.55,0.645,0.807
22922,2U-U-Z1.tif,4.649,9.273,0.679,3.445,446,373,138.24,1.972,1.855,0.539,0.878
22923,2U-U-Z1.tif,2.215,6.181,0.728,2.15,421,372,140.194,1.652,1.147,0.871,0.871
22924,2U-U-Z1.tif,1.103,6.355,0.343,1.687,587,382,22.38,1.358,1.423,0.703,0.584
22925,2U-U-Z1.tif,2.383,6.624,0.683,2.56,339,401,75.466,1.285,2.073,0.482,0.886
22926,2U-U-Z1.tif,0.699,3.102,0.913,1.248,733,376,143.973,0.844,1.431,0.699,0.917
22927,2U-U-Z1.tif,1.693,5.599,0.679,2.093,369,398,74.745,1.343,1.54,0.649,0.85
22928,2U-U-Z1.tif,0.522,2.659,0.928,0.988,609,388,68.199,0.734,1.3,0.769,0.905
22929,2U-U-Z1.tif,0.64,3.155,0.808,1.278,318,379,111.038,0.694,1.92,0.521,0.879
22930,2U-U-Z1.tif,0.926,3.491,0.955,1.248,694,394,72.897,1.009,1.141,0.876,0.924
22931,2U-U-Z1.tif,1.019,5.792,0.382,2.612,128,392,18.435,0.667,5.224,0.191,0.756
22932,2U-U-Z1.tif,0.522,2.811,0.831,1.046,709,384,127.875,0.779,1.471,0.68,0.861
22933,2U-U-Z1.tif,2.4,9.251,0.352,2.612,371,403,18.435,1.604,1.839,0.544,0.713
22934,2U-U-Z1.tif,1.373,4.279,0.942,1.605,529,389,120.964,1.193,1.242,0.805,0.948
22935,2U-U-Z1.tif,2.804,9.435,0.396,3.255,297,406,21.501,1.856,1.889,0.529,0.675
22936,2U-U-Z1.tif,1.255,4.225,0.883,1.483,448,399,158.199,1.193,1.137,0.879,0.923
22937,2U-U-Z1.tif,4.531,16.547,0.208,5.61,204,413,15.173,2.498,2.703,0.37,0.448
22938,2U-U-Z1.tif,1.954,7.099,0.487,2.882,286,396,99.162,1.074,2.735,0.366,0.811
22939,2U-U-Z1.tif,1.819,5.263,0.825,1.782,586,416,78.111,1.448,1.208,0.828,0.887
22940,2U-U-Z1.tif,1.516,4.561,0.916,1.741,357,398,108.435,1.193,1.396,0.716,0.933
22941,2U-U-Z1.tif,1.6,8.302,0.292,2.181,484,421,67.751,1.468,1.842,0.543,0.687
22942,2U-U-Z1.tif,3.975,8.45,0.7,2.851,499,400,123.179,1.988,1.479,0.676,0.872
22943,2U-U-Z1.tif,1.937,5.263,0.879,1.945,557,421,70.71,1.468,1.322,0.757,0.916
22944,2U-U-Z1.tif,1.558,4.637,0.911,1.626,424,406,106.39,1.363,1.234,0.811,0.914
22945,2U-U-Z1.tif,1.137,4.019,0.884,1.451,529,407,108.435,1.009,1.417,0.706,0.928
22946,2U-U-Z1.tif,1.718,5.102,0.829,1.782,321,427,78.111,1.428,1.258,0.795,0.891
22947,2U-U-Z1.tif,2.055,7.609,0.446,2.777,675,413,172.405,1.652,1.498,0.668,0.694
22948,2U-U-Z1.tif,0.733,3.178,0.912,1.161,602,416,161.565,0.918,1.172,0.853,0.892
22949,2U-U-Z1.tif,0.901,4.896,0.472,1.513,349,436,75.964,1.101,1.416,0.706,0.73
22950,2U-U-Z1.tif,0.825,3.621,0.791,1.433,449,432,39.806,0.844,1.762,0.567,0.863
22951,2U-U-Z1.tif,2.459,7.837,0.503,2.496,379,445,53.973,1.597,1.635,0.612,0.825
22952,2U-U-Z1.tif,1.718,4.896,0.901,1.772,693,424,111.251,1.451,1.184,0.845,0.913
22953,2U-U-Z1.tif,2.855,6.561,0.833,2.302,408,452,85.426,1.81,1.257,0.795,0.913
22954,2U-U-Z1.tif,2.013,5.263,0.913,1.828,462,447,72.474,1.509,1.221,0.819,0.937
22955,2U-U-Z1.tif,0.531,2.681,0.928,0.958,440,430,106.699,0.826,1.177,0.849,0.869
22956,2U-U-Z1.tif,1.246,4.301,0.847,1.603,721,449,76.759,1.101,1.482,0.675,0.911
22957,2U-U-Z1.tif,1.272,7.34,0.297,2.27,742,458,75.964,1.433,1.754,0.57,0.537
22958,2U-U-Z1.tif,2.257,9.068,0.345,2.915,321,437,118.179,1.483,2.509,0.399,0.716
22959,2U-U-Z1.tif,0.758,3.254,0.9,1.161,500,439,161.565,1.009,1.03,0.971,0.87
22960,2U-U-Z1.tif,0.876,3.33,0.993,1.161,604,437,108.435,1.038,1.062,0.942,0.916
22961,2U-U-Z1.tif,0.952,4.064,0.724,1.584,431,438,100.008,0.908,1.796,0.557,0.879
22962,2U-U-Z1.tif,0.834,3.545,0.834,1.278,485,453,68.962,0.918,1.432,0.699,0.9
22963,2U-U-Z1.tif,2.552,7.9,0.514,2.867,662,464,50.194,1.492,2.173,0.46,0.808
22964,2U-U-Z1.tif,0.766,3.361,0.852,1.314,392,455,77.905,0.826,1.582,0.632,0.905
22965,2U-U-Z1.tif,1.617,6.441,0.49,2.16,282,452,12.265,1.377,1.862,0.537,0.733
22966,2U-U-Z1.tif,1.566,4.82,0.847,1.634,443,445,128.157,1.437,1.146,0.872,0.907
22967,2U-U-Z1.tif,1.465,5.339,0.646,1.687,575,455,22.38,1.285,1.352,0.74,0.874
22968,2U-U-Z1.tif,1.39,7.447,0.315,2.382,523,446,105.642,1.287,2.051,0.487,0.604
22969,2U-U-Z1.tif,1.095,6.396,0.336,2.851,246,449,176.309,0.642,5.659,0.177,0.772
22970,2U-U-Z1.tif,2.846,12.711,0.221,4.27,184,466,8.653,1.813,2.764,0.362,0.488
22971,2U-U-Z1.tif,2.013,5.523,0.829,2.119,375,450,107.65,1.422,1.419,0.705,0.91
22972,2U-U-Z1.tif,1.171,4.637,0.684,1.89,596,450,119.055,1.103,1.774,0.564,0.832
22973,2U-U-Z1.tif,1.912,6.897,0.505,2.181,465,457,157.751,1.477,1.65,0.606,0.792
22974,2U-U-Z1.tif,3.941,11.498,0.375,3.743,346,453,101.31,1.744,2.196,0.455,0.784
22975,2U-U-Z1.tif,1.263,4.194,0.903,1.513,404,455,104.036,1.161,1.295,0.772,0.912
22976,2U-U-Z1.tif,0.539,2.681,0.942,0.958,417,455,106.699,0.826,1.072,0.933,0.877
22977,2U-U-Z1.tif,0.741,3.307,0.851,1.377,278,456,126.87,0.779,1.718,0.582,0.921
22978,2U-U-Z1.tif,0.935,3.545,0.935,1.275,505,464,30.256,1.101,1.06,0.943,0.917
22979,2U-U-Z1.tif,0.648,3.2,0.796,1.224,304,470,77.005,0.9,1.466,0.682,0.824
22980,2U-U-Z1.tif,2.215,5.944,0.788,2.119,540,481,72.35,1.56,1.358,0.736,0.91
22981,2U-U-Z1.tif,2.678,6.311,0.845,2.16,705,482,77.735,1.652,1.287,0.777,0.931
22982,2U-U-Z1.tif,2.013,5.317,0.895,1.858,622,462,110.225,1.468,1.174,0.852,0.934
22983,2U-U-Z1.tif,0.589,2.842,0.917,1.15,458,463,118.61,0.734,1.505,0.665,0.927
22984,2U-U-Z1.tif,1.103,6.279,0.352,2.449,717,466,167.005,1.095,2.528,0.396,0.589
22985,2U-U-Z1.tif,0.547,2.918,0.808,1.248,368,467,126.027,0.698,1.867,0.536,0.878
22986,2U-U-Z1.tif,1.474,8.074,0.284,2.35,583,473,141.34,1.64,1.82,0.55,0.622
22987,2U-U-Z1.tif,1.128,5.286,0.508,1.707,671,490,36.254,1.277,1.597,0.626,0.673
22988,2U-U-Z1.tif,2.282,5.662,0.895,1.985,516,481,146.31,1.567,1.223,0.818,0.941
22989,2U-U-Z1.tif,1.693,5.469,0.711,2.015,611,479,120.069,1.363,1.405,0.712,0.887
22990,2U-U-Z1.tif,0.8,3.285,0.932,1.304,425,496,50.711,0.918,1.414,0.707,0.927
22991,2U-U-Z1.tif,0.716,3.124,0.922,1.175,452,487,141.34,0.908,1.327,0.754,0.895
22992,2U-U-Z1.tif,1.903,9.922,0.243,2.3,585,486,118.61,1.718,1.527,0.655,0.607
22993,2U-U-Z1.tif,4.042,11.467,0.386,3.34,461,522,74.055,2.294,1.262,0.792,0.762
22994,2U-U-Z1.tif,0.867,3.589,0.846,1.278,493,502,68.962,0.973,1.315,0.76,0.904
22995,2U-U-Z1.tif,0.91,3.567,0.898,1.314,736,503,77.905,0.981,1.336,0.749,0.893
22996,2U-U-Z1.tif,1.128,4.659,0.653,1.835,299,491,126.87,0.903,2.3,0.435,0.815
22997,2U-U-Z1.tif,0.665,3.513,0.677,1.224,412,505,77.005,0.779,1.678,0.596,0.827
22998,2U-U-Z1.tif,1.811,5.469,0.761,1.89,436,492,119.055,1.557,1.165,0.859,0.878
22999,2U-U-Z1.tif,0.733,4.27,0.505,1.765,359,495,171.027,0.734,2.8,0.357,0.75
23000,2U-U-Z1.tif,1.078,5.577,0.436,1.687,195,495,112.38,1.161,1.679,0.595,0.665
23001,2U-U-Z1.tif,1.726,7.64,0.372,2.668,548,517,49.185,1.396,2.239,0.447,0.591
23002,2U-U-Z1.tif,1.625,6.678,0.458,2.322,258,497,161.565,1.448,1.419,0.705,0.698
23003,2U-U-Z1.tif,0.994,4.118,0.737,1.538,664,497,107.354,1.088,1.467,0.681,0.822
23004,2U-U-Z1.tif,0.707,3.545,0.707,1.304,491,512,39.289,0.92,1.474,0.679,0.804
23005,2U-U-Z1.tif,1.667,5.447,0.706,1.763,604,517,38.66,1.468,1.098,0.911,0.857
23006,2U-U-Z1.tif,0.851,3.491,0.877,1.275,378,504,120.256,1.016,1.283,0.779,0.89
23007,2U-U-Z1.tif,0.851,3.339,0.959,1.197,348,507,122.471,0.918,1.218,0.821,0.94
23008,2U-U-Z1.tif,1.583,4.82,0.856,1.654,577,509,160.56,1.375,1.221,0.819,0.91
23009,2U-U-Z1.tif,5.6,13.293,0.398,5.181,304,512,157.068,2.38,2.559,0.391,0.693
23010,2U-U-Z1.tif,1.044,3.912,0.858,1.436,412,509,116.565,1.009,1.435,0.697,0.908
23011,2U-U-Z1.tif,0.901,5.362,0.394,1.858,426,510,147.095,1.038,2.133,0.469,0.603
23012,2U-U-Z1.tif,1.482,4.538,0.904,1.605,506,527,59.036,1.285,1.218,0.821,0.926
23013,2U-U-Z1.tif,1.12,5.089,0.543,2.07,154,520,167.196,0.969,2.326,0.43,0.831
23014,2U-U-Z1.tif,0.514,3.437,0.546,1.404,547,522,11.31,0.706,1.884,0.531,0.735
23015,2U-U-Z1.tif,1.701,4.82,0.92,1.741,370,520,108.435,1.377,1.211,0.826,0.929
23016,2U-U-Z1.tif,0.674,3.102,0.88,1.15,447,520,118.61,0.9,1.242,0.805,0.884
23017,2U-U-Z1.tif,3.486,10.245,0.417,3.57,589,538,17.969,1.733,2.723,0.367,0.733
23018,2U-U-Z1.tif,2.392,10.213,0.288,3.699,222,528,150.255,1.594,2.785,0.359,0.589
23019,2U-U-Z1.tif,0.64,3.567,0.632,1.336,656,538,74.055,0.734,1.812,0.552,0.804
23020,2U-U-Z1.tif,1.726,5.197,0.803,1.91,665,542,54.782,1.324,1.275,0.784,0.917
23021,2U-U-Z1.tif,0.64,3.124,0.824,1.15,730,527,151.39,0.891,1.256,0.796,0.864
23022,2U-U-Z1.tif,3.276,8.463,0.575,3.295,403,530,167.125,1.509,2.5,0.4,0.848
23023,2U-U-Z1.tif,0.766,5.111,0.369,2.16,191,533,12.265,0.718,3.849,0.26,0.639
23024,2U-U-Z1.tif,0.648,3.285,0.755,1.231,269,539,26.565,0.826,1.493,0.67,0.86
23025,2U-U-Z1.tif,2.248,7.837,0.46,2.22,556,534,119.745,1.973,1.221,0.819,0.719
23026,2U-U-Z1.tif,0.514,2.627,0.935,1.026,397,535,116.565,0.739,1.423,0.703,0.891
23027,2U-U-Z1.tif,1.962,7.166,0.48,2.438,537,560,70.201,1.621,1.574,0.635,0.729
23028,2U-U-Z1.tif,1.44,4.355,0.954,1.538,631,535,107.354,1.193,1.21,0.826,0.947
23029,2U-U-Z1.tif,5.878,10.84,0.629,4.025,500,537,136.848,2.25,1.772,0.564,0.892
23030,2U-U-Z1.tif,1.356,4.301,0.921,1.494,442,552,42.51,1.285,1.083,0.923,0.92
23031,2U-U-Z1.tif,1.996,5.738,0.762,2.22,480,543,119.745,1.328,1.672,0.598,0.886
23032,2U-U-Z1.tif,0.606,3.07,0.808,1.161,647,543,108.435,0.826,1.401,0.714,0.862
23033,2U-U-Z1.tif,0.598,2.864,0.916,1.12,290,561,55.008,0.814,1.43,0.699,0.899
23034,2U-U-Z1.tif,0.547,4.019,0.426,1.803,184,558,14.744,0.444,4.737,0.211,0.778
23035,2U-U-Z1.tif,1.221,4.095,0.915,1.527,319,568,57.265,1.177,1.26,0.794,0.935
23036,2U-U-Z1.tif,1.533,4.874,0.811,1.731,601,570,57.995,1.343,1.156,0.865,0.897
23037,2U-U-Z1.tif,1.373,6.118,0.461,2.113,343,575,55.62,1.14,1.97,0.508,0.774
23038,2U-U-Z1.tif,1.07,3.836,0.913,1.377,575,558,126.87,1.009,1.29,0.775,0.941
23039,2U-U-Z1.tif,0.867,3.361,0.965,1.197,630,556,122.471,1.009,1.086,0.921,0.92
23040,2U-U-Z1.tif,3.183,11.444,0.305,3.506,553,563,132.879,1.774,2.561,0.39,0.671
23041,2U-U-Z1.tif,1.912,7.685,0.407,2.14,442,583,59.036,1.611,1.432,0.698,0.758
23042,2U-U-Z1.tif,1.213,4.225,0.854,1.692,467,565,139.399,1.156,1.434,0.697,0.914
23043,2U-U-Z1.tif,0.539,3.178,0.671,1.275,768,582,59.744,0.698,1.989,0.503,0.766
23044,2U-U-Z1.tif,3.646,10.527,0.414,3.506,352,579,173.991,2.188,1.398,0.715,0.661
23045,2U-U-Z1.tif,0.598,3.643,0.566,1.161,316,572,108.435,0.865,1.368,0.731,0.743
23046,2U-U-Z1.tif,1.137,7.175,0.278,3.051,180,580,6.911,0.747,5.503,0.182,0.646
23047,2U-U-Z1.tif,1.078,4.377,0.707,1.579,645,576,144.462,1.193,1.201,0.832,0.831
23048,2U-U-Z1.tif,0.707,3.178,0.88,1.15,336,589,61.39,0.918,1.226,0.816,0.884
23049,2U-U-Z1.tif,0.994,4.744,0.555,1.707,633,578,126.254,1.082,1.849,0.541,0.759
23050,2U-U-Z1.tif,1.297,4.561,0.784,1.654,398,593,56.31,1.248,1.318,0.759,0.87
23051,2U-U-Z1.tif,0.556,3.231,0.669,1.336,280,583,164.055,0.642,2.171,0.461,0.857
23052,2U-U-Z1.tif,2.316,9.121,0.35,3.889,456,585,160.71,1.169,4.359,0.229,0.694
23053,2U-U-Z1.tif,0.514,2.659,0.913,1.046,349,595,74.745,0.642,1.436,0.697,0.904
23054,2U-U-Z1.tif,1.954,7.067,0.492,2.52,504,590,10.491,1.358,1.826,0.548,0.784
23055,2U-U-Z1.tif,0.665,4.073,0.504,1.782,260,585,168.111,0.535,3.97,0.252,0.802
23056,2U-U-Z1.tif,0.775,3.415,0.835,1.314,667,585,102.095,0.826,1.607,0.622,0.898
23057,2U-U-Z1.tif,0.808,3.361,0.899,1.275,428,587,120.256,0.903,1.428,0.7,0.906
23058,2U-U-Z1.tif,2.248,7.349,0.523,2.525,321,592,109.093,1.477,1.893,0.528,0.819
23059,2U-U-Z1.tif,3.798,7.349,0.884,2.61,630,620,79.875,2.019,1.255,0.797,0.943
23060,2U-U-Z1.tif,1.221,4.064,0.929,1.451,539,610,71.565,1.193,1.2,0.833,0.918
23061,2U-U-Z1.tif,2.627,7.295,0.62,2.409,456,621,72.255,1.625,1.455,0.688,0.878
23062,2U-U-Z1.tif,0.842,3.361,0.937,1.197,398,609,57.529,1.009,1.123,0.89,0.913
23063,2U-U-Z1.tif,0.699,4.095,0.524,1.808,197,599,156.038,0.589,3.55,0.282,0.806
23064,2U-U-Z1.tif,0.606,2.864,0.929,1.12,523,602,124.992,0.821,1.427,0.701,0.906
23065,2U-U-Z1.tif,1.044,3.804,0.907,1.401,562,602,121.608,1.061,1.344,0.744,0.912
23066,2U-U-Z1.tif,2.375,8.365,0.426,2.898,657,632,79.046,1.364,2.487,0.402,0.718
23067,2U-U-Z1.tif,2.299,6.279,0.733,2.311,755,601,96.843,1.483,1.75,0.571,0.874
23068,2U-U-Z1.tif,0.724,3.231,0.872,1.248,720,617,53.973,0.826,1.589,0.63,0.896
23069,2U-U-Z1.tif,0.783,3.307,0.9,1.224,380,606,102.995,0.918,1.288,0.776,0.89
23070,2U-U-Z1.tif,0.648,4.279,0.445,1.892,247,614,14.036,0.601,3.733,0.268,0.778
23071,2U-U-Z1.tif,2.611,6.57,0.76,2.52,406,636,79.509,1.56,1.537,0.651,0.89
23072,2U-U-Z1.tif,0.994,3.751,0.888,1.483,645,624,68.199,0.985,1.531,0.653,0.918
23073,2U-U-Z1.tif,1.154,6.096,0.39,1.808,419,612,156.038,1.226,1.498,0.668,0.665
23074,2U-U-Z1.tif,1.12,6.333,0.351,2.34,476,629,48.18,1.186,2.12,0.472,0.588
23075,2U-U-Z1.tif,1.785,6.051,0.613,2.34,341,634,64.44,1.121,2.284,0.438,0.85
23076,2U-U-Z1.tif,1.979,5.21,0.916,1.81,509,629,59.534,1.537,1.17,0.854,0.927
23077,2U-U-Z1.tif,1.036,3.827,0.889,1.364,574,618,160.346,1.168,1.106,0.905,0.898
23078,2U-U-Z1.tif,0.615,4.042,0.473,1.654,191,627,19.44,0.63,3.241,0.309,0.749
23079,2U-U-Z1.tif,0.943,3.652,0.889,1.364,600,620,109.654,0.918,1.474,0.679,0.922
23080,2U-U-Z1.tif,0.749,4.064,0.57,1.494,393,621,100.62,0.826,2.048,0.488,0.802
23081,2U-U-Z1.tif,1.12,5.523,0.461,1.845,384,642,84.289,1.16,1.695,0.59,0.695
23082,2U-U-Z1.tif,3.529,10.169,0.429,3.295,550,622,102.875,1.626,2.39,0.418,0.814
23083,2U-U-Z1.tif,0.901,3.545,0.901,1.404,610,638,78.69,0.826,1.629,0.614,0.922
23084,2U-U-Z1.tif,2.257,5.684,0.878,2.16,358,624,102.265,1.377,1.518,0.659,0.939
23085,2U-U-Z1.tif,2.046,5.393,0.884,1.916,525,645,73.301,1.468,1.306,0.766,0.931
23086,2U-U-Z1.tif,2.021,7.631,0.436,2.25,703,630,168.232,1.673,1.407,0.711,0.72
23087,2U-U-Z1.tif,0.918,3.88,0.766,1.563,447,626,130.236,0.908,1.737,0.576,0.865
23088,2U-U-Z1.tif,1.204,4.323,0.81,1.687,480,637,22.38,1.069,1.689,0.592,0.869
23089,2U-U-Z1.tif,1.474,4.843,0.79,1.675,674,644,80.538,1.358,1.186,0.843,0.854
23090,2U-U-Z1.tif,1.667,5.469,0.701,2.27,281,653,75.964,1.285,1.812,0.552,0.874
23091,2U-U-Z1.tif,1.23,4.972,0.625,1.856,308,637,8.531,1.142,1.564,0.639,0.762
23092,2U-U-Z1.tif,1.87,6.776,0.512,2.004,420,642,15.945,1.468,1.478,0.677,0.812
23093,2U-U-Z1.tif,4.278,12.698,0.333,3.039,572,638,118.887,2.35,1.354,0.738,0.763
23094,2U-U-Z1.tif,1.844,9.869,0.238,3.083,720,665,53.471,1.786,2.417,0.414,0.538
23095,2U-U-Z1.tif,0.876,5.881,0.318,2.24,252,654,34.992,0.84,3.717,0.269,0.627
23096,2U-U-Z1.tif,1.263,4.279,0.867,1.654,414,645,123.69,1.161,1.324,0.755,0.923
23097,2U-U-Z1.tif,1.659,8.406,0.295,3.598,147,648,174.144,0.856,5.573,0.179,0.651
23098,2U-U-Z1.tif,1.07,3.804,0.929,1.401,510,647,121.608,1.103,1.293,0.774,0.924
23099,2U-U-Z1.tif,1.373,4.377,0.9,1.675,707,647,99.462,1.101,1.458,0.686,0.926
23100,2U-U-Z1.tif,1.903,10.289,0.226,2.774,470,651,145.784,1.595,1.874,0.533,0.679
23101,2U-U-Z1.tif,0.581,3.589,0.567,1.687,193,653,135,0.584,3.522,0.284,0.807
23102,2U-U-Z1.tif,0.775,4.637,0.453,1.782,207,657,145.491,0.881,2.554,0.391,0.702
23103,2U-U-Z1.tif,1.533,4.767,0.848,1.579,682,670,35.538,1.414,1.083,0.924,0.892
23104,2U-U-Z1.tif,0.851,5.921,0.305,2.3,385,660,151.39,0.921,3.408,0.293,0.534
23105,2U-U-Z1.tif,2.409,8.343,0.435,2.525,632,662,109.093,1.48,1.863,0.537,0.801
23106,2U-U-Z1.tif,4.076,15.423,0.215,4.098,513,699,55.954,3.037,1.383,0.723,0.54
23107,2U-U-Z1.tif,0.968,6.15,0.322,2.22,358,667,7.125,0.949,2.765,0.362,0.56
23108,2U-U-Z1.tif,0.91,3.675,0.846,1.404,326,681,78.69,0.9,1.602,0.624,0.893
23109,2U-U-Z1.tif,0.648,4.042,0.499,1.782,413,669,168.111,0.568,3.802,0.263,0.759
23110,2U-U-Z1.tif,1.078,3.804,0.936,1.404,657,669,101.31,1.009,1.333,0.75,0.921
23111,2U-U-Z1.tif,1.44,4.485,0.9,1.56,720,676,118.072,1.252,1.216,0.822,0.917
23112,2U-U-Z1.tif,0.842,3.361,0.937,1.248,294,677,107.103,0.918,1.309,0.764,0.922
23113,2U-U-Z1.tif,5.137,12.549,0.41,4.378,580,718,56.976,2.044,2.083,0.48,0.765
23114,2U-U-Z1.tif,2.493,5.998,0.871,2.233,573,703,80.538,1.468,1.429,0.7,0.94
23115,2U-U-Z1.tif,1.71,5.004,0.858,1.929,543,700,64.654,1.285,1.471,0.68,0.931
23116,2U-U-Z1.tif,4.564,14.426,0.276,4.877,309,705,19.799,2.294,2.283,0.438,0.605
23117,2U-U-Z1.tif,1.676,5.263,0.76,1.981,402,706,76.608,1.377,1.335,0.749,0.882
23118,2U-U-Z1.tif,0.505,2.551,0.976,0.993,450,685,123.69,0.779,1.276,0.784,0.902
23119,2U-U-Z1.tif,1.322,5.317,0.588,2.15,478,689,140.194,1.138,1.996,0.501,0.799
23120,2U-U-Z1.tif,2.922,6.311,0.922,2.189,467,695,123.024,1.825,1.193,0.838,0.943
23121,2U-U-Z1.tif,0.674,3.491,0.695,1.248,621,695,143.973,0.862,1.629,0.614,0.78
23122,2U-U-Z1.tif,0.724,4.624,0.426,2.07,172,701,12.804,0.53,4.848,0.206,0.8
23123,2U-U-Z1.tif,1.541,7.166,0.377,2.471,533,697,121.329,1.352,2.23,0.449,0.677
23124,2U-U-Z1.tif,1.39,4.843,0.745,1.603,689,702,103.241,1.285,1.27,0.787,0.864
23125,2U-U-Z1.tif,0.876,3.934,0.711,1.248,389,716,53.973,1.101,1.082,0.925,0.849
23126,2U-U-Z1.tif,0.556,2.788,0.898,1.046,348,714,15.255,0.734,1.346,0.743,0.91
23127,2U-U-Z1.tif,0.564,2.842,0.878,1.074,507,720,70.017,0.734,1.414,0.707,0.899
23128,2U-U-Z1.tif,1.086,5.263,0.493,1.724,617,721,25.201,1.151,1.689,0.592,0.681
23129,2U-U-Z2.tif,0.547,2.891,0.822,1.042,964,3,124.216,0.731,1.459,0.685,0.937
23130,2U-U-Z2.tif,0.363,4.013,0.283,1.232,632,4,162.072,0.597,2.465,0.406,0.678
23131,2U-U-Z2.tif,0.504,3.972,0.402,1.697,690,52,52.431,0.537,2.963,0.337,0.784
23132,2U-U-Z2.tif,0.212,2.351,0.481,1.037,373,30,21.448,0.338,3.341,0.299,0.836
23133,2U-U-Z2.tif,0.665,4.082,0.501,1.418,725,67,71.565,0.737,1.819,0.55,0.871
23134,2U-U-Z2.tif,0.533,3.407,0.577,1.243,761,61,56.31,0.714,1.808,0.553,0.849
23135,2U-U-Z2.tif,0.791,3.448,0.836,1.272,390,60,57.171,0.878,1.486,0.673,0.943
23136,2U-U-Z2.tif,1.715,7.157,0.421,2.037,448,30,92.911,1.285,1.792,0.558,0.803
23137,2U-U-Z2.tif,0.202,2.689,0.351,0.954,946,58,77.471,0.446,2.199,0.455,0.697
23138,2U-U-Z2.tif,1.798,9.337,0.259,2.106,791,35,92.816,1.566,1.311,0.763,0.746
23139,2U-U-Z2.tif,0.623,2.977,0.884,1.037,566,66,68.552,0.839,1.238,0.808,0.942
23140,2U-U-Z2.tif,0.698,4.398,0.453,1.296,524,72,61.39,0.951,1.224,0.817,0.802
23141,2U-U-Z2.tif,4.384,11.043,0.452,3.394,584,125,47.883,2.147,1.5,0.667,0.814
23142,2U-U-Z2.tif,0.323,3.058,0.435,1.098,841,55,133.727,0.686,1.527,0.655,0.706
23143,2U-U-Z2.tif,2.088,9.023,0.322,2.241,36,62,112.62,1.528,1.488,0.672,0.771
23144,2U-U-Z2.tif,0.232,1.949,0.767,0.72,915,68,16.699,0.46,1.602,0.624,0.897
23145,2U-U-Z2.tif,0.227,2.839,0.354,0.934,671,87,4.236,0.448,2.233,0.448,0.746
23146,2U-U-Z2.tif,0.327,4.11,0.243,1.283,643,109,53.746,0.654,2.534,0.395,0.52
23147,2U-U-Z2.tif,0.683,5.267,0.309,1.527,399,133,71.565,0.751,1.939,0.516,0.761
23148,2U-U-Z2.tif,0.276,1.966,0.897,0.693,864,91,95.711,0.57,1.179,0.848,0.915
23149,2U-U-Z2.tif,0.815,5.15,0.386,1.57,101,117,19.231,0.979,1.462,0.684,0.737
23150,2U-U-Z2.tif,0.391,2.851,0.605,0.947,362,119,56.889,0.724,1.205,0.83,0.814
23151,2U-U-Z2.tif,0.649,3.659,0.609,1.39,730,112,7.125,0.772,1.981,0.505,0.843
23152,2U-U-Z2.tif,1.434,6.976,0.37,2.111,292,105,175.314,1.458,1.375,0.727,0.698
23153,2U-U-Z2.tif,0.215,2.38,0.478,0.928,782,120,31.329,0.381,2.568,0.389,0.794
23154,2U-U-Z2.tif,0.99,4.028,0.767,1.434,203,152,80.311,0.886,1.642,0.609,0.936
23155,2U-U-Z2.tif,0.331,4.004,0.259,1.387,858,144,55.125,0.837,1.732,0.577,0.476
23156,2U-U-Z2.tif,1.107,4.093,0.83,1.434,828,154,80.311,1.045,1.336,0.749,0.938
23157,2U-U-Z2.tif,0.805,4.918,0.418,1.246,228,120,131.634,1.106,1.233,0.811,0.751
23158,2U-U-Z2.tif,0.388,2.741,0.648,0.993,132,143,69.677,0.632,1.563,0.64,0.872
23159,2U-U-Z2.tif,2.04,7.018,0.521,2.101,440,173,66.801,1.587,1.321,0.757,0.839
23160,2U-U-Z2.tif,0.291,2.851,0.45,1.142,484,126,118.887,0.466,2.298,0.435,0.799
23161,2U-U-Z2.tif,1.478,5.706,0.57,1.748,544,174,67.989,1.228,1.468,0.681,0.887
23162,2U-U-Z2.tif,0.285,2.656,0.509,0.879,959,154,78.69,0.547,1.615,0.619,0.773
23163,2U-U-Z2.tif,0.377,2.733,0.634,1.071,798,131,104.931,0.544,2.152,0.465,0.859
23164,2U-U-Z2.tif,0.554,5.621,0.22,1.444,13,137,139.844,1.133,1.286,0.778,0.492
23165,2U-U-Z2.tif,0.571,5.442,0.242,1.332,275,137,100.437,0.96,1.601,0.625,0.56
23166,2U-U-Z2.tif,0.249,3.554,0.247,1.037,657,170,86.186,0.567,2.049,0.488,0.593
23167,2U-U-Z2.tif,0.574,3.825,0.493,1.657,475,189,77.989,0.53,3.246,0.308,0.871
23168,2U-U-Z2.tif,1.212,4.186,0.869,1.428,737,175,37.147,1.11,1.248,0.801,0.96
23169,2U-U-Z2.tif,0.723,3.692,0.667,1.357,600,150,117.216,0.872,1.604,0.623,0.882
23170,2U-U-Z2.tif,0.451,2.558,0.865,0.941,379,151,118.443,0.642,1.474,0.679,0.937
23171,2U-U-Z2.tif,0.767,3.488,0.792,1.249,237,186,62.021,0.894,1.342,0.745,0.928
23172,2U-U-Z2.tif,1.729,5.474,0.725,1.748,345,160,112.011,1.439,1.216,0.823,0.926
23173,2U-U-Z2.tif,0.883,7.318,0.207,2.298,920,195,25.796,0.898,3.388,0.295,0.501
23174,2U-U-Z2.tif,1.382,4.665,0.798,1.574,184,169,118.811,1.202,1.324,0.755,0.936
23175,2U-U-Z2.tif,1.145,7.164,0.28,1.576,583,169,100.081,1.218,1.289,0.776,0.755
23176,2U-U-Z2.tif,0.247,2.201,0.641,0.711,143,176,129.094,0.581,1.089,0.918,0.811
23177,2U-U-Z2.tif,1.219,4.544,0.742,1.576,842,221,79.919,1.062,1.508,0.663,0.921
23178,2U-U-Z2.tif,0.713,5.084,0.347,1.992,763,212,23.459,0.607,4.121,0.243,0.702
23179,2U-U-Z2.tif,0.584,4.785,0.32,1.424,543,185,96.953,0.766,2.052,0.487,0.693
23180,2U-U-Z2.tif,0.975,3.882,0.813,1.434,245,225,62.819,0.927,1.569,0.637,0.946
23181,2U-U-Z2.tif,0.662,3.305,0.762,1.305,221,230,77.8,0.669,2.012,0.497,0.932
23182,2U-U-Z2.tif,0.41,2.534,0.803,0.962,1006,193,104.534,0.673,1.438,0.695,0.903
23183,2U-U-Z2.tif,1.202,5.494,0.5,1.542,726,243,79.695,1.027,1.553,0.644,0.899
23184,2U-U-Z2.tif,2.768,6.257,0.889,2.075,783,258,68.552,1.724,1.187,0.843,0.972
23185,2U-U-Z2.tif,1.229,4.126,0.908,1.422,105,203,104.036,1.138,1.22,0.819,0.962
23186,2U-U-Z2.tif,1.371,6.28,0.437,1.737,289,253,83.157,1.263,1.406,0.711,0.846
23187,2U-U-Z2.tif,0.738,3.772,0.652,1.304,163,205,127.476,0.829,1.615,0.619,0.895
23188,2U-U-Z2.tif,0.723,4.764,0.4,1.561,594,234,30.53,0.924,1.929,0.518,0.729
23189,2U-U-Z2.tif,0.252,2.311,0.593,0.788,561,220,156.801,0.529,1.487,0.672,0.822
23190,2U-U-Z2.tif,0.283,3.298,0.327,1.223,27,246,49.574,0.469,3.577,0.28,0.636
23191,2U-U-Z2.tif,0.271,3.806,0.235,1.033,129,251,64.29,0.55,2.187,0.457,0.579
23192,2U-U-Z2.tif,0.303,2.144,0.829,0.763,381,222,108.435,0.586,1.251,0.8,0.903
23193,2U-U-Z2.tif,0.319,2.348,0.727,0.805,448,229,170.134,0.6,1.4,0.714,0.876
23194,2U-U-Z2.tif,0.219,1.742,0.906,0.603,231,243,149.036,0.524,1.123,0.891,0.913
23195,2U-U-Z2.tif,1.622,5.531,0.666,1.949,315,295,76.701,1.39,1.359,0.736,0.888
23196,2U-U-Z2.tif,1.177,4.447,0.748,1.63,63,289,83.928,1.034,1.538,0.65,0.94
23197,2U-U-Z2.tif,0.264,2.25,0.655,0.744,658,254,13.392,0.55,1.434,0.698,0.839
23198,2U-U-Z2.tif,0.799,3.528,0.807,1.207,351,276,53.13,0.966,1.183,0.845,0.933
23199,2U-U-Z2.tif,0.253,2.689,0.44,1.171,635,244,132.614,0.337,4.188,0.239,0.78
23200,2U-U-Z2.tif,0.38,3.91,0.313,1.204,387,257,166.759,0.748,1.491,0.671,0.612
23201,2U-U-Z2.tif,1.023,6.149,0.34,1.81,452,262,130.365,1.062,1.712,0.584,0.717
23202,2U-U-Z2.tif,0.333,3.232,0.4,1.243,852,297,70.56,0.518,2.789,0.359,0.666
23203,2U-U-Z2.tif,0.522,3.525,0.528,1.047,899,293,72.759,0.828,1.356,0.738,0.828
23204,2U-U-Z2.tif,0.42,3.091,0.552,1.09,363,292,55.305,0.576,2.15,0.465,0.837
23205,2U-U-Z2.tif,0.511,2.839,0.797,1.029,82,298,76.43,0.677,1.494,0.669,0.917
23206,2U-U-Z2.tif,1.128,7.118,0.28,2.428,698,289,168.53,1.13,2.29,0.437,0.59
23207,2U-U-Z2.tif,0.754,3.821,0.649,1.269,667,308,42.797,0.998,1.108,0.902,0.857
23208,2U-U-Z2.tif,0.212,1.86,0.769,0.641,977,297,143.746,0.51,1.194,0.838,0.892
23209,2U-U-Z2.tif,2.203,5.843,0.811,1.89,179,351,75.203,1.483,1.261,0.793,0.964
23210,2U-U-Z2.tif,0.414,3.091,0.544,1.082,383,333,59.349,0.618,1.975,0.506,0.782
23211,2U-U-Z2.tif,0.341,2.778,0.556,1.071,789,325,33.179,0.541,2.227,0.449,0.803
23212,2U-U-Z2.tif,0.509,2.741,0.851,0.976,910,322,32.005,0.717,1.369,0.73,0.928
23213,2U-U-Z2.tif,0.705,3.33,0.799,1.272,296,310,167.471,0.825,1.505,0.664,0.921
23214,2U-U-Z2.tif,0.662,3.094,0.869,1.117,37,308,98.881,0.828,1.327,0.754,0.941
23215,2U-U-Z2.tif,0.675,3.932,0.549,1.4,530,312,127.999,0.775,1.861,0.537,0.835
23216,2U-U-Z2.tif,0.82,3.663,0.768,1.215,227,314,96.52,0.897,1.362,0.734,0.924
23217,2U-U-Z2.tif,0.51,2.977,0.723,1.082,619,315,120.651,0.759,1.401,0.714,0.895
23218,2U-U-Z2.tif,1.22,4.707,0.692,1.518,949,364,68.682,1.164,1.355,0.738,0.896
23219,2U-U-Z2.tif,0.578,4.09,0.434,1.366,558,361,42.955,0.687,2.136,0.468,0.799
23220,2U-U-Z2.tif,3.103,6.719,0.864,2.184,411,373,21.297,1.871,1.109,0.901,0.966
23221,2U-U-Z2.tif,3.567,8.752,0.585,2.901,308,360,161.996,1.914,1.429,0.7,0.895
23222,2U-U-Z2.tif,0.302,3.611,0.291,1.037,989,372,74.578,0.563,1.928,0.519,0.699
23223,2U-U-Z2.tif,1.942,6.872,0.517,1.788,272,345,109.134,1.515,1.149,0.871,0.905
23224,2U-U-Z2.tif,0.257,2.753,0.426,1.002,909,358,153.435,0.514,2.25,0.444,0.701
23225,2U-U-Z2.tif,1.775,8.025,0.346,2.108,110,422,86.248,1.465,1.419,0.705,0.83
23226,2U-U-Z2.tif,0.564,4.687,0.322,1.113,747,398,73.811,0.851,1.492,0.67,0.768
23227,2U-U-Z2.tif,0.936,4.346,0.623,1.364,972,413,73.856,1.104,1.279,0.782,0.859
23228,2U-U-Z2.tif,0.377,3.915,0.309,1.428,653,417,52.853,0.634,2.768,0.361,0.63
23229,2U-U-Z2.tif,0.357,3.416,0.384,1.189,690,389,163.142,0.561,2.133,0.469,0.701
23230,2U-U-Z2.tif,0.332,4.544,0.202,1.09,818,412,55.305,0.857,1.153,0.867,0.523
23231,2U-U-Z2.tif,0.439,4.13,0.323,1.607,604,409,22.714,0.596,3.673,0.272,0.645
23232,2U-U-Z2.tif,0.955,3.972,0.76,1.265,356,406,162.553,1.078,1.121,0.892,0.916
23233,2U-U-Z2.tif,1.328,4.358,0.879,1.518,541,397,111.318,1.207,1.237,0.808,0.961
23234,2U-U-Z2.tif,0.24,2.408,0.52,0.897,849,402,157.38,0.449,2.243,0.446,0.777
23235,2U-U-Z2.tif,0.225,1.937,0.752,0.737,1004,427,79.216,0.458,1.741,0.574,0.861
23236,2U-U-Z2.tif,1.17,4.796,0.639,1.426,323,420,147.848,1.237,1.189,0.841,0.866
23237,2U-U-Z2.tif,1.526,6.177,0.502,1.953,67,417,110.674,1.276,1.551,0.645,0.836
23238,2U-U-Z2.tif,4.346,11.598,0.406,2.955,441,433,138.311,2.263,1.3,0.769,0.848
23239,2U-U-Z2.tif,1.887,5.531,0.775,1.908,615,485,83.774,1.345,1.4,0.714,0.946
23240,2U-U-Z2.tif,0.404,2.469,0.833,0.911,979,436,150.524,0.668,1.302,0.768,0.929
23241,2U-U-Z2.tif,0.555,5.276,0.251,1.628,290,479,53.616,0.905,1.942,0.515,0.599
23242,2U-U-Z2.tif,0.366,4.601,0.217,1.156,404,452,162.646,0.771,1.709,0.585,0.507
23243,2U-U-Z2.tif,0.254,2.928,0.373,1.089,801,451,10.954,0.444,3.312,0.302,0.677
23244,2U-U-Z2.tif,1.508,4.78,0.829,1.6,257,489,82.569,1.241,1.269,0.788,0.949
23245,2U-U-Z2.tif,1.175,4.356,0.778,1.473,530,447,122.574,1,1.491,0.671,0.924
23246,2U-U-Z2.tif,0.618,5.284,0.278,1.206,726,485,30.964,0.956,1.414,0.707,0.662
23247,2U-U-Z2.tif,0.215,1.966,0.7,0.804,405,470,149.036,0.401,2.188,0.457,0.866
23248,2U-U-Z2.tif,0.681,6.51,0.202,1.506,56,522,74.055,1.064,1.485,0.673,0.552
23249,2U-U-Z2.tif,0.496,3.574,0.488,1.342,835,481,154.093,0.689,2.157,0.464,0.725
23250,2U-U-Z2.tif,0.509,2.908,0.756,1.051,155,488,138.991,0.69,1.561,0.641,0.887
23251,2U-U-Z2.tif,0.763,4.089,0.574,1.492,323,516,49.686,0.866,1.842,0.543,0.819
23252,2U-U-Z2.tif,0.307,2.896,0.46,1.157,688,495,169.695,0.466,3.011,0.332,0.747
23253,2U-U-Z2.tif,1.681,4.982,0.851,1.621,968,496,113.839,1.345,1.159,0.863,0.95
23254,2U-U-Z2.tif,2.068,5.52,0.853,1.908,140,495,96.226,1.588,1.2,0.833,0.953
23255,2U-U-Z2.tif,0.35,2.83,0.548,0.949,559,502,160.907,0.552,1.737,0.576,0.796
23256,2U-U-Z2.tif,2.017,6.291,0.64,1.805,359,502,96.582,1.519,1.251,0.799,0.913
23257,2U-U-Z2.tif,2.658,6.135,0.887,2.11,208,504,101.31,1.655,1.268,0.789,0.974
23258,2U-U-Z2.tif,0.51,2.761,0.841,1.014,297,507,107.819,0.673,1.518,0.659,0.927
23259,2U-U-Z2.tif,0.365,4.317,0.246,1.033,612,535,64.29,0.78,1.106,0.904,0.637
23260,2U-U-Z2.tif,0.554,3.273,0.65,1.243,103,521,109.44,0.668,1.918,0.521,0.896
23261,2U-U-Z2.tif,0.874,3.517,0.888,1.177,722,534,148.173,1.048,1.08,0.926,0.933
23262,2U-U-Z2.tif,0.717,4.26,0.496,1.142,464,556,64.983,0.972,1.076,0.929,0.855
23263,2U-U-Z2.tif,0.751,4.897,0.394,1.497,273,531,97.943,0.91,1.948,0.513,0.713
23264,2U-U-Z2.tif,1.659,5.067,0.812,1.78,915,576,58.465,1.318,1.334,0.749,0.941
23265,2U-U-Z2.tif,0.945,3.956,0.759,1.506,167,576,74.055,0.966,1.65,0.606,0.92
23266,2U-U-Z2.tif,0.721,3.33,0.817,1.143,423,537,95.194,0.897,1.2,0.833,0.922
23267,2U-U-Z2.tif,0.327,2.896,0.49,0.951,658,565,43.531,0.61,1.381,0.724,0.828
23268,2U-U-Z2.tif,0.614,4.025,0.476,1.322,683,546,105.124,0.724,1.979,0.505,0.816
23269,2U-U-Z2.tif,1.371,4.82,0.742,1.621,304,590,66.161,1.259,1.235,0.81,0.924
23270,2U-U-Z2.tif,1.987,6.952,0.517,2.084,126,556,106.336,1.381,1.47,0.68,0.897
23271,2U-U-Z2.tif,0.735,5.17,0.346,1.768,378,607,69.444,1.071,1.816,0.551,0.642
23272,2U-U-Z2.tif,0.711,5.308,0.317,1.467,885,600,66.448,0.838,1.581,0.633,0.736
23273,2U-U-Z2.tif,0.414,3.855,0.35,1.042,744,564,124.216,0.734,1.418,0.705,0.744
23274,2U-U-Z2.tif,0.568,5.04,0.281,1.089,50,566,100.954,0.862,1.182,0.846,0.764
23275,2U-U-Z2.tif,0.385,2.822,0.608,0.918,836,567,124.287,0.65,1.387,0.721,0.843
23276,2U-U-Z2.tif,0.623,3.221,0.755,1.083,239,570,99.162,0.852,1.315,0.761,0.895
23277,2U-U-Z2.tif,1.383,4.918,0.719,1.555,203,574,93.814,1.192,1.301,0.769,0.925
23278,2U-U-Z2.tif,1.004,4.057,0.766,1.527,533,616,71.565,0.901,1.685,0.594,0.934
23279,2U-U-Z2.tif,0.99,3.898,0.819,1.263,471,600,34.992,1.125,1.05,0.952,0.933
23280,2U-U-Z2.tif,0.227,2.953,0.327,0.905,940,594,40.365,0.549,1.786,0.56,0.65
23281,2U-U-Z2.tif,2.174,6.201,0.71,2.063,561,645,80.38,1.568,1.308,0.765,0.92
23282,2U-U-Z2.tif,0.7,3.7,0.643,1.249,342,593,117.979,0.82,1.754,0.57,0.84
23283,2U-U-Z2.tif,2.224,5.782,0.836,1.957,779,592,104.281,1.544,1.206,0.83,0.956
23284,2U-U-Z2.tif,2.32,7.963,0.46,2.228,36,593,111.801,1.724,1.059,0.944,0.828
23285,2U-U-Z2.tif,0.671,3.554,0.667,1.428,102,603,127.147,0.637,2.344,0.427,0.915
23286,2U-U-Z2.tif,0.244,2.534,0.477,0.911,279,619,29.476,0.524,1.54,0.649,0.772
23287,2U-U-Z2.tif,0.541,5.616,0.216,1.839,675,622,6.459,0.617,3.775,0.265,0.624
23288,2U-U-Z2.tif,0.314,3.932,0.255,1.096,299,625,167.276,0.646,1.983,0.504,0.635
23289,2U-U-Z2.tif,0.819,5.703,0.317,1.676,913,669,36.634,1.022,1.844,0.542,0.611
23290,2U-U-Z2.tif,0.927,6.697,0.26,1.792,684,644,149.982,1.228,1.549,0.645,0.688
23291,2U-U-Z2.tif,2.193,5.843,0.807,1.912,502,642,140.856,1.506,1.209,0.827,0.951
23292,2U-U-Z2.tif,0.435,4.716,0.246,1.313,413,652,13.671,0.651,1.931,0.518,0.636
23293,2U-U-Z2.tif,1.529,5.584,0.616,1.724,750,649,126.87,1.362,1.251,0.799,0.872
23294,2U-U-Z2.tif,0.794,3.419,0.854,1.304,255,683,52.524,0.853,1.553,0.644,0.952
23295,2U-U-Z2.tif,0.775,4.739,0.434,1.195,328,656,133.831,0.985,1.251,0.799,0.863
23296,2U-U-Z2.tif,0.304,3.712,0.278,1.058,366,680,19.026,0.76,1.409,0.71,0.524
23297,2U-U-Z2.tif,0.225,2.319,0.525,0.746,50,661,146.31,0.488,1.695,0.59,0.776
23298,2U-U-Z2.tif,0.295,2.294,0.704,0.775,474,678,57.724,0.637,1.187,0.843,0.844
23299,2U-U-Z2.tif,0.803,5.345,0.353,1.291,431,696,55.886,1.076,1.276,0.783,0.781
23300,2U-U-Z2.tif,0.256,2.497,0.515,0.962,312,665,104.534,0.442,2.488,0.402,0.829
23301,2U-U-Z2.tif,1.383,9.194,0.206,1.844,267,696,159.193,1.461,1.148,0.871,0.734
23302,2U-U-Z2.tif,0.521,3.33,0.59,1.037,961,702,68.552,0.72,1.525,0.656,0.888
23303,2U-U-Z2.tif,0.579,4.548,0.352,1.809,80,686,7.667,0.578,3.386,0.295,0.726
23304,2U-U-Z2.tif,1.225,8.296,0.224,2.673,573,720,30.203,1.195,2.799,0.357,0.494
23305,2U-U-Z2.tif,0.322,2.233,0.812,0.833,582,683,155.556,0.586,1.472,0.68,0.902
23306,2U-U-Z2.tif,0.542,3.866,0.456,1.223,892,689,130.426,0.809,1.798,0.556,0.692
23307,2U-U-Z2.tif,0.332,2.916,0.49,0.913,998,698,100.886,0.663,1.448,0.691,0.729
23308,2U-U-Z3.tif,0.21,2.91,0.312,1.051,793,43,136.577,0.34,4.189,0.239,0.719
23309,2U-U-Z3.tif,0.252,3.837,0.215,1.379,607,335,45.401,0.39,5.488,0.182,0.549
23310,2U-U-Z3.tif,0.227,3.461,0.238,1.094,844,327,35.87,0.493,2.758,0.363,0.535
23311,2U-U-Z3.tif,3.119,7.035,0.792,2.204,234,363,23.711,1.878,1.095,0.914,0.972
23312,2U-U-Z3.tif,0.282,3.901,0.233,1.147,937,340,25.346,0.414,3.188,0.314,0.705
23313,2U-U-Z3.tif,0.253,3.5,0.259,1.092,747,428,12.995,0.421,2.903,0.344,0.714
23314,2U-U-Z3.tif,0.257,2.343,0.589,0.839,952,432,7.472,0.464,1.835,0.545,0.899
23315,2U-U-Z3.tif,1.323,4.808,0.719,1.514,556,418,108.925,1.188,1.219,0.82,0.948
23316,2U-U-Z3.tif,1.098,6.825,0.296,1.435,3,520,8.746,1.265,1.225,0.816,0.778
23317,2U-U-Z3.tif,4.049,11.97,0.355,2.726,402,472,99.792,1.991,1.299,0.77,0.924
23318,2U-U-Z3.tif,1.795,8.267,0.33,1.864,742,638,78.608,1.428,1.339,0.747,0.908
23319,3D-C-Z1.tif,0.994,4.972,0.505,1.741,604,1,108.435,1.123,1.325,0.755,0.724
23320,3D-C-Z1.tif,0.556,2.811,0.884,1.07,626,2,120.964,0.821,1.322,0.756,0.88
23321,3D-C-Z1.tif,1.987,6.172,0.656,2.233,689,11,170.538,1.468,1.422,0.703,0.828
23322,3D-C-Z1.tif,1.381,4.333,0.925,1.603,641,20,66.371,1.101,1.366,0.732,0.953
23323,3D-C-Z1.tif,7.655,15.253,0.413,4.23,288,51,65.659,3.416,1.346,0.743,0.727
23324,3D-C-Z1.tif,1.406,6.02,0.488,2.148,486,31,70.017,0.941,2.54,0.394,0.835
23325,3D-C-Z1.tif,1.272,4.681,0.729,1.687,409,11,112.38,1.079,1.524,0.656,0.821
23326,3D-C-Z1.tif,1.145,5.286,0.515,1.685,325,32,29.358,1.267,1.325,0.755,0.777
23327,3D-C-Z1.tif,2.19,8.182,0.411,2.316,607,35,33.69,1.832,1.194,0.837,0.718
23328,3D-C-Z1.tif,1.246,4.583,0.746,1.56,724,27,28.072,1.298,1.033,0.968,0.841
23329,3D-C-Z1.tif,3.091,10.723,0.338,3.643,548,23,139.086,1.491,2.473,0.404,0.692
23330,3D-C-Z1.tif,1.423,8.799,0.231,3,235,23,113.429,0.979,3.99,0.251,0.621
23331,3D-C-Z1.tif,0.977,4.776,0.538,2.07,129,27,102.804,0.69,3.311,0.302,0.875
23332,3D-C-Z1.tif,0.623,2.864,0.954,0.993,667,28,123.69,0.913,1.076,0.929,0.892
23333,3D-C-Z1.tif,1.465,6.937,0.383,2.612,843,56,71.565,1.009,2.752,0.363,0.773
23334,3D-C-Z1.tif,0.918,3.675,0.854,1.336,534,31,105.945,1.002,1.315,0.76,0.89
23335,3D-C-Z1.tif,1.103,4.691,0.63,1.772,337,33,111.251,0.918,1.963,0.509,0.84
23336,3D-C-Z1.tif,0.581,3.491,0.599,1.248,482,34,143.973,0.782,2.081,0.48,0.715
23337,3D-C-Z1.tif,0.716,3.599,0.695,1.494,582,35,100.62,0.734,1.985,0.504,0.863
23338,3D-C-Z1.tif,4.27,10.536,0.483,3.463,496,71,57.995,1.998,2.031,0.492,0.82
23339,3D-C-Z1.tif,0.884,3.697,0.813,1.355,318,52,61.699,0.918,1.339,0.747,0.913
23340,3D-C-Z1.tif,1.558,5.349,0.684,1.985,303,42,123.69,1.285,1.516,0.66,0.873
23341,3D-C-Z1.tif,0.817,5.08,0.398,1.707,591,58,53.746,1.038,1.752,0.571,0.678
23342,3D-C-Z1.tif,3.04,7.931,0.607,3.168,532,80,79.992,1.558,2.035,0.491,0.839
23343,3D-C-Z1.tif,0.564,3.155,0.712,1.278,366,62,68.962,0.734,1.657,0.604,0.854
23344,3D-C-Z1.tif,0.985,6.051,0.338,2.596,798,78,81.87,0.642,4.765,0.21,0.75
23345,3D-C-Z1.tif,1.71,6.172,0.564,2.16,328,78,77.735,1.377,2.062,0.485,0.752
23346,3D-C-Z1.tif,1.011,3.912,0.83,1.401,483,69,58.392,1.009,1.315,0.761,0.906
23347,3D-C-Z1.tif,1.768,6.669,0.5,2.381,614,56,117.553,1.363,1.717,0.583,0.781
23348,3D-C-Z1.tif,2.03,9.336,0.293,4.179,114,57,109.231,0.836,5.768,0.173,0.755
23349,3D-C-Z1.tif,1.836,9.578,0.251,2.767,551,61,174.289,1.626,2.082,0.48,0.575
23350,3D-C-Z1.tif,0.581,3.178,0.723,1.175,259,59,128.66,0.881,1.52,0.658,0.821
23351,3D-C-Z1.tif,1.07,4.108,0.796,1.425,381,60,104.931,1.19,1.116,0.896,0.852
23352,3D-C-Z1.tif,1.583,5.944,0.563,2.506,275,62,113.749,1.075,2.865,0.349,0.834
23353,3D-C-Z1.tif,0.674,3.728,0.609,1.527,842,76,57.265,0.801,1.795,0.557,0.812
23354,3D-C-Z1.tif,7.739,20.212,0.238,6.638,638,63,95.553,2.318,3.878,0.258,0.583
23355,3D-C-Z1.tif,0.505,2.994,0.708,1.046,545,75,74.745,0.862,1.136,0.88,0.779
23356,3D-C-Z1.tif,0.547,2.94,0.796,1.026,602,80,26.565,0.918,1.085,0.922,0.855
23357,3D-C-Z1.tif,1.415,6.53,0.417,2.612,730,70,108.435,1.056,3.177,0.315,0.724
23358,3D-C-Z1.tif,0.842,3.415,0.907,1.248,586,72,126.027,0.979,1.279,0.782,0.909
23359,3D-C-Z1.tif,1.288,6.861,0.344,2.849,270,76,104.931,0.89,4.153,0.241,0.723
23360,3D-C-Z1.tif,1.491,7.34,0.348,1.782,541,90,34.509,1.491,1.283,0.779,0.73
23361,3D-C-Z1.tif,3.31,10.495,0.378,2.938,475,88,165.53,1.927,1.555,0.643,0.738
23362,3D-C-Z1.tif,0.842,3.46,0.884,1.15,348,87,151.39,1.101,1.037,0.964,0.885
23363,3D-C-Z1.tif,1.179,4.355,0.781,1.603,560,102,66.371,1.193,1.233,0.811,0.886
23364,3D-C-Z1.tif,0.96,3.988,0.759,1.494,392,102,47.49,1.009,1.547,0.647,0.894
23365,3D-C-Z1.tif,0.783,4.767,0.433,1.892,407,88,104.036,0.918,2.436,0.41,0.65
23366,3D-C-Z1.tif,2.392,7.457,0.541,2.551,583,90,142.306,1.595,1.936,0.516,0.782
23367,3D-C-Z1.tif,0.665,3.307,0.764,1.278,656,105,68.962,0.725,1.968,0.508,0.836
23368,3D-C-Z1.tif,1.07,4.355,0.709,1.731,678,92,122.005,1.015,1.781,0.561,0.847
23369,3D-C-Z1.tif,0.758,4.637,0.443,1.538,490,114,72.646,0.862,2.007,0.498,0.738
23370,3D-C-Z1.tif,2.316,10.321,0.273,3.224,214,119,4.899,1.794,2.587,0.386,0.561
23371,3D-C-Z1.tif,0.876,3.469,0.915,1.364,627,101,109.654,0.826,1.576,0.634,0.941
23372,3D-C-Z1.tif,0.514,2.681,0.898,1.07,418,102,120.964,0.713,1.616,0.619,0.891
23373,3D-C-Z1.tif,0.598,2.918,0.882,1.193,666,103,112.62,0.734,1.709,0.585,0.91
23374,3D-C-Z1.tif,1.583,5.134,0.755,1.741,413,110,108.435,1.433,1.025,0.975,0.885
23375,3D-C-Z1.tif,1.011,4.552,0.613,1.451,359,123,18.435,1.168,1.142,0.876,0.795
23376,3D-C-Z1.tif,0.918,3.513,0.935,1.248,441,116,107.103,1.094,1.129,0.885,0.901
23377,3D-C-Z1.tif,0.792,3.804,0.687,1.364,681,128,42.274,1.009,1.184,0.844,0.821
23378,3D-C-Z1.tif,2.383,7.577,0.522,2.675,574,136,22.166,1.629,1.768,0.566,0.759
23379,3D-C-Z1.tif,1.541,5.675,0.601,2.3,610,121,118.61,1.233,2.002,0.499,0.79
23380,3D-C-Z1.tif,0.741,3.307,0.851,1.278,347,122,111.038,0.826,1.606,0.623,0.907
23381,3D-C-Z1.tif,0.758,4.713,0.429,1.892,377,122,104.036,0.773,2.775,0.36,0.726
23382,3D-C-Z1.tif,0.977,3.697,0.898,1.314,542,139,65.225,1.054,1.249,0.801,0.899
23383,3D-C-Z1.tif,1.221,5.035,0.605,2.052,128,128,169.695,0.918,2.652,0.377,0.845
23384,3D-C-Z1.tif,2.931,7.255,0.7,2.302,647,137,175.426,1.983,1.095,0.914,0.852
23385,3D-C-Z1.tif,1.011,5.058,0.496,2.257,100,128,153.435,0.784,3.066,0.326,0.822
23386,3D-C-Z1.tif,5.659,11.359,0.551,3.186,391,157,41.496,2.768,1.061,0.943,0.85
23387,3D-C-Z1.tif,1.39,4.713,0.786,1.714,299,138,164.476,1.326,1.26,0.794,0.875
23388,3D-C-Z1.tif,5.785,14.04,0.369,3.86,423,146,161.996,2.372,1.977,0.506,0.751
23389,3D-C-Z1.tif,0.573,2.94,0.832,1.175,590,144,51.34,0.714,1.712,0.584,0.872
23390,3D-C-Z1.tif,0.985,3.827,0.846,1.323,493,148,56.31,1.103,1.154,0.866,0.886
23391,3D-C-Z1.tif,0.657,4.377,0.431,1.763,766,153,38.66,0.814,2.818,0.355,0.632
23392,3D-C-Z1.tif,0.606,3.728,0.548,1.451,321,142,124.695,0.821,1.711,0.585,0.727
23393,3D-C-Z1.tif,0.783,3.254,0.93,1.197,528,143,122.471,0.944,1.233,0.811,0.899
23394,3D-C-Z1.tif,0.851,3.361,0.946,1.278,566,142,111.038,0.918,1.365,0.733,0.927
23395,3D-C-Z1.tif,0.564,3.858,0.476,1.626,783,159,73.61,0.551,3.637,0.275,0.802
23396,3D-C-Z1.tif,0.977,5.792,0.366,2.34,265,169,78.69,0.771,4.255,0.235,0.65
23397,3D-C-Z1.tif,0.657,4.475,0.412,1.687,295,144,112.38,0.758,2.607,0.384,0.664
23398,3D-C-Z1.tif,0.817,3.589,0.797,1.389,672,145,97.595,0.9,1.584,0.631,0.862
23399,3D-C-Z1.tif,1.507,6.279,0.48,2.52,336,147,146.889,1.026,2.809,0.356,0.787
23400,3D-C-Z1.tif,1.086,5.048,0.536,1.91,695,149,144.782,1.012,2.267,0.441,0.744
23401,3D-C-Z1.tif,5.171,14.287,0.318,4.5,364,196,69.717,1.846,2.57,0.389,0.727
23402,3D-C-Z1.tif,1.128,4.431,0.722,1.519,476,167,64.983,1.193,1.2,0.834,0.859
23403,3D-C-Z1.tif,10.88,19.518,0.359,5.934,579,214,58.276,3.432,2.119,0.472,0.698
23404,3D-C-Z1.tif,1.171,4.475,0.734,1.519,388,160,115.017,1.233,1.237,0.808,0.863
23405,3D-C-Z1.tif,4.8,11.995,0.419,3.201,281,164,117.3,2.733,1.16,0.862,0.747
23406,3D-C-Z1.tif,4.977,13.575,0.339,4.608,306,166,134.193,2.011,2.569,0.389,0.679
23407,3D-C-Z1.tif,1.086,4.194,0.776,1.654,480,177,56.31,0.989,1.786,0.56,0.89
23408,3D-C-Z1.tif,3.183,8.647,0.535,2.902,509,164,145.305,1.68,1.923,0.52,0.817
23409,3D-C-Z1.tif,1.827,7.219,0.441,2.24,570,183,55.008,1.567,1.743,0.574,0.688
23410,3D-C-Z1.tif,0.691,4.883,0.364,2.22,223,169,7.125,0.459,5.603,0.178,0.82
23411,3D-C-Z1.tif,1.895,8.356,0.341,2.15,545,171,140.194,1.591,1.343,0.744,0.728
23412,3D-C-Z1.tif,0.834,3.63,0.795,1.304,648,168,129.289,0.918,1.244,0.804,0.896
23413,3D-C-Z1.tif,0.505,2.788,0.817,1.193,199,169,112.62,0.638,1.941,0.515,0.896
23414,3D-C-Z1.tif,1.263,4.713,0.715,1.782,464,169,101.889,1.101,1.798,0.556,0.855
23415,3D-C-Z1.tif,0.876,5.156,0.414,1.772,698,177,21.251,0.987,2.14,0.467,0.705
23416,3D-C-Z1.tif,3.722,11.283,0.367,3.817,402,211,80.311,1.628,2.744,0.364,0.742
23417,3D-C-Z1.tif,2.484,9.372,0.355,2.809,425,172,141.633,1.872,1.308,0.765,0.733
23418,3D-C-Z1.tif,1.592,6.257,0.511,2.013,627,189,43.152,1.476,1.517,0.659,0.796
23419,3D-C-Z1.tif,0.926,4.247,0.645,1.81,416,174,120.466,0.852,2.405,0.416,0.853
23420,3D-C-Z1.tif,1.221,5.134,0.582,1.962,896,199,79.216,0.886,2.55,0.392,0.819
23421,3D-C-Z1.tif,1.128,4.538,0.688,1.605,476,195,59.036,1.009,1.42,0.704,0.879
23422,3D-C-Z1.tif,2.577,8.938,0.405,2.393,492,204,57.529,1.946,1.429,0.7,0.707
23423,3D-C-Z1.tif,0.825,5.921,0.296,2.206,743,206,73.072,1.018,2.674,0.374,0.525
23424,3D-C-Z1.tif,0.539,3.697,0.496,1.401,567,199,58.392,0.779,2.072,0.483,0.723
23425,3D-C-Z1.tif,3.68,11.001,0.382,3.247,520,218,42.709,2.055,1.878,0.532,0.722
23426,3D-C-Z1.tif,1.667,5.469,0.701,2.24,655,192,124.992,1.151,2.07,0.483,0.859
23427,3D-C-Z1.tif,1.406,7.837,0.288,2.381,412,194,117.553,1.468,1.373,0.728,0.579
23428,3D-C-Z1.tif,0.825,3.912,0.678,1.642,507,213,63.435,0.918,1.77,0.565,0.856
23429,3D-C-Z1.tif,1.213,5.254,0.552,2.189,630,201,123.024,1.036,2.447,0.409,0.802
23430,3D-C-Z1.tif,1.996,6.982,0.514,2.382,308,214,15.642,1.56,1.8,0.556,0.733
23431,3D-C-Z1.tif,1.288,7.868,0.262,2.031,444,207,108.435,1.377,1.478,0.677,0.627
23432,3D-C-Z1.tif,0.758,5.026,0.377,1.808,539,226,66.038,0.8,2.442,0.41,0.69
23433,3D-C-Z1.tif,2.434,8.244,0.45,3.542,718,208,106.557,1.045,4.242,0.236,0.794
23434,3D-C-Z1.tif,0.867,3.545,0.867,1.323,493,211,146.31,0.918,1.314,0.761,0.924
23435,3D-C-Z1.tif,7.116,18.744,0.255,5.601,665,267,71.862,3.14,2.393,0.418,0.604
23436,3D-C-Z1.tif,0.598,3.383,0.656,1.364,657,212,109.654,0.764,2.022,0.495,0.785
23437,3D-C-Z1.tif,2.03,7.488,0.455,2.827,475,243,76.866,1.155,2.689,0.372,0.775
23438,3D-C-Z1.tif,1.474,7.707,0.312,3.051,621,213,111.161,1.151,4.047,0.247,0.597
23439,3D-C-Z1.tif,3.924,13.4,0.275,4.588,328,247,36.87,1.883,2.798,0.357,0.629
23440,3D-C-Z1.tif,0.96,4.82,0.519,1.519,736,226,25.017,1.165,1.494,0.669,0.713
23441,3D-C-Z1.tif,0.556,2.788,0.898,1.07,557,222,30.964,0.826,1.258,0.795,0.904
23442,3D-C-Z1.tif,2.459,9.529,0.34,2.668,373,217,130.815,1.911,1.414,0.707,0.699
23443,3D-C-Z1.tif,6.434,14.819,0.368,4.193,410,260,66.801,2.871,1.902,0.526,0.704
23444,3D-C-Z1.tif,0.808,4.972,0.411,1.436,594,228,26.565,1.043,1.554,0.643,0.727
23445,3D-C-Z1.tif,0.674,3.912,0.553,1.425,457,219,104.931,0.826,1.738,0.575,0.744
23446,3D-C-Z1.tif,0.977,3.697,0.898,1.275,649,224,120.256,1.103,1.15,0.87,0.903
23447,3D-C-Z1.tif,0.766,3.621,0.735,1.451,811,223,108.435,0.815,2.025,0.494,0.835
23448,3D-C-Z1.tif,2.417,7.555,0.532,2.52,486,224,123.111,1.824,1.216,0.822,0.821
23449,3D-C-Z1.tif,0.522,2.659,0.928,0.958,531,224,106.699,0.734,1.261,0.793,0.899
23450,3D-C-Z1.tif,0.749,3.383,0.823,1.436,515,234,153.435,0.78,1.94,0.515,0.89
23451,3D-C-Z1.tif,1.044,5.944,0.371,1.883,554,234,133.025,1.105,1.601,0.625,0.665
23452,3D-C-Z1.tif,1.592,5.814,0.592,1.985,369,256,56.31,1.527,1.442,0.694,0.789
23453,3D-C-Z1.tif,0.564,2.788,0.912,1.12,451,237,124.992,0.779,1.47,0.68,0.905
23454,3D-C-Z1.tif,1.011,4.064,0.769,1.451,440,242,124.695,1.145,1.333,0.75,0.857
23455,3D-C-Z1.tif,0.505,2.994,0.708,1.275,513,241,120.256,0.714,1.921,0.521,0.816
23456,3D-C-Z1.tif,0.817,3.751,0.73,1.401,532,255,31.608,1.002,1.464,0.683,0.866
23457,3D-C-Z1.tif,3.874,12.774,0.298,4.073,457,259,14.349,1.95,2.184,0.458,0.673
23458,3D-C-Z1.tif,2.375,9.587,0.325,3.03,733,280,54.866,1.408,2.683,0.373,0.69
23459,3D-C-Z1.tif,4.379,12.698,0.341,4.905,238,303,72.582,1.412,4.231,0.236,0.768
23460,3D-C-Z1.tif,0.716,3.621,0.686,1.603,722,272,66.371,0.774,2.249,0.445,0.885
23461,3D-C-Z1.tif,0.564,3.728,0.51,1.568,691,257,110.556,0.584,3.3,0.303,0.775
23462,3D-C-Z1.tif,1.213,5.08,0.591,1.687,381,263,157.62,1.298,1.326,0.754,0.778
23463,3D-C-Z1.tif,1.061,3.912,0.871,1.398,537,274,66.801,1.101,1.27,0.787,0.906
23464,3D-C-Z1.tif,0.556,2.788,0.898,1.074,367,263,160.017,0.734,1.427,0.701,0.91
23465,3D-C-Z1.tif,2.156,8.387,0.385,2.302,555,263,113.499,1.642,1.402,0.713,0.791
23466,3D-C-Z1.tif,0.699,3.026,0.959,1.15,636,264,118.61,0.826,1.244,0.804,0.927
23467,3D-C-Z1.tif,4.674,10.527,0.53,3.598,484,299,52.253,2.32,1.564,0.639,0.773
23468,3D-C-Z1.tif,0.606,4.982,0.307,2.142,817,266,99.866,0.456,5.847,0.171,0.731
23469,3D-C-Z1.tif,1.356,4.431,0.868,1.692,608,269,102.529,1.101,1.444,0.692,0.92
23470,3D-C-Z1.tif,1.659,8.615,0.281,3.126,833,304,86.634,1.129,3.221,0.31,0.628
23471,3D-C-Z1.tif,0.522,3.178,0.65,1.401,527,271,121.608,0.616,2.617,0.382,0.827
23472,3D-C-Z1.tif,1.667,5.653,0.656,2.302,300,272,113.499,1.067,2.33,0.429,0.874
23473,3D-C-Z1.tif,2.08,9.023,0.321,2.551,207,295,52.306,1.816,1.393,0.718,0.681
23474,3D-C-Z1.tif,0.539,2.994,0.755,1.197,375,286,57.529,0.657,1.967,0.508,0.837
23475,3D-C-Z1.tif,2.897,9.878,0.373,2.738,573,304,76.43,2.137,1.274,0.785,0.696
23476,3D-C-Z1.tif,1.743,7.457,0.394,2.479,701,296,38.991,1.557,1.814,0.551,0.657
23477,3D-C-Z1.tif,2.931,9.489,0.409,3.18,341,302,46.169,1.755,2.169,0.461,0.739
23478,3D-C-Z1.tif,0.91,4.01,0.711,1.314,550,277,102.095,1.168,1.039,0.962,0.85
23479,3D-C-Z1.tif,4.286,14.081,0.272,3.361,621,281,145.008,2.452,1.128,0.887,0.701
23480,3D-C-Z1.tif,2.392,8.754,0.392,3.154,162,280,98.366,1.317,2.67,0.375,0.731
23481,3D-C-Z1.tif,0.893,3.545,0.893,1.278,469,293,68.962,1.002,1.317,0.759,0.902
23482,3D-C-Z1.tif,4.042,12.245,0.339,3.843,413,318,56.689,1.785,2.91,0.344,0.687
23483,3D-C-Z1.tif,3.486,12.223,0.293,4.905,251,283,107.418,1.439,3.733,0.268,0.701
23484,3D-C-Z1.tif,0.514,4.171,0.371,1.692,803,283,102.529,0.551,3.075,0.325,0.689
23485,3D-C-Z1.tif,0.842,3.621,0.807,1.323,655,284,123.69,0.976,1.368,0.731,0.866
23486,3D-C-Z1.tif,2.922,7.121,0.724,2.423,597,287,127.304,1.803,1.32,0.758,0.874
23487,3D-C-Z1.tif,0.505,4.216,0.357,1.197,444,290,175.601,0.808,1.539,0.65,0.649
23488,3D-C-Z1.tif,1.726,4.95,0.885,1.872,536,289,101.31,1.285,1.399,0.715,0.932
23489,3D-C-Z1.tif,0.581,2.864,0.89,1.135,522,295,104.036,0.734,1.436,0.696,0.879
23490,3D-C-Z1.tif,0.733,3.231,0.882,1.175,471,298,128.66,0.918,1.237,0.809,0.888
23491,3D-C-Z1.tif,0.606,3.231,0.73,1.231,884,296,116.565,0.826,1.453,0.688,0.832
23492,3D-C-Z1.tif,0.674,3.307,0.774,1.401,684,298,148.392,0.808,1.819,0.55,0.879
23493,3D-C-Z1.tif,0.741,5.156,0.35,1.822,851,298,130.914,0.885,2.559,0.391,0.638
23494,3D-C-Z1.tif,0.606,2.918,0.895,1.109,449,308,24.444,0.734,1.441,0.694,0.917
23495,3D-C-Z1.tif,0.699,4.346,0.465,1.538,508,301,107.354,0.873,1.997,0.501,0.672
23496,3D-C-Z1.tif,1.39,4.798,0.758,1.856,351,305,98.531,1.101,1.719,0.582,0.889
23497,3D-C-Z1.tif,0.817,3.567,0.807,1.404,682,305,101.31,0.881,1.639,0.61,0.87
23498,3D-C-Z1.tif,3.992,11.964,0.35,3.121,528,329,24.305,2.352,1.258,0.795,0.738
23499,3D-C-Z1.tif,0.531,2.811,0.844,0.993,568,318,56.31,0.871,1.035,0.966,0.851
23500,3D-C-Z1.tif,1.726,5.988,0.605,2.496,872,314,126.027,1.135,2.266,0.441,0.845
23501,3D-C-Z1.tif,0.825,3.491,0.851,1.336,458,329,74.055,0.918,1.456,0.687,0.899
23502,3D-C-Z1.tif,2.611,8.41,0.464,2.849,368,346,75.069,1.468,2.19,0.457,0.806
23503,3D-C-Z1.tif,1.255,4.171,0.906,1.433,471,330,39.806,1.193,1.143,0.875,0.917
23504,3D-C-Z1.tif,0.994,4.668,0.573,1.945,237,338,70.71,0.82,2.598,0.385,0.814
23505,3D-C-Z1.tif,2.181,8.28,0.4,2.711,720,336,23.962,1.628,1.755,0.57,0.699
23506,3D-C-Z1.tif,0.733,3.178,0.912,1.161,648,333,71.565,0.918,1.209,0.827,0.897
23507,3D-C-Z1.tif,1.625,6.593,0.47,2.294,597,341,36.87,1.338,1.769,0.565,0.785
23508,3D-C-Z1.tif,0.943,3.956,0.757,1.398,418,338,66.801,1.101,1.138,0.879,0.872
23509,3D-C-Z1.tif,1.971,7.273,0.468,2.381,431,325,152.447,1.507,1.502,0.666,0.78
23510,3D-C-Z1.tif,1.524,5.76,0.577,2.093,506,338,37.875,1.417,1.347,0.742,0.803
23511,3D-C-Z1.tif,2.661,6.517,0.787,2.471,474,348,31.329,1.469,1.72,0.582,0.92
23512,3D-C-Z1.tif,1.331,4.409,0.86,1.654,394,334,109.44,1.101,1.513,0.661,0.919
23513,3D-C-Z1.tif,1.28,4.422,0.823,1.741,573,339,161.565,1.103,1.6,0.625,0.897
23514,3D-C-Z1.tif,1.954,5.111,0.94,1.772,543,357,68.749,1.468,1.137,0.879,0.943
23515,3D-C-Z1.tif,1.019,4.14,0.747,1.626,433,347,163.61,1.009,1.767,0.566,0.849
23516,3D-C-Z1.tif,2.139,5.944,0.761,2.323,501,370,80.91,1.324,1.769,0.565,0.904
23517,3D-C-Z1.tif,0.775,3.254,0.92,1.207,666,345,98.746,0.918,1.256,0.796,0.893
23518,3D-C-Z1.tif,0.834,3.621,0.799,1.404,530,362,78.69,0.859,1.783,0.561,0.868
23519,3D-C-Z1.tif,3.284,11.426,0.316,3.205,379,348,103.241,2.066,1.804,0.554,0.686
23520,3D-C-Z1.tif,0.615,4.507,0.38,1.336,513,364,74.055,0.913,1.773,0.564,0.679
23521,3D-C-Z1.tif,0.505,2.757,0.835,1.175,464,352,141.34,0.649,1.894,0.528,0.87
23522,3D-C-Z1.tif,2.552,8.029,0.497,2.815,355,383,70.974,1.404,2.14,0.467,0.811
23523,3D-C-Z1.tif,3.933,11.055,0.404,3.612,563,355,117.216,1.793,2.33,0.429,0.776
23524,3D-C-Z1.tif,1.878,5.349,0.825,2.031,421,356,108.435,1.285,1.381,0.724,0.92
23525,3D-C-Z1.tif,1.465,5.792,0.549,2.382,810,383,74.358,0.986,2.43,0.412,0.833
23526,3D-C-Z1.tif,0.615,3.026,0.844,1.161,407,360,108.435,0.734,1.583,0.632,0.896
23527,3D-C-Z1.tif,2.013,8.365,0.361,2.532,542,363,136.469,1.73,1.612,0.62,0.69
23528,3D-C-Z1.tif,0.581,3.912,0.477,1.731,746,360,122.005,0.534,4.032,0.248,0.798
23529,3D-C-Z1.tif,2.577,8.754,0.423,2.556,448,377,21.038,1.716,1.339,0.747,0.802
23530,3D-C-Z1.tif,0.64,3.178,0.796,1.109,435,366,155.556,0.826,1.334,0.75,0.879
23531,3D-C-Z1.tif,0.691,3.513,0.703,1.377,483,365,126.87,0.779,2.089,0.479,0.808
23532,3D-C-Z1.tif,4.463,11.659,0.413,5.097,724,365,113.334,1.456,4.202,0.238,0.82
23533,3D-C-Z1.tif,0.733,3.155,0.925,1.193,654,372,157.38,0.826,1.361,0.735,0.926
23534,3D-C-Z1.tif,0.758,4.431,0.485,1.977,472,392,68.199,0.719,2.607,0.384,0.783
23535,3D-C-Z1.tif,1.642,5.241,0.751,1.981,394,395,76.608,1.193,1.737,0.576,0.884
23536,3D-C-Z1.tif,0.539,2.712,0.921,1.074,405,376,109.983,0.642,1.583,0.632,0.928
23537,3D-C-Z1.tif,0.733,3.307,0.842,1.193,322,380,157.38,0.918,1.229,0.814,0.87
23538,3D-C-Z1.tif,0.657,3.254,0.78,1.355,234,379,118.301,0.834,1.826,0.548,0.848
23539,3D-C-Z1.tif,2.282,7.166,0.559,2.649,417,408,75.964,1.34,2.335,0.428,0.796
23540,3D-C-Z1.tif,0.665,3.697,0.612,1.364,436,380,109.654,0.826,1.713,0.584,0.767
23541,3D-C-Z1.tif,6.939,14.958,0.39,4.677,312,383,164.055,2.57,2.082,0.48,0.718
23542,3D-C-Z1.tif,1.55,5.653,0.609,1.714,373,382,105.524,1.354,1.217,0.822,0.856
23543,3D-C-Z1.tif,1.272,5.178,0.596,1.724,537,385,115.201,1.101,1.607,0.622,0.818
23544,3D-C-Z1.tif,5.044,13.714,0.337,3.564,643,415,11.889,2.57,1.459,0.685,0.709
23545,3D-C-Z1.tif,1.659,5.393,0.717,1.936,703,392,148.57,1.233,1.616,0.619,0.866
23546,3D-C-Z1.tif,2.004,9.014,0.31,2.738,443,400,13.57,1.89,1.659,0.603,0.584
23547,3D-C-Z1.tif,1.583,6.431,0.481,2.424,570,409,29.476,1.121,2.477,0.404,0.77
23548,3D-C-Z1.tif,5.272,14.73,0.305,4.53,364,396,96.981,2.282,2.314,0.432,0.698
23549,3D-C-Z1.tif,0.792,3.643,0.75,1.323,439,402,123.69,1.007,1.399,0.715,0.839
23550,3D-C-Z1.tif,0.573,2.82,0.905,1.109,393,414,65.556,0.642,1.601,0.625,0.944
23551,3D-C-Z1.tif,0.926,3.719,0.842,1.355,625,407,118.301,1.002,1.448,0.691,0.863
23552,3D-C-Z1.tif,1.844,5.447,0.781,1.936,424,409,121.43,1.451,1.234,0.81,0.888
23553,3D-C-Z1.tif,0.766,3.124,0.987,1.193,585,409,112.62,0.918,1.2,0.833,0.919
23554,3D-C-Z1.tif,1.507,5.134,0.719,1.89,527,428,60.945,1.333,1.389,0.72,0.854
23555,3D-C-Z1.tif,2.585,11.207,0.259,3.671,548,412,126.87,1.487,2.879,0.347,0.66
23556,3D-C-Z1.tif,1.558,5.469,0.655,2.038,409,413,125.838,1.239,1.547,0.646,0.835
23557,3D-C-Z1.tif,1.128,4.399,0.733,1.692,318,413,102.529,1.095,1.654,0.605,0.859
23558,3D-C-Z1.tif,1.811,5.187,0.846,1.945,609,416,109.29,1.241,1.615,0.619,0.923
23559,3D-C-Z1.tif,1.575,5.76,0.596,2.257,453,437,26.565,1.354,1.772,0.564,0.804
23560,3D-C-Z1.tif,0.783,3.178,0.975,1.12,671,422,124.992,1.009,1.03,0.97,0.916
23561,3D-C-Z1.tif,1.634,7.814,0.336,2.279,335,442,40.101,1.365,2.025,0.494,0.669
23562,3D-C-Z1.tif,1.735,5.684,0.675,2.3,283,424,118.61,1.173,2.1,0.476,0.867
23563,3D-C-Z1.tif,1.128,5.912,0.406,1.858,590,428,147.095,1.138,1.834,0.545,0.736
23564,3D-C-Z1.tif,1.364,6.02,0.473,2.409,547,427,107.745,0.844,3.408,0.293,0.773
23565,3D-C-Z1.tif,0.547,3.102,0.715,1.323,582,431,123.69,0.638,2.238,0.447,0.844
23566,3D-C-Z1.tif,0.64,2.972,0.911,1.161,559,434,108.435,0.734,1.541,0.649,0.921
23567,3D-C-Z1.tif,2.779,10.03,0.347,2.506,670,462,66.251,2.019,1.347,0.742,0.703
23568,3D-C-Z1.tif,1.667,7.286,0.395,2.921,302,440,136.273,0.973,3.918,0.255,0.714
23569,3D-C-Z1.tif,1.592,7.134,0.393,1.947,620,441,98.13,1.592,1.174,0.852,0.703
23570,3D-C-Z1.tif,2.846,8.669,0.476,3.063,508,444,171.384,1.763,1.986,0.503,0.754
23571,3D-C-Z1.tif,1.036,3.751,0.925,1.377,574,450,143.13,1.067,1.281,0.78,0.911
23572,3D-C-Z1.tif,0.64,4.852,0.342,2.181,758,448,112.249,0.451,6.372,0.157,0.745
23573,3D-C-Z1.tif,0.547,3.222,0.663,1.014,657,449,95.194,0.862,1.182,0.846,0.802
23574,3D-C-Z1.tif,1.019,4.583,0.61,1.568,713,449,110.556,1.009,1.307,0.765,0.812
23575,3D-C-Z1.tif,2.232,5.729,0.855,2.119,539,473,72.35,1.511,1.388,0.72,0.909
23576,3D-C-Z1.tif,2.712,9.47,0.38,3.051,405,486,83.089,1.714,1.902,0.526,0.729
23577,3D-C-Z1.tif,1.726,5.782,0.649,2.16,299,457,102.265,1.377,1.7,0.588,0.852
23578,3D-C-Z1.tif,1.086,4.323,0.73,1.654,571,461,123.69,1.094,1.459,0.685,0.819
23579,3D-C-Z1.tif,2.619,7.349,0.609,2.56,564,462,104.534,1.677,1.6,0.625,0.819
23580,3D-C-Z1.tif,1.036,3.988,0.818,1.563,672,475,40.236,1.103,1.474,0.678,0.895
23581,3D-C-Z1.tif,0.598,3.048,0.809,1.12,229,466,124.992,0.826,1.388,0.72,0.877
23582,3D-C-Z1.tif,1.667,5.675,0.651,2.142,266,471,99.866,1.395,1.575,0.635,0.818
23583,3D-C-Z1.tif,2.897,7.64,0.624,2.791,686,472,133.668,1.984,1.224,0.817,0.866
23584,3D-C-Z1.tif,0.91,3.728,0.822,1.278,441,476,111.038,1.009,1.245,0.803,0.9
23585,3D-C-Z1.tif,0.539,3.697,0.496,1.248,415,480,126.027,0.832,1.846,0.542,0.674
23586,3D-C-Z1.tif,2.67,8.258,0.492,3.078,477,485,153.435,1.613,1.983,0.504,0.782
23587,3D-C-Z1.tif,1.263,5.415,0.541,2.027,602,482,95.194,1.009,2.088,0.479,0.792
23588,3D-C-Z1.tif,0.851,3.858,0.718,1.584,675,482,100.008,0.826,1.965,0.509,0.874
23589,3D-C-Z1.tif,0.531,2.757,0.877,1.07,524,486,120.964,0.734,1.529,0.654,0.863
23590,3D-C-Z1.tif,2.358,7.134,0.582,2.538,544,487,139.399,1.469,2.07,0.483,0.798
23591,3D-C-Z1.tif,1.381,5.514,0.571,1.858,402,493,159.775,1.278,1.408,0.71,0.765
23592,3D-C-Z1.tif,0.716,3.804,0.622,1.248,383,503,53.973,0.936,1.344,0.744,0.85
23593,3D-C-Z1.tif,0.817,3.307,0.938,1.248,661,499,126.027,0.973,1.311,0.763,0.907
23594,3D-C-Z1.tif,7.124,21.13,0.201,6.466,371,504,173.48,3.085,3.176,0.315,0.498
23595,3D-C-Z1.tif,1.642,6.539,0.483,2.16,291,525,77.735,1.446,1.556,0.642,0.722
23596,3D-C-Z1.tif,0.834,3.652,0.785,1.425,359,503,104.931,0.826,1.826,0.548,0.908
23597,3D-C-Z1.tif,0.581,2.681,1,1.026,573,505,153.435,0.826,1.203,0.831,0.914
23598,3D-C-Z1.tif,1.373,4.538,0.837,1.782,688,523,55.491,1.204,1.471,0.68,0.929
23599,3D-C-Z1.tif,0.834,3.858,0.704,1.323,226,511,146.31,1.103,1.168,0.857,0.795
23600,3D-C-Z1.tif,0.522,3.545,0.522,1.398,168,517,156.801,0.838,1.775,0.564,0.705
23601,3D-C-Z1.tif,2.164,5.729,0.829,2.119,433,535,72.35,1.45,1.447,0.691,0.911
23602,3D-C-Z1.tif,0.514,2.918,0.758,1.207,455,513,98.746,0.642,1.979,0.505,0.853
23603,3D-C-Z1.tif,0.825,3.415,0.889,1.248,660,513,107.103,0.918,1.308,0.765,0.903
23604,3D-C-Z1.tif,1.507,4.637,0.881,1.692,470,514,102.529,1.285,1.328,0.753,0.916
23605,3D-C-Z1.tif,0.682,3.124,0.878,1.161,505,526,71.565,0.918,1.154,0.866,0.88
23606,3D-C-Z1.tif,0.606,3.773,0.535,1.451,345,520,108.435,0.734,2.141,0.467,0.77
23607,3D-C-Z1.tif,1.592,8.764,0.26,3.636,777,559,79.824,0.712,6.524,0.153,0.711
23608,3D-C-Z1.tif,0.867,4.789,0.475,1.782,294,526,145.491,0.908,2.559,0.391,0.708
23609,3D-C-Z1.tif,1.465,8.258,0.27,2.021,592,525,140.528,1.527,1.15,0.87,0.7
23610,3D-C-Z1.tif,1.482,4.637,0.866,1.685,484,542,60.642,1.274,1.344,0.744,0.907
23611,3D-C-Z1.tif,0.539,2.896,0.808,1.135,583,526,104.036,0.642,1.766,0.566,0.889
23612,3D-C-Z1.tif,1.095,4.722,0.617,1.605,641,530,120.964,1.191,1.442,0.694,0.785
23613,3D-C-Z1.tif,4.539,8.191,0.85,3.051,452,531,111.161,2.111,1.443,0.693,0.939
23614,3D-C-Z1.tif,0.64,5.76,0.242,2.27,819,532,104.036,0.697,3.761,0.266,0.555
23615,3D-C-Z1.tif,3.419,11.802,0.308,3.255,372,538,111.501,2.066,1.75,0.572,0.681
23616,3D-C-Z1.tif,2.392,6.051,0.821,2.323,495,563,80.91,1.377,1.627,0.615,0.934
23617,3D-C-Z1.tif,1.592,5.393,0.688,1.981,514,538,103.392,1.354,1.343,0.745,0.849
23618,3D-C-Z1.tif,0.564,2.918,0.833,1.15,417,540,118.61,0.755,1.579,0.634,0.865
23619,3D-C-Z1.tif,0.716,4.171,0.517,1.741,639,541,108.435,0.763,2.667,0.375,0.759
23620,3D-C-Z1.tif,0.505,2.636,0.914,0.976,256,542,131.186,0.734,1.018,0.982,0.909
23621,3D-C-Z1.tif,0.615,3.751,0.549,1.505,349,547,142.431,0.803,2.416,0.414,0.737
23622,3D-C-Z1.tif,0.606,3.146,0.77,1.235,406,546,131.987,0.74,1.822,0.549,0.8
23623,3D-C-Z1.tif,3.537,10.688,0.389,2.916,320,549,102.724,2.01,1.308,0.764,0.745
23624,3D-C-Z1.tif,1.196,5.156,0.565,1.981,531,549,103.392,1.19,1.636,0.611,0.776
23625,3D-C-Z1.tif,1.684,5.393,0.728,2.062,328,559,147.724,1.211,1.913,0.523,0.835
23626,3D-C-Z1.tif,0.749,3.178,0.933,1.109,565,555,114.444,0.985,1.073,0.932,0.899
23627,3D-C-Z1.tif,0.682,4.941,0.351,1.278,581,565,21.038,1.084,1.358,0.737,0.678
23628,3D-C-Z1.tif,0.716,3.102,0.935,1.224,660,558,102.995,0.734,1.555,0.643,0.939
23629,3D-C-Z1.tif,1.331,5.63,0.527,1.692,396,570,167.471,1.393,1.141,0.876,0.752
23630,3D-C-Z1.tif,0.547,3.339,0.617,1.336,638,580,74.055,0.734,2.124,0.471,0.765
23631,3D-C-Z1.tif,3.183,9.802,0.416,3.745,481,572,162.897,1.597,2.803,0.357,0.737
23632,3D-C-Z1.tif,0.901,5.048,0.444,1.675,525,568,99.462,1.101,1.911,0.523,0.66
23633,3D-C-Z1.tif,0.598,3.697,0.55,1.563,424,570,130.236,0.674,2.311,0.433,0.763
23634,3D-C-Z1.tif,0.581,3.048,0.786,1.224,364,584,77.005,0.734,1.592,0.628,0.873
23635,3D-C-Z1.tif,1.171,4.972,0.595,2.093,298,572,127.875,0.944,2.232,0.448,0.848
23636,3D-C-Z1.tif,0.817,3.934,0.663,1.527,694,587,57.265,0.985,1.373,0.728,0.829
23637,3D-C-Z1.tif,0.514,2.605,0.951,0.993,462,576,146.31,0.734,1.264,0.791,0.897
23638,3D-C-Z1.tif,0.766,3.263,0.905,1.275,349,590,59.744,0.826,1.43,0.699,0.943
23639,3D-C-Z1.tif,0.775,3.231,0.932,1.197,681,578,122.471,0.973,1.188,0.842,0.929
23640,3D-C-Z1.tif,0.556,2.864,0.851,0.993,539,582,146.31,0.918,1.106,0.904,0.863
23641,3D-C-Z1.tif,3.529,12.764,0.272,3.53,373,621,81.027,2.13,2.192,0.456,0.656
23642,3D-C-Z1.tif,0.842,4.691,0.481,1.505,402,583,127.569,1.09,1.539,0.65,0.694
23643,3D-C-Z1.tif,2.442,11.619,0.227,3.03,322,586,125.134,1.752,2.007,0.498,0.622
23644,3D-C-Z1.tif,2.409,5.814,0.895,1.962,451,585,100.784,1.652,1.086,0.921,0.93
23645,3D-C-Z1.tif,1.432,5.89,0.519,2.316,478,586,146.31,1.156,2.467,0.405,0.741
23646,3D-C-Z1.tif,1.356,7.447,0.307,2.294,605,606,53.13,1.387,1.895,0.528,0.651
23647,3D-C-Z1.tif,1.053,6.248,0.339,2.485,263,588,94.236,0.918,3.353,0.298,0.651
23648,3D-C-Z1.tif,1.693,5.859,0.62,2.004,556,597,15.945,1.505,1.2,0.834,0.81
23649,3D-C-Z1.tif,0.573,3.804,0.497,1.505,578,589,142.431,0.714,2.42,0.413,0.697
23650,3D-C-Z1.tif,0.96,5.554,0.391,2.382,203,591,105.642,0.785,3.424,0.292,0.693
23651,3D-C-Z1.tif,0.514,2.605,0.951,0.976,511,601,48.814,0.734,1.278,0.783,0.897
23652,3D-C-Z1.tif,1.912,9.305,0.277,2.791,648,622,80.538,1.899,1.578,0.634,0.481
23653,3D-C-Z1.tif,1.011,3.858,0.853,1.451,430,593,108.435,0.987,1.533,0.652,0.906
23654,3D-C-Z1.tif,0.623,2.918,0.92,1.109,287,594,114.444,0.826,1.245,0.803,0.919
23655,3D-C-Z1.tif,0.606,3.2,0.744,1.304,729,605,39.289,0.714,2.011,0.497,0.804
23656,3D-C-Z1.tif,0.724,3.361,0.806,1.304,643,609,50.711,0.9,1.403,0.713,0.878
23657,3D-C-Z1.tif,2.021,5.782,0.76,2.093,549,599,105.255,1.468,1.458,0.686,0.876
23658,3D-C-Z1.tif,0.859,4.399,0.558,1.654,575,616,70.56,0.775,2.614,0.382,0.75
23659,3D-C-Z1.tif,1.305,4.614,0.77,1.685,614,601,119.358,1.193,1.353,0.739,0.896
23660,3D-C-Z1.tif,1.061,3.912,0.871,1.527,346,602,122.735,1.101,1.373,0.728,0.903
23661,3D-C-Z1.tif,4.362,10.612,0.487,3.436,85,607,124.114,2.019,2.084,0.48,0.76
23662,3D-C-Z1.tif,1.516,6.485,0.453,2.438,593,634,70.201,1.25,2.145,0.466,0.73
23663,3D-C-Z1.tif,6.038,17.258,0.255,5.208,420,611,104.281,2.367,2.489,0.402,0.696
23664,3D-C-Z1.tif,1.743,5.729,0.667,2.004,708,632,74.055,1.333,1.572,0.636,0.828
23665,3D-C-Z1.tif,1.112,5.402,0.479,2.409,829,639,72.255,0.773,3.2,0.313,0.843
23666,3D-C-Z1.tif,1.171,4.475,0.734,1.605,316,617,149.036,1.168,1.258,0.795,0.866
23667,3D-C-Z1.tif,1.743,5.362,0.762,2.031,405,617,108.435,1.298,1.582,0.632,0.877
23668,3D-C-Z1.tif,0.834,4.01,0.651,1.433,462,619,129.806,0.973,1.7,0.588,0.798
23669,3D-C-Z1.tif,0.884,3.437,0.941,1.248,565,619,107.103,1.009,1.175,0.851,0.913
23670,3D-C-Z1.tif,1.55,6.798,0.421,2.629,301,623,119.249,1.123,2.952,0.339,0.757
23671,3D-C-Z1.tif,0.623,3.2,0.765,1.336,617,630,15.945,0.755,1.864,0.536,0.831
23672,3D-C-Z1.tif,0.598,2.788,0.966,1.046,370,625,127.875,0.826,1.223,0.817,0.91
23673,3D-C-Z1.tif,1.23,4.042,0.946,1.538,645,624,107.354,1.009,1.428,0.7,0.945
23674,3D-C-Z1.tif,2.476,7.564,0.544,2.586,385,655,62.526,1.422,2.039,0.49,0.84
23675,3D-C-Z1.tif,2.863,12.809,0.219,3.694,594,667,63.435,1.48,3.336,0.3,0.648
23676,3D-C-Z1.tif,1.651,7.783,0.342,2.294,684,647,16.26,1.438,1.867,0.536,0.645
23677,3D-C-Z1.tif,1.112,6.861,0.297,2.972,224,638,171.119,0.709,5.937,0.168,0.617
23678,3D-C-Z1.tif,2.838,9.909,0.363,3.243,257,643,154.885,2.11,1.568,0.638,0.613
23679,3D-C-Z1.tif,1.263,4.722,0.712,1.731,569,652,57.995,1.19,1.445,0.692,0.87
23680,3D-C-Z1.tif,3.529,8.58,0.602,3.205,669,638,103.241,1.56,2.357,0.424,0.849
23681,3D-C-Z1.tif,1.448,6.15,0.481,1.962,623,640,100.784,1.285,1.74,0.575,0.806
23682,3D-C-Z1.tif,0.926,5.134,0.442,1.936,785,641,95.44,0.734,2.627,0.381,0.783
23683,3D-C-Z1.tif,1.246,7.036,0.316,1.803,93,642,104.744,1.377,1.115,0.897,0.635
23684,3D-C-Z1.tif,0.573,2.918,0.845,1.175,766,649,141.34,0.779,1.532,0.653,0.883
23685,3D-C-Z1.tif,0.547,3.536,0.55,1.12,399,658,34.992,0.875,1.168,0.856,0.743
23686,3D-C-Z1.tif,1.246,4.896,0.653,1.856,584,648,98.531,1.101,1.888,0.53,0.831
23687,3D-C-Z1.tif,1.137,4.507,0.703,1.56,463,649,118.072,1.231,1.275,0.784,0.854
23688,3D-C-Z1.tif,1.297,5.08,0.632,1.892,832,664,39.094,1.085,1.873,0.534,0.863
23689,3D-C-Z1.tif,0.514,3.697,0.472,1.175,703,661,51.34,0.918,1.338,0.747,0.697
23690,3D-C-Z1.tif,1.768,7.501,0.395,2.235,535,659,160.821,1.395,1.812,0.552,0.712
23691,3D-C-Z1.tif,1.322,4.691,0.755,1.782,608,671,78.111,1.005,1.829,0.547,0.892
23692,3D-C-Z1.tif,0.691,3.437,0.734,1.175,338,655,128.66,1.009,1.157,0.864,0.82
23693,3D-C-Z1.tif,1.044,4.583,0.625,1.91,727,657,125.218,0.944,2.257,0.443,0.829
23694,3D-C-Z1.tif,1.861,8.808,0.301,2.393,136,681,32.471,1.747,1.291,0.775,0.616
23695,3D-C-Z1.tif,2.678,9.922,0.342,2.833,688,683,24.905,2.034,1.407,0.711,0.606
23696,3D-C-Z1.tif,1.558,4.95,0.799,1.605,457,676,30.964,1.377,1.13,0.885,0.898
23697,3D-C-Z1.tif,1.676,6.27,0.536,2.629,396,668,150.751,0.908,3.397,0.294,0.821
23698,3D-C-Z1.tif,0.741,5.026,0.369,2.013,659,667,133.152,0.774,3.263,0.306,0.642
23699,3D-C-Z1.tif,1.533,5.187,0.716,1.97,231,668,117.759,1.425,1.447,0.691,0.825
23700,3D-C-Z1.tif,3.091,13.042,0.228,3.132,314,704,84.958,2.159,1.286,0.778,0.614
23701,3D-C-Z1.tif,0.514,2.811,0.817,1.046,615,674,164.745,0.734,1.379,0.725,0.878
23702,3D-C-Z1.tif,0.775,3.361,0.862,1.278,367,673,111.038,0.905,1.474,0.678,0.885
23703,3D-C-Z1.tif,0.657,2.918,0.969,1.074,298,685,70.017,0.826,1.187,0.843,0.912
23704,3D-C-Z1.tif,0.682,3.934,0.554,1.451,591,683,34.695,0.908,1.83,0.547,0.775
23705,3D-C-Z1.tif,2.813,9.153,0.422,2.724,529,705,57.381,1.927,1.356,0.738,0.764
23706,3D-C-Z1.tif,1.356,4.529,0.831,1.626,658,677,106.39,1.193,1.404,0.712,0.899
23707,3D-C-Z1.tif,0.749,3.675,0.698,1.433,552,680,140.194,0.936,1.436,0.696,0.82
23708,3D-C-Z1.tif,3.621,11.046,0.373,3.222,435,712,70.017,2.438,1.598,0.626,0.667
23709,3D-C-Z1.tif,0.792,3.697,0.728,1.377,775,692,53.13,0.956,1.649,0.606,0.797
23710,3D-C-Z1.tif,1.415,4.646,0.824,1.634,345,686,141.843,1.233,1.218,0.821,0.901
23711,3D-C-Z1.tif,0.531,4.14,0.389,1.275,483,698,59.744,0.826,1.52,0.658,0.677
23712,3D-C-Z1.tif,0.615,2.918,0.907,1.07,457,688,149.036,0.908,1.172,0.853,0.912
23713,3D-C-Z1.tif,1.061,4.896,0.556,1.782,115,688,145.491,1.101,1.922,0.52,0.726
23714,3D-C-Z1.tif,1.145,3.934,0.93,1.519,383,688,115.017,1.101,1.347,0.742,0.928
23715,3D-C-Z1.tif,2.013,5.532,0.826,2.206,500,688,106.928,1.193,1.785,0.56,0.943
23716,3D-C-Z1.tif,0.623,3.048,0.843,1.15,673,699,61.39,0.85,1.441,0.694,0.86
23717,3D-C-Z1.tif,1.415,5.026,0.704,1.916,396,689,106.699,1.277,1.453,0.688,0.853
23718,3D-C-Z1.tif,7.554,21.031,0.215,6.593,574,700,163.836,2.753,3.56,0.281,0.565
23719,3D-C-Z1.tif,1.608,6.463,0.484,2.302,260,695,156.501,1.377,1.789,0.559,0.739
23720,3D-C-Z1.tif,0.851,4.507,0.526,1.916,516,713,73.301,0.826,2.434,0.411,0.792
23721,3D-C-Z1.tif,0.674,3.513,0.686,1.425,717,693,104.931,0.771,2.13,0.47,0.792
23722,3D-C-Z1.tif,0.783,4.874,0.414,1.97,893,693,117.759,0.803,3.098,0.323,0.686
23723,3D-C-Z1.tif,1.322,4.82,0.715,1.731,538,712,57.995,1.133,1.517,0.659,0.872
23724,3D-C-Z1.tif,0.876,3.988,0.692,1.634,360,712,51.843,0.835,2.09,0.478,0.842
23725,3D-C-Z1.tif,0.817,3.728,0.738,1.314,696,700,155.225,0.826,1.544,0.648,0.89
23726,3D-C-Z1.tif,1.061,5.026,0.528,1.772,233,698,111.251,0.968,2.315,0.432,0.739
23727,3D-C-Z1.tif,0.749,3.599,0.727,1.425,558,713,75.069,0.734,2.149,0.465,0.864
23728,3D-C-Z1.tif,1.659,6.409,0.508,2.24,473,704,124.992,1.377,2.007,0.498,0.736
23729,3D-C-Z1.tif,1.145,4.744,0.639,1.692,573,724,77.471,0.918,1.842,0.543,0.853
23730,3D-C-Z1.tif,0.808,4.843,0.433,1.451,585,708,108.435,1.009,1.511,0.662,0.736
23731,3D-C-Z1.tif,0.783,3.491,0.808,1.278,674,721,68.962,1.009,1.131,0.884,0.853
23732,3D-C-Z1.tif,0.808,3.545,0.809,1.314,610,725,77.905,0.918,1.485,0.674,0.893
23733,3D-C-Z1.tif,0.632,3.599,0.613,1.364,514,716,160.346,0.734,1.702,0.588,0.785
23734,3D-C-Z2.tif,0.988,4.126,0.73,1.513,330,1,114.228,1.025,1.462,0.684,0.921
23735,3D-C-Z2.tif,0.555,3.014,0.768,1.131,708,7,142.431,0.679,1.683,0.594,0.917
23736,3D-C-Z2.tif,0.325,2.506,0.65,0.804,170,4,120.964,0.552,1.392,0.718,0.856
23737,3D-C-Z2.tif,0.378,3.037,0.515,1.044,193,3,97.595,0.567,1.852,0.54,0.826
23738,3D-C-Z2.tif,0.451,2.761,0.743,1.037,686,3,111.448,0.594,1.767,0.566,0.926
23739,3D-C-Z2.tif,0.345,2.509,0.688,1.004,1001,39,74.055,0.517,1.907,0.524,0.894
23740,3D-C-Z2.tif,0.782,5.109,0.377,1.552,562,43,36.87,1.015,1.503,0.665,0.743
23741,3D-C-Z2.tif,0.27,2.388,0.595,0.771,847,14,116.565,0.561,1.46,0.685,0.821
23742,3D-C-Z2.tif,0.316,2.274,0.769,0.91,978,40,65.376,0.517,1.732,0.577,0.922
23743,3D-C-Z2.tif,0.354,2.612,0.653,0.913,702,34,100.886,0.634,1.48,0.676,0.837
23744,3D-C-Z2.tif,0.365,3.318,0.417,0.98,720,60,39.289,0.652,1.584,0.631,0.727
23745,3D-C-Z2.tif,2.083,11.323,0.204,3.524,316,40,126.646,1.22,3.066,0.326,0.619
23746,3D-C-Z2.tif,0.62,4.776,0.341,1.757,994,44,105.945,0.654,3.068,0.326,0.743
23747,3D-C-Z2.tif,0.334,4.102,0.25,1.327,82,83,62.103,0.566,3.175,0.315,0.579
23748,3D-C-Z2.tif,0.633,4.068,0.48,1.342,117,61,154.093,0.862,1.532,0.653,0.822
23749,3D-C-Z2.tif,1.103,4.418,0.71,1.418,577,54,108.435,1.063,1.408,0.71,0.905
23750,3D-C-Z2.tif,0.35,3.131,0.448,1.148,724,76,32.735,0.49,2.602,0.384,0.838
23751,3D-C-Z2.tif,0.477,4.289,0.326,1.13,886,92,77.661,0.671,1.781,0.561,0.766
23752,3D-C-Z2.tif,0.31,3.026,0.426,1.077,461,86,50.194,0.439,2.575,0.388,0.835
23753,3D-C-Z2.tif,1.508,4.869,0.799,1.668,318,109,71.94,1.183,1.418,0.705,0.941
23754,3D-C-Z2.tif,0.767,3.325,0.872,1.199,843,63,108.435,0.828,1.42,0.704,0.956
23755,3D-C-Z2.tif,0.279,2.027,0.855,0.727,390,64,95.44,0.545,1.296,0.772,0.92
23756,3D-C-Z2.tif,0.448,3.111,0.582,1.055,805,94,78.69,0.655,1.611,0.621,0.866
23757,3D-C-Z2.tif,4.807,12.962,0.36,3.991,439,158,50.258,2.336,1.553,0.644,0.728
23758,3D-C-Z2.tif,1.42,5.259,0.645,1.941,767,72,102.308,1.172,1.567,0.638,0.908
23759,3D-C-Z2.tif,0.294,2.555,0.566,0.928,61,82,121.329,0.502,1.954,0.512,0.829
23760,3D-C-Z2.tif,0.54,4.578,0.324,1.388,552,122,75.619,0.772,1.929,0.518,0.675
23761,3D-C-Z2.tif,0.358,3.083,0.473,0.805,932,83,99.866,0.73,1.073,0.932,0.802
23762,3D-C-Z2.tif,0.251,1.892,0.881,0.72,959,86,106.699,0.448,1.488,0.672,0.94
23763,3D-C-Z2.tif,0.64,4.09,0.481,1.28,145,121,27.255,0.995,1.447,0.691,0.764
23764,3D-C-Z2.tif,0.342,3.48,0.355,0.975,738,118,81.87,0.82,1.173,0.853,0.655
23765,3D-C-Z2.tif,1.018,5.207,0.472,1.832,674,142,70.201,0.879,2.145,0.466,0.853
23766,3D-C-Z2.tif,2.424,9.299,0.352,3.351,809,102,98.881,1.225,3.657,0.273,0.723
23767,3D-C-Z2.tif,0.989,6.218,0.322,1.418,398,144,71.565,1.099,1.355,0.738,0.84
23768,3D-C-Z2.tif,0.568,3.797,0.495,1.18,710,140,83.29,0.746,1.59,0.629,0.831
23769,3D-C-Z2.tif,0.344,4.618,0.202,1.146,335,140,74.291,0.612,2.026,0.494,0.612
23770,3D-C-Z2.tif,1.713,5.787,0.643,2.009,847,111,101.889,1.213,1.698,0.589,0.904
23771,3D-C-Z2.tif,0.673,3.293,0.78,1.246,901,150,75.579,0.724,1.643,0.609,0.938
23772,3D-C-Z2.tif,1.446,6.034,0.499,1.829,174,170,87.839,1.124,1.465,0.683,0.887
23773,3D-C-Z2.tif,0.87,4.894,0.457,1.352,87,122,95.856,1.069,1.171,0.854,0.837
23774,3D-C-Z2.tif,0.219,2.237,0.549,0.829,992,146,73.072,0.364,2.212,0.452,0.856
23775,3D-C-Z2.tif,0.537,3.014,0.744,1.199,687,157,71.565,0.698,1.831,0.546,0.918
23776,3D-C-Z2.tif,1.982,5.701,0.766,1.99,737,125,117.897,1.463,1.397,0.716,0.942
23777,3D-C-Z2.tif,0.377,2.363,0.848,0.895,930,128,105.642,0.552,1.587,0.63,0.943
23778,3D-C-Z2.tif,0.549,3.935,0.446,1.327,335,151,27.897,0.652,2.206,0.453,0.806
23779,3D-C-Z2.tif,1.817,6.461,0.547,1.999,569,134,122.32,1.426,1.483,0.674,0.851
23780,3D-C-Z2.tif,0.797,5.844,0.293,1.579,527,138,121.608,0.94,1.94,0.515,0.726
23781,3D-C-Z2.tif,0.322,2.55,0.623,0.993,54,167,69.677,0.509,2.052,0.487,0.878
23782,3D-C-Z2.tif,0.421,3.391,0.46,1.331,661,141,126.573,0.522,3.084,0.324,0.785
23783,3D-C-Z2.tif,0.602,5.345,0.265,1.429,131,145,109.747,0.949,1.398,0.715,0.676
23784,3D-C-Z2.tif,0.983,5.689,0.382,1.704,403,154,125.942,1.024,1.871,0.535,0.733
23785,3D-C-Z2.tif,0.446,3.152,0.564,0.987,459,160,12.095,0.793,1.352,0.74,0.789
23786,3D-C-Z2.tif,0.222,2.348,0.507,0.98,869,173,50.711,0.425,2.175,0.46,0.782
23787,3D-C-Z2.tif,0.683,5.694,0.265,1.821,968,154,142.696,0.805,2.242,0.446,0.695
23788,3D-C-Z2.tif,0.235,1.88,0.837,0.698,906,174,57.095,0.512,1.321,0.757,0.906
23789,3D-C-Z2.tif,0.58,5.661,0.228,1.936,732,183,4.086,0.785,3.689,0.271,0.436
23790,3D-C-Z2.tif,0.631,4.788,0.346,1.32,340,169,160.145,0.793,1.761,0.568,0.818
23791,3D-C-Z2.tif,0.221,2.77,0.362,1.042,321,164,124.216,0.39,3.172,0.315,0.679
23792,3D-C-Z2.tif,1.683,9.413,0.239,2.487,48,175,146.31,1.537,1.647,0.607,0.61
23793,3D-C-Z2.tif,0.805,5.109,0.388,1.592,964,170,94.97,0.926,1.889,0.529,0.764
23794,3D-C-Z2.tif,0.784,5.637,0.31,1.461,249,172,109.29,0.875,1.715,0.583,0.785
23795,3D-C-Z2.tif,0.669,4.842,0.359,1.211,658,176,109.983,0.95,1.225,0.816,0.741
23796,3D-C-Z2.tif,0.521,3.086,0.687,1.156,304,208,72.646,0.779,1.503,0.665,0.9
23797,3D-C-Z2.tif,0.287,2.291,0.686,0.911,107,177,119.476,0.523,1.859,0.538,0.88
23798,3D-C-Z2.tif,0.617,3.698,0.567,1.374,270,177,107.526,0.577,2.591,0.386,0.861
23799,3D-C-Z2.tif,0.512,3.614,0.493,1.215,191,213,83.48,0.744,1.926,0.519,0.708
23800,3D-C-Z2.tif,0.29,2.299,0.69,0.812,777,213,77.735,0.493,1.751,0.571,0.873
23801,3D-C-Z2.tif,0.438,2.615,0.804,0.883,707,194,128.66,0.724,1.27,0.787,0.905
23802,3D-C-Z2.tif,0.35,2.83,0.548,0.899,840,194,122.471,0.739,1.247,0.802,0.788
23803,3D-C-Z2.tif,0.209,1.966,0.68,0.756,893,198,155.772,0.447,1.919,0.521,0.836
23804,3D-C-Z2.tif,0.895,3.744,0.803,1.332,368,236,68.749,0.962,1.365,0.733,0.938
23805,3D-C-Z2.tif,0.806,5.023,0.401,1.366,126,230,42.955,1.026,1.479,0.676,0.792
23806,3D-C-Z2.tif,1.214,5.78,0.457,1.494,412,203,108.853,1.251,1.182,0.846,0.847
23807,3D-C-Z2.tif,0.259,2.075,0.756,0.743,681,224,68.199,0.508,1.542,0.648,0.892
23808,3D-C-Z2.tif,0.485,2.656,0.864,0.947,213,235,79.509,0.69,1.311,0.763,0.935
23809,3D-C-Z2.tif,0.71,3.671,0.662,1.246,879,249,75.579,0.921,1.387,0.721,0.863
23810,3D-C-Z2.tif,0.205,2.327,0.474,0.808,975,234,50.194,0.476,1.863,0.537,0.702
23811,3D-C-Z2.tif,1.939,10.851,0.207,2.88,287,216,148.213,1.501,1.683,0.594,0.681
23812,3D-C-Z2.tif,1.264,4.272,0.87,1.409,603,216,111.541,1.246,1.058,0.945,0.952
23813,3D-C-Z2.tif,0.269,2.689,0.467,0.854,754,217,133.363,0.585,1.657,0.603,0.748
23814,3D-C-Z2.tif,0.334,2.262,0.821,0.804,773,222,120.964,0.651,1.229,0.813,0.909
23815,3D-C-Z2.tif,0.902,5.264,0.409,1.332,262,224,111.251,1.151,1.183,0.845,0.789
23816,3D-C-Z2.tif,1.268,6.184,0.417,1.735,488,267,49.028,1.348,1.339,0.747,0.737
23817,3D-C-Z2.tif,0.528,3.53,0.532,1.464,787,263,43.091,0.585,2.828,0.354,0.829
23818,3D-C-Z2.tif,0.528,4.151,0.385,1.59,934,235,114.341,0.626,2.347,0.426,0.794
23819,3D-C-Z2.tif,1.773,5.644,0.699,1.775,129,283,60.945,1.513,1.239,0.807,0.904
23820,3D-C-Z2.tif,1.484,6.806,0.403,2.248,186,237,110.659,1.108,1.825,0.548,0.798
23821,3D-C-Z2.tif,0.363,3.148,0.46,0.913,545,239,100.886,0.658,1.299,0.77,0.797
23822,3D-C-Z2.tif,0.623,5.447,0.264,1.276,383,240,108.925,0.879,1.39,0.719,0.756
23823,3D-C-Z2.tif,0.882,4.862,0.469,1.781,447,290,75.426,0.948,1.875,0.533,0.761
23824,3D-C-Z2.tif,1.509,5.096,0.73,1.884,416,289,55.437,1.286,1.411,0.709,0.937
23825,3D-C-Z2.tif,0.322,3.863,0.271,1.163,741,245,168.024,0.653,2.152,0.465,0.578
23826,3D-C-Z2.tif,1.147,7.814,0.236,2.075,667,267,164.578,1.112,1.785,0.56,0.684
23827,3D-C-Z2.tif,2.04,5.513,0.844,1.822,593,313,60.524,1.517,1.121,0.892,0.958
23828,3D-C-Z2.tif,0.892,6.12,0.299,2.092,557,325,81.469,0.865,2.851,0.351,0.636
23829,3D-C-Z2.tif,0.57,3.147,0.723,1.08,263,271,106.699,0.759,1.272,0.786,0.894
23830,3D-C-Z2.tif,1.046,7.25,0.25,1.564,299,289,165.964,1.207,1.25,0.8,0.745
23831,3D-C-Z2.tif,0.279,2.079,0.813,0.807,794,277,109.983,0.483,1.661,0.602,0.927
23832,3D-C-Z2.tif,2.321,6.29,0.737,2.351,486,278,94.205,1.311,1.792,0.558,0.94
23833,3D-C-Z2.tif,0.383,3.18,0.476,1.096,869,281,102.724,0.577,1.934,0.517,0.783
23834,3D-C-Z2.tif,0.782,3.614,0.753,1.298,920,318,79.287,0.851,1.575,0.635,0.92
23835,3D-C-Z2.tif,0.876,6.278,0.279,1.698,518,335,84.174,0.927,1.79,0.559,0.756
23836,3D-C-Z2.tif,0.325,2.116,0.911,0.738,733,292,142.595,0.632,1.157,0.864,0.93
23837,3D-C-Z2.tif,0.288,2.704,0.494,1.074,769,290,132.397,0.499,2.058,0.486,0.783
23838,3D-C-Z2.tif,0.654,3.338,0.737,1.352,381,297,142.253,0.656,2.119,0.472,0.931
23839,3D-C-Z2.tif,0.296,3.619,0.284,0.899,424,302,122.471,0.706,1.437,0.696,0.644
23840,3D-C-Z2.tif,0.272,3.786,0.239,1.191,701,333,67.891,0.572,2.445,0.409,0.592
23841,3D-C-Z2.tif,2.039,6.208,0.665,2.174,281,307,91.818,1.345,1.517,0.659,0.895
23842,3D-C-Z2.tif,1.296,6.1,0.438,2.269,359,311,133.152,1.06,2.037,0.491,0.743
23843,3D-C-Z2.tif,0.656,5.479,0.275,1.976,855,357,47.121,0.628,3.622,0.276,0.635
23844,3D-C-Z2.tif,0.231,2.876,0.351,0.812,744,326,12.265,0.519,1.765,0.566,0.725
23845,3D-C-Z2.tif,1.515,4.953,0.776,1.752,590,351,36.193,1.144,1.471,0.68,0.947
23846,3D-C-Z2.tif,0.578,3.049,0.781,1.232,355,358,72.072,0.644,1.993,0.502,0.943
23847,3D-C-Z2.tif,1.727,5.506,0.716,1.899,86,329,105.803,1.241,1.491,0.671,0.932
23848,3D-C-Z2.tif,1.883,9.21,0.279,2.755,199,413,81.363,1.203,2.41,0.415,0.717
23849,3D-C-Z2.tif,0.502,3.964,0.401,1.378,441,343,121.701,0.626,2.434,0.411,0.767
23850,3D-C-Z2.tif,0.702,3.411,0.758,1.138,894,367,35.134,0.913,1.265,0.79,0.894
23851,3D-C-Z2.tif,1.296,6.359,0.403,2.745,477,386,26.887,0.875,3.284,0.304,0.798
23852,3D-C-Z2.tif,0.227,1.949,0.751,0.807,343,351,109.983,0.432,1.934,0.517,0.91
23853,3D-C-Z2.tif,0.53,3.639,0.503,1.196,618,359,146.768,0.725,1.864,0.536,0.807
23854,3D-C-Z2.tif,0.446,4.183,0.32,1.447,360,377,12.381,0.825,2.221,0.45,0.538
23855,3D-C-Z2.tif,1.495,5.93,0.534,1.73,522,388,23.499,1.245,1.375,0.727,0.868
23856,3D-C-Z2.tif,0.215,2.164,0.577,0.775,968,377,69.146,0.448,1.615,0.619,0.834
23857,3D-C-Z2.tif,0.615,3.33,0.697,1.225,229,359,99.728,0.69,1.803,0.555,0.907
23858,3D-C-Z2.tif,0.782,4.252,0.544,1.484,2,368,149.265,0.966,1.285,0.778,0.809
23859,3D-C-Z2.tif,0.51,2.842,0.793,1.014,255,385,17.819,0.69,1.429,0.7,0.915
23860,3D-C-Z2.tif,0.618,3.37,0.684,1.146,303,378,164.291,0.862,1.255,0.797,0.876
23861,3D-C-Z2.tif,1.301,6.88,0.345,1.752,138,386,143.807,1.283,1.362,0.734,0.796
23862,3D-C-Z2.tif,0.515,3.131,0.66,1.243,366,395,19.44,0.631,1.964,0.509,0.891
23863,3D-C-Z2.tif,0.289,3.221,0.35,1.104,961,380,128.66,0.532,2.246,0.445,0.707
23864,3D-C-Z2.tif,0.227,2.035,0.689,0.759,439,403,50.528,0.488,1.644,0.608,0.845
23865,3D-C-Z2.tif,2.339,9.199,0.347,2.432,485,400,161.822,1.779,1.376,0.727,0.755
23866,3D-C-Z2.tif,0.365,3.091,0.48,1.047,746,391,107.241,0.631,1.661,0.602,0.788
23867,3D-C-Z2.tif,0.438,4.041,0.337,1.387,847,391,124.875,0.683,2.822,0.354,0.609
23868,3D-C-Z2.tif,0.495,3.522,0.501,1.25,462,434,65.556,0.71,2.003,0.499,0.799
23869,3D-C-Z2.tif,0.545,2.936,0.794,1.071,436,430,56.821,0.709,1.542,0.648,0.922
23870,3D-C-Z2.tif,1.724,9.527,0.239,2.727,660,455,32.082,1.306,2.5,0.4,0.684
23871,3D-C-Z2.tif,0.317,2.38,0.704,0.907,243,432,81.254,0.519,1.82,0.55,0.871
23872,3D-C-Z2.tif,0.466,2.693,0.808,0.954,627,429,49.399,0.73,1.313,0.761,0.91
23873,3D-C-Z2.tif,0.213,2.141,0.584,0.711,792,421,39.094,0.463,1.648,0.607,0.806
23874,3D-C-Z2.tif,0.647,3.123,0.833,1.163,842,410,101.976,0.789,1.528,0.654,0.936
23875,3D-C-Z2.tif,0.79,3.85,0.669,1.291,107,445,55.886,1.026,1.142,0.876,0.875
23876,3D-C-Z2.tif,0.243,2.713,0.414,1.04,145,422,5.711,0.442,3.037,0.329,0.742
23877,3D-C-Z2.tif,0.218,3.485,0.225,1.174,982,416,130.236,0.585,2.266,0.441,0.473
23878,3D-C-Z2.tif,0.56,4.699,0.319,1.444,956,417,123.311,0.793,1.909,0.524,0.678
23879,3D-C-Z2.tif,0.257,1.929,0.867,0.69,184,435,36.87,0.54,1.282,0.78,0.929
23880,3D-C-Z2.tif,0.788,4.67,0.454,1.664,308,426,124.019,0.842,2.069,0.483,0.83
23881,3D-C-Z2.tif,0.659,3.256,0.781,1.255,200,465,74.055,0.722,1.657,0.603,0.942
23882,3D-C-Z2.tif,0.549,2.896,0.823,1.096,531,452,24.146,0.703,1.613,0.62,0.923
23883,3D-C-Z2.tif,2.793,12.866,0.212,2.869,145,433,99.689,1.657,2.098,0.477,0.682
23884,3D-C-Z2.tif,0.391,3.508,0.399,1.364,420,436,110.726,0.537,3.348,0.299,0.742
23885,3D-C-Z2.tif,0.335,2.287,0.806,0.862,223,459,73.74,0.585,1.47,0.68,0.902
23886,3D-C-Z2.tif,0.272,3.493,0.28,1.377,856,479,67.932,0.426,3.763,0.266,0.68
23887,3D-C-Z2.tif,0.901,4.277,0.619,1.435,812,444,125.218,0.903,1.576,0.635,0.898
23888,3D-C-Z2.tif,0.239,2.672,0.421,1.095,345,445,118.179,0.426,3.12,0.32,0.708
23889,3D-C-Z2.tif,0.231,1.811,0.884,0.654,366,457,18.435,0.517,1.259,0.794,0.917
23890,3D-C-Z2.tif,0.811,4.837,0.436,1.81,403,448,120.964,0.682,3.255,0.307,0.773
23891,3D-C-Z2.tif,0.268,3.046,0.362,1.246,17,450,104.421,0.373,4.206,0.238,0.726
23892,3D-C-Z2.tif,0.916,3.866,0.77,1.215,699,456,145.408,1.052,1.143,0.875,0.928
23893,3D-C-Z2.tif,1.405,8.281,0.258,1.852,553,501,65.821,1.316,1.597,0.626,0.757
23894,3D-C-Z2.tif,1.422,4.677,0.817,1.712,243,458,99.273,1.103,1.51,0.662,0.955
23895,3D-C-Z2.tif,0.369,2.526,0.726,0.83,65,464,131.634,0.673,1.179,0.848,0.873
23896,3D-C-Z2.tif,1.885,6.201,0.616,2.053,780,524,82.278,1.178,1.747,0.572,0.915
23897,3D-C-Z2.tif,0.314,2.185,0.827,0.766,194,475,144.162,0.617,1.235,0.809,0.91
23898,3D-C-Z2.tif,0.382,2.323,0.889,0.834,336,495,60.255,0.655,1.215,0.823,0.937
23899,3D-C-Z2.tif,0.411,3.68,0.382,1.269,46,475,132.797,0.585,2.583,0.387,0.7
23900,3D-C-Z2.tif,0.812,6.428,0.247,1.915,367,488,166.464,0.864,2.304,0.434,0.692
23901,3D-C-Z2.tif,0.85,4.142,0.623,1.3,923,501,21.801,1.07,1.078,0.927,0.839
23902,3D-C-Z2.tif,0.259,2.432,0.551,0.993,264,483,110.323,0.447,2.613,0.383,0.847
23903,3D-C-Z2.tif,0.471,3.278,0.551,1.037,519,484,105.422,0.756,1.316,0.76,0.821
23904,3D-C-Z2.tif,0.742,3.971,0.591,1.615,729,488,106.113,0.69,2.324,0.43,0.912
23905,3D-C-Z2.tif,0.269,2.087,0.775,0.746,77,507,56.31,0.555,1.344,0.744,0.873
23906,3D-C-Z2.tif,0.844,3.749,0.755,1.296,601,530,61.39,0.944,1.412,0.708,0.91
23907,3D-C-Z2.tif,0.402,3.431,0.429,1.483,748,495,107.592,0.472,3.409,0.293,0.85
23908,3D-C-Z2.tif,0.635,5.832,0.235,1.915,211,498,113.334,0.74,2.998,0.334,0.573
23909,3D-C-Z2.tif,0.712,3.789,0.623,1.359,351,531,54.293,0.928,1.576,0.635,0.854
23910,3D-C-Z2.tif,0.225,3.2,0.276,1.024,101,520,32.619,0.474,2.608,0.383,0.64
23911,3D-C-Z2.tif,0.579,3.394,0.632,1.424,666,545,83.047,0.586,2.303,0.434,0.905
23912,3D-C-Z2.tif,0.753,5.494,0.313,2.057,691,507,124.756,0.686,3.329,0.3,0.733
23913,3D-C-Z2.tif,0.927,3.846,0.788,1.313,49,508,103.671,1.055,1.206,0.829,0.923
23914,3D-C-Z2.tif,1.082,4.126,0.799,1.287,124,510,110.376,1.207,1.078,0.927,0.93
23915,3D-C-Z2.tif,0.373,4.423,0.24,1.604,496,532,25.463,0.635,2.346,0.426,0.579
23916,3D-C-Z2.tif,0.329,2.457,0.686,1.002,164,529,26.565,0.46,2.249,0.445,0.901
23917,3D-C-Z2.tif,0.545,4.159,0.396,1.07,534,533,20.772,0.798,1.417,0.706,0.824
23918,3D-C-Z2.tif,0.744,3.793,0.65,1.288,636,516,105.524,0.831,1.647,0.607,0.894
23919,3D-C-Z2.tif,0.408,2.489,0.827,0.903,455,520,133.452,0.676,1.261,0.793,0.922
23920,3D-C-Z2.tif,0.345,4.569,0.208,1.415,271,528,2.793,0.581,2.445,0.409,0.592
23921,3D-C-Z2.tif,2.721,12.269,0.227,2.781,921,536,132.99,2.144,1.335,0.749,0.625
23922,3D-C-Z2.tif,0.405,3.241,0.485,1.127,305,548,23.429,0.588,2.072,0.483,0.815
23923,3D-C-Z2.tif,0.335,3.468,0.35,0.864,239,530,118.61,0.759,1.281,0.78,0.709
23924,3D-C-Z2.tif,0.671,3.76,0.596,1.38,617,531,102.995,0.756,1.843,0.542,0.858
23925,3D-C-Z2.tif,0.257,1.921,0.875,0.746,770,546,33.69,0.509,1.478,0.677,0.929
23926,3D-C-Z2.tif,1.102,5.625,0.438,1.497,545,555,7.943,1.11,1.461,0.684,0.828
23927,3D-C-Z2.tif,0.552,4.082,0.416,1.123,796,566,72.121,0.828,1.316,0.76,0.827
23928,3D-C-Z2.tif,0.422,3.337,0.476,1.493,822,538,96.633,0.414,3.546,0.282,0.909
23929,3D-C-Z2.tif,1.646,6.596,0.475,2.637,497,545,138.18,1.114,2.336,0.428,0.862
23930,3D-C-Z2.tif,0.245,3.685,0.227,1.014,277,572,54.689,0.544,2.293,0.436,0.589
23931,3D-C-Z2.tif,1.044,4.265,0.721,1.418,673,567,161.565,1.005,1.345,0.744,0.928
23932,3D-C-Z2.tif,0.304,2.242,0.761,0.842,323,573,34.992,0.541,1.687,0.593,0.878
23933,3D-C-Z2.tif,0.649,4.512,0.401,1.171,889,559,132.614,1.003,1.226,0.816,0.75
23934,3D-C-Z2.tif,0.528,3.204,0.646,1.235,763,560,144.09,0.698,1.807,0.553,0.857
23935,3D-C-Z2.tif,2.224,6.969,0.575,2.05,587,622,77.367,1.511,1.36,0.735,0.903
23936,3D-C-Z2.tif,0.416,2.526,0.82,0.942,802,593,66.251,0.6,1.554,0.643,0.931
23937,3D-C-Z2.tif,0.702,4.529,0.43,1.219,281,586,171.87,0.951,1.1,0.909,0.799
23938,3D-C-Z2.tif,0.269,3.123,0.346,1.005,484,585,22.166,0.432,2.898,0.345,0.762
23939,3D-C-Z2.tif,2.342,5.912,0.842,1.946,225,573,119.745,1.552,1.181,0.847,0.958
23940,3D-C-Z2.tif,0.224,2.546,0.433,1.044,631,577,172.405,0.397,3.187,0.314,0.732
23941,3D-C-Z2.tif,0.346,2.635,0.626,0.854,989,573,133.363,0.666,1.241,0.805,0.878
23942,3D-C-Z2.tif,0.936,4.447,0.595,1.886,668,584,120.784,0.76,2.39,0.418,0.92
23943,3D-C-Z2.tif,0.357,2.75,0.593,0.958,489,601,30.256,0.621,1.471,0.68,0.845
23944,3D-C-Z2.tif,2.558,10.145,0.312,2.705,652,588,101.023,1.686,1.694,0.59,0.741
23945,3D-C-Z2.tif,1.712,5.104,0.826,1.826,188,643,79.114,1.276,1.481,0.675,0.954
23946,3D-C-Z2.tif,0.834,3.76,0.741,1.388,276,593,104.381,0.931,1.444,0.693,0.911
23947,3D-C-Z2.tif,0.212,3.224,0.256,1.134,854,624,70.463,0.396,3.061,0.327,0.561
23948,3D-C-Z2.tif,0.246,2.785,0.399,1.222,937,607,16.39,0.333,4.532,0.221,0.767
23949,3D-C-Z2.tif,0.4,3.13,0.512,1.293,149,637,80.789,0.44,3.197,0.313,0.86
23950,3D-C-Z2.tif,0.617,3.528,0.623,1.318,940,630,42.879,0.768,1.671,0.599,0.879
23951,3D-C-Z2.tif,0.215,3.062,0.288,0.976,302,631,32.005,0.441,2.914,0.343,0.658
23952,3D-C-Z2.tif,0.273,2.36,0.617,0.911,872,633,29.476,0.481,1.99,0.503,0.829
23953,3D-C-Z2.tif,0.567,3.066,0.758,1.049,606,647,62.592,0.789,1.306,0.766,0.911
23954,3D-C-Z2.tif,0.254,2.489,0.516,0.954,133,624,102.529,0.476,2.345,0.427,0.766
23955,3D-C-Z2.tif,0.699,5.666,0.274,1.32,223,657,49.236,1.005,1.249,0.801,0.762
23956,3D-C-Z2.tif,0.436,2.656,0.778,1.078,918,627,97.352,0.552,1.891,0.529,0.935
23957,3D-C-Z2.tif,1.118,6.438,0.339,2.021,333,629,115.253,1.194,1.886,0.53,0.691
23958,3D-C-Z2.tif,0.273,3.7,0.251,1.497,687,666,61.074,0.357,5.389,0.186,0.668
23959,3D-C-Z2.tif,0.354,3.513,0.361,0.942,894,656,66.251,0.621,1.764,0.567,0.81
23960,3D-C-Z2.tif,0.319,2.311,0.75,0.852,516,638,121.759,0.586,1.505,0.665,0.877
23961,3D-C-Z2.tif,0.687,4.983,0.348,1.45,257,639,118.393,0.844,1.921,0.521,0.729
23962,3D-C-Z2.tif,1.017,6.33,0.319,2.495,942,642,101.155,0.92,3.224,0.31,0.688
23963,3D-C-Z2.tif,0.281,3.436,0.299,1.422,746,647,157.166,0.423,3.84,0.26,0.648
23964,3D-C-Z2.tif,0.476,2.908,0.707,1.148,294,647,122.735,0.627,1.948,0.513,0.882
23965,3D-C-Z2.tif,2.566,10.737,0.28,3.382,416,655,156.571,1.482,2.231,0.448,0.75
23966,3D-C-Z2.tif,1.062,5.414,0.455,1.484,594,685,30.735,1.126,1.289,0.776,0.797
23967,3D-C-Z2.tif,0.736,5,0.37,1.489,680,686,47.816,0.992,1.408,0.71,0.726
23968,3D-C-Z2.tif,0.801,3.496,0.824,1.232,743,688,72.072,0.897,1.304,0.767,0.942
23969,3D-C-Z2.tif,0.337,2.428,0.717,0.928,98,681,74.932,0.552,1.827,0.547,0.887
23970,3D-C-Z2.tif,0.449,2.575,0.852,0.988,506,656,119.249,0.658,1.514,0.66,0.941
23971,3D-C-Z2.tif,0.561,2.989,0.79,1.131,541,659,142.431,0.74,1.498,0.667,0.931
23972,3D-C-Z2.tif,0.34,2.343,0.779,0.884,892,685,69.444,0.539,1.622,0.616,0.924
23973,3D-C-Z2.tif,0.781,6.238,0.252,1.748,635,664,104.859,0.829,2.483,0.403,0.697
23974,3D-C-Z2.tif,0.249,2.153,0.674,0.805,123,688,80.134,0.483,1.922,0.52,0.85
23975,3D-C-Z2.tif,1.539,9.63,0.209,2.357,209,689,5.877,1.427,1.635,0.612,0.669
23976,3D-C-Z2.tif,0.224,2.201,0.58,0.788,912,674,156.801,0.453,1.799,0.556,0.775
23977,3D-C-Z2.tif,0.792,5.451,0.335,1.294,167,695,41.76,0.993,1.147,0.872,0.796
23978,3D-C-Z2.tif,0.303,2.563,0.58,0.958,965,686,120.256,0.566,1.664,0.601,0.807
23979,3D-C-Z2.tif,0.254,1.929,0.859,0.666,418,700,21.251,0.552,1.085,0.922,0.909
23980,3D-C-Z2.tif,0.225,2.164,0.603,0.89,744,703,35.538,0.432,2.171,0.461,0.836
23981,3D-C-Z2.tif,0.818,3.512,0.834,1.249,905,691,129.401,0.966,1.256,0.796,0.947
23982,3D-C-Z2.tif,0.623,3.241,0.745,1.236,769,724,59.859,0.754,1.668,0.6,0.913
23983,3D-C-Z2.tif,0.508,2.957,0.73,0.987,347,722,77.905,0.756,1.318,0.759,0.883
23984,3D-C-Z2.tif,0.296,2.664,0.524,1.098,137,696,136.273,0.416,2.819,0.355,0.785
23985,3D-C-Z2.tif,0.478,2.985,0.674,0.932,675,709,177.879,0.759,1.182,0.846,0.882
23986,3D-C-Z3.tif,2.387,12.098,0.205,2.381,257,117,20.095,1.62,1.694,0.59,0.801
23987,3D-C-Z3.tif,0.499,3.858,0.422,0.92,981,83,101.976,0.804,1.137,0.879,0.885
23988,3D-C-Z3.tif,2.038,5.856,0.747,1.837,721,212,65.908,1.505,1.151,0.869,0.964
23989,3D-C-Z3.tif,2.26,8.014,0.442,2.365,438,117,93.968,1.333,1.814,0.551,0.915
23990,3D-C-Z3.tif,0.214,2.83,0.336,1.014,804,202,47.726,0.342,3.625,0.276,0.797
23991,3D-C-Z3.tif,0.638,4.778,0.351,1.374,182,165,139.83,0.738,1.938,0.516,0.865
23992,3D-C-Z3.tif,1.288,7.407,0.295,2.298,127,199,132.114,1.071,1.924,0.52,0.721
23993,3D-C-Z3.tif,1.453,5.881,0.528,1.71,704,295,32.296,1.135,1.441,0.694,0.919
23994,3D-C-Z3.tif,0.579,3.401,0.629,1.227,121,322,75.192,0.664,1.93,0.518,0.922
23995,3D-C-Z3.tif,0.311,2.42,0.668,0.877,336,283,122.949,0.521,1.662,0.602,0.927
23996,3D-C-Z3.tif,0.246,2.303,0.584,0.884,90,297,109.832,0.423,2.133,0.469,0.873
23997,3D-C-Z3.tif,1.3,8.301,0.237,2.885,418,390,25.475,0.933,3.218,0.311,0.745
23998,3D-C-Z3.tif,0.269,3.948,0.217,1.173,691,378,141.132,0.463,2.852,0.351,0.678
23999,3D-C-Z3.tif,0.525,4.481,0.328,1.195,689,387,117.15,0.704,1.499,0.667,0.812
24000,3D-C-Z3.tif,0.501,3.522,0.507,1.121,322,501,53.409,0.676,1.641,0.609,0.901
24001,3D-C-Z3.tif,0.34,3.043,0.461,0.955,803,497,53.13,0.6,1.655,0.604,0.817
24002,3D-C-Z3.tif,0.564,3.267,0.664,1.116,560,554,25.313,0.684,1.599,0.626,0.931
24003,3D-C-Z3.tif,0.376,3.745,0.337,1.432,298,509,103.772,0.484,3.653,0.274,0.705
24004,3D-C-Z3.tif,0.37,2.827,0.582,0.813,78,662,67.306,0.668,1.255,0.797,0.904
24005,3D-C-Z3.tif,0.416,4.693,0.237,1.291,200,713,38.565,0.667,2.467,0.405,0.667
24006,3D-D-Z1.tif,1.811,6.517,0.536,2.438,305,27,70.201,1.298,2.13,0.47,0.748
24007,3D-D-Z1.tif,1.002,4.995,0.505,1.782,559,5,101.889,0.993,2.129,0.47,0.723
24008,3D-D-Z1.tif,1.297,4.637,0.758,1.714,685,24,74.476,1.269,1.383,0.723,0.868
24009,3D-D-Z1.tif,1.71,5.165,0.805,1.892,537,8,140.906,1.447,1.265,0.791,0.886
24010,3D-D-Z1.tif,0.8,4.225,0.563,1.828,176,8,162.474,0.734,2.829,0.354,0.83
24011,3D-D-Z1.tif,2.813,7.694,0.597,3.051,248,32,46.219,1.817,1.784,0.56,0.838
24012,3D-D-Z1.tif,0.775,3.567,0.765,1.436,635,8,116.565,0.84,1.844,0.542,0.856
24013,3D-D-Z1.tif,2.375,8.884,0.378,3.445,431,11,138.24,1.22,3.48,0.287,0.704
24014,3D-D-Z1.tif,1.364,4.583,0.816,1.782,524,14,124.509,1.067,1.696,0.59,0.908
24015,3D-D-Z1.tif,0.598,3.231,0.72,1.278,696,14,158.962,0.813,1.567,0.638,0.807
24016,3D-D-Z1.tif,0.724,3.643,0.686,1.433,747,13,129.806,0.908,1.783,0.561,0.815
24017,3D-D-Z1.tif,0.632,3.827,0.542,1.557,462,15,135,0.676,2.564,0.39,0.739
24018,3D-D-Z1.tif,1.078,4.583,0.645,1.48,331,15,97.125,1.067,1.265,0.791,0.834
24019,3D-D-Z1.tif,2.105,10.249,0.252,4.23,722,17,139.399,1.29,4.288,0.233,0.543
24020,3D-D-Z1.tif,1.162,6.194,0.381,1.763,394,33,38.66,1.231,1.711,0.584,0.68
24021,3D-D-Z1.tif,1.145,4.605,0.679,1.568,480,20,159.444,1.285,1.155,0.866,0.812
24022,3D-D-Z1.tif,0.589,3.469,0.616,1.451,919,18,108.435,0.63,2.756,0.363,0.828
24023,3D-D-Z1.tif,4.135,13.543,0.283,4.527,420,19,107.7,1.804,2.828,0.354,0.676
24024,3D-D-Z1.tif,3.916,14.676,0.228,4.429,871,48,34.019,2.534,2.176,0.459,0.528
24025,3D-D-Z1.tif,0.556,2.94,0.808,1.175,635,23,128.66,0.738,1.701,0.588,0.852
24026,3D-D-Z1.tif,0.547,3.254,0.65,1.505,317,30,127.569,0.613,2.832,0.353,0.823
24027,3D-D-Z1.tif,0.8,3.567,0.79,1.364,387,31,109.654,0.918,1.502,0.666,0.86
24028,3D-D-Z1.tif,2.105,7.685,0.448,3.29,343,33,112.989,1.179,3.258,0.307,0.77
24029,3D-D-Z1.tif,4.758,14.546,0.283,4.008,667,38,105.945,2.386,1.733,0.577,0.715
24030,3D-D-Z1.tif,0.994,4.171,0.718,1.692,686,40,130.601,0.862,1.991,0.502,0.874
24031,3D-D-Z1.tif,0.648,3.849,0.55,1.451,364,45,108.435,0.836,1.851,0.54,0.74
24032,3D-D-Z1.tif,10.097,24.988,0.203,7.724,373,45,133.556,2.972,2.991,0.334,0.589
24033,3D-D-Z1.tif,2.771,12.169,0.235,3.803,439,47,109.747,1.467,2.834,0.353,0.623
24034,3D-D-Z1.tif,11.596,24.287,0.247,9.505,167,58,164.89,3.098,4.537,0.22,0.524
24035,3D-D-Z1.tif,2.779,10.182,0.337,3.255,460,50,130.426,1.661,2.186,0.457,0.707
24036,3D-D-Z1.tif,0.606,4.843,0.325,2.095,899,69,28.811,0.564,5.06,0.198,0.673
24037,3D-D-Z1.tif,0.606,3.254,0.72,1.398,752,60,156.801,0.638,2.287,0.437,0.847
24038,3D-D-Z1.tif,0.505,3.33,0.573,1.48,698,59,119.745,0.524,3.433,0.291,0.8
24039,3D-D-Z1.tif,7.032,18.341,0.263,5.828,274,61,153.838,2.904,2.404,0.416,0.648
24040,3D-D-Z1.tif,4.388,14.081,0.278,5.435,157,62,168.311,2.395,2.65,0.377,0.557
24041,3D-D-Z1.tif,5.92,14.609,0.349,5.601,333,62,108.138,1.907,3.613,0.277,0.709
24042,3D-D-Z1.tif,5.524,14.138,0.347,3.657,491,94,17.526,2.977,1.023,0.977,0.672
24043,3D-D-Z1.tif,0.699,3.415,0.753,1.451,326,63,108.435,0.702,2.219,0.451,0.888
24044,3D-D-Z1.tif,1.196,5.08,0.582,2.015,365,63,120.069,0.985,1.963,0.509,0.807
24045,3D-D-Z1.tif,0.539,2.712,0.921,1.168,735,66,135,0.739,1.548,0.646,0.928
24046,3D-D-Z1.tif,1.39,6.4,0.426,2.867,774,66,129.806,0.793,4.665,0.214,0.74
24047,3D-D-Z1.tif,0.893,4.064,0.679,1.634,426,75,128.157,0.982,1.79,0.559,0.855
24048,3D-D-Z1.tif,2.863,10.594,0.321,4.76,691,82,123.996,1.23,4.066,0.246,0.734
24049,3D-D-Z1.tif,1.305,4.852,0.697,2.062,220,85,159.146,0.935,2.404,0.416,0.891
24050,3D-D-Z1.tif,3.36,11.046,0.346,3.395,391,91,108.925,2.02,1.448,0.691,0.703
24051,3D-D-Z1.tif,1.592,7.801,0.329,2.409,433,92,162.255,1.331,1.373,0.729,0.663
24052,3D-D-Z1.tif,0.699,3.361,0.777,1.278,681,105,68.962,0.918,1.394,0.717,0.856
24053,3D-D-Z1.tif,0.968,4.323,0.651,1.835,355,95,143.13,0.865,2.536,0.394,0.846
24054,3D-D-Z1.tif,1.246,8.463,0.219,3.699,835,95,119.745,0.637,8.043,0.124,0.615
24055,3D-D-Z1.tif,1.634,7.013,0.417,2.189,714,111,33.024,1.605,1.643,0.609,0.69
24056,3D-D-Z1.tif,2.215,11.328,0.217,3.116,492,104,166.373,1.791,2.035,0.491,0.527
24057,3D-D-Z1.tif,2.644,12.258,0.221,5.389,739,101,137.07,1.088,6.248,0.16,0.586
24058,3D-D-Z1.tif,1.305,6.928,0.342,2.851,617,104,146.821,1.026,3.6,0.278,0.62
24059,3D-D-Z1.tif,0.834,4.323,0.56,1.626,879,109,163.61,0.875,2.085,0.48,0.75
24060,3D-D-Z1.tif,1.086,3.827,0.932,1.336,688,108,105.945,1.145,1.172,0.853,0.902
24061,3D-D-Z1.tif,1.011,4.691,0.577,2.015,309,110,120.069,0.862,2.54,0.394,0.814
24062,3D-D-Z1.tif,0.632,2.994,0.885,1.161,423,117,18.435,0.792,1.52,0.658,0.877
24063,3D-D-Z1.tif,1.861,10.603,0.208,2.189,364,111,123.024,1.927,1.195,0.837,0.614
24064,3D-D-Z1.tif,0.699,3.751,0.624,1.389,535,116,172.405,0.862,1.779,0.562,0.783
24065,3D-D-Z1.tif,3.032,8.28,0.556,2.699,491,119,107.819,1.765,1.651,0.606,0.789
24066,3D-D-Z1.tif,1.44,4.409,0.931,1.642,510,121,153.435,1.193,1.333,0.75,0.937
24067,3D-D-Z1.tif,3.832,12.742,0.297,4.124,384,123,110.854,1.695,2.496,0.401,0.697
24068,3D-D-Z1.tif,2.872,7.51,0.64,2.625,596,146,53.531,1.697,1.619,0.618,0.831
24069,3D-D-Z1.tif,0.522,2.842,0.812,1.105,257,125,138.366,0.821,1.306,0.766,0.899
24070,3D-D-Z1.tif,1.398,6.333,0.438,2.062,409,130,159.146,1.324,1.543,0.648,0.671
24071,3D-D-Z1.tif,0.985,4.668,0.568,1.642,184,136,153.435,1.21,1.418,0.705,0.75
24072,3D-D-Z1.tif,2.804,10.983,0.292,4.947,797,132,130.486,1.064,5.469,0.183,0.653
24073,3D-D-Z1.tif,3.604,11.901,0.32,4.83,332,133,141.17,1.509,4.086,0.245,0.64
24074,3D-D-Z1.tif,3.587,8.732,0.591,3.315,700,139,131.634,1.868,2.042,0.49,0.82
24075,3D-D-Z1.tif,3.655,11.973,0.32,4.698,720,134,167.593,1.935,3.171,0.315,0.626
24076,3D-D-Z1.tif,1.39,6.409,0.425,2.774,292,135,124.216,1.028,3.239,0.309,0.727
24077,3D-D-Z1.tif,1.465,4.713,0.829,1.81,377,135,120.466,1.233,1.41,0.709,0.902
24078,3D-D-Z1.tif,1.364,8.011,0.267,3.067,849,135,128.928,1.019,3.486,0.287,0.59
24079,3D-D-Z1.tif,1.019,4.247,0.71,1.634,554,138,128.157,1.038,1.68,0.595,0.849
24080,3D-D-Z1.tif,0.573,3.827,0.491,1.707,95,150,36.254,0.57,3.724,0.269,0.739
24081,3D-D-Z1.tif,1.92,7.013,0.491,2.551,253,139,142.306,1.436,2.001,0.5,0.752
24082,3D-D-Z1.tif,1.053,5.232,0.483,2.221,331,142,141.71,0.893,3.101,0.322,0.735
24083,3D-D-Z1.tif,1.002,4.399,0.651,1.847,314,143,116.565,0.908,2.149,0.465,0.818
24084,3D-D-Z1.tif,4.918,15.271,0.265,5.143,757,160,164.476,2.441,2.233,0.448,0.552
24085,3D-D-Z1.tif,5.12,16.246,0.244,4.887,417,150,145.713,1.938,2.632,0.38,0.687
24086,3D-D-Z1.tif,0.699,3.07,0.932,1.161,611,159,161.565,0.903,1.3,0.77,0.897
24087,3D-D-Z1.tif,1.92,8.226,0.357,3.799,874,161,127.147,0.831,5.932,0.169,0.765
24088,3D-D-Z1.tif,1.137,4.216,0.804,1.527,345,164,122.735,1.094,1.428,0.7,0.891
24089,3D-D-Z1.tif,2.762,9.9,0.354,3.244,369,176,8.13,1.692,2.448,0.409,0.619
24090,3D-D-Z1.tif,1.735,6.02,0.602,1.945,621,185,70.71,1.468,1.364,0.733,0.844
24091,3D-D-Z1.tif,0.623,3.016,0.861,1.275,417,169,120.256,0.714,1.877,0.533,0.886
24092,3D-D-Z1.tif,2.425,10.362,0.284,2.809,247,172,141.633,1.625,1.717,0.582,0.704
24093,3D-D-Z1.tif,0.573,3.254,0.68,1.298,297,176,8.13,0.702,1.943,0.515,0.8
24094,3D-D-Z1.tif,0.775,4.032,0.599,1.364,316,177,160.346,1.035,1.484,0.674,0.748
24095,3D-D-Z1.tif,0.615,4.507,0.38,1.945,859,172,160.71,0.623,4.069,0.246,0.689
24096,3D-D-Z1.tif,2.99,11.995,0.261,3.243,581,173,154.885,1.744,1.94,0.515,0.698
24097,3D-D-Z1.tif,0.514,3.46,0.539,1.451,773,173,145.305,0.714,2.422,0.413,0.709
24098,3D-D-Z1.tif,4.177,11.543,0.394,4.001,403,179,143.393,1.752,2.369,0.422,0.801
24099,3D-D-Z1.tif,5.785,18.721,0.207,5.146,354,180,121.139,3.047,2.13,0.47,0.522
24100,3D-D-Z1.tif,0.598,4.14,0.438,1.772,754,183,111.251,0.566,3.688,0.271,0.759
24101,3D-D-Z1.tif,0.573,3.934,0.465,1.753,284,186,137.121,0.689,2.915,0.343,0.673
24102,3D-D-Z1.tif,0.539,3.545,0.539,1.48,339,186,97.125,0.642,2.469,0.405,0.762
24103,3D-D-Z1.tif,1.171,5.362,0.512,2.097,455,195,156.801,0.996,2.677,0.374,0.764
24104,3D-D-Z1.tif,1.667,8.419,0.296,3.17,308,200,112.109,1.199,3.029,0.33,0.62
24105,3D-D-Z1.tif,2.105,5.944,0.749,2.038,619,218,35.838,1.508,1.368,0.731,0.879
24106,3D-D-Z1.tif,1.886,5.554,0.768,2.14,342,204,120.964,1.248,1.762,0.568,0.88
24107,3D-D-Z1.tif,0.884,3.599,0.858,1.323,710,218,56.31,1.002,1.351,0.74,0.905
24108,3D-D-Z1.tif,0.952,3.912,0.781,1.513,169,223,75.964,0.918,1.663,0.601,0.863
24109,3D-D-Z1.tif,0.792,3.621,0.759,1.527,395,207,147.265,0.78,1.916,0.522,0.887
24110,3D-D-Z1.tif,1.137,4.171,0.821,1.634,439,208,128.157,1.065,1.608,0.622,0.906
24111,3D-D-Z1.tif,1.432,6.669,0.405,2.596,545,209,135,1.113,2.535,0.394,0.711
24112,3D-D-Z1.tif,2.03,7.125,0.502,3.03,576,213,125.134,1.074,3.268,0.306,0.805
24113,3D-D-Z1.tif,0.766,3.903,0.632,1.687,634,214,135,0.714,2.581,0.387,0.827
24114,3D-D-Z1.tif,5.684,15.011,0.317,6.311,279,218,139.128,1.74,4.694,0.213,0.696
24115,3D-D-Z1.tif,0.632,3.155,0.797,1.248,561,214,143.973,0.821,1.53,0.654,0.877
24116,3D-D-Z1.tif,1.204,6.042,0.415,2.3,903,215,151.39,1.045,2.777,0.36,0.726
24117,3D-D-Z1.tif,0.632,3.437,0.672,1.135,677,222,14.036,1.009,1.129,0.886,0.773
24118,3D-D-Z1.tif,9.381,22.361,0.236,6.989,776,222,113.199,2.523,3.652,0.274,0.623
24119,3D-D-Z1.tif,1.878,5.187,0.877,1.822,566,228,139.086,1.542,1.155,0.865,0.925
24120,3D-D-Z1.tif,5.095,16.828,0.226,4.281,423,228,120.964,2.79,1.732,0.577,0.621
24121,3D-D-Z1.tif,1.827,9.502,0.254,3.18,331,229,133.831,1.489,2.898,0.345,0.532
24122,3D-D-Z1.tif,1.356,5.263,0.615,2.221,545,231,128.29,1.091,2.183,0.458,0.834
24123,3D-D-Z1.tif,4.766,16.752,0.213,4.679,633,237,138.18,2.567,2.042,0.49,0.56
24124,3D-D-Z1.tif,1.027,4.972,0.522,1.808,409,252,66.038,1.047,1.964,0.509,0.758
24125,3D-D-Z1.tif,8.497,20.458,0.255,7.205,255,236,136.548,3.286,2.412,0.415,0.552
24126,3D-D-Z1.tif,0.825,5.124,0.395,2.266,822,239,121.759,0.697,4.283,0.233,0.688
24127,3D-D-Z1.tif,1.154,5.415,0.494,2.221,378,240,141.71,0.96,2.56,0.391,0.755
24128,3D-D-Z1.tif,8.48,21.949,0.221,7.141,498,240,115.907,3.161,2.503,0.399,0.555
24129,3D-D-Z1.tif,0.952,4.01,0.744,1.687,615,250,157.62,0.913,2.027,0.493,0.853
24130,3D-D-Z1.tif,1.684,6.713,0.47,2.34,365,256,168.69,1.317,2.305,0.434,0.688
24131,3D-D-Z1.tif,1.112,4.301,0.755,1.687,551,254,135,1.138,1.407,0.711,0.877
24132,3D-D-Z1.tif,5.558,18.332,0.208,4.047,404,295,57.031,2.625,1.575,0.635,0.685
24133,3D-D-Z1.tif,0.581,2.972,0.827,1.161,358,259,108.435,0.724,1.669,0.599,0.879
24134,3D-D-Z1.tif,1.305,5.263,0.592,2.266,393,285,58.241,0.847,2.843,0.352,0.856
24135,3D-D-Z1.tif,1.356,6.27,0.433,2.462,682,267,153.435,1.013,2.779,0.36,0.7
24136,3D-D-Z1.tif,0.968,4.194,0.692,1.817,320,269,135,0.899,2.109,0.474,0.846
24137,3D-D-Z1.tif,0.64,4.171,0.462,1.753,448,291,83.991,0.642,3.288,0.304,0.772
24138,3D-D-Z1.tif,0.556,2.94,0.808,1.197,676,272,122.471,0.714,1.799,0.556,0.841
24139,3D-D-Z1.tif,1.364,5.339,0.601,2.235,639,277,160.821,1.068,2.337,0.428,0.835
24140,3D-D-Z1.tif,3.032,11.1,0.309,3.224,668,289,4.899,2.202,1.505,0.665,0.661
24141,3D-D-Z1.tif,0.985,5.219,0.455,2.27,339,293,14.036,0.683,3.746,0.267,0.815
24142,3D-D-Z1.tif,10.939,23.623,0.246,9.799,86,287,157.999,2.028,7.285,0.137,0.69
24143,3D-D-Z1.tif,1.305,4.928,0.675,1.892,369,290,112.834,1.101,1.572,0.636,0.856
24144,3D-D-Z1.tif,1.516,5.425,0.647,2.175,808,292,117.646,1.026,1.992,0.502,0.872
24145,3D-D-Z1.tif,7.394,16.018,0.362,4.701,326,335,51.34,3.152,1.671,0.599,0.718
24146,3D-D-Z1.tif,0.505,2.703,0.869,0.988,649,294,158.199,0.813,1.191,0.84,0.87
24147,3D-D-Z1.tif,5.255,16.068,0.256,5.808,269,299,121.43,1.856,4.627,0.216,0.596
24148,3D-D-Z1.tif,0.531,2.972,0.755,1.278,411,298,111.038,0.642,2.03,0.493,0.887
24149,3D-D-Z1.tif,3.613,12.559,0.288,4.765,431,299,105.642,1.371,4.273,0.234,0.665
24150,3D-D-Z1.tif,1.423,4.896,0.746,1.772,701,300,111.251,1.261,1.385,0.722,0.878
24151,3D-D-Z1.tif,1.154,5.868,0.421,2.206,293,302,106.928,1.13,2.57,0.389,0.628
24152,3D-D-Z1.tif,2.366,10.074,0.293,2.851,496,304,123.179,1.988,1.351,0.74,0.628
24153,3D-D-Z1.tif,5.861,18.4,0.218,6.461,245,374,78.53,1.697,4.477,0.223,0.685
24154,3D-D-Z1.tif,2.619,8.517,0.454,2.368,459,306,125.538,1.927,1.222,0.819,0.789
24155,3D-D-Z1.tif,0.842,4.247,0.587,1.451,667,317,34.695,1.038,1.353,0.739,0.778
24156,3D-D-Z1.tif,3.006,10.97,0.314,3.972,618,307,130.314,1.821,2.48,0.403,0.625
24157,3D-D-Z1.tif,3.394,11.467,0.324,3.97,720,310,123.69,1.928,2.707,0.369,0.651
24158,3D-D-Z1.tif,0.977,3.804,0.848,1.425,392,314,104.931,1.002,1.461,0.684,0.903
24159,3D-D-Z1.tif,3.486,10.375,0.407,3.59,593,314,122.471,1.841,2.19,0.457,0.75
24160,3D-D-Z1.tif,1.255,5.004,0.63,1.951,527,315,131.186,1.038,2.097,0.477,0.83
24161,3D-D-Z1.tif,4.935,16.296,0.234,5.194,663,328,147.995,2.844,2.691,0.372,0.505
24162,3D-D-Z1.tif,2.114,8.463,0.371,2.808,452,320,101.31,1.432,2.006,0.499,0.666
24163,3D-D-Z1.tif,3.731,11.619,0.347,3.325,406,355,50.599,2.49,1.015,0.985,0.671
24164,3D-D-Z1.tif,6.535,15.974,0.322,5.752,193,325,123.944,2.544,3.356,0.298,0.663
24165,3D-D-Z1.tif,3.124,9.802,0.409,3.612,517,323,117.216,1.613,2.721,0.368,0.767
24166,3D-D-Z1.tif,2.872,6.57,0.836,2.382,578,332,105.642,1.652,1.455,0.687,0.92
24167,3D-D-Z1.tif,1.566,5.729,0.6,2.22,540,337,150.255,1.145,2.186,0.457,0.803
24168,3D-D-Z1.tif,0.665,3.339,0.75,1.314,378,337,102.095,0.684,2.144,0.466,0.854
24169,3D-D-Z1.tif,1.036,4.042,0.797,1.603,391,354,76.759,0.918,1.737,0.576,0.895
24170,3D-D-Z1.tif,0.589,3.706,0.539,1.584,325,339,100.008,0.551,3.371,0.297,0.824
24171,3D-D-Z1.tif,1.541,7.242,0.369,2.471,497,341,121.329,1.231,2.397,0.417,0.647
24172,3D-D-Z1.tif,0.632,3.814,0.546,1.675,275,345,99.462,0.551,3.256,0.307,0.862
24173,3D-D-Z1.tif,4.64,12.438,0.377,4.348,465,347,134.145,1.886,2.572,0.389,0.725
24174,3D-D-Z1.tif,1.027,5.178,0.482,1.892,837,349,104.036,1.12,1.709,0.585,0.701
24175,3D-D-Z1.tif,5.019,16.126,0.243,3.655,547,360,151.504,2.938,1.09,0.917,0.65
24176,3D-D-Z1.tif,1.305,5.393,0.564,1.763,594,352,141.34,1.37,1.335,0.749,0.764
24177,3D-D-Z1.tif,0.564,3.102,0.737,1.288,397,353,94.086,0.642,1.909,0.524,0.865
24178,3D-D-Z1.tif,3.166,7.282,0.75,2.874,440,355,106.699,1.439,2.018,0.496,0.915
24179,3D-D-Z1.tif,1.533,5.111,0.737,1.985,660,361,146.31,1.221,1.6,0.625,0.873
24180,3D-D-Z1.tif,1.272,5.469,0.534,2.14,699,359,120.964,1.103,2.01,0.498,0.776
24181,3D-D-Z1.tif,0.606,3.155,0.765,1.304,382,375,50.711,0.806,1.818,0.55,0.847
24182,3D-D-Z1.tif,0.724,4.82,0.392,2.134,912,365,115.463,0.638,4.02,0.249,0.696
24183,3D-D-Z1.tif,1.491,5.273,0.674,2.142,328,390,80.134,1.009,2.199,0.455,0.889
24184,3D-D-Z1.tif,1.07,4.874,0.566,2.038,414,368,97.765,0.826,2.646,0.378,0.801
24185,3D-D-Z1.tif,5.853,10.527,0.664,3.894,521,368,124.439,2.421,1.653,0.605,0.878
24186,3D-D-Z1.tif,1.684,5.684,0.655,2.181,717,368,112.249,1.377,1.619,0.618,0.844
24187,3D-D-Z1.tif,8.068,22.503,0.2,8.097,772,368,125.311,2.585,3.888,0.257,0.593
24188,3D-D-Z1.tif,0.926,4.592,0.552,1.803,504,370,104.744,0.852,2.605,0.384,0.786
24189,3D-D-Z1.tif,1.457,4.637,0.852,1.605,602,373,149.036,1.338,1.112,0.899,0.915
24190,3D-D-Z1.tif,3.015,10.365,0.353,3.694,461,374,116.565,1.448,2.635,0.38,0.708
24191,3D-D-Z1.tif,0.8,3.46,0.84,1.401,588,380,121.608,0.844,1.674,0.597,0.876
24192,3D-D-Z1.tif,1.903,6.118,0.639,2.538,731,382,130.601,1.093,2.545,0.393,0.846
24193,3D-D-Z1.tif,2.038,7.434,0.463,3.063,765,382,98.616,1.196,2.847,0.351,0.813
24194,3D-D-Z1.tif,1.036,4.538,0.632,1.858,198,402,69.775,0.886,2.428,0.412,0.828
24195,3D-D-Z1.tif,0.657,3.383,0.721,1.161,428,383,108.435,0.929,1.033,0.968,0.808
24196,3D-D-Z1.tif,0.581,3.026,0.798,1.224,341,386,102.995,0.642,1.962,0.51,0.896
24197,3D-D-Z1.tif,1.179,4.194,0.842,1.494,714,388,100.62,1.101,1.355,0.738,0.897
24198,3D-D-Z1.tif,0.952,3.903,0.785,1.425,604,404,75.069,1.091,1.344,0.744,0.853
24199,3D-D-Z1.tif,1.474,6.096,0.498,2.093,308,412,74.745,1.363,1.623,0.616,0.716
24200,3D-D-Z1.tif,1.356,4.691,0.774,1.803,454,390,104.744,1.067,1.803,0.555,0.899
24201,3D-D-Z1.tif,2.787,7.425,0.635,2.352,663,398,159.444,1.656,1.459,0.685,0.87
24202,3D-D-Z1.tif,1.128,4.064,0.859,1.505,618,392,127.569,1.093,1.45,0.69,0.899
24203,3D-D-Z1.tif,3.091,10.625,0.344,3.369,549,394,150.642,2.001,1.871,0.534,0.672
24204,3D-D-Z1.tif,1.095,3.988,0.865,1.519,443,395,115.017,0.979,1.602,0.624,0.912
24205,3D-D-Z1.tif,1.322,4.453,0.838,1.692,397,396,102.529,1.19,1.392,0.719,0.895
24206,3D-D-Z1.tif,2.257,7.662,0.483,2.809,416,399,141.633,1.587,1.823,0.548,0.732
24207,3D-D-Z1.tif,1.128,4.7,0.642,1.962,160,420,79.216,0.734,2.658,0.376,0.921
24208,3D-D-Z1.tif,2.4,9.922,0.306,2.777,504,429,82.405,1.992,1.474,0.679,0.648
24209,3D-D-Z1.tif,0.968,4.691,0.553,1.977,692,400,111.801,0.9,2.44,0.41,0.785
24210,3D-D-Z1.tif,2.088,7.394,0.48,2.932,332,406,110.136,1.442,2.179,0.459,0.73
24211,3D-D-Z1.tif,0.606,2.94,0.881,1.193,181,409,157.38,0.755,1.663,0.601,0.878
24212,3D-D-Z1.tif,5.322,12.071,0.459,4.759,641,408,140.477,1.751,3.211,0.311,0.774
24213,3D-D-Z1.tif,3.537,9.555,0.487,3.309,445,421,3.18,1.892,1.899,0.527,0.766
24214,3D-D-Z1.tif,2.03,7.197,0.492,2.113,408,411,145.62,1.744,1.085,0.921,0.777
24215,3D-D-Z1.tif,1.154,4.225,0.812,1.563,533,412,139.764,1.108,1.356,0.738,0.881
24216,3D-D-Z1.tif,0.926,3.469,0.967,1.304,588,411,129.289,1.009,1.216,0.823,0.94
24217,3D-D-Z1.tif,1.078,5.187,0.503,1.964,616,412,127.405,1.006,2.343,0.427,0.753
24218,3D-D-Z1.tif,0.699,5.219,0.322,2.235,303,415,109.179,0.645,4.94,0.202,0.651
24219,3D-D-Z1.tif,6.872,18.297,0.258,6.76,552,417,131.698,2.392,4.463,0.224,0.613
24220,3D-D-Z1.tif,1.154,4.27,0.795,1.654,731,423,146.31,1.103,1.546,0.647,0.87
24221,3D-D-Z1.tif,0.8,3.307,0.919,1.323,636,421,123.69,0.9,1.547,0.646,0.913
24222,3D-D-Z1.tif,0.766,3.415,0.826,1.404,324,437,78.69,0.734,1.854,0.539,0.91
24223,3D-D-Z1.tif,2.602,7.143,0.641,2.851,352,425,93.691,1.5,2.069,0.483,0.856
24224,3D-D-Z1.tif,1.339,7.264,0.319,3.361,217,426,124.992,0.72,5.752,0.174,0.738
24225,3D-D-Z1.tif,0.749,5.2,0.348,1.675,592,426,99.462,0.826,2.177,0.459,0.674
24226,3D-D-Z1.tif,2.796,9.717,0.372,3.773,723,426,138.945,1.36,3.538,0.283,0.686
24227,3D-D-Z1.tif,3.731,9.533,0.516,3.612,454,427,117.216,1.817,1.861,0.537,0.83
24228,3D-D-Z1.tif,1.684,5.089,0.817,1.858,423,430,110.225,1.193,1.571,0.636,0.941
24229,3D-D-Z1.tif,3.183,8.204,0.594,2.68,699,430,128.047,2.156,1.009,0.991,0.822
24230,3D-D-Z1.tif,2.804,10.862,0.299,3.067,603,433,141.072,1.799,2.191,0.456,0.644
24231,3D-D-Z1.tif,0.935,5.371,0.407,2.181,838,431,112.249,0.89,3.468,0.288,0.675
24232,3D-D-Z1.tif,1.036,3.836,0.885,1.513,438,433,104.036,0.826,1.739,0.575,0.95
24233,3D-D-Z1.tif,3.52,10.72,0.385,3.574,373,437,138.122,1.925,2.056,0.486,0.721
24234,3D-D-Z1.tif,1.036,4.485,0.647,1.782,636,436,145.491,1.101,1.547,0.646,0.812
24235,3D-D-Z1.tif,1.634,6.906,0.43,2.955,288,436,115.769,0.944,4.007,0.25,0.789
24236,3D-D-Z1.tif,0.657,2.994,0.921,1.109,475,448,65.556,0.903,1.242,0.805,0.902
24237,3D-D-Z1.tif,0.589,3.621,0.565,1.48,332,439,119.745,0.717,2.597,0.385,0.733
24238,3D-D-Z1.tif,2.459,8.678,0.41,3.532,318,441,114.567,1.187,3.292,0.304,0.755
24239,3D-D-Z1.tif,0.749,4.462,0.473,1.962,305,445,100.784,0.627,3.979,0.251,0.777
24240,3D-D-Z1.tif,2.67,8.226,0.496,3.027,369,446,104.036,1.477,2.387,0.419,0.785
24241,3D-D-Z1.tif,0.834,3.361,0.927,1.193,634,448,112.62,1.009,1.197,0.836,0.917
24242,3D-D-Z1.tif,3.049,11.489,0.29,3.168,658,448,100.008,1.666,2.141,0.467,0.674
24243,3D-D-Z1.tif,0.834,3.513,0.849,1.355,416,450,118.301,0.973,1.32,0.758,0.868
24244,3D-D-Z1.tif,2.762,10.236,0.331,4.15,711,461,161.966,1.262,3.99,0.251,0.646
24245,3D-D-Z1.tif,0.615,4.431,0.393,1.856,244,459,171.469,0.576,4.197,0.238,0.699
24246,3D-D-Z1.tif,2.602,8.473,0.456,2.902,686,459,108.435,1.765,1.61,0.621,0.73
24247,3D-D-Z1.tif,0.758,3.545,0.758,1.314,451,460,167.905,0.89,1.45,0.69,0.857
24248,3D-D-Z1.tif,0.539,3.07,0.719,1.248,292,463,143.973,0.707,2.067,0.484,0.837
24249,3D-D-Z1.tif,3.107,9.381,0.444,3.514,607,464,139.236,1.523,2.747,0.364,0.764
24250,3D-D-Z1.tif,2.703,8.764,0.442,3.168,395,466,100.008,1.27,2.821,0.355,0.826
24251,3D-D-Z1.tif,4.64,13.91,0.301,5.088,340,469,129.144,1.873,3.451,0.29,0.698
24252,3D-D-Z1.tif,1.314,4.355,0.87,1.692,408,469,102.529,1.009,1.557,0.642,0.926
24253,3D-D-Z1.tif,1.095,4.355,0.725,1.603,426,470,103.241,1.026,1.65,0.606,0.855
24254,3D-D-Z1.tif,1.23,4.453,0.779,1.605,557,474,149.036,1.231,1.222,0.818,0.861
24255,3D-D-Z1.tif,0.834,4.042,0.641,1.654,580,471,109.44,0.826,2.374,0.421,0.846
24256,3D-D-Z1.tif,1.398,5.912,0.503,2.386,309,473,112.62,1.038,2.39,0.418,0.783
24257,3D-D-Z1.tif,0.598,2.811,0.951,1.12,592,475,145.008,0.779,1.442,0.693,0.899
24258,3D-D-Z1.tif,1.288,5.653,0.507,2.097,478,477,113.199,1.211,2.256,0.443,0.729
24259,3D-D-Z1.tif,1.423,7.21,0.344,3.182,761,477,123.232,0.76,5.664,0.177,0.703
24260,3D-D-Z1.tif,2.088,9.954,0.265,3.17,236,484,112.109,1.509,2.435,0.411,0.564
24261,3D-D-Z1.tif,8.009,20.512,0.239,7.603,684,483,113.471,2.522,4.171,0.24,0.603
24262,3D-D-Z1.tif,0.581,3.209,0.709,1.398,291,485,113.199,0.642,2.407,0.415,0.885
24263,3D-D-Z1.tif,0.573,3.254,0.68,1.355,713,485,118.301,0.713,1.939,0.516,0.829
24264,3D-D-Z1.tif,1.263,5.684,0.491,1.634,505,487,141.843,1.377,1.066,0.938,0.783
24265,3D-D-Z1.tif,1.128,4.561,0.682,1.892,545,489,157.166,0.981,2.206,0.453,0.825
24266,3D-D-Z1.tif,3.486,10.72,0.381,4.185,457,488,127.875,1.793,3.006,0.333,0.728
24267,3D-D-Z1.tif,0.691,3.124,0.889,1.197,377,490,122.471,0.844,1.402,0.713,0.891
24268,3D-D-Z1.tif,0.606,2.972,0.863,1.278,449,490,111.038,0.642,1.809,0.553,0.923
24269,3D-D-Z1.tif,0.775,4.583,0.464,1.505,622,491,142.431,0.929,2.054,0.487,0.692
24270,3D-D-Z1.tif,1.642,5.675,0.641,1.981,656,513,76.608,1.2,1.93,0.518,0.793
24271,3D-D-Z1.tif,3.655,12.384,0.299,4.36,264,493,130.732,1.812,2.904,0.344,0.706
24272,3D-D-Z1.tif,1.743,7.242,0.418,2.302,342,493,113.499,1.557,1.582,0.632,0.683
24273,3D-D-Z1.tif,2.644,9.985,0.333,2.827,412,495,125.754,1.81,1.608,0.622,0.686
24274,3D-D-Z1.tif,1.036,4.767,0.573,1.883,735,497,133.025,0.971,2.105,0.475,0.759
24275,3D-D-Z1.tif,1.811,7.027,0.461,2.266,486,501,148.241,1.521,1.393,0.718,0.713
24276,3D-D-Z1.tif,0.994,5.393,0.429,2.21,574,497,131.634,0.846,3.285,0.304,0.7
24277,3D-D-Z1.tif,2.366,8.311,0.43,3.136,674,497,110.556,1.239,2.808,0.356,0.781
24278,3D-D-Z1.tif,2.451,8.83,0.395,2.699,525,498,144.689,1.744,1.6,0.625,0.773
24279,3D-D-Z1.tif,1.297,4.659,0.751,1.603,565,498,103.241,1.231,1.197,0.836,0.842
24280,3D-D-Z1.tif,0.674,4.516,0.415,1.962,846,519,79.216,0.584,4.265,0.234,0.784
24281,3D-D-Z1.tif,2.139,7.868,0.434,2.75,593,504,154.29,1.6,1.966,0.509,0.77
24282,3D-D-Z1.tif,0.935,3.934,0.759,1.519,383,503,115.017,0.891,1.875,0.533,0.867
24283,3D-D-Z1.tif,1.053,4.086,0.792,1.707,708,506,143.746,0.908,1.939,0.516,0.883
24284,3D-D-Z1.tif,1.533,6.083,0.521,2.649,309,506,104.036,0.902,3.538,0.283,0.822
24285,3D-D-Z1.tif,0.606,2.864,0.929,1.135,399,519,75.964,0.734,1.471,0.68,0.9
24286,3D-D-Z1.tif,0.514,2.757,0.849,1.12,730,508,145.008,0.714,1.754,0.57,0.853
24287,3D-D-Z1.tif,10.384,24.168,0.223,6.518,441,508,125.256,3.424,2.042,0.49,0.679
24288,3D-D-Z1.tif,2.611,9.134,0.393,3.31,638,512,136.123,1.298,2.529,0.395,0.721
24289,3D-D-Z1.tif,0.606,3.406,0.657,1.377,577,517,143.13,0.714,2.273,0.44,0.774
24290,3D-D-Z1.tif,0.539,2.659,0.958,0.988,624,516,111.801,0.734,1.282,0.78,0.921
24291,3D-D-Z1.tif,0.91,6.7,0.255,2.932,802,518,110.136,0.618,7.42,0.135,0.645
24292,3D-D-Z1.tif,1.92,6.539,0.564,2.266,356,523,111.371,1.56,1.494,0.669,0.763
24293,3D-D-Z1.tif,5.844,12.394,0.478,3.749,549,562,68.459,2.626,1.306,0.765,0.795
24294,3D-D-Z1.tif,2.703,7.792,0.559,2.584,601,552,73.496,1.675,1.64,0.61,0.846
24295,3D-D-Z1.tif,0.918,4.735,0.514,1.634,579,528,141.843,1.145,1.413,0.708,0.727
24296,3D-D-Z1.tif,0.514,4.01,0.401,1.483,636,527,111.801,0.734,2.389,0.419,0.685
24297,3D-D-Z1.tif,1.928,9.672,0.259,3.584,265,535,140.194,1.479,3.331,0.3,0.511
24298,3D-D-Z1.tif,1.339,5.501,0.556,2.081,620,536,131.424,1.012,2.175,0.46,0.793
24299,3D-D-Z1.tif,0.851,5.814,0.316,2.414,849,536,98.746,0.656,4.875,0.205,0.671
24300,3D-D-Z1.tif,1.945,8.096,0.373,2.538,309,538,102.529,1.52,1.9,0.526,0.7
24301,3D-D-Z1.tif,0.564,4.475,0.354,1.964,515,540,127.405,0.591,4.216,0.237,0.67
24302,3D-D-Z1.tif,0.918,4.346,0.611,1.892,737,545,129.094,0.779,2.788,0.359,0.807
24303,3D-D-Z1.tif,0.547,2.735,0.92,1.074,371,546,109.983,0.734,1.414,0.707,0.903
24304,3D-D-Z1.tif,1.07,4.064,0.814,1.519,391,555,25.017,1.138,1.27,0.787,0.87
24305,3D-D-Z1.tif,4.017,11.964,0.353,3.196,571,550,129.174,2.019,1.596,0.626,0.754
24306,3D-D-Z1.tif,0.699,4.637,0.409,1.81,907,551,120.466,0.866,2.345,0.426,0.638
24307,3D-D-Z1.tif,1.128,5.586,0.454,2.471,266,552,105.068,0.857,3.105,0.322,0.764
24308,3D-D-Z1.tif,0.792,3.88,0.661,1.603,694,553,113.629,0.792,2.202,0.454,0.836
24309,3D-D-Z1.tif,0.792,4.507,0.49,1.687,534,555,112.38,0.871,2.504,0.399,0.689
24310,3D-D-Z1.tif,1.499,5.89,0.543,2.462,599,555,116.565,0.944,3.151,0.317,0.805
24311,3D-D-Z1.tif,0.859,4.807,0.467,1.692,623,556,102.529,0.826,2.812,0.356,0.756
24312,3D-D-Z1.tif,3.284,13.489,0.227,4.5,338,561,163.413,1.802,3.016,0.332,0.554
24313,3D-D-Z1.tif,0.926,5.339,0.408,2.081,740,559,131.424,0.893,2.753,0.363,0.671
24314,3D-D-Z1.tif,0.952,5.966,0.336,2.119,852,564,107.65,1.128,2.176,0.46,0.626
24315,3D-D-Z1.tif,0.657,3.048,0.889,1.12,552,565,124.992,0.874,1.381,0.724,0.891
24316,3D-D-Z1.tif,1.078,4.171,0.778,1.603,713,565,103.241,1.009,1.579,0.633,0.886
24317,3D-D-Z1.tif,0.968,4.323,0.651,1.892,721,566,129.094,0.862,2.419,0.413,0.836
24318,3D-D-Z1.tif,3.124,12.223,0.263,3.766,329,570,133.025,1.947,2.212,0.452,0.612
24319,3D-D-Z1.tif,0.901,3.675,0.839,1.451,525,571,124.695,0.903,1.606,0.623,0.915
24320,3D-D-Z1.tif,0.564,2.994,0.791,1.248,689,571,126.027,0.698,1.893,0.528,0.876
24321,3D-D-Z1.tif,1.457,5.156,0.689,1.81,501,577,149.534,1.192,1.544,0.647,0.861
24322,3D-D-Z1.tif,2.459,7.944,0.49,3.038,281,594,25.017,1.418,2.311,0.433,0.757
24323,3D-D-Z1.tif,11.082,24.124,0.239,6.869,529,590,157.203,3.121,2.748,0.364,0.626
24324,3D-D-Z1.tif,0.893,5.026,0.444,2.081,752,580,138.576,0.856,3.275,0.305,0.697
24325,3D-D-Z1.tif,1.937,6.507,0.575,2.625,681,580,143.531,1.184,2.18,0.459,0.813
24326,3D-D-Z1.tif,0.623,3.966,0.498,1.765,847,581,117.897,0.639,3.544,0.282,0.755
24327,3D-D-Z1.tif,1.634,5.447,0.692,2.021,120,585,140.528,1.37,1.522,0.657,0.834
24328,3D-D-Z1.tif,3.175,9.856,0.411,3.03,359,585,144.866,2.193,1.172,0.853,0.744
24329,3D-D-Z1.tif,0.573,3.003,0.798,1.278,581,584,158.962,0.551,2.124,0.471,0.938
24330,3D-D-Z1.tif,1.347,4.301,0.915,1.519,412,585,115.017,1.285,1.162,0.86,0.93
24331,3D-D-Z1.tif,0.623,3.934,0.506,1.304,706,586,129.289,0.957,1.423,0.703,0.729
24332,3D-D-Z1.tif,1.364,4.637,0.797,1.782,92,589,145.491,1.145,1.537,0.651,0.903
24333,3D-D-Z1.tif,0.505,3.231,0.608,1.398,728,587,113.199,0.642,2.469,0.405,0.795
24334,3D-D-Z1.tif,9.365,20.477,0.281,8.447,151,623,17.057,2.02,5.578,0.179,0.655
24335,3D-D-Z1.tif,0.531,2.864,0.813,1.275,460,589,149.744,0.687,2.087,0.479,0.881
24336,3D-D-Z1.tif,3.874,14.711,0.225,5.244,741,590,122.856,1.497,3.895,0.257,0.643
24337,3D-D-Z1.tif,0.783,4.713,0.443,1.527,793,592,122.735,1.148,1.267,0.789,0.674
24338,3D-D-Z1.tif,0.766,4.82,0.414,1.936,819,613,84.56,0.641,3.788,0.264,0.722
24339,3D-D-Z1.tif,2.964,8.732,0.489,2.538,503,595,130.601,2.019,1.119,0.894,0.765
24340,3D-D-Z1.tif,0.867,3.545,0.867,1.304,588,603,39.289,1.009,1.318,0.759,0.9
24341,3D-D-Z1.tif,2.56,9.359,0.367,3.704,246,598,138.013,1.663,2.556,0.391,0.687
24342,3D-D-Z1.tif,0.665,3.048,0.9,1.161,713,601,161.565,0.826,1.284,0.779,0.898
24343,3D-D-Z1.tif,1.423,6.378,0.44,2.75,770,601,115.71,0.911,3.569,0.28,0.756
24344,3D-D-Z1.tif,0.581,2.811,0.924,1.074,438,602,109.983,0.826,1.292,0.774,0.879
24345,3D-D-Z1.tif,0.573,3.307,0.658,1.364,732,603,109.654,0.675,2.043,0.49,0.805
24346,3D-D-Z1.tif,0.581,3.513,0.592,1.389,675,604,97.595,0.734,1.894,0.528,0.78
24347,3D-D-Z1.tif,6.51,17.258,0.275,4.122,397,611,163.179,3.365,1.011,0.989,0.698
24348,3D-D-Z1.tif,0.918,5.362,0.401,1.753,690,608,132.879,1.161,1.351,0.74,0.659
24349,3D-D-Z1.tif,3.082,7.273,0.732,2.52,544,609,100.491,1.744,1.443,0.693,0.893
24350,3D-D-Z1.tif,0.808,4.583,0.484,1.634,716,619,141.843,0.837,2.302,0.434,0.771
24351,3D-D-Z1.tif,1.12,4.614,0.661,1.916,288,619,106.699,0.871,2.275,0.44,0.878
24352,3D-D-Z1.tif,0.564,3.048,0.763,1.248,519,633,72.897,0.642,1.903,0.526,0.876
24353,3D-D-Z1.tif,7.419,13.749,0.493,4.387,598,623,105.781,2.808,1.564,0.639,0.834
24354,3D-D-Z1.tif,0.573,3.621,0.549,1.451,800,624,108.435,0.77,2.115,0.473,0.751
24355,3D-D-Z1.tif,0.733,3.231,0.882,1.323,693,626,146.31,0.862,1.551,0.645,0.902
24356,3D-D-Z1.tif,1.693,5.134,0.807,1.741,631,627,108.435,1.548,1.036,0.965,0.876
24357,3D-D-Z1.tif,3.882,10.818,0.417,3.606,521,666,75.256,1.929,2.308,0.433,0.725
24358,3D-D-Z1.tif,0.893,3.934,0.725,1.568,652,632,110.556,0.936,1.787,0.56,0.822
24359,3D-D-Z1.tif,1.507,5.675,0.588,1.845,434,653,84.289,1.285,1.312,0.762,0.848
24360,3D-D-Z1.tif,1.768,7.457,0.4,2.675,239,647,22.166,1.496,2.086,0.479,0.653
24361,3D-D-Z1.tif,0.842,3.675,0.784,1.563,610,636,130.236,0.842,1.898,0.527,0.873
24362,3D-D-Z1.tif,1.019,4.323,0.685,1.56,686,639,151.928,1.168,1.171,0.854,0.834
24363,3D-D-Z1.tif,0.522,2.659,0.928,0.988,1014,638,111.801,0.734,1.203,0.831,0.905
24364,3D-D-Z1.tif,1.634,5.317,0.726,1.803,543,645,14.744,1.377,1.236,0.809,0.862
24365,3D-D-Z1.tif,0.758,4.118,0.562,1.603,573,639,103.241,0.699,2.677,0.374,0.789
24366,3D-D-Z1.tif,0.91,4.896,0.477,1.892,706,642,104.036,0.801,3.006,0.333,0.737
24367,3D-D-Z1.tif,0.716,3.361,0.796,1.278,296,645,111.038,0.888,1.378,0.726,0.872
24368,3D-D-Z1.tif,0.691,3.07,0.921,1.07,408,648,149.036,0.973,1.06,0.943,0.877
24369,3D-D-Z1.tif,3.773,12.609,0.298,3.574,427,681,60.803,2.257,1.709,0.585,0.653
24370,3D-D-Z1.tif,2.905,9.014,0.449,3.233,644,647,124.592,1.635,2.412,0.415,0.751
24371,3D-D-Z1.tif,2.223,5.653,0.874,2.081,455,648,131.424,1.487,1.359,0.736,0.931
24372,3D-D-Z1.tif,1.263,4.538,0.771,1.945,317,658,19.29,0.918,2.051,0.488,0.923
24373,3D-D-Z1.tif,1.651,4.798,0.901,1.687,628,667,67.62,1.377,1.23,0.813,0.927
24374,3D-D-Z1.tif,1.861,6.624,0.533,2.576,346,652,94.086,1.193,2.194,0.456,0.819
24375,3D-D-Z1.tif,0.547,2.887,0.826,1.197,727,657,147.529,0.714,1.772,0.564,0.85
24376,3D-D-Z1.tif,0.716,4.238,0.501,1.858,742,655,122.905,0.698,3.239,0.309,0.769
24377,3D-D-Z1.tif,1.036,4.485,0.647,1.741,492,656,108.435,0.826,2.191,0.456,0.872
24378,3D-D-Z1.tif,0.691,3.155,0.872,1.15,415,668,61.39,0.918,1.189,0.841,0.901
24379,3D-D-Z1.tif,4.691,14.85,0.267,4.695,205,664,175.515,3.07,2.102,0.476,0.48
24380,3D-D-Z1.tif,1.347,4.323,0.906,1.626,372,659,106.39,1.193,1.285,0.778,0.914
24381,3D-D-Z1.tif,3.571,11.888,0.318,3.463,503,660,122.005,1.773,2.103,0.475,0.687
24382,3D-D-Z1.tif,0.716,5.339,0.316,1.741,810,659,108.435,1.039,1.693,0.591,0.582
24383,3D-D-Z1.tif,0.522,3.048,0.706,1.248,269,676,72.897,0.724,1.959,0.51,0.81
24384,3D-D-Z1.tif,2.299,7.305,0.541,3.077,388,664,107.354,1.248,2.634,0.38,0.836
24385,3D-D-Z1.tif,2.03,10.182,0.246,3.039,686,684,28.887,1.585,2.401,0.417,0.53
24386,3D-D-Z1.tif,7.478,16.869,0.33,4.79,276,671,143.569,3.097,1.663,0.601,0.685
24387,3D-D-Z1.tif,0.741,3.406,0.803,1.451,403,667,124.695,0.714,2.226,0.449,0.867
24388,3D-D-Z1.tif,0.665,3.665,0.622,1.654,361,671,146.31,0.617,3.279,0.305,0.806
24389,3D-D-Z1.tif,0.943,3.782,0.829,1.538,718,670,107.354,0.826,1.746,0.573,0.937
24390,3D-D-Z1.tif,0.64,3.254,0.76,1.314,184,673,155.225,0.744,1.988,0.503,0.859
24391,3D-D-Z1.tif,2.417,7.434,0.55,2.874,328,702,73.301,1.584,1.997,0.501,0.757
24392,3D-D-Z1.tif,0.724,4.659,0.419,1.451,834,678,161.565,1.067,1.268,0.789,0.652
24393,3D-D-Z1.tif,0.733,4.507,0.453,1.782,802,677,101.889,0.701,2.945,0.34,0.744
24394,3D-D-Z1.tif,1.743,7.653,0.374,2.013,732,700,65.772,1.71,1.13,0.885,0.696
24395,3D-D-Z1.tif,1.154,4.691,0.659,1.626,356,697,73.61,1.101,1.289,0.776,0.854
24396,3D-D-Z1.tif,0.648,3.026,0.89,1.105,659,690,48.366,0.826,1.198,0.835,0.922
24397,3D-D-Z1.tif,2.013,7.609,0.437,2.761,532,686,164.578,1.285,2.428,0.412,0.765
24398,3D-D-Z1.tif,1.55,5.102,0.748,1.91,574,682,125.218,1.204,1.67,0.599,0.854
24399,3D-D-Z1.tif,1.507,5.2,0.7,1.91,499,684,144.782,1.153,1.744,0.573,0.84
24400,3D-D-Z1.tif,1.617,6.821,0.437,2.021,630,686,140.528,1.534,1.383,0.723,0.736
24401,3D-D-Z1.tif,1.499,7.707,0.317,2.932,768,683,110.136,1.127,3.213,0.311,0.639
24402,3D-D-Z1.tif,0.682,3.124,0.878,1.161,366,685,161.565,0.862,1.358,0.736,0.88
24403,3D-D-Z1.tif,0.724,6.109,0.244,1.91,757,689,125.218,0.942,2.927,0.342,0.524
24404,3D-D-Z1.tif,0.674,4.14,0.494,1.81,243,689,120.466,0.637,3.684,0.271,0.755
24405,3D-D-Z1.tif,0.648,3.026,0.89,1.15,672,701,61.39,0.821,1.42,0.704,0.911
24406,3D-D-Z1.tif,2.324,11.283,0.229,3.369,269,698,150.642,1.768,2.499,0.4,0.613
24407,3D-D-Z1.tif,1.457,6.409,0.446,2.15,652,711,50.194,1.314,1.628,0.614,0.735
24408,3D-D-Z1.tif,0.842,3.361,0.937,1.323,377,696,146.31,0.967,1.426,0.701,0.917
24409,3D-D-Z1.tif,0.522,2.735,0.877,1.12,417,695,145.008,0.713,1.66,0.603,0.873
24410,3D-D-Z1.tif,1.474,5.058,0.724,2.175,682,694,117.646,1.067,2.221,0.45,0.879
24411,3D-D-Z1.tif,0.775,3.285,0.902,1.248,364,697,107.103,0.826,1.49,0.671,0.911
24412,3D-D-Z1.tif,1.415,4.475,0.888,1.494,612,697,100.62,1.313,1.099,0.91,0.901
24413,3D-D-Z1.tif,0.741,4.064,0.564,1.687,810,699,135,0.802,2.284,0.438,0.772
24414,3D-D-Z2.tif,0.684,3.675,0.636,1.331,69,4,143.427,0.78,1.857,0.538,0.867
24415,3D-D-Z2.tif,0.297,2.899,0.444,1.243,839,4,109.44,0.381,3.968,0.252,0.803
24416,3D-D-Z2.tif,0.293,3.606,0.283,1.497,991,7,104.676,0.411,5.113,0.196,0.676
24417,3D-D-Z2.tif,0.555,4.833,0.299,1.879,720,11,137.231,0.707,2.399,0.417,0.681
24418,3D-D-Z2.tif,1.467,7.46,0.331,1.74,690,28,166.239,1.4,1.178,0.849,0.788
24419,3D-D-Z2.tif,0.488,3.525,0.493,1.25,668,15,114.444,0.638,2.287,0.437,0.787
24420,3D-D-Z2.tif,0.434,3.305,0.499,1.322,356,17,164.876,0.527,3.077,0.325,0.791
24421,3D-D-Z2.tif,0.627,3.367,0.695,1.219,790,28,8.13,0.741,1.648,0.607,0.894
24422,3D-D-Z2.tif,0.321,2.217,0.821,0.833,200,39,65.556,0.517,1.653,0.605,0.931
24423,3D-D-Z2.tif,0.359,3.005,0.5,1.197,961,24,138.504,0.585,2.426,0.412,0.779
24424,3D-D-Z2.tif,0.969,4.211,0.687,1.638,133,26,120.343,0.848,2.095,0.477,0.891
24425,3D-D-Z2.tif,0.294,2.38,0.652,0.84,552,25,109.179,0.581,1.469,0.681,0.83
24426,3D-D-Z2.tif,0.688,4.354,0.456,1.422,324,66,75.964,0.791,1.77,0.565,0.787
24427,3D-D-Z2.tif,1.068,6.912,0.281,1.829,621,29,135.764,1.156,1.368,0.731,0.731
24428,3D-D-Z2.tif,0.444,3.005,0.617,1.044,282,29,97.595,0.712,1.643,0.609,0.801
24429,3D-D-Z2.tif,0.353,2.928,0.518,0.959,819,34,142.306,0.602,1.614,0.62,0.769
24430,3D-D-Z2.tif,0.302,2.242,0.755,0.82,243,44,22.249,0.567,1.579,0.633,0.854
24431,3D-D-Z2.tif,0.272,2.132,0.752,0.87,215,54,56.31,0.43,2.133,0.469,0.903
24432,3D-D-Z2.tif,0.892,5.535,0.366,2.03,361,88,69.102,0.926,2.487,0.402,0.729
24433,3D-D-Z2.tif,0.389,2.822,0.614,1.007,576,40,128.047,0.663,1.481,0.675,0.831
24434,3D-D-Z2.tif,0.472,3.066,0.631,1.343,338,71,60.803,0.518,2.752,0.363,0.917
24435,3D-D-Z2.tif,0.247,1.868,0.89,0.67,26,57,78.111,0.552,1.208,0.828,0.916
24436,3D-D-Z2.tif,0.56,3.715,0.51,1.311,169,69,54.638,0.765,1.971,0.507,0.765
24437,3D-D-Z2.tif,0.611,3.597,0.593,1.327,105,46,114.567,0.693,2.191,0.457,0.855
24438,3D-D-Z2.tif,0.485,2.908,0.721,1.148,856,50,138.652,0.622,1.91,0.524,0.915
24439,3D-D-Z2.tif,0.407,2.876,0.618,1.123,817,54,132.51,0.559,2.134,0.469,0.834
24440,3D-D-Z2.tif,0.413,2.526,0.813,1.002,70,59,139.185,0.585,1.67,0.599,0.929
24441,3D-D-Z2.tif,1.187,5.96,0.42,2.348,202,118,60.046,0.795,3.246,0.308,0.807
24442,3D-D-Z2.tif,0.674,3.55,0.672,1.39,296,96,66.615,0.756,1.744,0.573,0.891
24443,3D-D-Z2.tif,0.361,2.38,0.802,0.916,968,71,19.799,0.621,1.519,0.658,0.92
24444,3D-D-Z2.tif,0.911,4.914,0.474,1.934,3,71,140.064,0.795,2.708,0.369,0.81
24445,3D-D-Z2.tif,2.308,9.589,0.315,2.865,271,155,87.241,1.516,1.857,0.538,0.729
24446,3D-D-Z2.tif,1.958,9.361,0.281,2.668,371,149,75.784,1.188,2.478,0.403,0.811
24447,3D-D-Z2.tif,0.214,2.173,0.57,0.966,422,74,124.824,0.334,3.094,0.323,0.874
24448,3D-D-Z2.tif,0.339,2.635,0.613,1.019,654,75,113.962,0.576,1.869,0.535,0.866
24449,3D-D-Z2.tif,0.298,2.148,0.813,0.839,349,76,99.462,0.448,1.853,0.54,0.945
24450,3D-D-Z2.tif,0.61,4.22,0.431,1.684,954,78,132.51,0.676,3.015,0.332,0.708
24451,3D-D-Z2.tif,0.669,4.447,0.425,1.981,232,127,58.523,0.515,4.226,0.237,0.872
24452,3D-D-Z2.tif,1.457,8.755,0.239,2.536,854,89,157.62,1.395,2.1,0.476,0.597
24453,3D-D-Z2.tif,0.583,4.114,0.433,1.452,121,90,175.914,0.815,1.896,0.528,0.714
24454,3D-D-Z2.tif,0.417,2.619,0.765,0.987,839,81,102.095,0.556,1.899,0.527,0.908
24455,3D-D-Z2.tif,0.278,3.086,0.367,1.119,921,85,123.69,0.521,2.567,0.39,0.724
24456,3D-D-Z2.tif,0.404,3.31,0.464,1.298,674,84,106.991,0.626,2.624,0.381,0.755
24457,3D-D-Z2.tif,1.294,7.699,0.274,2.302,501,86,98.616,1.036,2.829,0.354,0.707
24458,3D-D-Z2.tif,0.71,4.154,0.517,1.44,315,130,78.959,0.78,1.879,0.532,0.795
24459,3D-D-Z2.tif,0.479,3.411,0.518,1.414,341,98,102.68,0.574,2.832,0.353,0.81
24460,3D-D-Z2.tif,0.568,3.634,0.541,1.434,431,101,117.181,0.671,2.305,0.434,0.856
24461,3D-D-Z2.tif,1.79,9.388,0.255,3.337,402,103,113.121,1.279,3.701,0.27,0.553
24462,3D-D-Z2.tif,0.302,2.729,0.509,1.123,650,107,132.51,0.463,2.093,0.478,0.814
24463,3D-D-Z2.tif,0.42,3.728,0.379,1.506,716,112,164.055,0.53,3.424,0.292,0.731
24464,3D-D-Z2.tif,0.9,6.159,0.298,2.559,53,140,14.036,0.783,3.875,0.258,0.613
24465,3D-D-Z2.tif,1.269,6.433,0.385,1.944,932,120,154.799,1.193,2.158,0.463,0.731
24466,3D-D-Z2.tif,0.352,2.802,0.563,1.255,854,116,110.925,0.462,2.878,0.347,0.885
24467,3D-D-Z2.tif,0.351,3.236,0.421,1.331,132,161,73.443,0.421,4.136,0.242,0.776
24468,3D-D-Z2.tif,0.895,5.851,0.329,2.218,143,191,78.341,0.697,3.35,0.298,0.742
24469,3D-D-Z2.tif,0.266,2.619,0.488,1.123,319,160,72.121,0.329,4.014,0.249,0.839
24470,3D-D-Z2.tif,1.05,5.698,0.406,1.884,751,137,145.437,1.064,2.176,0.46,0.666
24471,3D-D-Z2.tif,0.76,5.173,0.357,1.712,876,139,152.403,0.819,2.124,0.471,0.74
24472,3D-D-Z2.tif,0.424,2.615,0.78,0.971,206,166,73.496,0.655,1.418,0.705,0.902
24473,3D-D-Z2.tif,1.88,6.352,0.585,2.246,54,152,176.479,1.481,1.377,0.726,0.856
24474,3D-D-Z2.tif,0.675,4.26,0.468,1.836,1,175,34.287,0.638,3.256,0.307,0.812
24475,3D-D-Z2.tif,0.622,3.781,0.547,1.556,250,146,102.804,0.684,2.494,0.401,0.837
24476,3D-D-Z2.tif,0.491,3.683,0.455,1.127,305,147,113.429,0.954,1.029,0.972,0.729
24477,3D-D-Z2.tif,0.727,3.52,0.737,1.207,989,176,53.13,0.952,1.222,0.819,0.908
24478,3D-D-Z2.tif,0.321,2.36,0.725,0.823,738,152,123.024,0.602,1.454,0.688,0.863
24479,3D-D-Z2.tif,0.228,2.274,0.555,0.938,227,151,107.103,0.366,2.784,0.359,0.835
24480,3D-D-Z2.tif,0.493,3.192,0.609,1.293,343,151,99.211,0.618,2.061,0.485,0.88
24481,3D-D-Z2.tif,0.886,5.089,0.43,1.539,376,203,74.407,0.862,1.796,0.557,0.835
24482,3D-D-Z2.tif,1.391,8.992,0.216,2.755,463,163,135.507,1.047,2.445,0.409,0.66
24483,3D-D-Z2.tif,1.869,9.243,0.275,2.099,34,164,104.265,1.786,1.103,0.907,0.686
24484,3D-D-Z2.tif,0.239,2.583,0.45,1.007,408,167,128.047,0.373,2.967,0.337,0.775
24485,3D-D-Z2.tif,0.281,2.265,0.687,0.92,178,194,77.005,0.431,2.251,0.444,0.913
24486,3D-D-Z2.tif,0.977,7.586,0.213,1.752,928,205,36.193,1.205,1.287,0.777,0.678
24487,3D-D-Z2.tif,1.233,7.809,0.254,1.916,636,172,120.256,1.309,1.239,0.807,0.694
24488,3D-D-Z2.tif,0.647,3.416,0.697,1.207,791,181,143.13,0.79,1.536,0.651,0.875
24489,3D-D-Z2.tif,0.432,2.965,0.617,1.179,222,204,52.125,0.561,2.098,0.477,0.863
24490,3D-D-Z2.tif,0.793,3.712,0.723,1.276,288,213,71.075,0.993,1.339,0.747,0.892
24491,3D-D-Z2.tif,0.209,2.461,0.434,1.08,470,177,106.699,0.338,3.44,0.291,0.836
24492,3D-D-Z2.tif,0.307,3.232,0.369,1.404,993,181,114.677,0.445,3.763,0.266,0.739
24493,3D-D-Z2.tif,1.333,6.884,0.354,1.73,382,214,23.499,1.284,1.277,0.783,0.808
24494,3D-D-Z2.tif,0.289,2.079,0.84,0.759,830,190,140.528,0.585,1.296,0.772,0.944
24495,3D-D-Z2.tif,0.669,3.853,0.567,1.39,723,195,156.615,0.808,1.879,0.532,0.835
24496,3D-D-Z2.tif,1.011,4.04,0.778,1.497,196,235,82.057,0.931,1.526,0.655,0.934
24497,3D-D-Z2.tif,0.345,2.486,0.701,1.024,110,217,45,0.488,2.095,0.477,0.903
24498,3D-D-Z2.tif,1.1,6.688,0.309,2.137,307,196,107.85,1.119,2.395,0.418,0.739
24499,3D-D-Z2.tif,0.293,2.107,0.828,0.763,335,196,108.435,0.544,1.44,0.695,0.918
24500,3D-D-Z2.tif,0.57,3.981,0.452,1.422,456,197,129.094,0.616,2.738,0.365,0.79
24501,3D-D-Z2.tif,1.91,10.506,0.217,2.936,355,206,102.894,1.381,2.186,0.457,0.655
24502,3D-D-Z2.tif,0.477,2.725,0.807,1.056,702,207,128.367,0.685,1.556,0.643,0.93
24503,3D-D-Z2.tif,0.235,1.949,0.779,0.744,799,214,13.392,0.448,1.722,0.581,0.888
24504,3D-D-Z2.tif,0.566,3,0.79,1.178,227,241,69.444,0.665,1.816,0.551,0.937
24505,3D-D-Z2.tif,0.411,4.744,0.23,1.582,620,220,163.54,0.654,3.514,0.285,0.52
24506,3D-D-Z2.tif,0.769,4.008,0.602,1.502,529,215,99.246,0.8,2.145,0.466,0.845
24507,3D-D-Z2.tif,2.25,10.996,0.234,2.634,914,244,14.4,1.505,1.917,0.522,0.709
24508,3D-D-Z2.tif,2.185,8.715,0.362,2.882,802,228,158.962,1.501,1.871,0.534,0.765
24509,3D-D-Z2.tif,2.974,9.689,0.398,2.978,688,222,103.392,1.813,1.602,0.624,0.785
24510,3D-D-Z2.tif,0.345,2.509,0.688,1.005,340,252,84.094,0.517,2.026,0.494,0.896
24511,3D-D-Z2.tif,0.639,4.626,0.375,1.886,15,246,18.104,0.604,3.722,0.269,0.753
24512,3D-D-Z2.tif,0.444,2.676,0.778,0.954,640,239,130.601,0.65,1.381,0.724,0.911
24513,3D-D-Z2.tif,0.271,2.27,0.661,0.757,225,243,120.069,0.621,1.165,0.858,0.844
24514,3D-D-Z2.tif,0.401,2.928,0.587,1.213,306,242,104.826,0.621,2.011,0.497,0.824
24515,3D-D-Z2.tif,0.495,3.476,0.514,1.309,444,242,108.435,0.63,2.281,0.438,0.818
24516,3D-D-Z2.tif,0.436,4.016,0.34,1.78,531,290,68.405,0.401,4.951,0.202,0.821
24517,3D-D-Z2.tif,1.108,5.685,0.431,1.957,194,299,75.719,0.996,1.814,0.551,0.834
24518,3D-D-Z2.tif,1.388,8.32,0.252,2.392,552,315,84.207,1.264,1.943,0.515,0.623
24519,3D-D-Z2.tif,0.722,4.694,0.412,1.527,163,247,96.483,0.738,2.361,0.424,0.779
24520,3D-D-Z2.tif,0.591,4.21,0.419,1.839,18,256,96.459,0.492,4.1,0.244,0.832
24521,3D-D-Z2.tif,0.565,2.83,0.886,0.975,331,286,81.87,0.793,1.211,0.826,0.946
24522,3D-D-Z2.tif,0.502,4.69,0.287,1.424,235,266,96.953,0.737,2.227,0.449,0.69
24523,3D-D-Z2.tif,0.367,2.713,0.627,1.112,848,277,7.125,0.517,2.341,0.427,0.867
24524,3D-D-Z2.tif,1.71,6.952,0.445,2.142,407,270,93.691,1.204,1.728,0.579,0.86
24525,3D-D-Z2.tif,0.621,4.492,0.387,1.594,973,277,141.147,0.705,2.833,0.353,0.702
24526,3D-D-Z2.tif,0.306,2.457,0.636,0.928,916,282,121.329,0.547,1.74,0.575,0.838
24527,3D-D-Z2.tif,1.081,5.784,0.406,1.821,737,288,108.778,0.952,2.183,0.458,0.811
24528,3D-D-Z2.tif,2.785,12.926,0.209,3.462,429,289,123.215,1.658,1.989,0.503,0.718
24529,3D-D-Z2.tif,0.216,2.038,0.655,0.708,516,305,46.975,0.523,1.216,0.822,0.829
24530,3D-D-Z2.tif,0.511,2.911,0.758,1.146,279,293,96.911,0.586,1.98,0.505,0.937
24531,3D-D-Z2.tif,0.536,3.577,0.527,1.44,207,336,78.959,0.614,2.547,0.393,0.797
24532,3D-D-Z2.tif,0.31,2.44,0.655,0.928,532,296,111.801,0.552,1.726,0.579,0.86
24533,3D-D-Z2.tif,0.419,3.643,0.396,1.014,761,302,144.689,0.738,1.204,0.831,0.796
24534,3D-D-Z2.tif,0.218,2.015,0.674,0.691,174,304,92.862,0.546,1.172,0.853,0.801
24535,3D-D-Z2.tif,0.215,1.803,0.832,0.67,361,321,55.491,0.469,1.471,0.68,0.923
24536,3D-D-Z2.tif,0.366,3.505,0.375,1.36,965,309,149.534,0.469,3.165,0.316,0.695
24537,3D-D-Z2.tif,1.449,7.351,0.337,1.941,913,318,146.592,1.299,1.359,0.736,0.757
24538,3D-D-Z2.tif,0.696,5.161,0.328,1.84,579,319,102.995,0.777,3.191,0.313,0.711
24539,3D-D-Z2.tif,0.427,3.078,0.566,1.288,183,357,74.476,0.526,2.667,0.375,0.86
24540,3D-D-Z2.tif,1.485,7.361,0.344,2.695,28,400,86.332,1.086,2.311,0.433,0.735
24541,3D-D-Z2.tif,0.448,3.387,0.491,1.434,801,328,117.181,0.54,3.042,0.329,0.82
24542,3D-D-Z2.tif,1.014,5.957,0.359,1.98,497,337,97.001,0.988,2.709,0.369,0.724
24543,3D-D-Z2.tif,0.885,6.16,0.293,2.083,256,340,96.654,0.889,2.76,0.362,0.647
24544,3D-D-Z2.tif,1.383,6.489,0.413,2.671,381,344,101.165,0.94,2.66,0.376,0.82
24545,3D-D-Z2.tif,0.325,2.265,0.795,0.872,303,345,108.435,0.503,1.82,0.549,0.907
24546,3D-D-Z2.tif,0.618,4.135,0.454,1.627,419,346,122.005,0.667,3.072,0.326,0.747
24547,3D-D-Z2.tif,0.335,2.612,0.618,0.852,735,348,121.759,0.608,1.455,0.687,0.843
24548,3D-D-Z2.tif,0.467,3.512,0.476,1.531,75,353,104.349,0.482,3.927,0.255,0.807
24549,3D-D-Z2.tif,1.744,7.476,0.392,2.497,119,357,107.684,1.328,2.167,0.462,0.737
24550,3D-D-Z2.tif,0.565,4.277,0.388,1.561,981,364,120.53,0.664,2.557,0.391,0.736
24551,3D-D-Z2.tif,0.813,4.541,0.496,1.55,714,365,147.724,0.8,1.858,0.538,0.869
24552,3D-D-Z2.tif,0.706,4.28,0.484,1.616,289,370,123.69,0.837,1.889,0.529,0.787
24553,3D-D-Z2.tif,0.887,4.151,0.647,1.61,402,374,99.866,0.861,1.887,0.53,0.906
24554,3D-D-Z2.tif,0.441,3.395,0.481,1.042,678,382,145.784,0.772,1.413,0.708,0.727
24555,3D-D-Z2.tif,0.545,3.821,0.469,1.497,809,376,128.454,0.741,2.004,0.499,0.767
24556,3D-D-Z2.tif,0.629,3.5,0.645,1.39,59,379,97.125,0.69,2.116,0.473,0.899
24557,3D-D-Z2.tif,0.282,2.25,0.699,0.905,839,381,130.365,0.463,1.905,0.525,0.873
24558,3D-D-Z2.tif,0.391,2.635,0.708,1.096,235,383,102.724,0.535,2.058,0.486,0.915
24559,3D-D-Z2.tif,0.684,4.532,0.418,1.268,468,418,67.62,0.994,1.372,0.729,0.713
24560,3D-D-Z2.tif,2.194,9.179,0.327,2.314,940,391,123.453,1.573,1.477,0.677,0.8
24561,3D-D-Z2.tif,0.861,6.998,0.221,1.426,758,431,57.848,1.195,1.212,0.825,0.664
24562,3D-D-Z2.tif,0.542,4.184,0.389,1.769,867,394,146.929,0.488,3.8,0.263,0.783
24563,3D-D-Z2.tif,1.415,5.052,0.697,1.857,359,394,105.068,1.084,1.871,0.535,0.933
24564,3D-D-Z2.tif,1.191,5.6,0.477,2.029,793,403,148.201,1.041,1.68,0.595,0.803
24565,3D-D-Z2.tif,0.56,4.914,0.291,1.878,709,401,134.256,0.588,3.736,0.268,0.708
24566,3D-D-Z2.tif,1.177,4.808,0.64,1.644,335,451,80.34,0.951,1.752,0.571,0.887
24567,3D-D-Z2.tif,2.421,10.478,0.277,3.123,261,409,136.79,1.665,1.962,0.51,0.684
24568,3D-D-Z2.tif,0.334,2.555,0.643,1.062,415,427,35.754,0.474,2.41,0.415,0.867
24569,3D-D-Z2.tif,1.357,4.955,0.695,1.664,213,458,84.053,1.241,1.353,0.739,0.903
24570,3D-D-Z2.tif,1.095,5.454,0.463,1.985,114,411,97.989,1.009,2.139,0.468,0.803
24571,3D-D-Z2.tif,0.201,1.929,0.679,0.733,860,412,131.186,0.448,1.886,0.53,0.828
24572,3D-D-Z2.tif,0.429,3.103,0.56,1.313,922,413,113.199,0.455,3.124,0.32,0.88
24573,3D-D-Z2.tif,0.476,3.453,0.501,1.179,447,419,105.255,0.609,2.062,0.485,0.798
24574,3D-D-Z2.tif,0.943,6.14,0.314,2.036,1009,420,100.739,0.884,2.604,0.384,0.74
24575,3D-D-Z2.tif,0.219,2.128,0.607,0.905,477,426,107.745,0.348,2.861,0.35,0.895
24576,3D-D-Z2.tif,0.251,2.144,0.686,0.862,51,431,143.13,0.512,1.712,0.584,0.879
24577,3D-D-Z2.tif,0.238,1.949,0.787,0.684,417,434,130.914,0.552,1.302,0.768,0.897
24578,3D-D-Z2.tif,1.834,8.35,0.33,3.043,36,433,107.819,1.426,2.46,0.407,0.648
24579,3D-D-Z2.tif,0.279,2.635,0.506,0.987,767,434,102.095,0.448,2.581,0.387,0.829
24580,3D-D-Z2.tif,0.472,4.053,0.361,1.762,79,435,120.579,0.412,5.596,0.179,0.764
24581,3D-D-Z2.tif,0.322,2.968,0.46,1.157,842,472,79.695,0.43,3.246,0.308,0.756
24582,3D-D-Z2.tif,3.48,13.093,0.255,3.315,340,469,161.188,1.96,1.778,0.562,0.714
24583,3D-D-Z2.tif,1.164,4.894,0.611,1.762,573,447,130.236,1.064,1.486,0.673,0.855
24584,3D-D-Z2.tif,0.302,2.408,0.654,0.977,621,443,137.862,0.47,2.282,0.438,0.858
24585,3D-D-Z2.tif,0.303,2.672,0.534,1.123,534,450,162.121,0.487,2.445,0.409,0.832
24586,3D-D-Z2.tif,1.542,5.781,0.58,2.192,239,446,109.29,0.98,2.239,0.447,0.886
24587,3D-D-Z2.tif,0.998,4.223,0.703,1.481,712,459,167.905,0.987,1.533,0.652,0.912
24588,3D-D-Z2.tif,0.71,3.964,0.568,1.238,789,470,12.875,0.761,1.622,0.616,0.885
24589,3D-D-Z2.tif,0.234,1.99,0.744,0.82,185,458,112.249,0.408,2.082,0.48,0.895
24590,3D-D-Z2.tif,0.411,2.529,0.808,0.988,275,461,119.249,0.601,1.731,0.578,0.931
24591,3D-D-Z2.tif,0.897,3.688,0.828,1.313,491,463,113.199,0.975,1.321,0.757,0.929
24592,3D-D-Z2.tif,0.213,1.969,0.69,0.8,228,464,97.431,0.414,1.95,0.513,0.871
24593,3D-D-Z2.tif,0.841,4.097,0.629,1.556,15,518,77.196,0.759,2.07,0.483,0.909
24594,3D-D-Z2.tif,0.806,3.752,0.72,1.407,843,475,120.964,0.845,1.7,0.588,0.899
24595,3D-D-Z2.tif,0.461,2.839,0.719,0.977,175,478,132.138,0.756,1.193,0.838,0.894
24596,3D-D-Z2.tif,0.463,2.725,0.783,0.98,809,482,140.711,0.753,1.24,0.807,0.917
24597,3D-D-Z2.tif,2.542,8.117,0.485,3.016,92,572,84.094,1.507,2.176,0.46,0.821
24598,3D-D-Z2.tif,1.794,6.936,0.469,2.35,288,552,75.556,1.335,1.773,0.564,0.813
24599,3D-D-Z2.tif,0.262,2.124,0.729,0.845,725,493,168.232,0.483,1.707,0.586,0.873
24600,3D-D-Z2.tif,3.616,12.528,0.29,4.08,363,490,112.881,1.758,2.103,0.476,0.731
24601,3D-D-Z2.tif,1.175,5.283,0.529,2.036,324,494,91.941,0.919,2.126,0.47,0.879
24602,3D-D-Z2.tif,1.262,8.402,0.225,1.836,763,549,61.991,1.248,1.744,0.574,0.698
24603,3D-D-Z2.tif,0.21,2.027,0.644,0.852,621,507,148.241,0.362,2.505,0.399,0.868
24604,3D-D-Z2.tif,0.737,5.722,0.283,1.254,728,538,58.496,1.034,1.176,0.851,0.748
24605,3D-D-Z2.tif,1.164,8.273,0.214,2.145,843,522,4.611,1.404,1.764,0.567,0.565
24606,3D-D-Z2.tif,0.385,3.525,0.39,1.45,222,512,151.607,0.468,3.891,0.257,0.703
24607,3D-D-Z2.tif,2.216,8.892,0.352,2.346,148,515,114.305,1.878,1.321,0.757,0.749
24608,3D-D-Z2.tif,0.749,3.554,0.745,1.232,417,549,72.072,1.011,1.258,0.795,0.899
24609,3D-D-Z2.tif,0.346,2.94,0.503,1.127,921,546,66.571,0.555,2.259,0.443,0.801
24610,3D-D-Z2.tif,0.746,4.755,0.414,1.869,30,519,119.876,0.864,2.59,0.386,0.702
24611,3D-D-Z2.tif,0.303,3.992,0.239,1.014,794,529,162.181,0.69,1.727,0.579,0.611
24612,3D-D-Z2.tif,0.516,3.431,0.551,1.518,621,530,158.682,0.542,2.885,0.347,0.888
24613,3D-D-Z2.tif,0.322,2.494,0.651,0.954,129,534,102.529,0.526,1.898,0.527,0.847
24614,3D-D-Z2.tif,0.625,3.476,0.65,1.327,553,534,114.567,0.736,1.74,0.575,0.884
24615,3D-D-Z2.tif,0.432,4.142,0.316,1.172,697,539,151.928,0.786,1.686,0.593,0.687
24616,3D-D-Z2.tif,0.405,4.093,0.304,1.377,189,580,67.932,0.55,2.758,0.363,0.667
24617,3D-D-Z2.tif,0.892,3.887,0.742,1.421,842,584,84.428,1.026,1.31,0.763,0.916
24618,3D-D-Z2.tif,0.679,4.337,0.454,1.745,259,545,119.604,0.708,2.831,0.353,0.774
24619,3D-D-Z2.tif,0.76,5.141,0.361,1.826,497,545,100.886,0.699,3.128,0.32,0.789
24620,3D-D-Z2.tif,2.22,11.189,0.223,2.858,145,548,109.747,1.504,1.691,0.591,0.702
24621,3D-D-Z2.tif,0.455,2.693,0.789,1.035,423,567,29.982,0.648,1.641,0.609,0.92
24622,3D-D-Z2.tif,0.674,6.254,0.217,1.912,629,557,154.359,0.929,2.025,0.494,0.618
24623,3D-D-Z2.tif,0.216,1.909,0.746,0.787,590,558,118.811,0.445,2.035,0.491,0.877
24624,3D-D-Z2.tif,0.625,3.147,0.794,1.102,215,559,110.136,0.828,1.29,0.775,0.911
24625,3D-D-Z2.tif,0.542,3.094,0.712,1.131,767,561,142.431,0.764,1.592,0.628,0.874
24626,3D-D-Z2.tif,0.288,2.36,0.649,0.956,254,564,115.641,0.465,2.16,0.463,0.864
24627,3D-D-Z2.tif,0.54,3.204,0.661,1.287,321,568,110.376,0.603,2.053,0.487,0.899
24628,3D-D-Z2.tif,0.264,1.998,0.831,0.731,72,569,98.13,0.517,1.336,0.749,0.915
24629,3D-D-Z2.tif,0.52,3.094,0.682,1.215,943,606,83.48,0.655,1.876,0.533,0.886
24630,3D-D-Z2.tif,0.599,4.492,0.373,1.671,909,576,111.801,0.651,3.125,0.32,0.76
24631,3D-D-Z2.tif,0.696,6.189,0.228,2.107,523,577,111.105,0.924,2.784,0.359,0.576
24632,3D-D-Z2.tif,0.785,4.568,0.473,1.473,355,579,159.444,0.853,1.67,0.599,0.797
24633,3D-D-Z2.tif,0.322,3.72,0.293,1.074,645,583,137.603,0.765,1.757,0.569,0.588
24634,3D-D-Z2.tif,0.214,2.511,0.427,1.152,98,588,128.928,0.288,5.342,0.187,0.763
24635,3D-D-Z2.tif,2.649,11.387,0.257,3.651,769,589,140.749,1.356,3.065,0.326,0.718
24636,3D-D-Z2.tif,2.716,10.427,0.314,3.372,200,595,106.026,1.369,2.831,0.353,0.752
24637,3D-D-Z2.tif,0.265,2.587,0.498,1.071,35,626,75.069,0.398,2.786,0.359,0.805
24638,3D-D-Z2.tif,0.658,5.829,0.243,1.837,881,603,140.332,0.912,2.78,0.36,0.565
24639,3D-D-Z2.tif,1.401,5.291,0.629,1.921,237,605,111.038,1.069,1.681,0.595,0.907
24640,3D-D-Z2.tif,0.853,5.217,0.394,2.095,59,604,110.225,0.771,3.238,0.309,0.697
24641,3D-D-Z2.tif,0.512,3.046,0.694,1.13,293,604,102.339,0.644,1.978,0.505,0.878
24642,3D-D-Z2.tif,0.252,2.254,0.624,0.91,614,604,114.624,0.506,1.878,0.532,0.84
24643,3D-D-Z2.tif,3.547,11.616,0.33,4.483,87,606,120.51,1.28,3.568,0.28,0.822
24644,3D-D-Z2.tif,0.254,1.884,0.901,0.67,696,625,55.491,0.552,1.132,0.883,0.943
24645,3D-D-Z2.tif,1.156,6.709,0.323,2.105,634,618,148.392,1.204,1.594,0.627,0.708
24646,3D-D-Z2.tif,0.614,3.33,0.695,1.177,729,619,148.173,0.761,1.609,0.621,0.903
24647,3D-D-Z2.tif,0.635,3.347,0.712,1.151,709,624,98.616,0.812,1.493,0.67,0.877
24648,3D-D-Z2.tif,0.468,3.476,0.487,1.206,279,625,120.964,0.698,1.993,0.502,0.748
24649,3D-D-Z2.tif,0.454,2.664,0.804,1.007,426,627,128.047,0.668,1.539,0.65,0.902
24650,3D-D-Z2.tif,0.226,2.388,0.498,0.788,883,635,156.801,0.586,1.258,0.795,0.758
24651,3D-D-Z2.tif,0.509,4.512,0.314,1.45,304,668,64.654,0.759,2.375,0.421,0.659
24652,3D-D-Z2.tif,0.209,2.193,0.547,0.976,128,633,147.995,0.34,3.022,0.331,0.863
24653,3D-D-Z2.tif,0.554,5.015,0.277,1.634,976,684,82.725,0.775,2.776,0.36,0.683
24654,3D-D-Z2.tif,0.228,2.437,0.483,0.899,337,638,147.529,0.402,2.087,0.479,0.77
24655,3D-D-Z2.tif,0.424,3.074,0.564,1.077,759,645,140.194,0.609,2.2,0.455,0.797
24656,3D-D-Z2.tif,0.216,1.912,0.744,0.759,459,645,140.528,0.463,1.697,0.589,0.867
24657,3D-D-Z2.tif,0.366,2.867,0.56,1.177,552,645,121.827,0.455,3.05,0.328,0.822
24658,3D-D-Z2.tif,0.224,2.652,0.399,0.787,927,649,151.189,0.552,1.195,0.836,0.677
24659,3D-D-Z2.tif,0.285,2.343,0.653,0.973,494,659,22.932,0.435,2.553,0.392,0.866
24660,3D-D-Z2.tif,1.027,6.821,0.277,1.793,501,681,37.972,1.32,1.565,0.639,0.665
24661,3D-D-Z2.tif,0.91,3.838,0.776,1.347,428,673,13.325,1.026,1.281,0.781,0.91
24662,3D-D-Z2.tif,0.989,6.88,0.263,2.028,598,658,162.181,0.887,2.716,0.368,0.698
24663,3D-D-Z2.tif,0.358,2.348,0.816,0.865,872,680,85.426,0.617,1.359,0.736,0.903
24664,3D-D-Z2.tif,0.736,3.485,0.762,1.228,154,661,128.157,0.853,1.466,0.682,0.919
24665,3D-D-Z2.tif,0.414,2.583,0.779,0.918,808,681,55.713,0.62,1.574,0.635,0.888
24666,3D-D-Z2.tif,1.111,5.775,0.418,1.762,894,659,130.236,1.193,1.417,0.706,0.766
24667,3D-D-Z2.tif,0.666,3.638,0.632,1.39,345,664,119.745,0.698,1.933,0.517,0.888
24668,3D-D-Z2.tif,0.329,2.696,0.569,1.062,837,695,76.866,0.434,2.596,0.385,0.882
24669,3D-D-Z2.tif,1.625,8.787,0.265,2.314,239,689,3.417,1.541,1.436,0.696,0.655
24670,3D-D-Z2.tif,0.27,2.027,0.826,0.727,471,676,121.43,0.524,1.385,0.722,0.91
24671,3D-D-Z2.tif,0.743,5.787,0.279,1.859,680,678,139.514,0.941,2.828,0.354,0.592
24672,3D-D-Z2.tif,0.765,6.071,0.261,1.564,657,679,104.036,1.103,1.546,0.647,0.595
24673,3D-D-Z2.tif,0.392,3.355,0.438,1.177,869,710,58.173,0.581,2.344,0.427,0.765
24674,3D-D-Z2.tif,0.228,2.79,0.369,0.829,763,686,106.928,0.537,1.801,0.555,0.682
24675,3D-D-Z2.tif,0.941,5.933,0.336,2.413,445,689,149.036,0.833,3.306,0.302,0.694
24676,3D-D-Z2.tif,0.333,3.574,0.328,1.049,322,697,133.668,0.851,1.222,0.818,0.597
24677,3D-D-Z2.tif,0.491,3.232,0.591,1.283,886,699,149.3,0.596,2.166,0.462,0.873
24678,3D-D-Z2.tif,0.203,1.734,0.85,0.593,305,700,144.462,0.517,1.106,0.904,0.881
24679,3D-D-Z3.tif,0.219,2.658,0.389,0.896,622,22,103.191,0.489,1.673,0.598,0.804
24680,3D-D-Z3.tif,0.687,6.504,0.204,1.538,49,62,139.674,0.932,1.778,0.562,0.674
24681,3D-D-Z3.tif,0.939,5.272,0.424,1.815,719,113,2.153,0.955,1.809,0.553,0.819
24682,3D-D-Z3.tif,1.49,9.184,0.222,1.934,225,238,65.422,1.23,1.583,0.632,0.749
24683,3D-D-Z3.tif,0.226,2.123,0.629,0.804,141,228,75.256,0.457,1.882,0.531,0.897
24684,3D-D-Z3.tif,0.21,2.336,0.482,0.843,479,222,14.036,0.381,2.338,0.428,0.852
24685,3D-D-Z3.tif,0.266,2.87,0.406,0.837,458,322,59.676,0.609,1.395,0.717,0.796
24686,3D-D-Z3.tif,1.035,7.003,0.265,2.118,178,274,93.691,0.845,2.484,0.403,0.789
24687,3D-D-Z3.tif,0.211,3.034,0.288,1.104,791,305,152.802,0.298,4.61,0.217,0.76
24688,3D-D-Z3.tif,0.592,5.559,0.241,1.326,485,406,85.872,0.929,1.438,0.695,0.684
24689,3D-D-Z3.tif,0.95,5.124,0.455,1.685,230,348,101.674,0.885,1.91,0.524,0.89
24690,3D-D-Z3.tif,1.399,5.218,0.646,1.806,136,402,103.092,1.102,1.796,0.557,0.927
24691,3D-D-Z3.tif,0.298,3.225,0.361,1.061,265,482,25.907,0.477,2.472,0.404,0.773
24692,3D-D-Z3.tif,0.208,2.715,0.354,0.998,427,479,100.235,0.345,3.52,0.284,0.801
24693,3D-D-Z3.tif,0.332,3.241,0.398,1.263,778,517,135.437,0.479,2.306,0.434,0.765
24694,3D-D-Z3.tif,2.52,9.994,0.317,2.229,225,519,113.429,1.773,1.349,0.741,0.832
24695,3D-D-Z3.tif,0.286,3.528,0.289,1.33,565,546,158.962,0.419,3.831,0.261,0.71
24696,3D-D-Z3.tif,0.933,5.972,0.329,1.618,430,583,159.274,1.06,1.264,0.791,0.778
24697,3D-U-Z1.tif,1.162,5.545,0.475,1.782,703,4,101.889,1.045,1.773,0.564,0.773
24698,3D-U-Z1.tif,1.331,4.377,0.873,1.714,616,7,105.524,1.101,1.533,0.652,0.916
24699,3D-U-Z1.tif,1.019,5.156,0.482,1.662,717,20,173.66,1.285,1.305,0.767,0.697
24700,3D-U-Z1.tif,1.558,6.57,0.454,2.525,599,14,109.093,1.221,2.698,0.371,0.736
24701,3D-U-Z1.tif,0.943,3.728,0.853,1.425,332,31,75.069,0.918,1.585,0.631,0.914
24702,3D-U-Z1.tif,6.35,17.205,0.27,4.677,524,41,15.945,3.301,1.713,0.584,0.582
24703,3D-U-Z1.tif,1.204,6.333,0.377,1.977,840,38,68.199,1.131,1.809,0.553,0.724
24704,3D-U-Z1.tif,0.573,3.231,0.689,1.278,802,33,68.962,0.806,1.799,0.556,0.791
24705,3D-U-Z1.tif,0.741,3.285,0.863,1.377,339,34,53.13,0.821,1.713,0.584,0.921
24706,3D-U-Z1.tif,1.373,4.301,0.932,1.568,436,43,69.444,1.193,1.27,0.787,0.934
24707,3D-U-Z1.tif,1.179,4.475,0.74,1.603,687,45,76.759,1.162,1.404,0.712,0.864
24708,3D-U-Z1.tif,0.623,2.994,0.874,1.109,892,28,114.444,0.826,1.253,0.798,0.897
24709,3D-U-Z1.tif,2.661,8.473,0.466,3.335,454,31,97.907,1.541,2.129,0.47,0.723
24710,3D-U-Z1.tif,1.061,3.827,0.911,1.451,506,32,108.435,1.067,1.394,0.717,0.903
24711,3D-U-Z1.tif,0.682,4.355,0.452,1.741,754,34,108.435,0.642,3.039,0.329,0.779
24712,3D-U-Z1.tif,1.053,3.934,0.855,1.425,647,36,104.931,1.039,1.469,0.681,0.89
24713,3D-U-Z1.tif,1.987,8.947,0.312,3.164,835,39,119.539,1.346,3.133,0.319,0.666
24714,3D-U-Z1.tif,0.893,3.675,0.831,1.401,565,39,148.392,0.918,1.486,0.673,0.922
24715,3D-U-Z1.tif,2.021,7.998,0.397,2.25,593,62,78.232,1.652,1.679,0.596,0.711
24716,3D-U-Z1.tif,4.219,14.98,0.236,5.024,82,93,80.538,1.633,4.1,0.244,0.672
24717,3D-U-Z1.tif,1.676,4.959,0.856,1.803,617,40,104.744,1.193,1.449,0.69,0.932
24718,3D-U-Z1.tif,4.32,14.309,0.265,4.093,482,87,70.346,2.371,1.819,0.55,0.67
24719,3D-U-Z1.tif,1.12,4.064,0.852,1.451,781,60,71.565,1.101,1.25,0.8,0.887
24720,3D-U-Z1.tif,4.228,10.213,0.509,3.349,406,82,80.538,1.927,2.058,0.486,0.804
24721,3D-U-Z1.tif,0.867,3.697,0.798,1.519,543,46,115.017,0.944,1.739,0.575,0.869
24722,3D-U-Z1.tif,1.819,7.501,0.406,2.647,690,50,146.31,1.35,1.978,0.506,0.755
24723,3D-U-Z1.tif,0.724,3.921,0.592,1.782,942,54,101.889,0.459,3.702,0.27,0.961
24724,3D-U-Z1.tif,2.08,5.469,0.874,2.004,533,56,105.945,1.533,1.219,0.82,0.911
24725,3D-U-Z1.tif,0.539,3.513,0.549,1.398,597,70,66.801,0.706,2.501,0.4,0.727
24726,3D-U-Z1.tif,1.448,4.453,0.918,1.538,557,67,17.354,1.277,1.172,0.854,0.922
24727,3D-U-Z1.tif,0.952,4.27,0.656,1.425,316,73,75.069,1.149,1.431,0.699,0.799
24728,3D-U-Z1.tif,0.505,2.712,0.863,1.074,748,71,70.017,0.642,1.73,0.578,0.909
24729,3D-U-Z1.tif,0.884,4.453,0.56,1.401,430,64,148.392,1.009,1.513,0.661,0.802
24730,3D-U-Z1.tif,0.716,4.583,0.428,1.398,384,70,23.199,0.944,1.805,0.554,0.72
24731,3D-U-Z1.tif,0.766,4.216,0.542,1.692,693,77,40.601,0.709,3.053,0.328,0.755
24732,3D-U-Z1.tif,4.649,12.366,0.382,3.835,500,104,68.962,2.062,2.064,0.485,0.8
24733,3D-U-Z1.tif,0.665,3.178,0.828,1.161,617,78,71.565,0.826,1.372,0.729,0.893
24734,3D-U-Z1.tif,2.703,11.587,0.253,3.335,329,103,82.093,2.052,1.519,0.658,0.598
24735,3D-U-Z1.tif,1.137,4.95,0.583,1.724,672,87,64.799,1.057,1.812,0.552,0.823
24736,3D-U-Z1.tif,1.575,4.668,0.908,1.741,375,90,71.565,1.193,1.364,0.733,0.942
24737,3D-U-Z1.tif,0.707,3.124,0.911,1.161,429,72,108.435,0.89,1.31,0.763,0.884
24738,3D-U-Z1.tif,0.876,3.751,0.782,1.275,448,76,149.744,1.009,1.262,0.792,0.87
24739,3D-U-Z1.tif,0.615,4.431,0.393,1.753,853,74,96.009,0.551,3.987,0.251,0.737
24740,3D-U-Z1.tif,0.514,2.972,0.731,1.116,834,87,80.538,0.734,1.306,0.765,0.819
24741,3D-U-Z1.tif,0.674,3.048,0.911,1.175,525,76,128.66,0.9,1.317,0.76,0.889
24742,3D-U-Z1.tif,0.598,3.102,0.781,1.278,420,77,111.038,0.734,1.903,0.525,0.845
24743,3D-U-Z1.tif,1.145,4.333,0.767,1.724,563,94,64.799,0.935,1.9,0.526,0.889
24744,3D-U-Z1.tif,1.027,3.858,0.867,1.513,576,93,75.964,0.918,1.627,0.614,0.907
24745,3D-U-Z1.tif,3.259,11.856,0.291,4.351,251,105,27.646,1.792,3.449,0.29,0.547
24746,3D-U-Z1.tif,0.556,2.735,0.934,1.046,469,91,74.745,0.734,1.362,0.734,0.904
24747,3D-U-Z1.tif,1.861,6.669,0.526,2.052,549,81,100.305,1.468,1.475,0.678,0.802
24748,3D-U-Z1.tif,0.876,5.988,0.307,1.81,344,102,59.534,1.239,1.522,0.657,0.54
24749,3D-U-Z1.tif,1.196,4.247,0.833,1.568,398,84,110.556,1.101,1.437,0.696,0.907
24750,3D-U-Z1.tif,0.901,4.659,0.522,1.892,657,85,104.036,0.973,2.027,0.493,0.756
24751,3D-U-Z1.tif,0.514,2.842,0.799,1.135,389,86,104.036,0.642,1.845,0.542,0.871
24752,3D-U-Z1.tif,1.154,5.935,0.412,1.772,680,104,68.749,1.395,1.236,0.809,0.739
24753,3D-U-Z1.tif,1.895,6.548,0.555,2.462,199,99,26.565,1.189,2.304,0.434,0.846
24754,3D-U-Z1.tif,1.474,4.485,0.921,1.538,448,88,107.354,1.285,1.182,0.846,0.926
24755,3D-U-Z1.tif,1.474,6.096,0.498,2.031,479,88,108.435,1.377,1.48,0.676,0.805
24756,3D-U-Z1.tif,2.771,11.587,0.259,3.385,519,119,57.171,1.94,1.854,0.539,0.601
24757,3D-U-Z1.tif,0.691,3.048,0.934,1.161,413,89,108.435,0.826,1.283,0.779,0.911
24758,3D-U-Z1.tif,4.084,15.508,0.213,4.942,84,143,74.932,2.042,3.102,0.322,0.626
24759,3D-U-Z1.tif,1.07,5.124,0.512,1.584,708,92,100.008,1.193,1.323,0.756,0.77
24760,3D-U-Z1.tif,0.775,4.14,0.568,1.314,373,103,24.775,1.009,1.221,0.819,0.79
24761,3D-U-Z1.tif,0.564,2.811,0.898,1.168,573,96,135,0.714,1.655,0.604,0.893
24762,3D-U-Z1.tif,0.64,5.241,0.293,1.947,852,96,98.13,0.592,4.606,0.217,0.67
24763,3D-U-Z1.tif,0.783,3.858,0.661,1.603,816,101,113.629,0.774,2.097,0.477,0.838
24764,3D-U-Z1.tif,3.318,9.878,0.427,3.545,472,107,158.749,1.696,2.466,0.405,0.713
24765,3D-U-Z1.tif,2.83,8.289,0.518,3.051,646,140,83.089,1.321,2.569,0.389,0.82
24766,3D-U-Z1.tif,2.097,7.067,0.528,2.538,386,124,12.529,1.468,1.761,0.568,0.79
24767,3D-U-Z1.tif,0.539,4.377,0.353,1.724,628,110,115.201,0.698,3.399,0.294,0.552
24768,3D-U-Z1.tif,1.162,5.599,0.466,2.386,605,135,67.38,0.887,3.526,0.284,0.719
24769,3D-U-Z1.tif,1.255,4.194,0.897,1.483,335,113,111.801,1.233,1.143,0.875,0.9
24770,3D-U-Z1.tif,1.937,5.845,0.712,2.25,464,137,78.232,1.285,1.748,0.572,0.875
24771,3D-U-Z1.tif,1.398,5.545,0.571,2.142,883,113,99.866,1.101,2.021,0.495,0.81
24772,3D-U-Z1.tif,0.766,5.738,0.292,2.21,764,114,94.764,0.826,3.576,0.28,0.632
24773,3D-U-Z1.tif,0.699,3.178,0.87,1.275,443,115,120.256,0.814,1.589,0.629,0.897
24774,3D-U-Z1.tif,2.055,7.349,0.478,2.786,323,117,107.241,1.269,2.346,0.426,0.795
24775,3D-U-Z1.tif,2.939,11.229,0.293,2.797,416,121,131.009,2.004,1.439,0.695,0.708
24776,3D-U-Z1.tif,1.044,6.042,0.359,2.062,665,123,147.724,1.204,2.052,0.487,0.586
24777,3D-U-Z1.tif,0.699,3.048,0.946,1.135,556,120,104.036,0.826,1.276,0.784,0.917
24778,3D-U-Z1.tif,1.255,5.51,0.519,2.323,787,122,99.09,0.812,3.369,0.297,0.835
24779,3D-U-Z1.tif,0.741,5.241,0.339,1.828,845,141,72.474,0.826,2.874,0.348,0.629
24780,3D-U-Z1.tif,0.598,2.864,0.916,1.12,406,134,55.008,0.779,1.448,0.691,0.887
24781,3D-U-Z1.tif,0.733,3.178,0.912,1.224,535,141,77.005,0.826,1.378,0.726,0.911
24782,3D-U-Z1.tif,0.606,4.247,0.422,1.822,473,145,40.914,0.634,3.986,0.251,0.664
24783,3D-U-Z1.tif,0.623,3.719,0.566,1.197,735,143,57.529,1.002,1.264,0.791,0.736
24784,3D-U-Z1.tif,2.754,6.646,0.783,2.496,370,137,162.897,1.525,1.712,0.584,0.901
24785,3D-U-Z1.tif,0.741,3.2,0.909,1.193,694,135,157.38,0.944,1.262,0.793,0.867
24786,3D-U-Z1.tif,3.436,13.208,0.248,4.203,552,170,53.881,1.81,2.324,0.43,0.645
24787,3D-U-Z1.tif,1.423,4.776,0.784,1.692,336,135,130.601,1.346,1.26,0.794,0.862
24788,3D-U-Z1.tif,4.825,14.233,0.299,4.895,620,134,120.411,2.069,2.631,0.38,0.615
24789,3D-U-Z1.tif,1.297,5.134,0.618,2.095,305,140,118.811,1.026,2.392,0.418,0.79
24790,3D-U-Z1.tif,1.592,4.95,0.816,1.91,481,143,125.218,1.266,1.503,0.665,0.9
24791,3D-U-Z1.tif,3.882,10.666,0.429,3.494,584,181,66.801,2.194,1.86,0.538,0.729
24792,3D-U-Z1.tif,1.171,5.134,0.558,1.985,719,150,146.31,1.069,2.172,0.46,0.739
24793,3D-U-Z1.tif,5.945,18.319,0.223,5.965,413,164,14.25,2.448,2.575,0.388,0.598
24794,3D-U-Z1.tif,1.238,4.896,0.649,1.634,522,148,128.157,1.269,1.421,0.704,0.824
24795,3D-U-Z1.tif,1.608,7.989,0.317,2.978,334,178,56.31,1.168,3.252,0.308,0.683
24796,3D-U-Z1.tif,0.522,3.361,0.581,1.364,604,151,132.274,0.697,2.58,0.388,0.756
24797,3D-U-Z1.tif,0.573,2.735,0.962,1.074,332,163,70.017,0.734,1.443,0.693,0.913
24798,3D-U-Z1.tif,0.648,2.918,0.957,1.046,301,154,105.255,0.826,1.198,0.835,0.917
24799,3D-U-Z1.tif,2.787,8.571,0.477,3.126,659,176,40.236,1.657,2.031,0.492,0.74
24800,3D-U-Z1.tif,0.505,2.659,0.898,0.993,565,165,33.69,0.734,1.18,0.847,0.916
24801,3D-U-Z1.tif,1.213,6.507,0.36,2.728,127,182,47.726,0.954,3.469,0.288,0.694
24802,3D-U-Z1.tif,0.834,3.307,0.958,1.15,475,172,61.39,1.009,1.055,0.948,0.912
24803,3D-U-Z1.tif,2.139,7.944,0.426,2.761,835,189,74.578,1.403,1.988,0.503,0.737
24804,3D-U-Z1.tif,7.015,19.724,0.227,4.83,501,189,14.3,2.755,2.143,0.467,0.699
24805,3D-U-Z1.tif,4.286,12.809,0.328,4.762,621,165,115.084,1.8,3.561,0.281,0.709
24806,3D-U-Z1.tif,6.265,15.191,0.341,5.876,82,235,88.21,1.56,4.317,0.232,0.797
24807,3D-U-Z1.tif,0.556,3.383,0.61,1.161,434,171,108.435,0.908,1.429,0.7,0.746
24808,3D-U-Z1.tif,1.507,4.691,0.861,1.741,481,190,71.565,1.285,1.323,0.756,0.911
24809,3D-U-Z1.tif,0.657,3.307,0.755,1.278,284,187,68.962,0.861,1.599,0.625,0.852
24810,3D-U-Z1.tif,1.347,4.171,0.973,1.56,461,174,118.072,1.193,1.196,0.836,0.95
24811,3D-U-Z1.tif,1.608,5.912,0.578,2.093,387,177,127.875,1.354,1.58,0.633,0.789
24812,3D-U-Z1.tif,0.749,3.437,0.797,1.314,378,178,102.095,0.913,1.461,0.685,0.856
24813,3D-U-Z1.tif,1.331,4.377,0.873,1.505,565,180,127.569,1.312,1.18,0.848,0.895
24814,3D-U-Z1.tif,4.404,11.52,0.417,3.268,411,184,128.157,2.257,1.544,0.648,0.751
24815,3D-U-Z1.tif,2.131,7.479,0.479,2.938,327,183,128.66,1.333,2.503,0.399,0.794
24816,3D-U-Z1.tif,1.743,8.884,0.278,3.154,715,183,98.366,1.07,3.795,0.263,0.647
24817,3D-U-Z1.tif,1.187,5.599,0.476,2.21,792,199,41.634,0.985,2.548,0.393,0.758
24818,3D-U-Z1.tif,3.52,12.622,0.278,4.489,284,224,49.145,2.012,2.523,0.396,0.557
24819,3D-U-Z1.tif,4.943,16.676,0.223,4.963,846,187,93.18,1.79,2.862,0.349,0.719
24820,3D-U-Z1.tif,1.608,5.058,0.79,1.81,485,207,59.534,1.285,1.388,0.721,0.899
24821,3D-U-Z1.tif,5.996,16.904,0.264,5.284,523,244,69.677,2.325,3.08,0.325,0.577
24822,3D-U-Z1.tif,0.876,4.637,0.512,1.782,683,192,101.889,0.81,2.434,0.411,0.759
24823,3D-U-Z1.tif,2.063,8.571,0.353,3.164,873,193,106.858,1.337,2.819,0.355,0.688
24824,3D-U-Z1.tif,3.941,12.609,0.312,4.633,917,194,97.97,1.457,4.112,0.243,0.768
24825,3D-U-Z1.tif,4.051,13.306,0.288,4.451,138,200,165.677,1.76,3.154,0.317,0.678
24826,3D-U-Z1.tif,0.632,2.864,0.967,1.109,462,196,114.444,0.821,1.35,0.741,0.909
24827,3D-U-Z1.tif,1.937,5.286,0.871,1.916,449,197,106.699,1.477,1.298,0.77,0.916
24828,3D-U-Z1.tif,1.457,5.08,0.709,1.724,508,197,115.201,1.291,1.367,0.731,0.85
24829,3D-U-Z1.tif,0.623,3.383,0.684,1.15,268,201,151.39,0.918,1.204,0.83,0.827
24830,3D-U-Z1.tif,0.733,3.307,0.842,1.248,392,212,72.897,0.903,1.372,0.729,0.892
24831,3D-U-Z1.tif,1.002,4.032,0.774,1.48,658,199,97.125,1.086,1.382,0.724,0.862
24832,3D-U-Z1.tif,1.608,8.486,0.281,3.228,816,202,104.826,1.084,3.963,0.252,0.572
24833,3D-U-Z1.tif,1.491,7.425,0.34,2.538,764,207,167.471,1.101,2.936,0.341,0.693
24834,3D-U-Z1.tif,0.943,5.317,0.419,2.038,190,208,172.235,0.774,3.537,0.283,0.713
24835,3D-U-Z1.tif,0.514,2.735,0.863,1.116,215,208,170.538,0.642,1.702,0.587,0.878
24836,3D-U-Z1.tif,0.615,3.026,0.844,1.135,307,210,104.036,0.734,1.589,0.629,0.89
24837,3D-U-Z1.tif,1.423,6.906,0.375,2.113,456,224,34.38,1.461,1.462,0.684,0.659
24838,3D-U-Z1.tif,1.297,4.453,0.822,1.741,403,212,108.435,1.108,1.565,0.639,0.906
24839,3D-U-Z1.tif,1.019,5.187,0.476,1.634,484,228,51.843,1.077,1.881,0.532,0.742
24840,3D-U-Z1.tif,1.465,5.63,0.581,2.181,628,216,157.751,1.085,2.044,0.489,0.829
24841,3D-U-Z1.tif,0.842,5.156,0.398,1.782,699,230,55.491,1,2.324,0.43,0.66
24842,3D-U-Z1.tif,0.674,2.918,0.994,1.074,442,216,109.983,0.826,1.194,0.838,0.925
24843,3D-U-Z1.tif,0.514,2.583,0.968,1.026,605,216,116.565,0.642,1.449,0.69,0.938
24844,3D-U-Z1.tif,4.388,16.037,0.214,4.093,481,250,42.274,2.937,1.366,0.732,0.543
24845,3D-U-Z1.tif,2.905,11.198,0.291,2.965,720,218,111.801,1.835,1.368,0.731,0.731
24846,3D-U-Z1.tif,0.531,2.887,0.8,1.026,743,228,10.305,0.813,1.287,0.777,0.851
24847,3D-U-Z1.tif,0.505,3.102,0.66,1.323,232,232,33.69,0.712,2.284,0.438,0.789
24848,3D-U-Z1.tif,1.608,6.884,0.427,2.021,303,241,39.472,1.377,1.597,0.626,0.804
24849,3D-U-Z1.tif,6.021,18.816,0.214,4.146,430,251,174.92,3.212,1.582,0.632,0.614
24850,3D-U-Z1.tif,1.819,6.874,0.484,2.424,636,253,60.524,1.363,1.675,0.597,0.787
24851,3D-U-Z1.tif,0.573,3.513,0.583,1.505,141,231,127.569,0.652,2.359,0.424,0.805
24852,3D-U-Z1.tif,1.423,5.187,0.665,1.817,419,247,45,1.231,1.42,0.704,0.849
24853,3D-U-Z1.tif,1.693,4.767,0.936,1.765,545,231,117.897,1.354,1.287,0.777,0.935
24854,3D-U-Z1.tif,0.539,3.026,0.74,1.224,709,245,77.005,0.642,1.939,0.516,0.865
24855,3D-U-Z1.tif,1.314,5.782,0.494,1.858,187,238,159.775,1.281,1.656,0.604,0.677
24856,3D-U-Z1.tif,1.684,6.646,0.479,2.591,243,234,157.068,0.977,2.877,0.348,0.813
24857,3D-U-Z1.tif,1.339,4.409,0.866,1.605,372,249,59.036,1.253,1.243,0.805,0.914
24858,3D-U-Z1.tif,1.406,4.874,0.744,1.685,670,240,150.642,1.377,1.176,0.85,0.861
24859,3D-U-Z1.tif,1.768,6.593,0.511,2.142,102,240,136.736,1.568,1.402,0.713,0.779
24860,3D-U-Z1.tif,0.522,2.918,0.771,1.248,288,239,143.973,0.662,2.111,0.474,0.867
24861,3D-U-Z1.tif,0.724,3.155,0.914,1.248,404,240,107.103,0.734,1.616,0.619,0.935
24862,3D-U-Z1.tif,2.324,7.166,0.569,2.505,391,268,81.573,1.491,1.679,0.595,0.814
24863,3D-U-Z1.tif,2.4,6.355,0.747,2.181,601,253,14.621,1.56,1.388,0.72,0.869
24864,3D-U-Z1.tif,0.623,3.124,0.802,1.278,346,256,68.962,0.734,1.806,0.554,0.881
24865,3D-U-Z1.tif,1.095,5.349,0.481,2.382,207,255,15.642,0.718,4,0.25,0.807
24866,3D-U-Z1.tif,2.392,8.204,0.447,2.423,520,248,114.624,1.75,1.039,0.962,0.736
24867,3D-U-Z1.tif,13.171,26.94,0.228,6.816,81,317,43.363,5.323,1.393,0.718,0.566
24868,3D-U-Z1.tif,1.701,7.027,0.433,1.985,682,269,56.31,1.413,1.435,0.697,0.791
24869,3D-U-Z1.tif,0.859,4.377,0.563,1.724,351,269,64.799,0.802,2.508,0.399,0.764
24870,3D-U-Z1.tif,1.777,5.998,0.621,2.062,549,274,69.146,1.201,1.742,0.574,0.87
24871,3D-U-Z1.tif,0.547,3.307,0.629,1.278,599,255,111.038,0.888,1.728,0.579,0.73
24872,3D-U-Z1.tif,1.701,5.966,0.601,1.828,479,256,107.526,1.377,1.194,0.837,0.865
24873,3D-U-Z1.tif,1.297,5.729,0.497,1.828,716,275,72.474,1.171,1.494,0.669,0.813
24874,3D-U-Z1.tif,1.297,5.393,0.56,1.945,763,260,160.71,1.016,2.088,0.479,0.819
24875,3D-U-Z1.tif,0.581,3.361,0.646,1.389,749,259,97.595,0.642,2.166,0.462,0.847
24876,3D-U-Z1.tif,2.72,8.029,0.53,2.988,417,260,100.62,1.414,2.437,0.41,0.812
24877,3D-U-Z1.tif,0.691,3.773,0.61,1.389,646,261,97.595,0.826,1.82,0.549,0.812
24878,3D-U-Z1.tif,0.589,2.994,0.826,1.105,364,275,48.366,0.826,1.306,0.766,0.864
24879,3D-U-Z1.tif,1.701,5.124,0.814,1.765,568,277,8.973,1.363,1.189,0.841,0.873
24880,3D-U-Z1.tif,1.912,5.263,0.867,1.828,515,269,107.526,1.477,1.169,0.855,0.921
24881,3D-U-Z1.tif,0.615,3.393,0.671,1.425,288,270,104.931,0.623,2.567,0.39,0.859
24882,3D-U-Z1.tif,0.935,4.453,0.592,1.603,557,272,103.241,0.916,2.082,0.48,0.782
24883,3D-U-Z1.tif,3.461,7.77,0.72,2.668,386,301,63.435,1.744,1.481,0.675,0.904
24884,3D-U-Z1.tif,0.64,3.361,0.712,1.355,433,273,118.301,0.818,1.811,0.552,0.826
24885,3D-U-Z1.tif,1.246,4.377,0.817,1.568,670,291,69.444,1.26,1.309,0.764,0.858
24886,3D-U-Z1.tif,0.758,3.88,0.633,1.364,747,276,109.654,0.891,1.603,0.624,0.853
24887,3D-U-Z1.tif,0.581,3.178,0.723,1.12,324,287,34.992,0.903,1.07,0.935,0.798
24888,3D-U-Z1.tif,0.699,3.804,0.607,1.48,365,280,97.125,0.754,2.184,0.458,0.787
24889,3D-U-Z1.tif,0.699,3.903,0.577,1.304,454,280,129.289,0.826,1.513,0.661,0.834
24890,3D-U-Z1.tif,1.255,4.377,0.823,1.634,635,284,141.843,1.117,1.448,0.691,0.895
24891,3D-U-Z1.tif,2.88,9.998,0.362,2.988,605,315,79.38,1.556,2.006,0.498,0.783
24892,3D-U-Z1.tif,0.648,2.94,0.942,1.074,653,283,109.983,0.918,1.154,0.867,0.89
24893,3D-U-Z1.tif,0.741,3.178,0.922,1.12,471,295,55.008,0.918,1.105,0.905,0.917
24894,3D-U-Z1.tif,1.347,7.533,0.298,2.898,855,284,100.954,0.979,3.599,0.278,0.619
24895,3D-U-Z1.tif,2.24,6.83,0.603,2.469,524,304,41.987,1.56,1.651,0.606,0.842
24896,3D-U-Z1.tif,0.674,3.102,0.88,1.224,341,301,77.005,0.734,1.503,0.665,0.909
24897,3D-U-Z1.tif,2.964,6.83,0.799,2.409,431,290,107.745,1.79,1.284,0.779,0.901
24898,3D-U-Z1.tif,0.8,3.285,0.932,1.175,513,290,128.66,0.918,1.169,0.855,0.913
24899,3D-U-Z1.tif,2.08,5.921,0.745,2.27,493,316,75.964,1.285,1.595,0.627,0.905
24900,3D-U-Z1.tif,1.246,6.02,0.432,2.119,304,296,107.65,1.285,1.926,0.519,0.653
24901,3D-U-Z1.tif,0.758,3.383,0.832,1.15,474,309,61.39,1.009,1.077,0.929,0.874
24902,3D-U-Z1.tif,1.474,4.561,0.89,1.654,645,317,70.56,1.193,1.303,0.767,0.941
24903,3D-U-Z1.tif,0.581,3.231,0.699,1.314,592,301,102.095,0.731,1.914,0.522,0.826
24904,3D-U-Z1.tif,0.581,2.735,0.976,1.074,407,304,109.983,0.734,1.359,0.736,0.914
24905,3D-U-Z1.tif,3.79,12.711,0.295,4.285,339,311,170.134,1.611,3.554,0.281,0.624
24906,3D-U-Z1.tif,2.99,8.647,0.502,2.928,460,307,147.804,2.118,1.292,0.774,0.734
24907,3D-U-Z1.tif,0.589,2.864,0.903,1.07,314,309,149.036,0.842,1.259,0.794,0.875
24908,3D-U-Z1.tif,0.648,3.102,0.847,1.224,507,312,102.995,0.734,1.646,0.607,0.895
24909,3D-U-Z1.tif,0.682,3.88,0.569,1.513,673,314,104.036,0.734,2.008,0.498,0.81
24910,3D-U-Z1.tif,1.592,7.631,0.343,2.858,580,315,95.528,1.301,2.104,0.475,0.673
24911,3D-U-Z1.tif,1.819,5.599,0.729,2.062,295,319,147.724,1.291,1.736,0.576,0.885
24912,3D-U-Z1.tif,3.849,13.986,0.247,4.025,118,321,133.152,2.301,1.937,0.516,0.526
24913,3D-U-Z1.tif,1.112,5.295,0.498,2.166,429,338,53.616,0.973,2.763,0.362,0.731
24914,3D-U-Z1.tif,1.027,4.919,0.534,1.81,396,320,120.466,1.081,2.124,0.471,0.724
24915,3D-U-Z1.tif,0.699,3.675,0.651,1.364,447,323,160.346,0.826,1.64,0.61,0.822
24916,3D-U-Z1.tif,0.935,3.773,0.825,1.425,628,321,104.931,0.954,1.545,0.647,0.877
24917,3D-U-Z1.tif,1.12,5.08,0.545,1.707,717,337,53.746,1.216,1.447,0.691,0.767
24918,3D-U-Z1.tif,6.173,18.243,0.233,5.76,80,382,67.521,2.353,3.176,0.315,0.594
24919,3D-U-Z1.tif,0.564,2.972,0.803,1.193,282,338,67.38,0.731,1.722,0.581,0.87
24920,3D-U-Z1.tif,0.632,3.858,0.533,1.451,343,341,55.305,0.8,2.123,0.471,0.743
24921,3D-U-Z1.tif,1.263,4.149,0.922,1.48,388,342,60.255,1.193,1.128,0.886,0.938
24922,3D-U-Z1.tif,3.427,9.318,0.496,3.564,491,352,34.509,1.557,2.873,0.348,0.748
24923,3D-U-Z1.tif,0.615,2.918,0.907,1.135,375,332,104.036,0.734,1.492,0.67,0.907
24924,3D-U-Z1.tif,0.539,2.636,0.974,0.993,605,333,146.31,0.734,1.153,0.868,0.948
24925,3D-U-Z1.tif,0.808,3.567,0.798,1.364,361,333,109.654,0.857,1.705,0.586,0.865
24926,3D-U-Z1.tif,3.596,10.137,0.44,2.834,457,364,60.945,2.019,1.379,0.725,0.793
24927,3D-U-Z1.tif,2.08,8.41,0.37,2.423,517,348,24.624,1.509,1.876,0.533,0.769
24928,3D-U-Z1.tif,0.674,5.08,0.328,1.985,734,336,146.31,0.824,2.992,0.334,0.595
24929,3D-U-Z1.tif,7.815,20.521,0.233,6.165,213,386,45.603,3.05,2.221,0.45,0.671
24930,3D-U-Z1.tif,0.783,3.804,0.68,1.323,301,353,33.69,1.02,1.174,0.852,0.827
24931,3D-U-Z1.tif,2.114,6.982,0.545,2.628,548,346,102.095,1.468,1.976,0.506,0.778
24932,3D-U-Z1.tif,0.985,4.735,0.552,1.527,424,361,57.265,1.074,1.476,0.677,0.785
24933,3D-U-Z1.tif,0.741,3.231,0.892,1.231,367,360,63.435,0.9,1.411,0.709,0.898
24934,3D-U-Z1.tif,2.4,7.64,0.517,2.61,388,361,10.125,1.525,2.163,0.462,0.754
24935,3D-U-Z1.tif,0.935,6.431,0.284,2.506,860,351,113.749,0.871,3.663,0.273,0.594
24936,3D-U-Z1.tif,1.608,6.928,0.421,2.628,581,353,102.095,0.918,3.129,0.32,0.791
24937,3D-U-Z1.tif,0.699,3.155,0.882,1.15,376,365,61.39,0.826,1.384,0.722,0.902
24938,3D-U-Z1.tif,8.901,13.758,0.591,5.282,251,355,97.989,2.386,2.376,0.421,0.901
24939,3D-U-Z1.tif,0.674,3.155,0.85,1.207,313,356,98.746,0.734,1.562,0.64,0.904
24940,3D-U-Z1.tif,3.04,8.182,0.571,2.609,340,356,129.289,1.864,1.64,0.61,0.828
24941,3D-U-Z1.tif,4.194,8.204,0.783,2.649,522,358,104.036,2.206,1.162,0.86,0.9
24942,3D-U-Z1.tif,1.954,5.187,0.912,1.765,474,379,81.027,1.468,1.142,0.876,0.934
24943,3D-U-Z1.tif,1.676,5.912,0.602,2.21,709,361,94.764,1.122,1.965,0.509,0.852
24944,3D-U-Z1.tif,1.541,4.507,0.953,1.642,618,362,116.565,1.313,1.231,0.812,0.936
24945,3D-U-Z1.tif,1.777,5.729,0.68,2.352,435,370,110.556,1.316,1.845,0.542,0.863
24946,3D-U-Z1.tif,1.743,6.431,0.53,2.423,565,397,65.376,1.302,1.944,0.514,0.76
24947,3D-U-Z1.tif,1.221,4.301,0.829,1.687,368,375,112.38,1.041,1.605,0.623,0.903
24948,3D-U-Z1.tif,0.977,3.675,0.909,1.355,396,376,118.301,1.009,1.333,0.75,0.91
24949,3D-U-Z1.tif,2.686,8.884,0.428,2.471,500,375,105.068,1.672,1.605,0.623,0.814
24950,3D-U-Z1.tif,0.834,3.88,0.696,1.278,306,389,68.962,1.009,1.19,0.84,0.85
24951,3D-U-Z1.tif,2.013,7.166,0.493,3,417,376,113.429,1.272,2.775,0.36,0.793
24952,3D-U-Z1.tif,1.381,6.669,0.39,2.323,608,401,80.91,1.101,2.068,0.483,0.708
24953,3D-U-Z1.tif,1.179,4.538,0.719,1.803,487,377,104.744,0.947,2.01,0.498,0.87
24954,3D-U-Z1.tif,0.657,4.216,0.464,1.579,686,394,54.462,0.817,2.393,0.418,0.743
24955,3D-U-Z1.tif,0.876,4.722,0.494,1.977,279,401,68.199,0.713,3.153,0.317,0.738
24956,3D-U-Z1.tif,2.046,7.922,0.41,2.402,545,381,96.582,1.571,1.846,0.542,0.72
24957,3D-U-Z1.tif,0.985,3.934,0.8,1.563,381,383,130.236,0.985,1.621,0.617,0.876
24958,3D-U-Z1.tif,1.12,4.605,0.664,1.746,466,382,93.013,1.038,1.596,0.627,0.842
24959,3D-U-Z1.tif,0.977,4.247,0.68,1.557,344,401,45,0.967,1.682,0.595,0.832
24960,3D-U-Z1.tif,0.851,4.82,0.46,2.134,322,390,115.463,0.648,3.823,0.262,0.757
24961,3D-U-Z1.tif,1.432,5.966,0.505,1.951,861,394,138.814,1.432,1.301,0.769,0.764
24962,3D-U-Z1.tif,0.749,5.653,0.295,1.977,808,392,111.801,0.865,2.607,0.384,0.605
24963,3D-U-Z1.tif,0.547,2.994,0.767,1.161,457,393,108.435,0.701,1.761,0.568,0.844
24964,3D-U-Z1.tif,0.531,2.735,0.892,0.958,414,408,73.301,0.826,1.114,0.898,0.875
24965,3D-U-Z1.tif,1.002,4.561,0.605,1.753,437,398,96.009,1.009,1.945,0.514,0.765
24966,3D-U-Z1.tif,1.027,3.934,0.834,1.451,401,414,71.565,1.009,1.405,0.712,0.897
24967,3D-U-Z1.tif,0.792,3.545,0.792,1.364,567,415,70.346,0.826,1.824,0.548,0.891
24968,3D-U-Z1.tif,0.531,3.155,0.67,1.336,578,415,74.055,0.594,2.315,0.432,0.846
24969,3D-U-Z1.tif,3.849,14.094,0.243,4.633,484,421,7.97,1.938,3.823,0.262,0.519
24970,3D-U-Z1.tif,0.581,5.317,0.258,1.197,586,409,147.529,1.009,1.124,0.89,0.627
24971,3D-U-Z1.tif,0.884,3.361,0.984,1.278,380,424,68.962,0.918,1.321,0.757,0.938
24972,3D-U-Z1.tif,1.659,7.631,0.358,2.851,732,439,56.821,1.108,3.045,0.328,0.659
24973,3D-U-Z1.tif,1.937,7.783,0.402,2.699,786,413,107.819,1.393,1.681,0.595,0.755
24974,3D-U-Z1.tif,2.939,8.701,0.488,2.791,136,421,170.538,1.543,2.037,0.491,0.824
24975,3D-U-Z1.tif,4.446,14.201,0.277,4.997,82,454,44.256,2.328,3.441,0.291,0.54
24976,3D-U-Z1.tif,1.288,4.171,0.931,1.483,401,418,111.801,1.193,1.217,0.822,0.933
24977,3D-U-Z1.tif,1.154,3.988,0.912,1.538,566,434,72.646,1.009,1.417,0.706,0.932
24978,3D-U-Z1.tif,1.718,4.776,0.947,1.731,466,419,122.005,1.285,1.236,0.809,0.953
24979,3D-U-Z1.tif,1.777,6.669,0.502,1.977,585,420,158.199,1.384,1.389,0.72,0.823
24980,3D-U-Z1.tif,0.589,3.513,0.6,1.161,532,424,161.565,0.826,1.48,0.675,0.757
24981,3D-U-Z1.tif,5.162,14.958,0.29,4.429,613,421,95.947,2.202,2.472,0.404,0.744
24982,3D-U-Z1.tif,0.615,2.972,0.875,1.12,658,421,124.992,0.824,1.385,0.722,0.896
24983,3D-U-Z1.tif,1.482,4.744,0.827,1.626,520,422,106.39,1.22,1.346,0.743,0.907
24984,3D-U-Z1.tif,1.802,7.501,0.402,2.393,424,423,94.399,1.248,2.089,0.479,0.755
24985,3D-U-Z1.tif,1.331,7.264,0.317,2.738,822,431,166.43,1.153,2.519,0.397,0.584
24986,3D-U-Z1.tif,0.632,3.231,0.76,1.235,550,428,131.987,0.817,1.67,0.599,0.824
24987,3D-U-Z1.tif,1.112,3.912,0.913,1.425,504,443,75.069,1.009,1.349,0.741,0.93
24988,3D-U-Z1.tif,1.928,8.311,0.351,2.471,288,433,164.932,1.492,1.945,0.514,0.653
24989,3D-U-Z1.tif,2.484,6.678,0.7,2.496,453,434,107.103,1.525,1.486,0.673,0.874
24990,3D-U-Z1.tif,1.263,4.462,0.797,1.603,576,434,103.241,1.101,1.5,0.666,0.901
24991,3D-U-Z1.tif,0.615,4.659,0.356,1.56,391,439,151.928,0.897,2.163,0.462,0.559
24992,3D-U-Z1.tif,3.781,9.479,0.529,2.962,644,441,163.811,2.008,1.525,0.656,0.804
24993,3D-U-Z1.tif,0.749,3.415,0.808,1.235,367,449,41.987,0.918,1.449,0.69,0.873
24994,3D-U-Z1.tif,1.196,4.507,0.74,1.808,412,438,113.962,0.933,2.074,0.482,0.887
24995,3D-U-Z1.tif,2.257,6.355,0.702,2.013,518,447,155.772,1.744,1.139,0.878,0.87
24996,3D-U-Z1.tif,0.724,3.956,0.581,1.642,593,442,116.565,0.78,2.38,0.42,0.789
24997,3D-U-Z1.tif,1.701,5.371,0.741,2.21,325,444,131.634,1.234,1.864,0.537,0.89
24998,3D-U-Z1.tif,0.682,2.994,0.956,1.109,553,455,65.556,0.908,1.219,0.821,0.91
24999,3D-U-Z1.tif,0.775,3.285,0.902,1.248,381,445,107.103,0.826,1.5,0.667,0.92
25000,3D-U-Z1.tif,0.901,3.491,0.929,1.278,502,447,111.038,1.009,1.266,0.79,0.911
25001,3D-U-Z1.tif,1.179,4.453,0.747,1.741,830,456,18.435,0.944,1.964,0.509,0.87
25002,3D-U-Z1.tif,1.583,5.232,0.727,1.81,430,467,59.534,1.269,1.493,0.67,0.851
25003,3D-U-Z1.tif,2.577,8.916,0.407,3.051,466,480,68.839,1.278,2.789,0.359,0.774
25004,3D-U-Z1.tif,0.556,2.994,0.779,1.135,664,462,14.036,0.784,1.41,0.709,0.841
25005,3D-U-Z1.tif,3.2,12.796,0.246,4.039,82,499,68.682,1.767,2.682,0.373,0.61
25006,3D-U-Z1.tif,0.749,4.561,0.453,1.858,756,456,110.225,0.756,3.152,0.317,0.674
25007,3D-U-Z1.tif,7.453,20.512,0.223,5.706,542,458,117.801,2.866,2.538,0.394,0.655
25008,3D-U-Z1.tif,1.322,5.415,0.567,2.113,515,462,124.38,1.132,1.982,0.504,0.764
25009,3D-U-Z1.tif,0.8,6.096,0.271,1.916,738,481,73.301,0.918,2.562,0.39,0.567
25010,3D-U-Z1.tif,0.623,2.864,0.954,1.046,371,463,105.255,0.826,1.26,0.794,0.897
25011,3D-U-Z1.tif,0.514,2.811,0.817,1.12,453,464,145.008,0.752,1.508,0.663,0.871
25012,3D-U-Z1.tif,0.758,3.155,0.957,1.12,598,469,145.008,0.918,1.112,0.899,0.918
25013,3D-U-Z1.tif,0.682,3.956,0.548,1.278,502,473,158.962,0.826,1.671,0.598,0.775
25014,3D-U-Z1.tif,4.75,12.008,0.414,3.953,429,473,111.801,1.782,2.439,0.41,0.825
25015,3D-U-Z1.tif,1.356,6.798,0.369,2.61,642,501,79.875,1.009,3.395,0.295,0.674
25016,3D-U-Z1.tif,4.413,12.827,0.337,3.799,662,500,37.147,2.247,1.795,0.557,0.717
25017,3D-U-Z1.tif,0.808,3.728,0.731,1.304,487,487,50.711,1.009,1.286,0.777,0.85
25018,3D-U-Z1.tif,0.842,3.643,0.797,1.248,472,493,72.897,1.051,1.266,0.79,0.83
25019,3D-U-Z1.tif,1.608,5.339,0.709,1.828,595,480,107.526,1.377,1.294,0.773,0.886
25020,3D-U-Z1.tif,2.088,7.966,0.414,2.699,765,484,107.819,1.331,2.169,0.461,0.768
25021,3D-U-Z1.tif,1.246,5.89,0.451,1.765,516,506,62.103,1.101,1.667,0.6,0.82
25022,3D-U-Z1.tif,0.867,3.383,0.952,1.248,489,492,107.103,1.009,1.206,0.829,0.912
25023,3D-U-Z1.tif,0.977,5.371,0.426,2.206,165,503,16.928,0.776,3.405,0.294,0.744
25024,3D-U-Z1.tif,0.994,4.064,0.756,1.584,420,494,100.008,1.009,1.563,0.64,0.868
25025,3D-U-Z1.tif,1.617,6.226,0.524,2.206,693,517,73.072,1.238,1.868,0.535,0.762
25026,3D-U-Z1.tif,0.556,3.903,0.459,1.425,479,499,104.931,0.739,2.464,0.406,0.657
25027,3D-U-Z1.tif,3.806,11.001,0.395,3.488,81,500,144.638,2.152,1.768,0.566,0.755
25028,3D-U-Z1.tif,1.861,7.814,0.383,3.316,214,501,165.579,1.101,3.12,0.321,0.775
25029,3D-U-Z1.tif,0.96,5.988,0.336,2.221,271,520,51.71,1.12,2.566,0.39,0.559
25030,3D-U-Z1.tif,1.743,5.469,0.732,1.835,634,522,53.13,1.477,1.276,0.783,0.848
25031,3D-U-Z1.tif,0.783,4.118,0.58,1.451,517,519,34.695,1.009,1.404,0.712,0.75
25032,3D-U-Z1.tif,1.255,5.317,0.558,1.981,465,511,103.392,0.931,2.448,0.409,0.805
25033,3D-U-Z1.tif,0.522,5.46,0.22,1.304,805,517,140.711,1.091,1.053,0.949,0.546
25034,3D-U-Z1.tif,0.556,2.994,0.779,1.15,388,525,61.39,0.734,1.592,0.628,0.857
25035,3D-U-Z1.tif,1.179,4.691,0.673,1.782,579,513,124.509,1.038,1.896,0.527,0.828
25036,3D-U-Z1.tif,0.859,3.567,0.848,1.314,432,528,77.905,1.005,1.325,0.754,0.879
25037,3D-U-Z1.tif,3.04,12.375,0.249,3.737,476,518,114.677,1.923,1.921,0.52,0.609
25038,3D-U-Z1.tif,1.061,3.966,0.848,1.433,412,533,50.194,1.157,1.135,0.881,0.881
25039,3D-U-Z1.tif,1.145,4.744,0.639,1.654,517,535,33.69,1.281,1.335,0.749,0.832
25040,3D-U-Z1.tif,0.867,5.491,0.361,1.634,694,533,38.157,1.14,1.449,0.69,0.632
25041,3D-U-Z1.tif,0.935,4.042,0.719,1.527,485,523,122.735,0.985,1.836,0.545,0.841
25042,3D-U-Z1.tif,1.364,5.058,0.67,1.707,265,524,143.746,1.285,1.054,0.949,0.837
25043,3D-U-Z1.tif,4.202,14.492,0.251,4.387,539,524,105.781,2.037,2.237,0.447,0.667
25044,3D-U-Z1.tif,0.91,4.064,0.692,1.494,621,541,79.38,0.967,1.718,0.582,0.84
25045,3D-U-Z1.tif,1.676,6.257,0.538,2.062,552,530,147.724,1.285,1.574,0.635,0.824
25046,3D-U-Z1.tif,1.255,4.377,0.823,1.505,601,531,127.569,1.263,1.183,0.845,0.879
25047,3D-U-Z1.tif,1.583,5.988,0.555,2.266,446,533,111.371,1.233,1.736,0.576,0.797
25048,3D-U-Z1.tif,0.943,4.247,0.657,1.568,578,541,20.556,0.944,1.922,0.52,0.8
25049,3D-U-Z1.tif,2.543,9.466,0.357,3.34,784,537,105.945,1.468,2.639,0.379,0.698
25050,3D-U-Z1.tif,0.716,3.339,0.807,1.314,688,538,102.095,0.734,1.847,0.541,0.895
25051,3D-U-Z1.tif,0.994,6.431,0.302,2.129,363,539,97.431,0.945,2.428,0.412,0.621
25052,3D-U-Z1.tif,1.061,4.14,0.778,1.451,405,541,108.435,1.091,1.39,0.72,0.875
25053,3D-U-Z1.tif,0.514,3.804,0.446,1.568,655,549,20.556,0.682,2.797,0.358,0.693
25054,3D-U-Z1.tif,1.457,5.08,0.709,1.803,561,566,75.256,1.231,1.583,0.632,0.878
25055,3D-U-Z1.tif,1.474,7.729,0.31,2.148,428,563,19.983,1.468,1.679,0.596,0.643
25056,3D-U-Z1.tif,1.566,7.783,0.325,2.129,671,572,82.569,1.446,1.598,0.626,0.688
25057,3D-U-Z1.tif,0.632,3.437,0.672,1.336,757,563,74.055,0.734,1.753,0.57,0.847
25058,3D-U-Z1.tif,1.255,4.225,0.883,1.538,589,550,107.354,1.101,1.354,0.739,0.923
25059,3D-U-Z1.tif,1.23,7.188,0.299,2.505,710,550,98.427,1.059,2.586,0.387,0.584
25060,3D-U-Z1.tif,1.954,6.732,0.542,2.093,389,573,74.745,1.468,1.484,0.674,0.824
25061,3D-U-Z1.tif,1.036,5.621,0.412,1.929,773,556,115.346,1.285,1.339,0.747,0.654
25062,3D-U-Z1.tif,3.63,14.635,0.213,3.244,417,595,81.87,2.539,1.418,0.705,0.587
25063,3D-U-Z1.tif,0.615,3.026,0.844,1.207,372,562,98.746,0.642,1.733,0.577,0.912
25064,3D-U-Z1.tif,3.335,10.093,0.411,3.767,439,585,34.077,1.705,2.54,0.394,0.727
25065,3D-U-Z1.tif,0.741,3.33,0.84,1.231,619,566,153.435,0.946,1.282,0.78,0.838
25066,3D-U-Z1.tif,0.606,2.918,0.895,1.161,659,562,108.435,0.734,1.544,0.648,0.9
25067,3D-U-Z1.tif,1.987,5.415,0.852,1.858,532,563,110.225,1.56,1.169,0.855,0.918
25068,3D-U-Z1.tif,0.64,3.048,0.866,1.197,346,571,122.471,0.78,1.592,0.628,0.899
25069,3D-U-Z1.tif,1.516,5.08,0.738,1.692,598,571,102.529,1.458,1.072,0.933,0.87
25070,3D-U-Z1.tif,0.884,4.247,0.616,1.687,643,589,67.62,0.929,2.184,0.458,0.784
25071,3D-U-Z1.tif,1.886,7.824,0.387,2.35,551,577,141.34,1.622,1.614,0.62,0.707
25072,3D-U-Z1.tif,0.547,2.681,0.957,0.958,387,579,106.699,0.826,1.045,0.957,0.884
25073,3D-U-Z1.tif,0.573,2.788,0.926,1.038,574,581,135,0.826,1.224,0.817,0.907
25074,3D-U-Z1.tif,1.213,4.767,0.671,1.772,401,581,111.251,1.084,1.556,0.643,0.852
25075,3D-U-Z1.tif,1.491,5.782,0.56,1.91,611,585,144.782,1.2,1.872,0.534,0.81
25076,3D-U-Z1.tif,1.07,3.934,0.868,1.425,357,592,14.931,1.067,1.354,0.738,0.901
25077,3D-U-Z1.tif,1.743,6.494,0.519,2.728,189,588,160.346,0.996,3.245,0.308,0.825
25078,3D-U-Z1.tif,0.935,6.637,0.267,2.316,708,585,123.69,0.973,2.734,0.366,0.595
25079,3D-U-Z1.tif,1.423,7.112,0.354,2.52,677,586,100.491,1.184,2.582,0.387,0.633
25080,3D-U-Z1.tif,0.665,3.026,0.913,1.109,437,587,114.444,0.826,1.281,0.781,0.913
25081,3D-U-Z1.tif,1.811,5.058,0.889,1.828,544,606,72.474,1.377,1.29,0.775,0.927
25082,3D-U-Z1.tif,4.076,9.036,0.627,2.88,442,607,22.479,2.005,1.367,0.731,0.842
25083,3D-U-Z1.tif,0.556,3.254,0.66,1.161,377,591,108.435,0.734,1.426,0.701,0.83
25084,3D-U-Z1.tif,1.07,4.691,0.611,1.892,639,594,104.036,0.957,1.941,0.515,0.812
25085,3D-U-Z1.tif,1.086,4.583,0.65,1.425,476,595,104.931,1.298,1.154,0.866,0.796
25086,3D-U-Z1.tif,0.859,3.491,0.886,1.278,566,597,111.038,0.918,1.31,0.763,0.903
25087,3D-U-Z1.tif,0.766,3.155,0.967,1.197,577,608,57.529,0.918,1.191,0.839,0.938
25088,3D-U-Z1.tif,1.398,6.226,0.453,2.294,656,622,73.74,1.181,2.355,0.425,0.717
25089,3D-U-Z1.tif,1.28,6.064,0.437,1.856,361,599,98.531,1.182,1.636,0.611,0.734
25090,3D-U-Z1.tif,1.002,3.903,0.827,1.304,491,611,39.289,1.147,1.165,0.858,0.875
25091,3D-U-Z1.tif,0.91,4.529,0.557,1.89,290,618,60.945,0.873,2.489,0.402,0.761
25092,3D-U-Z1.tif,1.836,7.685,0.391,2.584,320,600,106.504,1.201,2.397,0.417,0.732
25093,3D-U-Z1.tif,0.842,4.27,0.58,1.404,504,609,168.69,0.911,1.804,0.554,0.803
25094,3D-U-Z1.tif,0.758,4.14,0.556,1.248,343,612,143.973,1.024,1.336,0.748,0.773
25095,3D-U-Z1.tif,1.053,3.88,0.879,1.451,399,609,108.435,1.101,1.257,0.795,0.893
25096,3D-U-Z1.tif,3.158,10.634,0.351,3.445,464,609,131.76,1.975,1.653,0.605,0.685
25097,3D-U-Z1.tif,2.931,9.748,0.388,2.68,586,611,141.953,1.95,1.335,0.749,0.787
25098,3D-U-Z1.tif,0.573,3.307,0.658,1.336,620,623,74.055,0.734,1.97,0.508,0.795
25099,3D-U-Z1.tif,1.23,5.469,0.517,2.148,626,632,70.017,1.015,2.637,0.379,0.712
25100,3D-U-Z1.tif,0.674,3.048,0.911,1.197,421,623,57.529,0.826,1.311,0.762,0.899
25101,3D-U-Z1.tif,0.665,2.972,0.947,1.07,712,621,59.036,0.918,1.092,0.916,0.924
25102,3D-U-Z1.tif,1.171,5.501,0.486,2.038,331,612,97.765,1.192,1.916,0.522,0.702
25103,3D-U-Z1.tif,0.724,3.513,0.737,1.377,258,618,143.13,0.837,1.881,0.532,0.808
25104,3D-U-Z1.tif,4.438,13.454,0.308,3.984,662,652,51.546,2.528,1.85,0.541,0.601
25105,3D-U-Z1.tif,0.699,2.972,0.995,1.109,459,630,65.556,0.826,1.197,0.835,0.943
25106,3D-U-Z1.tif,0.674,3.102,0.88,1.224,669,632,77.005,0.734,1.608,0.622,0.909
25107,3D-U-Z1.tif,0.985,4.95,0.505,1.803,800,631,14.744,0.993,1.74,0.575,0.718
25108,3D-U-Z1.tif,9.609,23.766,0.214,6.338,340,632,145.62,4.296,1.532,0.653,0.582
25109,3D-U-Z1.tif,1.103,3.751,0.986,1.278,574,622,111.038,1.193,1.026,0.975,0.932
25110,3D-U-Z1.tif,1.541,5.577,0.623,2.206,431,646,73.072,1.101,2.259,0.443,0.838
25111,3D-U-Z1.tif,2.055,10.106,0.253,3.006,744,623,121.264,1.888,1.419,0.705,0.54
25112,3D-U-Z1.tif,0.808,4.399,0.525,1.714,702,624,105.524,0.826,2.428,0.412,0.793
25113,3D-U-Z1.tif,0.733,3.285,0.853,1.323,501,638,56.31,0.852,1.576,0.635,0.916
25114,3D-U-Z1.tif,2.358,7.586,0.515,2.496,645,626,107.103,1.468,1.761,0.568,0.838
25115,3D-U-Z1.tif,1.785,7.134,0.441,2.25,394,628,101.768,1.318,1.995,0.501,0.767
25116,3D-U-Z1.tif,2.03,5.393,0.877,1.782,544,633,145.491,1.642,1.047,0.955,0.915
25117,3D-U-Z1.tif,3.545,10.581,0.398,4.008,460,673,74.055,1.678,2.744,0.364,0.743
25118,3D-U-Z1.tif,1.12,4.086,0.843,1.603,584,648,76.759,1.094,1.448,0.691,0.899
25119,3D-U-Z1.tif,0.968,4.171,0.699,1.483,443,647,68.199,0.918,1.554,0.644,0.861
25120,3D-U-Z1.tif,1.752,6.96,0.454,2.24,507,653,55.008,1.436,1.73,0.578,0.769
25121,3D-U-Z1.tif,1.154,4.225,0.812,1.692,616,651,77.471,0.918,1.871,0.534,0.916
25122,3D-U-Z1.tif,2.796,8.536,0.482,3.44,332,679,80.789,1.101,3.714,0.269,0.868
25123,3D-U-Z1.tif,1.272,4.355,0.843,1.603,476,658,66.371,1.101,1.334,0.75,0.926
25124,3D-U-Z1.tif,1.743,8.28,0.32,2.672,590,670,74.055,1.571,1.984,0.504,0.619
25125,3D-U-Z1.tif,1.718,6.7,0.481,2.686,628,671,82.147,1.13,2.554,0.392,0.77
25126,3D-U-Z1.tif,1.954,6.7,0.547,2.409,822,673,72.255,1.468,1.578,0.634,0.826
25127,3D-U-Z1.tif,0.792,4.659,0.458,1.753,883,667,83.991,0.727,2.602,0.384,0.761
25128,3D-U-Z1.tif,9.735,22.589,0.24,5.666,685,705,65.095,3.368,1.796,0.557,0.686
25129,3D-U-Z1.tif,2.459,5.966,0.868,2.119,413,673,72.35,1.635,1.317,0.759,0.927
25130,3D-U-Z1.tif,0.682,3.254,0.81,1.314,346,652,114.775,0.826,1.629,0.614,0.871
25131,3D-U-Z1.tif,1.255,8.41,0.223,2.368,200,674,54.462,1.645,1.213,0.824,0.487
25132,3D-U-Z1.tif,2.467,8.938,0.388,2.393,486,679,57.529,1.875,1.329,0.752,0.735
25133,3D-U-Z1.tif,0.598,4.194,0.427,1.278,444,657,111.038,0.826,1.383,0.723,0.74
25134,3D-U-Z1.tif,0.606,3.469,0.633,1.494,732,658,100.62,0.551,2.749,0.364,0.9
25135,3D-U-Z1.tif,0.691,3.773,0.61,1.48,800,662,119.745,0.733,2.386,0.419,0.796
25136,3D-U-Z1.tif,7.419,19.63,0.242,5.108,267,690,162.216,4.218,1.441,0.694,0.524
25137,3D-U-Z1.tif,0.505,3.155,0.638,1.314,307,671,12.095,0.63,2.646,0.378,0.784
25138,3D-U-Z1.tif,0.522,2.712,0.892,1.046,603,677,74.745,0.642,1.489,0.671,0.919
25139,3D-U-Z1.tif,0.632,3.88,0.527,1.483,767,681,68.199,0.826,2.122,0.471,0.728
25140,3D-U-Z1.tif,0.547,3.697,0.503,1.404,475,667,101.31,0.731,2.27,0.441,0.726
25141,3D-U-Z1.tif,0.994,4.14,0.729,1.425,340,686,75.069,1.094,1.263,0.792,0.822
25142,3D-U-Z1.tif,0.564,3.307,0.648,1.323,663,683,56.31,0.667,2.164,0.462,0.798
25143,3D-U-Z1.tif,5.769,12.872,0.438,4.189,420,676,118.811,2.404,2.097,0.477,0.765
25144,3D-U-Z1.tif,0.741,4.064,0.564,1.603,672,677,103.241,0.738,2.626,0.381,0.782
25145,3D-U-Z1.tif,5.28,16.394,0.247,5.008,319,700,13.782,2.059,3.3,0.303,0.653
25146,3D-U-Z1.tif,0.733,3.124,0.943,1.105,468,684,138.366,0.973,1.077,0.928,0.897
25147,3D-U-Z1.tif,1.39,4.767,0.769,1.856,649,685,98.531,1.101,1.591,0.628,0.904
25148,3D-U-Z1.tif,1.179,5.769,0.445,2.505,739,685,98.427,0.734,3.737,0.268,0.836
25149,3D-U-Z1.tif,0.926,4.614,0.547,1.872,824,685,101.31,0.805,2.613,0.383,0.809
25150,3D-U-Z1.tif,0.606,3.155,0.765,1.248,873,697,53.973,0.813,1.513,0.661,0.889
25151,3D-U-Z1.tif,0.606,5.08,0.295,2.062,769,706,57.724,0.737,3.803,0.263,0.56
25152,3D-U-Z1.tif,1.575,7.761,0.329,2.846,560,689,110.772,1.149,3.302,0.303,0.669
25153,3D-U-Z1.tif,1.566,5.415,0.671,1.916,599,709,73.301,1.364,1.267,0.79,0.809
25154,3D-U-Z1.tif,2.636,8.28,0.483,2.833,397,690,114.905,1.425,2.187,0.457,0.783
25155,3D-U-Z1.tif,1.305,5.599,0.523,2.119,240,716,85.03,0.96,2.442,0.409,0.795
25156,3D-U-Z1.tif,1.128,7.47,0.254,2.21,170,694,138.366,1.233,2.059,0.486,0.649
25157,3D-U-Z1.tif,0.792,3.361,0.88,1.323,625,695,123.69,0.903,1.516,0.659,0.895
25158,3D-U-Z1.tif,1.693,4.95,0.868,1.892,580,695,104.036,1.193,1.553,0.644,0.935
25159,3D-U-Z1.tif,1.07,5.232,0.491,1.741,289,700,108.435,1.132,1.656,0.604,0.763
25160,3D-U-Z1.tif,0.648,2.994,0.909,1.161,325,708,108.435,0.826,1.451,0.689,0.89
25161,3D-U-Z1.tif,0.531,2.681,0.928,0.988,595,714,111.801,0.821,1.208,0.828,0.881
25162,3D-U-Z2.tif,0.514,5.336,0.227,1.664,480,40,50.042,0.878,2.22,0.45,0.462
25163,3D-U-Z2.tif,0.551,4.073,0.417,1.32,78,44,70.145,0.823,1.698,0.589,0.734
25164,3D-U-Z2.tif,2.993,12.654,0.235,2.704,343,27,174.144,2.128,1.475,0.678,0.716
25165,3D-U-Z2.tif,0.974,5.674,0.38,2.237,530,26,155.41,0.779,4.241,0.236,0.672
25166,3D-U-Z2.tif,0.395,4.117,0.293,1.527,175,43,25.408,0.673,3.245,0.308,0.494
25167,3D-U-Z2.tif,0.62,3.424,0.664,1.255,993,25,105.945,0.709,1.74,0.575,0.866
25168,3D-U-Z2.tif,1.423,5.069,0.696,1.582,197,74,78.69,1.318,1.248,0.802,0.91
25169,3D-U-Z2.tif,0.666,3.801,0.579,1.45,601,53,25.346,0.767,1.967,0.508,0.797
25170,3D-U-Z2.tif,0.496,2.77,0.812,0.942,658,33,113.749,0.771,1.128,0.887,0.913
25171,3D-U-Z2.tif,0.257,3.57,0.253,1.298,242,68,50.389,0.401,4.68,0.214,0.591
25172,3D-U-Z2.tif,0.979,6.851,0.262,1.693,430,46,123.366,1.209,1.322,0.757,0.661
25173,3D-U-Z2.tif,0.482,2.632,0.874,0.962,681,70,75.466,0.7,1.369,0.731,0.929
25174,3D-U-Z2.tif,1.301,5.637,0.514,1.634,532,53,134.145,1.157,1.542,0.648,0.854
25175,3D-U-Z2.tif,0.376,2.79,0.607,0.981,473,58,10.125,0.598,1.472,0.679,0.842
25176,3D-U-Z2.tif,0.202,2.534,0.395,0.753,165,47,105.945,0.636,1.095,0.913,0.684
25177,3D-U-Z2.tif,0.327,4.098,0.245,1.127,809,67,23.429,0.652,2.077,0.481,0.629
25178,3D-U-Z2.tif,0.698,3.382,0.767,1.246,253,81,48.366,0.868,1.371,0.729,0.935
25179,3D-U-Z2.tif,0.36,2.388,0.794,0.829,331,76,73.072,0.64,1.272,0.786,0.903
25180,3D-U-Z2.tif,0.609,4.329,0.408,1.486,879,97,86.009,0.66,2.583,0.387,0.769
25181,3D-U-Z2.tif,0.986,6.221,0.32,1.531,598,82,35.838,1.199,1.193,0.838,0.727
25182,3D-U-Z2.tif,0.243,3.582,0.238,1.314,892,60,175.486,0.414,3.737,0.268,0.602
25183,3D-U-Z2.tif,0.317,2.371,0.709,0.938,650,57,107.103,0.512,1.848,0.541,0.891
25184,3D-U-Z2.tif,0.537,3.631,0.512,1.13,734,89,77.661,0.751,1.411,0.708,0.852
25185,3D-U-Z2.tif,0.252,3.648,0.238,1.025,468,83,19.654,0.789,1.142,0.875,0.506
25186,3D-U-Z2.tif,0.356,2.509,0.71,0.928,60,92,68.199,0.575,1.752,0.571,0.881
25187,3D-U-Z2.tif,0.451,2.518,0.893,0.918,124,92,55.713,0.663,1.415,0.707,0.948
25188,3D-U-Z2.tif,0.262,3.278,0.306,0.986,221,92,53.531,0.488,2.398,0.417,0.714
25189,3D-U-Z2.tif,1.567,5.528,0.644,1.765,693,120,77.593,1.398,1.285,0.778,0.863
25190,3D-U-Z2.tif,0.332,2.526,0.653,0.87,326,90,33.69,0.642,1.407,0.711,0.81
25191,3D-U-Z2.tif,1.906,5.503,0.791,1.889,526,75,111.413,1.428,1.197,0.836,0.944
25192,3D-U-Z2.tif,0.206,2.486,0.418,0.651,434,93,57.995,0.588,1.084,0.923,0.769
25193,3D-U-Z2.tif,0.879,7.249,0.21,1.659,637,82,110.695,1.006,2.074,0.482,0.696
25194,3D-U-Z2.tif,0.364,2.514,0.723,0.862,908,82,106.26,0.692,1.18,0.847,0.855
25195,3D-U-Z2.tif,0.219,1.969,0.709,0.71,1003,83,119.055,0.501,1.549,0.646,0.858
25196,3D-U-Z2.tif,3.139,10.269,0.374,2.743,171,84,104.56,1.767,1.503,0.666,0.855
25197,3D-U-Z2.tif,1.967,5.678,0.767,1.889,265,86,111.413,1.466,1.33,0.752,0.934
25198,3D-U-Z2.tif,0.206,2.36,0.464,0.928,195,88,158.199,0.442,2.514,0.398,0.732
25199,3D-U-Z2.tif,0.518,3.882,0.432,1.146,152,121,83.089,0.67,1.679,0.596,0.834
25200,3D-U-Z2.tif,0.684,4.808,0.372,1.45,311,89,115.346,0.893,1.686,0.593,0.761
25201,3D-U-Z2.tif,1.044,5.543,0.427,1.668,938,134,60.255,1.057,1.567,0.638,0.836
25202,3D-U-Z2.tif,0.258,3.55,0.257,1.327,665,93,117.897,0.46,4.623,0.216,0.559
25203,3D-U-Z2.tif,0.293,3.964,0.234,1.148,478,98,122.735,0.612,2.327,0.43,0.527
25204,3D-U-Z2.tif,0.52,2.899,0.777,1.114,29,99,111.801,0.708,1.529,0.654,0.917
25205,3D-U-Z2.tif,0.231,1.978,0.741,0.746,123,104,123.69,0.514,1.502,0.666,0.88
25206,3D-U-Z2.tif,1.243,6.246,0.4,1.762,844,112,139.764,1.145,1.481,0.675,0.825
25207,3D-U-Z2.tif,0.675,4.796,0.369,1.44,895,150,78.959,0.825,1.661,0.602,0.733
25208,3D-U-Z2.tif,0.839,5.868,0.306,1.814,60,113,98.746,0.793,2.259,0.443,0.758
25209,3D-U-Z2.tif,0.828,4.134,0.609,1.167,407,146,55.84,1,1.045,0.957,0.892
25210,3D-U-Z2.tif,0.301,2.509,0.6,1.015,596,116,99.782,0.405,2.795,0.358,0.894
25211,3D-U-Z2.tif,0.536,3.049,0.725,1.152,117,120,128.928,0.71,1.475,0.678,0.912
25212,3D-U-Z2.tif,0.421,2.745,0.702,1.083,93,121,99.162,0.517,2.106,0.475,0.909
25213,3D-U-Z2.tif,0.322,3.94,0.261,1.044,969,123,97.595,0.601,1.792,0.558,0.664
25214,3D-U-Z2.tif,0.272,3.16,0.343,1.009,360,127,172.147,0.502,2.249,0.445,0.708
25215,3D-U-Z2.tif,0.246,2.038,0.744,0.71,236,147,60.945,0.483,1.506,0.664,0.883
25216,3D-U-Z2.tif,1.508,6.961,0.391,1.833,547,171,41.186,1.358,1.395,0.717,0.794
25217,3D-U-Z2.tif,0.839,3.996,0.661,1.215,516,135,145.408,1.011,1.267,0.789,0.895
25218,3D-U-Z2.tif,0.254,3.286,0.296,0.995,287,149,33.69,0.511,1.971,0.507,0.724
25219,3D-U-Z2.tif,0.353,2.469,0.728,1.021,494,133,101.689,0.513,1.973,0.507,0.91
25220,3D-U-Z2.tif,0.206,2.945,0.298,1.204,209,166,66.371,0.455,3.309,0.302,0.609
25221,3D-U-Z2.tif,2.49,8.841,0.4,2.366,312,200,71.301,1.677,1.275,0.784,0.866
25222,3D-U-Z2.tif,1.089,6.28,0.347,1.767,27,188,84.401,1.06,1.539,0.65,0.784
25223,3D-U-Z2.tif,0.445,4.342,0.296,1.037,615,145,164.578,0.828,1.442,0.694,0.71
25224,3D-U-Z2.tif,0.477,3.582,0.467,1.211,841,142,94.899,0.67,1.708,0.586,0.793
25225,3D-U-Z2.tif,0.243,3.313,0.278,1.024,988,142,122.619,0.603,2.271,0.44,0.55
25226,3D-U-Z2.tif,1.837,6.369,0.569,1.985,467,144,97.989,1.379,1.585,0.631,0.878
25227,3D-U-Z2.tif,0.338,3.611,0.325,1.08,272,184,73.301,0.586,1.784,0.561,0.75
25228,3D-U-Z2.tif,0.798,3.764,0.708,1.272,408,160,139.399,1.005,1.144,0.874,0.915
25229,3D-U-Z2.tif,1.526,6.303,0.483,1.884,853,189,34.563,1.305,1.336,0.748,0.815
25230,3D-U-Z2.tif,0.627,4.926,0.325,1.493,733,200,83.367,0.793,1.701,0.588,0.753
25231,3D-U-Z2.tif,0.365,3.505,0.373,1.352,203,189,52.253,0.5,3.426,0.292,0.707
25232,3D-U-Z2.tif,0.527,3.764,0.467,1.468,60,172,170.538,0.644,2.592,0.386,0.78
25233,3D-U-Z2.tif,0.239,1.921,0.814,0.718,658,183,54.782,0.491,1.554,0.643,0.905
25234,3D-U-Z2.tif,0.382,2.489,0.774,1.014,630,193,54.689,0.583,1.826,0.548,0.933
25235,3D-U-Z2.tif,0.534,2.814,0.847,0.995,239,171,104.036,0.69,1.409,0.71,0.94
25236,3D-U-Z2.tif,1.065,5.933,0.38,1.546,58,185,128.66,1.295,1.478,0.677,0.726
25237,3D-U-Z2.tif,0.713,4.622,0.42,1.536,504,185,99.039,0.83,1.801,0.555,0.761
25238,3D-U-Z2.tif,0.276,2.514,0.548,0.899,523,190,147.529,0.503,1.915,0.522,0.836
25239,3D-U-Z2.tif,0.392,2.649,0.703,0.928,799,187,105.068,0.63,1.325,0.755,0.864
25240,3D-U-Z2.tif,0.592,3.33,0.671,1.265,435,191,115.866,0.793,1.693,0.591,0.88
25241,3D-U-Z2.tif,0.373,3.671,0.348,0.981,167,219,71.565,0.655,1.487,0.672,0.782
25242,3D-U-Z2.tif,0.361,2.445,0.76,0.807,288,217,70.017,0.652,1.27,0.787,0.888
25243,3D-U-Z2.tif,1.063,8.115,0.203,1.826,571,220,169.114,1.365,1.292,0.774,0.603
25244,3D-U-Z2.tif,0.926,6.9,0.244,1.47,343,234,50.711,1.276,1.342,0.745,0.711
25245,3D-U-Z2.tif,0.633,3.651,0.596,1.343,743,237,60.803,0.79,1.659,0.603,0.86
25246,3D-U-Z2.tif,0.439,3.269,0.516,1.077,211,208,140.194,0.773,1.564,0.64,0.767
25247,3D-U-Z2.tif,1.158,4.248,0.806,1.522,712,251,76.908,1.106,1.41,0.709,0.925
25248,3D-U-Z2.tif,1.083,6.753,0.299,1.972,297,256,53.531,1.087,2.384,0.42,0.631
25249,3D-U-Z2.tif,0.316,4.159,0.23,1.014,765,235,54.689,0.731,1.703,0.587,0.617
25250,3D-U-Z2.tif,0.477,2.704,0.819,1.004,949,238,74.055,0.643,1.597,0.626,0.924
25251,3D-U-Z2.tif,0.891,4.902,0.466,1.489,827,214,103.392,0.96,1.702,0.587,0.85
25252,3D-U-Z2.tif,0.312,2.124,0.868,0.727,481,217,148.57,0.593,1.148,0.871,0.919
25253,3D-U-Z2.tif,1.008,3.947,0.813,1.294,657,248,48.24,1.135,1.099,0.91,0.926
25254,3D-U-Z2.tif,0.249,2.282,0.6,0.928,637,229,105.068,0.437,2.374,0.421,0.833
25255,3D-U-Z2.tif,0.235,2.339,0.541,0.71,83,232,119.055,0.569,1.177,0.85,0.811
25256,3D-U-Z2.tif,1.269,4.588,0.757,1.45,194,273,71.996,1.151,1.233,0.811,0.944
25257,3D-U-Z2.tif,0.367,2.701,0.633,0.941,226,261,81.573,0.577,1.74,0.575,0.86
25258,3D-U-Z2.tif,0.436,2.773,0.713,0.91,262,236,142.696,0.69,1.233,0.811,0.893
25259,3D-U-Z2.tif,0.482,2.721,0.817,1.044,71,241,97.595,0.69,1.548,0.646,0.928
25260,3D-U-Z2.tif,0.593,2.963,0.849,1.034,766,262,36.87,0.793,1.176,0.85,0.952
25261,3D-U-Z2.tif,0.273,2.01,0.851,0.771,1005,243,100.305,0.448,1.617,0.618,0.941
25262,3D-U-Z2.tif,0.637,3.078,0.845,1.179,150,244,105.255,0.724,1.656,0.604,0.943
25263,3D-U-Z2.tif,0.888,6.555,0.26,1.497,115,287,75.324,0.96,1.558,0.642,0.777
25264,3D-U-Z2.tif,1.688,7.35,0.393,2.259,364,248,102.339,1.069,2.141,0.467,0.851
25265,3D-U-Z2.tif,0.392,3.668,0.367,0.995,393,251,146.31,0.658,1.37,0.73,0.816
25266,3D-U-Z2.tif,0.643,3.858,0.543,1.343,569,253,138.122,0.857,1.55,0.645,0.815
25267,3D-U-Z2.tif,0.41,2.693,0.711,1.005,931,252,112.166,0.585,1.701,0.588,0.89
25268,3D-U-Z2.tif,0.428,2.627,0.779,1.014,36,258,107.819,0.621,1.75,0.571,0.899
25269,3D-U-Z2.tif,0.335,2.371,0.749,0.937,93,288,83.66,0.517,1.869,0.535,0.911
25270,3D-U-Z2.tif,0.203,2.664,0.36,1.065,806,267,150.945,0.327,3.883,0.258,0.714
25271,3D-U-Z2.tif,0.93,5.79,0.348,1.54,386,310,55.954,0.845,2.043,0.489,0.835
25272,3D-U-Z2.tif,0.263,2.827,0.413,1.163,597,292,11.976,0.414,3.115,0.321,0.767
25273,3D-U-Z2.tif,0.308,2.144,0.842,0.72,668,279,106.699,0.586,1.159,0.863,0.914
25274,3D-U-Z2.tif,0.869,4.874,0.46,1.833,300,333,85.684,0.836,2.022,0.495,0.807
25275,3D-U-Z2.tif,0.249,2.23,0.628,0.771,750,289,10.305,0.527,1.447,0.691,0.807
25276,3D-U-Z2.tif,0.844,3.956,0.678,1.28,461,297,14.036,1.087,1.047,0.955,0.879
25277,3D-U-Z2.tif,0.744,3.301,0.858,1.189,133,319,73.142,0.856,1.427,0.701,0.943
25278,3D-U-Z2.tif,0.253,2.03,0.772,0.796,321,291,107.65,0.414,1.828,0.547,0.926
25279,3D-U-Z2.tif,0.209,2.669,0.369,0.842,341,294,124.992,0.535,1.941,0.515,0.686
25280,3D-U-Z2.tif,0.251,2.925,0.369,0.775,620,297,147.724,0.553,1.434,0.697,0.796
25281,3D-U-Z2.tif,0.398,3.74,0.358,1.454,690,295,157.694,0.528,2.396,0.417,0.752
25282,3D-U-Z2.tif,0.654,3.411,0.706,1.225,158,332,57.653,0.755,1.594,0.627,0.877
25283,3D-U-Z2.tif,0.549,3.014,0.76,1.102,508,330,69.864,0.752,1.496,0.668,0.919
25284,3D-U-Z2.tif,0.334,2.222,0.851,0.814,818,305,126.384,0.585,1.388,0.721,0.915
25285,3D-U-Z2.tif,0.32,2.27,0.78,0.887,463,308,103.496,0.555,1.609,0.622,0.903
25286,3D-U-Z2.tif,0.417,3.789,0.365,1.029,367,326,13.57,0.682,1.687,0.593,0.749
25287,3D-U-Z2.tif,1.195,8.358,0.215,1.644,619,311,99.66,1.292,1.261,0.793,0.753
25288,3D-U-Z2.tif,0.249,2.038,0.752,0.807,845,315,109.983,0.448,1.726,0.579,0.893
25289,3D-U-Z2.tif,0.493,3.221,0.598,0.981,700,335,18.435,0.712,1.436,0.696,0.85
25290,3D-U-Z2.tif,1.911,5.787,0.717,1.734,413,319,107.354,1.47,1.183,0.846,0.924
25291,3D-U-Z2.tif,0.375,3.103,0.489,1.015,24,351,80.218,0.621,1.889,0.529,0.811
25292,3D-U-Z2.tif,0.262,3.488,0.27,1.287,880,361,82.304,0.443,3.213,0.311,0.675
25293,3D-U-Z2.tif,1.491,5.442,0.633,1.631,804,325,103.449,1.274,1.209,0.827,0.919
25294,3D-U-Z2.tif,0.335,2.908,0.498,0.852,999,343,21.371,0.699,1.161,0.861,0.736
25295,3D-U-Z2.tif,0.224,2.583,0.421,1.002,905,353,40.815,0.376,3.371,0.297,0.713
25296,3D-U-Z2.tif,0.301,2.193,0.786,0.823,193,332,123.024,0.545,1.484,0.674,0.913
25297,3D-U-Z2.tif,0.213,2.25,0.528,0.756,651,348,46.848,0.536,1.214,0.824,0.81
25298,3D-U-Z2.tif,0.213,2.161,0.573,0.737,122,334,100.784,0.507,1.389,0.72,0.806
25299,3D-U-Z2.tif,1.231,6.16,0.408,1.527,89,335,96.483,1.276,1.152,0.868,0.816
25300,3D-U-Z2.tif,0.294,3.416,0.316,1.204,735,339,103.241,0.465,2.802,0.357,0.752
25301,3D-U-Z2.tif,0.262,1.889,0.922,0.663,235,346,152.103,0.555,1.2,0.834,0.926
25302,3D-U-Z2.tif,0.585,3.508,0.597,1.018,701,362,28.301,0.897,1.157,0.864,0.852
25303,3D-U-Z2.tif,1.561,7.09,0.39,2.193,315,348,106.44,1.25,1.807,0.553,0.826
25304,3D-U-Z2.tif,0.363,2.506,0.726,0.807,183,350,109.983,0.707,1.162,0.861,0.868
25305,3D-U-Z2.tif,1.766,10.377,0.206,2.514,655,416,64.841,1.39,1.829,0.547,0.723
25306,3D-U-Z2.tif,1.098,6.287,0.349,1.734,138,356,107.354,0.999,1.973,0.507,0.759
25307,3D-U-Z2.tif,0.218,2.141,0.597,0.694,774,361,153.435,0.51,1.415,0.707,0.826
25308,3D-U-Z2.tif,2.055,9.219,0.304,3.061,274,357,104.349,1.24,3.031,0.33,0.714
25309,3D-U-Z2.tif,0.209,2.279,0.506,0.812,20,359,102.265,0.448,1.953,0.512,0.735
25310,3D-U-Z2.tif,1.01,3.841,0.86,1.397,214,359,105.751,1,1.395,0.717,0.951
25311,3D-U-Z2.tif,2.639,8.626,0.446,2.483,884,366,127.666,1.815,1.544,0.648,0.79
25312,3D-U-Z2.tif,0.364,2.509,0.726,0.932,421,388,38.991,0.654,1.538,0.65,0.884
25313,3D-U-Z2.tif,0.271,3.493,0.279,1.171,579,397,42.614,0.538,2.556,0.391,0.65
25314,3D-U-Z2.tif,0.212,2.681,0.37,0.698,996,377,147.095,0.552,1.221,0.819,0.737
25315,3D-U-Z2.tif,0.244,2.291,0.584,0.786,777,375,142.125,0.475,1.684,0.594,0.801
25316,3D-U-Z2.tif,0.93,4.373,0.611,1.621,173,375,119.291,0.913,1.581,0.632,0.885
25317,3D-U-Z2.tif,0.663,3.09,0.873,1.138,608,378,125.134,0.812,1.33,0.752,0.95
25318,3D-U-Z2.tif,0.967,3.988,0.764,1.573,390,380,116.003,0.96,1.633,0.612,0.939
25319,3D-U-Z2.tif,0.279,2.509,0.558,1.029,635,381,103.57,0.414,2.837,0.353,0.874
25320,3D-U-Z2.tif,0.22,2.851,0.34,0.823,237,402,56.976,0.518,1.684,0.594,0.698
25321,3D-U-Z2.tif,0.206,2.758,0.34,0.947,959,385,100.491,0.447,2.119,0.472,0.71
25322,3D-U-Z2.tif,0.201,1.694,0.88,0.644,803,404,74.476,0.439,1.516,0.66,0.914
25323,3D-U-Z2.tif,1.043,4.008,0.816,1.429,766,390,109.747,0.994,1.425,0.702,0.945
25324,3D-U-Z2.tif,0.58,3.086,0.766,1.08,820,420,73.301,0.828,1.3,0.769,0.911
25325,3D-U-Z2.tif,0.379,2.916,0.561,0.942,80,392,156.251,0.707,1.188,0.842,0.799
25326,3D-U-Z2.tif,0.304,2.928,0.446,0.89,579,406,35.538,0.643,1.485,0.673,0.747
25327,3D-U-Z2.tif,0.904,6.769,0.248,2.579,10,396,119.65,0.666,4.53,0.221,0.633
25328,3D-U-Z2.tif,0.273,2.425,0.584,0.817,739,398,117.646,0.514,1.56,0.641,0.85
25329,3D-U-Z2.tif,0.25,3.76,0.222,1.11,862,429,53.842,0.582,1.89,0.529,0.541
25330,3D-U-Z2.tif,0.627,3.468,0.655,1.341,373,401,107.969,0.679,2.048,0.488,0.889
25331,3D-U-Z2.tif,0.257,2.087,0.741,0.694,141,412,153.435,0.521,1.23,0.813,0.876
25332,3D-U-Z2.tif,0.253,1.909,0.874,0.711,123,411,104.036,0.483,1.417,0.706,0.93
25333,3D-U-Z2.tif,0.328,2.977,0.465,1.102,68,427,20.136,0.51,2.333,0.429,0.805
25334,3D-U-Z2.tif,0.672,3.688,0.621,1.152,600,435,38.928,0.869,1.383,0.723,0.883
25335,3D-U-Z2.tif,0.26,2.027,0.797,0.708,170,416,133.025,0.571,1.148,0.871,0.894
25336,3D-U-Z2.tif,0.623,3.651,0.587,1.055,256,418,101.31,0.931,1.12,0.893,0.876
25337,3D-U-Z2.tif,1.032,5.023,0.514,1.497,219,419,104.676,1.055,1.373,0.728,0.852
25338,3D-U-Z2.tif,0.386,2.993,0.542,1.142,728,427,154.983,0.482,2.455,0.407,0.833
25339,3D-U-Z2.tif,1.245,8.034,0.242,2.186,802,456,6.34,1.304,1.73,0.578,0.59
25340,3D-U-Z2.tif,0.388,3.029,0.531,1.157,649,437,10.305,0.552,2.059,0.486,0.804
25341,3D-U-Z2.tif,0.566,4.718,0.32,2.049,696,490,83.234,0.483,4.638,0.216,0.787
25342,3D-U-Z2.tif,0.454,2.644,0.817,1.004,149,432,105.945,0.679,1.507,0.664,0.92
25343,3D-U-Z2.tif,2.482,10.099,0.306,3.331,856,523,64.231,1.301,2.755,0.363,0.796
25344,3D-U-Z2.tif,0.262,2.36,0.59,0.911,79,440,150.524,0.547,1.493,0.67,0.79
25345,3D-U-Z2.tif,0.508,5.503,0.211,1.325,716,442,141.34,0.787,2.023,0.494,0.623
25346,3D-U-Z2.tif,0.495,3.391,0.541,1.077,587,465,39.806,0.724,1.134,0.882,0.826
25347,3D-U-Z2.tif,0.254,3.221,0.308,1.294,773,445,131.76,0.441,3.384,0.295,0.612
25348,3D-U-Z2.tif,0.229,3.363,0.255,1.047,419,446,107.241,0.503,2.763,0.362,0.606
25349,3D-U-Z2.tif,0.445,2.521,0.879,0.928,658,447,148.671,0.655,1.35,0.741,0.948
25350,3D-U-Z2.tif,0.445,4.176,0.32,1.314,295,448,94.514,0.665,2.338,0.428,0.718
25351,3D-U-Z2.tif,0.344,3.131,0.44,0.887,942,473,76.504,0.655,1.41,0.709,0.803
25352,3D-U-Z2.tif,0.543,3.241,0.65,1.009,761,478,82.147,0.853,1.1,0.909,0.864
25353,3D-U-Z2.tif,0.897,3.76,0.797,1.322,167,489,82.504,0.932,1.458,0.686,0.927
25354,3D-U-Z2.tif,0.254,2.079,0.74,0.74,915,453,117.759,0.478,1.499,0.667,0.905
25355,3D-U-Z2.tif,0.24,1.949,0.794,0.775,276,476,69.146,0.447,1.771,0.565,0.916
25356,3D-U-Z2.tif,0.252,3.18,0.313,1.142,344,458,118.887,0.379,3.486,0.287,0.701
25357,3D-U-Z2.tif,0.576,3.659,0.54,1.062,635,488,76.866,0.784,1.423,0.703,0.882
25358,3D-U-Z2.tif,0.423,2.518,0.839,0.973,127,462,112.932,0.586,1.578,0.634,0.942
25359,3D-U-Z2.tif,0.499,2.859,0.768,1.025,257,494,70.346,0.759,1.346,0.743,0.91
25360,3D-U-Z2.tif,1.222,4.272,0.842,1.506,221,473,105.945,1.103,1.352,0.74,0.953
25361,3D-U-Z2.tif,0.686,5.848,0.252,1.538,573,507,42.274,1.117,1.461,0.685,0.595
25362,3D-U-Z2.tif,1.729,5.234,0.793,1.734,395,475,107.354,1.331,1.311,0.763,0.951
25363,3D-U-Z2.tif,1.149,4.105,0.856,1.481,665,516,77.905,1.034,1.386,0.721,0.96
25364,3D-U-Z2.tif,1.58,7.042,0.4,1.781,712,479,132.647,1.302,1.214,0.824,0.885
25365,3D-U-Z2.tif,0.728,5.15,0.345,1.266,902,511,60.642,0.983,1.31,0.764,0.79
25366,3D-U-Z2.tif,1.639,5.267,0.742,1.773,534,531,76.504,1.251,1.395,0.717,0.924
25367,3D-U-Z2.tif,0.351,2.558,0.674,1.053,750,481,121.608,0.508,2.148,0.466,0.875
25368,3D-U-Z2.tif,0.325,3.878,0.271,1.255,943,519,74.055,0.51,3.441,0.291,0.571
25369,3D-U-Z2.tif,0.25,2.856,0.385,0.897,818,491,157.38,0.532,1.862,0.537,0.743
25370,3D-U-Z2.tif,0.424,3.866,0.357,1.481,256,507,12.095,0.598,3.181,0.314,0.643
25371,3D-U-Z2.tif,0.369,2.388,0.812,0.868,973,492,96.843,0.608,1.466,0.682,0.921
25372,3D-U-Z2.tif,0.25,2.729,0.421,0.808,621,514,50.194,0.53,1.746,0.573,0.722
25373,3D-U-Z2.tif,0.272,2.196,0.709,0.775,70,495,122.276,0.586,1.239,0.807,0.867
25374,3D-U-Z2.tif,0.275,3.014,0.38,0.925,38,521,63.435,0.523,2.026,0.494,0.764
25375,3D-U-Z2.tif,0.333,2.819,0.527,1.11,367,497,115.769,0.468,2.614,0.383,0.832
25376,3D-U-Z2.tif,1.1,4.183,0.79,1.441,494,538,68.962,0.997,1.459,0.686,0.94
25377,3D-U-Z2.tif,0.729,5.974,0.257,1.25,159,519,24.444,1.107,1.102,0.908,0.736
25378,3D-U-Z2.tif,0.624,5.252,0.284,1.459,329,506,96.789,0.721,2.374,0.421,0.721
25379,3D-U-Z2.tif,1.522,5.161,0.718,1.748,276,507,104.859,1.185,1.513,0.661,0.93
25380,3D-U-Z2.tif,0.419,2.526,0.824,0.87,627,529,56.31,0.693,1.233,0.811,0.917
25381,3D-U-Z2.tif,1.14,5.747,0.434,1.397,692,511,105.751,1.265,1.093,0.915,0.87
25382,3D-U-Z2.tif,0.631,4.753,0.351,1.283,200,547,59.3,0.907,1.422,0.703,0.702
25383,3D-U-Z2.tif,2.844,8.89,0.452,2.317,863,551,4.268,1.895,1.275,0.784,0.844
25384,3D-U-Z2.tif,0.684,5.141,0.325,1.707,921,523,135,0.795,2.559,0.391,0.657
25385,3D-U-Z2.tif,1.238,4.682,0.71,1.821,254,524,108.778,0.893,2.112,0.474,0.941
25386,3D-U-Z2.tif,2.434,6.549,0.713,2.395,352,524,120.256,1.556,1.411,0.709,0.918
25387,3D-U-Z2.tif,0.763,3.528,0.771,1.313,141,563,66.801,0.799,1.636,0.611,0.918
25388,3D-U-Z2.tif,0.435,3.562,0.431,0.971,227,559,73.496,0.69,1.3,0.769,0.805
25389,3D-U-Z2.tif,1.573,7.646,0.338,2.618,14,543,130.192,1.181,2.152,0.465,0.781
25390,3D-U-Z2.tif,0.301,3.12,0.388,1.203,760,570,62.7,0.478,2.508,0.399,0.737
25391,3D-U-Z2.tif,0.889,3.914,0.73,1.447,170,541,102.381,0.759,1.862,0.537,0.943
25392,3D-U-Z2.tif,0.737,3.342,0.83,1.159,627,574,67.249,0.906,1.221,0.819,0.927
25393,3D-U-Z2.tif,0.229,2.587,0.431,0.981,684,548,169.875,0.404,2.652,0.377,0.713
25394,3D-U-Z2.tif,0.479,3.724,0.434,1.508,200,550,100.539,0.586,2.469,0.405,0.793
25395,3D-U-Z2.tif,0.939,3.866,0.79,1.364,491,550,106.144,0.993,1.424,0.702,0.935
25396,3D-U-Z2.tif,0.514,3.086,0.678,1.195,311,557,133.831,0.717,1.649,0.606,0.89
25397,3D-U-Z2.tif,1.451,5.54,0.594,1.733,397,595,47.42,1.251,1.303,0.767,0.877
25398,3D-U-Z2.tif,0.598,6.016,0.208,1.897,949,563,126.87,0.568,4.134,0.242,0.64
25399,3D-U-Z2.tif,0.215,2.81,0.342,0.879,852,562,115.56,0.555,1.58,0.633,0.651
25400,3D-U-Z2.tif,1.32,7.582,0.289,2.3,221,562,102.995,1.145,2.053,0.487,0.731
25401,3D-U-Z2.tif,0.889,4.435,0.568,1.358,299,566,113.962,1,1.433,0.698,0.899
25402,3D-U-Z2.tif,0.391,2.368,0.877,0.834,718,566,97.125,0.679,1.195,0.837,0.919
25403,3D-U-Z2.tif,0.213,1.811,0.815,0.691,85,567,92.862,0.448,1.562,0.64,0.895
25404,3D-U-Z2.tif,0.429,2.96,0.616,1.065,928,594,60.945,0.724,1.455,0.687,0.855
25405,3D-U-Z2.tif,0.478,3.071,0.637,1.298,457,571,140.389,0.516,2.652,0.377,0.898
25406,3D-U-Z2.tif,0.446,2.684,0.778,1.071,827,604,75.069,0.597,1.94,0.515,0.923
25407,3D-U-Z2.tif,0.922,4.581,0.552,1.592,602,621,85.03,0.897,1.928,0.519,0.834
25408,3D-U-Z2.tif,0.378,2.965,0.541,1.197,244,584,138.504,0.561,2.074,0.482,0.822
25409,3D-U-Z2.tif,0.98,4.248,0.682,1.493,533,584,96.633,0.964,1.501,0.666,0.88
25410,3D-U-Z2.tif,0.809,3.796,0.705,1.358,624,625,66.038,0.801,1.774,0.564,0.894
25411,3D-U-Z2.tif,0.609,4.102,0.455,1.255,361,590,127.185,0.801,1.626,0.615,0.843
25412,3D-U-Z2.tif,0.421,2.911,0.624,1.148,432,618,57.265,0.558,2.237,0.447,0.849
25413,3D-U-Z2.tif,0.688,3.163,0.865,1.089,141,623,79.046,0.828,1.307,0.765,0.954
25414,3D-U-Z2.tif,0.327,2.185,0.861,0.778,459,615,77.196,0.573,1.348,0.742,0.924
25415,3D-U-Z2.tif,0.468,2.94,0.681,1.113,654,625,73.811,0.624,1.939,0.516,0.878
25416,3D-U-Z2.tif,1.063,5.124,0.509,1.559,389,633,35.096,1.185,1.117,0.895,0.774
25417,3D-U-Z2.tif,0.354,2.417,0.762,0.897,843,623,67.38,0.55,1.626,0.615,0.886
25418,3D-U-Z2.tif,0.346,2.543,0.673,0.812,919,623,77.735,0.685,1.245,0.803,0.846
25419,3D-U-Z2.tif,0.27,2.067,0.794,0.763,12,603,108.435,0.483,1.545,0.647,0.919
25420,3D-U-Z2.tif,0.388,3.485,0.401,0.883,168,627,51.34,0.759,1.205,0.83,0.773
25421,3D-U-Z2.tif,0.665,4.991,0.335,1.174,751,605,130.236,0.987,1.295,0.772,0.77
25422,3D-U-Z2.tif,0.492,4.529,0.302,1.431,688,646,74.624,0.694,2.942,0.34,0.612
25423,3D-U-Z2.tif,0.43,2.814,0.683,1.04,498,643,84.289,0.561,2.008,0.498,0.873
25424,3D-U-Z2.tif,0.373,2.44,0.788,0.961,510,615,111.038,0.545,1.835,0.545,0.925
25425,3D-U-Z2.tif,0.702,5.474,0.294,1.502,865,659,80.754,0.775,2.078,0.481,0.78
25426,3D-U-Z2.tif,0.42,2.469,0.865,0.92,804,644,77.005,0.621,1.437,0.696,0.936
25427,3D-U-Z2.tif,0.496,3.562,0.491,1.09,35,621,108.435,0.871,1.518,0.659,0.76
25428,3D-U-Z2.tif,0.881,6.441,0.267,1.331,459,661,73.443,1.029,1.117,0.895,0.8
25429,3D-U-Z2.tif,1.21,4.897,0.634,1.706,661,629,104.036,1.067,1.575,0.635,0.885
25430,3D-U-Z2.tif,0.306,2.957,0.439,1.019,712,663,66.038,0.524,2.031,0.492,0.779
25431,3D-U-Z2.tif,0.847,4.053,0.648,1.219,411,672,64.885,0.992,1.25,0.8,0.898
25432,3D-U-Z2.tif,0.307,3.189,0.379,1.163,731,648,168.024,0.488,2.801,0.357,0.733
25433,3D-U-Z2.tif,0.448,2.839,0.699,1.071,901,673,75.069,0.656,1.785,0.56,0.865
25434,3D-U-Z2.tif,1.509,6.448,0.456,2.166,36,696,52.765,1.123,2.17,0.461,0.849
25435,3D-U-Z2.tif,0.515,2.741,0.861,0.981,367,647,100.125,0.739,1.336,0.749,0.931
25436,3D-U-Z2.tif,0.287,2.465,0.592,0.802,4,655,154.537,0.544,1.537,0.651,0.791
25437,3D-U-Z2.tif,0.68,5.965,0.24,1.904,858,697,54.583,0.769,2.753,0.363,0.695
25438,3D-U-Z2.tif,0.642,4.354,0.426,1.435,731,655,125.218,0.771,1.964,0.509,0.773
25439,3D-U-Z2.tif,0.977,7.677,0.208,1.833,535,709,85.684,1.083,2.044,0.489,0.629
25440,3D-U-Z2.tif,0.515,3.098,0.674,1.255,244,659,105.945,0.586,2.114,0.473,0.911
25441,3D-U-Z2.tif,1.352,5.34,0.596,1.664,930,660,103.173,1.162,1.429,0.7,0.909
25442,3D-U-Z2.tif,0.428,2.676,0.751,0.995,567,694,75.964,0.586,1.761,0.568,0.92
25443,3D-U-Z2.tif,0.591,3.232,0.711,1.159,961,694,53.471,0.696,1.691,0.592,0.887
25444,3D-U-Z2.tif,0.847,3.517,0.86,1.232,457,671,107.928,0.958,1.266,0.79,0.942
25445,3D-U-Z2.tif,1.065,4.995,0.537,1.673,270,672,104.323,0.998,1.748,0.572,0.873
25446,3D-U-Z2.tif,0.806,4.346,0.536,1.565,337,676,97.595,0.8,2.156,0.464,0.823
25447,3D-U-Z2.tif,0.337,3.542,0.337,1.197,366,691,11.634,0.571,2.232,0.448,0.643
25448,3D-U-Z2.tif,0.445,2.509,0.888,0.884,606,699,110.556,0.69,1.312,0.762,0.94
25449,3D-U-Z2.tif,0.208,1.811,0.797,0.737,712,703,169.216,0.414,1.871,0.534,0.909
25450,3D-U-Z2.tif,0.257,2.116,0.721,0.812,879,705,167.735,0.448,1.764,0.567,0.9
25451,3D-U-Z2.tif,0.226,2.612,0.416,0.928,487,722,31.329,0.542,2.103,0.475,0.677
25452,3D-U-Z3.tif,0.221,3.384,0.242,0.961,826,10,96.52,0.457,2.537,0.394,0.607
25453,3D-U-Z3.tif,0.834,4.639,0.487,1.283,386,165,14.775,1.1,1.058,0.945,0.864
25454,3D-U-Z3.tif,0.282,2.45,0.589,0.939,30,143,117.681,0.459,1.892,0.528,0.888
25455,3D-U-Z3.tif,0.505,5.378,0.219,1.04,203,201,34.315,0.874,1.105,0.905,0.768
25456,3D-U-Z3.tif,0.576,4.255,0.4,1.204,505,254,74.233,0.792,1.536,0.651,0.845
25457,3D-U-Z3.tif,0.334,3.235,0.401,0.912,390,190,99.462,0.604,1.513,0.661,0.84
25458,3D-U-Z3.tif,0.272,3.897,0.225,0.931,138,206,140.947,0.552,1.807,0.553,0.756
25459,3D-U-Z3.tif,1.179,7.064,0.297,1.824,6,299,137.726,1.164,1.232,0.812,0.785
25460,3D-U-Z3.tif,1.196,8.429,0.212,2.045,368,469,80.789,0.927,2.194,0.456,0.777
25461,3D-U-Z3.tif,0.669,3.404,0.725,1.173,759,366,125.538,0.843,1.395,0.717,0.939
25462,3D-U-Z3.tif,0.965,4.577,0.579,1.637,212,373,113.575,0.912,1.744,0.573,0.907
25463,3D-U-Z3.tif,0.276,2.836,0.431,1.135,822,370,106.04,0.348,3.452,0.29,0.887
25464,3D-U-Z3.tif,0.647,5.449,0.274,1.382,179,420,94.529,0.736,1.861,0.537,0.837
25465,3D-U-Z3.tif,0.247,3.7,0.227,1.076,6,520,59.534,0.476,2.502,0.4,0.649
25466,3D-U-Z3.tif,0.354,2.643,0.637,0.836,884,527,33.69,0.582,1.407,0.711,0.919
25467,3D-U-Z3.tif,0.457,4.045,0.351,1.393,981,597,87.194,0.511,2.932,0.341,0.811
25468,3D-U-Z3.tif,0.46,2.871,0.701,0.998,875,545,158.344,0.659,1.398,0.715,0.939
25469,3D-U-Z3.tif,0.681,3.853,0.577,1.194,837,567,96.557,0.843,1.3,0.769,0.917
25470,3D-U-Z3.tif,1.234,4.749,0.687,1.503,898,713,78.486,1.118,1.349,0.741,0.954
25471,3D-U-Z3.tif,1.47,8.879,0.234,1.731,212,720,59.191,1.424,1.058,0.946,0.809
25472,3U-C-Z1.tif,1.213,4.27,0.836,1.654,482,3,109.44,1.101,1.502,0.666,0.906
25473,3U-C-Z1.tif,0.615,3.339,0.693,1.451,571,18,71.565,0.642,2.344,0.427,0.88
25474,3U-C-Z1.tif,2.282,5.684,0.888,1.945,554,8,109.29,1.652,1.114,0.898,0.916
25475,3U-C-Z1.tif,2.83,7.9,0.57,2.596,501,11,135,1.808,1.569,0.637,0.834
25476,3U-C-Z1.tif,1.179,7.998,0.232,2.221,410,10,128.29,1.695,1.552,0.644,0.476
25477,3U-C-Z1.tif,0.598,3.285,0.696,1.314,915,18,24.775,0.734,1.624,0.616,0.807
25478,3U-C-Z1.tif,0.724,3.88,0.604,1.571,152,30,83.29,0.642,2.428,0.412,0.851
25479,3U-C-Z1.tif,0.623,2.918,0.92,1.135,593,13,104.036,0.734,1.48,0.676,0.902
25480,3U-C-Z1.tif,0.985,4.01,0.77,1.494,844,13,100.62,1.077,1.578,0.634,0.842
25481,3U-C-Z1.tif,1.684,6.279,0.537,2.021,380,20,140.528,1.414,1.698,0.589,0.805
25482,3U-C-Z1.tif,1.314,4.31,0.889,1.56,431,34,61.928,1.101,1.316,0.76,0.945
25483,3U-C-Z1.tif,1.322,5.425,0.565,2.004,450,41,74.055,1.11,2.136,0.468,0.795
25484,3U-C-Z1.tif,0.707,3.178,0.88,1.15,463,21,151.39,0.944,1.094,0.914,0.88
25485,3U-C-Z1.tif,0.615,3.415,0.662,1.404,207,36,78.69,0.642,2.187,0.457,0.869
25486,3U-C-Z1.tif,3.806,10.916,0.401,3.038,250,23,115.017,2.111,1.577,0.634,0.798
25487,3U-C-Z1.tif,1.145,4.959,0.585,2.052,293,47,79.695,0.826,2.517,0.397,0.861
25488,3U-C-Z1.tif,0.884,5.545,0.361,1.985,583,27,146.31,0.944,3.015,0.332,0.61
25489,3U-C-Z1.tif,1.474,5.478,0.617,1.803,638,26,104.744,1.101,1.687,0.593,0.888
25490,3U-C-Z1.tif,0.825,3.88,0.689,1.538,696,26,107.354,0.993,1.689,0.592,0.827
25491,3U-C-Z1.tif,0.699,4.409,0.452,1.763,795,28,141.34,0.844,2.525,0.396,0.669
25492,3U-C-Z1.tif,0.682,2.994,0.956,1.193,352,33,112.62,0.826,1.39,0.72,0.91
25493,3U-C-Z1.tif,1.297,4.355,0.859,1.603,624,33,103.241,1.101,1.476,0.678,0.919
25494,3U-C-Z1.tif,4.581,12.881,0.347,4.147,473,75,65.136,2.17,2.002,0.499,0.718
25495,3U-C-Z1.tif,3.958,13.239,0.284,3.186,427,70,78.366,2.184,1.602,0.624,0.7
25496,3U-C-Z1.tif,1.39,5.241,0.636,1.605,558,38,120.964,1.377,1.183,0.845,0.844
25497,3U-C-Z1.tif,0.632,3.728,0.571,1.584,847,49,10.008,0.642,2.361,0.424,0.82
25498,3U-C-Z1.tif,1.558,6.58,0.452,2.868,148,77,82.648,0.826,3.575,0.28,0.828
25499,3U-C-Z1.tif,0.598,2.811,0.951,1.046,405,58,74.745,0.826,1.09,0.918,0.904
25500,3U-C-Z1.tif,0.564,2.735,0.948,1.046,282,61,74.745,0.734,1.364,0.733,0.899
25501,3U-C-Z1.tif,8.935,17.097,0.384,6.283,335,119,83.29,2.386,3.264,0.306,0.789
25502,3U-C-Z1.tif,1.011,3.675,0.941,1.336,683,65,74.055,1.009,1.243,0.805,0.92
25503,3U-C-Z1.tif,1.423,4.431,0.911,1.568,553,53,110.556,1.285,1.133,0.882,0.916
25504,3U-C-Z1.tif,1.238,8.15,0.234,2.206,493,71,45,1.469,1.408,0.71,0.572
25505,3U-C-Z1.tif,8.977,21.157,0.252,8.827,211,57,93.576,1.845,5.761,0.174,0.715
25506,3U-C-Z1.tif,0.589,2.842,0.917,1.07,582,68,59.036,0.734,1.178,0.849,0.921
25507,3U-C-Z1.tif,1.213,4.042,0.933,1.401,643,71,58.392,1.193,1.096,0.913,0.929
25508,3U-C-Z1.tif,1.533,5.058,0.753,1.654,665,73,56.31,1.38,1.097,0.912,0.875
25509,3U-C-Z1.tif,0.808,3.804,0.702,1.451,611,59,108.435,0.826,1.936,0.517,0.831
25510,3U-C-Z1.tif,2.754,10.267,0.328,2.701,769,69,170.218,2.093,1.104,0.906,0.649
25511,3U-C-Z1.tif,0.598,3.437,0.636,1.451,733,66,161.565,0.734,2.376,0.421,0.821
25512,3U-C-Z1.tif,0.556,3.956,0.446,1.642,352,64,116.565,0.657,3.291,0.304,0.691
25513,3U-C-Z1.tif,0.556,2.864,0.851,0.976,394,73,48.814,0.826,1.11,0.901,0.874
25514,3U-C-Z1.tif,0.935,3.88,0.78,1.494,449,77,42.51,0.982,1.585,0.631,0.844
25515,3U-C-Z1.tif,1.491,4.767,0.824,1.605,539,75,149.036,1.377,1.081,0.925,0.892
25516,3U-C-Z1.tif,2.931,10.59,0.328,4.337,295,74,96.072,1.31,4.43,0.226,0.672
25517,3U-C-Z1.tif,0.876,3.415,0.944,1.278,431,74,111.038,0.918,1.322,0.756,0.933
25518,3U-C-Z1.tif,2.518,7.564,0.553,2.755,597,74,150.018,1.678,1.896,0.527,0.793
25519,3U-C-Z1.tif,0.598,2.972,0.851,1.224,678,90,77.005,0.642,1.84,0.544,0.922
25520,3U-C-Z1.tif,0.64,3.231,0.77,1.298,662,89,45,0.821,1.671,0.598,0.859
25521,3U-C-Z1.tif,0.531,2.551,1,0.918,381,88,36.87,0.826,1.057,0.946,0.913
25522,3U-C-Z1.tif,0.581,2.788,0.939,1.074,637,92,70.017,0.734,1.359,0.736,0.914
25523,3U-C-Z1.tif,0.707,3.048,0.957,1.105,416,84,131.634,0.918,1.136,0.881,0.903
25524,3U-C-Z1.tif,1.137,3.934,0.923,1.451,449,85,108.435,1.009,1.346,0.743,0.941
25525,3U-C-Z1.tif,1.128,4.431,0.722,1.808,407,87,113.962,0.944,2.198,0.455,0.867
25526,3U-C-Z1.tif,2.03,6.181,0.668,2.52,654,88,100.491,1.193,2.175,0.46,0.886
25527,3U-C-Z1.tif,1.962,5.64,0.775,2.038,472,110,54.162,1.554,1.148,0.871,0.894
25528,3U-C-Z1.tif,0.766,3.956,0.615,1.377,497,93,126.87,0.973,1.357,0.737,0.791
25529,3U-C-Z1.tif,0.867,4.453,0.55,1.451,533,98,145.305,1.067,1.476,0.677,0.744
25530,3U-C-Z1.tif,4.446,12.917,0.335,3.743,579,97,101.31,2.404,1.721,0.581,0.716
25531,3U-C-Z1.tif,0.547,2.627,0.997,0.958,428,98,106.699,0.826,1.116,0.896,0.903
25532,3U-C-Z1.tif,2.484,7.349,0.578,2.449,672,124,77.005,1.6,1.657,0.604,0.843
25533,3U-C-Z1.tif,1.12,4.377,0.735,1.642,698,107,26.565,1.101,1.441,0.694,0.855
25534,3U-C-Z1.tif,0.564,2.864,0.864,1.116,553,106,170.538,0.734,1.519,0.658,0.87
25535,3U-C-Z1.tif,0.884,4.064,0.673,1.364,781,105,109.654,1.077,1.306,0.766,0.817
25536,3U-C-Z1.tif,1.76,7.707,0.372,2.294,263,109,126.87,1.496,1.721,0.581,0.698
25537,3U-C-Z1.tif,1.651,5.058,0.811,1.685,503,123,60.642,1.363,1.2,0.833,0.903
25538,3U-C-Z1.tif,6.476,18.05,0.25,5.068,405,111,148.325,2.648,2.323,0.43,0.656
25539,3U-C-Z1.tif,1.701,7.685,0.362,2.718,688,139,78.311,1.248,2.464,0.406,0.711
25540,3U-C-Z1.tif,2.922,13.208,0.211,3.873,742,152,76.293,1.795,3.163,0.316,0.494
25541,3U-C-Z1.tif,1.482,5.048,0.731,1.89,353,118,119.055,1.259,1.605,0.623,0.859
25542,3U-C-Z1.tif,0.573,3.026,0.786,1.161,385,133,71.565,0.734,1.724,0.58,0.866
25543,3U-C-Z1.tif,1.987,6.203,0.649,2.322,723,122,108.435,1.416,1.638,0.61,0.83
25544,3U-C-Z1.tif,0.581,3.361,0.646,1.336,549,137,74.055,0.826,1.544,0.648,0.78
25545,3U-C-Z1.tif,2.501,8.365,0.449,2.538,452,145,49.399,1.567,1.809,0.553,0.754
25546,3U-C-Z1.tif,1.651,6.302,0.522,2.27,566,156,75.964,1.157,1.916,0.522,0.813
25547,3U-C-Z1.tif,2.223,7.134,0.549,2.294,645,139,163.74,1.476,1.653,0.605,0.82
25548,3U-C-Z1.tif,7.554,15.777,0.381,5.975,369,138,100.62,2.336,3.094,0.323,0.723
25549,3U-C-Z1.tif,3.301,12.008,0.288,3.803,391,139,109.747,1.726,2.807,0.356,0.66
25550,3U-C-Z1.tif,0.606,3.178,0.755,1.224,225,153,77.005,0.734,1.56,0.641,0.873
25551,3U-C-Z1.tif,0.842,4.767,0.466,2.052,553,141,116.565,0.78,3.135,0.319,0.722
25552,3U-C-Z1.tif,1.676,6.042,0.577,2.279,880,143,139.899,1.231,2.018,0.496,0.816
25553,3U-C-Z1.tif,0.539,3.231,0.649,1.278,637,158,68.962,0.637,2.311,0.433,0.821
25554,3U-C-Z1.tif,1.76,5.187,0.822,1.856,500,147,98.531,1.377,1.334,0.749,0.905
25555,3U-C-Z1.tif,1.465,5.102,0.707,1.856,706,150,98.531,1.335,1.48,0.676,0.851
25556,3U-C-Z1.tif,0.733,3.361,0.815,1.336,534,166,74.055,0.826,1.572,0.636,0.888
25557,3U-C-Z1.tif,0.8,3.307,0.919,1.304,543,168,50.711,0.908,1.438,0.695,0.913
25558,3U-C-Z1.tif,1.701,5.89,0.616,2.352,717,163,159.444,1.117,2.265,0.441,0.833
25559,3U-C-Z1.tif,0.581,2.842,0.904,1.135,422,160,104.036,0.642,1.61,0.621,0.92
25560,3U-C-Z1.tif,0.825,5.599,0.331,2.097,570,162,113.199,0.916,2.895,0.345,0.601
25561,3U-C-Z1.tif,0.648,3.231,0.78,1.278,595,162,111.038,0.826,1.478,0.676,0.86
25562,3U-C-Z1.tif,0.8,3.437,0.851,1.197,167,176,57.529,1.009,1.119,0.894,0.888
25563,3U-C-Z1.tif,0.564,3.124,0.727,1.323,515,176,56.31,0.659,2.216,0.451,0.843
25564,3U-C-Z1.tif,1.255,4.27,0.865,1.685,609,175,29.358,1.103,1.529,0.654,0.911
25565,3U-C-Z1.tif,0.724,4.852,0.387,2.052,220,187,79.695,0.612,4.025,0.248,0.771
25566,3U-C-Z1.tif,0.699,3.048,0.946,1.135,452,165,104.036,0.826,1.266,0.79,0.907
25567,3U-C-Z1.tif,1.726,9.735,0.229,4.051,877,165,103.092,0.943,5.896,0.17,0.656
25568,3U-C-Z1.tif,0.547,4.216,0.387,1.563,803,167,130.236,0.761,2.739,0.365,0.631
25569,3U-C-Z1.tif,0.775,3.361,0.862,1.248,351,182,72.897,0.918,1.29,0.775,0.872
25570,3U-C-Z1.tif,1.491,5.187,0.696,1.692,471,172,130.601,1.377,1.304,0.767,0.847
25571,3U-C-Z1.tif,2.08,7.618,0.45,3.077,713,174,107.354,1.109,3.549,0.282,0.704
25572,3U-C-Z1.tif,0.884,3.988,0.699,1.336,414,190,74.055,1.101,1.259,0.794,0.792
25573,3U-C-Z1.tif,1.263,4.247,0.88,1.675,554,194,80.538,1.009,1.595,0.627,0.929
25574,3U-C-Z1.tif,0.842,3.934,0.684,1.451,389,177,108.435,0.918,1.809,0.553,0.83
25575,3U-C-Z1.tif,0.632,2.918,0.932,1.12,539,177,124.992,0.826,1.326,0.754,0.909
25576,3U-C-Z1.tif,0.539,2.605,0.998,0.988,598,178,111.801,0.734,1.256,0.796,0.914
25577,3U-C-Z1.tif,1.145,4.301,0.778,1.483,325,187,21.801,1.272,1.146,0.873,0.845
25578,3U-C-Z1.tif,1.423,5.102,0.687,1.675,629,181,99.462,1.377,1.199,0.834,0.835
25579,3U-C-Z1.tif,0.775,3.599,0.752,1.451,401,182,124.695,0.935,1.418,0.705,0.844
25580,3U-C-Z1.tif,1.213,4.247,0.845,1.687,515,184,157.62,1.009,1.636,0.611,0.917
25581,3U-C-Z1.tif,2.105,6.539,0.619,2.382,98,208,74.358,1.558,1.668,0.599,0.842
25582,3U-C-Z1.tif,2.501,11.252,0.248,3.369,492,189,150.642,1.648,2.133,0.469,0.664
25583,3U-C-Z1.tif,0.564,2.766,0.927,1.074,577,199,70.017,0.642,1.533,0.652,0.944
25584,3U-C-Z1.tif,0.699,3.178,0.87,1.135,429,192,165.964,0.871,1.312,0.762,0.878
25585,3U-C-Z1.tif,2.038,6.409,0.623,2.505,760,191,151.557,1.363,1.968,0.508,0.851
25586,3U-C-Z1.tif,3.891,8.463,0.683,2.858,291,192,95.528,1.981,1.582,0.632,0.843
25587,3U-C-Z1.tif,0.514,4.529,0.315,1.425,616,193,104.931,1.026,1.333,0.75,0.547
25588,3U-C-Z1.tif,1.128,3.988,0.892,1.398,391,209,66.801,1.152,1.171,0.854,0.902
25589,3U-C-Z1.tif,6.316,19.357,0.212,5.225,644,197,149.381,2.744,2.616,0.382,0.613
25590,3U-C-Z1.tif,2.518,8.625,0.425,2.809,561,197,128.367,1.557,2.176,0.46,0.736
25591,3U-C-Z1.tif,0.556,2.788,0.898,1.109,330,198,114.444,0.734,1.449,0.69,0.892
25592,3U-C-Z1.tif,0.834,4.399,0.541,1.538,423,216,72.646,0.826,2.045,0.489,0.786
25593,3U-C-Z1.tif,0.724,3.102,0.946,1.224,414,201,102.995,0.734,1.562,0.64,0.935
25594,3U-C-Z1.tif,0.539,3.728,0.487,1.571,217,220,83.29,0.551,3.183,0.314,0.8
25595,3U-C-Z1.tif,1.027,3.903,0.848,1.404,705,204,101.31,1.083,1.265,0.79,0.881
25596,3U-C-Z1.tif,0.556,2.842,0.865,1.161,364,217,71.565,0.642,1.775,0.563,0.917
25597,3U-C-Z1.tif,1.895,7.121,0.47,2.827,632,205,103.134,1.086,3.025,0.331,0.751
25598,3U-C-Z1.tif,7.663,19.952,0.242,6.363,547,207,123.232,2.78,2.899,0.345,0.54
25599,3U-C-Z1.tif,1.516,5.004,0.761,2.052,376,207,116.565,1.068,2.004,0.499,0.914
25600,3U-C-Z1.tif,0.531,2.864,0.813,1.105,395,220,48.366,0.779,1.499,0.667,0.857
25601,3U-C-Z1.tif,0.564,4.238,0.395,1.634,259,213,128.157,0.716,2.715,0.368,0.644
25602,3U-C-Z1.tif,0.893,4.247,0.622,1.835,499,229,53.13,0.83,2.596,0.385,0.819
25603,3U-C-Z1.tif,2.914,10.581,0.327,3.606,606,215,104.744,1.682,2.279,0.439,0.633
25604,3U-C-Z1.tif,7.268,20.18,0.224,8.671,804,216,140.583,1.825,4.789,0.209,0.696
25605,3U-C-Z1.tif,1.297,4.301,0.881,1.519,339,232,64.983,1.193,1.212,0.825,0.928
25606,3U-C-Z1.tif,1.061,5.599,0.425,1.763,430,229,38.66,1.132,1.694,0.59,0.704
25607,3U-C-Z1.tif,0.531,2.864,0.813,0.993,305,218,123.69,0.843,1.194,0.838,0.851
25608,3U-C-Z1.tif,2.619,7.685,0.557,2.556,366,224,111.038,1.651,1.701,0.588,0.825
25609,3U-C-Z1.tif,0.851,3.599,0.825,1.304,280,237,39.289,1.031,1.13,0.885,0.867
25610,3U-C-Z1.tif,0.926,5.362,0.405,1.951,246,243,41.186,0.844,2.929,0.341,0.71
25611,3U-C-Z1.tif,0.783,3.285,0.912,1.248,302,229,107.103,0.826,1.454,0.688,0.925
25612,3U-C-Z1.tif,0.522,2.788,0.844,1.074,612,240,70.017,0.667,1.688,0.593,0.873
25613,3U-C-Z1.tif,0.64,3.339,0.721,1.425,668,247,75.069,0.636,2.375,0.421,0.884
25614,3U-C-Z1.tif,0.522,3.621,0.5,1.654,882,232,123.69,0.509,4.064,0.246,0.79
25615,3U-C-Z1.tif,1.288,6.507,0.382,1.782,521,237,124.509,1.273,1.62,0.617,0.694
25616,3U-C-Z1.tif,0.623,4.475,0.391,1.808,218,255,66.038,0.709,3.187,0.314,0.619
25617,3U-C-Z1.tif,0.825,3.599,0.801,1.527,452,238,122.735,0.813,1.919,0.521,0.912
25618,3U-C-Z1.tif,3.587,10.365,0.42,3.077,418,246,162.646,2.124,1.514,0.66,0.759
25619,3U-C-Z1.tif,0.606,4.919,0.315,1.494,576,243,169.38,0.801,2.446,0.409,0.603
25620,3U-C-Z1.tif,0.901,5.111,0.433,2.257,866,242,116.565,0.854,3.248,0.308,0.746
25621,3U-C-Z1.tif,0.564,3.178,0.702,1.231,637,248,116.565,0.779,1.843,0.542,0.784
25622,3U-C-Z1.tif,3.158,11.695,0.29,3.615,335,253,113.962,1.654,2.554,0.392,0.629
25623,3U-C-Z1.tif,0.825,5.048,0.407,1.538,469,270,72.646,1.175,1.46,0.685,0.628
25624,3U-C-Z1.tif,2.324,6.409,0.711,2.062,625,279,69.146,1.79,1.221,0.819,0.868
25625,3U-C-Z1.tif,3.082,8.678,0.514,2.978,491,263,123.69,1.592,2.177,0.459,0.789
25626,3U-C-Z1.tif,0.724,3.209,0.884,1.235,400,267,131.987,0.869,1.358,0.736,0.915
25627,3U-C-Z1.tif,1.642,5.156,0.776,1.929,421,266,115.346,1.377,1.46,0.685,0.884
25628,3U-C-Z1.tif,1.179,5.134,0.562,1.858,517,278,32.905,1.141,1.577,0.634,0.805
25629,3U-C-Z1.tif,0.564,2.735,0.948,1.026,457,277,26.565,0.826,1.241,0.806,0.887
25630,3U-C-Z1.tif,0.547,3.567,0.541,1.323,558,283,56.31,0.771,2.162,0.463,0.695
25631,3U-C-Z1.tif,1.979,6.226,0.642,1.977,538,292,68.199,1.725,1.069,0.936,0.813
25632,3U-C-Z1.tif,0.674,4.995,0.339,2.221,849,274,141.71,0.714,3.243,0.308,0.63
25633,3U-C-Z1.tif,0.573,2.735,0.962,1.046,389,278,142.125,0.821,1.27,0.787,0.907
25634,3U-C-Z1.tif,4.135,9.846,0.536,3.564,364,278,124.509,1.947,1.951,0.513,0.808
25635,3U-C-Z1.tif,2.737,10.657,0.303,3.255,691,280,139.574,1.803,2.28,0.439,0.671
25636,3U-C-Z1.tif,0.514,2.918,0.758,1.135,733,280,104.036,0.642,1.912,0.523,0.871
25637,3U-C-Z1.tif,1.592,5.944,0.566,2.175,598,296,27.646,1.377,1.508,0.663,0.797
25638,3U-C-Z1.tif,0.775,4.118,0.574,1.425,451,283,104.931,0.734,1.947,0.514,0.833
25639,3U-C-Z1.tif,2.114,6.409,0.647,2.496,636,289,143.973,1.443,1.844,0.542,0.834
25640,3U-C-Z1.tif,0.648,4.064,0.493,1.741,677,304,71.565,0.697,2.777,0.36,0.766
25641,3U-C-Z1.tif,5.129,15.226,0.278,4.089,512,307,170.961,2.319,1.814,0.551,0.717
25642,3U-C-Z1.tif,0.716,4.659,0.414,1.892,241,294,104.036,0.743,2.928,0.341,0.685
25643,3U-C-Z1.tif,3.419,10.16,0.416,3.686,464,336,71.114,1.679,2.063,0.485,0.76
25644,3U-C-Z1.tif,1.213,3.988,0.958,1.401,582,301,121.608,1.193,1.109,0.902,0.932
25645,3U-C-Z1.tif,0.926,4.118,0.687,1.603,413,311,13.241,1.009,1.651,0.606,0.827
25646,3U-C-Z1.tif,1.137,3.934,0.923,1.336,632,301,105.945,1.193,1.092,0.916,0.912
25647,3U-C-Z1.tif,1.373,6.248,0.442,2.802,767,303,121.608,0.86,3.883,0.258,0.749
25648,3U-C-Z1.tif,4.261,13.821,0.28,3.784,477,330,22.834,2.547,1.471,0.68,0.606
25649,3U-C-Z1.tif,0.623,4.592,0.371,2.004,748,331,74.055,0.617,3.912,0.256,0.722
25650,3U-C-Z1.tif,2.198,7.09,0.55,2.699,680,337,54.689,1.355,2.309,0.433,0.777
25651,3U-C-Z1.tif,0.758,5.621,0.301,1.803,377,314,104.744,0.938,2.778,0.36,0.547
25652,3U-C-Z1.tif,7.31,20.038,0.229,5.471,620,320,112.694,2.81,2.233,0.448,0.662
25653,3U-C-Z1.tif,0.531,4.462,0.335,1.977,808,319,111.801,0.559,5.054,0.198,0.653
25654,3U-C-Z1.tif,0.505,2.994,0.708,1.197,570,320,122.471,0.739,1.851,0.54,0.816
25655,3U-C-Z1.tif,1.154,4.118,0.855,1.513,668,336,75.964,1.101,1.437,0.696,0.898
25656,3U-C-Z1.tif,4.076,9.748,0.539,3.716,511,322,110.225,1.876,2.276,0.439,0.787
25657,3U-C-Z1.tif,4.034,13.651,0.272,4.158,536,322,112.036,2.284,1.811,0.552,0.595
25658,3U-C-Z1.tif,3.461,8.83,0.558,3.526,596,324,128.66,1.685,2.399,0.417,0.815
25659,3U-C-Z1.tif,1.44,6.172,0.475,2.25,350,350,78.232,1.207,2.187,0.457,0.704
25660,3U-C-Z1.tif,2.004,6.333,0.628,2.27,318,351,75.964,1.436,1.648,0.607,0.825
25661,3U-C-Z1.tif,1.937,8.486,0.338,2.386,395,352,67.38,1.448,1.874,0.534,0.687
25662,3U-C-Z1.tif,1.853,8.41,0.329,3.056,415,327,138.652,1.52,2.673,0.374,0.569
25663,3U-C-Z1.tif,1.011,6.374,0.313,2.808,290,363,78.69,0.557,6.426,0.156,0.755
25664,3U-C-Z1.tif,1.608,5.134,0.767,2.038,561,349,35.838,1.272,1.646,0.608,0.874
25665,3U-C-Z1.tif,0.505,3.719,0.459,1.323,365,339,146.31,0.764,2.341,0.427,0.686
25666,3U-C-Z1.tif,0.581,4.323,0.391,1.929,851,338,115.346,0.646,4.058,0.246,0.67
25667,3U-C-Z1.tif,0.749,3.88,0.626,1.433,481,341,140.194,0.963,1.275,0.784,0.777
25668,3U-C-Z1.tif,0.699,3.124,0.9,1.135,336,344,104.036,0.918,1.225,0.816,0.874
25669,3U-C-Z1.tif,1.465,7.273,0.348,2.294,245,345,106.26,1.101,2.252,0.444,0.752
25670,3U-C-Z1.tif,2.779,12.268,0.232,4.679,726,354,154.44,1.683,3.595,0.278,0.542
25671,3U-C-Z1.tif,0.935,3.491,0.964,1.235,408,353,131.987,1.101,1.079,0.927,0.917
25672,3U-C-Z1.tif,0.876,3.675,0.815,1.436,342,368,63.435,0.918,1.519,0.658,0.897
25673,3U-C-Z1.tif,0.918,3.751,0.82,1.425,437,354,104.931,0.929,1.491,0.671,0.886
25674,3U-C-Z1.tif,1.895,6.982,0.488,2.505,473,382,81.573,1.377,2.017,0.496,0.741
25675,3U-C-Z1.tif,1.221,5.903,0.44,2.081,364,358,131.424,1.168,2.19,0.457,0.69
25676,3U-C-Z1.tif,0.573,3.102,0.748,1.248,504,374,72.897,0.696,1.944,0.514,0.855
25677,3U-C-Z1.tif,1.44,4.431,0.922,1.56,612,362,151.928,1.285,1.103,0.907,0.922
25678,3U-C-Z1.tif,5.87,18.198,0.223,3.779,510,400,60.945,3.235,1.109,0.902,0.678
25679,3U-C-Z1.tif,2.021,6.248,0.651,2.119,318,383,17.65,1.56,1.385,0.722,0.853
25680,3U-C-Z1.tif,0.564,2.735,0.948,1.074,483,369,109.983,0.734,1.391,0.719,0.912
25681,3U-C-Z1.tif,2.021,5.317,0.898,1.962,657,369,100.784,1.377,1.406,0.711,0.932
25682,3U-C-Z1.tif,2.206,6.194,0.723,2.21,295,391,41.634,1.557,1.489,0.672,0.869
25683,3U-C-Z1.tif,0.573,4.27,0.395,1.724,421,370,115.201,0.657,3.184,0.314,0.642
25684,3U-C-Z1.tif,0.522,2.659,0.928,1.026,588,377,26.565,0.734,1.242,0.805,0.905
25685,3U-C-Z1.tif,0.64,3.858,0.54,1.603,876,374,113.629,0.665,2.69,0.372,0.844
25686,3U-C-Z1.tif,6.838,13.552,0.468,3.726,397,375,127.999,3.272,1.033,0.968,0.79
25687,3U-C-Z1.tif,0.531,2.811,0.844,1.046,385,376,105.255,0.824,1.342,0.745,0.846
25688,3U-C-Z1.tif,2.585,9.479,0.362,2.599,609,383,132.138,1.985,1.154,0.866,0.734
25689,3U-C-Z1.tif,0.716,3.903,0.591,1.763,768,378,141.34,0.713,3.02,0.331,0.802
25690,3U-C-Z1.tif,5.036,11.109,0.513,4.193,696,379,113.199,2.142,2.218,0.451,0.797
25691,3U-C-Z1.tif,1.928,5.134,0.92,1.772,466,385,111.251,1.548,1.144,0.874,0.931
25692,3U-C-Z1.tif,1.465,9.229,0.216,3.275,203,425,78.69,1.133,3.248,0.308,0.499
25693,3U-C-Z1.tif,0.733,3.567,0.724,1.605,320,390,120.964,0.739,2.352,0.425,0.879
25694,3U-C-Z1.tif,0.792,3.437,0.842,1.336,495,407,74.055,0.913,1.487,0.673,0.883
25695,3U-C-Z1.tif,1.364,6.409,0.417,2.711,813,393,156.038,0.85,3.58,0.279,0.786
25696,3U-C-Z1.tif,0.691,3.33,0.783,1.323,560,394,123.69,0.779,1.868,0.535,0.872
25697,3U-C-Z1.tif,0.792,4.086,0.596,1.336,378,409,74.055,1.009,1.373,0.728,0.783
25698,3U-C-Z1.tif,0.977,5.048,0.482,2.113,541,396,145.62,0.856,2.93,0.341,0.727
25699,3U-C-Z1.tif,0.674,4.583,0.403,1.685,448,396,119.358,0.918,2.145,0.466,0.615
25700,3U-C-Z1.tif,1.566,4.82,0.847,1.847,298,416,63.435,1.228,1.514,0.66,0.923
25701,3U-C-Z1.tif,1.145,6.4,0.351,2.449,789,405,167.005,0.954,3.213,0.311,0.652
25702,3U-C-Z1.tif,1.693,5.026,0.842,1.803,582,407,165.256,1.458,1.319,0.758,0.889
25703,3U-C-Z1.tif,0.758,3.621,0.726,1.248,100,405,143.973,0.971,1.411,0.709,0.826
25704,3U-C-Z1.tif,3.781,8.593,0.643,3.006,417,419,167.661,2.288,1.275,0.785,0.81
25705,3U-C-Z1.tif,1.853,9.327,0.268,3.327,489,439,65.556,1.265,2.812,0.356,0.597
25706,3U-C-Z1.tif,1.676,4.896,0.878,1.714,541,409,105.524,1.395,1.197,0.836,0.915
25707,3U-C-Z1.tif,1.457,4.874,0.771,2.004,602,418,15.945,1.101,1.76,0.568,0.894
25708,3U-C-Z1.tif,0.648,2.994,0.909,1.197,511,421,32.471,0.844,1.403,0.713,0.895
25709,3U-C-Z1.tif,0.834,4.691,0.476,1.634,455,414,141.843,0.972,2.125,0.47,0.697
25710,3U-C-Z1.tif,0.547,3.33,0.62,1.433,694,413,140.194,0.569,2.821,0.354,0.802
25711,3U-C-Z1.tif,1.634,5.577,0.66,2.095,390,435,61.189,1.278,1.875,0.533,0.855
25712,3U-C-Z1.tif,2.122,5.944,0.755,2.113,901,416,124.38,1.523,1.403,0.713,0.89
25713,3U-C-Z1.tif,2.796,8.15,0.529,2.753,324,441,36.87,1.761,1.575,0.635,0.742
25714,3U-C-Z1.tif,2.451,7.295,0.579,2.874,641,421,106.699,1.343,2.349,0.426,0.85
25715,3U-C-Z1.tif,2.055,5.738,0.784,2.093,666,423,127.875,1.52,1.235,0.81,0.894
25716,3U-C-Z1.tif,0.8,3.361,0.89,1.248,694,422,107.103,0.918,1.289,0.776,0.896
25717,3U-C-Z1.tif,2.56,7.197,0.621,2.668,575,423,130.815,1.56,1.855,0.539,0.803
25718,3U-C-Z1.tif,3.065,7.067,0.771,2.584,459,429,163.496,1.714,1.507,0.664,0.897
25719,3U-C-Z1.tif,1.71,6.874,0.455,2.062,599,439,32.276,1.433,1.558,0.642,0.806
25720,3U-C-Z1.tif,0.531,2.788,0.858,1.135,744,425,104.036,0.642,1.779,0.562,0.887
25721,3U-C-Z1.tif,3.099,12.125,0.265,4.621,843,431,173.157,1.364,3.789,0.264,0.685
25722,3U-C-Z1.tif,0.867,4.118,0.643,1.436,364,428,116.565,1.101,1.223,0.818,0.786
25723,3U-C-Z1.tif,1.415,6.02,0.491,2.119,203,429,107.65,1.285,1.609,0.622,0.752
25724,3U-C-Z1.tif,0.682,3.361,0.759,1.336,706,438,15.945,0.734,1.984,0.504,0.876
25725,3U-C-Z1.tif,1.474,5.729,0.564,1.892,399,453,75.964,1.101,1.906,0.525,0.835
25726,3U-C-Z1.tif,2.383,7.533,0.528,2.386,626,434,112.62,1.468,1.583,0.632,0.863
25727,3U-C-Z1.tif,1.23,4.431,0.787,1.579,543,438,125.538,1.313,1.224,0.817,0.882
25728,3U-C-Z1.tif,2.813,10.321,0.332,3.564,701,443,145.491,1.815,2.694,0.371,0.602
25729,3U-C-Z1.tif,1.499,4.691,0.856,1.724,416,460,64.799,1.231,1.382,0.724,0.918
25730,3U-C-Z1.tif,0.564,2.788,0.912,1.026,444,443,116.565,0.826,1.202,0.832,0.882
25731,3U-C-Z1.tif,0.943,3.719,0.857,1.425,502,446,165.069,0.985,1.453,0.688,0.896
25732,3U-C-Z1.tif,0.859,4.399,0.558,1.89,578,443,119.055,0.738,2.802,0.357,0.782
25733,3U-C-Z1.tif,1.693,7.219,0.408,2.699,384,445,144.689,1.349,2.635,0.38,0.646
25734,3U-C-Z1.tif,2.088,9.609,0.284,2.668,600,451,153.435,1.575,1.529,0.654,0.655
25735,3U-C-Z1.tif,0.825,4.744,0.461,2.097,150,447,113.199,0.709,3.514,0.285,0.76
25736,3U-C-Z1.tif,2.4,8.862,0.384,3.349,671,447,99.462,1.101,3.046,0.328,0.797
25737,3U-C-Z1.tif,0.539,3.804,0.468,1.48,848,452,150.255,0.741,2.423,0.413,0.688
25738,3U-C-Z1.tif,1.432,6.248,0.461,2.538,636,475,49.399,0.936,3.279,0.305,0.762
25739,3U-C-Z1.tif,0.539,2.94,0.783,1.109,695,453,114.444,0.844,1.385,0.722,0.81
25740,3U-C-Z1.tif,0.893,4.247,0.622,1.765,489,454,117.897,0.9,1.828,0.547,0.819
25741,3U-C-Z1.tif,1.331,4.95,0.682,1.858,517,454,122.905,1.19,1.696,0.59,0.812
25742,3U-C-Z1.tif,1.566,5.782,0.589,1.782,454,458,124.509,1.462,1.347,0.742,0.821
25743,3U-C-Z1.tif,4.034,11.596,0.377,3.64,553,466,146.31,2.491,1.887,0.53,0.627
25744,3U-C-Z1.tif,0.657,3.437,0.699,1.161,292,463,161.565,0.918,1.181,0.847,0.825
25745,3U-C-Z1.tif,2.046,5.836,0.755,2.166,309,484,53.616,1.557,1.352,0.74,0.888
25746,3U-C-Z1.tif,0.632,3.513,0.643,1.398,381,466,113.199,0.756,1.939,0.516,0.789
25747,3U-C-Z1.tif,1.103,4.042,0.849,1.568,372,474,110.556,1.009,1.471,0.68,0.907
25748,3U-C-Z1.tif,1.07,3.751,0.955,1.323,467,476,123.69,1.101,1.164,0.859,0.92
25749,3U-C-Z1.tif,0.514,2.811,0.817,1.074,888,478,109.983,0.739,1.391,0.719,0.853
25750,3U-C-Z1.tif,0.674,3.102,0.88,1.197,498,480,122.471,0.826,1.489,0.672,0.899
25751,3U-C-Z1.tif,2.922,8.083,0.562,2.471,607,483,148.671,1.927,1.17,0.855,0.855
25752,3U-C-Z1.tif,3.587,8.321,0.651,3.286,730,480,144.09,1.854,1.921,0.52,0.866
25753,3U-C-Z1.tif,1.465,7.21,0.354,1.858,704,496,20.225,1.615,1.281,0.781,0.696
25754,3U-C-Z1.tif,0.707,3.048,0.957,1.161,357,482,108.435,0.826,1.314,0.761,0.918
25755,3U-C-Z1.tif,0.733,3.393,0.8,1.398,416,502,66.801,0.734,1.761,0.568,0.906
25756,3U-C-Z1.tif,4,9.891,0.514,3.335,334,489,97.907,2.049,1.779,0.562,0.766
25757,3U-C-Z1.tif,1.347,5.111,0.648,1.858,394,489,122.905,1.212,1.339,0.747,0.833
25758,3U-C-Z1.tif,1.011,4.118,0.749,1.483,639,505,68.199,1.005,1.659,0.603,0.845
25759,3U-C-Z1.tif,2.021,6.57,0.588,2.444,372,494,145.713,1.407,1.727,0.579,0.819
25760,3U-C-Z1.tif,2.703,10.625,0.301,3.859,534,493,115.346,1.477,3.239,0.309,0.584
25761,3U-C-Z1.tif,0.918,3.804,0.797,1.451,469,504,34.695,1.009,1.557,0.642,0.858
25762,3U-C-Z1.tif,0.632,2.864,0.967,1.046,570,495,105.255,0.826,1.183,0.845,0.904
25763,3U-C-Z1.tif,1.566,5.156,0.74,1.89,488,499,150.945,1.295,1.495,0.669,0.849
25764,3U-C-Z1.tif,1.053,6.937,0.275,2.928,190,498,122.196,0.934,4.297,0.233,0.548
25765,3U-C-Z1.tif,0.547,2.766,0.899,1.15,351,498,118.61,0.642,1.662,0.602,0.929
25766,3U-C-Z1.tif,0.766,3.491,0.79,1.377,508,500,126.87,0.908,1.595,0.627,0.897
25767,3U-C-Z1.tif,1.162,6.526,0.343,2.882,159,509,99.162,0.683,4.898,0.204,0.752
25768,3U-C-Z1.tif,0.665,3.415,0.717,1.278,366,522,68.962,0.81,1.732,0.577,0.832
25769,3U-C-Z1.tif,1.381,5.881,0.502,2.359,391,513,103.496,1.044,2.671,0.374,0.759
25770,3U-C-Z1.tif,1.137,4.064,0.865,1.568,450,513,110.556,1.101,1.422,0.703,0.903
25771,3U-C-Z1.tif,0.665,4.086,0.501,1.48,472,522,29.745,0.824,2.272,0.44,0.742
25772,3U-C-Z1.tif,0.615,2.95,0.888,1.109,425,526,65.556,0.734,1.445,0.692,0.918
25773,3U-C-Z1.tif,0.834,3.437,0.887,1.304,581,519,129.289,0.944,1.407,0.711,0.888
25774,3U-C-Z1.tif,1.55,5.814,0.576,2.294,347,520,106.26,1.161,2.084,0.48,0.795
25775,3U-C-Z1.tif,1.693,4.874,0.895,1.714,566,541,74.476,1.364,1.246,0.802,0.922
25776,3U-C-Z1.tif,1.912,5.362,0.836,1.845,410,526,95.711,1.5,1.108,0.902,0.89
25777,3U-C-Z1.tif,0.632,4.722,0.356,1.916,337,527,106.699,0.704,2.881,0.347,0.661
25778,3U-C-Z1.tif,2.476,8.334,0.448,3.16,612,544,25.821,1.364,2.366,0.423,0.778
25779,3U-C-Z1.tif,1.524,5.814,0.567,2.038,510,533,125.838,1.367,1.435,0.697,0.803
25780,3U-C-Z1.tif,1.196,4.561,0.722,1.538,382,550,72.646,1.193,1.397,0.716,0.861
25781,3U-C-Z1.tif,0.968,4.475,0.608,1.584,488,552,79.992,1.059,1.418,0.705,0.785
25782,3U-C-Z1.tif,1.718,7.631,0.371,2.113,437,538,124.38,1.669,1.306,0.765,0.688
25783,3U-C-Z1.tif,0.901,4.82,0.487,1.89,315,540,119.055,0.862,2.766,0.361,0.796
25784,3U-C-Z1.tif,0.539,4.346,0.359,1.964,371,545,127.405,0.511,4.842,0.207,0.703
25785,3U-C-Z1.tif,2.863,10.106,0.352,3.699,412,547,136.005,1.692,3.072,0.325,0.678
25786,3U-C-Z1.tif,0.918,3.599,0.891,1.433,456,547,140.194,0.985,1.471,0.68,0.912
25787,3U-C-Z1.tif,1.979,6.722,0.55,2.393,727,547,122.471,1.477,1.875,0.533,0.739
25788,3U-C-Z1.tif,2.779,7.219,0.67,2.43,665,576,79.114,1.787,1.366,0.732,0.839
25789,3U-C-Z1.tif,2.131,11.511,0.202,3.494,566,560,156.801,1.915,2.268,0.441,0.498
25790,3U-C-Z1.tif,0.943,3.966,0.754,1.603,607,554,103.241,0.826,1.923,0.52,0.903
25791,3U-C-Z1.tif,1.154,4.14,0.846,1.624,352,561,137.291,1.038,1.58,0.633,0.898
25792,3U-C-Z1.tif,0.606,2.94,0.881,1.07,544,568,30.964,0.821,1.351,0.74,0.873
25793,3U-C-Z1.tif,0.531,4.399,0.344,1.235,513,577,41.987,0.972,1.423,0.703,0.597
25794,3U-C-Z1.tif,1.996,8.052,0.387,2.584,555,593,73.496,1.936,1.24,0.806,0.644
25795,3U-C-Z1.tif,0.707,2.972,1,1.07,339,567,120.964,0.918,1.052,0.95,0.949
25796,3U-C-Z1.tif,0.632,4.301,0.429,1.808,212,570,113.962,0.571,4.005,0.25,0.75
25797,3U-C-Z1.tif,8.421,19.824,0.269,8.799,787,583,7.792,1.665,6.372,0.157,0.812
25798,3U-C-Z1.tif,1.827,8.28,0.335,3.121,687,573,114.305,1.181,3.438,0.291,0.728
25799,3U-C-Z1.tif,0.522,2.605,0.967,0.993,607,586,56.31,0.734,1.295,0.772,0.905
25800,3U-C-Z1.tif,5.929,15.746,0.301,4.174,612,604,33.341,2.517,1.972,0.507,0.704
25801,3U-C-Z1.tif,1.339,4.485,0.837,1.568,414,593,69.444,1.285,1.225,0.817,0.906
25802,3U-C-Z1.tif,1.524,4.95,0.782,1.741,461,577,108.435,1.285,1.34,0.746,0.874
25803,3U-C-Z1.tif,3.377,8.387,0.603,2.938,479,578,128.66,1.862,1.509,0.663,0.823
25804,3U-C-Z1.tif,1.339,4.798,0.731,1.892,385,579,112.834,1.101,1.886,0.53,0.888
25805,3U-C-Z1.tif,0.556,3.016,0.768,1.235,331,580,131.987,0.713,1.955,0.512,0.835
25806,3U-C-Z1.tif,1.87,6.646,0.532,2.24,501,581,124.992,1.468,1.404,0.712,0.782
25807,3U-C-Z1.tif,0.648,3.567,0.64,1.323,564,589,146.31,0.875,1.442,0.694,0.778
25808,3U-C-Z1.tif,0.648,3.102,0.847,1.248,718,588,107.103,0.734,1.74,0.575,0.906
25809,3U-C-Z1.tif,0.615,2.918,0.907,1.074,534,602,70.017,0.826,1.205,0.83,0.896
25810,3U-C-Z1.tif,0.817,3.827,0.701,1.377,322,598,143.13,0.967,1.63,0.614,0.782
25811,3U-C-Z1.tif,1.415,4.355,0.937,1.605,357,614,59.036,1.193,1.311,0.763,0.936
25812,3U-C-Z1.tif,0.564,2.864,0.864,1.026,422,598,100.305,0.826,1.192,0.839,0.87
25813,3U-C-Z1.tif,0.775,3.599,0.752,1.433,653,610,50.194,0.944,1.572,0.636,0.84
25814,3U-C-Z1.tif,1.541,8.669,0.258,1.962,439,599,100.784,1.548,1.416,0.706,0.683
25815,3U-C-Z1.tif,0.867,3.643,0.821,1.389,457,617,82.405,0.981,1.411,0.709,0.866
25816,3U-C-Z1.tif,11.512,26.478,0.206,7.138,540,603,98.13,4.476,1.848,0.541,0.526
25817,3U-C-Z1.tif,0.573,3.697,0.527,1.314,737,610,24.775,0.819,2.001,0.5,0.72
25818,3U-C-Z1.tif,0.539,2.811,0.857,1.07,574,617,59.036,0.779,1.445,0.692,0.865
25819,3U-C-Z1.tif,4.505,12.429,0.367,4.652,378,609,104.859,1.847,2.83,0.353,0.767
25820,3U-C-Z1.tif,1.255,6.127,0.42,2.097,476,613,113.199,1.215,2.176,0.46,0.698
25821,3U-C-Z1.tif,1.895,6.906,0.499,2.56,520,613,104.534,1.505,1.937,0.516,0.735
25822,3U-C-Z1.tif,0.505,2.497,1,0.958,593,623,73.301,0.734,1.242,0.805,0.902
25823,3U-C-Z1.tif,1.735,7.457,0.392,2.962,154,648,73.811,1.116,3.837,0.261,0.705
25824,3U-C-Z1.tif,0.606,4.01,0.474,1.538,659,639,72.646,0.797,2.272,0.44,0.699
25825,3U-C-Z1.tif,6.341,18.512,0.233,6.338,305,625,92.49,2.073,3.647,0.274,0.666
25826,3U-C-Z1.tif,0.531,3.437,0.564,1.336,914,640,74.055,0.642,2.312,0.433,0.759
25827,3U-C-Z1.tif,1.491,5.026,0.741,1.763,426,645,51.34,1.272,1.483,0.674,0.866
25828,3U-C-Z1.tif,1.288,4.27,0.888,1.494,492,648,79.38,1.233,1.212,0.825,0.911
25829,3U-C-Z1.tif,1.482,4.744,0.827,1.692,362,634,139.399,1.267,1.404,0.712,0.889
25830,3U-C-Z1.tif,1.011,4.453,0.64,1.56,180,649,61.928,1.024,1.743,0.574,0.797
25831,3U-C-Z1.tif,0.674,3.545,0.674,1.355,413,647,61.699,0.818,1.536,0.651,0.825
25832,3U-C-Z1.tif,1.221,5.317,0.543,1.634,504,635,128.157,1.377,1.246,0.802,0.765
25833,3U-C-Z1.tif,0.867,4.614,0.512,1.654,709,647,33.69,1.006,2.164,0.462,0.691
25834,3U-C-Z1.tif,1.659,8.441,0.293,2.279,601,640,130.101,1.537,1.473,0.679,0.639
25835,3U-C-Z1.tif,1.794,7.349,0.417,2.532,690,639,133.531,1.364,2.441,0.41,0.664
25836,3U-C-Z1.tif,1.954,6.928,0.511,2.496,256,639,126.027,1.322,2.099,0.476,0.747
25837,3U-C-Z1.tif,0.522,2.712,0.892,1.07,437,650,59.036,0.734,1.516,0.659,0.912
25838,3U-C-Z1.tif,3.419,9.251,0.502,3.426,659,679,82.304,1.631,2.134,0.469,0.819
25839,3U-C-Z1.tif,1.322,6.982,0.341,2.013,746,642,114.228,1.624,1.232,0.812,0.591
25840,3U-C-Z1.tif,2.232,7.197,0.541,2.506,467,647,113.749,1.509,1.761,0.568,0.784
25841,3U-C-Z1.tif,1.339,5.501,0.556,1.782,631,663,55.491,1.377,1.27,0.787,0.839
25842,3U-C-Z1.tif,0.749,6.378,0.232,1.763,231,663,38.66,1.193,1.639,0.61,0.513
25843,3U-C-Z1.tif,0.682,3.048,0.923,1.175,675,652,141.34,0.862,1.299,0.77,0.9
25844,3U-C-Z1.tif,0.716,3.07,0.954,1.116,359,653,99.462,0.918,1.192,0.839,0.895
25845,3U-C-Z1.tif,0.766,3.361,0.852,1.224,423,671,77.005,0.918,1.298,0.77,0.888
25846,3U-C-Z1.tif,3.133,7.533,0.694,2.761,372,659,105.422,1.652,1.594,0.627,0.876
25847,3U-C-Z1.tif,1.39,5.134,0.663,1.835,591,660,126.87,1.254,1.633,0.612,0.811
25848,3U-C-Z1.tif,0.682,3.415,0.735,1.336,677,666,105.945,0.78,1.659,0.603,0.835
25849,3U-C-Z1.tif,4.194,13.119,0.306,4.808,618,667,113.629,2.242,2.49,0.402,0.607
25850,3U-C-Z1.tif,1.23,4.691,0.702,1.714,349,686,74.476,1.149,1.602,0.624,0.818
25851,3U-C-Z1.tif,1.954,8.862,0.313,2.113,486,669,124.38,1.705,1.212,0.825,0.725
25852,3U-C-Z1.tif,0.632,3.956,0.507,1.336,458,678,15.945,0.918,1.606,0.623,0.694
25853,3U-C-Z1.tif,0.657,3.146,0.834,1.175,359,680,128.66,0.779,1.559,0.642,0.857
25854,3U-C-Z1.tif,0.968,5.232,0.445,2.052,523,691,26.565,0.903,2.874,0.348,0.706
25855,3U-C-Z1.tif,1.474,5.317,0.655,1.977,667,695,21.801,1.316,1.65,0.606,0.808
25856,3U-C-Z1.tif,0.8,3.782,0.703,1.626,270,705,73.61,0.694,2.544,0.393,0.888
25857,3U-C-Z1.tif,0.648,3.773,0.572,1.278,556,694,158.962,0.856,1.892,0.529,0.73
25858,3U-C-Z1.tif,0.758,3.254,0.9,1.224,393,692,102.995,0.908,1.331,0.752,0.905
25859,3U-C-Z1.tif,2.779,8.128,0.529,3.078,445,706,10.305,1.424,2.724,0.367,0.771
25860,3U-C-Z1.tif,0.867,4.874,0.459,1.568,520,705,20.556,1.009,1.773,0.564,0.71
25861,3U-C-Z1.tif,0.935,3.804,0.812,1.336,662,697,105.945,0.976,1.483,0.674,0.871
25862,3U-C-Z1.tif,1.768,7.618,0.383,2.35,337,718,51.34,1.589,1.545,0.647,0.705
25863,3U-C-Z1.tif,1.179,4.431,0.755,1.568,570,714,69.444,1.084,1.539,0.65,0.895
25864,3U-C-Z1.tif,1.28,4.561,0.773,1.782,373,701,145.491,1.116,1.728,0.579,0.854
25865,3U-C-Z1.tif,0.522,3.697,0.48,1.336,588,699,105.945,0.725,2.532,0.395,0.663
25866,3U-C-Z1.tif,0.531,3.307,0.609,1.248,596,711,53.973,0.771,1.709,0.585,0.792
25867,3U-C-Z1.tif,2.425,6.226,0.786,1.964,501,708,142.595,1.798,1.127,0.887,0.896
25868,3U-C-Z1.tif,0.8,3.361,0.89,1.278,425,713,21.038,0.918,1.456,0.687,0.892
25869,3U-C-Z1.tif,1.044,3.751,0.933,1.278,398,709,111.038,1.193,1.04,0.962,0.905
25870,3U-C-Z2.tif,0.73,3.561,0.724,1.355,286,43,75.256,0.74,1.769,0.565,0.936
25871,3U-C-Z2.tif,0.439,3.829,0.376,1.211,783,7,109.983,0.664,2.193,0.456,0.671
25872,3U-C-Z2.tif,0.328,3.359,0.366,1.112,959,26,29.745,0.663,1.76,0.568,0.615
25873,3U-C-Z2.tif,0.564,2.899,0.842,1.082,544,38,30.651,0.78,1.309,0.764,0.919
25874,3U-C-Z2.tif,0.455,3.046,0.617,1.225,809,35,32.347,0.622,1.954,0.512,0.875
25875,3U-C-Z2.tif,0.212,2.262,0.52,0.895,177,18,105.642,0.379,2.616,0.382,0.784
25876,3U-C-Z2.tif,0.47,3.33,0.532,1.215,301,18,124.592,0.717,1.911,0.523,0.778
25877,3U-C-Z2.tif,0.254,2.598,0.474,1.123,349,18,100.62,0.364,3.767,0.265,0.844
25878,3U-C-Z2.tif,2.012,8.808,0.326,2.944,638,64,13.548,1.623,2.368,0.422,0.588
25879,3U-C-Z2.tif,0.436,2.497,0.879,0.834,856,43,60.255,0.709,1.104,0.906,0.941
25880,3U-C-Z2.tif,0.48,3.513,0.489,1.283,491,64,59.3,0.684,2.007,0.498,0.781
25881,3U-C-Z2.tif,0.309,2.27,0.754,0.782,740,33,131.424,0.561,1.405,0.712,0.877
25882,3U-C-Z2.tif,1.868,5.965,0.66,2.015,55,34,96.882,1.5,1.343,0.744,0.909
25883,3U-C-Z2.tif,0.631,3.858,0.533,1.441,594,73,68.962,0.796,1.701,0.588,0.836
25884,3U-C-Z2.tif,0.241,1.897,0.843,0.698,137,55,32.905,0.456,1.553,0.644,0.906
25885,3U-C-Z2.tif,2.136,7.672,0.456,2.426,833,109,84.289,1.778,1.439,0.695,0.806
25886,3U-C-Z2.tif,0.206,2.592,0.385,0.744,859,52,13.392,0.483,1.66,0.603,0.749
25887,3U-C-Z2.tif,0.271,2.79,0.438,0.92,910,71,77.005,0.473,2.181,0.459,0.785
25888,3U-C-Z2.tif,0.308,2.644,0.554,0.986,297,47,126.469,0.622,1.816,0.551,0.817
25889,3U-C-Z2.tif,0.382,3.752,0.341,1.246,577,50,94.764,0.529,2.506,0.399,0.773
25890,3U-C-Z2.tif,1.024,4.332,0.685,1.481,461,95,62.241,1.022,1.519,0.658,0.888
25891,3U-C-Z2.tif,0.623,4.549,0.378,1.236,504,92,67.011,0.828,1.578,0.634,0.76
25892,3U-C-Z2.tif,0.824,4.739,0.461,1.562,235,62,112.036,0.883,1.511,0.662,0.821
25893,3U-C-Z2.tif,0.316,2.647,0.567,1.029,85,92,76.43,0.483,1.917,0.522,0.826
25894,3U-C-Z2.tif,0.332,2.592,0.621,0.812,327,63,102.265,0.628,1.288,0.776,0.832
25895,3U-C-Z2.tif,1.78,9.364,0.255,2.918,586,134,54.62,1.265,2.535,0.395,0.707
25896,3U-C-Z2.tif,0.306,2.506,0.612,0.862,931,69,143.13,0.614,1.53,0.653,0.806
25897,3U-C-Z2.tif,0.396,2.92,0.584,1.047,275,77,162.759,0.565,1.949,0.513,0.813
25898,3U-C-Z2.tif,0.25,2.534,0.489,0.973,666,71,157.068,0.429,2.828,0.354,0.742
25899,3U-C-Z2.tif,1.049,3.85,0.889,1.281,542,107,66.194,1.141,1.068,0.936,0.95
25900,3U-C-Z2.tif,0.227,1.9,0.79,0.746,639,94,56.31,0.452,1.66,0.602,0.901
25901,3U-C-Z2.tif,0.61,4.179,0.439,1.146,372,92,6.911,0.838,1.427,0.701,0.845
25902,3U-C-Z2.tif,0.434,2.627,0.79,1.014,784,76,107.819,0.585,1.693,0.591,0.934
25903,3U-C-Z2.tif,0.378,2.693,0.655,1.102,656,77,110.136,0.621,1.693,0.591,0.875
25904,3U-C-Z2.tif,0.697,5.686,0.271,2.152,83,143,68.369,0.878,3.018,0.331,0.63
25905,3U-C-Z2.tif,0.755,4.711,0.428,1.368,272,90,146.31,0.941,1.634,0.612,0.769
25906,3U-C-Z2.tif,0.213,1.783,0.842,0.67,27,95,11.889,0.448,1.366,0.732,0.918
25907,3U-C-Z2.tif,0.276,2.437,0.584,0.82,726,90,112.249,0.602,1.395,0.717,0.797
25908,3U-C-Z2.tif,2.881,12.121,0.246,2.994,122,95,144.846,1.919,1.461,0.685,0.729
25909,3U-C-Z2.tif,0.647,3.261,0.764,1.051,199,99,138.991,0.873,1.245,0.803,0.91
25910,3U-C-Z2.tif,0.565,3.781,0.497,1.288,749,131,74.476,0.707,2.115,0.473,0.783
25911,3U-C-Z2.tif,0.205,2.396,0.448,1,993,117,46.397,0.389,2.673,0.374,0.77
25912,3U-C-Z2.tif,0.231,2.087,0.665,0.848,639,100,153.435,0.402,2.293,0.436,0.853
25913,3U-C-Z2.tif,0.444,3.728,0.401,1.322,234,106,97.496,0.594,2.344,0.427,0.786
25914,3U-C-Z2.tif,0.225,1.961,0.734,0.759,356,125,39.472,0.478,1.602,0.624,0.909
25915,3U-C-Z2.tif,0.332,3.322,0.378,1.07,622,139,69.228,0.561,2.302,0.434,0.732
25916,3U-C-Z2.tif,0.232,1.998,0.73,0.794,793,110,124.38,0.458,1.897,0.527,0.869
25917,3U-C-Z2.tif,0.265,3.643,0.251,1.014,311,121,17.819,0.605,2.048,0.488,0.541
25918,3U-C-Z2.tif,0.76,3.517,0.772,1.318,785,112,96.009,0.828,1.572,0.636,0.938
25919,3U-C-Z2.tif,0.794,6.754,0.219,2.26,961,178,68.523,0.798,3.604,0.277,0.638
25920,3U-C-Z2.tif,0.384,3.399,0.418,1.123,638,146,42.51,0.707,1.49,0.671,0.791
25921,3U-C-Z2.tif,0.22,3.375,0.243,1.082,264,122,112.479,0.548,2.716,0.368,0.492
25922,3U-C-Z2.tif,1.687,7.529,0.374,2.545,852,131,144.372,1.146,2.755,0.363,0.743
25923,3U-C-Z2.tif,0.644,3.106,0.839,1.114,358,128,111.801,0.825,1.354,0.739,0.936
25924,3U-C-Z2.tif,0.369,3.439,0.392,0.883,530,148,51.34,0.616,1.398,0.715,0.806
25925,3U-C-Z2.tif,0.373,4.711,0.211,1.352,749,143,127.747,0.825,1.924,0.52,0.448
25926,3U-C-Z2.tif,2.57,12.59,0.204,2.596,567,204,39.611,1.916,1.279,0.782,0.756
25927,3U-C-Z2.tif,0.644,4.98,0.327,1.322,183,190,74.876,0.825,1.761,0.568,0.703
25928,3U-C-Z2.tif,0.379,2.526,0.747,0.887,666,178,76.504,0.629,1.451,0.689,0.891
25929,3U-C-Z2.tif,1.345,5.076,0.656,1.78,522,187,35.538,1.178,1.48,0.676,0.86
25930,3U-C-Z2.tif,0.271,2.38,0.602,0.794,118,175,34.38,0.571,1.374,0.728,0.849
25931,3U-C-Z2.tif,1.132,4.349,0.752,1.467,711,162,119.578,1.172,1.133,0.883,0.912
25932,3U-C-Z2.tif,1.287,4.3,0.874,1.4,844,161,99.926,1.27,1.06,0.944,0.95
25933,3U-C-Z2.tif,0.345,3.569,0.34,0.966,262,190,55.176,0.805,1.422,0.703,0.626
25934,3U-C-Z2.tif,0.27,1.937,0.904,0.697,976,174,171.469,0.552,1.184,0.844,0.923
25935,3U-C-Z2.tif,0.221,2.408,0.479,0.932,287,191,38.991,0.401,2.637,0.379,0.823
25936,3U-C-Z2.tif,0.268,2.672,0.471,0.743,197,195,68.199,0.631,1.079,0.927,0.78
25937,3U-C-Z2.tif,0.246,2.681,0.43,0.899,119,177,147.529,0.526,1.934,0.517,0.69
25938,3U-C-Z2.tif,0.356,2.233,0.896,0.786,341,207,74.745,0.614,1.266,0.79,0.93
25939,3U-C-Z2.tif,0.313,2.331,0.723,0.82,153,207,14.621,0.524,1.75,0.572,0.854
25940,3U-C-Z2.tif,0.52,2.701,0.895,0.975,231,222,81.87,0.727,1.344,0.744,0.938
25941,3U-C-Z2.tif,1.841,8.898,0.292,2.691,960,265,59.162,1.393,2.225,0.45,0.676
25942,3U-C-Z2.tif,0.22,2.957,0.316,0.711,21,202,104.036,0.585,1.048,0.954,0.685
25943,3U-C-Z2.tif,0.453,3.407,0.49,1.13,866,203,121.264,0.663,1.868,0.535,0.76
25944,3U-C-Z2.tif,0.323,3.078,0.429,1.119,775,222,33.69,0.723,1.707,0.586,0.664
25945,3U-C-Z2.tif,0.385,3.602,0.373,1.288,809,243,74.476,0.474,2.843,0.352,0.775
25946,3U-C-Z2.tif,1.061,4.26,0.734,1.621,823,252,66.161,0.955,1.899,0.527,0.926
25947,3U-C-Z2.tif,0.385,2.615,0.708,1.047,675,241,72.759,0.586,1.855,0.539,0.894
25948,3U-C-Z2.tif,1.033,4.401,0.67,1.461,938,254,70.71,1,1.509,0.663,0.898
25949,3U-C-Z2.tif,0.372,3.11,0.484,1.322,916,255,82.504,0.447,3.303,0.303,0.848
25950,3U-C-Z2.tif,1.732,7.375,0.4,2.472,493,280,59.859,1.181,2.069,0.483,0.785
25951,3U-C-Z2.tif,0.321,2.144,0.877,0.731,581,221,160.71,0.646,1.041,0.961,0.929
25952,3U-C-Z2.tif,0.663,4.727,0.373,1.684,473,262,55.008,0.91,1.727,0.579,0.705
25953,3U-C-Z2.tif,3.429,11.043,0.353,3.5,749,222,124.16,1.771,2.244,0.446,0.743
25954,3U-C-Z2.tif,3.088,9.408,0.438,2.768,826,290,39.44,1.814,1.498,0.667,0.878
25955,3U-C-Z2.tif,0.364,2.652,0.65,1.035,36,224,119.982,0.53,1.967,0.508,0.862
25956,3U-C-Z2.tif,0.474,2.713,0.81,0.932,628,242,38.991,0.745,1.211,0.825,0.908
25957,3U-C-Z2.tif,0.229,3.002,0.32,1.073,91,229,135,0.457,3.236,0.309,0.598
25958,3U-C-Z2.tif,1.101,4.516,0.679,1.604,17,230,98.653,0.99,1.57,0.637,0.914
25959,3U-C-Z2.tif,0.43,3.542,0.431,1.123,214,251,17.879,0.693,1.798,0.556,0.706
25960,3U-C-Z2.tif,1.754,9.568,0.241,3.082,265,234,139.538,1.641,2.46,0.407,0.518
25961,3U-C-Z2.tif,0.539,2.773,0.88,1.024,591,252,32.619,0.756,1.346,0.743,0.937
25962,3U-C-Z2.tif,0.838,3.687,0.775,1.236,81,236,112.989,0.97,1.315,0.761,0.915
25963,3U-C-Z2.tif,0.279,2.027,0.855,0.753,391,246,164.055,0.517,1.415,0.707,0.922
25964,3U-C-Z2.tif,0.57,3.37,0.63,1.206,550,275,59.036,0.706,1.77,0.565,0.866
25965,3U-C-Z2.tif,1.625,5.661,0.637,2.009,654,288,34.509,1.257,1.727,0.579,0.876
25966,3U-C-Z2.tif,0.463,4.773,0.255,1.231,221,264,11.31,0.732,1.904,0.525,0.666
25967,3U-C-Z2.tif,0.356,2.506,0.712,0.899,588,267,4.399,0.644,1.278,0.783,0.854
25968,3U-C-Z2.tif,0.639,4.707,0.362,1.09,440,268,124.695,0.95,1.146,0.872,0.8
25969,3U-C-Z2.tif,2.065,9.173,0.308,2.345,506,281,151.928,1.582,1.643,0.609,0.736
25970,3U-C-Z2.tif,0.54,3.728,0.488,1.246,683,293,41.634,0.691,2,0.5,0.723
25971,3U-C-Z2.tif,0.331,3.192,0.408,1.123,80,271,132.51,0.588,2.358,0.424,0.723
25972,3U-C-Z2.tif,0.637,4.073,0.483,1.219,56,307,81.87,0.97,1.227,0.815,0.82
25973,3U-C-Z2.tif,0.379,2.566,0.724,1.015,1006,274,99.782,0.507,2.066,0.484,0.904
25974,3U-C-Z2.tif,0.794,4.203,0.565,1.594,212,296,21.571,0.799,2.029,0.493,0.871
25975,3U-C-Z2.tif,1.35,4.524,0.829,1.447,615,275,102.381,1.271,1.149,0.87,0.939
25976,3U-C-Z2.tif,0.446,2.575,0.845,0.895,378,277,105.642,0.708,1.263,0.792,0.916
25977,3U-C-Z2.tif,0.391,3.476,0.407,1.167,924,299,34.16,0.629,2.101,0.476,0.713
25978,3U-C-Z2.tif,1.41,5.735,0.539,1.671,856,331,68.199,1.24,1.413,0.708,0.908
25979,3U-C-Z2.tif,0.333,2.566,0.635,0.865,577,300,23.499,0.683,1.244,0.804,0.797
25980,3U-C-Z2.tif,0.523,4.231,0.367,1.767,726,290,162.979,0.513,4.301,0.233,0.75
25981,3U-C-Z2.tif,0.458,3.338,0.516,1.055,172,292,101.31,0.68,1.873,0.534,0.787
25982,3U-C-Z2.tif,0.912,3.703,0.836,1.215,245,305,145.408,1,1.161,0.862,0.939
25983,3U-C-Z2.tif,0.993,3.935,0.806,1.429,82,301,98.326,0.994,1.417,0.706,0.94
25984,3U-C-Z2.tif,0.728,3.769,0.644,1.407,574,304,143.973,0.775,1.644,0.608,0.891
25985,3U-C-Z2.tif,1.315,5.35,0.577,1.929,406,355,65.726,1.126,1.979,0.505,0.86
25986,3U-C-Z2.tif,0.331,4.228,0.232,1.09,136,335,71.565,0.653,1.713,0.584,0.653
25987,3U-C-Z2.tif,1.667,6.786,0.455,2.083,690,366,83.346,1.437,1.795,0.557,0.784
25988,3U-C-Z2.tif,0.797,4.563,0.481,1.928,501,362,79.695,0.629,3.199,0.313,0.87
25989,3U-C-Z2.tif,0.385,2.928,0.565,1.014,452,316,162.181,0.581,1.612,0.62,0.848
25990,3U-C-Z2.tif,0.203,2.368,0.456,0.91,626,332,52.696,0.512,2.073,0.482,0.713
25991,3U-C-Z2.tif,0.446,4.329,0.299,1.095,312,325,151.821,0.918,1.171,0.854,0.622
25992,3U-C-Z2.tif,0.227,3.16,0.286,0.862,37,316,126.87,0.645,1.41,0.709,0.618
25993,3U-C-Z2.tif,0.41,2.888,0.618,0.938,727,335,36.027,0.678,1.548,0.646,0.804
25994,3U-C-Z2.tif,1.055,6.734,0.292,1.732,787,325,144.728,1.231,1.454,0.688,0.675
25995,3U-C-Z2.tif,0.25,3.359,0.278,0.857,372,322,130.101,0.583,1.436,0.697,0.739
25996,3U-C-Z2.tif,0.603,3.338,0.68,1.347,537,333,177.064,0.652,2.043,0.489,0.911
25997,3U-C-Z2.tif,0.927,4.642,0.541,1.604,526,333,115.463,1.069,1.304,0.767,0.836
25998,3U-C-Z2.tif,0.202,2.193,0.528,0.947,657,334,123.111,0.364,3.077,0.325,0.808
25999,3U-C-Z2.tif,0.71,4.134,0.522,1.238,870,371,77.125,0.986,1.401,0.714,0.823
26000,3U-C-Z2.tif,0.711,6.384,0.219,2.057,285,337,103.57,0.719,3.572,0.28,0.655
26001,3U-C-Z2.tif,0.253,2.21,0.652,0.718,106,340,125.218,0.548,1.217,0.822,0.847
26002,3U-C-Z2.tif,0.654,3.476,0.68,1.283,440,339,120.7,0.849,1.463,0.683,0.899
26003,3U-C-Z2.tif,1.957,5.632,0.775,2.053,908,342,97.722,1.31,1.499,0.667,0.953
26004,3U-C-Z2.tif,0.524,3.041,0.713,0.987,725,356,155.225,0.759,1.129,0.886,0.883
26005,3U-C-Z2.tif,0.551,3.216,0.669,1.171,408,356,137.386,0.797,1.244,0.804,0.878
26006,3U-C-Z2.tif,0.281,2.847,0.435,1.005,971,364,174.094,0.484,2.365,0.423,0.726
26007,3U-C-Z2.tif,0.458,2.716,0.78,1.037,618,354,105.422,0.582,1.794,0.557,0.939
26008,3U-C-Z2.tif,0.202,1.864,0.731,0.771,942,356,100.305,0.345,2.381,0.42,0.909
26009,3U-C-Z2.tif,0.775,4.105,0.578,1.283,561,389,53.746,0.886,1.515,0.66,0.84
26010,3U-C-Z2.tif,0.541,3.143,0.688,1.071,183,392,75.069,0.724,1.543,0.648,0.899
26011,3U-C-Z2.tif,0.411,3.241,0.492,1.024,334,363,122.619,0.668,1.821,0.549,0.746
26012,3U-C-Z2.tif,0.549,4.277,0.377,1.134,466,400,70.463,0.846,1.237,0.809,0.789
26013,3U-C-Z2.tif,0.379,2.314,0.89,0.833,376,395,65.556,0.621,1.241,0.806,0.954
26014,3U-C-Z2.tif,2.653,8.418,0.47,2.498,505,390,159.814,1.707,1.424,0.702,0.841
26015,3U-C-Z2.tif,0.603,3.833,0.516,1.459,788,376,96.789,0.609,2.627,0.381,0.829
26016,3U-C-Z2.tif,0.229,3.258,0.272,0.788,730,400,66.801,0.576,1.619,0.618,0.671
26017,3U-C-Z2.tif,0.284,3.416,0.306,0.865,811,403,85.426,0.724,1.234,0.81,0.639
26018,3U-C-Z2.tif,0.478,5.154,0.226,1.151,49,383,98.616,0.828,1.442,0.694,0.681
26019,3U-C-Z2.tif,0.222,2.27,0.542,0.808,746,402,50.194,0.52,1.471,0.68,0.782
26020,3U-C-Z2.tif,1.825,5.104,0.88,1.746,408,385,99.09,1.414,1.238,0.808,0.962
26021,3U-C-Z2.tif,0.262,1.949,0.865,0.737,84,387,100.784,0.483,1.547,0.646,0.924
26022,3U-C-Z2.tif,0.415,3.643,0.393,1.083,561,394,170.838,0.655,1.8,0.556,0.769
26023,3U-C-Z2.tif,0.246,2.42,0.528,0.973,843,414,67.068,0.392,2.61,0.383,0.841
26024,3U-C-Z2.tif,0.282,3.424,0.302,1.123,127,417,42.51,0.593,2.045,0.489,0.631
26025,3U-C-Z2.tif,0.24,3.281,0.28,1.203,580,415,27.3,0.514,3.378,0.296,0.531
26026,3U-C-Z2.tif,0.845,4.776,0.466,1.941,8,396,123.408,0.72,2.799,0.357,0.85
26027,3U-C-Z2.tif,0.205,1.791,0.801,0.718,935,400,144.782,0.411,1.839,0.544,0.894
26028,3U-C-Z2.tif,0.823,3.944,0.665,1.322,478,443,74.876,1.024,1.415,0.707,0.859
26029,3U-C-Z2.tif,0.656,3.964,0.525,1.464,647,407,133.091,0.704,2.172,0.46,0.845
26030,3U-C-Z2.tif,0.486,3.229,0.586,1.366,152,438,42.955,0.51,2.724,0.367,0.894
26031,3U-C-Z2.tif,0.466,3.643,0.441,1.313,597,413,166.329,0.578,2.315,0.432,0.805
26032,3U-C-Z2.tif,0.339,2.259,0.835,0.82,355,437,75.379,0.571,1.404,0.712,0.913
26033,3U-C-Z2.tif,0.541,2.923,0.796,0.959,745,415,127.694,0.828,1.144,0.874,0.926
26034,3U-C-Z2.tif,0.304,3.216,0.37,1.199,892,414,108.435,0.532,2.998,0.334,0.683
26035,3U-C-Z2.tif,0.245,1.831,0.918,0.67,923,415,124.509,0.536,1.248,0.802,0.934
26036,3U-C-Z2.tif,0.227,2.096,0.65,0.71,958,437,60.945,0.483,1.26,0.794,0.851
26037,3U-C-Z2.tif,0.209,2.879,0.317,1.113,129,422,106.189,0.339,3.723,0.269,0.717
26038,3U-C-Z2.tif,0.373,2.729,0.63,1.065,165,451,60.945,0.545,1.927,0.519,0.858
26039,3U-C-Z2.tif,0.458,3.643,0.434,1.225,366,458,57.653,0.677,2.231,0.448,0.677
26040,3U-C-Z2.tif,0.25,1.958,0.819,0.771,108,427,116.565,0.463,1.75,0.571,0.907
26041,3U-C-Z2.tif,1.322,6.322,0.416,2.031,694,435,139.821,1.226,1.365,0.733,0.744
26042,3U-C-Z2.tif,0.545,3.395,0.594,1.298,620,433,140.389,0.644,2.032,0.492,0.856
26043,3U-C-Z2.tif,4.231,16.299,0.2,4.264,254,469,161.125,2.709,1.598,0.626,0.581
26044,3U-C-Z2.tif,0.289,3.347,0.324,1.134,499,441,160.463,0.498,2.865,0.349,0.583
26045,3U-C-Z2.tif,1.649,6.806,0.447,2.305,761,482,21.961,1.295,1.944,0.514,0.809
26046,3U-C-Z2.tif,0.414,2.607,0.765,0.905,742,443,107.745,0.709,1.271,0.787,0.929
26047,3U-C-Z2.tif,0.365,2.334,0.842,0.895,36,446,105.642,0.517,1.656,0.604,0.952
26048,3U-C-Z2.tif,1.637,6.283,0.521,1.81,598,496,72.255,1.337,1.234,0.81,0.865
26049,3U-C-Z2.tif,0.429,3.407,0.465,1.142,651,469,28.887,0.611,1.862,0.537,0.788
26050,3U-C-Z2.tif,0.215,2.4,0.47,0.899,902,452,94.399,0.483,2.092,0.478,0.704
26051,3U-C-Z2.tif,0.445,4.248,0.31,1.311,371,488,54.638,0.683,2.075,0.482,0.733
26052,3U-C-Z2.tif,0.516,3.16,0.649,1.053,526,483,58.392,0.802,1.402,0.713,0.857
26053,3U-C-Z2.tif,0.326,2.36,0.735,0.852,826,462,148.241,0.543,1.656,0.604,0.881
26054,3U-C-Z2.tif,0.226,2.529,0.444,0.954,141,489,77.471,0.431,3.335,0.3,0.709
26055,3U-C-Z2.tif,1.018,5.612,0.406,1.874,198,475,167.242,0.934,2.008,0.498,0.786
26056,3U-C-Z2.tif,0.359,2.761,0.592,0.976,394,468,122.005,0.627,1.64,0.61,0.817
26057,3U-C-Z2.tif,1.083,7.817,0.223,2.347,468,536,79.846,1.004,3.023,0.331,0.604
26058,3U-C-Z2.tif,2.094,9.664,0.282,2.659,849,475,123.896,1.46,1.943,0.515,0.744
26059,3U-C-Z2.tif,0.521,2.899,0.779,1.033,647,484,154.29,0.77,1.307,0.765,0.905
26060,3U-C-Z2.tif,1.202,4.751,0.669,1.746,691,532,80.91,1.012,1.781,0.562,0.902
26061,3U-C-Z2.tif,1.935,10.412,0.224,2.907,926,489,131.634,1.589,1.475,0.678,0.67
26062,3U-C-Z2.tif,0.308,2.136,0.848,0.812,174,483,102.265,0.517,1.586,0.631,0.917
26063,3U-C-Z2.tif,0.416,3.058,0.559,1.062,426,485,144.246,0.697,1.372,0.729,0.84
26064,3U-C-Z2.tif,0.364,2.908,0.541,0.966,509,489,124.824,0.687,1.535,0.652,0.794
26065,3U-C-Z2.tif,0.266,1.949,0.881,0.738,567,491,142.595,0.532,1.406,0.711,0.929
26066,3U-C-Z2.tif,0.788,4.771,0.435,1.437,768,492,149.744,0.881,1.881,0.532,0.779
26067,3U-C-Z2.tif,0.634,3.253,0.753,1.148,196,519,32.735,0.927,1.181,0.846,0.931
26068,3U-C-Z2.tif,2.321,7.423,0.529,2.804,378,506,163.571,1.505,1.937,0.516,0.842
26069,3U-C-Z2.tif,0.203,2.649,0.364,0.756,633,501,155.772,0.446,1.806,0.554,0.731
26070,3U-C-Z2.tif,0.667,3.512,0.68,1.374,760,498,107.526,0.664,2.175,0.46,0.922
26071,3U-C-Z2.tif,0.205,2.428,0.436,0.852,251,518,21.371,0.502,2.045,0.489,0.623
26072,3U-C-Z2.tif,1.089,5.513,0.45,1.616,716,505,123.69,1.022,1.506,0.664,0.868
26073,3U-C-Z2.tif,0.314,2.173,0.836,0.731,489,508,98.13,0.615,1.169,0.855,0.907
26074,3U-C-Z2.tif,0.238,2.331,0.55,0.862,319,533,73.74,0.483,1.909,0.524,0.82
26075,3U-C-Z2.tif,1.583,9.27,0.231,3.053,563,509,138.205,1.198,2.951,0.339,0.54
26076,3U-C-Z2.tif,0.327,2.997,0.457,1.007,220,515,141.953,0.706,1.513,0.661,0.752
26077,3U-C-Z2.tif,0.295,3.298,0.341,1.204,819,536,23.629,0.523,2.75,0.364,0.603
26078,3U-C-Z2.tif,0.574,5.219,0.265,1.531,345,528,104.349,0.883,1.745,0.573,0.637
26079,3U-C-Z2.tif,2.125,5.819,0.789,1.968,837,585,78.887,1.5,1.321,0.757,0.95
26080,3U-C-Z2.tif,0.201,2.254,0.497,0.8,472,536,172.569,0.383,2.54,0.394,0.744
26081,3U-C-Z2.tif,1.537,4.869,0.815,1.759,270,585,61.928,1.203,1.475,0.678,0.958
26082,3U-C-Z2.tif,0.281,2.741,0.469,0.938,766,543,162.897,0.593,1.986,0.504,0.72
26083,3U-C-Z2.tif,1.134,4.894,0.595,1.745,187,540,108.435,0.879,2.112,0.473,0.9
26084,3U-C-Z2.tif,0.722,3.554,0.718,1.112,212,546,172.875,0.902,1.184,0.844,0.918
26085,3U-C-Z2.tif,1.027,5.657,0.403,2.248,697,541,122.471,0.811,2.97,0.337,0.767
26086,3U-C-Z2.tif,0.394,2.75,0.654,0.928,882,565,58.671,0.63,1.443,0.693,0.856
26087,3U-C-Z2.tif,0.423,2.693,0.734,0.941,86,543,98.427,0.69,1.203,0.831,0.881
26088,3U-C-Z2.tif,0.779,4.061,0.593,1.283,493,559,6.17,0.966,1.262,0.792,0.85
26089,3U-C-Z2.tif,0.522,3.253,0.62,1.207,674,546,126.87,0.758,1.553,0.644,0.862
26090,3U-C-Z2.tif,0.438,4.561,0.264,1.815,754,549,128.83,0.523,4.069,0.246,0.632
26091,3U-C-Z2.tif,0.757,4.332,0.507,1.45,939,588,61.607,0.878,1.904,0.525,0.802
26092,3U-C-Z2.tif,0.568,3.797,0.495,1.347,306,602,76.675,0.698,2.284,0.438,0.752
26093,3U-C-Z2.tif,0.383,3.432,0.408,1.074,98,588,42.397,0.703,1.79,0.559,0.708
26094,3U-C-Z2.tif,0.341,4.021,0.265,1.049,379,584,9.462,0.722,1.121,0.892,0.672
26095,3U-C-Z2.tif,1.384,6.177,0.456,1.99,539,566,117.897,1.345,1.527,0.655,0.755
26096,3U-C-Z2.tif,1.327,6.909,0.349,2.495,860,627,49.485,0.81,3.629,0.276,0.76
26097,3U-C-Z2.tif,0.856,3.878,0.715,1.449,460,570,128.234,0.868,1.7,0.588,0.905
26098,3U-C-Z2.tif,0.553,3.326,0.628,1.005,226,600,59.036,0.833,1.223,0.818,0.882
26099,3U-C-Z2.tif,3.149,13.13,0.23,3.415,638,591,144.866,1.747,2.65,0.377,0.601
26100,3U-C-Z2.tif,0.365,2.758,0.603,0.895,711,588,105.642,0.709,1.462,0.684,0.813
26101,3U-C-Z2.tif,0.212,2.027,0.648,0.802,842,601,25.463,0.439,1.863,0.537,0.828
26102,3U-C-Z2.tif,1.545,8.231,0.287,2.718,921,590,125.707,1.172,2.154,0.464,0.736
26103,3U-C-Z2.tif,0.244,3.014,0.337,0.834,586,600,119.745,0.585,1.687,0.593,0.684
26104,3U-C-Z2.tif,0.316,3.143,0.402,1.378,230,623,31.701,0.447,3.536,0.283,0.749
26105,3U-C-Z2.tif,0.516,4.719,0.291,1.197,256,637,48.504,0.978,1.117,0.895,0.604
26106,3U-C-Z2.tif,0.567,3.712,0.517,1.219,898,643,64.885,0.694,1.888,0.53,0.849
26107,3U-C-Z2.tif,0.635,3.106,0.827,1.11,179,613,115.769,0.775,1.425,0.702,0.933
26108,3U-C-Z2.tif,0.365,3.18,0.454,1.029,58,637,39.56,0.696,1.676,0.597,0.716
26109,3U-C-Z2.tif,0.985,4.662,0.569,1.592,156,619,94.97,0.921,1.783,0.561,0.856
26110,3U-C-Z2.tif,0.314,2.193,0.82,0.743,609,642,68.199,0.621,1.111,0.9,0.915
26111,3U-C-Z2.tif,0.623,3.106,0.811,1.123,364,624,100.62,0.753,1.549,0.646,0.933
26112,3U-C-Z2.tif,0.342,2.274,0.832,0.794,320,627,124.38,0.621,1.298,0.771,0.925
26113,3U-C-Z2.tif,1.08,4.053,0.826,1.293,399,640,170.789,1.171,1.116,0.896,0.937
26114,3U-C-Z2.tif,0.206,2.465,0.425,0.971,563,638,163.496,0.41,2.852,0.351,0.699
26115,3U-C-Z2.tif,0.268,2.096,0.766,0.778,738,635,102.804,0.483,1.462,0.684,0.922
26116,3U-C-Z2.tif,2.391,6.553,0.7,2.194,793,692,59.808,1.497,1.464,0.683,0.918
26117,3U-C-Z2.tif,0.647,3.769,0.572,1.255,493,638,110.925,0.83,1.712,0.584,0.833
26118,3U-C-Z2.tif,0.273,3.883,0.228,1.062,827,664,35.754,0.697,1.763,0.567,0.503
26119,3U-C-Z2.tif,0.219,2.867,0.334,1.146,704,667,46.219,0.471,2.708,0.369,0.641
26120,3U-C-Z2.tif,0.375,3.066,0.501,1.219,441,676,61.26,0.5,2.462,0.406,0.82
26121,3U-C-Z2.tif,0.791,3.46,0.83,1.25,108,645,114.444,0.89,1.402,0.713,0.938
26122,3U-C-Z2.tif,0.512,3.31,0.588,1.236,646,653,157.011,0.616,2.195,0.456,0.812
26123,3U-C-Z2.tif,0.238,1.966,0.773,0.731,562,660,8.13,0.51,1.535,0.652,0.868
26124,3U-C-Z2.tif,0.857,6.884,0.227,1.775,287,657,97.815,0.998,1.556,0.643,0.608
26125,3U-C-Z2.tif,0.213,1.783,0.842,0.636,980,665,167.471,0.448,1.371,0.729,0.899
26126,3U-C-Z2.tif,0.86,6.697,0.241,1.828,206,667,144.211,1.004,1.924,0.52,0.655
26127,3U-C-Z2.tif,0.277,1.969,0.898,0.68,638,685,59.534,0.586,1.081,0.925,0.93
26128,3U-C-Z2.tif,1.936,7.777,0.402,2.577,143,699,167.638,1.597,1.621,0.617,0.672
26129,3U-C-Z2.tif,0.806,4.415,0.52,1.431,680,711,74.624,0.897,1.64,0.61,0.828
26130,3U-C-Z2.tif,0.376,4.342,0.25,1.082,575,696,22.479,0.74,1.628,0.614,0.585
26131,3U-C-Z2.tif,0.285,2.144,0.78,0.744,548,689,13.392,0.577,1.294,0.773,0.884
26132,3U-C-Z2.tif,0.644,4.025,0.5,1.313,970,714,76.329,0.768,1.915,0.522,0.822
26133,3U-C-Z2.tif,0.785,4.11,0.584,1.341,407,699,17.969,0.941,1.524,0.656,0.852
26134,3U-C-Z2.tif,1.195,7.585,0.261,1.934,461,688,148.861,1.22,1.835,0.545,0.724
26135,3U-C-Z2.tif,0.491,3.797,0.428,1.266,855,701,29.358,0.774,1.766,0.566,0.718
26136,3U-C-Z2.tif,0.633,3.204,0.774,1.199,97,685,108.435,0.737,1.645,0.608,0.931
26137,3U-C-Z2.tif,0.395,2.684,0.689,1.021,951,714,78.311,0.552,2.058,0.486,0.895
26138,3U-C-Z2.tif,0.293,2.245,0.729,0.775,638,699,32.276,0.624,1.172,0.853,0.879
26139,3U-C-Z2.tif,0.417,3.554,0.415,1.11,506,688,126.158,0.648,1.921,0.521,0.752
26140,3U-C-Z2.tif,0.307,3.281,0.358,0.911,915,699,150.524,0.672,1.91,0.524,0.654
26141,3U-C-Z2.tif,0.238,1.86,0.864,0.718,546,702,144.782,0.488,1.52,0.658,0.924
26142,3U-C-Z2.tif,0.218,2.351,0.495,0.746,728,705,146.31,0.506,1.535,0.652,0.762
26143,3U-C-Z2.tif,0.257,1.937,0.86,0.663,320,704,98.973,0.552,1.179,0.848,0.919
26144,3U-C-Z2.tif,0.287,2.233,0.722,0.805,374,714,9.866,0.483,1.588,0.63,0.903
26145,3U-C-Z3.tif,0.555,3.401,0.603,1.053,721,55,36.573,0.788,1.261,0.793,0.931
26146,3U-C-Z3.tif,0.251,2.37,0.561,0.785,219,38,172.011,0.469,1.615,0.619,0.893
26147,3U-C-Z3.tif,1.637,6.017,0.568,2.004,880,146,33.906,1.253,1.723,0.58,0.876
26148,3U-C-Z3.tif,0.336,2.693,0.582,0.891,745,128,64.612,0.642,1.305,0.766,0.869
26149,3U-C-Z3.tif,2.12,10.21,0.256,2.393,502,125,150.66,1.587,1.603,0.624,0.744
26150,3U-C-Z3.tif,1.358,5.098,0.657,1.437,779,213,73.457,1.255,1.151,0.868,0.948
26151,3U-C-Z3.tif,0.229,3.26,0.271,1.336,807,255,57.933,0.341,5.361,0.187,0.644
26152,3U-C-Z3.tif,1.317,7.959,0.261,1.906,240,300,56.083,1.433,1.787,0.56,0.698
26153,3U-C-Z3.tif,0.238,2.847,0.368,0.888,370,228,10.62,0.476,2.232,0.448,0.705
26154,3U-C-Z3.tif,0.762,6.686,0.214,2.22,584,260,169.38,0.712,3.279,0.305,0.62
26155,3U-C-Z3.tif,0.98,7.491,0.22,1.872,556,252,117.312,1.159,1.285,0.778,0.652
26156,3U-C-Z3.tif,0.631,4.032,0.487,1.37,338,267,121.159,0.869,1.463,0.683,0.849
26157,3U-C-Z3.tif,0.541,4.687,0.309,1.138,265,315,133.059,0.842,1.199,0.834,0.8
26158,3U-C-Z3.tif,0.269,4.022,0.209,1.025,808,305,93.814,0.607,1.907,0.524,0.602
26159,3U-C-Z3.tif,0.372,2.634,0.674,0.859,179,412,57.319,0.662,1.225,0.816,0.925
26160,3U-C-Z3.tif,1.783,5.145,0.847,1.744,262,387,99.904,1.378,1.264,0.791,0.973
26161,3U-C-Z3.tif,0.238,3.136,0.304,0.946,758,491,24.717,0.526,1.668,0.6,0.693
26162,3U-C-Z3.tif,0.277,3.909,0.228,0.836,136,520,65.943,0.58,1.388,0.721,0.725
26163,3U-C-Z3.tif,0.529,4.212,0.375,1.353,792,510,142.784,0.706,1.984,0.504,0.784
26164,3U-C-Z3.tif,0.418,5.115,0.201,1.413,862,618,36.759,0.62,2.337,0.428,0.63
26165,3U-C-Z3.tif,1.171,8.257,0.216,1.42,711,609,163.828,1.292,1.203,0.831,0.819
26166,3U-C-Z3.tif,0.688,6.254,0.221,1.184,399,657,24.499,0.945,1.21,0.826,0.806
26167,3U-C-Z3.tif,0.465,3.536,0.468,1.051,860,640,177.026,0.776,1.235,0.81,0.837
26168,3U-C-Z3.tif,0.377,3.206,0.46,0.904,312,658,168.69,0.716,1.265,0.791,0.807
26169,3U-C-Z3.tif,0.24,1.995,0.758,0.726,665,651,140.332,0.468,1.533,0.652,0.93
26170,3U-D-Z1.tif,3.545,9.273,0.518,3.085,425,1,120.379,2.235,1.609,0.622,0.779
26171,3U-D-Z1.tif,0.539,3.545,0.539,1.519,273,2,115.017,0.559,3.551,0.282,0.74
26172,3U-D-Z1.tif,0.766,4.409,0.495,1.828,735,21,72.474,0.642,3.008,0.332,0.771
26173,3U-D-Z1.tif,0.707,3.383,0.777,1.323,350,7,146.31,0.891,1.532,0.653,0.84
26174,3U-D-Z1.tif,0.741,3.697,0.681,1.298,297,13,171.87,0.918,1.493,0.67,0.807
26175,3U-D-Z1.tif,1.499,5.523,0.618,2.052,564,35,79.695,1.285,1.71,0.585,0.817
26176,3U-D-Z1.tif,1.297,7.166,0.317,2.302,342,38,66.501,1.214,2.053,0.487,0.618
26177,3U-D-Z1.tif,2.24,6.302,0.709,2.129,496,37,82.569,1.523,1.452,0.689,0.865
26178,3U-D-Z1.tif,0.792,4.82,0.428,1.707,697,26,36.254,1.101,1.552,0.645,0.707
26179,3U-D-Z1.tif,2.686,9.305,0.39,2.675,609,16,120.964,1.841,1.581,0.633,0.777
26180,3U-D-Z1.tif,0.766,6.298,0.243,2.846,92,18,91.848,0.507,7.039,0.142,0.705
26181,3U-D-Z1.tif,7.546,16.654,0.342,5.159,310,18,95.102,2.988,1.879,0.532,0.713
26182,3U-D-Z1.tif,1.651,9.555,0.227,3.694,760,20,153.435,1.023,5,0.2,0.56
26183,3U-D-Z1.tif,6.484,10.831,0.695,3.29,440,51,22.989,2.873,1.125,0.889,0.886
26184,3U-D-Z1.tif,0.901,4.216,0.637,1.323,543,29,123.69,1.054,1.415,0.707,0.853
26185,3U-D-Z1.tif,12.531,21.917,0.328,6.534,838,34,119.445,4.426,1.812,0.552,0.671
26186,3U-D-Z1.tif,0.598,3.307,0.687,1.197,683,34,122.471,0.844,1.704,0.587,0.785
26187,3U-D-Z1.tif,1.507,6.355,0.469,2.774,869,35,124.216,0.848,3.562,0.281,0.808
26188,3U-D-Z1.tif,0.556,2.788,0.898,0.993,568,40,146.31,0.826,1.232,0.812,0.886
26189,3U-D-Z1.tif,0.985,4.086,0.742,1.642,518,52,26.565,0.96,1.79,0.559,0.863
26190,3U-D-Z1.tif,2.046,8.884,0.326,2.625,800,41,143.531,1.817,1.577,0.634,0.625
26191,3U-D-Z1.tif,0.564,2.887,0.851,1.12,602,41,145.008,0.714,1.518,0.659,0.865
26192,3U-D-Z1.tif,0.589,3.146,0.748,1.323,904,41,123.69,0.714,1.977,0.506,0.854
26193,3U-D-Z1.tif,0.985,4.529,0.604,1.642,495,46,116.565,1.018,1.842,0.543,0.785
26194,3U-D-Z1.tif,0.581,3.719,0.528,1.401,614,46,121.608,0.795,2.13,0.47,0.719
26195,3U-D-Z1.tif,0.766,3.231,0.922,1.193,630,46,112.62,0.918,1.275,0.784,0.91
26196,3U-D-Z1.tif,3.596,11.328,0.352,3.615,595,49,113.962,1.623,2.272,0.44,0.776
26197,3U-D-Z1.tif,0.589,3.07,0.786,1.161,429,52,108.435,0.826,1.535,0.652,0.838
26198,3U-D-Z1.tif,1.12,4.27,0.772,1.513,564,69,75.964,1.233,1.358,0.737,0.85
26199,3U-D-Z1.tif,0.817,3.88,0.682,1.336,140,57,164.055,1.009,1.463,0.684,0.805
26200,3U-D-Z1.tif,0.766,4.843,0.411,1.483,692,69,68.199,1.074,1.216,0.822,0.689
26201,3U-D-Z1.tif,0.792,4.453,0.502,1.91,283,56,125.218,0.657,3.434,0.291,0.764
26202,3U-D-Z1.tif,3.562,10.093,0.439,3.636,233,57,100.176,1.52,2.727,0.367,0.813
26203,3U-D-Z1.tif,0.792,3.285,0.922,1.197,519,57,122.471,0.993,1.214,0.824,0.917
26204,3U-D-Z1.tif,0.64,3.124,0.824,1.109,486,58,114.444,0.89,1.313,0.762,0.874
26205,3U-D-Z1.tif,0.589,3.307,0.677,1.105,664,74,41.634,0.918,1.202,0.832,0.795
26206,3U-D-Z1.tif,0.547,2.842,0.852,0.993,436,66,123.69,0.734,1.221,0.819,0.909
26207,3U-D-Z1.tif,1.507,6.776,0.413,2.556,892,92,68.962,0.892,3.696,0.271,0.732
26208,3U-D-Z1.tif,0.623,3.361,0.693,1.235,648,68,131.987,0.935,1.282,0.78,0.775
26209,3U-D-Z1.tif,0.749,4.042,0.577,1.538,445,71,162.646,0.762,2.468,0.405,0.764
26210,3U-D-Z1.tif,1.053,4.01,0.823,1.563,467,80,40.236,0.96,1.756,0.57,0.887
26211,3U-D-Z1.tif,0.632,3.016,0.872,1.197,702,77,32.471,0.714,1.697,0.589,0.898
26212,3U-D-Z1.tif,1.996,7.166,0.488,2.345,620,69,120.579,1.622,1.398,0.715,0.765
26213,3U-D-Z1.tif,0.564,3.88,0.471,1.48,360,70,119.745,0.735,2.737,0.365,0.691
26214,3U-D-Z1.tif,1.718,6.852,0.46,2.493,435,74,96.34,1.091,2.398,0.417,0.785
26215,3U-D-Z1.tif,0.96,4.561,0.58,1.828,403,75,107.526,0.918,2.119,0.472,0.784
26216,3U-D-Z1.tif,0.851,4.637,0.497,1.451,569,76,108.435,1.084,1.381,0.724,0.732
26217,3U-D-Z1.tif,2.291,6.355,0.713,2.189,491,93,33.024,1.696,1.393,0.718,0.872
26218,3U-D-Z1.tif,1.07,5.004,0.537,2.062,678,77,122.276,0.973,2.1,0.476,0.76
26219,3U-D-Z1.tif,0.623,2.918,0.92,1.135,326,79,104.036,0.734,1.413,0.708,0.914
26220,3U-D-Z1.tif,2.173,5.921,0.779,2.218,544,80,114.444,1.377,1.445,0.692,0.915
26221,3U-D-Z1.tif,13.617,25.516,0.263,7.956,300,82,97.289,4.313,2.64,0.379,0.568
26222,3U-D-Z1.tif,1.331,4.453,0.843,1.714,458,104,74.476,1.19,1.419,0.705,0.9
26223,3U-D-Z1.tif,0.825,3.33,0.935,1.197,559,90,147.529,0.973,1.228,0.814,0.899
26224,3U-D-Z1.tif,0.665,2.994,0.933,1.074,355,97,19.983,0.903,1.163,0.86,0.893
26225,3U-D-Z1.tif,0.977,4.995,0.492,1.892,657,90,129.094,0.908,2.92,0.342,0.712
26226,3U-D-Z1.tif,2.484,6.365,0.771,2.294,742,93,126.87,1.744,1.22,0.82,0.889
26227,3U-D-Z1.tif,0.589,2.918,0.87,1.207,393,92,98.746,0.642,1.732,0.577,0.903
26228,3U-D-Z1.tif,4.236,16.027,0.207,3.881,711,135,83.211,2.544,1.731,0.578,0.567
26229,3U-D-Z1.tif,1.373,5.523,0.566,2.021,473,96,140.528,1.338,1.618,0.618,0.749
26230,3U-D-Z1.tif,0.741,5.64,0.293,2.493,913,95,96.34,0.548,5.847,0.171,0.701
26231,3U-D-Z1.tif,2.248,8.539,0.387,2.647,519,97,146.31,1.771,1.657,0.603,0.743
26232,3U-D-Z1.tif,1.103,4.896,0.578,1.89,568,114,60.945,0.954,2.283,0.438,0.78
26233,3U-D-Z1.tif,4.278,13.543,0.293,3.843,621,97,123.311,2.058,1.878,0.533,0.714
26234,3U-D-Z1.tif,0.749,3.728,0.678,1.404,400,102,101.31,0.826,1.842,0.543,0.82
26235,3U-D-Z1.tif,0.539,2.842,0.838,1.175,503,112,51.34,0.734,1.672,0.598,0.901
26236,3U-D-Z1.tif,0.547,2.766,0.899,1.046,351,104,127.875,0.734,1.275,0.784,0.909
26237,3U-D-Z1.tif,0.657,3.773,0.58,1.336,413,105,105.945,0.826,1.426,0.701,0.804
26238,3U-D-Z1.tif,1.87,7.004,0.479,2.352,582,108,159.444,1.551,1.623,0.616,0.742
26239,3U-D-Z1.tif,1.499,4.722,0.845,1.605,430,106,120.964,1.277,1.178,0.849,0.915
26240,3U-D-Z1.tif,2.08,5.349,0.914,1.892,463,126,67.166,1.468,1.145,0.873,0.948
26241,3U-D-Z1.tif,3.571,12.062,0.308,3.517,480,118,172.504,1.959,2.121,0.472,0.658
26242,3U-D-Z1.tif,1.331,4.346,0.885,1.605,552,115,120.964,1.168,1.375,0.727,0.905
26243,3U-D-Z1.tif,0.766,3.415,0.826,1.404,327,131,78.69,0.734,1.815,0.551,0.915
26244,3U-D-Z1.tif,2.855,9.704,0.381,2.668,681,119,130.815,2.079,1.398,0.715,0.744
26245,3U-D-Z1.tif,0.935,3.782,0.821,1.364,385,119,109.654,1.009,1.342,0.745,0.877
26246,3U-D-Z1.tif,0.547,2.887,0.826,1.175,649,129,38.66,0.708,1.735,0.577,0.855
26247,3U-D-Z1.tif,1.019,3.675,0.948,1.323,354,134,33.69,1.101,1.13,0.885,0.92
26248,3U-D-Z1.tif,1.491,5.881,0.542,2.294,567,124,143.13,1.038,2.086,0.479,0.783
26249,3U-D-Z1.tif,0.531,3.231,0.638,1.398,729,127,113.199,0.575,2.782,0.359,0.84
26250,3U-D-Z1.tif,2.147,6.248,0.691,2.316,654,130,123.69,1.345,2.078,0.481,0.824
26251,3U-D-Z1.tif,0.632,3.079,0.837,1.193,341,130,112.62,0.734,1.663,0.601,0.893
26252,3U-D-Z1.tif,2.291,8.258,0.422,2.423,420,137,155.376,1.84,1.361,0.735,0.755
26253,3U-D-Z1.tif,2.013,7.783,0.418,2.571,457,132,92.045,1.414,2.069,0.483,0.725
26254,3U-D-Z1.tif,0.935,4.431,0.598,1.451,623,146,55.305,1.19,1.171,0.854,0.758
26255,3U-D-Z1.tif,3.402,10.419,0.394,3.078,398,133,100.305,2.194,1.101,0.909,0.728
26256,3U-D-Z1.tif,0.952,4.928,0.492,1.977,475,143,21.801,0.876,2.946,0.339,0.727
26257,3U-D-Z1.tif,1.381,4.583,0.826,1.741,527,151,71.565,1.224,1.498,0.668,0.891
26258,3U-D-Z1.tif,3.352,12.129,0.286,3.445,540,164,41.76,2.003,1.447,0.691,0.662
26259,3U-D-Z1.tif,1.398,4.982,0.708,1.763,360,149,51.34,1.161,1.494,0.669,0.843
26260,3U-D-Z1.tif,0.531,2.842,0.825,1.109,377,134,114.444,0.734,1.485,0.673,0.875
26261,3U-D-Z1.tif,1.331,4.798,0.726,1.782,586,160,78.111,1.064,1.625,0.615,0.88
26262,3U-D-Z1.tif,1.827,5.998,0.638,2.181,408,145,104.621,1.193,1.891,0.529,0.87
26263,3U-D-Z1.tif,0.573,3.048,0.775,1.161,618,158,71.565,0.734,1.648,0.607,0.877
26264,3U-D-Z1.tif,0.589,3.254,0.7,1.436,701,149,153.435,0.616,2.697,0.371,0.859
26265,3U-D-Z1.tif,0.926,3.567,0.915,1.278,366,162,68.962,1.009,1.161,0.861,0.913
26266,3U-D-Z1.tif,0.64,3.102,0.836,1.248,574,150,107.103,0.701,1.874,0.534,0.889
26267,3U-D-Z1.tif,1.912,9.014,0.296,3.859,802,150,115.346,1.051,5.082,0.197,0.624
26268,3U-D-Z1.tif,3.63,12.084,0.312,4.387,516,154,142.651,1.896,2,0.5,0.672
26269,3U-D-Z1.tif,1.659,6.409,0.508,2.27,421,169,14.036,1.475,1.491,0.671,0.72
26270,3U-D-Z1.tif,0.825,3.491,0.851,1.304,646,170,39.289,0.973,1.428,0.7,0.887
26271,3U-D-Z1.tif,0.589,3.102,0.77,1.364,482,162,137.726,0.704,2.055,0.487,0.881
26272,3U-D-Z1.tif,1.558,4.668,0.898,1.634,581,164,128.157,1.377,1.086,0.921,0.927
26273,3U-D-Z1.tif,1.381,5.241,0.632,1.97,364,184,62.241,1.276,1.54,0.649,0.81
26274,3U-D-Z1.tif,0.564,3.276,0.661,1.505,623,165,127.569,0.584,2.943,0.34,0.848
26275,3U-D-Z1.tif,1.87,7.058,0.472,2.302,610,167,113.499,1.353,1.967,0.508,0.753
26276,3U-D-Z1.tif,0.952,3.652,0.896,1.404,672,170,101.31,0.826,1.572,0.636,0.938
26277,3U-D-Z1.tif,2.611,8.602,0.443,3.259,719,174,170.272,1.464,2.626,0.381,0.776
26278,3U-D-Z1.tif,0.884,3.599,0.858,1.355,323,184,61.699,0.985,1.359,0.736,0.901
26279,3U-D-Z1.tif,1.617,4.972,0.822,1.692,511,171,102.529,1.44,1.173,0.852,0.891
26280,3U-D-Z1.tif,1.137,4.538,0.694,1.808,657,173,113.962,0.999,1.805,0.554,0.846
26281,3U-D-Z1.tif,3.908,12.344,0.322,4.482,865,178,132.51,1.79,2.589,0.386,0.696
26282,3U-D-Z1.tif,0.522,3.513,0.532,1.224,485,188,77.005,0.734,1.88,0.532,0.705
26283,3U-D-Z1.tif,0.505,2.551,0.976,0.904,372,186,66.038,0.826,1.034,0.967,0.902
26284,3U-D-Z1.tif,1.735,4.928,0.898,1.731,416,195,57.995,1.38,1.257,0.795,0.93
26285,3U-D-Z1.tif,0.716,3.254,0.85,1.175,468,192,51.34,0.908,1.302,0.768,0.881
26286,3U-D-Z1.tif,1.39,4.399,0.902,1.513,577,190,14.036,1.306,1.09,0.918,0.917
26287,3U-D-Z1.tif,1.112,3.827,0.954,1.364,537,186,160.346,1.149,1.21,0.827,0.917
26288,3U-D-Z1.tif,0.665,3.231,0.801,1.175,559,185,128.66,0.826,1.519,0.659,0.868
26289,3U-D-Z1.tif,2.097,6.722,0.583,2.323,361,210,80.91,1.489,1.472,0.679,0.799
26290,3U-D-Z1.tif,2.72,9.565,0.374,2.761,323,215,74.578,1.897,1.716,0.583,0.691
26291,3U-D-Z1.tif,6.291,18.923,0.221,5.917,439,187,113.782,2.628,2.415,0.414,0.565
26292,3U-D-Z1.tif,2.872,11.999,0.251,3.973,649,202,173.367,1.728,2.92,0.343,0.537
26293,3U-D-Z1.tif,0.91,3.545,0.91,1.248,627,193,107.103,1.009,1.255,0.797,0.911
26294,3U-D-Z1.tif,1.987,7.685,0.423,2.35,506,194,128.66,1.448,1.664,0.601,0.804
26295,3U-D-Z1.tif,1.87,7.112,0.465,2.625,532,196,126.469,1.459,1.921,0.521,0.742
26296,3U-D-Z1.tif,0.968,3.675,0.901,1.355,602,209,61.699,1.075,1.242,0.805,0.909
26297,3U-D-Z1.tif,8.127,22.459,0.202,7.229,740,196,123.085,3.073,2.37,0.422,0.574
26298,3U-D-Z1.tif,1.575,5.63,0.624,1.724,383,202,154.799,1.447,1.036,0.965,0.864
26299,3U-D-Z1.tif,1.137,4.431,0.728,1.808,501,201,113.962,0.913,2.016,0.496,0.888
26300,3U-D-Z1.tif,1.44,4.744,0.804,1.687,573,201,112.38,1.264,1.388,0.721,0.875
26301,3U-D-Z1.tif,0.531,2.842,0.825,1.207,305,202,98.746,0.551,2.003,0.499,0.92
26302,3U-D-Z1.tif,0.935,3.621,0.896,1.404,706,220,78.69,0.918,1.473,0.679,0.91
26303,3U-D-Z1.tif,0.707,3.231,0.851,1.109,588,212,155.556,0.918,1.056,0.947,0.903
26304,3U-D-Z1.tif,2.459,8.517,0.426,2.827,611,211,103.134,1.24,2.654,0.377,0.791
26305,3U-D-Z1.tif,1.145,5.339,0.505,2.113,670,215,145.62,1.112,2.159,0.463,0.766
26306,3U-D-Z1.tif,2.442,6.194,0.8,2.25,560,241,78.232,1.752,1.202,0.832,0.894
26307,3U-D-Z1.tif,1.642,6.051,0.564,2.134,709,238,64.537,1.312,1.768,0.566,0.809
26308,3U-D-Z1.tif,0.893,3.988,0.705,1.626,347,221,163.61,0.826,2.146,0.466,0.865
26309,3U-D-Z1.tif,0.674,3.155,0.85,1.12,390,220,124.992,0.826,1.216,0.822,0.894
26310,3U-D-Z1.tif,0.598,3.155,0.755,1.364,637,233,70.346,0.642,1.974,0.507,0.899
26311,3U-D-Z1.tif,1.086,6.884,0.288,1.97,579,222,152.241,1.511,1.368,0.731,0.565
26312,3U-D-Z1.tif,0.514,2.864,0.787,1.235,648,222,138.013,0.702,2.005,0.499,0.841
26313,3U-D-Z1.tif,1.272,5.921,0.456,2.015,334,223,120.069,1.222,2.024,0.494,0.719
26314,3U-D-Z1.tif,0.598,2.994,0.838,1.135,409,223,104.036,0.826,1.415,0.707,0.861
26315,3U-D-Z1.tif,0.699,3.361,0.777,1.323,659,231,123.69,0.886,1.599,0.625,0.856
26316,3U-D-Z1.tif,0.985,4.064,0.75,1.527,498,233,122.735,1.097,1.467,0.682,0.845
26317,3U-D-Z1.tif,0.691,3.599,0.67,1.364,673,247,70.346,0.734,1.909,0.524,0.832
26318,3U-D-Z1.tif,0.657,4.194,0.469,1.605,691,248,59.036,0.891,1.87,0.535,0.687
26319,3U-D-Z1.tif,1.777,7.264,0.423,2.938,722,233,128.66,1.274,3.063,0.327,0.691
26320,3U-D-Z1.tif,0.514,2.659,0.913,0.958,490,245,73.301,0.734,1.191,0.84,0.891
26321,3U-D-Z1.tif,2.383,6.096,0.806,2.181,417,259,75.379,1.715,1.198,0.835,0.878
26322,3U-D-Z1.tif,0.792,3.567,0.782,1.336,530,250,74.055,0.96,1.551,0.645,0.817
26323,3U-D-Z1.tif,0.665,3.079,0.882,1.193,365,249,67.38,0.734,1.575,0.635,0.929
26324,3U-D-Z1.tif,4.438,15.258,0.24,3.859,377,237,115.346,2.453,1.259,0.794,0.649
26325,3U-D-Z1.tif,4.042,11.932,0.357,3.953,577,244,158.199,2.063,2.18,0.459,0.751
26326,3U-D-Z1.tif,1.507,4.874,0.797,1.828,435,244,162.474,1.285,1.522,0.657,0.867
26327,3U-D-Z1.tif,0.598,3.285,0.696,1.364,698,242,160.346,0.642,1.905,0.525,0.877
26328,3U-D-Z1.tif,1.288,5.111,0.62,2.16,349,265,77.735,0.918,2.235,0.447,0.862
26329,3U-D-Z1.tif,0.573,4.149,0.418,1.803,790,243,104.744,0.551,4.232,0.236,0.716
26330,3U-D-Z1.tif,0.589,2.864,0.903,1.074,473,247,160.017,0.734,1.402,0.713,0.915
26331,3U-D-Z1.tif,0.505,2.918,0.746,1.105,546,246,131.634,0.696,1.693,0.591,0.822
26332,3U-D-Z1.tif,0.573,3.751,0.512,1.451,295,249,145.305,0.714,2.617,0.382,0.68
26333,3U-D-Z1.tif,4.379,12.375,0.359,3.963,512,292,84.685,2.124,2.188,0.457,0.701
26334,3U-D-Z1.tif,0.707,3.804,0.614,1.398,519,263,66.801,1.007,1.519,0.658,0.764
26335,3U-D-Z1.tif,0.741,3.307,0.851,1.197,325,260,32.471,0.979,1.058,0.945,0.867
26336,3U-D-Z1.tif,0.615,3.124,0.792,1.278,699,254,158.962,0.734,1.61,0.621,0.88
26337,3U-D-Z1.tif,0.556,3.621,0.533,1.579,542,267,35.538,0.698,2.557,0.391,0.729
26338,3U-D-Z1.tif,1.768,6.15,0.588,2.233,433,287,80.538,1.193,1.87,0.535,0.824
26339,3U-D-Z1.tif,0.648,2.994,0.909,1.12,523,274,55.008,0.844,1.36,0.735,0.906
26340,3U-D-Z1.tif,1.002,4.561,0.605,1.675,349,266,99.462,1.009,1.939,0.516,0.821
26341,3U-D-Z1.tif,1.112,3.934,0.903,1.451,413,271,145.305,1.138,1.322,0.757,0.91
26342,3U-D-Z1.tif,1.752,7.501,0.391,2.52,570,274,123.111,1.273,2.208,0.453,0.716
26343,3U-D-Z1.tif,1.263,7.058,0.319,1.714,485,290,15.524,1.523,1.135,0.881,0.648
26344,3U-D-Z1.tif,0.674,3.026,0.925,1.12,582,277,145.008,0.826,1.253,0.798,0.93
26345,3U-D-Z1.tif,0.632,5.89,0.229,2.27,91,277,104.036,0.634,4.622,0.216,0.633
26346,3U-D-Z1.tif,5.28,13.951,0.341,4.309,428,297,153.435,2.729,1.992,0.502,0.625
26347,3U-D-Z1.tif,1.255,5.08,0.611,1.772,400,282,111.251,1.298,1.386,0.722,0.772
26348,3U-D-Z1.tif,2.232,7.166,0.546,2.142,376,306,80.134,1.835,1.107,0.903,0.779
26349,3U-D-Z1.tif,1.415,5.577,0.572,2.316,290,284,123.69,1.064,2.44,0.41,0.789
26350,3U-D-Z1.tif,2.686,10.312,0.317,3.259,550,285,122.347,1.502,2.707,0.369,0.689
26351,3U-D-Z1.tif,0.64,3.979,0.508,1.822,763,298,40.914,0.584,3.586,0.279,0.792
26352,3U-D-Z1.tif,0.825,4.14,0.605,1.451,615,300,34.695,1.045,1.328,0.753,0.757
26353,3U-D-Z1.tif,1.314,6.678,0.37,2.916,867,303,12.724,0.826,4.743,0.211,0.731
26354,3U-D-Z1.tif,3.377,9.945,0.429,3.784,696,297,140.906,1.662,2.497,0.4,0.758
26355,3U-D-Z1.tif,6.164,15.087,0.34,4.78,322,299,93.302,2.019,2.9,0.345,0.757
26356,3U-D-Z1.tif,0.893,3.567,0.882,1.314,534,300,102.095,0.979,1.316,0.76,0.887
26357,3U-D-Z1.tif,1.255,5.751,0.477,1.945,577,323,70.71,1.233,1.736,0.576,0.727
26358,3U-D-Z1.tif,6.459,14.018,0.413,4.089,374,314,9.039,3.096,1.333,0.75,0.722
26359,3U-D-Z1.tif,0.505,3.124,0.651,1.314,489,310,24.775,0.712,2.178,0.459,0.805
26360,3U-D-Z1.tif,0.522,4.95,0.268,1.962,95,306,100.784,0.734,2.986,0.335,0.525
26361,3U-D-Z1.tif,4.935,13.324,0.349,5.61,904,308,105.173,1.603,4.387,0.228,0.691
26362,3U-D-Z1.tif,1.676,4.919,0.87,1.675,473,321,9.462,1.387,1.213,0.824,0.892
26363,3U-D-Z1.tif,3.082,9.869,0.398,3.506,507,313,137.121,1.401,3.048,0.328,0.744
26364,3U-D-Z1.tif,1.221,4.194,0.873,1.436,638,327,63.435,1.222,1.152,0.868,0.892
26365,3U-D-Z1.tif,0.733,3.133,0.938,1.197,358,320,122.471,0.826,1.276,0.784,0.946
26366,3U-D-Z1.tif,1.137,5.263,0.516,1.97,550,341,62.241,1.123,2.159,0.463,0.705
26367,3U-D-Z1.tif,6.038,18.284,0.227,5.05,414,323,109.093,3.444,1.192,0.839,0.525
26368,3U-D-Z1.tif,5.693,14.644,0.334,3.62,442,327,120.466,2.892,1.327,0.753,0.736
26369,3U-D-Z1.tif,0.758,3.361,0.843,1.336,600,338,74.055,0.826,1.734,0.577,0.891
26370,3U-D-Z1.tif,1.895,7.944,0.377,2.311,627,349,83.157,1.658,1.529,0.654,0.657
26371,3U-D-Z1.tif,0.589,3.048,0.797,1.275,425,330,120.256,0.779,1.676,0.597,0.892
26372,3U-D-Z1.tif,1.381,5.308,0.616,1.856,481,337,171.469,1.26,1.652,0.605,0.804
26373,3U-D-Z1.tif,0.581,2.788,0.939,0.993,645,338,33.69,0.826,1.105,0.905,0.908
26374,3U-D-Z1.tif,1.912,8.105,0.366,2.393,710,334,122.471,1.528,1.687,0.593,0.702
26375,3U-D-Z1.tif,2.737,8.061,0.529,2.959,261,372,82.875,1.283,2.331,0.429,0.897
26376,3U-D-Z1.tif,4.446,14.277,0.274,3.699,494,365,23.385,2.508,1.572,0.636,0.62
26377,3U-D-Z1.tif,0.539,2.681,0.942,1.026,478,348,153.435,0.826,1.242,0.805,0.889
26378,3U-D-Z1.tif,0.665,3.804,0.578,1.451,349,347,108.435,0.734,2.214,0.452,0.752
26379,3U-D-Z1.tif,2.813,10.603,0.314,3.255,601,351,139.574,1.491,2.616,0.382,0.728
26380,3U-D-Z1.tif,1.39,5.859,0.509,2.16,374,374,77.735,1.249,1.788,0.559,0.748
26381,3U-D-Z1.tif,3.646,9.412,0.517,3.498,324,392,85.486,1.652,2.268,0.441,0.843
26382,3U-D-Z1.tif,1.103,4.82,0.597,1.981,635,354,103.392,0.949,2.281,0.438,0.804
26383,3U-D-Z1.tif,1.886,6.409,0.577,2.316,579,356,123.69,1.328,2.057,0.486,0.822
26384,3U-D-Z1.tif,1.608,6.754,0.443,2.506,651,357,113.749,1.248,2.735,0.366,0.748
26385,3U-D-Z1.tif,2.796,9.967,0.354,3.196,565,362,129.174,1.9,1.797,0.556,0.685
26386,3U-D-Z1.tif,3.2,10.451,0.368,2.955,461,382,36.158,1.784,1.673,0.598,0.779
26387,3U-D-Z1.tif,2.4,6.53,0.707,2.142,547,364,99.866,1.762,1.079,0.927,0.857
26388,3U-D-Z1.tif,1.162,3.912,0.954,1.377,679,379,53.13,1.101,1.133,0.883,0.936
26389,3U-D-Z1.tif,1.592,7.134,0.393,2.625,703,369,143.531,1.329,2.207,0.453,0.624
26390,3U-D-Z1.tif,0.699,5.089,0.339,2.25,759,367,101.768,0.538,5.479,0.183,0.692
26391,3U-D-Z1.tif,0.615,3.956,0.494,1.605,408,386,30.964,0.779,2.546,0.393,0.685
26392,3U-D-Z1.tif,0.968,3.751,0.865,1.451,365,378,108.435,1.009,1.405,0.711,0.895
26393,3U-D-Z1.tif,0.918,3.621,0.88,1.355,381,393,61.699,1.016,1.351,0.74,0.897
26394,3U-D-Z1.tif,0.707,3.178,0.88,1.197,683,384,122.471,0.918,1.301,0.769,0.88
26395,3U-D-Z1.tif,0.817,4.355,0.541,1.483,445,385,111.801,1.009,1.619,0.618,0.773
26396,3U-D-Z1.tif,0.994,3.827,0.853,1.563,478,386,130.236,0.908,1.699,0.589,0.908
26397,3U-D-Z1.tif,0.691,4.494,0.43,2.004,239,386,105.945,0.596,4.161,0.24,0.854
26398,3U-D-Z1.tif,0.876,3.513,0.892,1.248,499,396,36.027,1.038,1.177,0.849,0.881
26399,3U-D-Z1.tif,1.55,7.058,0.391,1.929,342,387,115.346,1.332,1.643,0.609,0.742
26400,3U-D-Z1.tif,0.775,3.675,0.721,1.451,599,403,71.565,0.918,1.518,0.659,0.848
26401,3U-D-Z1.tif,0.531,2.735,0.892,1.109,611,389,114.444,0.725,1.632,0.613,0.894
26402,3U-D-Z1.tif,0.733,3.155,0.925,1.193,628,389,112.62,0.826,1.422,0.703,0.921
26403,3U-D-Z1.tif,1.634,7.824,0.335,3.279,852,423,72.072,1.028,3.755,0.266,0.638
26404,3U-D-Z1.tif,0.547,2.842,0.852,1.135,330,391,104.036,0.642,1.774,0.564,0.903
26405,3U-D-Z1.tif,1.465,5.501,0.609,1.763,559,407,38.66,1.463,1.429,0.7,0.779
26406,3U-D-Z1.tif,5.676,12.071,0.49,4.301,411,432,56.31,2.322,1.911,0.523,0.845
26407,3U-D-Z1.tif,0.842,3.339,0.949,1.231,586,395,116.565,0.918,1.271,0.787,0.935
26408,3U-D-Z1.tif,0.657,3.155,0.829,1.275,459,408,59.744,0.78,1.686,0.593,0.907
26409,3U-D-Z1.tif,1.735,5.134,0.827,1.828,509,416,72.474,1.436,1.241,0.806,0.905
26410,3U-D-Z1.tif,0.505,2.94,0.734,1.135,764,397,104.036,0.734,1.585,0.631,0.833
26411,3U-D-Z1.tif,2.24,6.441,0.679,2.506,381,423,66.251,1.377,2.093,0.478,0.902
26412,3U-D-Z1.tif,5.044,11.328,0.494,3.454,525,408,140.389,2.804,1.225,0.816,0.773
26413,3U-D-Z1.tif,1.221,5.514,0.505,2.532,778,398,133.531,0.768,3.911,0.256,0.826
26414,3U-D-Z1.tif,1.246,7.21,0.301,2.791,732,399,117.408,1.117,2.844,0.352,0.624
26415,3U-D-Z1.tif,0.783,3.827,0.672,1.425,627,403,104.931,0.867,1.892,0.529,0.791
26416,3U-D-Z1.tif,1.027,4.323,0.691,1.687,316,416,22.38,0.944,1.937,0.516,0.847
26417,3U-D-Z1.tif,2.131,5.469,0.895,1.962,358,406,100.784,1.56,1.211,0.826,0.927
26418,3U-D-Z1.tif,1.044,4.042,0.803,1.579,651,407,125.538,1.081,1.508,0.663,0.886
26419,3U-D-Z1.tif,0.918,3.728,0.83,1.494,487,419,42.51,0.973,1.668,0.6,0.908
26420,3U-D-Z1.tif,0.522,2.788,0.844,1.161,714,422,71.565,0.642,1.884,0.531,0.892
26421,3U-D-Z1.tif,0.665,2.994,0.933,1.074,452,416,109.983,0.918,1.075,0.93,0.903
26422,3U-D-Z1.tif,1.272,7.004,0.326,2.505,468,419,151.557,1.112,2.866,0.349,0.634
26423,3U-D-Z1.tif,0.952,4.377,0.624,1.662,636,435,83.66,0.953,1.917,0.522,0.799
26424,3U-D-Z1.tif,0.615,2.918,0.907,1.15,320,426,28.61,0.78,1.495,0.669,0.901
26425,3U-D-Z1.tif,5.373,11.749,0.489,3.776,561,435,154.058,2.632,1.639,0.61,0.756
26426,3U-D-Z1.tif,1.011,6.042,0.348,1.714,517,438,15.524,1.377,1.628,0.614,0.599
26427,3U-D-Z1.tif,1.027,3.804,0.892,1.483,448,441,21.801,1.009,1.454,0.688,0.907
26428,3U-D-Z1.tif,0.775,3.178,0.964,1.197,622,434,122.471,0.918,1.237,0.809,0.92
26429,3U-D-Z1.tif,0.943,3.621,0.904,1.323,334,447,56.31,1.038,1.258,0.795,0.911
26430,3U-D-Z1.tif,0.556,2.788,0.898,0.976,422,443,41.186,0.81,1.203,0.831,0.88
26431,3U-D-Z1.tif,0.665,4.108,0.495,1.642,698,451,63.435,0.663,3.071,0.326,0.721
26432,3U-D-Z1.tif,7.571,19.859,0.241,7.349,97,515,74.055,2.024,4.427,0.226,0.678
26433,3U-D-Z1.tif,2.282,8.504,0.397,3.105,477,439,124.16,1.532,2.97,0.337,0.658
26434,3U-D-Z1.tif,2.804,7.21,0.678,2.849,359,470,75.069,1.653,1.88,0.532,0.857
26435,3U-D-Z1.tif,3.049,12.255,0.255,4.104,536,484,79.695,1.301,3.986,0.251,0.673
26436,3U-D-Z1.tif,0.775,3.88,0.647,1.654,384,458,70.56,0.709,2.558,0.391,0.864
26437,3U-D-Z1.tif,1.693,7.34,0.395,2.612,601,451,161.565,1.26,2.437,0.41,0.736
26438,3U-D-Z1.tif,0.783,3.827,0.672,1.364,443,447,109.654,0.973,1.418,0.705,0.798
26439,3U-D-Z1.tif,0.505,2.659,0.898,1.046,720,458,74.745,0.642,1.513,0.661,0.909
26440,3U-D-Z1.tif,0.589,2.918,0.87,1.193,395,460,67.38,0.734,1.63,0.613,0.903
26441,3U-D-Z1.tif,2.038,7.716,0.43,3.29,709,451,112.989,1.12,3.952,0.253,0.734
26442,3U-D-Z1.tif,1.238,4.194,0.885,1.483,517,455,158.199,1.222,1.17,0.855,0.899
26443,3U-D-Z1.tif,0.943,5.716,0.363,2.43,687,452,100.886,0.734,3.898,0.257,0.747
26444,3U-D-Z1.tif,1.086,5.2,0.505,2.409,787,454,139.635,0.694,4.112,0.243,0.819
26445,3U-D-Z1.tif,1.12,3.912,0.92,1.428,460,468,45,1.193,1.15,0.87,0.924
26446,3U-D-Z1.tif,0.884,3.513,0.9,1.314,407,464,12.095,0.979,1.329,0.752,0.894
26447,3U-D-Z1.tif,0.64,3.178,0.796,1.12,501,458,145.008,0.903,1.224,0.817,0.844
26448,3U-D-Z1.tif,2.072,8.258,0.382,3.083,637,457,143.471,1.47,2.827,0.354,0.665
26449,3U-D-Z1.tif,0.741,3.643,0.702,1.248,678,457,107.103,1.016,1.025,0.975,0.789
26450,3U-D-Z1.tif,2.257,8.669,0.377,2.414,545,467,171.254,1.876,1.291,0.775,0.699
26451,3U-D-Z1.tif,0.581,4.247,0.405,1.753,318,460,96.009,0.549,3.715,0.269,0.754
26452,3U-D-Z1.tif,1.406,5.456,0.594,1.858,578,479,69.775,1.242,1.314,0.761,0.791
26453,3U-D-Z1.tif,1.364,6.181,0.449,2.14,599,464,120.964,1.297,1.988,0.503,0.638
26454,3U-D-Z1.tif,0.918,4.162,0.666,1.765,429,476,27.897,0.869,2.276,0.439,0.826
26455,3U-D-Z1.tif,0.505,3.738,0.455,1.662,50,467,96.34,0.367,4.503,0.222,0.896
26456,3U-D-Z1.tif,3.394,8.387,0.606,2.612,404,467,108.435,2.069,1.301,0.769,0.843
26457,3U-D-Z1.tif,0.539,2.766,0.885,1.109,392,468,114.444,0.642,1.699,0.589,0.921
26458,3U-D-Z1.tif,3.2,10.495,0.365,3.62,700,471,120.466,1.947,2.121,0.471,0.665
26459,3U-D-Z1.tif,4.505,8.938,0.709,3.078,502,505,79.695,2.07,1.637,0.611,0.887
26460,3U-D-Z1.tif,0.64,2.994,0.897,1.074,375,477,160.017,0.826,1.279,0.782,0.894
26461,3U-D-Z1.tif,2.08,6.754,0.573,2.701,834,475,99.782,1.3,2.224,0.45,0.849
26462,3U-D-Z1.tif,0.96,3.782,0.843,1.401,471,485,31.608,1.009,1.222,0.818,0.894
26463,3U-D-Z1.tif,1.482,5.178,0.695,1.845,630,497,84.289,1.233,1.533,0.652,0.832
26464,3U-D-Z1.tif,1.971,6.713,0.549,2.532,316,483,136.469,1.492,1.63,0.613,0.76
26465,3U-D-Z1.tif,1.971,5.966,0.696,1.945,433,502,70.71,1.468,1.328,0.753,0.897
26466,3U-D-Z1.tif,0.867,5.263,0.393,2.134,557,483,154.537,0.778,3.509,0.285,0.703
26467,3U-D-Z1.tif,0.564,2.842,0.878,1.135,450,484,104.036,0.642,1.621,0.617,0.918
26468,3U-D-Z1.tif,1.154,4.323,0.776,1.579,656,499,54.462,1.168,1.522,0.657,0.835
26469,3U-D-Z1.tif,0.758,3.903,0.625,1.692,691,484,130.601,0.714,2.77,0.361,0.829
26470,3U-D-Z1.tif,1.356,5.393,0.586,1.765,812,486,117.897,1.447,1.05,0.952,0.754
26471,3U-D-Z1.tif,0.539,2.864,0.825,1.235,604,497,41.987,0.649,1.931,0.518,0.889
26472,3U-D-Z1.tif,1.128,4.194,0.806,1.603,536,489,113.629,1.091,1.545,0.647,0.902
26473,3U-D-Z1.tif,0.564,3.76,0.502,1.675,219,508,80.538,0.459,3.939,0.254,0.865
26474,3U-D-Z1.tif,1.027,4.399,0.667,1.527,670,505,57.265,1.16,1.397,0.716,0.787
26475,3U-D-Z1.tif,2.114,8.701,0.351,3.34,585,492,127.185,1.325,3.008,0.332,0.692
26476,3U-D-Z1.tif,1.078,4.247,0.751,1.568,550,509,69.444,1.101,1.545,0.647,0.895
26477,3U-D-Z1.tif,0.522,3.187,0.646,1.278,738,493,111.038,0.551,2.422,0.413,0.892
26478,3U-D-Z1.tif,1.583,6.324,0.497,2.004,611,511,15.945,1.639,1.156,0.865,0.707
26479,3U-D-Z1.tif,1.128,4.485,0.705,1.685,727,498,119.358,1.064,1.606,0.623,0.862
26480,3U-D-Z1.tif,0.632,4.095,0.473,1.675,278,498,99.462,0.714,2.64,0.379,0.758
26481,3U-D-Z1.tif,1.145,4.01,0.895,1.451,467,499,108.435,1.149,1.251,0.799,0.913
26482,3U-D-Z1.tif,2.695,8.701,0.447,2.898,798,499,100.954,1.551,2.067,0.484,0.727
26483,3U-D-Z1.tif,2.358,7.058,0.595,2.642,689,503,159.677,1.724,1.632,0.613,0.8
26484,3U-D-Z1.tif,9.693,18.829,0.344,6.351,516,505,142.633,2.483,3.194,0.313,0.687
26485,3U-D-Z1.tif,1.061,6.096,0.359,2.551,335,504,127.694,0.819,3.956,0.253,0.651
26486,3U-D-Z1.tif,0.733,3.956,0.588,1.634,375,516,38.157,0.76,2.685,0.372,0.802
26487,3U-D-Z1.tif,0.657,3.026,0.902,1.248,488,515,53.973,0.826,1.494,0.669,0.929
26488,3U-D-Z1.tif,1.044,4.896,0.547,1.945,557,528,70.71,0.798,2.685,0.372,0.844
26489,3U-D-Z1.tif,2.476,7.631,0.534,2.774,654,511,145.784,1.416,2.642,0.379,0.739
26490,3U-D-Z1.tif,0.817,3.643,0.773,1.451,449,509,124.695,0.862,1.792,0.558,0.836
26491,3U-D-Z1.tif,5.061,10.764,0.549,3.745,399,551,72.897,1.846,2.1,0.476,0.88
26492,3U-D-Z1.tif,0.623,4.605,0.369,2.093,844,512,127.875,0.637,4.389,0.228,0.624
26493,3U-D-Z1.tif,2.122,5.836,0.783,2.093,501,535,74.745,1.56,1.403,0.713,0.9
26494,3U-D-Z1.tif,1.634,5.501,0.679,2.07,593,514,102.804,1.157,1.71,0.585,0.872
26495,3U-D-Z1.tif,1.246,4.529,0.763,1.563,570,533,49.764,1.248,1.19,0.841,0.884
26496,3U-D-Z1.tif,1.651,6.248,0.531,2.031,644,519,108.435,1.225,1.929,0.518,0.792
26497,3U-D-Z1.tif,3.781,10.286,0.449,2.774,717,522,124.216,2.111,1.134,0.882,0.835
26498,3U-D-Z1.tif,1.145,4.561,0.692,1.724,680,540,64.799,1.065,1.96,0.51,0.84
26499,3U-D-Z1.tif,2.013,9.068,0.308,2.129,358,549,82.569,1.835,1.167,0.857,0.673
26500,3U-D-Z1.tif,3.68,9.869,0.475,3.44,615,563,80.789,2.093,1.715,0.583,0.74
26501,3U-D-Z1.tif,0.808,3.804,0.702,1.451,504,542,18.435,0.914,1.745,0.573,0.831
26502,3U-D-Z1.tif,2.737,9.6,0.373,4.203,851,534,126.119,1.088,4.657,0.215,0.73
26503,3U-D-Z1.tif,1.516,6.064,0.518,2.076,455,556,45,1.231,1.665,0.601,0.789
26504,3U-D-Z1.tif,1.92,7.349,0.447,2.584,420,566,73.496,1.56,1.8,0.556,0.708
26505,3U-D-Z1.tif,6.308,17.034,0.273,5.582,706,540,117.408,2.321,2.535,0.394,0.657
26506,3U-D-Z1.tif,5.651,13.499,0.39,4.36,647,575,40.732,2.415,2.081,0.481,0.769
26507,3U-D-Z1.tif,0.691,3.361,0.768,1.15,226,550,151.39,0.918,1.292,0.774,0.85
26508,3U-D-Z1.tif,2.897,10.021,0.363,3.243,517,551,154.885,1.89,1.987,0.503,0.698
26509,3U-D-Z1.tif,1.196,4.346,0.796,1.654,560,564,33.69,1.103,1.541,0.649,0.877
26510,3U-D-Z1.tif,1.255,8.356,0.226,2.34,355,552,154.44,1.468,1.789,0.559,0.51
26511,3U-D-Z1.tif,0.598,4.032,0.462,1.707,677,566,53.746,0.611,3.429,0.292,0.732
26512,3U-D-Z1.tif,0.522,2.735,0.877,1.135,446,563,165.964,0.642,1.629,0.614,0.905
26513,3U-D-Z1.tif,1.027,3.804,0.892,1.519,349,564,115.017,1.009,1.581,0.633,0.917
26514,3U-D-Z1.tif,1.415,7.425,0.322,2.206,585,573,163.072,1.286,2.026,0.494,0.61
26515,3U-D-Z1.tif,0.808,3.491,0.834,1.314,613,567,102.095,0.918,1.401,0.714,0.885
26516,3U-D-Z1.tif,1.331,5.814,0.495,2.119,657,576,175.03,1.052,2.48,0.403,0.752
26517,3U-D-Z1.tif,0.926,3.545,0.926,1.248,433,582,53.973,1.009,1.183,0.845,0.913
26518,3U-D-Z1.tif,2.577,7.596,0.561,3.116,734,583,13.627,1.377,2.664,0.375,0.862
26519,3U-D-Z1.tif,0.606,4.561,0.366,1.519,625,583,25.017,0.918,1.962,0.51,0.618
26520,3U-D-Z1.tif,0.632,3.545,0.632,1.519,868,576,154.983,0.716,2.277,0.439,0.833
26521,3U-D-Z1.tif,0.691,4.453,0.438,1.936,594,576,121.43,0.702,3.146,0.318,0.707
26522,3U-D-Z1.tif,3.074,8.473,0.538,2.858,286,578,132.397,2.016,1.424,0.702,0.73
26523,3U-D-Z1.tif,6.914,19.075,0.239,4.752,367,583,100.008,3.119,1.934,0.517,0.586
26524,3U-D-Z1.tif,1.204,4.561,0.728,1.584,652,600,79.992,1.285,1.101,0.909,0.829
26525,3U-D-Z1.tif,0.817,5.08,0.398,1.731,320,601,57.995,1.165,1.615,0.619,0.636
26526,3U-D-Z1.tif,0.547,2.735,0.92,1.074,476,590,19.983,0.734,1.474,0.678,0.903
26527,3U-D-Z1.tif,9.845,24.589,0.205,7.089,776,605,158.749,2.855,3.38,0.296,0.567
26528,3U-D-Z1.tif,0.665,3.178,0.828,1.15,262,592,151.39,0.826,1.297,0.771,0.863
26529,3U-D-Z1.tif,0.792,3.285,0.922,1.314,337,589,114.775,0.826,1.532,0.653,0.935
26530,3U-D-Z1.tif,0.783,4.422,0.503,1.642,695,607,63.435,0.922,1.865,0.536,0.735
26531,3U-D-Z1.tif,0.598,2.811,0.951,0.988,519,603,68.199,0.903,1.076,0.929,0.882
26532,3U-D-Z1.tif,3.267,9.954,0.414,3.309,613,597,146.31,1.732,2.322,0.431,0.735
26533,3U-D-Z1.tif,2.661,7.599,0.579,2.851,554,628,86.309,1.724,1.611,0.621,0.798
26534,3U-D-Z1.tif,0.876,5.814,0.326,2.323,137,624,80.91,0.793,3.53,0.283,0.603
26535,3U-D-Z1.tif,1.373,4.377,0.9,1.603,530,619,76.759,1.193,1.228,0.814,0.931
26536,3U-D-Z1.tif,0.674,3.675,0.627,1.377,662,614,36.87,0.896,1.705,0.587,0.751
26537,3U-D-Z1.tif,1.255,4.462,0.792,1.685,406,617,29.358,1.101,1.555,0.643,0.898
26538,3U-D-Z1.tif,0.817,3.545,0.817,1.197,697,619,57.529,1.059,1.021,0.98,0.87
26539,3U-D-Z1.tif,1.381,7.349,0.321,2.629,514,609,119.249,1.025,2.902,0.345,0.643
26540,3U-D-Z1.tif,0.64,3.102,0.836,1.207,448,611,98.746,0.734,1.438,0.695,0.884
26541,3U-D-Z1.tif,0.539,2.972,0.767,1.197,678,619,32.471,0.725,1.787,0.56,0.883
26542,3U-D-Z1.tif,3.402,10.935,0.358,4.719,95,664,76.504,1.4,3.935,0.254,0.757
26543,3U-D-Z1.tif,0.808,4.659,0.468,1.494,428,626,42.51,0.973,1.773,0.564,0.708
26544,3U-D-Z1.tif,2.754,10.263,0.329,3.881,148,615,96.789,1.008,4.03,0.248,0.823
26545,3U-D-Z1.tif,1.322,6.821,0.357,3.126,889,615,130.236,0.882,4.016,0.249,0.692
26546,3U-D-Z1.tif,0.547,3.393,0.598,1.404,349,617,101.31,0.551,2.82,0.355,0.807
26547,3U-D-Z1.tif,1.651,5.836,0.609,2.031,492,617,108.435,1.389,1.536,0.651,0.818
26548,3U-D-Z1.tif,3.326,9.283,0.485,3.295,391,658,77.125,2.093,1.877,0.533,0.689
26549,3U-D-Z1.tif,0.859,4.744,0.48,1.847,469,643,63.435,0.985,2.489,0.402,0.701
26550,3U-D-Z1.tif,1.078,4.086,0.811,1.48,563,625,97.125,1.161,1.294,0.773,0.848
26551,3U-D-Z1.tif,0.615,2.864,0.942,1.135,654,625,104.036,0.734,1.519,0.658,0.907
26552,3U-D-Z1.tif,1.061,4.529,0.65,1.675,619,630,170.538,1.009,1.94,0.515,0.8
26553,3U-D-Z1.tif,0.691,4.086,0.52,1.519,646,628,115.017,0.911,1.556,0.643,0.695
26554,3U-D-Z1.tif,0.783,3.782,0.688,1.568,707,628,110.556,0.712,2.35,0.425,0.877
26555,3U-D-Z1.tif,1.71,7.134,0.422,2.755,125,630,119.982,1.282,3.161,0.316,0.702
26556,3U-D-Z1.tif,0.674,3.415,0.726,1.355,421,631,151.699,0.903,1.333,0.75,0.838
26557,3U-D-Z1.tif,0.741,3.912,0.609,1.603,611,648,76.759,0.642,2.702,0.37,0.85
26558,3U-D-Z1.tif,0.632,3.079,0.837,1.248,764,636,162.897,0.642,1.786,0.56,0.926
26559,3U-D-Z1.tif,1.255,4.475,0.787,1.584,349,635,100.008,1.155,1.324,0.756,0.861
26560,3U-D-Z1.tif,0.893,3.599,0.866,1.425,672,635,104.931,0.826,1.675,0.597,0.926
26561,3U-D-Z1.tif,1.255,4.874,0.664,1.977,845,640,158.199,1.108,1.83,0.546,0.861
26562,3U-D-Z1.tif,0.573,3.339,0.645,1.389,238,636,97.595,0.642,2.257,0.443,0.855
26563,3U-D-Z1.tif,2.703,9.717,0.36,2.833,302,658,24.905,1.817,1.711,0.585,0.692
26564,3U-D-Z1.tif,0.589,2.788,0.953,1.026,511,636,116.565,0.826,1.23,0.813,0.909
26565,3U-D-Z1.tif,0.842,4.118,0.624,1.714,604,640,105.524,0.765,2.508,0.399,0.855
26566,3U-D-Z1.tif,0.505,3.719,0.459,1.364,726,651,42.274,0.661,2.553,0.392,0.674
26567,3U-D-Z1.tif,2.181,7.523,0.484,2.302,432,655,23.499,1.56,1.596,0.627,0.762
26568,3U-D-Z1.tif,2.291,8.549,0.394,2.972,559,643,98.881,1.467,2.672,0.374,0.691
26569,3U-D-Z1.tif,1.448,5.058,0.712,1.947,641,647,171.87,1.193,1.897,0.527,0.851
26570,3U-D-Z1.tif,6.939,15.455,0.365,6.547,806,650,121.239,1.88,4.165,0.24,0.779
26571,3U-D-Z1.tif,1.078,5.921,0.386,2.505,178,647,98.427,0.81,3.724,0.268,0.76
26572,3U-D-Z1.tif,2.206,8.473,0.386,2.942,913,647,93.576,1.608,2.4,0.417,0.68
26573,3U-D-Z1.tif,1.112,4.118,0.824,1.513,501,648,104.036,1.084,1.472,0.679,0.895
26574,3U-D-Z1.tif,1.128,4.507,0.698,1.731,327,653,122.005,1.067,1.682,0.595,0.854
26575,3U-D-Z1.tif,0.96,3.782,0.843,1.425,358,654,104.931,0.918,1.574,0.635,0.912
26576,3U-D-Z1.tif,1.331,7.555,0.293,3.201,858,655,117.3,0.786,5.303,0.189,0.709
26577,3U-D-Z1.tif,12.935,27.472,0.215,6.624,677,662,137.246,4.073,1.814,0.551,0.699
26578,3U-D-Z1.tif,0.615,2.864,0.942,1.074,482,659,109.983,0.826,1.267,0.789,0.89
26579,3U-D-Z1.tif,2.021,7.219,0.487,2.423,652,660,127.304,1.507,2.115,0.473,0.732
26580,3U-D-Z1.tif,0.716,3.728,0.647,1.428,772,675,45,0.896,1.625,0.615,0.787
26581,3U-D-Z1.tif,1.878,5.501,0.78,1.892,402,664,112.834,1.468,1.229,0.814,0.89
26582,3U-D-Z1.tif,4.918,11.919,0.435,4.032,459,673,168.179,2.012,2.529,0.395,0.725
26583,3U-D-Z1.tif,0.573,3.827,0.491,1.314,544,665,102.095,0.785,1.928,0.519,0.677
26584,3U-D-Z1.tif,0.674,3.155,0.85,1.197,708,668,147.529,0.826,1.463,0.684,0.92
26585,3U-D-Z1.tif,0.834,5.362,0.364,1.741,95,670,108.435,0.918,2.208,0.453,0.673
26586,3U-D-Z1.tif,0.632,2.94,0.918,1.109,350,671,114.444,0.903,1.207,0.829,0.877
26587,3U-D-Z1.tif,4.211,14.309,0.258,4.615,740,673,107.354,2.111,2.759,0.362,0.624
26588,3U-D-Z1.tif,0.514,2.627,0.935,1.026,505,679,169.695,0.734,1.424,0.702,0.884
26589,3U-D-Z1.tif,1.575,5.21,0.729,1.654,518,681,146.31,1.433,1.131,0.884,0.882
26590,3U-D-Z1.tif,1.061,3.934,0.862,1.513,387,678,104.036,1.009,1.397,0.716,0.894
26591,3U-D-Z1.tif,0.648,3.048,0.877,1.175,271,679,128.66,0.818,1.475,0.678,0.89
26592,3U-D-Z1.tif,0.825,4.767,0.456,1.568,440,683,159.444,0.975,1.688,0.592,0.721
26593,3U-D-Z1.tif,0.623,4.118,0.462,1.563,232,694,49.764,0.908,1.653,0.605,0.736
26594,3U-D-Z1.tif,2.131,5.425,0.91,1.892,422,700,67.166,1.56,1.18,0.848,0.941
26595,3U-D-Z1.tif,0.505,3.827,0.434,1.642,767,681,116.565,0.472,4.115,0.243,0.741
26596,3U-D-Z1.tif,0.505,3.383,0.555,1.109,313,686,155.556,0.826,1.452,0.689,0.755
26597,3U-D-Z1.tif,2.518,8.951,0.395,2.867,350,691,129.806,1.502,2.365,0.423,0.742
26598,3U-D-Z1.tif,1.263,4.095,0.946,1.451,538,691,124.695,1.193,1.079,0.927,0.938
26599,3U-D-Z1.tif,0.817,4.247,0.569,1.654,512,693,109.44,0.901,2.119,0.472,0.724
26600,3U-D-Z1.tif,0.623,3.956,0.5,1.724,912,693,115.201,0.575,3.507,0.285,0.779
26601,3U-D-Z1.tif,2.105,7.197,0.511,2.962,238,706,16.189,1.316,2.528,0.396,0.81
26602,3U-D-Z1.tif,0.842,6.096,0.285,2.031,95,717,71.565,0.734,3.206,0.312,0.68
26603,3U-D-Z1.tif,0.775,4.637,0.453,1.835,333,698,126.87,0.779,2.801,0.357,0.713
26604,3U-D-Z1.tif,0.926,3.469,0.967,1.231,442,698,116.565,1.009,1.133,0.882,0.944
26605,3U-D-Z1.tif,0.539,3.016,0.744,1.275,575,715,59.744,0.649,2.165,0.462,0.848
26606,3U-D-Z1.tif,0.665,3.307,0.764,1.364,408,706,160.346,0.714,2.048,0.488,0.868
26607,3U-D-Z1.tif,1.726,4.95,0.885,1.714,622,709,164.476,1.468,1.152,0.868,0.915
26608,3U-D-Z1.tif,0.589,3.751,0.527,1.603,594,719,23.629,0.695,2.795,0.358,0.718
26609,3U-D-Z2.tif,0.239,2.018,0.737,0.829,233,25,73.072,0.432,1.966,0.509,0.912
26610,3U-D-Z2.tif,0.405,2.371,0.906,0.823,942,18,33.024,0.69,1.154,0.867,0.939
26611,3U-D-Z2.tif,1.145,6.298,0.363,2.041,85,61,74.32,1.116,1.858,0.538,0.734
26612,3U-D-Z2.tif,3.702,13.293,0.263,3.195,856,4,103.736,2.256,1.433,0.698,0.764
26613,3U-D-Z2.tif,0.262,2.116,0.734,0.87,510,22,33.69,0.509,1.813,0.552,0.898
26614,3U-D-Z2.tif,1.8,7.716,0.38,2.117,244,21,163.926,1.621,1.212,0.825,0.755
26615,3U-D-Z2.tif,2.02,11.033,0.209,3.273,199,101,78.453,1.226,3.103,0.322,0.682
26616,3U-D-Z2.tif,0.687,3.74,0.617,1.327,406,26,171.027,0.796,1.779,0.562,0.844
26617,3U-D-Z2.tif,0.565,3.419,0.607,1.146,607,47,74.291,0.764,1.713,0.584,0.808
26618,3U-D-Z2.tif,1.137,4.527,0.697,1.531,166,16,97.765,1.092,1.308,0.764,0.898
26619,3U-D-Z2.tif,0.556,3.703,0.51,1.373,471,17,115.278,0.745,2.053,0.487,0.808
26620,3U-D-Z2.tif,0.882,5.092,0.428,1.582,536,67,78.69,1.069,1.407,0.711,0.749
26621,3U-D-Z2.tif,0.465,3.992,0.367,1.392,967,24,131.987,0.693,2.43,0.411,0.632
26622,3U-D-Z2.tif,2.584,11.504,0.245,3.524,498,123,73.516,1.291,3.254,0.307,0.738
26623,3U-D-Z2.tif,0.861,3.74,0.773,1.369,772,25,130.914,0.902,1.526,0.655,0.938
26624,3U-D-Z2.tif,0.64,3.322,0.729,1.071,20,30,123.179,0.92,1.085,0.922,0.895
26625,3U-D-Z2.tif,0.235,2.961,0.337,0.766,357,50,54.162,0.54,1.61,0.621,0.732
26626,3U-D-Z2.tif,0.486,3.325,0.553,1.38,394,37,102.995,0.529,3.011,0.332,0.879
26627,3U-D-Z2.tif,0.527,4.025,0.409,1.331,225,77,73.443,0.712,1.887,0.53,0.769
26628,3U-D-Z2.tif,0.498,3.026,0.684,1.138,432,71,54.866,0.657,1.88,0.532,0.874
26629,3U-D-Z2.tif,0.584,5.385,0.253,1.418,599,77,41.055,0.796,2.111,0.474,0.681
26630,3U-D-Z2.tif,0.558,3.789,0.488,1.298,106,50,100.713,0.828,1.632,0.613,0.785
26631,3U-D-Z2.tif,1.482,8.991,0.23,2.409,283,51,113.629,1.334,1.904,0.525,0.679
26632,3U-D-Z2.tif,0.505,4.13,0.372,1.426,148,53,122.152,0.769,2.041,0.49,0.705
26633,3U-D-Z2.tif,0.754,5.133,0.36,1.489,817,75,13.392,0.882,1.987,0.503,0.762
26634,3U-D-Z2.tif,0.212,2.819,0.335,0.862,363,82,36.87,0.583,1.345,0.744,0.575
26635,3U-D-Z2.tif,0.461,2.782,0.749,1.065,785,68,155.095,0.688,1.566,0.638,0.905
26636,3U-D-Z2.tif,0.685,3.424,0.734,1.159,548,96,59.621,0.88,1.341,0.746,0.916
26637,3U-D-Z2.tif,0.407,2.973,0.578,1.206,755,70,149.036,0.61,2.118,0.472,0.815
26638,3U-D-Z2.tif,1.234,4.914,0.642,1.712,259,76,124.33,1.186,1.48,0.675,0.901
26639,3U-D-Z2.tif,0.445,5.21,0.206,2.175,93,85,117.378,0.507,5.812,0.172,0.563
26640,3U-D-Z2.tif,0.652,4.699,0.371,1.733,522,92,121.159,0.698,3.113,0.321,0.719
26641,3U-D-Z2.tif,0.348,2.213,0.894,0.814,576,114,53.616,0.61,1.359,0.736,0.936
26642,3U-D-Z2.tif,0.555,3.2,0.681,1.134,703,101,160.463,0.786,1.456,0.687,0.89
26643,3U-D-Z2.tif,0.526,4.857,0.28,1.207,970,98,143.13,0.91,1.234,0.81,0.7
26644,3U-D-Z2.tif,0.209,2.059,0.621,0.853,50,97,104.036,0.345,2.463,0.406,0.889
26645,3U-D-Z2.tif,0.429,2.639,0.775,0.954,462,124,77.471,0.621,1.535,0.652,0.929
26646,3U-D-Z2.tif,0.501,4.272,0.345,1.238,377,134,77.125,0.735,1.952,0.512,0.675
26647,3U-D-Z2.tif,0.42,2.489,0.851,0.92,403,130,77.005,0.621,1.449,0.69,0.939
26648,3U-D-Z2.tif,0.294,2.656,0.523,1.037,794,116,21.448,0.46,2.278,0.439,0.84
26649,3U-D-Z2.tif,0.559,3.749,0.5,1.255,342,141,69.075,0.726,1.84,0.544,0.825
26650,3U-D-Z2.tif,0.295,2.546,0.572,1.08,945,140,73.301,0.386,2.913,0.343,0.878
26651,3U-D-Z2.tif,1.3,6.647,0.37,2.457,152,184,85.17,0.793,3.301,0.303,0.8
26652,3U-D-Z2.tif,0.482,4.337,0.322,1.1,499,124,147.804,0.903,1.26,0.794,0.678
26653,3U-D-Z2.tif,0.207,2.701,0.356,0.995,423,144,75.964,0.379,2.986,0.335,0.699
26654,3U-D-Z2.tif,0.423,2.908,0.629,0.988,471,141,29.249,0.707,1.318,0.759,0.816
26655,3U-D-Z2.tif,0.363,2.506,0.726,1.083,444,120,127.235,0.488,2.18,0.459,0.934
26656,3U-D-Z2.tif,0.35,2.753,0.58,1.019,612,148,66.038,0.517,2.045,0.489,0.874
26657,3U-D-Z2.tif,0.482,2.817,0.762,1.13,175,126,102.339,0.517,2.174,0.46,0.952
26658,3U-D-Z2.tif,0.835,6.937,0.218,1.527,212,152,25.408,1.218,1.429,0.7,0.586
26659,3U-D-Z2.tif,0.654,3.643,0.619,1.349,957,128,122.471,0.829,1.535,0.652,0.87
26660,3U-D-Z2.tif,0.35,2.805,0.558,1.185,190,129,98.366,0.414,3.137,0.319,0.879
26661,3U-D-Z2.tif,0.421,3.927,0.343,1.246,687,160,48.366,0.707,1.929,0.519,0.698
26662,3U-D-Z2.tif,0.365,2.676,0.641,1.05,63,151,23.199,0.483,2.44,0.41,0.856
26663,3U-D-Z2.tif,0.342,2.4,0.747,0.928,573,143,158.199,0.556,1.775,0.563,0.9
26664,3U-D-Z2.tif,2.227,11.675,0.205,3.713,287,163,10.162,1.659,3.224,0.31,0.528
26665,3U-D-Z2.tif,0.289,2.222,0.736,0.829,736,149,16.928,0.585,1.357,0.737,0.879
26666,3U-D-Z2.tif,1.023,6.433,0.311,1.468,615,153,170.538,1.105,1.297,0.771,0.79
26667,3U-D-Z2.tif,0.768,3.692,0.708,1.352,790,147,142.253,0.906,1.577,0.634,0.878
26668,3U-D-Z2.tif,0.256,2.161,0.688,0.786,768,151,105.255,0.531,1.52,0.658,0.825
26669,3U-D-Z2.tif,0.382,2.392,0.839,0.881,394,157,120.579,0.655,1.374,0.728,0.924
26670,3U-D-Z2.tif,0.526,2.716,0.895,0.973,73,186,67.068,0.69,1.354,0.738,0.953
26671,3U-D-Z2.tif,0.831,4.317,0.56,1.298,575,163,106.991,0.881,1.459,0.685,0.881
26672,3U-D-Z2.tif,6.748,18.851,0.239,4.525,138,176,169.461,3.563,1.295,0.772,0.629
26673,3U-D-Z2.tif,0.767,3.724,0.695,1.464,652,201,43.091,0.794,1.695,0.59,0.913
26674,3U-D-Z2.tif,0.371,2.555,0.714,0.942,758,171,113.749,0.642,1.498,0.667,0.886
26675,3U-D-Z2.tif,0.419,3.525,0.423,0.977,285,181,137.862,0.756,1.181,0.847,0.764
26676,3U-D-Z2.tif,0.537,5.698,0.208,1.87,776,189,157.218,0.77,3.863,0.259,0.512
26677,3U-D-Z2.tif,0.219,2.632,0.397,0.903,117,182,133.452,0.512,1.869,0.535,0.705
26678,3U-D-Z2.tif,0.523,5.701,0.202,1.798,693,183,122.471,0.948,2.236,0.447,0.415
26679,3U-D-Z2.tif,0.75,3.391,0.82,1.188,391,216,64.179,0.833,1.439,0.695,0.933
26680,3U-D-Z2.tif,1.61,5.219,0.743,1.673,408,215,171.703,1.378,1.227,0.815,0.905
26681,3U-D-Z2.tif,0.59,3.172,0.737,1.137,337,192,104.036,0.774,1.444,0.693,0.916
26682,3U-D-Z2.tif,0.252,2.575,0.478,1.002,991,219,49.185,0.468,2.327,0.43,0.767
26683,3U-D-Z2.tif,0.202,1.726,0.853,0.666,70,208,21.251,0.414,1.641,0.609,0.924
26684,3U-D-Z2.tif,1.021,4.842,0.548,1.364,843,221,20.726,1.17,1.079,0.927,0.881
26685,3U-D-Z2.tif,0.245,1.909,0.845,0.727,750,219,58.57,0.488,1.494,0.669,0.916
26686,3U-D-Z2.tif,0.285,3.022,0.393,0.916,683,206,160.201,0.617,1.945,0.514,0.685
26687,3U-D-Z2.tif,0.517,3.5,0.531,1.201,291,210,140.826,0.749,1.789,0.559,0.789
26688,3U-D-Z2.tif,1.42,8,0.279,2.464,369,213,107.928,1.303,1.752,0.571,0.668
26689,3U-D-Z2.tif,0.773,3.37,0.855,1.206,103,216,120.964,0.922,1.265,0.79,0.939
26690,3U-D-Z2.tif,0.474,4.899,0.248,1.732,661,223,125.272,0.573,3.324,0.301,0.567
26691,3U-D-Z2.tif,0.447,4.245,0.312,1.461,827,222,109.29,0.681,2.403,0.416,0.6
26692,3U-D-Z2.tif,0.845,4.479,0.53,1.531,756,268,82.235,0.79,1.967,0.508,0.889
26693,3U-D-Z2.tif,0.289,2.323,0.673,0.872,988,252,71.565,0.552,1.489,0.672,0.844
26694,3U-D-Z2.tif,0.823,3.724,0.746,1.32,333,231,109.855,0.907,1.354,0.738,0.914
26695,3U-D-Z2.tif,0.293,2.81,0.465,0.981,398,244,18.435,0.517,2.109,0.474,0.711
26696,3U-D-Z2.tif,1.121,4.622,0.66,1.497,562,231,97.943,1.089,1.332,0.751,0.906
26697,3U-D-Z2.tif,0.312,3.046,0.422,1.213,796,271,75.174,0.464,3.229,0.31,0.697
26698,3U-D-Z2.tif,0.69,4.886,0.363,1.339,289,239,101.889,0.985,1.597,0.626,0.757
26699,3U-D-Z2.tif,0.521,4.015,0.406,1.741,35,290,82.03,0.459,3.931,0.254,0.862
26700,3U-D-Z2.tif,0.367,3.919,0.301,1.185,76,274,81.634,0.574,2.444,0.409,0.64
26701,3U-D-Z2.tif,0.765,5.146,0.363,1.549,465,242,106.821,0.797,2.084,0.48,0.795
26702,3U-D-Z2.tif,0.398,2.534,0.779,0.954,816,269,77.471,0.621,1.456,0.687,0.903
26703,3U-D-Z2.tif,0.534,2.802,0.855,0.961,869,258,21.038,0.793,1.166,0.858,0.932
26704,3U-D-Z2.tif,0.516,3.623,0.494,1.18,447,250,96.71,0.763,1.343,0.744,0.804
26705,3U-D-Z2.tif,0.245,2.193,0.64,0.928,854,251,121.329,0.389,2.643,0.378,0.866
26706,3U-D-Z2.tif,0.39,3.496,0.401,1.419,645,292,64.058,0.522,2.981,0.335,0.712
26707,3U-D-Z2.tif,0.319,2.185,0.839,0.823,91,280,56.976,0.585,1.382,0.724,0.931
26708,3U-D-Z2.tif,0.488,3.273,0.572,1.187,490,290,54.462,0.685,1.741,0.574,0.804
26709,3U-D-Z2.tif,1.118,4.134,0.822,1.506,323,262,105.945,1.068,1.354,0.739,0.941
26710,3U-D-Z2.tif,0.861,6.998,0.221,1.732,415,274,144.728,0.997,1.776,0.563,0.63
26711,3U-D-Z2.tif,0.383,3.359,0.427,1.112,803,273,150.255,0.658,1.847,0.541,0.696
26712,3U-D-Z2.tif,0.367,2.36,0.829,0.928,112,277,105.068,0.571,1.633,0.613,0.936
26713,3U-D-Z2.tif,1.845,5.141,0.877,1.718,368,326,79.592,1.483,1.142,0.875,0.957
26714,3U-D-Z2.tif,0.253,2.181,0.669,0.737,718,289,10.784,0.564,1.313,0.761,0.845
26715,3U-D-Z2.tif,0.479,2.721,0.813,1.029,607,283,103.57,0.66,1.557,0.642,0.923
26716,3U-D-Z2.tif,1.141,6.774,0.313,1.921,137,338,68.962,1.443,1.458,0.686,0.663
26717,3U-D-Z2.tif,0.265,2.153,0.719,0.899,291,290,147.529,0.463,2.042,0.49,0.894
26718,3U-D-Z2.tif,0.763,4.553,0.463,1.59,758,334,86.269,0.878,1.748,0.572,0.807
26719,3U-D-Z2.tif,2.453,8.698,0.407,2.29,198,345,52.958,1.678,1.343,0.745,0.87
26720,3U-D-Z2.tif,0.402,2.908,0.597,1.225,271,302,147.653,0.524,2.56,0.391,0.835
26721,3U-D-Z2.tif,1.969,9.966,0.249,3.248,24,305,93.652,1.069,3.265,0.306,0.763
26722,3U-D-Z2.tif,0.723,5.219,0.334,1.467,697,345,66.448,0.853,1.712,0.584,0.761
26723,3U-D-Z2.tif,0.762,3.399,0.829,1.255,840,341,69.075,0.84,1.505,0.665,0.945
26724,3U-D-Z2.tif,0.424,2.656,0.756,0.954,917,309,102.529,0.655,1.323,0.756,0.897
26725,3U-D-Z2.tif,1.66,5.133,0.792,1.697,519,348,37.569,1.406,1.167,0.857,0.92
26726,3U-D-Z2.tif,0.328,2.908,0.488,1.083,54,345,80.838,0.527,2.276,0.439,0.787
26727,3U-D-Z2.tif,1.508,5.698,0.584,1.723,767,348,19.885,1.395,1.057,0.946,0.838
26728,3U-D-Z2.tif,0.813,5.917,0.292,1.768,463,341,20.556,0.853,2.124,0.471,0.658
26729,3U-D-Z2.tif,1.112,6.002,0.388,1.664,265,322,129.958,1.055,1.449,0.69,0.836
26730,3U-D-Z2.tif,2.275,11.623,0.212,3.767,643,344,156.251,1.504,3.3,0.303,0.505
26731,3U-D-Z2.tif,0.221,2.489,0.449,1.018,342,326,151.699,0.366,3.393,0.295,0.773
26732,3U-D-Z2.tif,1.019,5.612,0.407,1.515,413,337,11.821,1.235,1.181,0.846,0.794
26733,3U-D-Z2.tif,0.914,3.935,0.742,1.332,723,330,111.251,0.972,1.407,0.711,0.925
26734,3U-D-Z2.tif,0.335,3.106,0.437,1.283,859,367,83.83,0.448,3.135,0.319,0.774
26735,3U-D-Z2.tif,1.05,4.909,0.547,1.44,380,366,42.089,1.175,1.234,0.81,0.868
26736,3U-D-Z2.tif,0.407,2.652,0.727,0.962,814,365,75.466,0.69,1.441,0.694,0.875
26737,3U-D-Z2.tif,1.102,4.86,0.586,1.444,964,374,56.689,1.169,1.14,0.877,0.873
26738,3U-D-Z2.tif,0.477,4.438,0.304,1.513,487,341,114.228,0.748,2.437,0.41,0.584
26739,3U-D-Z2.tif,0.58,3.692,0.535,1.08,352,379,73.301,0.842,1.353,0.739,0.814
26740,3U-D-Z2.tif,0.323,2.96,0.464,1.309,253,363,161.565,0.391,3.69,0.271,0.854
26741,3U-D-Z2.tif,0.502,3.505,0.513,1.44,1006,367,101.041,0.523,2.975,0.336,0.849
26742,3U-D-Z2.tif,0.949,4.934,0.49,1.527,169,410,71.565,0.934,1.648,0.607,0.883
26743,3U-D-Z2.tif,0.97,4.487,0.606,1.422,129,370,104.036,0.998,1.586,0.631,0.869
26744,3U-D-Z2.tif,0.314,3.244,0.375,1.385,272,420,71.114,0.399,3.91,0.256,0.729
26745,3U-D-Z2.tif,0.524,3.448,0.554,1.424,648,398,173.047,0.629,2.115,0.473,0.869
26746,3U-D-Z2.tif,0.628,3.623,0.601,1.159,971,388,120.379,0.889,1.445,0.692,0.811
26747,3U-D-Z2.tif,0.434,3.106,0.565,1.206,337,420,59.036,0.622,2.098,0.477,0.848
26748,3U-D-Z2.tif,0.939,5.417,0.402,1.627,430,391,122.005,0.999,1.892,0.529,0.76
26749,3U-D-Z2.tif,0.47,3.557,0.466,1.331,957,390,106.557,0.524,2.991,0.334,0.81
26750,3U-D-Z2.tif,0.906,6.623,0.26,1.732,471,394,167.347,1.121,1.32,0.758,0.675
26751,3U-D-Z2.tif,0.52,3.451,0.548,1.44,49,412,11.041,0.532,2.634,0.38,0.871
26752,3U-D-Z2.tif,0.405,3.054,0.546,1.082,911,400,149.349,0.612,2.067,0.484,0.784
26753,3U-D-Z2.tif,0.778,3.5,0.798,1.254,824,401,121.504,0.857,1.42,0.704,0.936
26754,3U-D-Z2.tif,0.383,3.51,0.391,1.211,349,433,70.017,0.514,2.973,0.336,0.726
26755,3U-D-Z2.tif,0.303,3.31,0.348,1.171,533,415,13.627,0.497,2.695,0.371,0.647
26756,3U-D-Z2.tif,0.609,3.586,0.595,1.385,747,439,71.114,0.619,2.546,0.393,0.864
26757,3U-D-Z2.tif,0.549,3.017,0.758,1.215,776,401,124.592,0.632,1.935,0.517,0.932
26758,3U-D-Z2.tif,0.583,3.46,0.612,1.383,36,402,94.289,0.586,2.555,0.391,0.9
26759,3U-D-Z2.tif,4.15,15.419,0.219,4.056,263,508,63.217,2.272,2.167,0.462,0.637
26760,3U-D-Z2.tif,0.899,4.854,0.48,1.377,709,447,67.932,1.041,1.206,0.829,0.857
26761,3U-D-Z2.tif,0.68,3.789,0.595,1.473,375,451,69.444,0.712,2.213,0.452,0.876
26762,3U-D-Z2.tif,0.237,2.469,0.488,0.941,882,437,61.557,0.463,2.311,0.433,0.816
26763,3U-D-Z2.tif,1.599,5.669,0.625,1.936,520,474,85.914,1.413,1.234,0.811,0.867
26764,3U-D-Z2.tif,0.535,4.297,0.364,1.476,906,424,142.595,0.664,2.598,0.385,0.669
26765,3U-D-Z2.tif,1.175,4.946,0.603,1.597,161,441,13.736,1.135,1.411,0.709,0.873
26766,3U-D-Z2.tif,4.828,16.991,0.21,3.938,549,452,139.616,2.558,1.446,0.691,0.719
26767,3U-D-Z2.tif,0.453,2.761,0.747,1.077,337,434,129.806,0.652,1.709,0.585,0.919
26768,3U-D-Z2.tif,0.811,4.748,0.452,1.661,826,485,85.236,0.844,2.125,0.471,0.782
26769,3U-D-Z2.tif,0.658,3.391,0.719,1.167,265,445,145.84,0.897,1.14,0.877,0.883
26770,3U-D-Z2.tif,0.275,2.242,0.687,0.91,620,441,114.624,0.463,1.997,0.501,0.877
26771,3U-D-Z2.tif,0.451,3.058,0.606,1.211,218,443,94.899,0.538,2.208,0.453,0.876
26772,3U-D-Z2.tif,0.466,5.198,0.217,1.327,100,452,155.433,0.742,2.031,0.492,0.641
26773,3U-D-Z2.tif,0.748,4.731,0.42,1.444,887,448,130.156,0.953,1.575,0.635,0.727
26774,3U-D-Z2.tif,0.906,6.071,0.309,1.546,451,481,51.34,1.011,1.687,0.593,0.747
26775,3U-D-Z2.tif,0.404,3.522,0.41,1.463,781,481,55.561,0.501,3.202,0.312,0.76
26776,3U-D-Z2.tif,0.364,3.984,0.288,1.189,653,470,16.858,0.572,1.994,0.501,0.675
26777,3U-D-Z2.tif,0.218,1.958,0.714,0.804,743,456,120.964,0.381,2.24,0.446,0.891
26778,3U-D-Z2.tif,0.536,3.005,0.746,0.947,709,481,56.889,0.813,1.125,0.889,0.906
26779,3U-D-Z2.tif,0.679,5.187,0.317,1.489,163,493,47.816,1.021,1.405,0.712,0.667
26780,3U-D-Z2.tif,0.677,5.82,0.251,1.732,91,464,125.272,0.727,2.697,0.371,0.669
26781,3U-D-Z2.tif,0.354,3.086,0.468,1.255,875,464,110.925,0.478,3.4,0.294,0.77
26782,3U-D-Z2.tif,0.834,4.544,0.507,1.223,353,471,139.574,1.034,1.111,0.9,0.847
26783,3U-D-Z2.tif,0.231,2.027,0.706,0.67,121,486,34.509,0.552,1.12,0.893,0.853
26784,3U-D-Z2.tif,0.542,3.086,0.715,1.126,400,491,27.35,0.794,1.534,0.652,0.868
26785,3U-D-Z2.tif,0.617,4.208,0.438,1.305,528,510,77.8,0.854,1.622,0.617,0.819
26786,3U-D-Z2.tif,0.942,6.177,0.31,1.727,849,473,93.434,1.163,1.646,0.607,0.657
26787,3U-D-Z2.tif,0.516,2.761,0.85,0.981,7,493,18.435,0.74,1.319,0.758,0.931
26788,3U-D-Z2.tif,0.333,2.396,0.729,1.005,797,480,120.964,0.481,2.135,0.468,0.9
26789,3U-D-Z2.tif,0.442,3.591,0.431,1.163,440,517,78.024,0.618,1.995,0.501,0.819
26790,3U-D-Z2.tif,0.458,3.074,0.609,1.151,971,484,98.616,0.651,1.772,0.564,0.82
26791,3U-D-Z2.tif,0.47,3.915,0.385,1.029,737,485,103.57,0.862,1.222,0.818,0.7
26792,3U-D-Z2.tif,0.275,2.038,0.831,0.817,202,488,152.354,0.503,1.638,0.61,0.918
26793,3U-D-Z2.tif,0.39,2.635,0.706,1.071,53,508,33.179,0.597,1.894,0.528,0.893
26794,3U-D-Z2.tif,0.213,2.213,0.546,0.907,426,490,98.746,0.41,2.212,0.452,0.815
26795,3U-D-Z2.tif,0.249,3.042,0.337,1.244,758,495,136.123,0.463,2.686,0.372,0.719
26796,3U-D-Z2.tif,0.459,2.948,0.664,1.05,905,525,66.801,0.783,1.417,0.706,0.843
26797,3U-D-Z2.tif,0.228,2.741,0.382,1.206,237,499,149.036,0.343,4.169,0.24,0.723
26798,3U-D-Z2.tif,0.277,1.941,0.924,0.662,296,502,141.34,0.586,1.042,0.96,0.943
26799,3U-D-Z2.tif,0.284,2.01,0.884,0.727,469,530,58.57,0.552,1.262,0.793,0.935
26800,3U-D-Z2.tif,0.614,5.772,0.231,1.594,523,551,51.147,0.677,2.745,0.364,0.658
26801,3U-D-Z2.tif,1.037,4.507,0.641,1.723,347,541,19.885,0.853,2.028,0.493,0.914
26802,3U-D-Z2.tif,0.826,3.456,0.869,1.187,810,521,125.538,0.951,1.176,0.851,0.94
26803,3U-D-Z2.tif,0.422,5.012,0.211,1.669,927,561,51.71,0.724,2.891,0.346,0.447
26804,3U-D-Z2.tif,0.554,3.106,0.722,1.05,274,541,23.199,0.737,1.482,0.675,0.893
26805,3U-D-Z2.tif,0.819,6.493,0.244,1.339,44,558,55.491,1.108,1.181,0.847,0.759
26806,3U-D-Z2.tif,0.326,2.656,0.581,1.058,161,556,70.974,0.483,2.406,0.416,0.833
26807,3U-D-Z2.tif,0.52,2.704,0.893,0.928,225,531,131.987,0.802,1.125,0.889,0.941
26808,3U-D-Z2.tif,1.59,7.972,0.314,2.04,425,532,120.466,1.622,1.484,0.674,0.647
26809,3U-D-Z2.tif,0.819,4.926,0.424,1.949,183,590,76.701,0.696,2.956,0.338,0.768
26810,3U-D-Z2.tif,2.711,7.752,0.567,2.795,108,615,74.249,1.657,1.932,0.518,0.826
26811,3U-D-Z2.tif,0.266,2.656,0.475,1.102,1009,570,69.864,0.41,3.445,0.29,0.763
26812,3U-D-Z2.tif,0.527,4.378,0.345,1.142,357,564,28.887,0.793,1.635,0.612,0.717
26813,3U-D-Z2.tif,0.209,3.473,0.218,1.167,753,567,34.16,0.54,3.177,0.315,0.526
26814,3U-D-Z2.tif,0.581,3.956,0.467,1.494,331,549,108.853,0.64,2.495,0.401,0.85
26815,3U-D-Z2.tif,0.386,2.331,0.894,0.796,293,562,17.65,0.679,1.178,0.849,0.937
26816,3U-D-Z2.tif,1.04,7.753,0.218,2.526,756,573,165.774,1.257,2.303,0.434,0.519
26817,3U-D-Z2.tif,0.587,3.09,0.773,1.204,204,588,66.371,0.692,1.779,0.562,0.936
26818,3U-D-Z2.tif,0.216,2.124,0.603,0.897,864,570,22.62,0.393,2.655,0.377,0.831
26819,3U-D-Z2.tif,0.201,1.86,0.73,0.634,8,579,67.62,0.494,1.299,0.77,0.847
26820,3U-D-Z2.tif,0.439,2.514,0.872,0.895,720,566,105.642,0.694,1.266,0.79,0.916
26821,3U-D-Z2.tif,0.97,7.63,0.209,2.673,986,566,96.667,0.693,4.805,0.208,0.68
26822,3U-D-Z2.tif,0.254,2.299,0.605,0.786,915,582,37.875,0.61,1.272,0.786,0.817
26823,3U-D-Z2.tif,1.137,5.462,0.479,1.664,378,609,55.981,1.195,1.283,0.779,0.839
26824,3U-D-Z2.tif,0.463,4.292,0.316,1.728,281,571,151.39,0.612,3.785,0.264,0.711
26825,3U-D-Z2.tif,1.187,4.642,0.692,1.531,531,573,157.479,1.195,1.149,0.87,0.895
26826,3U-D-Z2.tif,0.712,3.744,0.639,1.283,467,610,83.83,0.791,1.578,0.634,0.913
26827,3U-D-Z2.tif,0.856,4.045,0.658,1.347,235,599,13.325,1.064,1.283,0.78,0.851
26828,3U-D-Z2.tif,0.297,3.083,0.393,1.127,145,608,66.571,0.554,2.026,0.494,0.679
26829,3U-D-Z2.tif,0.586,3.322,0.668,1.163,493,611,78.024,0.709,1.749,0.572,0.879
26830,3U-D-Z2.tif,0.755,6.86,0.202,1.499,850,618,66.975,1.181,1.312,0.762,0.578
26831,3U-D-Z2.tif,0.392,2.936,0.572,1.254,948,609,58.496,0.47,3.013,0.332,0.855
26832,3U-D-Z2.tif,1.606,9.373,0.23,2.049,651,641,83.234,1.471,1.488,0.672,0.72
26833,3U-D-Z2.tif,1.245,7.94,0.248,1.9,693,639,78.486,1.196,1.349,0.741,0.692
26834,3U-D-Z2.tif,0.206,2.619,0.377,1.151,969,622,81.384,0.326,4.08,0.245,0.786
26835,3U-D-Z2.tif,0.439,2.684,0.765,1.015,285,593,99.782,0.623,1.634,0.612,0.914
26836,3U-D-Z2.tif,1.18,8.054,0.229,2.171,754,597,110.45,1.429,1.917,0.522,0.502
26837,3U-D-Z2.tif,0.325,3.367,0.36,1.379,920,599,126.87,0.562,2.995,0.334,0.638
26838,3U-D-Z2.tif,0.784,5.864,0.286,2.057,290,638,34.756,0.76,3.405,0.294,0.657
26839,3U-D-Z2.tif,0.411,2.489,0.834,0.911,610,602,119.476,0.633,1.407,0.711,0.93
26840,3U-D-Z2.tif,0.792,5.377,0.344,1.885,890,602,140.194,0.843,2.519,0.397,0.698
26841,3U-D-Z2.tif,0.384,2.997,0.537,0.962,225,630,75.466,0.647,1.448,0.691,0.826
26842,3U-D-Z2.tif,0.704,3.634,0.67,1.356,200,604,97.306,0.746,2.016,0.496,0.887
26843,3U-D-Z2.tif,0.222,3.184,0.276,1.029,339,611,129.56,0.522,2.297,0.435,0.557
26844,3U-D-Z2.tif,0.61,4.431,0.39,1.912,531,610,129.144,0.536,3.985,0.251,0.755
26845,3U-D-Z2.tif,0.453,3.619,0.435,1.418,255,614,138.945,0.512,3.239,0.309,0.781
26846,3U-D-Z2.tif,1.235,5.726,0.473,1.882,481,630,151.557,1.106,1.565,0.639,0.833
26847,3U-D-Z2.tif,0.571,3.436,0.608,1.113,152,634,163.811,0.817,1.465,0.683,0.816
26848,3U-D-Z2.tif,2.164,5.612,0.863,1.848,236,627,104.036,1.589,1.143,0.875,0.955
26849,3U-D-Z2.tif,0.866,3.528,0.874,1.167,416,631,124.16,1.031,1.078,0.927,0.956
26850,3U-D-Z2.tif,0.213,1.929,0.719,0.766,736,634,125.838,0.449,1.874,0.534,0.869
26851,3U-D-Z2.tif,1.527,9.584,0.209,1.966,307,701,74.745,1.508,1.424,0.702,0.666
26852,3U-D-Z2.tif,0.369,3.005,0.513,0.975,632,654,171.87,0.655,1.441,0.694,0.802
26853,3U-D-Z2.tif,0.567,2.972,0.807,1.157,355,684,79.695,0.621,1.821,0.549,0.952
26854,3U-D-Z2.tif,0.25,2.124,0.695,0.812,476,677,77.735,0.499,1.798,0.556,0.854
26855,3U-D-Z2.tif,0.301,2.201,0.78,0.833,912,656,155.556,0.56,1.472,0.679,0.885
26856,3U-D-Z2.tif,0.367,3.809,0.318,1.07,113,666,159.228,0.753,1.634,0.612,0.577
26857,3U-D-Z2.tif,1.963,6.367,0.608,1.87,492,710,67.218,1.65,1.072,0.933,0.84
26858,3U-D-Z2.tif,0.372,2.566,0.71,0.956,657,676,25.641,0.586,1.571,0.637,0.892
26859,3U-D-Z2.tif,0.765,3.907,0.629,1.219,903,695,81.87,0.913,1.454,0.688,0.89
26860,3U-D-Z2.tif,0.633,3.298,0.731,1.301,759,688,32.005,0.685,1.967,0.508,0.911
26861,3U-D-Z2.tif,1.257,5.523,0.518,1.805,579,666,118.523,1.238,1.655,0.604,0.855
26862,3U-D-Z2.tif,1.037,6.539,0.305,1.697,929,705,37.569,1.185,1.493,0.67,0.705
26863,3U-D-Z2.tif,0.719,4.622,0.423,1.707,716,670,98.13,0.712,2.446,0.409,0.77
26864,3U-D-Z2.tif,0.398,2.578,0.753,0.884,554,671,110.556,0.586,1.432,0.698,0.931
26865,3U-D-Z2.tif,1.331,8.792,0.216,2.128,616,672,130.4,1.576,1.108,0.902,0.619
26866,3U-D-Z2.tif,0.41,4.447,0.261,1.138,853,689,125.134,0.91,1.442,0.694,0.531
26867,3U-D-Z2.tif,0.272,2.465,0.563,0.807,365,710,70.017,0.642,1.158,0.863,0.786
26868,3U-D-Z2.tif,0.471,2.891,0.708,1.151,741,723,81.384,0.621,1.954,0.512,0.92
26869,3U-D-Z2.tif,0.679,4.431,0.434,1.148,395,696,138.652,0.931,1.128,0.886,0.823
26870,3U-D-Z2.tif,0.319,2.721,0.541,0.911,820,697,119.476,0.628,1.645,0.608,0.747
26871,3U-D-Z2.tif,0.287,2.339,0.658,0.786,760,702,105.255,0.555,1.373,0.728,0.872
26872,3U-D-Z3.tif,1.152,5.885,0.418,1.527,77,60,97.696,1.193,1.24,0.807,0.895
26873,3U-D-Z3.tif,1.977,8.686,0.329,1.881,193,235,83.339,1.503,1.28,0.781,0.9
26874,3U-D-Z3.tif,0.453,3.627,0.433,1.061,782,108,107.969,0.712,1.55,0.645,0.862
26875,3U-D-Z3.tif,1.744,5.501,0.724,1.705,558,281,36.87,1.445,1.182,0.846,0.939
26876,3U-D-Z3.tif,0.251,3.902,0.207,1.421,426,272,37.2,0.447,3.647,0.274,0.554
26877,3U-D-Z3.tif,0.459,3.635,0.437,1.001,480,247,29.358,0.8,1.148,0.871,0.883
26878,3U-D-Z3.tif,0.874,5.181,0.409,1.762,740,372,56.679,0.853,1.797,0.557,0.84
26879,3U-D-Z3.tif,0.572,4.339,0.382,1.669,881,397,168.69,0.677,2.214,0.452,0.8
26880,3U-D-Z3.tif,0.408,4.135,0.3,0.922,322,429,29.219,0.766,1.346,0.743,0.753
26881,3U-D-Z3.tif,0.511,5.59,0.205,1.599,864,430,171.663,0.532,3.571,0.28,0.74
26882,3U-D-Z3.tif,0.422,3.057,0.567,1.053,110,490,131.326,0.655,1.662,0.602,0.906
26883,3U-D-Z3.tif,2.406,7.269,0.572,2.033,625,612,29.316,1.561,1.322,0.757,0.939
26884,3U-D-Z3.tif,0.606,5.781,0.228,1.234,393,578,44.105,1.044,1.332,0.751,0.717
26885,3U-D-Z3.tif,0.294,4.124,0.217,1.17,261,625,21.181,0.538,2.553,0.392,0.641
26886,3U-D-Z3.tif,0.362,2.695,0.626,0.998,365,694,86.082,0.545,1.875,0.533,0.91
26887,3U-D-Z3.tif,0.215,3.52,0.218,1.249,147,719,10.697,0.408,4.408,0.227,0.609
26888,3U-U-Z1.tif,0.648,3.07,0.864,1.116,585,1,99.462,0.918,1.198,0.835,0.87
26889,3U-U-Z1.tif,0.994,5.026,0.494,1.675,349,20,80.538,1.074,1.616,0.619,0.733
26890,3U-U-Z1.tif,1.364,4.637,0.797,1.741,590,28,71.565,1.19,1.505,0.665,0.873
26891,3U-U-Z1.tif,1.23,5.134,0.586,1.964,553,11,142.595,1.152,1.607,0.622,0.766
26892,3U-U-Z1.tif,0.665,3.2,0.816,1.248,298,26,53.973,0.814,1.492,0.67,0.854
26893,3U-U-Z1.tif,0.985,3.621,0.944,1.336,457,29,74.055,1.009,1.283,0.78,0.921
26894,3U-U-Z1.tif,0.808,3.415,0.871,1.336,444,16,105.945,0.826,1.553,0.644,0.906
26895,3U-U-Z1.tif,0.539,2.864,0.825,1.161,688,28,71.565,0.734,1.529,0.654,0.865
26896,3U-U-Z1.tif,0.842,3.307,0.967,1.15,417,21,151.39,1.009,1.03,0.97,0.909
26897,3U-U-Z1.tif,1.213,4.247,0.845,1.584,521,36,79.992,1.101,1.383,0.723,0.914
26898,3U-U-Z1.tif,0.598,2.994,0.838,1.161,579,19,108.435,0.734,1.605,0.623,0.904
26899,3U-U-Z1.tif,1.272,5.76,0.482,1.945,673,21,109.29,1.094,1.906,0.525,0.763
26900,3U-U-Z1.tif,1.027,3.988,0.812,1.451,475,24,145.305,1.08,1.26,0.794,0.868
26901,3U-U-Z1.tif,1.213,4.118,0.899,1.538,370,40,72.646,1.101,1.377,0.726,0.923
26902,3U-U-Z1.tif,0.817,4.194,0.584,1.538,465,42,72.646,0.918,1.772,0.564,0.812
26903,3U-U-Z1.tif,1.288,4.928,0.667,1.962,638,48,79.216,1.101,1.881,0.532,0.841
26904,3U-U-Z1.tif,0.952,3.675,0.886,1.389,560,44,82.405,0.918,1.414,0.707,0.908
26905,3U-U-Z1.tif,1.002,4.874,0.53,1.977,498,51,68.199,0.795,3.115,0.321,0.778
26906,3U-U-Z1.tif,1.819,7.004,0.466,2.538,280,53,40.601,1.313,2.312,0.432,0.758
26907,3U-U-Z1.tif,0.977,3.728,0.883,1.425,356,32,104.931,0.918,1.47,0.68,0.913
26908,3U-U-Z1.tif,1.474,4.668,0.85,1.634,389,48,51.843,1.261,1.307,0.765,0.902
26909,3U-U-Z1.tif,1.171,4.982,0.593,1.945,576,52,70.71,1.101,1.67,0.599,0.808
26910,3U-U-Z1.tif,1.103,5.004,0.554,1.977,414,33,111.801,0.902,2.708,0.369,0.784
26911,3U-U-Z1.tif,1.061,4.377,0.696,1.626,436,35,106.39,1.009,1.711,0.585,0.832
26912,3U-U-Z1.tif,1.844,5.447,0.781,1.936,522,48,31.43,1.393,1.525,0.656,0.883
26913,3U-U-Z1.tif,0.867,5.308,0.387,1.692,303,39,167.471,1.009,1.767,0.566,0.682
26914,3U-U-Z1.tif,1.415,5.286,0.636,1.741,475,39,108.435,1.428,1.303,0.767,0.792
26915,3U-U-Z1.tif,2.467,8.549,0.424,2.915,708,39,118.179,1.605,1.967,0.508,0.689
26916,3U-U-Z1.tif,0.514,3.231,0.618,1.074,759,44,160.017,0.826,1.416,0.706,0.797
26917,3U-U-Z1.tif,1.684,6.042,0.58,2.004,333,62,74.055,1.553,1.302,0.768,0.803
26918,3U-U-Z1.tif,1.752,7.09,0.438,2.14,544,59,30.964,1.596,1.305,0.766,0.751
26919,3U-U-Z1.tif,1.44,4.767,0.796,1.731,584,46,122.005,1.272,1.387,0.721,0.893
26920,3U-U-Z1.tif,0.994,5.921,0.356,2.586,146,47,117.474,0.821,4.099,0.244,0.634
26921,3U-U-Z1.tif,0.792,4.095,0.593,1.714,381,47,105.524,0.671,3.063,0.326,0.828
26922,3U-U-Z1.tif,1.726,4.798,0.942,1.707,398,65,53.746,1.377,1.184,0.844,0.94
26923,3U-U-Z1.tif,1.28,4.538,0.781,1.675,446,49,99.462,1.009,1.694,0.59,0.897
26924,3U-U-Z1.tif,1.154,3.912,0.947,1.48,679,50,119.745,1.101,1.296,0.772,0.932
26925,3U-U-Z1.tif,0.851,3.728,0.769,1.451,303,64,55.305,0.895,1.688,0.592,0.871
26926,3U-U-Z1.tif,1.928,5.577,0.779,2.206,459,58,163.072,1.305,1.734,0.577,0.903
26927,3U-U-Z1.tif,0.589,3.33,0.668,1.377,570,56,126.87,0.714,2.151,0.465,0.824
26928,3U-U-Z1.tif,0.96,4.614,0.567,1.714,122,64,164.476,0.842,2.319,0.431,0.776
26929,3U-U-Z1.tif,0.834,3.361,0.927,1.161,422,63,108.435,1.009,1.149,0.87,0.908
26930,3U-U-Z1.tif,0.867,5.501,0.36,2.07,192,65,102.804,0.916,3.581,0.279,0.675
26931,3U-U-Z1.tif,1.743,5.599,0.699,2.052,365,86,63.435,1.436,1.527,0.655,0.826
26932,3U-U-Z1.tif,5.634,13.337,0.398,3.773,527,108,85.815,2.386,1.512,0.661,0.835
26933,3U-U-Z1.tif,0.741,3.178,0.922,1.304,563,67,129.289,0.844,1.577,0.634,0.917
26934,3U-U-Z1.tif,0.665,2.972,0.947,1.135,488,69,104.036,0.734,1.454,0.688,0.924
26935,3U-U-Z1.tif,3.958,11.024,0.409,3.327,403,70,114.444,2.311,1.687,0.593,0.693
26936,3U-U-Z1.tif,1.659,5.523,0.683,2.235,272,94,70.821,1.09,2.323,0.43,0.87
26937,3U-U-Z1.tif,12.489,23.421,0.286,8.29,758,82,153.719,2.822,3.662,0.273,0.737
26938,3U-U-Z1.tif,1.726,4.874,0.913,1.634,460,88,38.157,1.468,1.073,0.932,0.926
26939,3U-U-Z1.tif,0.834,3.567,0.823,1.48,686,89,60.255,0.844,1.753,0.57,0.892
26940,3U-U-Z1.tif,0.556,3.545,0.556,1.336,294,82,164.055,0.734,2.191,0.456,0.746
26941,3U-U-Z1.tif,0.825,3.285,0.961,1.197,339,91,57.529,0.918,1.253,0.798,0.925
26942,3U-U-Z1.tif,0.825,3.545,0.825,1.248,673,80,126.027,0.895,1.422,0.703,0.887
26943,3U-U-Z1.tif,0.691,3.048,0.934,1.074,560,82,109.983,0.918,1.139,0.878,0.901
26944,3U-U-Z1.tif,1.171,4.064,0.891,1.603,499,85,103.241,1.009,1.524,0.656,0.924
26945,3U-U-Z1.tif,0.64,3.285,0.745,1.398,427,101,66.801,0.675,2.227,0.449,0.884
26946,3U-U-Z1.tif,0.598,3.491,0.617,1.527,107,112,57.265,0.67,2.815,0.355,0.826
26947,3U-U-Z1.tif,0.834,3.545,0.834,1.314,644,99,102.095,0.89,1.569,0.638,0.884
26948,3U-U-Z1.tif,0.867,3.599,0.842,1.451,602,115,71.565,0.826,1.758,0.569,0.924
26949,3U-U-Z1.tif,0.926,3.643,0.877,1.389,408,106,97.595,1.002,1.413,0.708,0.884
26950,3U-U-Z1.tif,0.531,2.605,0.983,1.026,539,117,63.435,0.734,1.346,0.743,0.933
26951,3U-U-Z1.tif,0.893,3.988,0.705,1.483,426,114,158.199,1.009,1.434,0.697,0.828
26952,3U-U-Z1.tif,1.154,4.247,0.804,1.654,524,111,109.44,1.009,1.673,0.598,0.884
26953,3U-U-Z1.tif,0.64,3.048,0.866,1.161,628,111,108.435,0.813,1.491,0.67,0.879
26954,3U-U-Z1.tif,2.872,9.52,0.398,3.482,606,148,71.565,1.628,2.112,0.473,0.704
26955,3U-U-Z1.tif,0.522,2.712,0.892,1.046,331,116,105.255,0.642,1.514,0.66,0.912
26956,3U-U-Z1.tif,1.659,5.393,0.717,2.031,653,117,108.435,1.278,1.721,0.581,0.86
26957,3U-U-Z1.tif,0.884,3.469,0.924,1.336,365,118,105.945,0.826,1.535,0.651,0.938
26958,3U-U-Z1.tif,0.851,3.437,0.905,1.248,691,127,36.027,1.038,1.197,0.835,0.91
26959,3U-U-Z1.tif,1.027,3.934,0.834,1.451,293,132,55.305,1.108,1.331,0.751,0.884
26960,3U-U-Z1.tif,1.457,4.453,0.923,1.603,545,121,103.241,1.272,1.258,0.795,0.923
26961,3U-U-Z1.tif,2.24,8.343,0.404,3.324,142,122,96.34,1.441,2.502,0.4,0.691
26962,3U-U-Z1.tif,2.771,7.295,0.654,2.34,435,139,25.56,1.882,1.152,0.868,0.86
26963,3U-U-Z1.tif,2.56,6.691,0.719,2.409,483,132,162.255,1.656,1.53,0.653,0.866
26964,3U-U-Z1.tif,0.64,2.972,0.911,1.046,465,125,105.255,0.826,1.243,0.805,0.899
26965,3U-U-Z1.tif,0.733,3.361,0.815,1.355,644,127,118.301,0.78,1.832,0.546,0.888
26966,3U-U-Z1.tif,0.749,3.178,0.933,1.161,417,128,108.435,0.918,1.246,0.802,0.904
26967,3U-U-Z1.tif,0.716,4.323,0.481,1.404,346,139,11.31,1.06,1.399,0.715,0.672
26968,3U-U-Z1.tif,0.581,2.842,0.904,1.046,122,130,127.875,0.826,1.213,0.824,0.908
26969,3U-U-Z1.tif,5.945,14.224,0.369,4.557,375,136,154.983,2.443,1.909,0.524,0.726
26970,3U-U-Z1.tif,1.625,4.668,0.937,1.724,517,133,115.201,1.193,1.329,0.753,0.941
26971,3U-U-Z1.tif,2.097,6.561,0.612,2.352,690,135,159.444,1.553,1.712,0.584,0.794
26972,3U-U-Z1.tif,3.849,9.618,0.523,3.29,551,168,30.141,2.062,1.866,0.536,0.776
26973,3U-U-Z1.tif,1.516,6.096,0.513,2.424,842,155,29.476,1.198,2.134,0.469,0.753
26974,3U-U-Z1.tif,2.072,5.425,0.885,2.031,464,163,71.565,1.377,1.485,0.673,0.939
26975,3U-U-Z1.tif,0.994,5.478,0.416,1.505,357,145,142.431,1.193,1.156,0.865,0.752
26976,3U-U-Z1.tif,0.598,2.972,0.851,1.135,545,146,104.036,0.734,1.614,0.619,0.887
26977,3U-U-Z1.tif,0.598,2.811,0.951,1.07,615,156,30.964,0.844,1.221,0.819,0.893
26978,3U-U-Z1.tif,1.651,6.279,0.526,2.525,664,173,70.907,1.074,2.63,0.38,0.798
26979,3U-U-Z1.tif,4.143,15.718,0.211,5.09,422,150,117.951,1.703,3.948,0.253,0.608
26980,3U-U-Z1.tif,12.489,21.193,0.349,8.213,859,155,129.56,2.987,3.35,0.298,0.709
26981,3U-U-Z1.tif,0.564,2.659,1,1.046,443,153,127.875,0.821,1.226,0.815,0.931
26982,3U-U-Z1.tif,4.379,11.346,0.427,4.285,380,159,99.866,1.764,3.255,0.307,0.691
26983,3U-U-Z1.tif,1.844,6.333,0.578,2.25,636,159,101.768,1.285,1.83,0.546,0.854
26984,3U-U-Z1.tif,1.196,4.118,0.886,1.451,495,174,55.305,1.193,1.187,0.842,0.904
26985,3U-U-Z1.tif,0.531,2.712,0.906,1.074,330,168,109.983,0.642,1.529,0.654,0.92
26986,3U-U-Z1.tif,1.507,6.615,0.433,2.322,478,168,108.435,1.077,2.367,0.423,0.752
26987,3U-U-Z1.tif,1.044,3.966,0.834,1.451,792,169,108.435,1.009,1.492,0.67,0.932
26988,3U-U-Z1.tif,2.417,8.96,0.378,2.797,554,194,41.009,1.73,2.218,0.451,0.704
26989,3U-U-Z1.tif,0.699,4.042,0.538,1.626,112,190,73.61,0.73,2.588,0.386,0.761
26990,3U-U-Z1.tif,0.733,3.102,0.957,1.161,467,185,71.565,0.826,1.297,0.771,0.93
26991,3U-U-Z1.tif,1.533,5.241,0.701,1.858,525,173,110.225,1.101,1.616,0.619,0.873
26992,3U-U-Z1.tif,1.044,3.728,0.944,1.314,500,189,65.225,1.101,1.111,0.9,0.929
26993,3U-U-Z1.tif,0.91,4.162,0.66,1.519,647,178,115.017,0.896,1.956,0.511,0.812
26994,3U-U-Z1.tif,0.691,3.048,0.934,1.12,578,190,55.008,0.9,1.204,0.831,0.906
26995,3U-U-Z1.tif,1.061,5.545,0.434,1.782,353,181,145.491,1.07,1.911,0.523,0.71
26996,3U-U-Z1.tif,0.606,3.178,0.755,1.323,415,191,33.69,0.725,1.922,0.52,0.857
26997,3U-U-Z1.tif,1.726,9.35,0.248,3.01,317,203,37.569,1.361,2.843,0.352,0.518
26998,3U-U-Z1.tif,1.154,4.042,0.888,1.603,598,187,103.241,0.918,1.649,0.607,0.935
26999,3U-U-Z1.tif,1.086,6.118,0.365,2.647,683,190,146.31,0.856,4.31,0.232,0.67
27000,3U-U-Z1.tif,1.878,5.286,0.845,1.741,639,209,71.565,1.622,1.13,0.885,0.899
27001,3U-U-Z1.tif,1.137,4.561,0.687,1.916,133,216,73.301,0.918,2.055,0.487,0.882
27002,3U-U-Z1.tif,3.411,8.916,0.539,3.59,428,197,122.471,1.481,2.701,0.37,0.838
27003,3U-U-Z1.tif,0.522,2.788,0.844,1.116,615,198,99.462,0.642,1.817,0.55,0.873
27004,3U-U-Z1.tif,1.078,5.254,0.491,1.642,480,216,63.435,1.14,1.506,0.664,0.746
27005,3U-U-Z1.tif,1.154,4.042,0.888,1.538,555,200,107.354,1.009,1.466,0.682,0.919
27006,3U-U-Z1.tif,1.811,5.035,0.897,1.858,582,203,122.905,1.285,1.341,0.746,0.937
27007,3U-U-Z1.tif,0.547,2.712,0.935,0.993,541,204,123.69,0.826,1.104,0.906,0.915
27008,3U-U-Z1.tif,0.648,3.285,0.755,1.364,302,217,47.726,0.821,1.748,0.572,0.87
27009,3U-U-Z1.tif,3.461,13.056,0.255,3.942,366,248,65.225,1.943,2.264,0.442,0.646
27010,3U-U-Z1.tif,2.333,5.868,0.851,2.004,412,208,105.945,1.56,1.301,0.769,0.933
27011,3U-U-Z1.tif,4.068,7.533,0.901,2.701,495,237,80.218,2.019,1.307,0.765,0.949
27012,3U-U-Z1.tif,1.516,4.668,0.874,1.692,522,210,102.529,1.192,1.444,0.692,0.928
27013,3U-U-Z1.tif,1.39,5.944,0.494,2.181,343,211,104.621,1.044,2.401,0.416,0.805
27014,3U-U-Z1.tif,0.657,3.048,0.889,1.135,315,214,104.036,0.826,1.333,0.75,0.886
27015,3U-U-Z1.tif,0.547,3.827,0.47,1.364,635,221,19.654,0.66,2.511,0.398,0.73
27016,3U-U-Z1.tif,0.783,4.399,0.508,1.765,731,233,81.027,0.918,2.036,0.491,0.715
27017,3U-U-Z1.tif,0.926,5.577,0.374,2.322,187,216,108.435,0.77,3.386,0.295,0.707
27018,3U-U-Z1.tif,0.623,3.415,0.672,1.398,624,216,113.199,0.683,2.218,0.451,0.855
27019,3U-U-Z1.tif,1.002,3.728,0.906,1.355,536,219,118.301,1.101,1.156,0.865,0.919
27020,3U-U-Z1.tif,1.162,4.247,0.81,1.687,548,240,67.62,0.987,1.645,0.608,0.896
27021,3U-U-Z1.tif,6.004,15.401,0.318,3.984,563,265,75.324,2.719,1.597,0.626,0.668
27022,3U-U-Z1.tif,0.733,4.767,0.405,1.724,614,223,115.201,0.927,2.331,0.429,0.63
27023,3U-U-Z1.tif,0.977,3.782,0.858,1.377,471,226,143.13,1.101,1.234,0.81,0.903
27024,3U-U-Z1.tif,1.036,7.004,0.265,2.701,926,254,80.218,0.894,4.673,0.214,0.554
27025,3U-U-Z1.tif,0.539,3.751,0.481,1.513,199,245,75.964,0.598,3.295,0.303,0.711
27026,3U-U-Z1.tif,1.507,4.485,0.942,1.654,409,235,123.69,1.285,1.224,0.817,0.937
27027,3U-U-Z1.tif,0.615,2.788,0.994,1.109,690,234,114.444,0.734,1.39,0.719,0.936
27028,3U-U-Z1.tif,1.044,4.247,0.727,1.527,526,249,32.735,1.149,1.281,0.781,0.841
27029,3U-U-Z1.tif,0.648,3.307,0.745,1.377,667,249,36.87,0.814,1.767,0.566,0.851
27030,3U-U-Z1.tif,0.775,3.231,0.932,1.278,471,241,111.038,0.826,1.46,0.685,0.929
27031,3U-U-Z1.tif,2.425,6.539,0.713,2.095,646,243,118.811,1.693,1.27,0.787,0.87
27032,3U-U-Z1.tif,3.444,13.378,0.242,4.075,434,266,7.765,2.016,2.194,0.456,0.617
27033,3U-U-Z1.tif,2.661,8.258,0.49,2.68,483,267,51.953,1.574,1.714,0.583,0.778
27034,3U-U-Z1.tif,0.851,4.475,0.534,1.626,401,263,73.61,0.866,2.368,0.422,0.74
27035,3U-U-Z1.tif,1.533,5.998,0.535,2.038,586,265,35.838,1.466,1.178,0.849,0.747
27036,3U-U-Z1.tif,1.221,4.194,0.873,1.519,697,247,115.017,1.176,1.303,0.767,0.921
27037,3U-U-Z1.tif,0.581,2.918,0.857,1.161,673,264,71.565,0.734,1.59,0.629,0.896
27038,3U-U-Z1.tif,0.994,3.621,0.953,1.314,533,253,102.095,1.009,1.216,0.823,0.925
27039,3U-U-Z1.tif,0.665,3.209,0.812,1.278,280,256,111.038,0.734,1.855,0.539,0.908
27040,3U-U-Z1.tif,2.417,6.203,0.789,2.471,336,276,31.329,1.492,1.79,0.559,0.904
27041,3U-U-Z1.tif,1.002,4.614,0.591,1.858,630,261,110.225,0.892,2.529,0.395,0.796
27042,3U-U-Z1.tif,2.03,7.371,0.469,2.675,518,264,120.964,1.259,2.595,0.385,0.78
27043,3U-U-Z1.tif,1.053,5.944,0.374,2.471,391,278,15.068,0.865,3.288,0.304,0.639
27044,3U-U-Z1.tif,0.758,3.178,0.943,1.161,461,270,108.435,0.918,1.247,0.802,0.905
27045,3U-U-Z1.tif,1.524,6.852,0.408,2.081,441,271,131.424,1.377,1.718,0.582,0.79
27046,3U-U-Z1.tif,2.535,6.463,0.763,2.352,488,271,110.556,1.625,1.467,0.682,0.888
27047,3U-U-Z1.tif,1.179,4.776,0.65,1.916,922,272,106.699,0.826,2.348,0.426,0.909
27048,3U-U-Z1.tif,2.131,6.615,0.612,2.414,425,302,81.254,1.193,2.216,0.451,0.861
27049,3U-U-Z1.tif,0.817,3.307,0.938,1.161,680,288,71.565,0.985,1.16,0.862,0.911
27050,3U-U-Z1.tif,0.808,3.956,0.649,1.603,373,286,23.629,0.881,2.098,0.477,0.803
27051,3U-U-Z1.tif,0.539,2.735,0.906,0.988,623,288,68.199,0.801,1.219,0.82,0.883
27052,3U-U-Z1.tif,0.783,4.064,0.596,1.685,646,279,119.358,0.739,2.782,0.359,0.775
27053,3U-U-Z1.tif,1.381,7.058,0.348,2.311,326,306,83.157,1.4,1.577,0.634,0.646
27054,3U-U-Z1.tif,0.691,3.026,0.948,1.15,472,292,61.39,0.826,1.325,0.754,0.937
27055,3U-U-Z1.tif,2.981,7.457,0.674,2.761,584,310,74.578,1.52,2.058,0.486,0.868
27056,3U-U-Z1.tif,0.514,2.757,0.849,1.07,535,297,59.036,0.714,1.452,0.689,0.859
27057,3U-U-Z1.tif,0.707,3.567,0.699,1.451,402,304,71.565,0.826,1.898,0.527,0.836
27058,3U-U-Z1.tif,1.078,4.171,0.778,1.692,296,310,77.471,0.918,1.907,0.524,0.895
27059,3U-U-Z1.tif,1.28,4.118,0.949,1.513,388,293,104.036,1.101,1.301,0.768,0.933
27060,3U-U-Z1.tif,0.539,2.788,0.871,1.135,605,296,165.964,0.642,1.755,0.57,0.914
27061,3U-U-Z1.tif,0.876,4.453,0.555,1.675,457,294,99.462,0.876,2.195,0.456,0.782
27062,3U-U-Z1.tif,0.581,3.437,0.618,1.224,684,309,77.005,0.734,1.885,0.531,0.78
27063,3U-U-Z1.tif,2.038,7.219,0.491,2.081,332,297,138.576,1.799,1.16,0.862,0.774
27064,3U-U-Z1.tif,1.777,7.045,0.45,2.591,919,297,112.932,1.096,2.566,0.39,0.758
27065,3U-U-Z1.tif,1.154,5.653,0.454,1.97,751,298,117.759,1.196,1.832,0.546,0.682
27066,3U-U-Z1.tif,1.785,5.08,0.869,1.916,502,319,73.301,1.377,1.37,0.73,0.912
27067,3U-U-Z1.tif,0.657,2.95,0.949,1.07,466,300,120.964,0.826,1.125,0.889,0.951
27068,3U-U-Z1.tif,0.589,2.887,0.889,1.046,482,307,15.255,0.821,1.271,0.787,0.864
27069,3U-U-Z1.tif,0.573,2.811,0.911,1.074,645,312,70.017,0.78,1.417,0.706,0.877
27070,3U-U-Z1.tif,3.335,8.593,0.568,3.17,426,335,67.891,1.533,2.299,0.435,0.849
27071,3U-U-Z1.tif,1.221,4.485,0.763,1.692,528,321,77.471,1.009,1.81,0.552,0.871
27072,3U-U-Z1.tif,0.505,3.231,0.608,1.314,241,307,114.775,0.685,1.933,0.517,0.779
27073,3U-U-Z1.tif,2.375,6.937,0.62,2.701,724,336,80.218,1.468,1.924,0.52,0.838
27074,3U-U-Z1.tif,0.994,3.804,0.863,1.505,655,324,52.431,1.026,1.532,0.653,0.908
27075,3U-U-Z1.tif,0.522,2.788,0.844,1.161,671,323,71.565,0.642,1.706,0.586,0.912
27076,3U-U-Z1.tif,2.164,9.479,0.303,2.815,387,313,109.026,1.509,2.418,0.414,0.659
27077,3U-U-Z1.tif,0.539,2.659,0.958,0.993,467,313,123.69,0.821,1.233,0.811,0.921
27078,3U-U-Z1.tif,1.137,4.529,0.696,1.808,576,314,113.962,1.036,1.873,0.534,0.852
27079,3U-U-Z1.tif,1.128,4.507,0.698,1.654,764,315,123.69,0.944,1.808,0.553,0.87
27080,3U-U-Z1.tif,1.423,5.147,0.675,1.856,514,336,81.469,1.349,1.551,0.645,0.816
27081,3U-U-Z1.tif,1.667,7.966,0.33,2.21,683,317,138.366,1.558,1.862,0.537,0.623
27082,3U-U-Z1.tif,0.64,2.918,0.944,1.135,340,321,104.036,0.734,1.457,0.686,0.916
27083,3U-U-Z1.tif,0.64,4.01,0.5,1.494,461,337,42.51,0.899,2.099,0.476,0.691
27084,3U-U-Z1.tif,1.87,7.264,0.445,2.142,440,325,99.866,1.659,1.37,0.73,0.716
27085,3U-U-Z1.tif,1.802,8.754,0.295,3.283,287,326,116.565,1.149,4.156,0.241,0.606
27086,3U-U-Z1.tif,1.238,4.118,0.918,1.538,526,326,107.354,1.101,1.378,0.726,0.922
27087,3U-U-Z1.tif,0.522,2.712,0.892,1.074,615,339,70.017,0.642,1.558,0.642,0.912
27088,3U-U-Z1.tif,0.615,3.155,0.776,1.278,736,328,111.038,0.72,1.946,0.514,0.88
27089,3U-U-Z1.tif,1.112,3.88,0.928,1.404,359,331,101.31,1.101,1.222,0.818,0.91
27090,3U-U-Z1.tif,0.665,2.972,0.947,1.135,629,331,104.036,0.734,1.451,0.689,0.924
27091,3U-U-Z1.tif,0.825,4.82,0.446,1.962,231,332,100.784,0.775,3.032,0.33,0.721
27092,3U-U-Z1.tif,0.589,2.788,0.953,0.993,472,333,123.69,0.826,1.158,0.863,0.909
27093,3U-U-Z1.tif,0.901,3.545,0.901,1.323,652,333,123.69,1.008,1.317,0.759,0.903
27094,3U-U-Z1.tif,0.91,4.906,0.475,2.038,261,355,82.235,0.679,3.615,0.277,0.769
27095,3U-U-Z1.tif,3.31,7.251,0.791,2.449,581,364,77.005,1.927,1.251,0.8,0.897
27096,3U-U-Z1.tif,2.265,6.722,0.63,2.345,536,343,149.421,1.668,1.626,0.615,0.837
27097,3U-U-Z1.tif,2.114,8.365,0.38,2.414,672,354,8.746,1.571,1.656,0.604,0.693
27098,3U-U-Z1.tif,0.792,3.209,0.966,1.197,397,345,122.471,0.918,1.166,0.857,0.945
27099,3U-U-Z1.tif,2.358,7.707,0.499,2.16,420,368,77.735,1.756,1.15,0.87,0.79
27100,3U-U-Z1.tif,0.539,2.735,0.906,1.07,452,355,59.036,0.779,1.475,0.678,0.895
27101,3U-U-Z1.tif,0.531,2.681,0.928,1.026,335,347,100.305,0.734,1.275,0.784,0.894
27102,3U-U-Z1.tif,3.217,12.473,0.26,3.794,352,354,147.848,1.913,2.606,0.384,0.557
27103,3U-U-Z1.tif,2.661,7.555,0.586,2.686,465,350,97.853,1.458,2.133,0.469,0.827
27104,3U-U-Z1.tif,3.486,7.662,0.746,2.597,628,377,57.995,2.086,1.236,0.809,0.894
27105,3U-U-Z1.tif,0.539,2.896,0.808,1.12,391,358,124.992,0.679,1.692,0.591,0.871
27106,3U-U-Z1.tif,1.474,5.317,0.655,1.89,601,360,150.945,1.202,1.729,0.578,0.831
27107,3U-U-Z1.tif,0.564,2.766,0.927,0.993,654,361,123.69,0.734,1.25,0.8,0.924
27108,3U-U-Z1.tif,0.623,2.918,0.92,1.175,543,362,128.66,0.814,1.458,0.686,0.902
27109,3U-U-Z1.tif,0.606,3.491,0.625,1.425,144,383,75.069,0.686,2.516,0.397,0.783
27110,3U-U-Z1.tif,0.623,2.994,0.874,1.161,454,369,108.435,0.826,1.361,0.735,0.881
27111,3U-U-Z1.tif,0.733,3.124,0.943,1.175,586,380,51.34,0.908,1.288,0.777,0.906
27112,3U-U-Z1.tif,1.171,4.95,0.6,2.119,391,372,162.35,0.943,2.621,0.382,0.84
27113,3U-U-Z1.tif,0.91,3.589,0.887,1.248,540,371,107.103,1.101,1.137,0.88,0.893
27114,3U-U-Z1.tif,1.196,5.197,0.556,2.25,176,374,101.768,0.826,2.785,0.359,0.853
27115,3U-U-Z1.tif,0.598,3.026,0.821,1.231,601,386,63.435,0.696,1.844,0.542,0.904
27116,3U-U-Z1.tif,4.421,12.635,0.348,4.065,436,379,151.699,1.92,2.413,0.414,0.718
27117,3U-U-Z1.tif,0.893,3.599,0.866,1.336,478,377,105.945,0.918,1.375,0.727,0.914
27118,3U-U-Z1.tif,2.484,7.318,0.583,2.323,654,377,99.09,1.846,1.275,0.784,0.805
27119,3U-U-Z1.tif,0.952,3.675,0.886,1.404,612,378,101.31,0.918,1.495,0.669,0.904
27120,3U-U-Z1.tif,2.316,8.105,0.443,2.628,707,388,12.095,1.805,1.756,0.57,0.674
27121,3U-U-Z1.tif,0.581,2.864,0.89,1.12,389,379,124.992,0.779,1.585,0.631,0.885
27122,3U-U-Z1.tif,0.876,3.545,0.876,1.336,624,395,74.055,0.913,1.501,0.666,0.908
27123,3U-U-Z1.tif,2.24,6.378,0.692,2.382,410,389,164.358,1.601,1.471,0.68,0.858
27124,3U-U-Z1.tif,0.581,3.124,0.748,1.12,544,395,55.008,0.795,1.427,0.701,0.847
27125,3U-U-Z1.tif,0.581,3.016,0.803,1.231,331,393,116.565,0.779,1.649,0.606,0.857
27126,3U-U-Z1.tif,0.808,5.653,0.318,2.479,895,395,128.991,0.636,5.417,0.185,0.642
27127,3U-U-Z1.tif,0.792,3.307,0.909,1.197,545,406,32.471,1.009,1.247,0.802,0.891
27128,3U-U-Z1.tif,1.356,4.377,0.889,1.724,374,399,115.201,1.19,1.471,0.68,0.915
27129,3U-U-Z1.tif,2.72,9.47,0.381,3.474,481,401,102.2,1.589,3.107,0.322,0.667
27130,3U-U-Z1.tif,1.583,6.226,0.513,1.947,656,408,171.87,1.234,1.562,0.64,0.787
27131,3U-U-Z1.tif,2.392,5.966,0.844,2.181,607,426,67.751,1.523,1.463,0.683,0.924
27132,3U-U-Z1.tif,2.215,6.485,0.662,2.25,701,404,101.768,1.468,1.568,0.638,0.869
27133,3U-U-Z1.tif,0.623,3.231,0.75,1.304,565,414,39.289,0.8,1.716,0.583,0.846
27134,3U-U-Z1.tif,0.741,3.155,0.935,1.193,415,406,112.62,0.826,1.39,0.719,0.926
27135,3U-U-Z1.tif,2.434,7.09,0.608,2.189,581,426,56.976,1.75,1.268,0.788,0.832
27136,3U-U-Z1.tif,1.128,3.858,0.953,1.377,394,418,36.87,1.101,1.223,0.818,0.931
27137,3U-U-Z1.tif,0.505,4.552,0.307,1.248,756,409,126.027,0.854,1.539,0.65,0.594
27138,3U-U-Z1.tif,1.103,3.782,0.969,1.323,431,422,56.31,1.101,1.086,0.921,0.946
27139,3U-U-Z1.tif,0.632,2.918,0.932,1.07,499,411,149.036,0.826,1.218,0.821,0.904
27140,3U-U-Z1.tif,0.775,3.307,0.89,1.248,556,411,107.103,0.9,1.429,0.7,0.898
27141,3U-U-Z1.tif,1.457,5.501,0.605,1.936,639,411,121.43,1.349,1.472,0.679,0.79
27142,3U-U-Z1.tif,4.455,13.454,0.309,5.302,721,466,66.541,1.714,4.317,0.232,0.574
27143,3U-U-Z1.tif,0.539,4.614,0.318,1.981,850,413,103.392,0.551,4.277,0.234,0.703
27144,3U-U-Z1.tif,0.834,3.621,0.799,1.336,521,420,15.945,0.929,1.507,0.663,0.88
27145,3U-U-Z1.tif,0.792,3.827,0.679,1.278,369,415,111.038,1.093,1.264,0.791,0.78
27146,3U-U-Z1.tif,1.861,5.805,0.694,2.16,620,415,102.265,1.361,1.569,0.637,0.855
27147,3U-U-Z1.tif,1.693,5.232,0.777,1.692,542,434,77.471,1.502,1.058,0.945,0.865
27148,3U-U-Z1.tif,1.726,6.387,0.532,2.628,321,419,102.095,1.103,2.276,0.439,0.823
27149,3U-U-Z1.tif,0.884,3.545,0.884,1.336,504,422,105.945,0.918,1.387,0.721,0.913
27150,3U-U-Z1.tif,1.827,10.084,0.226,3.737,106,460,65.323,1.282,3.492,0.286,0.533
27151,3U-U-Z1.tif,0.918,3.567,0.907,1.323,390,424,123.69,1.026,1.293,0.773,0.897
27152,3U-U-Z1.tif,1.566,4.928,0.811,1.947,474,452,81.87,1.009,1.795,0.557,0.935
27153,3U-U-Z1.tif,1.095,3.782,0.962,1.377,597,432,126.87,1.101,1.134,0.882,0.942
27154,3U-U-Z1.tif,0.716,3.155,0.903,1.161,417,432,108.435,0.826,1.355,0.738,0.909
27155,3U-U-Z1.tif,1.55,5.966,0.547,2.206,517,444,16.928,1.34,1.735,0.576,0.746
27156,3U-U-Z1.tif,1.027,3.988,0.812,1.568,639,434,159.444,0.918,1.711,0.584,0.914
27157,3U-U-Z1.tif,0.615,3.133,0.787,1.336,427,447,74.055,0.551,2.291,0.437,0.948
27158,3U-U-Z1.tif,0.783,4.225,0.551,1.675,656,437,170.538,0.734,2.266,0.441,0.802
27159,3U-U-Z1.tif,2.341,8.982,0.365,2.867,807,457,50.194,1.4,2.27,0.44,0.703
27160,3U-U-Z1.tif,0.918,5.782,0.345,2.311,627,461,83.157,0.972,3.196,0.313,0.589
27161,3U-U-Z1.tif,0.564,2.659,1,1.026,547,441,116.565,0.734,1.29,0.775,0.931
27162,3U-U-Z1.tif,0.691,3.079,0.915,1.161,699,453,71.565,0.734,1.439,0.695,0.937
27163,3U-U-Z1.tif,0.851,4.095,0.637,1.753,126,442,96.009,0.734,2.531,0.395,0.856
27164,3U-U-Z1.tif,0.859,3.415,0.926,1.323,660,442,123.69,0.918,1.375,0.727,0.923
27165,3U-U-Z1.tif,1.432,4.485,0.894,1.692,489,445,102.529,1.101,1.515,0.66,0.937
27166,3U-U-Z1.tif,0.674,3.231,0.811,1.197,562,446,122.471,0.734,1.468,0.681,0.914
27167,3U-U-Z1.tif,0.817,3.415,0.88,1.323,445,447,123.69,0.903,1.509,0.663,0.915
27168,3U-U-Z1.tif,1.305,4.843,0.699,1.741,535,464,71.565,1.15,1.675,0.597,0.847
27169,3U-U-Z1.tif,1.928,7.112,0.479,2.466,772,465,45,1.405,2.115,0.473,0.799
27170,3U-U-Z1.tif,1.288,4.194,0.921,1.538,581,463,72.646,1.193,1.255,0.797,0.922
27171,3U-U-Z1.tif,0.556,2.842,0.865,1.026,596,448,169.695,0.734,1.217,0.822,0.898
27172,3U-U-Z1.tif,0.707,3.231,0.851,1.248,325,448,107.103,0.826,1.377,0.726,0.884
27173,3U-U-Z1.tif,0.808,3.437,0.86,1.314,408,463,77.905,0.918,1.473,0.679,0.881
27174,3U-U-Z1.tif,0.893,3.491,0.92,1.314,650,466,77.905,0.918,1.33,0.752,0.922
27175,3U-U-Z1.tif,2.476,6.15,0.823,2.302,435,455,94.574,1.525,1.53,0.654,0.913
27176,3U-U-Z1.tif,0.573,3.782,0.503,1.724,787,464,25.201,0.511,3.952,0.253,0.84
27177,3U-U-Z1.tif,0.522,4.095,0.391,1.753,159,476,83.991,0.459,3.852,0.26,0.8
27178,3U-U-Z1.tif,0.792,3.178,0.985,1.193,685,457,112.62,0.918,1.19,0.84,0.926
27179,3U-U-Z1.tif,0.792,4.247,0.551,1.675,634,477,80.538,0.785,2.412,0.415,0.777
27180,3U-U-Z1.tif,1.288,5.577,0.521,2.294,359,484,73.74,0.972,2.588,0.386,0.797
27181,3U-U-Z1.tif,0.867,3.621,0.831,1.425,590,475,75.069,0.918,1.5,0.667,0.9
27182,3U-U-Z1.tif,1.154,4.7,0.656,1.977,658,460,111.801,0.81,2.62,0.382,0.89
27183,3U-U-Z1.tif,1.044,3.858,0.882,1.398,500,465,156.801,1.059,1.304,0.767,0.902
27184,3U-U-Z1.tif,0.783,4.292,0.534,1.603,475,463,103.241,0.918,1.656,0.604,0.762
27185,3U-U-Z1.tif,0.699,3.361,0.777,1.314,555,478,77.905,0.826,1.551,0.645,0.86
27186,3U-U-Z1.tif,0.623,4.561,0.376,1.892,234,466,112.834,0.597,4.274,0.234,0.661
27187,3U-U-Z1.tif,1.735,5.371,0.756,2.093,535,488,74.745,1.193,1.849,0.541,0.9
27188,3U-U-Z1.tif,0.968,4.14,0.71,1.626,413,468,106.39,0.986,1.769,0.565,0.839
27189,3U-U-Z1.tif,2.863,7.685,0.609,3.034,625,468,93.468,1.484,1.932,0.518,0.874
27190,3U-U-Z1.tif,1.373,5.523,0.566,2.119,924,490,72.35,1.147,1.952,0.512,0.795
27191,3U-U-Z1.tif,0.547,3.155,0.691,1.298,330,471,98.13,0.642,2.075,0.482,0.855
27192,3U-U-Z1.tif,0.539,2.735,0.906,1.074,468,474,109.983,0.734,1.476,0.677,0.895
27193,3U-U-Z1.tif,1.246,4.257,0.864,1.626,568,474,106.39,0.918,1.689,0.592,0.952
27194,3U-U-Z1.tif,5.508,14.331,0.337,4.466,719,474,99.462,2.216,2.402,0.416,0.687
27195,3U-U-Z1.tif,9.929,24.813,0.203,6.76,455,477,131.698,4.552,1.61,0.621,0.464
27196,3U-U-Z1.tif,0.834,4.529,0.511,1.89,739,494,60.945,0.764,3.051,0.328,0.786
27197,3U-U-Z1.tif,0.842,3.361,0.937,1.248,523,482,107.103,0.918,1.33,0.752,0.922
27198,3U-U-Z1.tif,1.339,5.469,0.563,1.856,666,502,81.469,1.149,1.483,0.674,0.774
27199,3U-U-Z1.tif,0.564,3.589,0.55,1.377,363,484,126.87,0.844,1.732,0.577,0.744
27200,3U-U-Z1.tif,1.457,4.538,0.889,1.714,607,486,105.524,1.101,1.548,0.646,0.93
27201,3U-U-Z1.tif,2.964,8.992,0.461,2.761,545,489,111.448,1.648,2.001,0.5,0.79
27202,3U-U-Z1.tif,0.741,4.95,0.38,1.436,319,505,63.435,1.134,1.233,0.811,0.647
27203,3U-U-Z1.tif,0.851,3.652,0.801,1.483,647,492,111.801,0.806,1.969,0.508,0.902
27204,3U-U-Z1.tif,0.918,4.453,0.582,1.89,771,493,119.055,0.846,2.443,0.409,0.796
27205,3U-U-Z1.tif,0.691,3.307,0.793,1.278,105,507,68.962,0.785,1.741,0.574,0.872
27206,3U-U-Z1.tif,0.808,3.231,0.973,1.224,509,494,102.995,0.826,1.379,0.725,0.937
27207,3U-U-Z1.tif,0.547,2.972,0.779,1.161,688,511,71.565,0.725,1.647,0.607,0.872
27208,3U-U-Z1.tif,0.834,3.361,0.927,1.224,478,501,102.995,0.918,1.279,0.782,0.908
27209,3U-U-Z1.tif,0.573,2.735,0.962,1.026,672,512,63.435,0.826,1.233,0.811,0.907
27210,3U-U-Z1.tif,1.322,5.577,0.534,2.093,489,504,127.875,1.128,1.881,0.532,0.768
27211,3U-U-Z1.tif,1.137,6.118,0.382,2.22,368,505,119.745,1.026,2.617,0.382,0.711
27212,3U-U-Z1.tif,1.491,4.982,0.755,1.977,417,526,68.199,1.162,1.718,0.582,0.883
27213,3U-U-Z1.tif,2.072,5.805,0.773,2.038,692,512,172.235,1.518,1.311,0.763,0.872
27214,3U-U-Z1.tif,0.505,2.864,0.774,1.07,877,513,30.964,0.734,1.4,0.714,0.87
27215,3U-U-Z1.tif,1.204,5.08,0.586,1.858,308,521,20.225,1.101,1.985,0.504,0.779
27216,3U-U-Z1.tif,0.8,4.637,0.468,1.741,507,527,71.565,0.996,2.254,0.444,0.691
27217,3U-U-Z1.tif,1.061,3.675,0.988,1.314,596,511,114.775,1.101,1.12,0.893,0.933
27218,3U-U-Z1.tif,1.322,4.323,0.889,1.707,524,528,53.746,1.103,1.555,0.643,0.921
27219,3U-U-Z1.tif,1.011,3.988,0.799,1.538,626,530,72.646,0.956,1.752,0.571,0.882
27220,3U-U-Z1.tif,0.952,3.567,0.94,1.278,545,520,158.962,1.067,1.175,0.851,0.915
27221,3U-U-Z1.tif,3.545,11.024,0.367,3.337,635,521,121.504,1.854,1.95,0.513,0.782
27222,3U-U-Z1.tif,1.491,4.82,0.806,1.654,539,524,109.44,1.395,1.201,0.833,0.901
27223,3U-U-Z1.tif,0.808,3.827,0.694,1.451,321,527,145.305,0.863,2.049,0.488,0.79
27224,3U-U-Z1.tif,3.377,10.71,0.37,3.615,392,525,113.962,1.67,2.509,0.399,0.696
27225,3U-U-Z1.tif,2.206,6.127,0.739,2.25,361,526,101.768,1.377,1.664,0.601,0.905
27226,3U-U-Z1.tif,4.817,15.177,0.263,4.611,548,544,174.289,2.712,1.973,0.507,0.569
27227,3U-U-Z1.tif,1.078,3.728,0.974,1.364,600,530,109.654,1.009,1.28,0.781,0.941
27228,3U-U-Z1.tif,2.24,8.71,0.371,2.88,675,531,149.349,1.88,1.743,0.574,0.657
27229,3U-U-Z1.tif,2.947,9.273,0.431,3.657,766,537,162.474,1.356,3.073,0.325,0.778
27230,3U-U-Z1.tif,0.573,3.07,0.763,1.355,730,547,61.699,0.649,2.143,0.467,0.877
27231,3U-U-Z1.tif,2.046,6.441,0.62,2.233,514,560,80.538,1.377,1.814,0.551,0.848
27232,3U-U-Z1.tif,0.606,2.918,0.895,1.074,497,549,70.017,0.821,1.352,0.74,0.894
27233,3U-U-Z1.tif,1.196,4.118,0.886,1.451,462,555,55.305,1.193,1.19,0.84,0.913
27234,3U-U-Z1.tif,0.632,2.994,0.885,1.135,616,552,75.964,0.826,1.321,0.757,0.888
27235,3U-U-Z1.tif,2.097,8.074,0.404,2.955,533,544,115.769,1.395,2.608,0.383,0.696
27236,3U-U-Z1.tif,0.648,3.469,0.677,1.314,133,558,65.225,0.642,1.9,0.526,0.917
27237,3U-U-Z1.tif,0.564,3.652,0.532,1.425,318,548,104.931,0.551,2.871,0.348,0.807
27238,3U-U-Z1.tif,0.564,2.735,0.948,1.046,336,561,74.745,0.734,1.294,0.773,0.899
27239,3U-U-Z1.tif,1.112,4.583,0.665,1.97,363,569,62.241,0.973,2.212,0.452,0.849
27240,3U-U-Z1.tif,0.531,2.842,0.825,1.046,182,562,74.745,0.734,1.475,0.678,0.869
27241,3U-U-Z1.tif,1.347,4.409,0.871,1.724,436,551,115.201,1.101,1.443,0.693,0.936
27242,3U-U-Z1.tif,1.187,4.194,0.848,1.527,658,553,147.265,1.133,1.369,0.731,0.907
27243,3U-U-Z1.tif,1.07,3.858,0.903,1.451,479,568,71.565,1.009,1.378,0.725,0.917
27244,3U-U-Z1.tif,0.943,3.728,0.853,1.404,705,570,78.69,0.918,1.539,0.65,0.907
27245,3U-U-Z1.tif,0.775,3.339,0.873,1.336,423,557,105.945,0.734,1.707,0.586,0.934
27246,3U-U-Z1.tif,1.617,7.036,0.41,2.672,493,563,105.945,1.229,2.422,0.413,0.656
27247,3U-U-Z1.tif,0.514,2.712,0.877,1.109,633,563,114.444,0.642,1.654,0.604,0.917
27248,3U-U-Z1.tif,0.699,3.079,0.926,1.248,372,564,126.027,0.826,1.38,0.725,0.943
27249,3U-U-Z1.tif,0.674,3.048,0.911,1.135,519,576,75.964,0.826,1.364,0.733,0.889
27250,3U-U-Z1.tif,0.623,2.918,0.92,1.116,343,565,99.462,0.734,1.424,0.702,0.902
27251,3U-U-Z1.tif,1.078,3.88,0.9,1.425,460,571,165.069,1.084,1.318,0.758,0.901
27252,3U-U-Z1.tif,2.4,9.197,0.357,2.916,622,568,114.146,1.532,2.172,0.46,0.735
27253,3U-U-Z1.tif,0.994,4.928,0.514,2.027,134,570,95.194,0.734,3.018,0.331,0.808
27254,3U-U-Z1.tif,1.465,6.463,0.441,2.322,434,571,108.435,1.135,2.24,0.446,0.7
27255,3U-U-Z1.tif,2.678,7.653,0.575,2.506,476,596,66.251,1.523,1.85,0.54,0.83
27256,3U-U-Z1.tif,0.918,3.545,0.918,1.278,398,586,68.962,0.979,1.281,0.78,0.912
27257,3U-U-Z1.tif,0.581,2.735,0.976,1.046,552,573,105.255,0.734,1.353,0.739,0.914
27258,3U-U-Z1.tif,0.884,4.377,0.58,1.538,690,574,107.354,1.086,1.493,0.67,0.747
27259,3U-U-Z1.tif,1.179,3.988,0.932,1.56,566,576,118.072,1.101,1.337,0.748,0.93
27260,3U-U-Z1.tif,1.592,6.852,0.426,2.189,665,579,146.976,1.48,1.745,0.573,0.727
27261,3U-U-Z1.tif,0.514,3.285,0.598,1.404,704,594,78.69,0.601,2.74,0.365,0.813
27262,3U-U-Z1.tif,2.392,9.815,0.312,3.664,311,580,112.068,1.454,3.316,0.302,0.64
27263,3U-U-Z1.tif,1.701,5.08,0.828,1.803,588,580,104.744,1.377,1.254,0.797,0.92
27264,3U-U-Z1.tif,0.775,3.263,0.914,1.197,361,582,122.471,0.826,1.325,0.755,0.934
27265,3U-U-Z1.tif,0.674,2.994,0.944,1.046,418,585,105.255,0.918,1.078,0.928,0.894
27266,3U-U-Z1.tif,0.514,2.864,0.787,1.12,714,585,124.992,0.784,1.269,0.788,0.847
27267,3U-U-Z1.tif,2.088,7.609,0.453,2.506,377,587,113.749,1.267,2.244,0.446,0.808
27268,3U-U-Z1.tif,1.145,7.47,0.258,2.134,285,589,115.463,1.121,2.042,0.49,0.652
27269,3U-U-Z1.tif,1.112,3.956,0.892,1.483,463,591,111.801,1.081,1.377,0.726,0.901
27270,3U-U-Z1.tif,0.505,2.735,0.849,1.12,537,603,55.008,0.677,1.743,0.574,0.876
27271,3U-U-Z1.tif,2.459,8.159,0.464,2.505,730,609,28.443,1.687,1.547,0.646,0.78
27272,3U-U-Z1.tif,2.03,8.083,0.39,2.902,514,597,124.695,1.313,2.956,0.338,0.674
27273,3U-U-Z1.tif,1.895,8.029,0.369,2.809,651,597,128.367,1.395,2.267,0.441,0.624
27274,3U-U-Z1.tif,1.154,4.01,0.902,1.571,410,614,83.29,1.009,1.42,0.704,0.919
27275,3U-U-Z1.tif,2.661,9.359,0.382,3.105,486,597,108.97,1.538,2.617,0.382,0.721
27276,3U-U-Z1.tif,1.516,4.507,0.938,1.527,580,598,122.735,1.377,1.064,0.94,0.93
27277,3U-U-Z1.tif,1.651,6.127,0.552,2.359,602,597,103.496,1.055,2.496,0.401,0.818
27278,3U-U-Z1.tif,1.726,5.738,0.659,2.093,430,621,74.745,1.285,1.503,0.665,0.851
27279,3U-U-Z1.tif,1.23,4.247,0.856,1.662,365,600,96.34,1.009,1.585,0.631,0.912
27280,3U-U-Z1.tif,0.589,2.788,0.953,1.026,675,601,116.565,0.826,1.198,0.835,0.909
27281,3U-U-Z1.tif,1.078,3.858,0.91,1.398,547,616,66.801,1.101,1.225,0.816,0.924
27282,3U-U-Z1.tif,4.581,9.283,0.668,3.182,694,630,33.232,2.282,1.481,0.675,0.866
27283,3U-U-Z1.tif,1.162,4.01,0.908,1.451,451,607,108.435,1.098,1.337,0.748,0.92
27284,3U-U-Z1.tif,0.783,3.361,0.871,1.314,343,611,102.095,0.826,1.533,0.652,0.907
27285,3U-U-Z1.tif,1.221,4.906,0.638,2.027,798,615,174.806,0.912,2.375,0.421,0.876
27286,3U-U-Z1.tif,1.204,4.171,0.87,1.568,393,630,69.444,1.009,1.53,0.654,0.938
27287,3U-U-Z1.tif,0.8,4.086,0.602,1.451,650,628,55.305,0.973,1.375,0.727,0.754
27288,3U-U-Z1.tif,1.078,6.485,0.322,2.827,300,617,125.754,0.749,5.555,0.18,0.646
27289,3U-U-Z1.tif,1.373,4.399,0.891,1.603,557,617,103.241,1.231,1.292,0.774,0.918
27290,3U-U-Z1.tif,1.305,4.798,0.713,1.945,580,618,109.29,1.009,1.777,0.563,0.891
27291,3U-U-Z1.tif,0.632,2.864,0.967,1.074,512,620,109.983,0.826,1.252,0.799,0.909
27292,3U-U-Z1.tif,0.851,3.956,0.683,1.436,746,623,116.565,1.054,1.461,0.685,0.805
27293,3U-U-Z1.tif,1.347,4.247,0.939,1.451,432,627,145.305,1.285,1.092,0.916,0.925
27294,3U-U-Z1.tif,1.71,5.425,0.73,1.977,620,645,68.199,1.332,1.539,0.65,0.841
27295,3U-U-Z1.tif,1.39,5.219,0.641,2.097,450,647,66.801,1.132,1.901,0.526,0.819
27296,3U-U-Z1.tif,1.314,4.852,0.701,2.004,546,626,105.945,1.009,2.086,0.479,0.884
27297,3U-U-Z1.tif,0.547,2.842,0.852,1.135,411,628,104.036,0.642,1.786,0.56,0.915
27298,3U-U-Z1.tif,2.181,6.02,0.756,2.25,420,628,101.768,1.468,1.545,0.647,0.896
27299,3U-U-Z1.tif,1.112,4.171,0.803,1.494,661,642,42.51,1.165,1.199,0.834,0.883
27300,3U-U-Z1.tif,3.916,13.606,0.266,4.633,365,681,82.03,1.787,4.022,0.249,0.657
27301,3U-U-Z1.tif,0.505,2.551,0.976,0.958,468,641,73.301,0.734,1.263,0.792,0.902
27302,3U-U-Z1.tif,0.598,2.788,0.966,1.046,487,631,105.255,0.734,1.338,0.747,0.916
27303,3U-U-Z1.tif,1.086,4.507,0.672,1.808,503,653,66.038,0.978,1.998,0.5,0.816
27304,3U-U-Z1.tif,0.8,3.437,0.851,1.304,525,648,39.289,0.973,1.365,0.733,0.872
27305,3U-U-Z1.tif,1.937,8.343,0.35,2.724,82,640,122.619,1.361,2.274,0.44,0.732
27306,3U-U-Z1.tif,0.783,3.231,0.943,1.224,642,642,102.995,0.826,1.369,0.73,0.921
27307,3U-U-Z1.tif,1.701,4.95,0.872,1.945,510,663,70.71,1.278,1.514,0.66,0.929
27308,3U-U-Z1.tif,1.558,4.896,0.817,1.828,577,662,72.474,1.332,1.438,0.696,0.892
27309,3U-U-Z1.tif,1.558,5.425,0.665,2.206,349,667,73.072,1.009,2.218,0.451,0.885
27310,3U-U-Z1.tif,0.825,3.437,0.878,1.336,474,645,105.945,0.9,1.509,0.663,0.895
27311,3U-U-Z1.tif,1.288,4.399,0.837,1.603,557,645,103.241,1.101,1.423,0.703,0.903
27312,3U-U-Z1.tif,0.539,2.627,0.981,0.958,625,645,106.699,0.821,1.145,0.873,0.889
27313,3U-U-Z1.tif,4.396,10.796,0.474,3.962,662,691,76.608,1.904,2.394,0.418,0.808
27314,3U-U-Z1.tif,0.91,3.599,0.883,1.364,530,665,70.346,0.918,1.374,0.728,0.915
27315,3U-U-Z1.tif,1.903,8.007,0.373,2.71,787,666,28.301,1.304,2.289,0.437,0.704
27316,3U-U-Z1.tif,0.766,4.972,0.39,2.015,245,652,120.069,0.85,2.731,0.366,0.621
27317,3U-U-Z1.tif,1.979,5.263,0.898,1.947,463,652,98.13,1.377,1.397,0.716,0.927
27318,3U-U-Z1.tif,1.297,6.172,0.428,1.741,817,664,18.435,1.468,1.303,0.768,0.689
27319,3U-U-Z1.tif,0.859,3.469,0.897,1.235,599,654,131.987,1.009,1.042,0.96,0.911
27320,3U-U-Z1.tif,1.137,4.019,0.884,1.538,398,655,107.354,0.918,1.624,0.616,0.941
27321,3U-U-Z1.tif,0.531,2.766,0.871,1.046,119,657,127.875,0.734,1.294,0.773,0.906
27322,3U-U-Z1.tif,1.339,4.431,0.857,1.634,438,671,51.843,1.169,1.374,0.728,0.906
27323,3U-U-Z1.tif,0.581,3.652,0.547,1.603,103,658,103.241,0.598,3.124,0.32,0.807
27324,3U-U-Z1.tif,1.011,3.675,0.941,1.425,643,661,104.931,0.918,1.459,0.686,0.934
27325,3U-U-Z1.tif,0.547,2.712,0.935,1.074,473,675,70.017,0.642,1.535,0.651,0.942
27326,3U-U-Z1.tif,1.432,6.279,0.456,2.181,323,666,112.249,1.17,2.005,0.499,0.791
27327,3U-U-Z1.tif,2.552,6.409,0.781,2.266,629,666,111.371,1.752,1.304,0.767,0.907
27328,3U-U-Z1.tif,0.724,3.621,0.694,1.483,770,674,21.801,0.774,2.101,0.476,0.843
27329,3U-U-Z1.tif,1.566,6.257,0.503,2.52,180,667,100.491,0.995,3.15,0.317,0.803
27330,3U-U-Z1.tif,1.785,4.874,0.944,1.714,532,686,74.476,1.377,1.199,0.834,0.938
27331,3U-U-Z1.tif,0.665,3.102,0.869,1.248,575,682,72.897,0.734,1.552,0.644,0.913
27332,3U-U-Z1.tif,0.935,3.675,0.87,1.404,585,669,101.31,0.918,1.559,0.641,0.906
27333,3U-U-Z1.tif,0.581,2.811,0.924,1.046,594,674,15.255,0.826,1.25,0.8,0.873
27334,3U-U-Z1.tif,0.665,3.048,0.9,1.231,557,670,116.565,0.813,1.603,0.624,0.898
27335,3U-U-Z1.tif,1.078,4.225,0.759,1.513,611,671,104.036,1.009,1.493,0.67,0.88
27336,3U-U-Z1.tif,1.246,5.706,0.481,1.763,375,674,128.66,1.388,1.342,0.745,0.72
27337,3U-U-Z1.tif,1.398,5.393,0.604,2.266,786,676,158.629,0.902,2.675,0.374,0.856
27338,3U-U-Z1.tif,2.922,9.273,0.427,3.168,435,709,79.992,1.67,2.529,0.395,0.691
27339,3U-U-Z1.tif,0.632,2.842,0.983,1.074,474,679,109.983,0.734,1.359,0.736,0.943
27340,3U-U-Z1.tif,2.055,6.333,0.644,2.038,490,680,125.838,1.652,1.18,0.848,0.852
27341,3U-U-Z1.tif,0.505,2.605,0.936,0.993,342,692,56.31,0.779,1.26,0.794,0.896
27342,3U-U-Z1.tif,0.615,3.124,0.792,1.377,810,683,126.87,0.714,2.083,0.48,0.88
27343,3U-U-Z1.tif,4.64,16.126,0.224,4.222,712,684,137.643,2.193,2.218,0.451,0.665
27344,3U-U-Z1.tif,2.686,8.146,0.509,3.168,922,685,100.008,1.285,2.869,0.348,0.872
27345,3U-U-Z1.tif,1.011,3.675,0.941,1.336,455,686,105.945,1.009,1.267,0.789,0.923
27346,3U-U-Z1.tif,1.246,4.225,0.877,1.603,420,704,76.759,1.009,1.527,0.655,0.931
27347,3U-U-Z1.tif,0.724,3.155,0.914,1.135,647,688,104.036,0.826,1.287,0.777,0.915
27348,3U-U-Z1.tif,2.577,9.856,0.333,2.628,520,718,77.905,1.831,1.296,0.772,0.721
27349,3U-U-Z1.tif,0.505,2.659,0.898,1.046,600,694,127.875,0.779,1.321,0.757,0.902
27350,3U-U-Z1.tif,0.783,3.675,0.729,1.425,391,710,75.069,0.734,1.891,0.529,0.894
27351,3U-U-Z1.tif,1.137,5.102,0.549,1.81,166,697,149.534,1.086,1.962,0.51,0.736
27352,3U-U-Z1.tif,0.741,3.652,0.698,1.494,380,712,79.38,0.734,1.931,0.518,0.867
27353,3U-U-Z1.tif,0.851,3.491,0.877,1.377,463,708,36.87,0.944,1.47,0.68,0.898
27354,3U-U-Z1.tif,0.935,3.567,0.923,1.364,593,699,109.654,1.009,1.274,0.785,0.914
27355,3U-U-Z1.tif,0.564,2.788,0.912,1.046,481,707,105.255,0.734,1.331,0.752,0.905
27356,3U-U-Z2.tif,1.729,5.676,0.674,1.859,884,46,49.514,1.5,1.071,0.934,0.898
27357,3U-U-Z2.tif,0.505,2.77,0.828,0.976,228,16,147.995,0.752,1.369,0.731,0.92
27358,3U-U-Z2.tif,0.29,2.274,0.705,0.87,717,32,56.31,0.546,1.499,0.667,0.889
27359,3U-U-Z2.tif,0.209,2.075,0.611,0.771,158,34,79.695,0.437,1.81,0.552,0.824
27360,3U-U-Z2.tif,0.42,2.704,0.721,1.078,852,45,82.648,0.552,1.916,0.522,0.912
27361,3U-U-Z2.tif,0.479,2.676,0.841,0.976,779,42,57.995,0.706,1.379,0.725,0.933
27362,3U-U-Z2.tif,0.253,2.27,0.617,0.834,49,42,82.875,0.517,1.608,0.622,0.85
27363,3U-U-Z2.tif,1.153,5.612,0.46,1.921,715,50,21.038,1.049,2.088,0.479,0.725
27364,3U-U-Z2.tif,0.243,1.969,0.786,0.756,669,32,24.228,0.448,1.62,0.617,0.905
27365,3U-U-Z2.tif,0.394,2.412,0.85,0.82,192,46,75.379,0.621,1.273,0.786,0.939
27366,3U-U-Z2.tif,0.367,2.388,0.81,0.884,280,51,69.444,0.605,1.523,0.657,0.907
27367,3U-U-Z2.tif,0.636,3.261,0.752,1.185,951,61,81.634,0.742,1.645,0.608,0.922
27368,3U-U-Z2.tif,1.1,3.971,0.877,1.373,568,33,118.496,1.069,1.213,0.825,0.96
27369,3U-U-Z2.tif,0.329,2.164,0.883,0.733,225,37,131.186,0.647,1.088,0.919,0.923
27370,3U-U-Z2.tif,0.21,3.249,0.251,0.905,522,36,107.745,0.636,1.239,0.807,0.577
27371,3U-U-Z2.tif,0.334,2.262,0.821,0.8,610,63,82.569,0.586,1.366,0.732,0.92
27372,3U-U-Z2.tif,0.782,4.146,0.572,1.493,308,65,6.633,0.922,1.585,0.631,0.811
27373,3U-U-Z2.tif,1.227,4.995,0.618,1.55,90,43,110.854,1.179,1.377,0.726,0.916
27374,3U-U-Z2.tif,0.392,2.948,0.567,0.987,794,74,77.905,0.578,1.891,0.529,0.816
27375,3U-U-Z2.tif,0.466,2.693,0.808,0.954,834,48,102.529,0.752,1.324,0.755,0.926
27376,3U-U-Z2.tif,0.205,2.035,0.621,0.746,176,56,123.69,0.463,1.734,0.577,0.839
27377,3U-U-Z2.tif,0.574,3.066,0.768,1.102,539,85,69.864,0.793,1.285,0.778,0.932
27378,3U-U-Z2.tif,0.671,4.544,0.408,1.664,1005,56,95.947,0.802,2.202,0.454,0.726
27379,3U-U-Z2.tif,0.499,2.773,0.816,0.942,962,86,66.251,0.724,1.254,0.797,0.935
27380,3U-U-Z2.tif,0.838,4.048,0.643,1.309,53,98,18.435,1.005,1.187,0.843,0.882
27381,3U-U-Z2.tif,0.371,2.538,0.724,0.975,897,96,81.87,0.532,1.79,0.559,0.915
27382,3U-U-Z2.tif,0.409,2.656,0.729,1.021,912,97,78.311,0.556,2.021,0.495,0.904
27383,3U-U-Z2.tif,0.231,2.055,0.686,0.679,160,88,66.038,0.552,1.067,0.937,0.826
27384,3U-U-Z2.tif,0.693,3.937,0.562,1.527,355,114,71.565,0.655,2.474,0.404,0.885
27385,3U-U-Z2.tif,0.287,2.087,0.827,0.738,417,72,127.405,0.586,1.227,0.815,0.908
27386,3U-U-Z2.tif,0.819,3.89,0.68,1.431,387,115,74.624,0.891,1.494,0.669,0.898
27387,3U-U-Z2.tif,0.448,2.834,0.701,1.08,928,105,73.301,0.574,1.903,0.525,0.916
27388,3U-U-Z2.tif,0.71,3.391,0.776,1.287,334,78,110.376,0.857,1.551,0.645,0.927
27389,3U-U-Z2.tif,0.367,2.282,0.886,0.82,838,79,112.249,0.652,1.251,0.799,0.929
27390,3U-U-Z2.tif,1.281,4.341,0.854,1.492,451,87,139.686,1.187,1.247,0.802,0.954
27391,3U-U-Z2.tif,0.853,3.582,0.835,1.228,550,113,51.843,0.946,1.318,0.759,0.937
27392,3U-U-Z2.tif,0.596,3.049,0.805,1.137,518,88,104.036,0.706,1.671,0.598,0.924
27393,3U-U-Z2.tif,0.524,4.304,0.356,1.684,632,136,79.38,0.6,3.239,0.309,0.727
27394,3U-U-Z2.tif,0.851,3.776,0.75,1.228,279,118,38.157,1.02,1.162,0.861,0.906
27395,3U-U-Z2.tif,2.415,6.046,0.83,2.032,663,92,104.744,1.62,1.211,0.826,0.956
27396,3U-U-Z2.tif,0.768,3.33,0.871,1.1,963,120,57.804,0.98,1.146,0.873,0.94
27397,3U-U-Z2.tif,0.409,3.212,0.498,1.377,317,95,112.068,0.5,2.88,0.347,0.858
27398,3U-U-Z2.tif,0.27,1.937,0.904,0.666,874,101,158.749,0.585,1.063,0.94,0.932
27399,3U-U-Z2.tif,0.572,3.439,0.608,1.204,814,97,103.241,0.793,1.321,0.757,0.846
27400,3U-U-Z2.tif,0.499,2.798,0.801,1.083,565,124,52.765,0.595,1.835,0.545,0.927
27401,3U-U-Z2.tif,0.202,2.287,0.486,0.879,16,118,41.82,0.366,2.371,0.422,0.829
27402,3U-U-Z2.tif,0.862,3.594,0.839,1.293,422,138,80.789,0.897,1.413,0.708,0.946
27403,3U-U-Z2.tif,1.084,4.052,0.83,1.368,709,111,146.31,1.111,1.114,0.897,0.937
27404,3U-U-Z2.tif,0.604,4.369,0.398,1.716,96,105,112.443,0.643,2.77,0.361,0.745
27405,3U-U-Z2.tif,0.908,5.787,0.341,1.875,452,135,32.229,1.298,1.473,0.679,0.592
27406,3U-U-Z2.tif,0.278,2.107,0.787,0.731,123,110,160.71,0.563,1.314,0.761,0.898
27407,3U-U-Z2.tif,0.419,2.558,0.804,0.903,200,110,133.452,0.736,1.14,0.877,0.924
27408,3U-U-Z2.tif,0.348,3.35,0.39,1.014,930,108,107.819,0.586,1.487,0.672,0.786
27409,3U-U-Z2.tif,0.565,2.968,0.806,1.083,893,113,99.162,0.724,1.576,0.635,0.922
27410,3U-U-Z2.tif,0.598,3.069,0.798,1.163,72,114,101.976,0.675,1.794,0.557,0.948
27411,3U-U-Z2.tif,0.549,3.574,0.541,1.062,31,119,144.246,0.911,1.11,0.901,0.819
27412,3U-U-Z2.tif,0.747,4.695,0.426,1.287,591,154,82.304,0.954,1.415,0.707,0.801
27413,3U-U-Z2.tif,0.912,5.503,0.378,1.999,225,180,75.005,0.893,2.541,0.394,0.748
27414,3U-U-Z2.tif,1.334,4.458,0.843,1.426,287,163,57.848,1.305,1.072,0.932,0.94
27415,3U-U-Z2.tif,0.389,2.489,0.789,0.857,491,150,49.899,0.69,1.181,0.847,0.912
27416,3U-U-Z2.tif,0.24,2.331,0.556,0.954,698,157,77.471,0.439,2.337,0.428,0.845
27417,3U-U-Z2.tif,1.259,4.447,0.8,1.527,192,135,108.435,1.103,1.391,0.719,0.943
27418,3U-U-Z2.tif,0.598,3.7,0.549,1.283,770,144,149.3,0.827,1.623,0.616,0.766
27419,3U-U-Z2.tif,0.235,2.461,0.489,1.062,953,139,103.134,0.368,3.296,0.303,0.81
27420,3U-U-Z2.tif,0.751,5.91,0.27,1.833,373,141,101.944,0.761,2.852,0.351,0.71
27421,3U-U-Z2.tif,1.517,5.356,0.665,1.917,697,178,37.694,1.218,1.491,0.671,0.887
27422,3U-U-Z2.tif,0.24,2.977,0.341,1.156,811,145,162.646,0.452,3.473,0.288,0.641
27423,3U-U-Z2.tif,0.219,1.86,0.795,0.659,431,151,173.991,0.493,1.411,0.709,0.874
27424,3U-U-Z2.tif,0.62,3.984,0.49,1.146,980,148,111.161,0.883,1.55,0.645,0.779
27425,3U-U-Z2.tif,0.484,2.704,0.832,1.015,45,178,80.218,0.616,1.62,0.617,0.937
27426,3U-U-Z2.tif,0.791,5.437,0.336,1.907,635,157,167.471,0.761,3.158,0.317,0.631
27427,3U-U-Z2.tif,0.216,3,0.302,1.298,1010,152,106.991,0.321,5.166,0.194,0.708
27428,3U-U-Z2.tif,0.738,3.386,0.81,1.152,397,156,128.928,0.928,1.132,0.883,0.941
27429,3U-U-Z2.tif,1.867,5.417,0.799,1.975,497,212,77.905,1.376,1.466,0.682,0.937
27430,3U-U-Z2.tif,0.503,3.037,0.685,1.253,758,158,97.907,0.621,2.063,0.485,0.92
27431,3U-U-Z2.tif,1.389,7.98,0.274,2.048,41,202,36.098,1.161,2.244,0.446,0.71
27432,3U-U-Z2.tif,0.658,3.57,0.648,1.174,440,169,176.634,0.84,1.394,0.717,0.853
27433,3U-U-Z2.tif,0.687,3.29,0.798,1.18,880,193,83.29,0.813,1.494,0.669,0.9
27434,3U-U-Z2.tif,0.889,3.838,0.759,1.249,322,201,83.66,1.054,1.195,0.837,0.892
27435,3U-U-Z2.tif,1.356,5.088,0.658,1.745,561,166,108.435,1.057,1.809,0.553,0.892
27436,3U-U-Z2.tif,1.35,6.383,0.416,1.848,625,220,81.416,1.05,1.631,0.613,0.84
27437,3U-U-Z2.tif,0.315,2.452,0.659,1.009,598,169,97.853,0.414,2.62,0.382,0.917
27438,3U-U-Z2.tif,0.304,2.254,0.753,0.862,141,170,106.26,0.491,1.838,0.544,0.903
27439,3U-U-Z2.tif,0.378,3.347,0.424,1.065,831,179,155.095,0.666,1.316,0.76,0.758
27440,3U-U-Z2.tif,0.241,2.432,0.513,0.995,773,184,14.036,0.406,2.703,0.37,0.814
27441,3U-U-Z2.tif,0.501,2.684,0.873,0.986,666,202,53.531,0.689,1.456,0.687,0.948
27442,3U-U-Z2.tif,0.308,2.428,0.656,0.941,103,206,81.573,0.448,2.189,0.457,0.893
27443,3U-U-Z2.tif,0.847,3.651,0.798,1.293,292,219,80.789,1.014,1.247,0.802,0.937
27444,3U-U-Z2.tif,0.309,2.245,0.771,0.895,242,208,74.358,0.483,1.867,0.535,0.922
27445,3U-U-Z2.tif,0.935,5.974,0.329,1.668,903,228,60.255,1.015,1.623,0.616,0.76
27446,3U-U-Z2.tif,0.655,3.947,0.528,1.522,945,228,76.908,0.748,2.286,0.437,0.865
27447,3U-U-Z2.tif,0.296,2.213,0.76,0.802,269,211,64.537,0.502,1.599,0.625,0.901
27448,3U-U-Z2.tif,0.371,2.351,0.843,0.852,458,211,68.629,0.655,1.303,0.767,0.923
27449,3U-U-Z2.tif,0.606,2.972,0.863,1.051,397,195,138.991,0.857,1.15,0.869,0.941
27450,3U-U-Z2.tif,0.507,2.619,0.928,0.897,190,216,67.38,0.724,1.152,0.868,0.962
27451,3U-U-Z2.tif,1.371,6.351,0.427,2.047,689,196,122.619,1.052,1.99,0.502,0.822
27452,3U-U-Z2.tif,0.302,2.096,0.864,0.757,367,198,120.069,0.586,1.272,0.786,0.922
27453,3U-U-Z2.tif,0.968,4.833,0.521,1.592,510,219,175.03,1.16,1.547,0.646,0.74
27454,3U-U-Z2.tif,0.919,3.841,0.783,1.414,980,241,77.32,0.927,1.588,0.63,0.925
27455,3U-U-Z2.tif,0.482,2.741,0.805,0.987,732,230,65.225,0.725,1.377,0.726,0.906
27456,3U-U-Z2.tif,0.287,2.612,0.528,0.864,109,228,61.39,0.616,1.28,0.781,0.788
27457,3U-U-Z2.tif,0.227,1.958,0.745,0.817,167,210,117.646,0.446,1.954,0.512,0.893
27458,3U-U-Z2.tif,0.799,3.93,0.65,1.276,646,213,128.418,0.959,1.358,0.737,0.852
27459,3U-U-Z2.tif,1.359,8.443,0.24,2.366,279,212,126.703,1.65,1.121,0.892,0.561
27460,3U-U-Z2.tif,0.692,3.281,0.808,1.197,64,213,101.634,0.759,1.553,0.644,0.945
27461,3U-U-Z2.tif,0.608,4.082,0.458,1.502,742,245,31.866,0.813,2.072,0.483,0.774
27462,3U-U-Z2.tif,0.331,3.123,0.426,1.137,387,220,165.964,0.556,1.893,0.528,0.731
27463,3U-U-Z2.tif,1,4.119,0.741,1.447,329,261,77.619,0.951,1.583,0.632,0.912
27464,3U-U-Z2.tif,0.328,2.319,0.767,0.83,916,238,48.366,0.585,1.447,0.691,0.914
27465,3U-U-Z2.tif,0.259,2.595,0.484,0.879,183,221,101.31,0.541,1.7,0.588,0.749
27466,3U-U-Z2.tif,0.219,3.042,0.297,1.079,218,224,116.565,0.492,3.175,0.315,0.52
27467,3U-U-Z2.tif,0.323,3.493,0.333,1.079,607,255,63.435,0.577,2.006,0.498,0.7
27468,3U-U-Z2.tif,0.364,2.351,0.827,0.884,863,226,110.556,0.611,1.486,0.673,0.923
27469,3U-U-Z2.tif,1.289,4.788,0.707,1.63,565,274,83.928,1.097,1.514,0.66,0.923
27470,3U-U-Z2.tif,0.229,2.538,0.448,1.037,159,228,111.448,0.393,2.527,0.396,0.769
27471,3U-U-Z2.tif,0.334,2.185,0.88,0.727,457,245,31.43,0.655,1.011,0.989,0.926
27472,3U-U-Z2.tif,0.422,2.973,0.6,1.123,998,260,79.38,0.612,1.977,0.506,0.839
27473,3U-U-Z2.tif,0.57,3.411,0.615,1.283,516,233,120.7,0.754,1.668,0.599,0.841
27474,3U-U-Z2.tif,0.561,2.891,0.844,1.089,796,263,79.046,0.669,1.635,0.612,0.941
27475,3U-U-Z2.tif,1.806,5.786,0.678,1.985,640,238,107.176,1.263,1.595,0.627,0.89
27476,3U-U-Z2.tif,0.426,2.481,0.869,0.884,244,264,69.444,0.655,1.239,0.807,0.94
27477,3U-U-Z2.tif,1.04,4.191,0.744,1.358,114,241,113.962,1.051,1.247,0.802,0.919
27478,3U-U-Z2.tif,0.87,3.91,0.715,1.296,193,275,64.799,1.037,1.131,0.885,0.877
27479,3U-U-Z2.tif,0.401,2.98,0.567,1.206,377,261,30.964,0.625,1.871,0.535,0.818
27480,3U-U-Z2.tif,0.703,3.224,0.85,1.215,834,276,83.48,0.759,1.573,0.636,0.95
27481,3U-U-Z2.tif,0.749,3.347,0.84,1.204,422,244,103.241,0.902,1.287,0.777,0.933
27482,3U-U-Z2.tif,0.774,3.48,0.803,1.283,897,245,120.7,0.931,1.234,0.81,0.925
27483,3U-U-Z2.tif,0.655,3.528,0.661,1.298,670,281,73.009,0.714,1.715,0.583,0.906
27484,3U-U-Z2.tif,0.902,6.486,0.27,2.17,346,306,72.429,0.92,2.677,0.374,0.594
27485,3U-U-Z2.tif,3.73,14.603,0.22,3.415,487,248,101.65,2.023,2.141,0.467,0.707
27486,3U-U-Z2.tif,0.316,3.037,0.431,1.131,154,250,127.569,0.599,2.032,0.492,0.675
27487,3U-U-Z2.tif,2.898,8.454,0.509,2.375,708,329,76.569,1.94,1.231,0.812,0.864
27488,3U-U-Z2.tif,1.985,10.977,0.207,2.521,577,299,3.136,1.664,1.64,0.61,0.673
27489,3U-U-Z2.tif,0.298,2.193,0.78,0.805,750,266,99.866,0.532,1.522,0.657,0.898
27490,3U-U-Z2.tif,1.105,7.049,0.279,1.881,383,317,63.905,1.156,1.837,0.544,0.674
27491,3U-U-Z2.tif,0.246,2.563,0.471,1.029,501,291,39.56,0.456,2.879,0.347,0.687
27492,3U-U-Z2.tif,0.615,3.131,0.788,1.123,364,305,72.121,0.755,1.579,0.633,0.907
27493,3U-U-Z2.tif,0.307,3.675,0.285,1.559,254,320,71.966,0.466,3.425,0.292,0.632
27494,3U-U-Z2.tif,0.669,3.058,0.9,1.014,212,284,144.689,0.897,1.081,0.925,0.954
27495,3U-U-Z2.tif,0.944,4.378,0.619,1.691,958,326,78.232,0.892,1.853,0.54,0.886
27496,3U-U-Z2.tif,1.957,5.945,0.696,2.076,277,339,78.503,1.384,1.384,0.723,0.918
27497,3U-U-Z2.tif,0.536,2.888,0.808,1.042,514,284,124.216,0.708,1.495,0.669,0.913
27498,3U-U-Z2.tif,0.414,2.469,0.853,0.903,53,283,96.582,0.586,1.425,0.702,0.941
27499,3U-U-Z2.tif,0.339,2.225,0.86,0.817,893,287,152.354,0.621,1.199,0.834,0.924
27500,3U-U-Z2.tif,0.656,4.358,0.434,1.283,675,324,83.83,0.855,1.49,0.671,0.768
27501,3U-U-Z2.tif,0.932,4.99,0.47,1.78,981,324,44.215,0.994,1.812,0.552,0.753
27502,3U-U-Z2.tif,0.787,4.332,0.527,1.418,95,318,41.055,0.836,1.673,0.598,0.817
27503,3U-U-Z2.tif,0.501,2.973,0.712,1.112,858,297,119.745,0.658,1.638,0.61,0.89
27504,3U-U-Z2.tif,0.565,3.066,0.755,1.163,206,304,101.976,0.701,1.723,0.58,0.899
27505,3U-U-Z2.tif,0.389,3.298,0.449,1.232,758,338,72.072,0.537,2.423,0.413,0.785
27506,3U-U-Z2.tif,0.378,2.888,0.57,0.993,321,306,110.323,0.673,1.607,0.622,0.82
27507,3U-U-Z2.tif,0.287,2.57,0.545,1.108,933,306,95.356,0.373,3.272,0.306,0.868
27508,3U-U-Z2.tif,0.291,2.262,0.715,0.903,828,314,173.418,0.517,1.724,0.58,0.866
27509,3U-U-Z2.tif,0.442,3.597,0.43,1.313,229,310,113.199,0.604,2.111,0.474,0.796
27510,3U-U-Z2.tif,0.373,2.314,0.876,0.865,441,334,66.501,0.586,1.396,0.717,0.947
27511,3U-U-Z2.tif,1.029,3.996,0.809,1.309,770,331,161.565,1.11,1.186,0.843,0.926
27512,3U-U-Z2.tif,0.642,3.069,0.856,1.035,896,343,60.018,0.828,1.153,0.867,0.943
27513,3U-U-Z2.tif,2.265,8.787,0.369,2.164,816,326,157.521,1.57,1.458,0.686,0.846
27514,3U-U-Z2.tif,1.14,5.099,0.551,1.684,114,323,124.992,1.163,1.458,0.686,0.806
27515,3U-U-Z2.tif,0.677,3.232,0.814,1.174,602,322,130.236,0.802,1.517,0.659,0.934
27516,3U-U-Z2.tif,0.485,2.847,0.752,1.1,289,352,48.814,0.61,1.76,0.568,0.917
27517,3U-U-Z2.tif,0.265,2.006,0.828,0.711,13,329,112.834,0.547,1.281,0.78,0.907
27518,3U-U-Z2.tif,0.263,3.111,0.341,0.913,640,329,100.886,0.575,1.697,0.589,0.711
27519,3U-U-Z2.tif,0.718,3.33,0.814,1.146,366,338,105.709,0.894,1.308,0.764,0.908
27520,3U-U-Z2.tif,1.032,6.45,0.312,1.673,145,364,14.323,1.115,1.565,0.639,0.692
27521,3U-U-Z2.tif,0.765,3.35,0.856,1.159,720,368,53.471,0.907,1.286,0.777,0.943
27522,3U-U-Z2.tif,0.24,1.803,0.929,0.622,79,342,109.44,0.517,1.14,0.877,0.933
27523,3U-U-Z2.tif,0.908,3.708,0.83,1.255,584,350,142.815,0.975,1.289,0.776,0.937
27524,3U-U-Z2.tif,0.335,2.348,0.765,0.834,551,348,97.125,0.663,1.208,0.828,0.861
27525,3U-U-Z2.tif,0.53,2.797,0.852,0.993,661,355,159.677,0.69,1.414,0.707,0.948
27526,3U-U-Z2.tif,0.618,3.253,0.734,1.268,759,385,67.62,0.682,1.979,0.505,0.933
27527,3U-U-Z2.tif,0.455,2.725,0.771,1.055,928,382,78.69,0.615,1.718,0.582,0.927
27528,3U-U-Z2.tif,1.043,4.349,0.693,1.624,436,353,93.652,1,1.484,0.674,0.914
27529,3U-U-Z2.tif,0.621,2.968,0.885,1.024,321,384,57.381,0.862,1.184,0.844,0.94
27530,3U-U-Z2.tif,0.96,3.695,0.883,1.287,897,359,110.376,1,1.272,0.786,0.954
27531,3U-U-Z2.tif,0.995,4.134,0.732,1.493,789,360,96.633,0.92,1.64,0.61,0.907
27532,3U-U-Z2.tif,0.6,3.818,0.518,1.373,190,366,151.504,0.729,1.796,0.557,0.784
27533,3U-U-Z2.tif,0.962,3.793,0.84,1.429,821,409,81.674,0.89,1.616,0.619,0.952
27534,3U-U-Z2.tif,1.241,4.211,0.88,1.489,574,369,103.392,1.138,1.261,0.793,0.955
27535,3U-U-Z2.tif,0.294,3.11,0.382,1.332,644,370,100.437,0.391,4.438,0.225,0.737
27536,3U-U-Z2.tif,0.543,3.046,0.736,1.146,879,371,96.911,0.703,1.658,0.603,0.899
27537,3U-U-Z2.tif,0.788,4.458,0.498,1.531,602,409,54.162,0.91,1.447,0.691,0.829
27538,3U-U-Z2.tif,0.27,2.477,0.553,1.019,847,400,66.038,0.447,2.519,0.397,0.811
27539,3U-U-Z2.tif,0.46,2.721,0.781,0.959,662,394,37.694,0.695,1.413,0.708,0.903
27540,3U-U-Z2.tif,2.17,9.954,0.275,3.097,250,404,172.321,1.859,1.541,0.649,0.617
27541,3U-U-Z2.tif,0.385,2.44,0.813,0.947,115,388,100.491,0.552,1.73,0.578,0.934
27542,3U-U-Z2.tif,0.483,3.046,0.654,1.071,686,421,75.069,0.702,1.651,0.606,0.849
27543,3U-U-Z2.tif,0.579,3.895,0.48,1.527,185,395,118.301,0.628,2.841,0.352,0.778
27544,3U-U-Z2.tif,0.656,4.203,0.467,1.539,42,396,105.593,0.724,2.284,0.438,0.823
27545,3U-U-Z2.tif,0.433,3.192,0.534,1.172,502,396,151.928,0.613,2,0.5,0.751
27546,3U-U-Z2.tif,0.666,3.261,0.787,1.219,890,400,118.74,0.78,1.65,0.606,0.917
27547,3U-U-Z2.tif,0.659,3.261,0.778,1.272,864,403,102.529,0.717,1.82,0.549,0.93
27548,3U-U-Z2.tif,0.407,2.546,0.788,0.879,658,430,78.69,0.689,1.382,0.724,0.899
27549,3U-U-Z2.tif,1.252,5.035,0.621,1.833,542,411,131.186,1.097,1.952,0.512,0.839
27550,3U-U-Z2.tif,1.333,6.559,0.389,1.87,157,415,112.782,1.285,1.726,0.579,0.778
27551,3U-U-Z2.tif,0.245,2.506,0.49,0.977,574,414,132.138,0.508,1.652,0.605,0.789
27552,3U-U-Z2.tif,1.021,4.613,0.603,1.36,605,418,149.534,1.093,1.298,0.77,0.871
27553,3U-U-Z2.tif,0.281,2.506,0.562,0.857,81,423,130.101,0.615,1.289,0.776,0.781
27554,3U-U-Z2.tif,1.165,7.062,0.294,2.151,906,465,41.1,1.146,1.74,0.575,0.68
27555,3U-U-Z2.tif,1.102,6.177,0.363,1.732,435,430,144.728,1.182,1.506,0.664,0.718
27556,3U-U-Z2.tif,0.498,3.895,0.413,1.54,336,430,145.954,0.615,2.643,0.378,0.765
27557,3U-U-Z2.tif,0.666,4.07,0.505,1.373,661,459,28.496,0.826,1.7,0.588,0.794
27558,3U-U-Z2.tif,0.7,3.115,0.907,1.123,266,471,79.38,0.828,1.335,0.749,0.952
27559,3U-U-Z2.tif,2.153,9.734,0.286,2.208,700,491,51.34,1.748,1.259,0.794,0.731
27560,3U-U-Z2.tif,1.057,3.947,0.853,1.349,205,467,32.471,1.122,1.17,0.855,0.948
27561,3U-U-Z2.tif,1.054,3.861,0.888,1.265,312,484,64.134,1.162,1.023,0.977,0.949
27562,3U-U-Z2.tif,0.74,4.662,0.428,1.387,483,486,55.125,0.973,1.441,0.694,0.7
27563,3U-U-Z2.tif,0.815,3.554,0.811,1.318,643,488,83.991,0.884,1.499,0.667,0.932
27564,3U-U-Z2.tif,1.07,7.793,0.221,2.252,857,452,130.03,1.02,2.514,0.398,0.648
27565,3U-U-Z2.tif,0.219,3.071,0.292,1.13,94,456,148.736,0.447,2.482,0.403,0.642
27566,3U-U-Z2.tif,0.281,4.151,0.205,1.123,58,468,10.62,0.694,2.033,0.492,0.548
27567,3U-U-Z2.tif,0.836,3.841,0.712,1.388,544,471,14.381,0.889,1.656,0.604,0.911
27568,3U-U-Z2.tif,0.85,6.238,0.275,1.466,138,463,131.186,1.236,1.227,0.815,0.651
27569,3U-U-Z2.tif,0.341,3.237,0.409,1.096,887,463,114.146,0.547,2.123,0.471,0.755
27570,3U-U-Z2.tif,0.203,2.526,0.4,0.977,450,464,132.138,0.465,2.668,0.375,0.694
27571,3U-U-Z2.tif,1.598,4.901,0.836,1.78,600,514,81.085,1.172,1.516,0.66,0.963
27572,3U-U-Z2.tif,0.245,2.38,0.544,0.82,362,491,75.379,0.501,1.693,0.591,0.805
27573,3U-U-Z2.tif,0.546,2.891,0.821,0.995,929,473,123.69,0.793,1.254,0.797,0.919
27574,3U-U-Z2.tif,0.239,3.005,0.333,0.947,410,498,56.889,0.528,2.129,0.47,0.614
27575,3U-U-Z2.tif,0.398,2.627,0.725,1.062,234,506,76.866,0.517,2.114,0.473,0.912
27576,3U-U-Z2.tif,0.319,2.323,0.742,0.913,50,478,100.886,0.483,1.877,0.533,0.915
27577,3U-U-Z2.tif,0.926,3.956,0.744,1.293,502,480,99.211,0.975,1.39,0.719,0.916
27578,3U-U-Z2.tif,1.052,3.976,0.837,1.473,199,481,110.556,1.048,1.41,0.709,0.941
27579,3U-U-Z2.tif,1.175,5.21,0.544,1.712,439,482,115.017,1.045,1.488,0.672,0.872
27580,3U-U-Z2.tif,0.233,2.725,0.395,1.083,845,481,99.162,0.453,3.293,0.304,0.685
27581,3U-U-Z2.tif,1.508,5.669,0.589,1.941,15,485,109.722,1.079,1.858,0.538,0.882
27582,3U-U-Z2.tif,0.273,3.204,0.335,1.238,70,487,102.875,0.343,4.352,0.23,0.741
27583,3U-U-Z2.tif,0.421,2.558,0.808,0.988,102,513,60.751,0.622,1.628,0.614,0.934
27584,3U-U-Z2.tif,0.536,3.436,0.571,1.123,328,497,100.62,0.739,1.715,0.583,0.854
27585,3U-U-Z2.tif,0.742,3.517,0.754,1.327,273,504,98.973,0.752,1.799,0.556,0.927
27586,3U-U-Z2.tif,0.734,6.522,0.217,1.715,295,552,74.846,0.925,2.04,0.49,0.65
27587,3U-U-Z2.tif,0.471,3.115,0.61,1.151,174,538,81.384,0.579,2.08,0.481,0.867
27588,3U-U-Z2.tif,1.187,4.206,0.843,1.476,747,508,127.405,1.159,1.204,0.831,0.957
27589,3U-U-Z2.tif,0.284,2.291,0.681,0.786,128,507,127.875,0.617,1.22,0.82,0.836
27590,3U-U-Z2.tif,1.616,5.242,0.739,1.951,421,563,81.87,1.069,1.9,0.526,0.924
27591,3U-U-Z2.tif,1.241,4.455,0.786,1.418,575,507,94.185,1.234,1.102,0.908,0.92
27592,3U-U-Z2.tif,1.021,4.662,0.591,1.614,860,517,160.017,0.972,1.773,0.564,0.826
27593,3U-U-Z2.tif,0.386,3.258,0.458,1.349,476,511,122.471,0.513,2.859,0.35,0.785
27594,3U-U-Z2.tif,0.251,2.25,0.623,0.865,620,519,175.426,0.483,1.696,0.59,0.837
27595,3U-U-Z2.tif,0.675,3.675,0.628,1.272,918,521,167.471,0.759,1.549,0.646,0.903
27596,3U-U-Z2.tif,0.237,1.852,0.867,0.703,379,514,101.31,0.448,1.547,0.646,0.932
27597,3U-U-Z2.tif,0.403,2.647,0.723,0.981,685,542,79.875,0.621,1.555,0.643,0.908
27598,3U-U-Z2.tif,0.214,1.734,0.895,0.644,117,524,105.524,0.448,1.405,0.712,0.928
27599,3U-U-Z2.tif,0.315,2.323,0.734,0.897,530,535,157.38,0.552,1.612,0.62,0.901
27600,3U-U-Z2.tif,0.672,3.175,0.837,1.134,616,531,109.537,0.772,1.483,0.674,0.942
27601,3U-U-Z2.tif,0.91,3.695,0.837,1.39,917,534,113.385,0.966,1.432,0.698,0.95
27602,3U-U-Z2.tif,0.419,2.819,0.662,0.981,225,562,71.565,0.687,1.429,0.7,0.835
27603,3U-U-Z2.tif,1.377,4.946,0.707,1.698,462,542,95.826,1.139,1.605,0.623,0.914
27604,3U-U-Z2.tif,0.294,2.067,0.864,0.778,953,565,77.196,0.517,1.46,0.685,0.932
27605,3U-U-Z2.tif,0.593,3.094,0.779,1.083,659,544,99.162,0.793,1.342,0.745,0.906
27606,3U-U-Z2.tif,0.214,3.098,0.28,1.283,816,584,83.83,0.273,6.258,0.16,0.703
27607,3U-U-Z2.tif,0.782,3.496,0.804,1.296,345,549,118.61,0.842,1.585,0.631,0.92
27608,3U-U-Z2.tif,0.329,2.339,0.756,0.887,586,558,166.504,0.585,1.452,0.689,0.913
27609,3U-U-Z2.tif,0.509,3.155,0.642,1.065,748,566,29.055,0.803,1.246,0.803,0.835
27610,3U-U-Z2.tif,1.241,4.231,0.871,1.455,708,592,76.293,1.172,1.256,0.796,0.957
27611,3U-U-Z2.tif,0.787,4.041,0.606,1.527,249,598,83.517,0.832,1.874,0.534,0.836
27612,3U-U-Z2.tif,0.566,2.92,0.834,1.071,27,586,75.069,0.751,1.413,0.708,0.929
27613,3U-U-Z2.tif,0.39,2.509,0.778,0.954,141,577,49.399,0.632,1.443,0.693,0.921
27614,3U-U-Z2.tif,0.302,2.428,0.644,0.842,542,578,55.008,0.589,1.408,0.71,0.826
27615,3U-U-Z2.tif,0.227,3.333,0.257,1.314,775,598,85.486,0.379,5.255,0.19,0.628
27616,3U-U-Z2.tif,0.957,3.724,0.868,1.3,171,561,111.801,1.069,1.144,0.874,0.943
27617,3U-U-Z2.tif,0.964,4.073,0.73,1.434,886,602,80.311,1.04,1.432,0.698,0.882
27618,3U-U-Z2.tif,0.874,3.638,0.83,1.266,577,569,150.642,0.966,1.241,0.806,0.949
27619,3U-U-Z2.tif,0.333,4.321,0.224,1.536,485,583,9.039,0.644,3.369,0.297,0.415
27620,3U-U-Z2.tif,2.356,6.754,0.649,2.282,321,570,94.332,1.526,1.551,0.645,0.92
27621,3U-U-Z2.tif,0.24,2.624,0.439,1.035,952,598,60.018,0.477,2.313,0.432,0.741
27622,3U-U-Z2.tif,0.323,2.908,0.481,1.08,855,573,106.699,0.619,1.643,0.609,0.744
27623,3U-U-Z2.tif,0.806,3.46,0.846,1.238,981,609,77.125,0.897,1.296,0.772,0.945
27624,3U-U-Z2.tif,0.298,2.217,0.763,0.873,61,576,99.09,0.448,1.939,0.516,0.924
27625,3U-U-Z2.tif,0.751,3.269,0.884,1.156,728,614,72.646,0.878,1.27,0.787,0.947
27626,3U-U-Z2.tif,0.951,5.905,0.343,1.882,918,582,98.427,0.827,2.721,0.368,0.767
27627,3U-U-Z2.tif,0.474,3.38,0.522,1.396,424,588,122.905,0.512,3.56,0.281,0.795
27628,3U-U-Z2.tif,0.208,2.299,0.495,0.84,401,589,109.179,0.481,1.912,0.523,0.745
27629,3U-U-Z2.tif,0.926,3.93,0.753,1.345,490,598,157.38,0.99,1.293,0.773,0.897
27630,3U-U-Z2.tif,0.734,5.234,0.337,1.366,636,630,79.824,0.918,1.487,0.673,0.731
27631,3U-U-Z2.tif,0.407,4.147,0.297,1.659,460,595,133.315,0.485,4.237,0.236,0.666
27632,3U-U-Z2.tif,2.768,9.887,0.356,3.322,823,595,94.764,1.398,2.314,0.432,0.815
27633,3U-U-Z2.tif,1.121,4.073,0.849,1.421,160,596,95.572,1.103,1.252,0.799,0.953
27634,3U-U-Z2.tif,1.658,6.221,0.538,2.041,585,658,74.32,1.146,1.846,0.542,0.897
27635,3U-U-Z2.tif,0.536,3.17,0.67,1.265,613,601,101.004,0.552,2.514,0.398,0.91
27636,3U-U-Z2.tif,0.231,3.177,0.287,1.148,770,609,147.265,0.529,3.106,0.322,0.514
27637,3U-U-Z2.tif,0.529,2.77,0.867,0.981,836,608,161.565,0.775,1.156,0.865,0.932
27638,3U-U-Z2.tif,0.492,2.684,0.859,0.988,255,632,60.751,0.727,1.307,0.765,0.937
27639,3U-U-Z2.tif,0.542,3.623,0.519,1.219,38,642,81.87,0.687,1.81,0.553,0.834
27640,3U-U-Z2.tif,0.302,2.319,0.706,0.941,419,612,118.443,0.493,1.877,0.533,0.901
27641,3U-U-Z2.tif,0.403,2.518,0.799,0.884,537,633,20.556,0.658,1.347,0.742,0.915
27642,3U-U-Z2.tif,0.39,2.862,0.598,1.203,347,648,62.7,0.451,2.957,0.338,0.888
27643,3U-U-Z2.tif,0.572,2.92,0.843,1.134,405,618,109.537,0.697,1.619,0.618,0.941
27644,3U-U-Z2.tif,1.328,4.694,0.758,1.707,672,618,98.13,1.026,1.737,0.576,0.931
27645,3U-U-Z2.tif,0.203,1.714,0.87,0.663,83,619,98.973,0.414,1.527,0.655,0.919
27646,3U-U-Z2.tif,0.325,2.311,0.764,0.881,288,620,120.579,0.541,1.694,0.59,0.916
27647,3U-U-Z2.tif,0.511,4.519,0.315,1.379,885,652,53.13,0.935,1.737,0.576,0.604
27648,3U-U-Z2.tif,0.319,2.684,0.556,0.938,447,629,162.897,0.586,1.826,0.548,0.756
27649,3U-U-Z2.tif,0.266,2.096,0.762,0.679,265,646,66.038,0.59,1.062,0.942,0.887
27650,3U-U-Z2.tif,0.308,2.327,0.714,0.807,736,633,160.017,0.584,1.486,0.673,0.862
27651,3U-U-Z2.tif,0.499,2.761,0.823,0.938,858,656,72.897,0.755,1.279,0.782,0.917
27652,3U-U-Z2.tif,0.622,5.837,0.229,1.746,475,636,170.91,0.854,2.095,0.477,0.634
27653,3U-U-Z2.tif,0.262,2.217,0.669,0.899,651,658,85.601,0.388,2.324,0.43,0.894
27654,3U-U-Z2.tif,0.239,2.822,0.377,1.071,984,637,93.691,0.379,3.675,0.272,0.65
27655,3U-U-Z2.tif,0.97,3.801,0.844,1.322,553,640,97.496,0.965,1.371,0.729,0.943
27656,3U-U-Z2.tif,1.062,4.126,0.784,1.502,931,640,99.246,0.966,1.606,0.623,0.929
27657,3U-U-Z2.tif,0.44,2.624,0.803,0.899,295,649,147.529,0.751,1.115,0.897,0.899
27658,3U-U-Z2.tif,0.245,1.937,0.82,0.757,54,665,59.931,0.488,1.548,0.646,0.905
27659,3U-U-Z2.tif,0.571,3.318,0.651,1.185,726,647,98.366,0.722,1.763,0.567,0.88
27660,3U-U-Z2.tif,1.488,4.901,0.778,1.814,777,647,98.746,1.092,1.711,0.585,0.932
27661,3U-U-Z2.tif,0.43,3.565,0.426,1.347,454,648,92.936,0.585,2.848,0.351,0.718
27662,3U-U-Z2.tif,0.317,2.534,0.621,0.966,327,673,34.824,0.575,1.518,0.659,0.815
27663,3U-U-Z2.tif,1.447,4.707,0.821,1.712,601,704,71.2,1.169,1.471,0.68,0.934
27664,3U-U-Z2.tif,0.408,2.709,0.698,0.954,393,660,102.529,0.649,1.375,0.727,0.886
27665,3U-U-Z2.tif,0.213,2.326,0.494,0.981,914,689,79.875,0.31,3.248,0.308,0.861
27666,3U-U-Z2.tif,1.452,8.779,0.237,2.334,219,684,167.196,1.308,2.017,0.496,0.587
27667,3U-U-Z2.tif,0.574,3.014,0.795,1.083,275,664,127.235,0.756,1.422,0.703,0.924
27668,3U-U-Z2.tif,0.461,2.794,0.743,1.05,854,690,66.801,0.611,1.653,0.605,0.915
27669,3U-U-Z2.tif,0.277,1.998,0.872,0.756,61,684,65.772,0.535,1.411,0.709,0.926
27670,3U-U-Z2.tif,0.981,4.304,0.666,1.679,880,664,109.179,0.843,2.203,0.454,0.898
27671,3U-U-Z2.tif,0.4,2.879,0.606,1.083,969,699,80.838,0.555,2.067,0.484,0.846
27672,3U-U-Z2.tif,0.542,3.143,0.69,1.138,476,671,125.134,0.755,1.515,0.66,0.865
27673,3U-U-Z2.tif,0.971,3.858,0.82,1.361,513,708,81.254,0.962,1.418,0.705,0.94
27674,3U-U-Z2.tif,0.338,3.253,0.401,1.096,95,699,65.854,0.537,2.322,0.431,0.746
27675,3U-U-Z2.tif,0.769,3.476,0.8,1.311,339,707,54.638,0.789,1.653,0.605,0.926
27676,3U-U-Z2.tif,0.201,1.763,0.813,0.634,309,678,112.38,0.476,1.373,0.728,0.901
27677,3U-U-Z2.tif,0.405,4.001,0.318,1.503,571,683,126.607,0.559,3.525,0.284,0.616
27678,3U-U-Z2.tif,0.273,2.761,0.451,0.852,4,683,121.759,0.549,1.666,0.6,0.811
27679,3U-U-Z2.tif,0.608,3.391,0.664,1.265,991,683,101.004,0.687,1.845,0.542,0.871
27680,3U-U-Z2.tif,0.492,2.681,0.861,0.981,207,720,79.875,0.756,1.37,0.73,0.921
27681,3U-U-Z2.tif,0.244,2.222,0.621,0.918,455,694,124.287,0.45,2.304,0.434,0.825
27682,3U-U-Z2.tif,0.483,2.672,0.849,0.971,949,721,73.496,0.725,1.324,0.755,0.93
27683,3U-U-Z2.tif,0.433,4.025,0.336,1.623,774,709,12.265,0.57,3.533,0.283,0.647
27684,3U-U-Z2.tif,0.21,1.742,0.871,0.622,702,696,109.44,0.483,1.315,0.761,0.908
27685,3U-U-Z2.tif,0.322,2.546,0.625,0.804,138,721,30.964,0.667,1.076,0.929,0.821
27686,3U-U-Z3.tif,0.293,3.411,0.317,1.129,505,113,61.887,0.582,2.727,0.367,0.629
27687,3U-U-Z3.tif,0.552,5.081,0.269,1.588,246,42,119.867,0.804,1.943,0.515,0.623
27688,3U-U-Z3.tif,0.643,4.425,0.413,1.307,163,161,59.959,0.72,1.916,0.522,0.886
27689,3U-U-Z3.tif,0.803,5.707,0.31,1.374,214,181,49.83,1.021,1.218,0.821,0.815
27690,3U-U-Z3.tif,1.915,8.383,0.342,1.928,468,126,115.115,1.451,1.309,0.764,0.892
27691,3U-U-Z3.tif,0.251,3.462,0.263,0.965,51,160,113.305,0.491,2.193,0.456,0.699
27692,3U-U-Z3.tif,0.33,2.412,0.713,0.824,355,228,73.664,0.583,1.377,0.726,0.932
27693,3U-U-Z3.tif,1.877,5.914,0.674,1.763,203,206,145.081,1.439,1.179,0.848,0.95
27694,3U-U-Z3.tif,0.706,3.77,0.624,1.265,753,196,131.941,0.802,1.521,0.657,0.941
27695,3U-U-Z3.tif,0.747,4.177,0.538,1.257,171,236,102.529,0.914,1.336,0.749,0.877
27696,3U-U-Z3.tif,0.544,3.018,0.751,0.999,903,308,32.171,0.719,1.389,0.72,0.941
27697,3U-U-Z3.tif,1.124,8.246,0.208,1.611,338,283,92.911,1.044,1.475,0.678,0.865
27698,3U-U-Z3.tif,0.647,3.874,0.542,1.129,56,365,64.983,0.86,1.256,0.796,0.904
27699,3U-U-Z3.tif,1.26,4.701,0.716,1.506,687,313,95.194,1.223,1.183,0.845,0.944
27700,3U-U-Z3.tif,0.549,4.818,0.297,1.157,916,404,68.575,0.746,1.717,0.583,0.809
27701,3U-U-Z3.tif,0.756,4.397,0.491,1.592,748,419,46.736,0.874,1.627,0.615,0.843
27702,3U-U-Z3.tif,0.369,3.071,0.491,0.985,943,432,48.366,0.543,1.819,0.55,0.84
27703,3U-U-Z3.tif,0.255,2.112,0.718,0.686,878,446,40.972,0.545,1.309,0.764,0.924
27704,3U-U-Z3.tif,0.901,4.665,0.52,1.529,861,606,87.444,0.912,1.561,0.641,0.905
27705,3U-U-Z3.tif,1.275,5.092,0.618,1.398,32,595,66.435,1.274,1.101,0.908,0.94
27706,3U-U-Z3.tif,0.891,4.405,0.577,1.354,610,551,9.273,0.953,1.508,0.663,0.905
27707,3U-U-Z3.tif,1.574,4.963,0.803,1.744,756,665,83.264,1.202,1.45,0.69,0.971
27708,3U-U-Z3.tif,1.028,5.522,0.424,1.624,381,591,103.103,1.014,1.414,0.707,0.858
27709,3U-U-Z3.tif,0.285,3.268,0.336,0.93,450,715,85.795,0.651,1.694,0.59,0.74
27710,3U-U-Z3.tif,0.254,2.276,0.616,0.709,808,660,127.972,0.558,1.176,0.85,0.894
27711,3U-U-Z3.tif,0.232,2.088,0.67,0.753,208,662,95.194,0.44,1.718,0.582,0.918
27712,3U-U-Z3.tif,0.333,2.473,0.685,0.833,937,712,50.315,0.607,1.378,0.726,0.919
