 ,Label,Area,Perim.,Circ.,Feret,FeretX,FeretY,FeretAngle,MinFeret,AR,Round,Solidity
1,4D-C-Z4.tif,0.005,0.320,0.620,0.113,298,12,22.834,0.079,1.508,0.663,0.803
2,4D-C-Z4.tif,0.005,0.403,0.407,0.134,474,10,9.462,0.075,1.532,0.653,0.704
3,4D-C-Z4.tif,0.004,0.267,0.646,0.101,161,20,60.642,0.056,1.912,0.523,0.823
4,4D-C-Z4.tif,0.004,0.307,0.568,0.108,549,3,104.744,0.060,1.872,0.534,0.794
5,4D-C-Z4.tif,0.003,0.322,0.407,0.101,899,20,67.620,0.072,1.851,0.540,0.679
6,4D-C-Z4.tif,0.007,0.351,0.681,0.129,346,4,140.194,0.089,1.517,0.659,0.850
7,4D-C-Z4.tif,0.004,0.225,0.880,0.079,715,16,56.310,0.066,1.212,0.825,0.893
8,4D-C-Z4.tif,0.011,0.433,0.741,0.155,874,30,62.526,0.110,1.327,0.754,0.899
9,4D-C-Z4.tif,0.002,0.156,0.967,0.059,943,5,111.801,0.044,1.181,0.847,0.912
10,4D-C-Z4.tif,0.002,0.198,0.735,0.072,448,14,32.471,0.053,1.308,0.764,0.835
11,4D-C-Z4.tif,0.003,0.237,0.656,0.098,595,6,141.843,0.050,2.232,0.448,0.808
12,4D-C-Z4.tif,0.003,0.191,0.880,0.069,952,17,61.390,0.056,1.238,0.808,0.884
13,4D-C-Z4.tif,0.008,0.394,0.642,0.150,77,24,36.027,0.091,1.687,0.593,0.868
14,4D-C-Z4.tif,0.003,0.272,0.459,0.115,854,19,35.218,0.044,2.845,0.351,0.704
15,4D-C-Z4.tif,0.006,0.406,0.460,0.121,496,8,136.848,0.094,1.251,0.800,0.715
16,4D-C-Z4.tif,0.002,0.172,0.851,0.059,528,10,158.199,0.052,1.035,0.967,0.852
17,4D-C-Z4.tif,0.002,0.183,0.649,0.068,771,13,165.964,0.044,1.609,0.621,0.786
18,4D-C-Z4.tif,0.002,0.180,0.708,0.072,909,15,22.620,0.044,1.936,0.516,0.789
19,4D-C-Z4.tif,0.027,0.904,0.408,0.241,566,25,169.461,0.185,1.369,0.731,0.790
20,4D-C-Z4.tif,0.006,0.448,0.358,0.144,32,10,122.471,0.070,2.094,0.478,0.723
21,4D-C-Z4.tif,0.019,0.673,0.526,0.249,209,13,133.210,0.116,2.442,0.409,0.831
22,4D-C-Z4.tif,0.002,0.198,0.629,0.072,566,19,32.471,0.048,1.582,0.632,0.798
23,4D-C-Z4.tif,0.006,0.370,0.567,0.128,912,18,172.569,0.083,1.536,0.651,0.785
24,4D-C-Z4.tif,0.005,0.288,0.694,0.107,243,12,124.509,0.071,1.621,0.617,0.846
25,4D-C-Z4.tif,0.004,0.263,0.701,0.090,310,22,42.510,0.075,1.213,0.824,0.847
26,4D-C-Z4.tif,0.002,0.167,0.844,0.062,368,13,135.000,0.049,1.302,0.768,0.867
27,4D-C-Z4.tif,0.013,0.615,0.444,0.210,676,47,66.801,0.112,2.355,0.425,0.754
28,4D-C-Z4.tif,0.004,0.301,0.603,0.101,704,28,67.620,0.070,1.473,0.679,0.823
29,4D-C-Z4.tif,0.002,0.165,0.710,0.070,745,19,38.660,0.036,2.126,0.470,0.843
30,4D-C-Z4.tif,0.006,0.390,0.495,0.110,722,18,162.474,0.086,1.274,0.785,0.800
31,4D-C-Z4.tif,0.020,0.623,0.643,0.234,451,48,48.814,0.136,1.730,0.578,0.865
32,4D-C-Z4.tif,0.012,0.511,0.572,0.185,326,44,63.435,0.109,1.812,0.552,0.798
33,4D-C-Z4.tif,0.009,0.477,0.478,0.172,627,14,106.699,0.079,2.249,0.445,0.774
34,4D-C-Z4.tif,0.004,0.266,0.625,0.090,179,15,137.490,0.071,1.196,0.836,0.835
35,4D-C-Z4.tif,0.003,0.214,0.757,0.074,443,16,116.565,0.066,1.097,0.911,0.850
36,4D-C-Z4.tif,0.001,0.164,0.580,0.057,940,24,60.945,0.048,1.381,0.724,0.713
37,4D-C-Z4.tif,0.001,0.139,0.882,0.054,963,17,156.038,0.033,1.527,0.655,0.909
38,4D-C-Z4.tif,0.002,0.204,0.474,0.082,434,17,109.654,0.039,2.230,0.448,0.703
39,4D-C-Z4.tif,0.001,0.134,0.761,0.052,776,18,147.995,0.033,1.506,0.664,0.837
40,4D-C-Z4.tif,0.001,0.148,0.795,0.059,958,27,68.199,0.039,1.643,0.608,0.860
41,4D-C-Z4.tif,0.003,0.214,0.774,0.083,189,19,143.130,0.058,1.473,0.679,0.861
42,4D-C-Z4.tif,0.006,0.308,0.751,0.113,394,30,29.055,0.076,1.348,0.742,0.878
43,4D-C-Z4.tif,0.007,0.464,0.396,0.171,415,45,56.821,0.075,2.836,0.353,0.677
44,4D-C-Z4.tif,0.002,0.241,0.494,0.083,759,22,172.405,0.055,1.603,0.624,0.688
45,4D-C-Z4.tif,0.003,0.248,0.704,0.087,796,34,71.565,0.066,1.270,0.788,0.838
46,4D-C-Z4.tif,0.004,0.337,0.496,0.131,62,20,112.249,0.065,2.144,0.466,0.749
47,4D-C-Z4.tif,0.009,0.545,0.397,0.160,106,20,105.945,0.107,1.502,0.666,0.769
48,4D-C-Z4.tif,0.002,0.197,0.500,0.087,158,26,18.435,0.032,2.935,0.341,0.785
49,4D-C-Z4.tif,0.001,0.142,0.793,0.049,950,29,63.435,0.043,1.233,0.811,0.840
50,4D-C-Z4.tif,0.007,0.342,0.796,0.126,280,30,156.801,0.089,1.364,0.733,0.891
51,4D-C-Z4.tif,0.007,0.349,0.704,0.139,531,24,161.565,0.077,1.585,0.631,0.872
52,4D-C-Z4.tif,0.009,0.478,0.486,0.168,748,52,78.690,0.101,1.815,0.551,0.760
53,4D-C-Z4.tif,0.001,0.176,0.465,0.064,253,33,59.036,0.042,1.630,0.613,0.650
54,4D-C-Z4.tif,0.003,0.209,0.851,0.083,306,23,143.130,0.054,1.587,0.630,0.895
55,4D-C-Z4.tif,0.002,0.223,0.581,0.080,353,38,74.055,0.050,1.635,0.612,0.772
56,4D-C-Z4.tif,0.005,0.331,0.593,0.116,855,24,121.430,0.079,1.518,0.659,0.786
57,4D-C-Z4.tif,0.007,0.358,0.678,0.134,974,27,160.821,0.077,1.819,0.550,0.870
58,4D-C-Z4.tif,0.005,0.297,0.695,0.103,80,25,115.201,0.070,1.392,0.719,0.866
59,4D-C-Z4.tif,0.002,0.256,0.406,0.079,150,25,114.775,0.061,1.324,0.755,0.619
60,4D-C-Z4.tif,0.013,0.469,0.733,0.160,479,25,105.945,0.119,1.247,0.802,0.891
61,4D-C-Z4.tif,0.002,0.197,0.513,0.077,811,27,158.962,0.042,2.140,0.467,0.689
62,4D-C-Z4.tif,0.002,0.228,0.475,0.078,939,25,135.000,0.054,1.360,0.735,0.663
63,4D-C-Z4.tif,0.001,0.147,0.673,0.052,1003,35,71.565,0.042,1.231,0.812,0.731
64,4D-C-Z4.tif,0.001,0.147,0.603,0.060,242,28,146.310,0.035,1.899,0.526,0.747
65,4D-C-Z4.tif,0.004,0.298,0.608,0.116,358,39,25.346,0.062,2.032,0.492,0.828
66,4D-C-Z4.tif,0.007,0.475,0.394,0.143,508,32,157.380,0.108,1.212,0.825,0.666
67,4D-C-Z4.tif,0.004,0.258,0.732,0.104,891,34,18.435,0.058,1.757,0.569,0.853
68,4D-C-Z4.tif,0.007,0.421,0.489,0.142,1009,52,76.504,0.075,2.167,0.461,0.778
69,4D-C-Z4.tif,0.002,0.242,0.430,0.077,172,28,111.038,0.053,1.667,0.600,0.688
70,4D-C-Z4.tif,0.010,0.456,0.632,0.192,707,30,140.826,0.088,2.224,0.450,0.864
71,4D-C-Z4.tif,0.004,0.301,0.524,0.096,843,28,120.964,0.071,1.262,0.793,0.762
72,4D-C-Z4.tif,0.001,0.170,0.620,0.063,193,40,74.745,0.039,1.816,0.551,0.777
73,4D-C-Z4.tif,0.002,0.166,0.692,0.060,620,38,56.310,0.046,1.521,0.658,0.794
74,4D-C-Z4.tif,0.005,0.280,0.821,0.099,913,31,160.560,0.072,1.310,0.763,0.906
75,4D-C-Z4.tif,0.005,0.283,0.734,0.098,205,31,128.157,0.079,1.090,0.917,0.865
76,4D-C-Z4.tif,0.013,0.515,0.595,0.171,374,60,69.228,0.111,1.532,0.653,0.838
77,4D-C-Z4.tif,0.012,0.451,0.720,0.158,964,30,119.249,0.106,1.483,0.674,0.877
78,4D-C-Z4.tif,0.009,0.422,0.611,0.150,774,31,118.443,0.098,1.573,0.636,0.799
79,4D-C-Z4.tif,0.004,0.339,0.447,0.106,880,34,117.897,0.076,1.634,0.612,0.711
80,4D-C-Z4.tif,0.002,0.191,0.755,0.079,311,36,146.310,0.046,1.817,0.550,0.832
81,4D-C-Z4.tif,0.010,0.547,0.415,0.189,144,57,35.538,0.103,1.989,0.503,0.703
82,4D-C-Z4.tif,0.010,0.464,0.587,0.178,424,67,68.199,0.105,1.938,0.516,0.797
83,4D-C-Z4.tif,0.006,0.329,0.716,0.115,542,54,54.782,0.091,1.151,0.869,0.883
84,4D-C-Z4.tif,0.002,0.226,0.543,0.067,653,47,55.008,0.056,1.247,0.802,0.741
85,4D-C-Z4.tif,0.015,0.630,0.481,0.245,818,38,135.909,0.113,2.581,0.388,0.790
86,4D-C-Z4.tif,0.009,0.403,0.672,0.155,55,38,112.932,0.091,1.722,0.581,0.864
87,4D-C-Z4.tif,0.002,0.200,0.611,0.070,698,50,71.565,0.049,1.367,0.731,0.780
88,4D-C-Z4.tif,0.003,0.239,0.672,0.087,897,51,55.305,0.055,1.306,0.766,0.828
89,4D-C-Z4.tif,0.005,0.299,0.695,0.118,34,54,37.405,0.072,1.719,0.582,0.874
90,4D-C-Z4.tif,0.002,0.226,0.550,0.084,259,47,11.310,0.049,1.972,0.507,0.736
91,4D-C-Z4.tif,0.007,0.389,0.576,0.142,17,58,35.538,0.091,1.584,0.631,0.774
92,4D-C-Z4.tif,0.008,0.560,0.304,0.178,92,43,158.199,0.092,2.261,0.442,0.657
93,4D-C-Z4.tif,0.001,0.180,0.484,0.062,614,50,63.435,0.046,1.378,0.726,0.672
94,4D-C-Z4.tif,0.002,0.183,0.627,0.075,735,49,36.027,0.039,2.202,0.454,0.786
95,4D-C-Z4.tif,0.002,0.183,0.649,0.070,987,50,51.340,0.043,1.704,0.587,0.776
96,4D-C-Z4.tif,0.002,0.152,0.861,0.059,504,41,131.186,0.043,1.300,0.769,0.874
97,4D-C-Z4.tif,0.003,0.237,0.690,0.087,558,54,55.305,0.060,1.369,0.730,0.816
98,4D-C-Z4.tif,0.014,0.593,0.514,0.199,943,42,138.366,0.141,1.495,0.669,0.807
99,4D-C-Z4.tif,0.002,0.198,0.648,0.075,245,49,17.103,0.042,2.171,0.461,0.779
100,4D-C-Z4.tif,0.006,0.306,0.740,0.115,520,44,125.218,0.074,1.681,0.595,0.845
101,4D-C-Z4.tif,0.004,0.264,0.667,0.096,636,53,30.964,0.070,1.467,0.682,0.780
102,4D-C-Z4.tif,0.008,0.409,0.616,0.129,274,47,129.806,0.107,1.244,0.804,0.831
103,4D-C-Z4.tif,0.001,0.189,0.524,0.064,860,47,160.017,0.042,1.368,0.731,0.721
104,4D-C-Z4.tif,0.002,0.167,0.817,0.060,294,45,123.690,0.049,1.157,0.865,0.851
105,4D-C-Z4.tif,0.006,0.347,0.677,0.122,336,66,54.162,0.092,1.254,0.798,0.826
106,4D-C-Z4.tif,0.003,0.319,0.430,0.109,706,45,139.086,0.071,1.411,0.708,0.673
107,4D-C-Z4.tif,0.003,0.237,0.629,0.091,573,54,25.017,0.056,1.722,0.581,0.785
108,4D-C-Z4.tif,0.005,0.307,0.668,0.123,800,47,169.695,0.061,2.058,0.486,0.866
109,4D-C-Z4.tif,0.024,0.826,0.444,0.249,598,47,114.864,0.160,1.660,0.603,0.746
110,4D-C-Z4.tif,0.009,0.576,0.324,0.202,694,47,101.004,0.079,2.964,0.337,0.709
111,4D-C-Z4.tif,0.007,0.449,0.448,0.147,920,47,124.287,0.086,1.630,0.614,0.738
112,4D-C-Z4.tif,0.004,0.265,0.677,0.100,306,48,99.462,0.058,1.938,0.516,0.814
113,4D-C-Z4.tif,0.007,0.378,0.653,0.139,395,55,173.157,0.081,1.635,0.612,0.832
114,4D-C-Z4.tif,0.004,0.269,0.752,0.106,912,66,68.749,0.061,1.715,0.583,0.894
115,4D-C-Z4.tif,0.026,0.714,0.642,0.237,450,49,111.801,0.164,1.439,0.695,0.877
116,4D-C-Z4.tif,0.001,0.137,0.887,0.054,631,58,66.038,0.033,1.521,0.658,0.917
117,4D-C-Z4.tif,0.005,0.337,0.526,0.116,76,71,84.560,0.076,1.628,0.614,0.773
118,4D-C-Z4.tif,0.004,0.289,0.670,0.110,355,52,143.130,0.075,1.657,0.603,0.805
119,4D-C-Z4.tif,0.010,0.563,0.404,0.151,763,51,123.111,0.117,1.250,0.800,0.774
120,4D-C-Z4.tif,0.001,0.163,0.575,0.055,192,58,36.870,0.043,1.526,0.655,0.708
121,4D-C-Z4.tif,0.002,0.172,0.800,0.067,249,55,9.462,0.041,1.651,0.606,0.855
122,4D-C-Z4.tif,0.007,0.359,0.658,0.133,654,64,24.444,0.091,1.555,0.643,0.821
123,4D-C-Z4.tif,0.003,0.336,0.375,0.117,728,53,171.870,0.066,1.906,0.525,0.600
124,4D-C-Z4.tif,0.002,0.197,0.696,0.082,847,52,137.726,0.049,1.629,0.614,0.840
125,4D-C-Z4.tif,0.002,0.220,0.517,0.081,487,55,151.699,0.046,2.240,0.446,0.677
126,4D-C-Z4.tif,0.003,0.204,0.772,0.085,505,56,165.069,0.039,2.012,0.497,0.928
127,4D-C-Z4.tif,0.004,0.299,0.546,0.111,202,57,153.435,0.069,1.873,0.534,0.757
128,4D-C-Z4.tif,0.003,0.275,0.428,0.101,298,72,77.471,0.050,2.075,0.482,0.688
129,4D-C-Z4.tif,0.002,0.200,0.592,0.073,482,54,102.995,0.044,1.703,0.587,0.765
130,4D-C-Z4.tif,0.006,0.377,0.539,0.131,34,56,146.976,0.073,1.939,0.516,0.806
131,4D-C-Z4.tif,0.008,0.376,0.673,0.128,259,79,82.569,0.095,1.385,0.722,0.832
132,4D-C-Z4.tif,0.005,0.305,0.722,0.111,320,75,69.775,0.075,1.702,0.588,0.856
133,4D-C-Z4.tif,0.002,0.202,0.581,0.082,178,64,19.654,0.037,2.512,0.398,0.805
134,4D-C-Z4.tif,0.010,0.450,0.596,0.182,123,88,64.983,0.092,2.059,0.486,0.851
135,4D-C-Z4.tif,0.003,0.230,0.788,0.084,715,59,121.608,0.061,1.348,0.742,0.855
136,4D-C-Z4.tif,0.002,0.191,0.576,0.076,806,61,149.744,0.044,2.076,0.482,0.724
137,4D-C-Z4.tif,0.032,0.880,0.514,0.240,982,95,53.393,0.215,1.091,0.916,0.838
138,4D-C-Z4.tif,0.011,0.497,0.554,0.180,84,66,148.736,0.096,1.866,0.536,0.802
139,4D-C-Z4.tif,0.004,0.299,0.542,0.096,222,77,66.371,0.072,1.487,0.672,0.782
140,4D-C-Z4.tif,0.006,0.340,0.687,0.130,349,61,117.646,0.076,1.806,0.554,0.810
141,4D-C-Z4.tif,0.001,0.176,0.514,0.077,373,68,21.038,0.033,2.390,0.418,0.750
142,4D-C-Z4.tif,0.007,0.358,0.648,0.142,645,86,76.504,0.072,2.025,0.494,0.865
143,4D-C-Z4.tif,0.002,0.272,0.356,0.094,851,69,28.072,0.052,1.919,0.521,0.613
144,4D-C-Z4.tif,0.002,0.189,0.691,0.077,57,62,94.086,0.037,2.241,0.446,0.839
145,4D-C-Z4.tif,0.010,0.489,0.527,0.161,528,62,97.853,0.107,1.680,0.595,0.774
146,4D-C-Z4.tif,0.012,0.478,0.675,0.160,560,65,130.815,0.118,1.294,0.773,0.861
147,4D-C-Z4.tif,0.010,0.495,0.526,0.182,737,75,165.964,0.110,1.691,0.591,0.789
148,4D-C-Z4.tif,0.014,0.668,0.389,0.176,187,64,128.660,0.131,1.402,0.713,0.798
149,4D-C-Z4.tif,0.008,0.369,0.697,0.131,510,64,104.621,0.083,1.516,0.660,0.880
150,4D-C-Z4.tif,0.009,0.432,0.574,0.174,868,64,145.305,0.087,1.861,0.537,0.855
151,4D-C-Z4.tif,0.006,0.313,0.738,0.121,488,79,39.472,0.077,1.515,0.660,0.913
152,4D-C-Z4.tif,0.006,0.356,0.568,0.113,678,67,140.906,0.087,1.257,0.796,0.808
153,4D-C-Z4.tif,0.002,0.178,0.863,0.072,898,71,22.620,0.044,1.631,0.613,0.900
154,4D-C-Z4.tif,0.004,0.253,0.756,0.086,791,80,63.435,0.073,1.085,0.921,0.833
155,4D-C-Z4.tif,0.009,0.542,0.385,0.152,386,70,136.469,0.119,1.408,0.710,0.656
156,4D-C-Z4.tif,0.002,0.198,0.629,0.075,168,71,162.897,0.043,1.807,0.553,0.812
157,4D-C-Z4.tif,0.001,0.172,0.619,0.063,237,68,127.875,0.043,1.828,0.547,0.733
158,4D-C-Z4.tif,0.005,0.279,0.775,0.100,421,79,9.462,0.075,1.283,0.779,0.871
159,4D-C-Z4.tif,0.006,0.394,0.521,0.131,938,85,33.024,0.095,1.616,0.619,0.779
160,4D-C-Z4.tif,0.002,0.197,0.532,0.067,25,69,155.556,0.039,1.666,0.600,0.788
161,4D-C-Z4.tif,0.002,0.211,0.648,0.085,546,69,104.931,0.044,2.324,0.430,0.822
162,4D-C-Z4.tif,0.001,0.161,0.722,0.069,7,71,151.390,0.036,2.157,0.464,0.784
163,4D-C-Z4.tif,0.008,0.429,0.579,0.146,269,83,19.799,0.097,1.431,0.699,0.825
164,4D-C-Z4.tif,0.003,0.323,0.365,0.096,921,71,120.964,0.062,1.652,0.605,0.714
165,4D-C-Z4.tif,0.006,0.409,0.480,0.144,588,71,130.365,0.089,1.745,0.573,0.790
166,4D-C-Z4.tif,0.005,0.312,0.643,0.126,816,71,118.811,0.059,2.269,0.441,0.859
167,4D-C-Z4.tif,0.006,0.326,0.759,0.106,143,87,21.251,0.095,1.165,0.858,0.872
168,4D-C-Z4.tif,0.008,0.361,0.730,0.142,801,98,76.504,0.080,1.818,0.550,0.891
169,4D-C-Z4.tif,0.001,0.145,0.848,0.054,904,80,23.962,0.039,1.154,0.867,0.862
170,4D-C-Z4.tif,0.008,0.397,0.609,0.128,331,92,25.463,0.102,1.201,0.832,0.799
171,4D-C-Z4.tif,0.002,0.156,0.873,0.062,710,82,26.565,0.044,1.285,0.779,0.868
172,4D-C-Z4.tif,0.007,0.403,0.574,0.136,853,74,121.759,0.086,1.791,0.558,0.792
173,4D-C-Z4.tif,0.004,0.301,0.607,0.113,368,75,133.025,0.075,1.908,0.524,0.759
174,4D-C-Z4.tif,0.004,0.285,0.588,0.106,300,79,171.027,0.055,1.923,0.520,0.820
175,4D-C-Z4.tif,0.006,0.339,0.681,0.111,721,89,5.711,0.089,1.254,0.798,0.823
176,4D-C-Z4.tif,0.005,0.286,0.722,0.095,975,93,79.992,0.072,1.339,0.747,0.866
177,4D-C-Z4.tif,0.002,0.228,0.388,0.072,69,81,8.746,0.054,1.914,0.523,0.624
178,4D-C-Z4.tif,0.003,0.233,0.661,0.096,241,78,149.036,0.052,2.001,0.500,0.810
179,4D-C-Z4.tif,0.003,0.226,0.669,0.087,834,93,71.565,0.050,1.950,0.513,0.822
180,4D-C-Z4.tif,0.004,0.237,0.784,0.079,88,93,77.905,0.072,1.089,0.919,0.856
181,4D-C-Z4.tif,0.001,0.152,0.728,0.064,624,79,109.983,0.028,2.399,0.417,0.880
182,4D-C-Z4.tif,0.018,0.571,0.699,0.197,490,80,125.910,0.127,1.553,0.644,0.887
183,4D-C-Z4.tif,0.010,0.471,0.562,0.142,652,86,144.462,0.112,1.250,0.800,0.822
184,4D-C-Z4.tif,0.009,0.392,0.733,0.143,225,104,62.447,0.096,1.546,0.647,0.885
185,4D-C-Z4.tif,0.002,0.185,0.564,0.064,440,86,19.983,0.050,1.334,0.750,0.667
186,4D-C-Z4.tif,0.004,0.344,0.461,0.140,46,83,138.180,0.062,2.473,0.404,0.735
187,4D-C-Z4.tif,0.003,0.231,0.607,0.080,903,91,15.945,0.054,1.600,0.625,0.780
188,4D-C-Z4.tif,0.002,0.159,0.883,0.059,257,92,41.186,0.044,1.124,0.889,0.908
189,4D-C-Z4.tif,0.003,0.226,0.654,0.083,781,85,126.870,0.057,1.784,0.560,0.779
190,4D-C-Z4.tif,0.002,0.228,0.592,0.090,877,99,79.380,0.047,2.489,0.402,0.779
191,4D-C-Z4.tif,0.005,0.384,0.426,0.130,637,84,102.265,0.071,1.746,0.573,0.745
192,4D-C-Z4.tif,0.004,0.290,0.627,0.117,683,98,41.186,0.061,2.117,0.472,0.797
193,4D-C-Z4.tif,0.007,0.394,0.583,0.152,542,106,49.399,0.082,1.883,0.531,0.817
194,4D-C-Z4.tif,0.003,0.283,0.496,0.108,748,86,165.256,0.059,1.785,0.560,0.715
195,4D-C-Z4.tif,0.001,0.130,0.883,0.054,32,91,23.962,0.033,1.710,0.585,0.876
196,4D-C-Z4.tif,0.009,0.449,0.549,0.156,464,90,137.862,0.103,1.490,0.671,0.838
197,4D-C-Z4.tif,0.010,0.495,0.531,0.145,298,111,65.376,0.125,1.171,0.854,0.792
198,4D-C-Z4.tif,0.001,0.134,0.719,0.047,925,87,125.538,0.037,1.216,0.822,0.810
199,4D-C-Z4.tif,0.004,0.311,0.576,0.111,13,88,95.711,0.071,1.520,0.658,0.783
200,4D-C-Z4.tif,0.010,0.427,0.703,0.139,416,88,108.435,0.120,1.056,0.947,0.868
201,4D-C-Z4.tif,0.007,0.346,0.686,0.133,430,112,82.875,0.069,1.981,0.505,0.878
202,4D-C-Z4.tif,0.005,0.346,0.520,0.119,834,106,56.310,0.087,1.514,0.660,0.748
203,4D-C-Z4.tif,0.006,0.351,0.654,0.117,157,106,41.186,0.090,1.401,0.714,0.819
204,4D-C-Z4.tif,0.005,0.353,0.491,0.121,193,104,43.152,0.084,1.222,0.818,0.705
205,4D-C-Z4.tif,0.008,0.388,0.692,0.152,511,111,43.531,0.089,1.710,0.585,0.867
206,4D-C-Z4.tif,0.005,0.325,0.570,0.124,122,97,167.196,0.073,1.826,0.548,0.788
207,4D-C-Z4.tif,0.009,0.419,0.649,0.145,370,98,150.524,0.106,1.349,0.741,0.820
208,4D-C-Z4.tif,0.001,0.153,0.732,0.059,709,99,41.186,0.042,1.709,0.585,0.769
209,4D-C-Z4.tif,0.002,0.194,0.517,0.077,356,97,21.038,0.039,2.020,0.495,0.699
210,4D-C-Z4.tif,0.001,0.173,0.597,0.078,806,101,45.000,0.031,3.000,0.333,0.790
211,4D-C-Z4.tif,0.018,0.645,0.543,0.213,937,103,169.563,0.144,1.409,0.710,0.823
212,4D-C-Z4.tif,0.002,0.170,0.831,0.063,176,98,164.745,0.047,1.277,0.783,0.824
213,4D-C-Z4.tif,0.002,0.189,0.606,0.083,261,93,143.130,0.038,2.569,0.389,0.765
214,4D-C-Z4.tif,0.002,0.200,0.716,0.070,744,105,71.565,0.055,1.354,0.738,0.838
215,4D-C-Z4.tif,0.006,0.390,0.455,0.128,876,104,25.463,0.071,1.929,0.519,0.771
216,4D-C-Z4.tif,0.002,0.205,0.735,0.080,47,98,164.055,0.050,1.535,0.651,0.862
217,4D-C-Z4.tif,0.005,0.309,0.601,0.113,322,105,29.055,0.075,1.480,0.676,0.786
218,4D-C-Z4.tif,0.007,0.394,0.541,0.165,574,94,119.982,0.063,2.810,0.356,0.845
219,4D-C-Z4.tif,0.002,0.158,0.782,0.062,780,96,135.000,0.039,1.542,0.649,0.823
220,4D-C-Z4.tif,0.021,0.837,0.382,0.243,103,139,86.100,0.168,1.603,0.624,0.714
221,4D-C-Z4.tif,0.002,0.187,0.792,0.072,28,97,157.380,0.046,1.695,0.590,0.825
222,4D-C-Z4.tif,0.004,0.295,0.516,0.100,274,102,6.340,0.059,1.700,0.588,0.754
223,4D-C-Z4.tif,0.005,0.312,0.678,0.106,589,97,152.103,0.077,1.113,0.898,0.847
224,4D-C-Z4.tif,0.003,0.263,0.597,0.092,611,106,17.354,0.065,1.270,0.788,0.769
225,4D-C-Z4.tif,0.001,0.158,0.659,0.054,145,100,156.038,0.039,1.392,0.718,0.775
226,4D-C-Z4.tif,0.001,0.175,0.534,0.072,343,98,171.254,0.028,3.020,0.331,0.775
227,4D-C-Z4.tif,0.005,0.311,0.653,0.111,723,97,122.905,0.076,1.358,0.736,0.816
228,4D-C-Z4.tif,0.004,0.283,0.610,0.101,809,109,22.380,0.072,1.572,0.636,0.783
229,4D-C-Z4.tif,0.005,0.358,0.473,0.130,648,107,12.265,0.077,1.725,0.580,0.729
230,4D-C-Z4.tif,0.004,0.286,0.661,0.094,708,101,130.236,0.072,1.344,0.744,0.814
231,4D-C-Z4.tif,0.008,0.449,0.496,0.157,910,126,79.875,0.093,1.884,0.531,0.730
232,4D-C-Z4.tif,0.004,0.278,0.684,0.101,449,108,12.529,0.064,1.613,0.620,0.825
233,4D-C-Z4.tif,0.006,0.325,0.696,0.113,84,115,39.094,0.085,1.356,0.738,0.862
234,4D-C-Z4.tif,0.005,0.267,0.838,0.094,768,102,130.236,0.077,1.208,0.828,0.895
235,4D-C-Z4.tif,0.001,0.186,0.407,0.079,701,101,102.095,0.027,3.723,0.269,0.649
236,4D-C-Z4.tif,0.006,0.383,0.507,0.134,235,107,145.008,0.077,1.871,0.534,0.760
237,4D-C-Z4.tif,0.002,0.189,0.588,0.076,561,105,149.744,0.039,2.314,0.432,0.743
238,4D-C-Z4.tif,0.002,0.172,0.645,0.064,694,102,109.983,0.038,2.037,0.491,0.787
239,4D-C-Z4.tif,0.001,0.170,0.593,0.062,801,112,63.435,0.043,1.385,0.722,0.732
240,4D-C-Z4.tif,0.001,0.153,0.634,0.057,1006,111,29.055,0.041,1.444,0.693,0.722
241,4D-C-Z4.tif,0.002,0.186,0.561,0.082,356,104,137.726,0.039,1.991,0.502,0.729
242,4D-C-Z4.tif,0.002,0.234,0.438,0.092,261,105,147.265,0.041,2.753,0.363,0.667
243,4D-C-Z4.tif,0.007,0.369,0.624,0.129,667,115,160.017,0.097,1.275,0.784,0.826
244,4D-C-Z4.tif,0.009,0.403,0.710,0.129,748,105,129.806,0.109,1.236,0.809,0.880
245,4D-C-Z4.tif,0.001,0.141,0.827,0.055,851,105,143.130,0.037,1.344,0.744,0.827
246,4D-C-Z4.tif,0.007,0.395,0.535,0.136,995,129,75.964,0.094,1.524,0.656,0.779
247,4D-C-Z4.tif,0.003,0.278,0.482,0.103,53,123,64.799,0.059,1.696,0.590,0.772
248,4D-C-Z4.tif,0.002,0.200,0.659,0.077,934,106,111.038,0.044,1.612,0.620,0.826
249,4D-C-Z4.tif,0.001,0.144,0.772,0.052,26,107,147.995,0.039,1.220,0.820,0.848
250,4D-C-Z4.tif,0.006,0.434,0.408,0.148,511,119,26.565,0.093,1.550,0.645,0.653
251,4D-C-Z4.tif,0.003,0.231,0.796,0.084,836,113,168.690,0.061,1.268,0.789,0.855
252,4D-C-Z4.tif,0.006,0.362,0.536,0.126,72,109,118.811,0.069,1.959,0.510,0.837
253,4D-C-Z4.tif,0.001,0.136,0.884,0.054,130,113,23.962,0.033,1.468,0.681,0.896
254,4D-C-Z4.tif,0.002,0.178,0.731,0.070,472,114,18.435,0.039,2.080,0.481,0.836
255,4D-C-Z4.tif,0.007,0.376,0.633,0.154,204,112,145.176,0.070,2.293,0.436,0.833
256,4D-C-Z4.tif,0.011,0.475,0.609,0.180,324,115,167.661,0.103,1.578,0.634,0.847
257,4D-C-Z4.tif,0.003,0.264,0.503,0.100,372,113,170.538,0.055,2.342,0.427,0.724
258,4D-C-Z4.tif,0.002,0.178,0.791,0.066,780,119,41.634,0.047,1.507,0.664,0.852
259,4D-C-Z4.tif,0.006,0.347,0.586,0.122,15,114,125.838,0.064,2.137,0.468,0.830
260,4D-C-Z4.tif,0.009,0.478,0.510,0.147,167,132,34.287,0.113,1.409,0.710,0.763
261,4D-C-Z4.tif,0.002,0.203,0.712,0.078,438,111,98.130,0.050,1.583,0.632,0.842
262,4D-C-Z4.tif,0.003,0.281,0.510,0.117,30,114,171.870,0.051,2.520,0.397,0.749
263,4D-C-Z4.tif,0.001,0.145,0.686,0.062,221,112,135.000,0.035,2.138,0.468,0.776
264,4D-C-Z4.tif,0.022,0.828,0.401,0.243,284,115,127.648,0.193,1.302,0.768,0.728
265,4D-C-Z4.tif,0.004,0.270,0.667,0.101,892,125,40.601,0.066,1.558,0.642,0.805
266,4D-C-Z4.tif,0.009,0.387,0.714,0.145,970,113,127.304,0.089,1.631,0.613,0.875
267,4D-C-Z4.tif,0.010,0.633,0.308,0.202,397,149,78.996,0.083,2.691,0.372,0.711
268,4D-C-Z4.tif,0.005,0.283,0.743,0.104,613,121,18.435,0.066,1.535,0.652,0.869
269,4D-C-Z4.tif,0.003,0.213,0.775,0.072,641,113,122.471,0.060,1.064,0.940,0.856
270,4D-C-Z4.tif,0.014,0.570,0.532,0.174,796,115,124.695,0.125,1.380,0.725,0.805
271,4D-C-Z4.tif,0.001,0.141,0.770,0.047,190,117,144.462,0.039,1.039,0.963,0.851
272,4D-C-Z4.tif,0.004,0.311,0.549,0.107,266,127,34.509,0.079,1.657,0.604,0.730
273,4D-C-Z4.tif,0.001,0.148,0.829,0.062,417,121,26.565,0.039,1.705,0.586,0.857
274,4D-C-Z4.tif,0.007,0.361,0.634,0.130,449,116,117.646,0.078,1.708,0.585,0.859
275,4D-C-Z4.tif,0.010,0.486,0.541,0.163,816,116,101.689,0.099,1.571,0.637,0.773
276,4D-C-Z4.tif,0.005,0.378,0.469,0.113,873,129,22.834,0.088,1.188,0.841,0.730
277,4D-C-Z4.tif,0.003,0.239,0.632,0.092,358,117,147.265,0.050,1.818,0.550,0.812
278,4D-C-Z4.tif,0.001,0.186,0.407,0.067,723,125,24.444,0.040,1.887,0.530,0.592
279,4D-C-Z4.tif,0.002,0.217,0.476,0.085,736,117,104.931,0.039,2.520,0.397,0.733
280,4D-C-Z4.tif,0.004,0.331,0.508,0.121,147,119,149.931,0.069,1.892,0.529,0.736
281,4D-C-Z4.tif,0.002,0.197,0.794,0.070,428,119,141.340,0.055,1.128,0.887,0.853
282,4D-C-Z4.tif,0.002,0.195,0.590,0.064,546,125,19.983,0.047,1.337,0.748,0.733
283,4D-C-Z4.tif,0.003,0.228,0.731,0.082,566,122,160.346,0.066,1.222,0.818,0.823
284,4D-C-Z4.tif,0.014,0.522,0.646,0.183,489,120,138.652,0.128,1.367,0.732,0.861
285,4D-C-Z4.tif,0.004,0.344,0.477,0.119,36,134,21.801,0.066,1.890,0.529,0.738
286,4D-C-Z4.tif,0.008,0.495,0.427,0.142,940,146,76.504,0.103,1.445,0.692,0.733
287,4D-C-Z4.tif,0.005,0.406,0.411,0.150,128,138,17.103,0.080,2.077,0.481,0.691
288,4D-C-Z4.tif,0.002,0.189,0.808,0.072,675,124,147.529,0.048,1.450,0.689,0.859
289,4D-C-Z4.tif,0.005,0.339,0.520,0.119,852,135,21.801,0.070,1.827,0.547,0.771
290,4D-C-Z4.tif,0.003,0.245,0.551,0.099,247,138,56.310,0.049,2.621,0.382,0.744
291,4D-C-Z4.tif,0.001,0.173,0.546,0.064,474,126,160.017,0.041,1.794,0.557,0.683
292,4D-C-Z4.tif,0.002,0.187,0.542,0.070,558,123,108.435,0.040,1.880,0.532,0.685
293,4D-C-Z4.tif,0.008,0.453,0.502,0.152,183,145,43.531,0.097,1.821,0.549,0.737
294,4D-C-Z4.tif,0.032,0.980,0.420,0.279,641,125,104.859,0.204,1.406,0.711,0.757
295,4D-C-Z4.tif,0.003,0.191,0.870,0.073,349,126,102.995,0.050,1.452,0.689,0.892
296,4D-C-Z4.tif,0.001,0.167,0.490,0.059,671,126,131.186,0.034,1.731,0.578,0.750
297,4D-C-Z4.tif,0.002,0.161,0.751,0.062,546,138,79.695,0.044,1.364,0.733,0.810
298,4D-C-Z4.tif,0.002,0.202,0.515,0.072,777,134,32.471,0.041,2.042,0.490,0.780
299,4D-C-Z4.tif,0.002,0.159,0.853,0.057,901,127,119.055,0.050,1.220,0.820,0.877
300,4D-C-Z4.tif,0.001,0.156,0.593,0.057,729,137,60.945,0.039,1.229,0.814,0.792
301,4D-C-Z4.tif,0.008,0.372,0.754,0.139,749,140,9.090,0.087,1.606,0.623,0.894
302,4D-C-Z4.tif,0.002,0.206,0.681,0.083,358,129,97.595,0.049,1.930,0.518,0.813
303,4D-C-Z4.tif,0.001,0.150,0.713,0.057,842,130,150.945,0.037,1.592,0.628,0.857
304,4D-C-Z4.tif,0.013,0.591,0.455,0.188,427,163,74.745,0.125,1.514,0.660,0.752
305,4D-C-Z4.tif,0.009,0.584,0.332,0.182,471,130,125.134,0.092,1.907,0.524,0.712
306,4D-C-Z4.tif,0.001,0.162,0.681,0.060,179,131,123.690,0.046,1.165,0.858,0.758
307,4D-C-Z4.tif,0.010,0.553,0.418,0.173,363,160,67.521,0.119,1.545,0.647,0.730
308,4D-C-Z4.tif,0.006,0.335,0.684,0.118,590,131,127.405,0.092,1.148,0.871,0.854
309,4D-C-Z4.tif,0.003,0.222,0.809,0.090,59,133,132.510,0.056,1.511,0.662,0.882
310,4D-C-Z4.tif,0.002,0.211,0.626,0.072,266,144,67.380,0.061,1.174,0.852,0.730
311,4D-C-Z4.tif,0.003,0.272,0.490,0.107,611,148,55.491,0.050,2.144,0.466,0.757
312,4D-C-Z4.tif,0.005,0.303,0.633,0.101,680,149,67.620,0.066,1.679,0.596,0.848
313,4D-C-Z4.tif,0.006,0.358,0.580,0.113,922,152,75.964,0.077,1.468,0.681,0.863
314,4D-C-Z4.tif,0.004,0.300,0.558,0.122,953,134,172.235,0.063,2.235,0.447,0.770
315,4D-C-Z4.tif,0.002,0.194,0.649,0.072,708,140,22.620,0.044,1.760,0.568,0.785
316,4D-C-Z4.tif,0.005,0.318,0.620,0.128,286,134,115.463,0.065,2.287,0.437,0.809
317,4D-C-Z4.tif,0.002,0.172,0.864,0.062,343,134,116.565,0.053,1.152,0.868,0.876
318,4D-C-Z4.tif,0.001,0.136,0.740,0.052,111,137,147.995,0.038,1.294,0.773,0.818
319,4D-C-Z4.tif,0.003,0.225,0.812,0.090,326,149,52.431,0.054,1.554,0.644,0.885
320,4D-C-Z4.tif,0.011,0.500,0.538,0.195,581,137,130.426,0.093,2.515,0.398,0.815
321,4D-C-Z4.tif,0.002,0.202,0.515,0.074,238,138,138.013,0.047,1.804,0.554,0.655
322,4D-C-Z4.tif,0.004,0.356,0.442,0.108,514,151,14.744,0.082,1.241,0.806,0.668
323,4D-C-Z4.tif,0.002,0.183,0.638,0.067,534,137,145.008,0.044,1.396,0.716,0.742
324,4D-C-Z4.tif,0.001,0.126,0.881,0.051,901,144,49.399,0.035,1.445,0.692,0.851
325,4D-C-Z4.tif,0.002,0.264,0.372,0.098,730,138,163.610,0.053,1.892,0.529,0.610
326,4D-C-Z4.tif,0.001,0.153,0.634,0.052,852,142,161.565,0.044,1.155,0.866,0.722
327,4D-C-Z4.tif,0.003,0.233,0.689,0.085,94,142,165.069,0.055,1.484,0.674,0.848
328,4D-C-Z4.tif,0.008,0.445,0.476,0.148,123,141,121.329,0.082,1.980,0.505,0.786
329,4D-C-Z4.tif,0.003,0.270,0.594,0.106,452,139,98.973,0.054,2.300,0.435,0.803
330,4D-C-Z4.tif,0.014,0.488,0.735,0.157,552,158,36.469,0.135,1.143,0.875,0.876
331,4D-C-Z4.tif,0.024,0.791,0.473,0.257,867,176,41.532,0.162,1.401,0.714,0.779
332,4D-C-Z4.tif,0.003,0.225,0.760,0.083,215,140,126.870,0.058,1.404,0.712,0.871
333,4D-C-Z4.tif,0.003,0.272,0.464,0.099,19,142,160.560,0.050,1.982,0.505,0.738
334,4D-C-Z4.tif,0.008,0.398,0.653,0.131,151,159,33.024,0.097,1.326,0.754,0.837
335,4D-C-Z4.tif,0.006,0.367,0.605,0.121,909,141,120.069,0.085,1.490,0.671,0.817
336,4D-C-Z4.tif,0.023,0.675,0.624,0.232,700,147,143.673,0.153,1.628,0.614,0.869
337,4D-C-Z4.tif,0.002,0.200,0.563,0.072,15,143,112.620,0.048,1.478,0.677,0.711
338,4D-C-Z4.tif,0.003,0.230,0.737,0.076,52,155,59.744,0.066,1.099,0.910,0.857
339,4D-C-Z4.tif,0.010,0.510,0.472,0.192,787,145,166.759,0.098,2.234,0.448,0.795
340,4D-C-Z4.tif,0.004,0.278,0.724,0.115,833,157,35.218,0.063,1.821,0.549,0.865
341,4D-C-Z4.tif,0.003,0.272,0.531,0.096,78,145,149.036,0.066,1.354,0.739,0.746
342,4D-C-Z4.tif,0.008,0.353,0.787,0.121,205,164,65.772,0.097,1.113,0.898,0.879
343,4D-C-Z4.tif,0.004,0.236,0.821,0.086,622,144,116.565,0.061,1.371,0.730,0.906
344,4D-C-Z4.tif,0.002,0.180,0.732,0.063,339,152,37.875,0.050,1.255,0.797,0.785
345,4D-C-Z4.tif,0.037,1.251,0.301,0.317,942,202,82.011,0.230,1.210,0.826,0.702
346,4D-C-Z4.tif,0.006,0.408,0.476,0.123,961,149,153.435,0.089,1.294,0.773,0.762
347,4D-C-Z4.tif,0.002,0.164,0.863,0.060,65,147,146.310,0.049,1.276,0.784,0.865
348,4D-C-Z4.tif,0.003,0.255,0.563,0.094,228,147,130.236,0.061,1.445,0.692,0.759
349,4D-C-Z4.tif,0.014,0.541,0.594,0.180,89,156,167.661,0.116,1.644,0.608,0.870
350,4D-C-Z4.tif,0.001,0.125,0.957,0.047,313,153,20.556,0.039,1.144,0.874,0.839
351,4D-C-Z4.tif,0.002,0.176,0.881,0.067,607,149,124.992,0.051,1.347,0.742,0.873
352,4D-C-Z4.tif,0.005,0.307,0.705,0.118,36,149,127.405,0.076,1.471,0.680,0.853
353,4D-C-Z4.tif,0.002,0.236,0.438,0.109,257,149,149.534,0.032,4.243,0.236,0.776
354,4D-C-Z4.tif,0.002,0.206,0.699,0.072,499,151,171.254,0.050,1.404,0.712,0.817
355,4D-C-Z4.tif,0.003,0.300,0.435,0.130,749,149,167.735,0.044,3.745,0.267,0.715
356,4D-C-Z4.tif,0.002,0.186,0.627,0.070,9,162,71.565,0.037,2.078,0.481,0.803
357,4D-C-Z4.tif,0.001,0.161,0.633,0.063,297,158,37.875,0.037,2.042,0.490,0.754
358,4D-C-Z4.tif,0.001,0.145,0.614,0.059,740,156,21.801,0.036,1.951,0.513,0.694
359,4D-C-Z4.tif,0.004,0.314,0.499,0.116,244,153,154.654,0.068,1.785,0.560,0.711
360,4D-C-Z4.tif,0.001,0.211,0.360,0.078,679,151,129.289,0.040,1.905,0.525,0.636
361,4D-C-Z4.tif,0.001,0.164,0.651,0.070,22,160,38.660,0.039,2.132,0.469,0.807
362,4D-C-Z4.tif,0.010,0.523,0.444,0.151,169,169,19.093,0.115,1.013,0.987,0.742
363,4D-C-Z4.tif,0.002,0.203,0.490,0.072,347,156,8.746,0.039,1.550,0.645,0.757
364,4D-C-Z4.tif,0.004,0.245,0.742,0.094,74,170,83.290,0.061,1.663,0.601,0.842
365,4D-C-Z4.tif,0.003,0.256,0.493,0.097,273,153,132.709,0.051,1.875,0.533,0.746
366,4D-C-Z4.tif,0.002,0.164,0.792,0.064,375,160,30.964,0.045,1.543,0.648,0.818
367,4D-C-Z4.tif,0.003,0.211,0.866,0.075,391,153,107.103,0.062,1.184,0.844,0.871
368,4D-C-Z4.tif,0.002,0.195,0.510,0.078,511,168,81.870,0.039,2.218,0.451,0.773
369,4D-C-Z4.tif,0.004,0.295,0.525,0.124,994,155,122.276,0.053,2.752,0.363,0.777
370,4D-C-Z4.tif,0.003,0.279,0.531,0.090,466,156,127.569,0.069,1.234,0.811,0.732
371,4D-C-Z4.tif,0.003,0.254,0.542,0.090,490,172,79.380,0.058,1.384,0.723,0.739
372,4D-C-Z4.tif,0.004,0.246,0.795,0.090,332,158,132.510,0.066,1.228,0.815,0.890
373,4D-C-Z4.tif,0.014,0.595,0.501,0.212,513,177,31.218,0.115,1.921,0.521,0.797
374,4D-C-Z4.tif,0.002,0.192,0.672,0.067,690,157,145.008,0.051,1.339,0.747,0.828
375,4D-C-Z4.tif,0.005,0.383,0.405,0.125,786,176,45.000,0.076,1.772,0.564,0.680
376,4D-C-Z4.tif,0.003,0.215,0.764,0.084,211,169,31.608,0.054,1.676,0.597,0.830
377,4D-C-Z4.tif,0.003,0.222,0.736,0.091,291,161,154.983,0.053,1.868,0.535,0.830
378,4D-C-Z4.tif,0.012,0.530,0.536,0.171,829,172,20.772,0.121,1.492,0.670,0.845
379,4D-C-Z4.tif,0.002,0.215,0.575,0.075,570,171,53.973,0.055,1.505,0.665,0.745
380,4D-C-Z4.tif,0.007,0.425,0.463,0.138,757,169,151.390,0.095,1.432,0.698,0.701
381,4D-C-Z4.tif,0.004,0.327,0.524,0.129,235,161,109.983,0.064,2.198,0.455,0.792
382,4D-C-Z4.tif,0.003,0.333,0.351,0.099,742,168,19.440,0.071,1.408,0.710,0.664
383,4D-C-Z4.tif,0.002,0.198,0.745,0.077,810,174,68.962,0.046,1.720,0.581,0.880
384,4D-C-Z4.tif,0.001,0.150,0.764,0.060,915,161,123.690,0.039,1.419,0.705,0.833
385,4D-C-Z4.tif,0.003,0.211,0.716,0.082,967,161,132.274,0.055,1.575,0.635,0.832
386,4D-C-Z4.tif,0.011,0.485,0.591,0.188,3,184,37.875,0.102,1.871,0.535,0.850
387,4D-C-Z4.tif,0.003,0.228,0.709,0.090,60,162,132.510,0.055,1.652,0.605,0.815
388,4D-C-Z4.tif,0.005,0.317,0.587,0.111,898,181,57.095,0.072,1.828,0.547,0.779
389,4D-C-Z4.tif,0.011,0.451,0.690,0.153,982,188,68.962,0.117,1.341,0.746,0.868
390,4D-C-Z4.tif,0.009,0.427,0.655,0.146,255,188,70.201,0.099,1.484,0.674,0.883
391,4D-C-Z4.tif,0.001,0.130,0.996,0.052,673,164,147.995,0.039,1.329,0.752,0.917
392,4D-C-Z4.tif,0.006,0.456,0.384,0.136,381,181,31.759,0.108,1.175,0.851,0.621
393,4D-C-Z4.tif,0.003,0.292,0.461,0.097,451,178,42.709,0.061,1.350,0.741,0.763
394,4D-C-Z4.tif,0.002,0.198,0.513,0.072,590,165,112.620,0.046,1.723,0.580,0.711
395,4D-C-Z4.tif,0.002,0.241,0.533,0.079,198,176,33.690,0.058,1.250,0.800,0.753
396,4D-C-Z4.tif,0.005,0.310,0.710,0.115,37,179,35.218,0.077,1.334,0.750,0.859
397,4D-C-Z4.tif,0.002,0.185,0.797,0.068,287,174,14.036,0.050,1.332,0.751,0.842
398,4D-C-Z4.tif,0.001,0.134,0.803,0.052,427,167,122.005,0.036,1.556,0.643,0.792
399,4D-C-Z4.tif,0.002,0.276,0.374,0.101,502,184,67.620,0.054,2.127,0.470,0.615
400,4D-C-Z4.tif,0.006,0.365,0.554,0.153,88,169,149.744,0.066,2.707,0.369,0.807
401,4D-C-Z4.tif,0.001,0.230,0.246,0.078,137,171,171.870,0.038,2.549,0.392,0.493
402,4D-C-Z4.tif,0.011,0.436,0.708,0.153,344,169,127.694,0.109,1.353,0.739,0.867
403,4D-C-Z4.tif,0.005,0.303,0.645,0.106,570,187,68.749,0.075,1.578,0.634,0.860
404,4D-C-Z4.tif,0.009,0.532,0.402,0.148,689,169,105.068,0.116,1.452,0.689,0.708
405,4D-C-Z4.tif,0.021,0.712,0.524,0.234,312,208,63.435,0.157,1.693,0.591,0.783
406,4D-C-Z4.tif,0.008,0.377,0.733,0.133,402,172,141.710,0.096,1.379,0.725,0.876
407,4D-C-Z4.tif,0.008,0.470,0.451,0.160,550,172,105.945,0.100,1.705,0.587,0.725
408,4D-C-Z4.tif,0.009,0.403,0.681,0.138,603,184,16.260,0.110,1.176,0.851,0.836
409,4D-C-Z4.tif,0.011,0.524,0.520,0.200,121,209,82.093,0.096,2.507,0.399,0.796
410,4D-C-Z4.tif,0.004,0.274,0.641,0.092,912,173,122.735,0.074,1.271,0.787,0.764
411,4D-C-Z4.tif,0.003,0.209,0.729,0.075,57,176,162.897,0.044,1.712,0.584,0.880
412,4D-C-Z4.tif,0.009,0.475,0.509,0.143,813,195,22.620,0.117,1.017,0.983,0.763
413,4D-C-Z4.tif,0.002,0.169,0.737,0.063,284,186,74.745,0.042,1.475,0.678,0.846
414,4D-C-Z4.tif,0.003,0.297,0.445,0.100,660,181,6.340,0.064,1.534,0.652,0.658
415,4D-C-Z4.tif,0.017,0.722,0.407,0.214,84,177,119.197,0.136,1.632,0.613,0.752
416,4D-C-Z4.tif,0.008,0.383,0.666,0.145,738,188,8.746,0.078,1.899,0.527,0.846
417,4D-C-Z4.tif,0.002,0.237,0.521,0.084,782,180,168.690,0.050,1.877,0.533,0.748
418,4D-C-Z4.tif,0.004,0.350,0.396,0.129,465,187,9.866,0.071,1.848,0.541,0.618
419,4D-C-Z4.tif,0.002,0.225,0.617,0.080,596,179,105.945,0.058,1.495,0.669,0.781
420,4D-C-Z4.tif,0.005,0.275,0.781,0.098,193,180,106.390,0.077,1.346,0.743,0.868
421,4D-C-Z4.tif,0.004,0.274,0.753,0.099,632,191,33.690,0.077,1.151,0.868,0.851
422,4D-C-Z4.tif,0.004,0.289,0.537,0.101,708,180,112.380,0.071,1.585,0.631,0.694
423,4D-C-Z4.tif,0.009,0.484,0.476,0.162,136,181,107.819,0.088,2.004,0.499,0.765
424,4D-C-Z4.tif,0.008,0.556,0.319,0.147,208,184,145.713,0.115,1.488,0.672,0.657
425,4D-C-Z4.tif,0.008,0.368,0.727,0.133,394,188,155.556,0.084,1.602,0.624,0.882
426,4D-C-Z4.tif,0.002,0.209,0.573,0.083,724,190,36.870,0.050,1.666,0.600,0.763
427,4D-C-Z4.tif,0.003,0.202,0.824,0.075,162,195,72.897,0.053,1.428,0.700,0.863
428,4D-C-Z4.tif,0.021,0.694,0.548,0.212,476,194,143.427,0.175,1.307,0.765,0.802
429,4D-C-Z4.tif,0.054,1.096,0.562,0.364,837,208,175.668,0.211,1.681,0.595,0.883
430,4D-C-Z4.tif,0.002,0.209,0.469,0.083,650,194,36.870,0.049,1.888,0.530,0.643
431,4D-C-Z4.tif,0.002,0.233,0.562,0.094,4,197,40.236,0.047,2.518,0.397,0.748
432,4D-C-Z4.tif,0.002,0.178,0.719,0.070,267,196,38.660,0.045,1.665,0.600,0.805
433,4D-C-Z4.tif,0.003,0.292,0.494,0.092,432,198,32.735,0.069,1.610,0.621,0.747
434,4D-C-Z4.tif,0.007,0.436,0.480,0.155,598,196,163.496,0.094,1.880,0.532,0.727
435,4D-C-Z4.tif,0.008,0.391,0.621,0.150,955,209,53.973,0.088,1.822,0.549,0.854
436,4D-C-Z4.tif,0.012,0.514,0.581,0.149,21,212,51.009,0.132,1.051,0.952,0.842
437,4D-C-Z4.tif,0.003,0.211,0.849,0.086,332,188,135.000,0.051,1.737,0.576,0.880
438,4D-C-Z4.tif,0.001,0.186,0.506,0.060,799,192,146.310,0.048,1.158,0.863,0.708
439,4D-C-Z4.tif,0.005,0.290,0.754,0.113,43,194,157.166,0.068,1.661,0.602,0.868
440,4D-C-Z4.tif,0.005,0.290,0.767,0.104,175,208,71.565,0.079,1.302,0.768,0.865
441,4D-C-Z4.tif,0.009,0.456,0.537,0.165,447,190,115.710,0.097,1.819,0.550,0.790
442,4D-C-Z4.tif,0.001,0.178,0.494,0.059,537,199,48.814,0.049,1.057,0.946,0.672
443,4D-C-Z4.tif,0.012,0.614,0.414,0.194,978,195,165.174,0.110,1.911,0.523,0.756
444,4D-C-Z4.tif,0.002,0.172,0.697,0.067,718,192,155.556,0.044,1.737,0.576,0.806
445,4D-C-Z4.tif,0.021,0.637,0.655,0.211,780,191,97.496,0.146,1.511,0.662,0.891
446,4D-C-Z4.tif,0.001,0.131,0.865,0.051,239,193,102.529,0.037,1.424,0.702,0.830
447,4D-C-Z4.tif,0.007,0.386,0.568,0.129,251,216,80.134,0.092,1.535,0.652,0.760
448,4D-C-Z4.tif,0.002,0.289,0.360,0.105,269,206,42.879,0.057,2.266,0.441,0.585
449,4D-C-Z4.tif,0.006,0.301,0.821,0.106,344,193,152.103,0.077,1.189,0.841,0.929
450,4D-C-Z4.tif,0.001,0.137,0.726,0.047,288,194,110.556,0.041,1.120,0.893,0.766
451,4D-C-Z4.tif,0.009,0.419,0.617,0.150,373,197,162.897,0.088,1.640,0.610,0.838
452,4D-C-Z4.tif,0.001,0.153,0.781,0.063,909,194,127.875,0.036,1.789,0.559,0.828
453,4D-C-Z4.tif,0.004,0.294,0.614,0.089,642,195,111.801,0.079,1.193,0.838,0.808
454,4D-C-Z4.tif,0.005,0.279,0.848,0.103,917,199,164.476,0.080,1.317,0.759,0.870
455,4D-C-Z4.tif,0.008,0.490,0.436,0.144,568,215,40.365,0.112,1.071,0.933,0.748
456,4D-C-Z4.tif,0.007,0.386,0.576,0.138,673,196,113.499,0.099,1.357,0.737,0.780
457,4D-C-Z4.tif,0.004,0.373,0.393,0.111,548,197,116.565,0.094,1.155,0.866,0.621
458,4D-C-Z4.tif,0.027,0.867,0.459,0.301,722,252,80.538,0.162,1.976,0.506,0.791
459,4D-C-Z4.tif,0.001,0.158,0.751,0.064,811,200,160.017,0.034,2.035,0.491,0.817
460,4D-C-Z4.tif,0.001,0.123,0.853,0.047,826,204,35.538,0.035,1.489,0.672,0.829
461,4D-C-Z4.tif,0.003,0.237,0.575,0.087,157,199,108.435,0.050,1.845,0.542,0.756
462,4D-C-Z4.tif,0.001,0.133,0.906,0.049,423,199,116.565,0.039,1.275,0.784,0.875
463,4D-C-Z4.tif,0.008,0.375,0.716,0.122,752,208,144.162,0.093,1.306,0.766,0.879
464,4D-C-Z4.tif,0.005,0.394,0.445,0.128,191,202,97.431,0.077,1.403,0.713,0.746
465,4D-C-Z4.tif,0.002,0.211,0.566,0.085,528,203,165.069,0.039,2.426,0.412,0.786
466,4D-C-Z4.tif,0.007,0.447,0.426,0.136,41,216,21.371,0.083,1.274,0.785,0.774
467,4D-C-Z4.tif,0.002,0.180,0.791,0.070,229,215,71.565,0.049,1.382,0.724,0.838
468,4D-C-Z4.tif,0.006,0.418,0.437,0.173,288,203,127.235,0.061,3.170,0.315,0.750
469,4D-C-Z4.tif,0.004,0.299,0.597,0.128,702,203,115.463,0.051,2.964,0.337,0.824
470,4D-C-Z4.tif,0.001,0.125,0.827,0.054,323,209,23.962,0.028,1.773,0.564,0.872
471,4D-C-Z4.tif,0.003,0.250,0.669,0.101,800,204,130.601,0.052,2.019,0.495,0.840
472,4D-C-Z4.tif,0.003,0.233,0.766,0.090,397,210,169.380,0.054,1.630,0.614,0.862
473,4D-C-Z4.tif,0.003,0.290,0.474,0.098,631,206,106.390,0.058,2.010,0.498,0.737
474,4D-C-Z4.tif,0.003,0.246,0.571,0.094,813,209,159.444,0.054,2.040,0.490,0.717
475,4D-C-Z4.tif,0.005,0.340,0.580,0.129,116,207,109.983,0.065,2.108,0.474,0.798
476,4D-C-Z4.tif,0.001,0.137,0.726,0.057,972,209,163.301,0.033,1.790,0.559,0.800
477,4D-C-Z4.tif,0.007,0.439,0.434,0.164,424,208,160.346,0.079,2.061,0.485,0.732
478,4D-C-Z4.tif,0.013,0.581,0.468,0.206,597,209,159.624,0.113,1.692,0.591,0.781
479,4D-C-Z4.tif,0.002,0.246,0.464,0.080,950,208,105.945,0.056,1.348,0.742,0.708
480,4D-C-Z4.tif,0.002,0.192,0.527,0.084,303,210,148.392,0.035,2.816,0.355,0.708
481,4D-C-Z4.tif,0.016,0.720,0.389,0.201,687,210,99.462,0.141,1.502,0.666,0.770
482,4D-C-Z4.tif,0.003,0.270,0.547,0.094,920,221,28.072,0.059,1.660,0.603,0.766
483,4D-C-Z4.tif,0.009,0.388,0.717,0.150,80,219,6.340,0.087,1.759,0.568,0.880
484,4D-C-Z4.tif,0.001,0.156,0.764,0.069,529,213,151.390,0.034,2.306,0.434,0.860
485,4D-C-Z4.tif,0.004,0.334,0.434,0.128,661,213,149.036,0.059,1.911,0.523,0.734
486,4D-C-Z4.tif,0.002,0.169,0.683,0.072,964,218,22.620,0.039,2.156,0.464,0.761
487,4D-C-Z4.tif,0.002,0.200,0.649,0.064,154,215,149.036,0.054,1.314,0.761,0.764
488,4D-C-Z4.tif,0.005,0.350,0.508,0.123,980,213,153.435,0.066,2.036,0.491,0.799
489,4D-C-Z4.tif,0.008,0.373,0.715,0.143,203,228,15.642,0.088,1.529,0.654,0.881
490,4D-C-Z4.tif,0.002,0.195,0.710,0.083,267,214,143.130,0.046,1.915,0.522,0.811
491,4D-C-Z4.tif,0.009,0.408,0.659,0.130,338,236,62.354,0.099,1.263,0.792,0.858
492,4D-C-Z4.tif,0.005,0.307,0.613,0.122,358,232,54.162,0.058,2.365,0.423,0.811
493,4D-C-Z4.tif,0.005,0.325,0.646,0.115,891,219,163.301,0.080,1.316,0.760,0.806
494,4D-C-Z4.tif,0.002,0.161,0.854,0.059,283,216,111.801,0.044,1.294,0.773,0.872
495,4D-C-Z4.tif,0.005,0.344,0.561,0.137,577,216,130.101,0.066,2.142,0.467,0.789
496,4D-C-Z4.tif,0.002,0.165,0.780,0.062,828,227,79.695,0.044,1.377,0.726,0.848
497,4D-C-Z4.tif,0.003,0.220,0.651,0.084,235,218,168.690,0.050,1.843,0.543,0.802
498,4D-C-Z4.tif,0.005,0.329,0.586,0.112,405,226,11.310,0.087,1.265,0.790,0.749
499,4D-C-Z4.tif,0.003,0.256,0.650,0.084,314,226,11.310,0.066,1.211,0.825,0.836
500,4D-C-Z4.tif,0.002,0.250,0.495,0.092,500,228,32.735,0.048,2.055,0.487,0.771
501,4D-C-Z4.tif,0.003,0.275,0.524,0.090,518,218,127.569,0.070,1.220,0.820,0.740
502,4D-C-Z4.tif,0.006,0.336,0.648,0.108,36,231,23.962,0.089,1.136,0.880,0.815
503,4D-C-Z4.tif,0.002,0.161,0.839,0.063,143,227,37.875,0.042,1.573,0.636,0.857
504,4D-C-Z4.tif,0.003,0.224,0.723,0.092,388,220,162.646,0.050,1.724,0.580,0.848
505,4D-C-Z4.tif,0.002,0.163,0.806,0.060,259,227,33.690,0.041,1.485,0.674,0.855
506,4D-C-Z4.tif,0.006,0.359,0.581,0.111,63,240,57.095,0.087,1.248,0.801,0.811
507,4D-C-Z4.tif,0.005,0.331,0.520,0.121,537,235,30.069,0.073,1.800,0.555,0.744
508,4D-C-Z4.tif,0.029,0.777,0.599,0.257,842,221,112.714,0.189,1.347,0.742,0.828
509,4D-C-Z4.tif,0.002,0.189,0.542,0.074,135,234,63.435,0.039,2.034,0.492,0.750
510,4D-C-Z4.tif,0.001,0.176,0.563,0.070,485,232,51.340,0.040,2.083,0.480,0.719
511,4D-C-Z4.tif,0.011,0.471,0.631,0.166,643,226,145.784,0.102,1.647,0.607,0.857
512,4D-C-Z4.tif,0.009,0.466,0.510,0.148,937,244,48.013,0.110,1.310,0.763,0.732
513,4D-C-Z4.tif,0.004,0.268,0.629,0.107,790,236,34.509,0.055,2.290,0.437,0.773
514,4D-C-Z4.tif,0.002,0.181,0.593,0.063,880,232,37.875,0.046,1.371,0.729,0.718
515,4D-C-Z4.tif,0.006,0.375,0.548,0.126,3,230,164.745,0.089,1.423,0.703,0.720
516,4D-C-Z4.tif,0.007,0.384,0.621,0.128,173,224,97.431,0.101,1.424,0.702,0.802
517,4D-C-Z4.tif,0.004,0.322,0.519,0.095,380,224,125.538,0.079,1.164,0.859,0.775
518,4D-C-Z4.tif,0.007,0.469,0.426,0.168,455,226,148.392,0.086,2.053,0.487,0.752
519,4D-C-Z4.tif,0.011,0.635,0.339,0.181,954,237,19.537,0.116,1.727,0.579,0.714
520,4D-C-Z4.tif,0.001,0.198,0.406,0.072,190,231,22.620,0.044,2.144,0.466,0.600
521,4D-C-Z4.tif,0.014,0.537,0.618,0.183,890,249,43.781,0.130,1.474,0.679,0.854
522,4D-C-Z4.tif,0.010,0.576,0.363,0.171,250,257,75.069,0.098,1.951,0.513,0.764
523,4D-C-Z4.tif,0.011,0.497,0.542,0.166,279,235,158.552,0.116,1.621,0.617,0.748
524,4D-C-Z4.tif,0.002,0.170,0.681,0.072,766,234,22.620,0.039,1.732,0.577,0.819
525,4D-C-Z4.tif,0.007,0.378,0.581,0.138,807,251,61.390,0.086,1.503,0.665,0.800
526,4D-C-Z4.tif,0.008,0.436,0.527,0.138,551,242,28.610,0.094,1.738,0.575,0.783
527,4D-C-Z4.tif,0.004,0.359,0.404,0.126,882,249,61.189,0.058,2.422,0.413,0.725
528,4D-C-Z4.tif,0.001,0.176,0.575,0.067,273,242,80.538,0.039,1.719,0.582,0.770
529,4D-C-Z4.tif,0.003,0.208,0.818,0.078,400,230,140.711,0.050,1.448,0.690,0.886
530,4D-C-Z4.tif,0.001,0.162,0.637,0.060,529,240,56.310,0.041,1.714,0.583,0.739
531,4D-C-Z4.tif,0.003,0.278,0.448,0.115,743,243,35.218,0.049,2.849,0.351,0.664
532,4D-C-Z4.tif,0.007,0.355,0.727,0.129,225,251,50.194,0.092,1.479,0.676,0.847
533,4D-C-Z4.tif,0.009,0.526,0.403,0.178,421,231,106.189,0.079,2.385,0.419,0.779
534,4D-C-Z4.tif,0.008,0.368,0.713,0.126,92,234,151.189,0.094,1.179,0.848,0.871
535,4D-C-Z4.tif,0.003,0.345,0.330,0.090,129,248,52.431,0.070,1.255,0.797,0.665
536,4D-C-Z4.tif,0.012,0.495,0.619,0.171,439,235,137.603,0.113,1.350,0.741,0.870
537,4D-C-Z4.tif,0.002,0.242,0.534,0.082,513,244,42.274,0.059,1.424,0.702,0.759
538,4D-C-Z4.tif,0.006,0.333,0.706,0.115,994,249,35.218,0.084,1.316,0.760,0.838
539,4D-C-Z4.tif,0.001,0.153,0.650,0.070,197,235,135.000,0.034,2.409,0.415,0.762
540,4D-C-Z4.tif,0.001,0.139,0.870,0.050,586,240,173.660,0.043,1.127,0.888,0.838
541,4D-C-Z4.tif,0.003,0.276,0.434,0.109,920,237,149.534,0.049,2.920,0.342,0.696
542,4D-C-Z4.tif,0.003,0.205,0.762,0.085,19,244,14.931,0.044,1.767,0.566,0.862
543,4D-C-Z4.tif,0.001,0.145,0.866,0.057,309,243,16.699,0.039,1.565,0.639,0.857
544,4D-C-Z4.tif,0.004,0.265,0.644,0.118,628,239,142.595,0.047,2.761,0.362,0.856
545,4D-C-Z4.tif,0.001,0.134,0.845,0.049,58,247,63.435,0.041,1.143,0.875,0.825
546,4D-C-Z4.tif,0.004,0.274,0.611,0.100,320,240,170.538,0.055,1.992,0.502,0.805
547,4D-C-Z4.tif,0.004,0.267,0.640,0.087,373,240,124.695,0.066,1.445,0.692,0.814
548,4D-C-Z4.tif,0.003,0.205,0.808,0.074,401,241,153.435,0.055,1.185,0.844,0.881
549,4D-C-Z4.tif,0.003,0.324,0.346,0.121,578,240,114.228,0.054,2.667,0.375,0.631
550,4D-C-Z4.tif,0.005,0.376,0.466,0.127,766,241,162.350,0.088,1.387,0.721,0.716
551,4D-C-Z4.tif,0.006,0.401,0.501,0.126,64,259,23.199,0.082,1.577,0.634,0.781
552,4D-C-Z4.tif,0.003,0.316,0.367,0.116,501,241,121.430,0.052,2.828,0.354,0.698
553,4D-C-Z4.tif,0.005,0.364,0.521,0.118,185,251,169.216,0.085,1.315,0.760,0.780
554,4D-C-Z4.tif,0.002,0.234,0.403,0.083,143,245,176.186,0.044,1.652,0.605,0.671
555,4D-C-Z4.tif,0.005,0.340,0.539,0.106,205,248,158.749,0.088,1.115,0.897,0.752
556,4D-C-Z4.tif,0.002,0.189,0.797,0.066,608,252,48.366,0.050,1.110,0.901,0.904
557,4D-C-Z4.tif,0.001,0.153,0.797,0.062,755,246,169.695,0.033,1.666,0.600,0.883
558,4D-C-Z4.tif,0.002,0.178,0.695,0.064,964,244,160.017,0.044,1.682,0.595,0.789
559,4D-C-Z4.tif,0.015,0.625,0.471,0.192,463,256,152.700,0.149,1.143,0.875,0.767
560,4D-C-Z4.tif,0.005,0.351,0.509,0.124,350,246,122.276,0.067,2.030,0.493,0.750
561,4D-C-Z4.tif,0.002,0.137,1.000,0.049,511,245,116.565,0.044,1.001,0.999,0.893
562,4D-C-Z4.tif,0.004,0.312,0.452,0.103,528,245,105.524,0.063,1.633,0.612,0.753
563,4D-C-Z4.tif,0.004,0.288,0.621,0.097,18,258,42.709,0.070,1.339,0.747,0.854
564,4D-C-Z4.tif,0.002,0.231,0.441,0.079,264,259,65.225,0.054,1.581,0.632,0.620
565,4D-C-Z4.tif,0.003,0.236,0.752,0.079,387,248,146.310,0.064,1.210,0.827,0.837
566,4D-C-Z4.tif,0.006,0.362,0.559,0.111,610,253,171.469,0.098,1.308,0.765,0.755
567,4D-C-Z4.tif,0.006,0.298,0.796,0.101,535,250,157.620,0.082,1.217,0.822,0.879
568,4D-C-Z4.tif,0.004,0.256,0.755,0.089,595,247,111.801,0.066,1.337,0.748,0.852
569,4D-C-Z4.tif,0.010,0.499,0.529,0.176,793,247,131.186,0.118,1.320,0.757,0.754
570,4D-C-Z4.tif,0.002,0.197,0.651,0.063,872,249,164.745,0.050,1.121,0.892,0.815
571,4D-C-Z4.tif,0.001,0.133,0.884,0.049,336,249,153.435,0.039,1.185,0.844,0.863
572,4D-C-Z4.tif,0.003,0.294,0.459,0.115,559,249,144.782,0.048,2.727,0.367,0.722
573,4D-C-Z4.tif,0.003,0.267,0.518,0.090,940,249,127.569,0.054,1.871,0.534,0.727
574,4D-C-Z4.tif,0.001,0.156,0.608,0.067,280,249,114.444,0.031,2.357,0.424,0.796
575,4D-C-Z4.tif,0.010,0.548,0.400,0.145,319,268,24.624,0.122,1.024,0.977,0.751
576,4D-C-Z4.tif,0.003,0.223,0.780,0.083,757,254,172.405,0.062,1.319,0.758,0.843
577,4D-C-Z4.tif,0.016,0.599,0.557,0.199,116,251,104.421,0.121,1.676,0.597,0.818
578,4D-C-Z4.tif,0.016,0.601,0.548,0.173,73,264,157.521,0.144,1.150,0.870,0.850
579,4D-C-Z4.tif,0.003,0.281,0.524,0.108,734,256,165.256,0.054,1.889,0.529,0.776
580,4D-C-Z4.tif,0.002,0.237,0.507,0.073,184,253,102.995,0.055,1.114,0.898,0.725
581,4D-C-Z4.tif,0.002,0.215,0.542,0.082,721,255,160.346,0.045,2.177,0.459,0.673
582,4D-C-Z4.tif,0.007,0.333,0.751,0.109,824,256,139.086,0.094,1.024,0.977,0.878
583,4D-C-Z4.tif,0.010,0.439,0.628,0.139,37,272,18.435,0.118,1.193,0.838,0.816
584,4D-C-Z4.tif,0.003,0.286,0.536,0.096,303,254,103.241,0.055,1.807,0.554,0.827
585,4D-C-Z4.tif,0.002,0.230,0.556,0.074,401,254,116.565,0.055,1.421,0.704,0.737
586,4D-C-Z4.tif,0.012,0.646,0.362,0.193,640,267,4.899,0.136,1.533,0.652,0.655
587,4D-C-Z4.tif,0.008,0.442,0.495,0.144,237,280,72.255,0.098,1.688,0.592,0.759
588,4D-C-Z4.tif,0.002,0.241,0.395,0.070,375,257,161.565,0.050,1.546,0.647,0.663
589,4D-C-Z4.tif,0.001,0.131,0.799,0.051,712,258,167.471,0.038,1.284,0.779,0.766
590,4D-C-Z4.tif,0.014,0.578,0.524,0.209,918,255,93.013,0.105,2.110,0.474,0.838
591,4D-C-Z4.tif,0.007,0.375,0.588,0.119,973,260,146.310,0.099,1.058,0.945,0.785
592,4D-C-Z4.tif,0.002,0.211,0.566,0.069,779,257,118.610,0.051,1.411,0.709,0.750
593,4D-C-Z4.tif,0.012,0.648,0.364,0.191,134,258,138.504,0.122,1.659,0.603,0.757
594,4D-C-Z4.tif,0.002,0.183,0.889,0.072,203,258,122.471,0.050,1.521,0.657,0.886
595,4D-C-Z4.tif,0.010,0.580,0.384,0.197,528,281,35.910,0.112,1.709,0.585,0.673
596,4D-C-Z4.tif,0.009,0.474,0.480,0.136,677,259,133.363,0.110,1.055,0.948,0.792
597,4D-C-Z4.tif,0.004,0.311,0.560,0.098,751,271,16.390,0.077,1.186,0.843,0.776
598,4D-C-Z4.tif,0.010,0.659,0.296,0.172,258,283,26.565,0.122,1.474,0.678,0.646
599,4D-C-Z4.tif,0.010,0.525,0.460,0.177,437,260,143.842,0.109,1.725,0.580,0.747
600,4D-C-Z4.tif,0.004,0.348,0.399,0.122,860,266,172.235,0.052,2.620,0.382,0.709
601,4D-C-Z4.tif,0.003,0.259,0.651,0.101,187,276,29.358,0.066,1.624,0.616,0.796
602,4D-C-Z4.tif,0.002,0.211,0.549,0.082,285,266,160.346,0.047,1.701,0.588,0.692
603,4D-C-Z4.tif,0.002,0.242,0.527,0.093,506,276,45.000,0.048,2.213,0.452,0.730
604,4D-C-Z4.tif,0.002,0.228,0.580,0.079,170,270,24.775,0.055,1.389,0.720,0.823
605,4D-C-Z4.tif,0.004,0.305,0.550,0.118,515,274,27.759,0.060,1.924,0.520,0.805
606,4D-C-Z4.tif,0.002,0.202,0.721,0.078,701,264,129.289,0.055,1.331,0.751,0.815
607,4D-C-Z4.tif,0.007,0.434,0.458,0.171,886,281,33.179,0.080,2.257,0.443,0.779
608,4D-C-Z4.tif,0.002,0.198,0.629,0.076,366,266,149.744,0.048,1.759,0.568,0.798
609,4D-C-Z4.tif,0.017,0.840,0.310,0.248,574,266,126.870,0.148,1.971,0.507,0.664
610,4D-C-Z4.tif,0.004,0.298,0.552,0.113,878,279,39.094,0.058,2.419,0.413,0.757
611,4D-C-Z4.tif,0.002,0.163,0.762,0.067,4,273,34.992,0.044,1.520,0.658,0.848
612,4D-C-Z4.tif,0.002,0.167,0.898,0.064,402,271,19.983,0.044,1.400,0.714,0.904
613,4D-C-Z4.tif,0.002,0.192,0.734,0.078,732,267,129.289,0.047,1.919,0.521,0.802
614,4D-C-Z4.tif,0.023,0.800,0.450,0.261,941,268,145.305,0.153,1.774,0.564,0.818
615,4D-C-Z4.tif,0.003,0.214,0.724,0.079,611,270,12.095,0.055,1.389,0.720,0.837
616,4D-C-Z4.tif,0.003,0.309,0.422,0.094,215,277,28.072,0.067,1.664,0.601,0.671
617,4D-C-Z4.tif,0.005,0.301,0.658,0.121,414,286,50.528,0.066,2.092,0.478,0.860
618,4D-C-Z4.tif,0.001,0.128,0.886,0.047,823,271,159.444,0.039,1.191,0.839,0.800
619,4D-C-Z4.tif,0.004,0.278,0.714,0.092,720,271,147.265,0.080,1.066,0.938,0.838
620,4D-C-Z4.tif,0.002,0.173,0.686,0.064,833,277,30.964,0.044,1.798,0.556,0.735
621,4D-C-Z4.tif,0.012,0.574,0.474,0.181,327,290,19.537,0.122,1.589,0.629,0.753
622,4D-C-Z4.tif,0.004,0.258,0.681,0.098,624,271,106.390,0.056,1.683,0.594,0.832
623,4D-C-Z4.tif,0.003,0.289,0.469,0.099,990,287,56.310,0.056,1.778,0.563,0.733
624,4D-C-Z4.tif,0.003,0.239,0.622,0.084,62,281,11.310,0.063,1.283,0.779,0.756
625,4D-C-Z4.tif,0.002,0.211,0.626,0.068,478,272,104.036,0.059,1.051,0.952,0.772
626,4D-C-Z4.tif,0.002,0.165,0.863,0.061,165,276,174.806,0.050,1.070,0.934,0.838
627,4D-C-Z4.tif,0.003,0.264,0.536,0.106,599,273,152.103,0.048,2.586,0.387,0.775
628,4D-C-Z4.tif,0.002,0.192,0.647,0.075,326,285,53.973,0.049,1.687,0.593,0.829
629,4D-C-Z4.tif,0.002,0.164,0.750,0.057,641,284,73.301,0.044,1.235,0.810,0.822
630,4D-C-Z4.tif,0.001,0.158,0.609,0.060,1009,283,56.310,0.037,1.371,0.730,0.769
631,4D-C-Z4.tif,0.010,0.443,0.637,0.153,13,297,52.306,0.106,1.265,0.791,0.864
632,4D-C-Z4.tif,0.015,0.674,0.405,0.188,309,307,69.444,0.157,1.095,0.913,0.762
633,4D-C-Z4.tif,0.002,0.213,0.598,0.083,400,275,126.870,0.048,1.962,0.510,0.789
634,4D-C-Z4.tif,0.001,0.165,0.654,0.060,850,275,123.690,0.043,1.373,0.728,0.803
635,4D-C-Z4.tif,0.005,0.339,0.553,0.131,862,275,112.249,0.075,1.555,0.643,0.777
636,4D-C-Z4.tif,0.007,0.481,0.360,0.166,432,276,105.422,0.087,1.837,0.544,0.688
637,4D-C-Z4.tif,0.011,0.500,0.558,0.163,493,303,61.699,0.119,1.246,0.803,0.802
638,4D-C-Z4.tif,0.008,0.504,0.373,0.168,823,276,113.199,0.080,2.474,0.404,0.777
639,4D-C-Z4.tif,0.001,0.133,0.733,0.052,667,285,57.995,0.037,1.236,0.809,0.800
640,4D-C-Z4.tif,0.023,0.721,0.567,0.225,774,316,68.459,0.175,1.358,0.737,0.834
641,4D-C-Z4.tif,0.004,0.239,0.792,0.083,41,290,53.130,0.069,1.120,0.893,0.865
642,4D-C-Z4.tif,0.005,0.333,0.599,0.107,204,280,145.491,0.085,1.235,0.810,0.815
643,4D-C-Z4.tif,0.002,0.167,0.789,0.067,646,288,55.008,0.044,1.581,0.633,0.853
644,4D-C-Z4.tif,0.003,0.273,0.526,0.107,365,281,124.509,0.055,2.306,0.434,0.763
645,4D-C-Z4.tif,0.010,0.563,0.389,0.150,692,307,83.660,0.127,1.136,0.880,0.718
646,4D-C-Z4.tif,0.001,0.126,0.905,0.052,700,281,147.995,0.035,1.499,0.667,0.874
647,4D-C-Z4.tif,0.003,0.248,0.636,0.079,752,280,114.775,0.071,1.220,0.820,0.805
648,4D-C-Z4.tif,0.001,0.139,0.771,0.056,244,284,168.690,0.035,1.613,0.620,0.804
649,4D-C-Z4.tif,0.003,0.270,0.573,0.095,725,287,169.992,0.066,1.312,0.762,0.748
650,4D-C-Z4.tif,0.012,0.488,0.614,0.173,798,284,127.235,0.118,1.524,0.656,0.835
651,4D-C-Z4.tif,0.005,0.371,0.415,0.135,884,292,11.768,0.061,2.268,0.441,0.773
652,4D-C-Z4.tif,0.003,0.228,0.709,0.090,75,289,10.620,0.044,1.875,0.533,0.878
653,4D-C-Z4.tif,0.007,0.399,0.537,0.162,260,298,17.819,0.072,2.671,0.374,0.800
654,4D-C-Z4.tif,0.001,0.195,0.440,0.079,410,285,114.775,0.038,2.250,0.444,0.672
655,4D-C-Z4.tif,0.004,0.317,0.470,0.106,651,290,158.749,0.066,1.508,0.663,0.715
656,4D-C-Z4.tif,0.004,0.278,0.719,0.108,232,295,14.744,0.066,1.554,0.643,0.861
657,4D-C-Z4.tif,0.004,0.286,0.643,0.106,115,293,158.749,0.074,1.436,0.697,0.789
658,4D-C-Z4.tif,0.001,0.156,0.671,0.060,393,288,146.310,0.040,1.488,0.672,0.761
659,4D-C-Z4.tif,0.007,0.400,0.564,0.122,1008,308,71.565,0.104,1.114,0.898,0.789
660,4D-C-Z4.tif,0.004,0.258,0.715,0.103,170,290,164.476,0.061,1.844,0.542,0.862
661,4D-C-Z4.tif,0.001,0.130,0.815,0.059,416,288,138.814,0.033,1.986,0.503,0.828
662,4D-C-Z4.tif,0.010,0.482,0.540,0.180,510,289,130.030,0.096,1.871,0.534,0.799
663,4D-C-Z4.tif,0.010,0.498,0.525,0.196,554,289,128.157,0.086,2.802,0.357,0.774
664,4D-C-Z4.tif,0.006,0.351,0.654,0.119,49,303,13.392,0.095,1.134,0.882,0.797
665,4D-C-Z4.tif,0.006,0.318,0.751,0.127,189,290,124.380,0.081,1.622,0.616,0.882
666,4D-C-Z4.tif,0.003,0.230,0.737,0.084,385,293,148.392,0.061,1.468,0.681,0.813
667,4D-C-Z4.tif,0.008,0.521,0.378,0.164,613,290,103.570,0.112,1.630,0.613,0.692
668,4D-C-Z4.tif,0.004,0.289,0.619,0.110,718,290,126.870,0.070,1.830,0.546,0.802
669,4D-C-Z4.tif,0.007,0.486,0.346,0.145,470,291,114.624,0.113,1.356,0.738,0.606
670,4D-C-Z4.tif,0.007,0.475,0.385,0.141,146,312,51.340,0.095,1.475,0.678,0.706
671,4D-C-Z4.tif,0.001,0.161,0.604,0.072,451,294,157.380,0.031,2.541,0.394,0.837
672,4D-C-Z4.tif,0.001,0.153,0.764,0.059,522,294,158.199,0.042,1.294,0.773,0.803
673,4D-C-Z4.tif,0.007,0.430,0.484,0.164,746,293,129.560,0.072,2.405,0.416,0.753
674,4D-C-Z4.tif,0.002,0.202,0.487,0.084,20,301,23.199,0.036,2.347,0.426,0.748
675,4D-C-Z4.tif,0.001,0.153,0.585,0.056,145,294,101.310,0.033,1.710,0.585,0.742
676,4D-C-Z4.tif,0.010,0.481,0.569,0.149,339,303,4.236,0.099,1.535,0.652,0.844
677,4D-C-Z4.tif,0.007,0.439,0.482,0.140,529,301,168.690,0.097,1.210,0.826,0.738
678,4D-C-Z4.tif,0.002,0.164,0.764,0.069,848,294,151.390,0.041,1.850,0.541,0.850
679,4D-C-Z4.tif,0.001,0.175,0.547,0.067,899,296,170.538,0.039,1.882,0.531,0.710
680,4D-C-Z4.tif,0.002,0.180,0.732,0.067,77,302,9.462,0.050,1.386,0.722,0.800
681,4D-C-Z4.tif,0.002,0.220,0.572,0.083,410,308,53.130,0.056,1.399,0.715,0.745
682,4D-C-Z4.tif,0.010,0.402,0.778,0.142,631,297,103.496,0.105,1.348,0.742,0.891
683,4D-C-Z4.tif,0.002,0.176,0.685,0.067,9,309,65.556,0.046,1.442,0.693,0.789
684,4D-C-Z4.tif,0.002,0.154,0.847,0.055,271,299,126.870,0.043,1.300,0.769,0.862
685,4D-C-Z4.tif,0.004,0.286,0.606,0.112,656,302,168.690,0.060,2.052,0.487,0.788
686,4D-C-Z4.tif,0.001,0.125,0.827,0.049,734,306,63.435,0.028,1.682,0.595,0.919
687,4D-C-Z4.tif,0.001,0.142,0.680,0.059,68,308,41.186,0.036,1.734,0.577,0.742
688,4D-C-Z4.tif,0.002,0.185,0.703,0.072,455,312,67.380,0.033,2.166,0.462,0.920
689,4D-C-Z4.tif,0.011,0.539,0.461,0.179,969,311,169.380,0.105,1.710,0.585,0.765
690,4D-C-Z4.tif,0.005,0.312,0.608,0.111,24,303,174.289,0.077,1.090,0.918,0.786
691,4D-C-Z4.tif,0.010,0.522,0.476,0.167,236,306,152.592,0.116,1.313,0.761,0.752
692,4D-C-Z4.tif,0.001,0.141,0.943,0.054,324,310,66.038,0.039,1.268,0.788,0.907
693,4D-C-Z4.tif,0.003,0.252,0.602,0.086,424,315,50.194,0.062,1.442,0.693,0.784
694,4D-C-Z4.tif,0.007,0.432,0.497,0.154,936,302,145.176,0.091,1.884,0.531,0.766
695,4D-C-Z4.tif,0.001,0.134,0.782,0.057,99,304,150.945,0.034,1.841,0.543,0.831
696,4D-C-Z4.tif,0.005,0.301,0.679,0.119,281,320,56.310,0.066,2.001,0.500,0.837
697,4D-C-Z4.tif,0.002,0.189,0.791,0.070,87,308,161.565,0.053,1.316,0.760,0.855
698,4D-C-Z4.tif,0.003,0.259,0.634,0.096,113,305,156.371,0.061,1.656,0.604,0.809
699,4D-C-Z4.tif,0.002,0.180,0.708,0.064,594,313,59.036,0.052,1.396,0.716,0.784
700,4D-C-Z4.tif,0.053,1.476,0.308,0.365,849,367,75.124,0.268,1.295,0.772,0.725
701,4D-C-Z4.tif,0.004,0.251,0.749,0.101,931,303,112.380,0.058,1.833,0.546,0.835
702,4D-C-Z4.tif,0.003,0.219,0.793,0.081,130,305,118.301,0.054,1.486,0.673,0.858
703,4D-C-Z4.tif,0.006,0.383,0.519,0.123,687,309,153.435,0.093,1.487,0.672,0.794
704,4D-C-Z4.tif,0.009,0.517,0.415,0.180,874,306,156.571,0.094,1.896,0.528,0.763
705,4D-C-Z4.tif,0.002,0.228,0.431,0.084,743,320,78.690,0.047,1.931,0.518,0.645
706,4D-C-Z4.tif,0.004,0.275,0.589,0.110,906,306,162.474,0.060,2.099,0.477,0.755
707,4D-C-Z4.tif,0.005,0.289,0.729,0.126,384,306,142.125,0.062,2.077,0.481,0.891
708,4D-C-Z4.tif,0.004,0.434,0.295,0.132,829,318,16.928,0.087,1.319,0.758,0.600
709,4D-C-Z4.tif,0.002,0.253,0.435,0.089,9,315,21.801,0.048,1.965,0.509,0.685
710,4D-C-Z4.tif,0.002,0.197,0.759,0.077,374,320,68.962,0.050,1.568,0.638,0.846
711,4D-C-Z4.tif,0.001,0.187,0.499,0.064,432,313,19.983,0.044,1.502,0.666,0.681
712,4D-C-Z4.tif,0.004,0.244,0.865,0.094,553,307,118.072,0.061,1.530,0.653,0.903
713,4D-C-Z4.tif,0.002,0.259,0.425,0.107,650,308,168.111,0.041,3.038,0.329,0.708
714,4D-C-Z4.tif,0.002,0.200,0.496,0.067,209,311,170.538,0.049,1.480,0.676,0.667
715,4D-C-Z4.tif,0.002,0.169,0.764,0.069,415,319,61.390,0.041,1.771,0.565,0.857
716,4D-C-Z4.tif,0.002,0.191,0.650,0.072,496,308,112.620,0.044,1.611,0.621,0.795
717,4D-C-Z4.tif,0.004,0.255,0.821,0.094,73,312,173.290,0.066,1.345,0.743,0.889
718,4D-C-Z4.tif,0.003,0.230,0.748,0.081,266,310,118.301,0.055,1.398,0.715,0.897
719,4D-C-Z4.tif,0.004,0.286,0.680,0.101,582,310,102.529,0.064,1.663,0.601,0.869
720,4D-C-Z4.tif,0.003,0.268,0.539,0.096,791,316,13.241,0.061,1.621,0.617,0.764
721,4D-C-Z4.tif,0.002,0.209,0.695,0.074,297,311,116.565,0.055,1.243,0.804,0.851
722,4D-C-Z4.tif,0.007,0.402,0.547,0.136,309,329,43.363,0.099,1.244,0.804,0.841
723,4D-C-Z4.tif,0.003,0.245,0.729,0.079,538,314,146.310,0.066,1.160,0.862,0.830
724,4D-C-Z4.tif,0.002,0.195,0.810,0.074,671,311,131.987,0.054,1.351,0.740,0.827
725,4D-C-Z4.tif,0.005,0.277,0.775,0.107,717,322,34.509,0.067,1.611,0.621,0.902
726,4D-C-Z4.tif,0.005,0.327,0.635,0.111,49,313,147.095,0.085,1.413,0.708,0.807
727,4D-C-Z4.tif,0.004,0.296,0.632,0.105,381,314,137.121,0.072,1.412,0.708,0.812
728,4D-C-Z4.tif,0.004,0.268,0.682,0.109,460,313,130.914,0.057,2.005,0.499,0.849
729,4D-C-Z4.tif,0.006,0.359,0.605,0.118,199,335,79.216,0.087,1.242,0.805,0.795
730,4D-C-Z4.tif,0.001,0.134,0.866,0.054,220,316,156.038,0.039,1.266,0.790,0.837
731,4D-C-Z4.tif,0.009,0.502,0.458,0.172,444,344,73.301,0.113,1.357,0.737,0.727
732,4D-C-Z4.tif,0.001,0.176,0.477,0.072,489,326,67.380,0.033,2.711,0.369,0.709
733,4D-C-Z4.tif,0.010,0.464,0.572,0.176,151,339,38.660,0.097,1.755,0.570,0.807
734,4D-C-Z4.tif,0.003,0.287,0.521,0.099,343,315,109.440,0.069,1.560,0.641,0.722
735,4D-C-Z4.tif,0.010,0.530,0.442,0.171,655,317,132.397,0.108,1.682,0.594,0.765
736,4D-C-Z4.tif,0.013,0.672,0.372,0.209,5,336,26.565,0.128,1.979,0.505,0.686
737,4D-C-Z4.tif,0.001,0.134,0.866,0.051,94,319,167.471,0.039,1.141,0.877,0.828
738,4D-C-Z4.tif,0.001,0.145,0.614,0.059,1,321,21.801,0.031,1.975,0.506,0.723
739,4D-C-Z4.tif,0.001,0.148,0.812,0.063,184,317,127.875,0.039,1.689,0.592,0.832
740,4D-C-Z4.tif,0.002,0.192,0.837,0.072,813,317,94.399,0.055,1.112,0.899,0.871
741,4D-C-Z4.tif,0.004,0.247,0.818,0.084,517,319,121.608,0.072,1.239,0.807,0.885
742,4D-C-Z4.tif,0.001,0.158,0.675,0.059,914,327,48.814,0.045,1.259,0.795,0.759
743,4D-C-Z4.tif,0.007,0.412,0.549,0.133,986,329,7.125,0.091,1.511,0.662,0.824
744,4D-C-Z4.tif,0.002,0.180,0.696,0.064,87,330,59.036,0.044,1.335,0.749,0.825
745,4D-C-Z4.tif,0.002,0.161,0.819,0.063,508,320,127.875,0.044,1.296,0.772,0.896
746,4D-C-Z4.tif,0.002,0.183,0.843,0.067,598,322,155.556,0.049,1.432,0.698,0.876
747,4D-C-Z4.tif,0.005,0.303,0.741,0.119,126,335,33.690,0.073,1.725,0.580,0.863
748,4D-C-Z4.tif,0.005,0.312,0.659,0.103,358,321,115.201,0.085,1.141,0.876,0.814
749,4D-C-Z4.tif,0.002,0.156,0.811,0.064,495,331,59.036,0.037,1.891,0.529,0.874
750,4D-C-Z4.tif,0.002,0.188,0.744,0.072,228,322,147.529,0.044,1.331,0.751,0.879
751,4D-C-Z4.tif,0.003,0.248,0.568,0.083,786,334,53.130,0.062,1.297,0.771,0.793
752,4D-C-Z4.tif,0.009,0.399,0.687,0.127,828,344,72.350,0.111,1.258,0.795,0.840
753,4D-C-Z4.tif,0.011,0.556,0.464,0.168,414,323,138.991,0.120,1.469,0.681,0.772
754,4D-C-Z4.tif,0.008,0.500,0.386,0.141,546,327,128.660,0.113,1.158,0.864,0.653
755,4D-C-Z4.tif,0.003,0.247,0.531,0.091,709,333,14.036,0.049,2.026,0.494,0.749
756,4D-C-Z4.tif,0.007,0.428,0.487,0.161,956,331,7.853,0.072,2.198,0.455,0.777
757,4D-C-Z4.tif,0.001,0.152,0.563,0.057,265,325,150.945,0.033,1.334,0.750,0.739
758,4D-C-Z4.tif,0.002,0.214,0.557,0.070,771,332,18.435,0.049,1.332,0.751,0.775
759,4D-C-Z4.tif,0.010,0.427,0.684,0.150,97,350,53.973,0.104,1.493,0.670,0.854
760,4D-C-Z4.tif,0.003,0.222,0.821,0.091,632,334,14.036,0.054,1.635,0.612,0.880
761,4D-C-Z4.tif,0.015,0.653,0.439,0.206,734,343,9.211,0.127,1.537,0.650,0.728
762,4D-C-Z4.tif,0.002,0.192,0.703,0.075,591,334,17.103,0.045,1.635,0.612,0.805
763,4D-C-Z4.tif,0.004,0.381,0.385,0.119,616,327,103.392,0.083,1.606,0.623,0.639
764,4D-C-Z4.tif,0.005,0.312,0.585,0.117,799,327,135.000,0.072,1.652,0.605,0.761
765,4D-C-Z4.tif,0.004,0.345,0.400,0.138,680,343,36.870,0.056,2.933,0.341,0.694
766,4D-C-Z4.tif,0.003,0.239,0.759,0.079,381,340,33.690,0.066,1.097,0.911,0.864
767,4D-C-Z4.tif,0.004,0.306,0.476,0.126,474,346,37.875,0.056,2.521,0.397,0.729
768,4D-C-Z4.tif,0.003,0.288,0.473,0.109,577,346,59.534,0.056,2.222,0.450,0.710
769,4D-C-Z4.tif,0.010,0.508,0.467,0.178,904,360,73.811,0.099,2.109,0.474,0.781
770,4D-C-Z4.tif,0.002,0.189,0.595,0.082,232,336,19.654,0.033,2.402,0.416,0.812
771,4D-C-Z4.tif,0.002,0.242,0.462,0.079,501,337,24.775,0.055,1.548,0.646,0.664
772,4D-C-Z4.tif,0.007,0.362,0.641,0.124,45,331,102.804,0.091,1.427,0.701,0.801
773,4D-C-Z4.tif,0.002,0.208,0.548,0.078,273,332,129.289,0.043,2.255,0.443,0.713
774,4D-C-Z4.tif,0.002,0.225,0.391,0.077,294,331,111.038,0.038,2.539,0.394,0.675
775,4D-C-Z4.tif,0.005,0.282,0.767,0.099,319,346,56.310,0.066,1.473,0.679,0.909
776,4D-C-Z4.tif,0.012,0.470,0.662,0.171,920,349,20.772,0.115,1.583,0.632,0.843
777,4D-C-Z4.tif,0.008,0.431,0.520,0.139,246,336,146.310,0.092,1.578,0.634,0.777
778,4D-C-Z4.tif,0.007,0.432,0.443,0.140,450,335,154.440,0.094,1.565,0.639,0.729
779,4D-C-Z4.tif,0.010,0.427,0.684,0.161,207,360,51.953,0.091,1.846,0.542,0.889
780,4D-C-Z4.tif,0.008,0.456,0.455,0.148,343,333,116.565,0.090,1.711,0.584,0.756
781,4D-C-Z4.tif,0.002,0.194,0.669,0.070,188,334,141.340,0.055,1.416,0.706,0.763
782,4D-C-Z4.tif,0.005,0.345,0.538,0.128,634,350,30.964,0.072,2.150,0.465,0.757
783,4D-C-Z4.tif,0.008,0.384,0.708,0.148,157,349,21.801,0.088,1.783,0.561,0.873
784,4D-C-Z4.tif,0.008,0.513,0.368,0.187,529,336,130.236,0.088,2.569,0.389,0.662
785,4D-C-Z4.tif,0.002,0.194,0.659,0.079,32,350,65.225,0.044,1.904,0.525,0.833
786,4D-C-Z4.tif,0.005,0.316,0.688,0.107,59,339,145.491,0.077,1.269,0.788,0.870
787,4D-C-Z4.tif,0.013,0.595,0.479,0.202,1002,371,64.134,0.120,1.865,0.536,0.797
788,4D-C-Z4.tif,0.002,0.164,0.736,0.060,408,346,33.690,0.046,1.404,0.712,0.806
789,4D-C-Z4.tif,0.006,0.333,0.675,0.126,591,345,156.801,0.078,1.639,0.610,0.807
790,4D-C-Z4.tif,0.007,0.332,0.757,0.118,693,356,52.595,0.088,1.262,0.792,0.911
791,4D-C-Z4.tif,0.005,0.278,0.753,0.094,81,356,69.444,0.077,1.197,0.835,0.862
792,4D-C-Z4.tif,0.005,0.311,0.657,0.116,516,358,58.570,0.077,1.624,0.616,0.825
793,4D-C-Z4.tif,0.009,0.518,0.427,0.179,781,340,107.879,0.115,1.693,0.591,0.672
794,4D-C-Z4.tif,0.007,0.398,0.577,0.138,130,341,106.260,0.090,1.548,0.646,0.789
795,4D-C-Z4.tif,0.001,0.145,0.758,0.056,376,345,11.310,0.036,1.668,0.600,0.808
796,4D-C-Z4.tif,0.003,0.233,0.633,0.086,498,354,50.194,0.060,1.531,0.653,0.789
797,4D-C-Z4.tif,0.004,0.294,0.618,0.115,649,356,35.218,0.066,1.963,0.509,0.833
798,4D-C-Z4.tif,0.001,0.141,0.712,0.057,148,353,73.301,0.028,2.102,0.476,0.860
799,4D-C-Z4.tif,0.002,0.193,0.642,0.083,193,353,36.870,0.035,2.767,0.361,0.792
800,4D-C-Z4.tif,0.006,0.362,0.617,0.122,471,357,35.838,0.090,1.341,0.745,0.832
801,4D-C-Z4.tif,0.002,0.180,0.767,0.078,824,345,140.711,0.043,1.903,0.526,0.844
802,4D-C-Z4.tif,0.002,0.170,0.799,0.063,988,353,52.125,0.050,1.123,0.890,0.830
803,4D-C-Z4.tif,0.003,0.231,0.803,0.087,974,345,145.305,0.061,1.325,0.755,0.911
804,4D-C-Z4.tif,0.004,0.309,0.470,0.098,289,358,26.565,0.066,1.621,0.617,0.726
805,4D-C-Z4.tif,0.006,0.320,0.713,0.106,270,348,117.897,0.083,1.286,0.777,0.875
806,4D-C-Z4.tif,0.002,0.167,0.749,0.059,386,349,138.814,0.050,1.040,0.961,0.821
807,4D-C-Z4.tif,0.005,0.364,0.508,0.149,678,348,94.236,0.055,2.797,0.358,0.790
808,4D-C-Z4.tif,0.002,0.167,0.708,0.059,232,357,41.186,0.047,1.087,0.920,0.800
809,4D-C-Z4.tif,0.002,0.186,0.880,0.072,41,350,112.620,0.048,1.482,0.675,0.904
810,4D-C-Z4.tif,0.002,0.217,0.646,0.089,403,350,97.125,0.044,2.026,0.494,0.833
811,4D-C-Z4.tif,0.003,0.250,0.517,0.084,722,365,78.690,0.059,1.352,0.740,0.708
812,4D-C-Z4.tif,0.007,0.379,0.601,0.149,803,357,175.764,0.072,2.190,0.457,0.853
813,4D-C-Z4.tif,0.006,0.362,0.591,0.151,923,366,33.111,0.068,2.370,0.422,0.854
814,4D-C-Z4.tif,0.008,0.447,0.529,0.142,957,350,125.538,0.108,1.094,0.914,0.788
815,4D-C-Z4.tif,0.006,0.331,0.673,0.129,432,362,9.866,0.076,1.630,0.614,0.872
816,4D-C-Z4.tif,0.001,0.133,0.776,0.056,464,361,78.690,0.028,2.074,0.482,0.867
817,4D-C-Z4.tif,0.003,0.241,0.559,0.094,639,368,69.444,0.050,1.787,0.560,0.794
818,4D-C-Z4.tif,0.001,0.136,0.781,0.055,185,361,53.130,0.038,1.492,0.670,0.854
819,4D-C-Z4.tif,0.002,0.198,0.503,0.087,249,366,55.305,0.031,3.387,0.295,0.738
820,4D-C-Z4.tif,0.004,0.255,0.757,0.094,407,354,151.928,0.066,1.319,0.758,0.866
821,4D-C-Z4.tif,0.002,0.165,0.752,0.072,159,354,157.380,0.039,2.058,0.486,0.864
822,4D-C-Z4.tif,0.009,0.456,0.561,0.153,297,379,64.359,0.105,1.531,0.653,0.798
823,4D-C-Z4.tif,0.007,0.366,0.632,0.119,143,355,111.801,0.089,1.334,0.749,0.807
824,4D-C-Z4.tif,0.001,0.158,0.598,0.067,582,361,24.444,0.035,2.391,0.418,0.716
825,4D-C-Z4.tif,0.004,0.337,0.435,0.106,601,359,158.749,0.077,1.331,0.752,0.697
826,4D-C-Z4.tif,0.007,0.374,0.626,0.135,660,377,63.435,0.077,1.867,0.535,0.876
827,4D-C-Z4.tif,0.007,0.350,0.701,0.118,772,355,117.759,0.086,1.384,0.723,0.860
828,4D-C-Z4.tif,0.007,0.417,0.533,0.170,51,370,24.905,0.070,2.488,0.402,0.817
829,4D-C-Z4.tif,0.004,0.248,0.821,0.087,105,369,55.305,0.070,1.295,0.772,0.864
830,4D-C-Z4.tif,0.008,0.430,0.530,0.123,740,363,10.305,0.095,1.224,0.817,0.841
831,4D-C-Z4.tif,0.006,0.359,0.549,0.145,20,357,119.476,0.066,2.254,0.444,0.795
832,4D-C-Z4.tif,0.004,0.278,0.719,0.111,484,370,32.905,0.062,1.973,0.507,0.864
833,4D-C-Z4.tif,0.002,0.147,0.880,0.060,694,363,33.690,0.039,1.302,0.768,0.935
834,4D-C-Z4.tif,0.004,0.283,0.691,0.101,229,360,157.620,0.073,1.464,0.683,0.817
835,4D-C-Z4.tif,0.002,0.194,0.649,0.072,352,369,57.529,0.054,1.289,0.776,0.753
836,4D-C-Z4.tif,0.004,0.303,0.573,0.108,695,371,23.962,0.069,1.906,0.525,0.752
837,4D-C-Z4.tif,0.001,0.172,0.606,0.060,886,358,123.690,0.046,1.269,0.788,0.718
838,4D-C-Z4.tif,0.001,0.145,0.830,0.056,894,360,168.690,0.039,1.452,0.689,0.844
839,4D-C-Z4.tif,0.001,0.139,0.751,0.055,376,359,126.870,0.035,1.694,0.590,0.784
840,4D-C-Z4.tif,0.003,0.233,0.626,0.076,163,368,30.256,0.060,1.354,0.738,0.820
841,4D-C-Z4.tif,0.005,0.367,0.498,0.122,268,373,35.838,0.093,1.155,0.866,0.715
842,4D-C-Z4.tif,0.005,0.359,0.522,0.125,328,362,131.424,0.074,1.838,0.544,0.780
843,4D-C-Z4.tif,0.005,0.346,0.549,0.138,368,360,94.574,0.066,2.008,0.498,0.796
844,4D-C-Z4.tif,0.004,0.270,0.755,0.109,564,378,59.534,0.066,1.740,0.575,0.890
845,4D-C-Z4.tif,0.002,0.222,0.635,0.075,218,362,126.027,0.059,1.271,0.787,0.756
846,4D-C-Z4.tif,0.002,0.163,0.791,0.067,557,362,114.444,0.039,1.607,0.622,0.902
847,4D-C-Z4.tif,0.002,0.185,0.792,0.069,40,374,61.390,0.044,1.457,0.686,0.893
848,4D-C-Z4.tif,0.007,0.344,0.719,0.118,81,377,27.759,0.083,1.503,0.666,0.837
849,4D-C-Z4.tif,0.002,0.213,0.480,0.070,425,373,51.340,0.059,1.188,0.842,0.648
850,4D-C-Z4.tif,0.006,0.324,0.709,0.113,712,365,112.834,0.076,1.634,0.612,0.861
851,4D-C-Z4.tif,0.003,0.239,0.619,0.099,813,374,33.690,0.052,1.926,0.519,0.795
852,4D-C-Z4.tif,0.006,0.387,0.511,0.123,840,386,79.695,0.082,1.423,0.703,0.776
853,4D-C-Z4.tif,0.003,0.228,0.658,0.090,172,379,52.431,0.049,2.031,0.492,0.837
854,4D-C-Z4.tif,0.011,0.537,0.497,0.198,438,371,160.560,0.098,1.946,0.514,0.817
855,4D-C-Z4.tif,0.005,0.317,0.648,0.113,523,383,43.025,0.085,1.326,0.754,0.832
856,4D-C-Z4.tif,0.003,0.233,0.633,0.080,586,366,105.945,0.059,1.476,0.678,0.822
857,4D-C-Z4.tif,0.012,0.451,0.763,0.156,113,373,140.711,0.111,1.335,0.749,0.893
858,4D-C-Z4.tif,0.001,0.122,0.948,0.047,513,367,110.556,0.033,1.296,0.772,0.892
859,4D-C-Z4.tif,0.007,0.336,0.787,0.121,984,367,114.228,0.082,1.559,0.641,0.890
860,4D-C-Z4.tif,0.002,0.155,0.873,0.055,729,369,143.130,0.044,1.086,0.921,0.880
861,4D-C-Z4.tif,0.002,0.175,0.671,0.067,757,375,9.462,0.044,1.351,0.740,0.783
862,4D-C-Z4.tif,0.003,0.295,0.499,0.096,936,383,59.036,0.073,1.395,0.717,0.699
863,4D-C-Z4.tif,0.002,0.194,0.608,0.072,227,369,157.380,0.045,1.585,0.631,0.805
864,4D-C-Z4.tif,0.001,0.139,0.863,0.052,354,371,147.995,0.039,1.188,0.842,0.889
865,4D-C-Z4.tif,0.002,0.175,0.696,0.070,201,380,51.340,0.045,1.491,0.671,0.806
866,4D-C-Z4.tif,0.009,0.473,0.493,0.160,881,382,174.094,0.105,1.557,0.642,0.760
867,4D-C-Z4.tif,0.006,0.348,0.641,0.130,859,381,12.265,0.086,1.369,0.730,0.819
868,4D-C-Z4.tif,0.010,0.526,0.472,0.163,315,400,66.038,0.096,1.908,0.524,0.796
869,4D-C-Z4.tif,0.005,0.366,0.444,0.130,597,372,126.384,0.072,1.996,0.501,0.675
870,4D-C-Z4.tif,0.003,0.270,0.505,0.084,908,379,168.690,0.070,1.161,0.861,0.676
871,4D-C-Z4.tif,0.010,0.449,0.628,0.166,1,375,145.784,0.097,1.806,0.554,0.826
872,4D-C-Z4.tif,0.009,0.443,0.546,0.143,627,373,105.642,0.094,1.664,0.601,0.806
873,4D-C-Z4.tif,0.008,0.397,0.634,0.158,243,400,60.751,0.074,2.196,0.455,0.856
874,4D-C-Z4.tif,0.004,0.406,0.340,0.148,390,389,26.565,0.062,2.519,0.397,0.665
875,4D-C-Z4.tif,0.002,0.264,0.448,0.096,506,386,23.629,0.056,2.186,0.458,0.661
876,4D-C-Z4.tif,0.010,0.556,0.409,0.167,531,397,7.595,0.133,1.079,0.927,0.677
877,4D-C-Z4.tif,0.012,0.558,0.497,0.190,949,376,115.821,0.121,1.659,0.603,0.775
878,4D-C-Z4.tif,0.002,0.202,0.684,0.070,1012,376,128.660,0.053,1.452,0.689,0.816
879,4D-C-Z4.tif,0.003,0.245,0.558,0.087,354,390,55.305,0.056,1.863,0.537,0.746
880,4D-C-Z4.tif,0.002,0.180,0.720,0.074,572,385,26.565,0.043,1.742,0.574,0.853
881,4D-C-Z4.tif,0.002,0.191,0.786,0.074,823,385,26.565,0.046,1.728,0.579,0.862
882,4D-C-Z4.tif,0.003,0.301,0.404,0.094,63,383,176.634,0.073,1.395,0.717,0.634
883,4D-C-Z4.tif,0.002,0.209,0.660,0.084,159,379,113.199,0.052,1.558,0.642,0.800
884,4D-C-Z4.tif,0.002,0.172,0.671,0.068,220,381,165.964,0.044,1.701,0.588,0.800
885,4D-C-Z4.tif,0.006,0.486,0.345,0.182,423,387,165.964,0.080,2.782,0.359,0.671
886,4D-C-Z4.tif,0.001,0.158,0.644,0.055,849,387,36.870,0.043,1.185,0.844,0.816
887,4D-C-Z4.tif,0.028,0.928,0.406,0.238,40,384,123.690,0.187,1.396,0.716,0.811
888,4D-C-Z4.tif,0.008,0.409,0.596,0.127,89,385,162.350,0.104,1.272,0.786,0.837
889,4D-C-Z4.tif,0.002,0.206,0.475,0.084,204,393,58.392,0.038,2.919,0.343,0.684
890,4D-C-Z4.tif,0.001,0.159,0.644,0.064,285,380,109.983,0.030,2.351,0.425,0.819
891,4D-C-Z4.tif,0.006,0.381,0.523,0.126,258,396,28.811,0.081,1.509,0.663,0.799
892,4D-C-Z4.tif,0.001,0.131,0.887,0.045,818,381,104.036,0.043,1.096,0.912,0.833
893,4D-C-Z4.tif,0.001,0.128,0.793,0.051,922,384,167.471,0.033,1.549,0.646,0.791
894,4D-C-Z4.tif,0.003,0.275,0.494,0.087,968,394,34.695,0.071,1.370,0.730,0.693
895,4D-C-Z4.tif,0.007,0.375,0.661,0.122,481,388,161.565,0.094,1.268,0.789,0.809
896,4D-C-Z4.tif,0.016,0.641,0.477,0.182,650,382,118.887,0.145,1.187,0.842,0.825
897,4D-C-Z4.tif,0.007,0.346,0.759,0.141,726,394,20.556,0.073,2.004,0.499,0.910
898,4D-C-Z4.tif,0.007,0.384,0.611,0.148,172,397,31.329,0.080,1.897,0.527,0.860
899,4D-C-Z4.tif,0.001,0.150,0.577,0.066,295,391,41.634,0.028,3.124,0.320,0.708
900,4D-C-Z4.tif,0.004,0.355,0.436,0.118,695,383,127.405,0.081,1.543,0.648,0.679
901,4D-C-Z4.tif,0.015,0.638,0.475,0.188,756,393,173.290,0.138,1.405,0.712,0.799
902,4D-C-Z4.tif,0.003,0.253,0.518,0.086,788,383,129.806,0.058,1.413,0.708,0.798
903,4D-C-Z4.tif,0.003,0.344,0.350,0.128,669,384,172.569,0.047,2.785,0.359,0.722
904,4D-C-Z4.tif,0.003,0.296,0.501,0.101,799,396,40.601,0.073,1.504,0.665,0.721
905,4D-C-Z4.tif,0.001,0.161,0.648,0.060,79,392,33.690,0.039,1.679,0.596,0.752
906,4D-C-Z4.tif,0.002,0.211,0.634,0.078,461,387,171.870,0.055,1.530,0.654,0.771
907,4D-C-Z4.tif,0.001,0.131,0.910,0.051,854,387,167.471,0.039,1.304,0.767,0.863
908,4D-C-Z4.tif,0.004,0.263,0.663,0.090,209,391,169.380,0.066,1.476,0.678,0.779
909,4D-C-Z4.tif,0.002,0.152,0.877,0.059,355,395,41.186,0.044,1.226,0.816,0.898
910,4D-C-Z4.tif,0.006,0.367,0.548,0.144,400,401,32.471,0.068,2.270,0.441,0.797
911,4D-C-Z4.tif,0.003,0.239,0.705,0.090,870,387,142.431,0.062,1.619,0.618,0.841
912,4D-C-Z4.tif,0.006,0.377,0.548,0.138,325,405,23.499,0.093,1.612,0.620,0.791
913,4D-C-Z4.tif,0.001,0.154,0.751,0.064,511,394,19.983,0.038,1.867,0.535,0.783
914,4D-C-Z4.tif,0.001,0.184,0.539,0.067,713,399,65.556,0.042,1.656,0.604,0.696
915,4D-C-Z4.tif,0.003,0.244,0.577,0.096,227,389,103.241,0.044,2.386,0.419,0.818
916,4D-C-Z4.tif,0.007,0.399,0.589,0.148,371,412,58.671,0.091,1.631,0.613,0.824
917,4D-C-Z4.tif,0.015,0.615,0.512,0.223,125,400,164.249,0.109,2.264,0.442,0.785
918,4D-C-Z4.tif,0.004,0.281,0.678,0.101,574,393,150.642,0.061,1.578,0.634,0.847
919,4D-C-Z4.tif,0.004,0.281,0.558,0.113,910,391,119.055,0.054,2.485,0.402,0.771
920,4D-C-Z4.tif,0.006,0.363,0.535,0.137,978,392,139.899,0.077,1.644,0.608,0.777
921,4D-C-Z4.tif,0.003,0.241,0.721,0.087,7,408,55.305,0.055,1.565,0.639,0.909
922,4D-C-Z4.tif,0.003,0.241,0.704,0.096,103,403,13.241,0.061,1.619,0.618,0.839
923,4D-C-Z4.tif,0.007,0.390,0.544,0.128,745,415,64.537,0.093,1.436,0.697,0.805
924,4D-C-Z4.tif,0.004,0.285,0.561,0.112,857,398,168.690,0.059,1.925,0.519,0.762
925,4D-C-Z4.tif,0.007,0.380,0.588,0.126,935,397,127.875,0.090,1.352,0.739,0.784
926,4D-C-Z4.tif,0.016,0.730,0.372,0.235,725,395,122.574,0.133,1.973,0.507,0.759
927,4D-C-Z4.tif,0.004,0.306,0.557,0.111,820,399,147.095,0.065,1.840,0.544,0.761
928,4D-C-Z4.tif,0.011,0.565,0.451,0.176,884,402,165.530,0.127,1.479,0.676,0.735
929,4D-C-Z4.tif,0.003,0.300,0.467,0.108,28,416,75.256,0.058,2.328,0.430,0.692
930,4D-C-Z4.tif,0.003,0.230,0.791,0.089,84,397,150.255,0.055,1.503,0.665,0.902
931,4D-C-Z4.tif,0.002,0.167,0.735,0.072,207,399,157.380,0.039,2.027,0.493,0.844
932,4D-C-Z4.tif,0.002,0.169,0.777,0.064,567,398,149.036,0.044,1.414,0.707,0.847
933,4D-C-Z4.tif,0.004,0.274,0.672,0.095,591,397,144.462,0.067,1.347,0.742,0.843
934,4D-C-Z4.tif,0.010,0.432,0.666,0.148,805,420,58.671,0.096,1.571,0.636,0.874
935,4D-C-Z4.tif,0.001,0.137,0.867,0.057,524,400,163.301,0.033,1.629,0.614,0.878
936,4D-C-Z4.tif,0.005,0.327,0.599,0.138,606,403,163.740,0.060,2.399,0.417,0.832
937,4D-C-Z4.tif,0.001,0.142,0.850,0.052,677,402,161.565,0.044,1.187,0.842,0.818
938,4D-C-Z4.tif,0.007,0.377,0.612,0.136,181,404,158.629,0.085,1.682,0.594,0.859
939,4D-C-Z4.tif,0.003,0.289,0.442,0.118,237,407,10.784,0.050,2.475,0.404,0.708
940,4D-C-Z4.tif,0.002,0.220,0.533,0.090,385,406,10.620,0.038,2.638,0.379,0.782
941,4D-C-Z4.tif,0.009,0.448,0.546,0.136,682,416,14.036,0.103,1.172,0.853,0.790
942,4D-C-Z4.tif,0.030,0.803,0.575,0.270,411,436,39.207,0.182,1.492,0.670,0.849
943,4D-C-Z4.tif,0.003,0.266,0.485,0.099,633,413,33.690,0.048,2.397,0.417,0.709
944,4D-C-Z4.tif,0.002,0.187,0.651,0.070,854,405,128.660,0.045,1.496,0.669,0.795
945,4D-C-Z4.tif,0.003,0.309,0.450,0.095,215,416,35.538,0.076,1.480,0.675,0.683
946,4D-C-Z4.tif,0.007,0.427,0.513,0.155,255,411,173.884,0.072,2.359,0.424,0.825
947,4D-C-Z4.tif,0.008,0.432,0.564,0.155,324,409,175.914,0.078,2.047,0.488,0.828
948,4D-C-Z4.tif,0.006,0.346,0.639,0.117,512,422,48.814,0.079,1.239,0.807,0.848
949,4D-C-Z4.tif,0.006,0.372,0.572,0.139,527,423,33.690,0.076,2.036,0.491,0.756
950,4D-C-Z4.tif,0.006,0.394,0.450,0.136,310,430,75.964,0.069,2.139,0.468,0.719
951,4D-C-Z4.tif,0.003,0.255,0.575,0.083,500,408,126.870,0.066,1.075,0.931,0.784
952,4D-C-Z4.tif,0.001,0.155,0.651,0.052,783,408,147.995,0.039,1.152,0.868,0.845
953,4D-C-Z4.tif,0.005,0.308,0.655,0.116,966,414,174.560,0.068,1.838,0.544,0.830
954,4D-C-Z4.tif,0.007,0.327,0.870,0.111,293,407,116.565,0.099,1.107,0.903,0.914
955,4D-C-Z4.tif,0.023,0.633,0.720,0.197,460,440,59.859,0.180,1.038,0.964,0.899
956,4D-C-Z4.tif,0.002,0.208,0.716,0.075,94,417,36.027,0.053,1.423,0.702,0.802
957,4D-C-Z4.tif,0.002,0.273,0.388,0.096,236,408,113.629,0.055,1.963,0.510,0.601
958,4D-C-Z4.tif,0.006,0.335,0.643,0.109,753,422,40.914,0.088,1.094,0.914,0.840
959,4D-C-Z4.tif,0.006,0.439,0.405,0.139,878,433,80.910,0.086,1.585,0.631,0.724
960,4D-C-Z4.tif,0.003,0.298,0.488,0.117,121,429,70.710,0.061,1.769,0.565,0.710
961,4D-C-Z4.tif,0.002,0.175,0.696,0.075,568,411,162.897,0.039,1.853,0.540,0.842
962,4D-C-Z4.tif,0.011,0.484,0.572,0.176,479,410,131.186,0.105,1.627,0.615,0.828
963,4D-C-Z4.tif,0.002,0.172,0.929,0.064,557,411,109.983,0.050,1.226,0.816,0.889
964,4D-C-Z4.tif,0.001,0.150,0.798,0.054,835,411,113.962,0.044,1.013,0.987,0.803
965,4D-C-Z4.tif,0.005,0.347,0.544,0.121,842,413,129.472,0.078,1.766,0.566,0.720
966,4D-C-Z4.tif,0.009,0.451,0.540,0.146,83,438,79.114,0.108,1.401,0.714,0.768
967,4D-C-Z4.tif,0.001,0.126,1.000,0.052,352,412,147.995,0.038,1.407,0.711,0.903
968,4D-C-Z4.tif,0.005,0.372,0.452,0.145,700,433,52.696,0.057,2.985,0.335,0.737
969,4D-C-Z4.tif,0.007,0.423,0.513,0.123,171,435,79.695,0.105,1.077,0.929,0.763
970,4D-C-Z4.tif,0.003,0.213,0.775,0.074,198,417,138.013,0.061,1.061,0.942,0.864
971,4D-C-Z4.tif,0.007,0.375,0.661,0.127,907,417,124.380,0.103,1.178,0.849,0.843
972,4D-C-Z4.tif,0.007,0.368,0.676,0.133,932,433,41.634,0.094,1.312,0.762,0.860
973,4D-C-Z4.tif,0.003,0.357,0.343,0.121,997,417,140.528,0.061,2.030,0.493,0.671
974,4D-C-Z4.tif,0.005,0.309,0.593,0.111,772,429,32.905,0.070,1.703,0.587,0.760
975,4D-C-Z4.tif,0.002,0.236,0.526,0.095,964,416,125.538,0.048,2.094,0.478,0.798
976,4D-C-Z4.tif,0.010,0.468,0.556,0.157,566,420,169.875,0.088,1.846,0.542,0.863
977,4D-C-Z4.tif,0.001,0.148,0.708,0.054,215,423,23.962,0.033,1.389,0.720,0.845
978,4D-C-Z4.tif,0.029,0.826,0.540,0.255,375,455,52.883,0.186,1.320,0.758,0.856
979,4D-C-Z4.tif,0.006,0.336,0.648,0.111,551,438,81.469,0.083,1.486,0.673,0.828
980,4D-C-Z4.tif,0.008,0.436,0.519,0.165,101,446,60.018,0.092,1.806,0.554,0.777
981,4D-C-Z4.tif,0.002,0.202,0.703,0.074,129,422,131.987,0.053,1.655,0.604,0.761
982,4D-C-Z4.tif,0.002,0.194,0.638,0.079,868,420,114.775,0.041,2.209,0.453,0.803
983,4D-C-Z4.tif,0.003,0.285,0.404,0.121,327,430,24.228,0.046,2.831,0.353,0.705
984,4D-C-Z4.tif,0.004,0.281,0.592,0.119,46,422,103.392,0.055,1.878,0.532,0.807
985,4D-C-Z4.tif,0.001,0.141,0.750,0.057,241,428,16.699,0.033,1.569,0.637,0.848
986,4D-C-Z4.tif,0.012,0.497,0.596,0.170,650,424,155.095,0.115,1.483,0.675,0.815
987,4D-C-Z4.tif,0.006,0.350,0.600,0.124,13,442,57.724,0.078,1.706,0.586,0.832
988,4D-C-Z4.tif,0.006,0.358,0.562,0.148,26,423,121.329,0.066,2.427,0.412,0.842
989,4D-C-Z4.tif,0.004,0.252,0.740,0.096,261,430,13.241,0.061,1.731,0.578,0.831
990,4D-C-Z4.tif,0.009,0.382,0.768,0.130,361,442,53.616,0.094,1.232,0.812,0.935
991,4D-C-Z4.tif,0.003,0.220,0.807,0.083,638,424,126.870,0.061,1.297,0.771,0.880
992,4D-C-Z4.tif,0.001,0.145,0.686,0.052,725,430,32.005,0.040,1.478,0.676,0.752
993,4D-C-Z4.tif,0.008,0.408,0.637,0.141,984,446,59.421,0.104,1.398,0.715,0.822
994,4D-C-Z4.tif,0.005,0.305,0.625,0.120,148,445,74.055,0.055,2.398,0.417,0.864
995,4D-C-Z4.tif,0.001,0.211,0.403,0.073,501,425,167.005,0.039,2.344,0.427,0.657
996,4D-C-Z4.tif,0.008,0.408,0.575,0.133,598,437,29.745,0.104,1.347,0.743,0.797
997,4D-C-Z4.tif,0.007,0.379,0.601,0.137,618,440,40.101,0.091,1.492,0.670,0.861
998,4D-C-Z4.tif,0.004,0.265,0.639,0.091,798,424,104.036,0.065,1.485,0.674,0.795
999,4D-C-Z4.tif,0.004,0.283,0.557,0.099,811,439,33.690,0.070,1.269,0.788,0.748
1000,4D-C-Z4.tif,0.006,0.389,0.501,0.124,282,434,20.854,0.090,1.203,0.831,0.760
1001,4D-C-Z4.tif,0.002,0.176,0.612,0.076,64,428,149.744,0.035,2.506,0.399,0.758
1002,4D-C-Z4.tif,0.007,0.346,0.765,0.124,178,430,159.146,0.088,1.331,0.751,0.868
1003,4D-C-Z4.tif,0.015,0.611,0.497,0.189,216,435,144.462,0.120,1.807,0.553,0.763
1004,4D-C-Z4.tif,0.002,0.175,0.795,0.075,829,426,143.973,0.043,1.671,0.598,0.859
1005,4D-C-Z4.tif,0.004,0.297,0.521,0.113,952,435,14.036,0.055,1.830,0.546,0.820
1006,4D-C-Z4.tif,0.003,0.222,0.681,0.085,248,430,165.069,0.053,1.785,0.560,0.800
1007,4D-C-Z4.tif,0.007,0.381,0.621,0.150,679,430,143.973,0.079,1.800,0.556,0.848
1008,4D-C-Z4.tif,0.002,0.183,0.638,0.064,124,431,149.036,0.050,1.191,0.839,0.752
1009,4D-C-Z4.tif,0.015,0.617,0.480,0.189,515,454,35.538,0.141,1.207,0.829,0.805
1010,4D-C-Z4.tif,0.003,0.283,0.457,0.091,58,445,64.983,0.059,1.782,0.561,0.708
1011,4D-C-Z4.tif,0.006,0.327,0.685,0.131,431,435,165.379,0.070,1.888,0.530,0.865
1012,4D-C-Z4.tif,0.002,0.220,0.431,0.072,744,434,171.254,0.056,1.474,0.679,0.640
1013,4D-C-Z4.tif,0.004,0.253,0.741,0.089,582,447,68.199,0.062,1.446,0.692,0.862
1014,4D-C-Z4.tif,0.007,0.386,0.574,0.139,896,439,173.157,0.086,1.518,0.659,0.809
1015,4D-C-Z4.tif,0.013,0.702,0.321,0.183,924,461,48.652,0.113,1.570,0.637,0.738
1016,4D-C-Z4.tif,0.004,0.333,0.482,0.098,503,434,106.390,0.077,1.243,0.805,0.757
1017,4D-C-Z4.tif,0.008,0.445,0.503,0.160,720,434,130.815,0.082,2.154,0.464,0.766
1018,4D-C-Z4.tif,0.007,0.430,0.491,0.134,751,454,34.992,0.103,1.542,0.649,0.718
1019,4D-C-Z4.tif,0.002,0.156,0.795,0.060,274,437,146.310,0.043,1.376,0.727,0.843
1020,4D-C-Z4.tif,0.021,0.800,0.406,0.227,313,460,29.055,0.149,1.404,0.712,0.815
1021,4D-C-Z4.tif,0.002,0.167,0.749,0.063,837,435,127.875,0.041,1.596,0.626,0.840
1022,4D-C-Z4.tif,0.005,0.347,0.532,0.131,470,443,14.621,0.075,1.780,0.562,0.764
1023,4D-C-Z4.tif,0.002,0.192,0.754,0.078,637,437,140.711,0.047,1.781,0.562,0.854
1024,4D-C-Z4.tif,0.002,0.194,0.547,0.067,708,447,65.556,0.041,1.565,0.639,0.794
1025,4D-C-Z4.tif,0.004,0.290,0.596,0.100,827,436,99.462,0.077,1.156,0.865,0.765
1026,4D-C-Z4.tif,0.001,0.134,0.930,0.047,125,438,125.538,0.043,1.086,0.920,0.871
1027,4D-C-Z4.tif,0.001,0.180,0.508,0.067,132,447,55.008,0.039,2.041,0.490,0.723
1028,4D-C-Z4.tif,0.002,0.186,0.561,0.060,410,445,33.690,0.049,1.233,0.811,0.739
1029,4D-C-Z4.tif,0.002,0.173,0.699,0.064,158,438,120.964,0.042,1.564,0.640,0.803
1030,4D-C-Z4.tif,0.005,0.325,0.650,0.129,568,438,109.983,0.064,2.337,0.428,0.826
1031,4D-C-Z4.tif,0.007,0.361,0.671,0.123,594,460,79.695,0.085,1.565,0.639,0.866
1032,4D-C-Z4.tif,0.002,0.165,0.752,0.057,4,443,163.301,0.049,1.150,0.869,0.800
1033,4D-C-Z4.tif,0.004,0.275,0.710,0.095,849,440,125.538,0.077,1.020,0.981,0.837
1034,4D-C-Z4.tif,0.011,0.539,0.460,0.168,873,444,131.009,0.116,1.665,0.601,0.773
1035,4D-C-Z4.tif,0.001,0.206,0.430,0.084,69,447,23.199,0.042,2.343,0.427,0.649
1036,4D-C-Z4.tif,0.008,0.417,0.598,0.134,962,464,70.821,0.097,1.396,0.716,0.825
1037,4D-C-Z4.tif,0.013,0.558,0.529,0.164,608,461,39.560,0.124,1.238,0.808,0.890
1038,4D-C-Z4.tif,0.008,0.424,0.528,0.143,777,446,152.447,0.097,1.225,0.816,0.760
1039,4D-C-Z4.tif,0.021,0.735,0.478,0.228,675,443,127.147,0.158,1.435,0.697,0.807
1040,4D-C-Z4.tif,0.003,0.235,0.574,0.081,294,456,61.699,0.050,1.806,0.554,0.810
1041,4D-C-Z4.tif,0.003,0.279,0.502,0.106,652,451,21.251,0.057,1.962,0.510,0.741
1042,4D-C-Z4.tif,0.002,0.194,0.760,0.067,79,444,124.992,0.053,1.217,0.821,0.833
1043,4D-C-Z4.tif,0.002,0.273,0.419,0.101,555,446,130.601,0.044,2.737,0.365,0.664
1044,4D-C-Z4.tif,0.004,0.256,0.691,0.094,176,447,151.928,0.065,1.641,0.609,0.815
1045,4D-C-Z4.tif,0.006,0.331,0.673,0.115,197,459,35.218,0.086,1.181,0.847,0.876
1046,4D-C-Z4.tif,0.002,0.175,0.882,0.069,164,453,28.610,0.050,1.380,0.724,0.887
1047,4D-C-Z4.tif,0.017,0.808,0.330,0.202,98,473,25.866,0.152,1.354,0.739,0.767
1048,4D-C-Z4.tif,0.004,0.242,0.758,0.087,639,460,55.305,0.061,1.467,0.681,0.876
1049,4D-C-Z4.tif,0.004,0.317,0.542,0.113,25,464,50.906,0.068,1.775,0.563,0.767
1050,4D-C-Z4.tif,0.002,0.191,0.629,0.079,137,448,123.690,0.040,2.291,0.437,0.745
1051,4D-C-Z4.tif,0.001,0.147,0.756,0.060,216,448,123.690,0.035,1.799,0.556,0.860
1052,4D-C-Z4.tif,0.015,0.761,0.317,0.242,409,469,17.199,0.125,2.070,0.483,0.620
1053,4D-C-Z4.tif,0.005,0.389,0.405,0.113,997,448,104.036,0.083,1.486,0.673,0.676
1054,4D-C-Z4.tif,0.004,0.256,0.737,0.099,63,459,33.690,0.060,1.760,0.568,0.870
1055,4D-C-Z4.tif,0.009,0.395,0.713,0.150,250,459,6.340,0.088,1.729,0.578,0.888
1056,4D-C-Z4.tif,0.002,0.180,0.602,0.063,418,451,164.745,0.039,1.794,0.557,0.823
1057,4D-C-Z4.tif,0.004,0.294,0.516,0.096,349,464,30.964,0.074,1.265,0.790,0.755
1058,4D-C-Z4.tif,0.005,0.336,0.574,0.124,547,450,102.804,0.078,1.854,0.539,0.761
1059,4D-C-Z4.tif,0.002,0.235,0.553,0.074,906,457,26.565,0.061,1.079,0.926,0.784
1060,4D-C-Z4.tif,0.002,0.192,0.568,0.070,410,455,141.340,0.049,1.446,0.692,0.705
1061,4D-C-Z4.tif,0.015,0.582,0.551,0.185,457,460,162.646,0.109,1.583,0.632,0.872
1062,4D-C-Z4.tif,0.002,0.208,0.495,0.063,715,465,74.745,0.052,1.346,0.743,0.713
1063,4D-C-Z4.tif,0.004,0.325,0.455,0.103,831,461,15.524,0.066,1.700,0.588,0.739
1064,4D-C-Z4.tif,0.002,0.159,0.928,0.057,852,454,119.055,0.044,1.159,0.863,0.932
1065,4D-C-Z4.tif,0.001,0.142,0.755,0.054,947,460,23.962,0.041,1.488,0.672,0.784
1066,4D-C-Z4.tif,0.007,0.442,0.471,0.136,661,479,68.629,0.107,1.153,0.867,0.741
1067,4D-C-Z4.tif,0.002,0.183,0.695,0.069,146,459,151.390,0.049,1.565,0.639,0.808
1068,4D-C-Z4.tif,0.003,0.286,0.517,0.101,979,464,157.620,0.069,1.468,0.681,0.740
1069,4D-C-Z4.tif,0.004,0.256,0.720,0.086,31,470,26.565,0.066,1.352,0.740,0.841
1070,4D-C-Z4.tif,0.004,0.284,0.666,0.091,588,460,104.036,0.077,1.315,0.761,0.803
1071,4D-C-Z4.tif,0.003,0.197,0.902,0.075,763,471,53.973,0.056,1.310,0.763,0.911
1072,4D-C-Z4.tif,0.002,0.172,0.890,0.067,781,468,34.992,0.046,1.592,0.628,0.890
1073,4D-C-Z4.tif,0.001,0.165,0.682,0.057,903,463,163.301,0.047,1.281,0.781,0.754
1074,4D-C-Z4.tif,0.005,0.367,0.481,0.108,158,463,156.038,0.094,1.283,0.780,0.713
1075,4D-C-Z4.tif,0.001,0.170,0.593,0.057,704,464,163.301,0.039,1.471,0.680,0.744
1076,4D-C-Z4.tif,0.017,0.633,0.517,0.248,497,468,167.196,0.113,2.123,0.471,0.824
1077,4D-C-Z4.tif,0.007,0.486,0.398,0.137,198,468,139.899,0.113,1.191,0.839,0.709
1078,4D-C-Z4.tif,0.001,0.194,0.416,0.079,353,469,24.775,0.031,2.742,0.365,0.713
1079,4D-C-Z4.tif,0.009,0.531,0.401,0.172,747,463,116.565,0.090,2.300,0.435,0.745
1080,4D-C-Z4.tif,0.003,0.230,0.744,0.083,871,463,143.130,0.064,1.236,0.809,0.855
1081,4D-C-Z4.tif,0.003,0.219,0.702,0.075,49,466,162.897,0.056,1.175,0.851,0.811
1082,4D-C-Z4.tif,0.003,0.223,0.842,0.080,179,468,164.055,0.064,1.070,0.934,0.863
1083,4D-C-Z4.tif,0.011,0.428,0.724,0.153,233,464,127.694,0.104,1.481,0.675,0.873
1084,4D-C-Z4.tif,0.003,0.217,0.710,0.082,948,470,19.654,0.050,1.667,0.600,0.842
1085,4D-C-Z4.tif,0.002,0.197,0.690,0.081,966,473,28.301,0.043,2.201,0.454,0.787
1086,4D-C-Z4.tif,0.033,0.964,0.440,0.304,276,493,12.529,0.169,1.682,0.595,0.813
1087,4D-C-Z4.tif,0.018,0.679,0.489,0.207,815,467,115.201,0.147,1.528,0.654,0.825
1088,4D-C-Z4.tif,0.002,0.197,0.608,0.080,79,470,15.945,0.044,1.982,0.504,0.790
1089,4D-C-Z4.tif,0.012,0.509,0.606,0.158,121,478,167.905,0.137,1.264,0.791,0.810
1090,4D-C-Z4.tif,0.002,0.245,0.368,0.098,335,474,16.390,0.042,2.916,0.343,0.624
1091,4D-C-Z4.tif,0.002,0.167,0.762,0.070,855,474,38.660,0.039,1.880,0.532,0.848
1092,4D-C-Z4.tif,0.001,0.156,0.671,0.054,914,466,135.000,0.039,1.202,0.832,0.860
1093,4D-C-Z4.tif,0.020,0.566,0.768,0.187,384,468,114.305,0.153,1.189,0.841,0.905
1094,4D-C-Z4.tif,0.009,0.419,0.645,0.149,561,488,51.009,0.095,1.399,0.715,0.870
1095,4D-C-Z4.tif,0.005,0.319,0.648,0.125,785,483,45.000,0.076,1.531,0.653,0.826
1096,4D-C-Z4.tif,0.010,0.433,0.666,0.139,259,469,123.690,0.105,1.433,0.698,0.848
1097,4D-C-Z4.tif,0.003,0.235,0.719,0.092,620,469,147.265,0.061,1.421,0.704,0.809
1098,4D-C-Z4.tif,0.002,0.214,0.615,0.087,636,468,108.435,0.049,1.879,0.532,0.809
1099,4D-C-Z4.tif,0.009,0.403,0.712,0.133,722,473,150.255,0.107,1.196,0.836,0.875
1100,4D-C-Z4.tif,0.003,0.225,0.828,0.079,772,482,77.905,0.066,1.165,0.858,0.866
1101,4D-C-Z4.tif,0.011,0.602,0.396,0.182,363,469,95.194,0.125,1.754,0.570,0.698
1102,4D-C-Z4.tif,0.002,0.203,0.545,0.074,947,471,116.565,0.046,1.870,0.535,0.707
1103,4D-C-Z4.tif,0.004,0.263,0.812,0.092,76,472,107.354,0.075,1.246,0.802,0.883
1104,4D-C-Z4.tif,0.001,0.145,0.794,0.056,345,473,101.310,0.039,1.516,0.660,0.822
1105,4D-C-Z4.tif,0.003,0.287,0.517,0.088,618,473,93.576,0.077,1.226,0.816,0.725
1106,4D-C-Z4.tif,0.005,0.347,0.506,0.107,879,490,55.491,0.086,1.221,0.819,0.742
1107,4D-C-Z4.tif,0.004,0.322,0.534,0.123,166,488,26.565,0.062,2.071,0.483,0.721
1108,4D-C-Z4.tif,0.008,0.458,0.474,0.144,850,474,139.635,0.091,1.435,0.697,0.781
1109,4D-C-Z4.tif,0.005,0.320,0.642,0.123,15,490,26.565,0.072,1.894,0.528,0.801
1110,4D-C-Z4.tif,0.009,0.534,0.418,0.164,892,491,19.654,0.115,1.396,0.716,0.700
1111,4D-C-Z4.tif,0.006,0.372,0.590,0.133,550,476,94.764,0.086,1.362,0.734,0.817
1112,4D-C-Z4.tif,0.002,0.191,0.807,0.074,589,477,138.013,0.052,1.393,0.718,0.865
1113,4D-C-Z4.tif,0.001,0.126,0.834,0.047,931,481,35.538,0.037,1.321,0.757,0.833
1114,4D-C-Z4.tif,0.007,0.406,0.545,0.128,64,502,82.569,0.091,1.333,0.750,0.784
1115,4D-C-Z4.tif,0.006,0.378,0.554,0.138,454,486,4.574,0.066,2.157,0.464,0.822
1116,4D-C-Z4.tif,0.007,0.463,0.423,0.144,973,482,147.529,0.101,1.407,0.711,0.725
1117,4D-C-Z4.tif,0.004,0.264,0.645,0.094,491,480,96.710,0.066,1.608,0.622,0.800
1118,4D-C-Z4.tif,0.002,0.165,0.780,0.067,626,487,24.444,0.041,1.818,0.550,0.794
1119,4D-C-Z4.tif,0.002,0.169,0.790,0.064,660,482,160.017,0.043,1.616,0.619,0.819
1120,4D-C-Z4.tif,0.001,0.133,0.884,0.051,965,481,130.601,0.037,1.354,0.739,0.872
1121,4D-C-Z4.tif,0.005,0.305,0.615,0.115,428,488,16.699,0.069,1.751,0.571,0.804
1122,4D-C-Z4.tif,0.009,0.525,0.398,0.172,674,482,106.699,0.090,1.992,0.502,0.706
1123,4D-C-Z4.tif,0.005,0.316,0.604,0.106,704,486,158.749,0.072,1.641,0.610,0.808
1124,4D-C-Z4.tif,0.007,0.364,0.696,0.129,79,494,9.866,0.094,1.316,0.760,0.848
1125,4D-C-Z4.tif,0.002,0.181,0.775,0.072,184,489,22.620,0.040,1.916,0.522,0.870
1126,4D-C-Z4.tif,0.002,0.147,0.880,0.055,197,484,126.870,0.039,1.406,0.711,0.901
1127,4D-C-Z4.tif,0.004,0.241,0.763,0.086,584,498,39.806,0.062,1.493,0.670,0.856
1128,4D-C-Z4.tif,0.003,0.274,0.555,0.094,216,485,151.928,0.061,1.520,0.658,0.838
1129,4D-C-Z4.tif,0.004,0.294,0.547,0.104,337,485,122.005,0.064,1.714,0.583,0.780
1130,4D-C-Z4.tif,0.001,0.131,0.754,0.052,351,486,108.435,0.038,1.389,0.720,0.782
1131,4D-C-Z4.tif,0.002,0.226,0.543,0.099,498,487,146.310,0.040,3.062,0.327,0.760
1132,4D-C-Z4.tif,0.009,0.430,0.625,0.160,964,487,112.166,0.087,2.020,0.495,0.866
1133,4D-C-Z4.tif,0.014,0.476,0.753,0.156,31,501,171.870,0.135,1.064,0.940,0.884
1134,4D-C-Z4.tif,0.004,0.286,0.550,0.106,413,488,98.973,0.056,2.147,0.466,0.805
1135,4D-C-Z4.tif,0.002,0.178,0.827,0.064,763,488,109.983,0.050,1.098,0.911,0.841
1136,4D-C-Z4.tif,0.020,0.745,0.448,0.234,769,512,29.578,0.167,1.520,0.658,0.777
1137,4D-C-Z4.tif,0.004,0.274,0.692,0.103,149,490,115.201,0.063,1.690,0.592,0.863
1138,4D-C-Z4.tif,0.002,0.195,0.630,0.073,478,503,77.005,0.044,1.704,0.587,0.797
1139,4D-C-Z4.tif,0.010,0.525,0.452,0.192,522,491,140.826,0.092,2.318,0.431,0.779
1140,4D-C-Z4.tif,0.002,0.155,0.841,0.064,565,496,30.964,0.039,1.610,0.621,0.883
1141,4D-C-Z4.tif,0.001,0.137,0.867,0.057,689,499,60.945,0.037,1.596,0.626,0.878
1142,4D-C-Z4.tif,0.002,0.219,0.574,0.070,1000,494,161.565,0.055,1.135,0.881,0.750
1143,4D-C-Z4.tif,0.007,0.372,0.591,0.147,110,492,145.713,0.075,2.023,0.494,0.822
1144,4D-C-Z4.tif,0.004,0.272,0.635,0.090,470,507,79.380,0.077,1.179,0.848,0.783
1145,4D-C-Z4.tif,0.006,0.316,0.730,0.117,623,495,160.710,0.077,1.507,0.663,0.862
1146,4D-C-Z4.tif,0.001,0.137,0.685,0.054,887,500,66.038,0.037,1.524,0.656,0.764
1147,4D-C-Z4.tif,0.005,0.342,0.549,0.124,439,513,69.146,0.074,1.793,0.558,0.805
1148,4D-C-Z4.tif,0.004,0.264,0.694,0.092,703,492,122.735,0.063,1.591,0.628,0.806
1149,4D-C-Z4.tif,0.017,0.751,0.371,0.212,933,526,62.103,0.143,1.631,0.613,0.722
1150,4D-C-Z4.tif,0.001,0.119,0.919,0.047,606,494,144.462,0.033,1.526,0.655,0.872
1151,4D-C-Z4.tif,0.004,0.283,0.662,0.098,96,512,63.435,0.070,1.258,0.795,0.845
1152,4D-C-Z4.tif,0.002,0.248,0.488,0.079,810,510,77.905,0.049,1.891,0.529,0.721
1153,4D-C-Z4.tif,0.002,0.194,0.659,0.077,180,498,175.914,0.039,1.835,0.545,0.828
1154,4D-C-Z4.tif,0.007,0.347,0.696,0.117,248,502,171.870,0.092,1.254,0.797,0.833
1155,4D-C-Z4.tif,0.004,0.278,0.630,0.091,567,513,75.964,0.070,1.359,0.736,0.788
1156,4D-C-Z4.tif,0.006,0.316,0.806,0.117,738,498,160.710,0.088,1.160,0.862,0.900
1157,4D-C-Z4.tif,0.015,0.609,0.503,0.188,834,505,159.444,0.142,1.388,0.720,0.803
1158,4D-C-Z4.tif,0.010,0.602,0.355,0.191,889,510,18.435,0.112,1.504,0.665,0.707
1159,4D-C-Z4.tif,0.004,0.267,0.747,0.104,193,505,18.435,0.065,1.692,0.591,0.854
1160,4D-C-Z4.tif,0.004,0.318,0.536,0.115,380,498,125.218,0.065,1.859,0.538,0.791
1161,4D-C-Z4.tif,0.006,0.361,0.587,0.118,868,499,142.595,0.094,1.441,0.694,0.799
1162,4D-C-Z4.tif,0.003,0.268,0.555,0.098,173,500,128.157,0.059,1.736,0.576,0.769
1163,4D-C-Z4.tif,0.014,0.541,0.591,0.176,716,524,48.814,0.122,1.384,0.722,0.846
1164,4D-C-Z4.tif,0.005,0.349,0.535,0.131,991,500,157.751,0.074,1.650,0.606,0.755
1165,4D-C-Z4.tif,0.005,0.339,0.599,0.128,344,514,30.964,0.079,1.856,0.539,0.797
1166,4D-C-Z4.tif,0.005,0.297,0.751,0.105,491,515,42.879,0.079,1.321,0.757,0.849
1167,4D-C-Z4.tif,0.006,0.361,0.572,0.131,505,522,67.751,0.075,1.763,0.567,0.794
1168,4D-C-Z4.tif,0.004,0.333,0.501,0.130,597,503,167.735,0.050,3.102,0.322,0.804
1169,4D-C-Z4.tif,0.002,0.184,0.696,0.067,76,510,24.444,0.050,1.330,0.752,0.790
1170,4D-C-Z4.tif,0.005,0.459,0.314,0.128,283,522,59.036,0.101,1.466,0.682,0.608
1171,4D-C-Z4.tif,0.005,0.336,0.523,0.141,309,503,120.579,0.059,2.605,0.384,0.801
1172,4D-C-Z4.tif,0.001,0.148,0.656,0.059,982,502,111.801,0.030,2.251,0.444,0.817
1173,4D-C-Z4.tif,0.011,0.503,0.525,0.177,9,512,174.644,0.113,1.601,0.624,0.755
1174,4D-C-Z4.tif,0.005,0.328,0.563,0.106,329,504,128.660,0.072,1.742,0.574,0.795
1175,4D-C-Z4.tif,0.002,0.230,0.455,0.084,642,503,101.310,0.045,2.137,0.468,0.677
1176,4D-C-Z4.tif,0.001,0.145,0.632,0.054,65,511,45.000,0.038,1.263,0.792,0.761
1177,4D-C-Z4.tif,0.008,0.464,0.482,0.148,92,520,15.068,0.095,1.473,0.679,0.766
1178,4D-C-Z4.tif,0.010,0.431,0.647,0.153,215,530,64.359,0.099,1.632,0.613,0.827
1179,4D-C-Z4.tif,0.001,0.181,0.428,0.060,815,505,146.310,0.042,1.633,0.612,0.661
1180,4D-C-Z4.tif,0.001,0.165,0.473,0.059,155,516,41.186,0.041,1.296,0.772,0.660
1181,4D-C-Z4.tif,0.004,0.303,0.494,0.091,574,523,64.983,0.071,1.218,0.821,0.723
1182,4D-C-Z4.tif,0.006,0.348,0.578,0.126,695,508,127.875,0.069,1.955,0.511,0.823
1183,4D-C-Z4.tif,0.005,0.300,0.685,0.104,237,510,147.995,0.072,1.302,0.768,0.848
1184,4D-C-Z4.tif,0.001,0.176,0.526,0.060,413,516,33.690,0.045,1.344,0.744,0.667
1185,4D-C-Z4.tif,0.002,0.223,0.513,0.074,421,520,26.565,0.050,1.583,0.632,0.744
1186,4D-C-Z4.tif,0.009,0.492,0.472,0.146,449,510,109.799,0.119,1.435,0.697,0.735
1187,4D-C-Z4.tif,0.005,0.294,0.702,0.099,600,509,109.440,0.081,1.265,0.790,0.844
1188,4D-C-Z4.tif,0.001,0.159,0.689,0.063,271,514,15.255,0.033,1.838,0.544,0.836
1189,4D-C-Z4.tif,0.005,0.361,0.450,0.111,69,525,32.905,0.077,1.604,0.623,0.749
1190,4D-C-Z4.tif,0.005,0.294,0.671,0.098,609,512,141.843,0.074,1.401,0.714,0.833
1191,4D-C-Z4.tif,0.007,0.350,0.736,0.126,299,512,105.255,0.084,1.451,0.689,0.879
1192,4D-C-Z4.tif,0.001,0.133,0.862,0.052,198,515,161.565,0.033,1.342,0.745,0.889
1193,4D-C-Z4.tif,0.005,0.326,0.630,0.119,757,520,158.199,0.076,1.590,0.629,0.856
1194,4D-C-Z4.tif,0.004,0.280,0.622,0.119,974,531,56.310,0.052,2.333,0.429,0.856
1195,4D-C-Z4.tif,0.001,0.189,0.374,0.062,627,525,63.435,0.044,1.474,0.678,0.565
1196,4D-C-Z4.tif,0.004,0.264,0.798,0.095,991,515,100.008,0.071,1.305,0.766,0.874
1197,4D-C-Z4.tif,0.011,0.471,0.605,0.175,818,516,114.146,0.096,1.875,0.533,0.814
1198,4D-C-Z4.tif,0.002,0.186,0.770,0.075,959,524,36.027,0.047,1.529,0.654,0.859
1199,4D-C-Z4.tif,0.006,0.443,0.352,0.129,42,529,170.134,0.095,1.401,0.714,0.652
1200,4D-C-Z4.tif,0.010,0.472,0.574,0.166,181,542,55.784,0.098,1.632,0.613,0.836
1201,4D-C-Z4.tif,0.002,0.154,0.815,0.059,356,517,111.801,0.042,1.539,0.650,0.810
1202,4D-C-Z4.tif,0.004,0.278,0.719,0.096,901,521,149.036,0.075,1.374,0.728,0.844
1203,4D-C-Z4.tif,0.001,0.145,0.794,0.055,175,526,53.130,0.039,1.204,0.830,0.880
1204,4D-C-Z4.tif,0.003,0.289,0.517,0.094,366,530,20.556,0.070,1.224,0.817,0.761
1205,4D-C-Z4.tif,0.014,0.539,0.623,0.156,470,542,39.289,0.143,1.061,0.942,0.863
1206,4D-C-Z4.tif,0.001,0.131,0.821,0.054,520,523,23.962,0.032,1.835,0.545,0.831
1207,4D-C-Z4.tif,0.007,0.344,0.746,0.118,410,534,37.405,0.093,1.223,0.817,0.872
1208,4D-C-Z4.tif,0.036,0.910,0.545,0.274,543,519,128.480,0.205,1.263,0.791,0.847
1209,4D-C-Z4.tif,0.003,0.242,0.700,0.096,140,530,23.629,0.055,1.640,0.610,0.854
1210,4D-C-Z4.tif,0.004,0.253,0.788,0.094,199,522,151.928,0.071,1.261,0.793,0.878
1211,4D-C-Z4.tif,0.004,0.252,0.716,0.089,387,532,29.745,0.065,1.447,0.691,0.829
1212,4D-C-Z4.tif,0.004,0.283,0.677,0.107,919,520,124.509,0.062,1.731,0.578,0.823
1213,4D-C-Z4.tif,0.005,0.364,0.475,0.111,1,533,8.531,0.088,1.295,0.772,0.753
1214,4D-C-Z4.tif,0.007,0.380,0.571,0.159,641,530,14.036,0.068,2.276,0.439,0.813
1215,4D-C-Z4.tif,0.016,0.613,0.532,0.226,729,541,12.680,0.115,2.152,0.465,0.819
1216,4D-C-Z4.tif,0.005,0.353,0.461,0.113,506,523,129.094,0.085,1.407,0.711,0.724
1217,4D-C-Z4.tif,0.040,1.071,0.433,0.327,849,563,36.098,0.219,1.358,0.736,0.827
1218,4D-C-Z4.tif,0.003,0.222,0.712,0.092,125,533,32.735,0.050,2.058,0.486,0.852
1219,4D-C-Z4.tif,0.002,0.183,0.718,0.072,160,536,67.380,0.039,2.031,0.492,0.857
1220,4D-C-Z4.tif,0.001,0.150,0.696,0.063,671,525,164.745,0.034,2.076,0.482,0.788
1221,4D-C-Z4.tif,0.006,0.333,0.726,0.123,797,524,116.565,0.085,1.486,0.673,0.842
1222,4D-C-Z4.tif,0.002,0.204,0.657,0.082,1004,538,70.346,0.051,1.627,0.615,0.778
1223,4D-C-Z4.tif,0.003,0.264,0.498,0.104,269,528,161.565,0.050,2.380,0.420,0.711
1224,4D-C-Z4.tif,0.001,0.169,0.616,0.059,935,527,138.814,0.044,1.374,0.728,0.748
1225,4D-C-Z4.tif,0.001,0.165,0.599,0.067,116,537,55.008,0.034,2.377,0.421,0.729
1226,4D-C-Z4.tif,0.022,0.645,0.672,0.195,330,553,40.426,0.167,1.178,0.849,0.893
1227,4D-C-Z4.tif,0.005,0.338,0.574,0.120,436,526,105.945,0.076,1.694,0.590,0.802
1228,4D-C-Z4.tif,0.003,0.239,0.732,0.086,520,538,39.806,0.061,1.420,0.704,0.876
1229,4D-C-Z4.tif,0.009,0.492,0.443,0.164,671,546,19.654,0.087,2.011,0.497,0.779
1230,4D-C-Z4.tif,0.001,0.152,0.761,0.059,700,531,21.801,0.033,1.884,0.531,0.876
1231,4D-C-Z4.tif,0.002,0.211,0.600,0.080,850,534,15.945,0.050,1.693,0.591,0.741
1232,4D-C-Z4.tif,0.002,0.217,0.589,0.076,975,537,30.256,0.052,1.739,0.575,0.764
1233,4D-C-Z4.tif,0.003,0.228,0.658,0.070,98,539,51.340,0.065,1.117,0.895,0.807
1234,4D-C-Z4.tif,0.004,0.249,0.787,0.090,230,542,42.510,0.066,1.084,0.922,0.905
1235,4D-C-Z4.tif,0.003,0.224,0.693,0.078,243,541,39.289,0.061,1.168,0.856,0.827
1236,4D-C-Z4.tif,0.007,0.439,0.435,0.145,42,531,114.624,0.086,1.589,0.629,0.726
1237,4D-C-Z4.tif,0.004,0.270,0.625,0.107,142,547,55.491,0.061,1.804,0.554,0.825
1238,4D-C-Z4.tif,0.002,0.164,0.764,0.067,393,533,155.556,0.041,1.903,0.525,0.844
1239,4D-C-Z4.tif,0.006,0.325,0.668,0.133,12,541,7.125,0.075,1.673,0.598,0.831
1240,4D-C-Z4.tif,0.002,0.292,0.334,0.096,67,542,23.629,0.063,1.851,0.540,0.566
1241,4D-C-Z4.tif,0.008,0.468,0.439,0.137,256,534,130.101,0.101,1.258,0.795,0.742
1242,4D-C-Z4.tif,0.002,0.192,0.568,0.062,371,534,135.000,0.046,1.518,0.659,0.759
1243,4D-C-Z4.tif,0.007,0.381,0.626,0.126,582,534,156.801,0.103,1.177,0.849,0.837
1244,4D-C-Z4.tif,0.005,0.368,0.499,0.143,647,542,15.642,0.055,2.476,0.404,0.819
1245,4D-C-Z4.tif,0.001,0.117,0.941,0.047,200,539,35.538,0.033,1.346,0.743,0.907
1246,4D-C-Z4.tif,0.002,0.164,0.849,0.063,208,534,127.875,0.043,1.359,0.736,0.909
1247,4D-C-Z4.tif,0.006,0.405,0.470,0.139,275,555,56.310,0.079,1.803,0.555,0.689
1248,4D-C-Z4.tif,0.001,0.180,0.578,0.064,939,544,59.036,0.043,1.491,0.671,0.742
1249,4D-C-Z4.tif,0.006,0.407,0.464,0.116,949,551,31.430,0.102,1.258,0.795,0.729
1250,4D-C-Z4.tif,0.003,0.225,0.730,0.079,386,541,167.905,0.055,1.417,0.706,0.847
1251,4D-C-Z4.tif,0.002,0.191,0.744,0.081,413,544,28.301,0.045,2.082,0.480,0.855
1252,4D-C-Z4.tif,0.003,0.205,0.826,0.072,808,537,147.529,0.060,1.146,0.872,0.883
1253,4D-C-Z4.tif,0.003,0.239,0.732,0.096,773,552,59.036,0.059,1.676,0.596,0.859
1254,4D-C-Z4.tif,0.004,0.340,0.411,0.094,129,553,49.764,0.083,1.066,0.938,0.712
1255,4D-C-Z4.tif,0.002,0.151,0.867,0.055,493,542,174.289,0.043,1.059,0.944,0.860
1256,4D-C-Z4.tif,0.006,0.386,0.481,0.124,906,540,147.724,0.083,1.798,0.556,0.766
1257,4D-C-Z4.tif,0.003,0.264,0.492,0.099,631,542,160.560,0.058,1.966,0.509,0.700
1258,4D-C-Z4.tif,0.005,0.319,0.573,0.110,1002,540,107.526,0.063,1.864,0.536,0.825
1259,4D-C-Z4.tif,0.010,0.432,0.668,0.174,791,572,79.046,0.094,1.992,0.502,0.869
1260,4D-C-Z4.tif,0.010,0.438,0.650,0.164,161,565,50.440,0.101,1.580,0.633,0.847
1261,4D-C-Z4.tif,0.009,0.466,0.538,0.176,719,544,138.814,0.105,1.640,0.610,0.803
1262,4D-C-Z4.tif,0.004,0.265,0.779,0.091,8,552,14.036,0.080,1.044,0.958,0.837
1263,4D-C-Z4.tif,0.002,0.203,0.536,0.066,314,546,138.366,0.054,1.133,0.883,0.730
1264,4D-C-Z4.tif,0.015,0.466,0.864,0.162,188,563,35.311,0.130,1.184,0.845,0.934
1265,4D-C-Z4.tif,0.001,0.131,0.887,0.054,488,546,156.038,0.035,1.651,0.606,0.860
1266,4D-C-Z4.tif,0.005,0.353,0.490,0.113,512,547,165.964,0.077,1.792,0.558,0.732
1267,4D-C-Z4.tif,0.006,0.358,0.618,0.138,610,558,23.499,0.071,2.068,0.484,0.832
1268,4D-C-Z4.tif,0.002,0.145,0.957,0.055,844,552,36.870,0.044,1.216,0.822,0.883
1269,4D-C-Z4.tif,0.004,0.247,0.793,0.094,989,560,61.928,0.066,1.416,0.706,0.901
1270,4D-C-Z4.tif,0.002,0.195,0.740,0.067,447,549,155.556,0.054,1.218,0.821,0.827
1271,4D-C-Z4.tif,0.005,0.274,0.794,0.101,705,547,130.601,0.074,1.406,0.711,0.881
1272,4D-C-Z4.tif,0.009,0.477,0.525,0.171,761,546,123.179,0.090,2.180,0.459,0.774
1273,4D-C-Z4.tif,0.010,0.444,0.633,0.149,809,548,141.009,0.111,1.251,0.799,0.809
1274,4D-C-Z4.tif,0.006,0.431,0.377,0.116,224,551,148.570,0.094,1.042,0.959,0.709
1275,4D-C-Z4.tif,0.011,0.543,0.485,0.195,697,547,99.728,0.110,1.868,0.535,0.746
1276,4D-C-Z4.tif,0.002,0.158,0.905,0.064,111,548,120.964,0.043,1.685,0.594,0.874
1277,4D-C-Z4.tif,0.004,0.281,0.621,0.103,299,551,154.799,0.061,1.600,0.625,0.846
1278,4D-C-Z4.tif,0.008,0.458,0.456,0.142,23,559,166.504,0.103,1.460,0.685,0.770
1279,4D-C-Z4.tif,0.002,0.174,0.656,0.074,98,549,138.013,0.041,2.100,0.476,0.806
1280,4D-C-Z4.tif,0.012,0.525,0.545,0.165,389,559,150.018,0.127,1.389,0.720,0.813
1281,4D-C-Z4.tif,0.003,0.216,0.736,0.082,136,561,47.726,0.052,1.591,0.629,0.857
1282,4D-C-Z4.tif,0.001,0.159,0.509,0.059,359,557,41.186,0.037,1.795,0.557,0.739
1283,4D-C-Z4.tif,0.007,0.466,0.406,0.156,426,571,47.862,0.100,1.775,0.563,0.693
1284,4D-C-Z4.tif,0.011,0.491,0.549,0.150,458,567,36.027,0.119,1.247,0.802,0.829
1285,4D-C-Z4.tif,0.010,0.489,0.504,0.163,673,576,61.699,0.113,1.692,0.591,0.774
1286,4D-C-Z4.tif,0.003,0.203,0.878,0.079,653,554,155.225,0.056,1.444,0.693,0.856
1287,4D-C-Z4.tif,0.002,0.227,0.414,0.089,69,557,7.125,0.044,2.219,0.451,0.647
1288,4D-C-Z4.tif,0.002,0.219,0.566,0.083,906,555,143.130,0.054,1.703,0.587,0.700
1289,4D-C-Z4.tif,0.001,0.134,0.803,0.047,919,556,144.462,0.041,1.144,0.874,0.809
1290,4D-C-Z4.tif,0.004,0.306,0.585,0.106,119,554,111.251,0.074,1.169,0.855,0.768
1291,4D-C-Z4.tif,0.001,0.165,0.599,0.056,486,557,11.310,0.047,1.529,0.654,0.705
1292,4D-C-Z4.tif,0.002,0.219,0.590,0.083,974,554,126.870,0.049,1.837,0.544,0.796
1293,4D-C-Z4.tif,0.004,0.258,0.761,0.101,932,568,40.601,0.059,1.766,0.566,0.884
1294,4D-C-Z4.tif,0.001,0.172,0.555,0.066,52,556,131.634,0.043,1.386,0.721,0.735
1295,4D-C-Z4.tif,0.005,0.384,0.410,0.139,91,557,161.565,0.062,2.874,0.348,0.677
1296,4D-C-Z4.tif,0.003,0.230,0.687,0.089,245,556,150.255,0.054,1.604,0.624,0.812
1297,4D-C-Z4.tif,0.003,0.194,0.892,0.070,284,557,128.660,0.056,1.215,0.823,0.893
1298,4D-C-Z4.tif,0.006,0.355,0.645,0.119,489,568,33.690,0.087,1.358,0.736,0.801
1299,4D-C-Z4.tif,0.007,0.349,0.692,0.126,302,557,113.199,0.082,1.529,0.654,0.850
1300,4D-C-Z4.tif,0.007,0.389,0.611,0.131,595,564,157.751,0.094,1.265,0.791,0.868
1301,4D-C-Z4.tif,0.003,0.252,0.566,0.098,370,559,153.435,0.053,2.300,0.435,0.761
1302,4D-C-Z4.tif,0.003,0.220,0.721,0.084,961,567,31.608,0.049,1.837,0.544,0.840
1303,4D-C-Z4.tif,0.001,0.158,0.685,0.067,68,565,24.444,0.033,2.272,0.440,0.841
1304,4D-C-Z4.tif,0.003,0.303,0.457,0.101,148,575,60.642,0.060,1.917,0.522,0.794
1305,4D-C-Z4.tif,0.008,0.406,0.634,0.144,317,559,107.745,0.087,1.527,0.655,0.827
1306,4D-C-Z4.tif,0.020,0.858,0.348,0.255,268,561,96.203,0.156,1.553,0.644,0.748
1307,4D-C-Z4.tif,0.022,0.722,0.542,0.218,614,582,16.144,0.163,1.215,0.823,0.866
1308,4D-C-Z4.tif,0.005,0.342,0.523,0.119,711,562,103.392,0.066,1.741,0.574,0.785
1309,4D-C-Z4.tif,0.008,0.439,0.522,0.163,737,567,151.699,0.080,2.045,0.489,0.787
1310,4D-C-Z4.tif,0.004,0.261,0.813,0.089,948,562,111.801,0.076,1.074,0.931,0.858
1311,4D-C-Z4.tif,0.004,0.270,0.771,0.107,991,567,168.111,0.065,1.727,0.579,0.876
1312,4D-C-Z4.tif,0.003,0.245,0.539,0.084,338,570,11.310,0.058,1.484,0.674,0.708
1313,4D-C-Z4.tif,0.018,0.556,0.725,0.187,527,564,114.305,0.143,1.240,0.806,0.872
1314,4D-C-Z4.tif,0.003,0.295,0.503,0.096,579,573,23.629,0.068,1.533,0.652,0.749
1315,4D-C-Z4.tif,0.004,0.283,0.672,0.101,832,572,22.380,0.074,1.300,0.769,0.820
1316,4D-C-Z4.tif,0.005,0.298,0.687,0.098,565,582,73.610,0.073,1.203,0.831,0.838
1317,4D-C-Z4.tif,0.002,0.197,0.775,0.075,55,566,126.027,0.053,1.362,0.734,0.854
1318,4D-C-Z4.tif,0.008,0.416,0.600,0.136,164,571,136.637,0.097,1.204,0.830,0.845
1319,4D-C-Z4.tif,0.002,0.258,0.452,0.115,890,575,16.699,0.039,3.474,0.288,0.752
1320,4D-C-Z4.tif,0.004,0.263,0.663,0.089,808,573,21.801,0.067,1.109,0.902,0.830
1321,4D-C-Z4.tif,0.001,0.192,0.465,0.078,987,567,135.000,0.035,2.238,0.447,0.763
1322,4D-C-Z4.tif,0.004,0.347,0.396,0.113,10,582,39.094,0.073,1.821,0.549,0.683
1323,4D-C-Z4.tif,0.001,0.191,0.472,0.079,93,574,12.095,0.035,2.830,0.353,0.662
1324,4D-C-Z4.tif,0.002,0.167,0.776,0.064,227,568,120.964,0.043,1.586,0.630,0.857
1325,4D-C-Z4.tif,0.010,0.443,0.652,0.160,352,569,120.964,0.099,1.730,0.578,0.867
1326,4D-C-Z4.tif,0.001,0.123,0.878,0.047,376,568,110.556,0.035,1.258,0.795,0.843
1327,4D-C-Z4.tif,0.006,0.478,0.352,0.155,69,569,112.932,0.098,1.981,0.505,0.611
1328,4D-C-Z4.tif,0.008,0.473,0.464,0.154,237,596,75.466,0.102,1.778,0.562,0.769
1329,4D-C-Z4.tif,0.005,0.381,0.445,0.122,440,590,54.162,0.087,1.449,0.690,0.707
1330,4D-C-Z4.tif,0.002,0.200,0.617,0.070,781,573,141.340,0.054,1.049,0.953,0.774
1331,4D-C-Z4.tif,0.008,0.462,0.479,0.162,193,588,17.819,0.091,2.032,0.492,0.766
1332,4D-C-Z4.tif,0.004,0.326,0.523,0.130,970,577,167.735,0.071,2.018,0.496,0.736
1333,4D-C-Z4.tif,0.011,0.530,0.483,0.155,18,587,16.504,0.129,1.084,0.922,0.752
1334,4D-C-Z4.tif,0.002,0.265,0.363,0.077,458,583,21.038,0.065,1.239,0.807,0.590
1335,4D-C-Z4.tif,0.006,0.366,0.541,0.131,658,573,104.621,0.080,2.090,0.478,0.780
1336,4D-C-Z4.tif,0.010,0.417,0.747,0.155,846,579,173.884,0.104,1.391,0.719,0.863
1337,4D-C-Z4.tif,0.005,0.421,0.379,0.129,904,577,136.736,0.086,1.442,0.694,0.722
1338,4D-C-Z4.tif,0.002,0.167,0.885,0.067,387,584,55.008,0.047,1.470,0.680,0.903
1339,4D-C-Z4.tif,0.003,0.247,0.543,0.084,883,574,113.199,0.061,1.356,0.738,0.710
1340,4D-C-Z4.tif,0.002,0.141,0.962,0.055,397,582,36.870,0.044,1.135,0.881,0.893
1341,4D-C-Z4.tif,0.001,0.158,0.583,0.070,509,585,51.340,0.029,3.153,0.317,0.745
1342,4D-C-Z4.tif,0.004,0.241,0.790,0.095,570,589,54.462,0.058,1.688,0.592,0.873
1343,4D-C-Z4.tif,0.002,0.191,0.576,0.069,478,588,61.390,0.044,1.376,0.727,0.764
1344,4D-C-Z4.tif,0.005,0.347,0.510,0.126,681,580,151.189,0.078,1.638,0.610,0.729
1345,4D-C-Z4.tif,0.001,0.191,0.398,0.057,802,577,150.945,0.044,1.093,0.915,0.608
1346,4D-C-Z4.tif,0.008,0.401,0.622,0.136,54,577,104.036,0.094,1.395,0.717,0.851
1347,4D-C-Z4.tif,0.002,0.233,0.569,0.096,145,577,120.964,0.047,2.297,0.435,0.736
1348,4D-C-Z4.tif,0.005,0.367,0.458,0.134,954,585,160.821,0.077,1.729,0.578,0.709
1349,4D-C-Z4.tif,0.004,0.264,0.645,0.099,97,586,19.440,0.070,1.447,0.691,0.792
1350,4D-C-Z4.tif,0.007,0.423,0.515,0.128,340,602,82.569,0.094,1.311,0.763,0.791
1351,4D-C-Z4.tif,0.006,0.387,0.470,0.123,494,581,116.565,0.072,1.710,0.585,0.789
1352,4D-C-Z4.tif,0.002,0.197,0.765,0.075,156,580,143.973,0.059,1.211,0.826,0.830
1353,4D-C-Z4.tif,0.008,0.384,0.708,0.138,518,604,73.740,0.099,1.449,0.690,0.876
1354,4D-C-Z4.tif,0.002,0.161,0.766,0.067,892,581,124.992,0.041,1.621,0.617,0.812
1355,4D-C-Z4.tif,0.007,0.387,0.610,0.117,119,591,19.290,0.100,1.174,0.852,0.826
1356,4D-C-Z4.tif,0.011,0.520,0.532,0.150,720,604,53.973,0.121,1.130,0.885,0.803
1357,4D-C-Z4.tif,0.002,0.172,0.877,0.067,782,587,9.462,0.044,1.461,0.685,0.877
1358,4D-C-Z4.tif,0.005,0.436,0.361,0.153,842,582,115.641,0.066,2.470,0.405,0.656
1359,4D-C-Z4.tif,0.012,0.461,0.731,0.156,578,604,39.289,0.124,1.197,0.836,0.863
1360,4D-C-Z4.tif,0.001,0.122,0.948,0.047,708,591,69.444,0.033,1.246,0.803,0.892
1361,4D-C-Z4.tif,0.014,0.523,0.630,0.160,209,611,67.834,0.130,1.256,0.796,0.855
1362,4D-C-Z4.tif,0.008,0.359,0.776,0.129,548,599,9.866,0.100,1.394,0.717,0.871
1363,4D-C-Z4.tif,0.006,0.416,0.441,0.123,673,584,100.305,0.094,1.462,0.684,0.723
1364,4D-C-Z4.tif,0.001,0.133,0.819,0.055,83,593,53.130,0.034,1.657,0.603,0.874
1365,4D-C-Z4.tif,0.015,0.645,0.438,0.180,294,606,12.339,0.131,1.418,0.705,0.773
1366,4D-C-Z4.tif,0.021,0.713,0.509,0.239,392,594,156.975,0.160,1.616,0.619,0.789
1367,4D-C-Z4.tif,0.009,0.389,0.707,0.130,448,587,143.616,0.092,1.357,0.737,0.861
1368,4D-C-Z4.tif,0.004,0.289,0.544,0.124,463,587,147.724,0.047,3.376,0.296,0.758
1369,4D-C-Z4.tif,0.002,0.181,0.721,0.073,818,592,12.995,0.041,1.941,0.515,0.805
1370,4D-C-Z4.tif,0.007,0.448,0.461,0.175,938,588,133.727,0.075,2.788,0.359,0.755
1371,4D-C-Z4.tif,0.003,0.198,0.832,0.078,163,589,129.289,0.049,1.605,0.623,0.873
1372,4D-C-Z4.tif,0.003,0.236,0.745,0.081,251,588,118.301,0.062,1.322,0.756,0.848
1373,4D-C-Z4.tif,0.003,0.230,0.633,0.091,747,591,165.964,0.049,1.980,0.505,0.850
1374,4D-C-Z4.tif,0.010,0.450,0.604,0.164,775,590,132.274,0.093,1.868,0.535,0.831
1375,4D-C-Z4.tif,0.008,0.405,0.644,0.160,882,593,149.036,0.085,1.885,0.531,0.852
1376,4D-C-Z4.tif,0.003,0.276,0.449,0.105,973,604,47.121,0.059,1.984,0.504,0.677
1377,4D-C-Z4.tif,0.002,0.191,0.807,0.074,110,592,153.435,0.050,1.459,0.685,0.880
1378,4D-C-Z4.tif,0.005,0.264,0.853,0.101,1001,590,119.358,0.070,1.442,0.693,0.891
1379,4D-C-Z4.tif,0.001,0.184,0.460,0.057,196,601,73.301,0.044,1.408,0.710,0.678
1380,4D-C-Z4.tif,0.003,0.252,0.674,0.092,809,594,147.265,0.063,1.543,0.648,0.830
1381,4D-C-Z4.tif,0.003,0.220,0.658,0.079,91,593,155.225,0.050,1.574,0.635,0.857
1382,4D-C-Z4.tif,0.002,0.169,0.817,0.059,144,604,41.186,0.053,1.066,0.938,0.808
1383,4D-C-Z4.tif,0.003,0.259,0.589,0.090,385,597,142.431,0.062,1.593,0.628,0.776
1384,4D-C-Z4.tif,0.010,0.439,0.644,0.170,67,623,60.945,0.092,1.878,0.532,0.869
1385,4D-C-Z4.tif,0.007,0.416,0.526,0.151,438,623,79.509,0.071,2.136,0.468,0.834
1386,4D-C-Z4.tif,0.001,0.208,0.424,0.077,909,601,21.038,0.044,2.128,0.470,0.686
1387,4D-C-Z4.tif,0.007,0.432,0.478,0.146,641,622,70.201,0.088,1.694,0.590,0.797
1388,4D-C-Z4.tif,0.001,0.161,0.589,0.062,698,602,10.305,0.036,1.786,0.560,0.708
1389,4D-C-Z4.tif,0.014,0.670,0.400,0.245,927,597,99.039,0.089,3.231,0.309,0.785
1390,4D-C-Z4.tif,0.002,0.194,0.740,0.075,35,611,72.897,0.049,1.626,0.615,0.820
1391,4D-C-Z4.tif,0.018,0.666,0.522,0.205,181,600,143.746,0.164,1.208,0.828,0.812
1392,4D-C-Z4.tif,0.006,0.326,0.666,0.111,353,604,174.289,0.085,1.428,0.700,0.812
1393,4D-C-Z4.tif,0.001,0.139,0.751,0.059,629,599,131.186,0.035,1.776,0.563,0.784
1394,4D-C-Z4.tif,0.001,0.165,0.668,0.063,746,606,37.875,0.039,1.852,0.540,0.750
1395,4D-C-Z4.tif,0.003,0.220,0.752,0.076,756,599,120.256,0.064,1.102,0.908,0.857
1396,4D-C-Z4.tif,0.005,0.397,0.389,0.128,271,621,64.537,0.077,1.630,0.613,0.688
1397,4D-C-Z4.tif,0.001,0.139,0.712,0.063,608,600,142.125,0.031,2.269,0.441,0.800
1398,4D-C-Z4.tif,0.004,0.298,0.535,0.098,17,603,153.435,0.066,1.553,0.644,0.772
1399,4D-C-Z4.tif,0.005,0.284,0.765,0.107,153,605,145.491,0.070,1.507,0.663,0.876
1400,4D-C-Z4.tif,0.004,0.356,0.352,0.111,987,601,116.565,0.084,1.471,0.680,0.588
1401,4D-C-Z4.tif,0.002,0.176,0.710,0.066,93,611,41.634,0.048,1.361,0.735,0.806
1402,4D-C-Z4.tif,0.007,0.386,0.622,0.142,230,620,35.538,0.082,1.778,0.563,0.835
1403,4D-C-Z4.tif,0.002,0.163,0.734,0.062,253,612,63.435,0.039,1.734,0.577,0.843
1404,4D-C-Z4.tif,0.005,0.383,0.463,0.121,527,615,30.069,0.088,1.160,0.862,0.716
1405,4D-C-Z4.tif,0.004,0.263,0.740,0.091,600,618,64.983,0.066,1.320,0.757,0.845
1406,4D-C-Z4.tif,0.002,0.208,0.460,0.082,325,615,42.274,0.037,2.663,0.376,0.703
1407,4D-C-Z4.tif,0.002,0.217,0.533,0.086,810,618,63.435,0.044,2.277,0.439,0.737
1408,4D-C-Z4.tif,0.002,0.217,0.622,0.081,510,605,118.301,0.053,1.562,0.640,0.759
1409,4D-C-Z4.tif,0.002,0.197,0.490,0.074,567,611,26.565,0.039,2.310,0.433,0.730
1410,4D-C-Z4.tif,0.005,0.295,0.674,0.122,816,623,54.162,0.056,2.366,0.423,0.860
1411,4D-C-Z4.tif,0.004,0.264,0.683,0.099,462,617,33.690,0.070,1.405,0.712,0.814
1412,4D-C-Z4.tif,0.005,0.403,0.391,0.151,482,629,56.889,0.073,2.463,0.406,0.669
1413,4D-C-Z4.tif,0.005,0.375,0.415,0.117,107,628,81.870,0.064,2.072,0.483,0.763
1414,4D-C-Z4.tif,0.001,0.164,0.679,0.060,745,607,123.690,0.044,1.260,0.794,0.807
1415,4D-C-Z4.tif,0.009,0.458,0.560,0.152,125,628,43.531,0.103,1.545,0.647,0.816
1416,4D-C-Z4.tif,0.019,0.753,0.430,0.285,599,651,56.004,0.113,2.884,0.347,0.789
1417,4D-C-Z4.tif,0.001,0.130,0.770,0.052,694,609,122.005,0.037,1.520,0.658,0.810
1418,4D-C-Z4.tif,0.008,0.352,0.799,0.133,776,609,128.290,0.093,1.451,0.689,0.915
1419,4D-C-Z4.tif,0.006,0.378,0.493,0.126,961,618,15.255,0.072,1.994,0.502,0.776
1420,4D-C-Z4.tif,0.002,0.180,0.815,0.072,342,611,98.746,0.044,1.678,0.596,0.868
1421,4D-C-Z4.tif,0.007,0.372,0.637,0.134,710,623,19.179,0.081,1.756,0.569,0.816
1422,4D-C-Z4.tif,0.003,0.220,0.768,0.083,752,614,143.130,0.057,1.513,0.661,0.852
1423,4D-C-Z4.tif,0.008,0.445,0.493,0.153,896,634,52.306,0.089,1.863,0.537,0.749
1424,4D-C-Z4.tif,0.004,0.262,0.643,0.092,155,612,107.354,0.066,1.354,0.738,0.835
1425,4D-C-Z4.tif,0.003,0.339,0.371,0.126,401,614,164.745,0.057,2.466,0.406,0.607
1426,4D-C-Z4.tif,0.018,0.614,0.595,0.190,659,646,79.992,0.141,1.370,0.730,0.845
1427,4D-C-Z4.tif,0.005,0.366,0.433,0.129,241,626,9.866,0.071,1.828,0.547,0.722
1428,4D-C-Z4.tif,0.001,0.139,0.771,0.055,382,621,53.130,0.035,1.671,0.599,0.796
1429,4D-C-Z4.tif,0.002,0.209,0.643,0.090,839,624,37.569,0.046,2.220,0.451,0.827
1430,4D-C-Z4.tif,0.003,0.256,0.598,0.083,945,614,143.130,0.064,1.212,0.825,0.802
1431,4D-C-Z4.tif,0.002,0.224,0.617,0.092,493,629,57.265,0.051,1.901,0.526,0.814
1432,4D-C-Z4.tif,0.006,0.335,0.674,0.113,552,630,43.025,0.091,1.072,0.933,0.832
1433,4D-C-Z4.tif,0.001,0.174,0.606,0.070,167,617,108.435,0.033,2.474,0.404,0.814
1434,4D-C-Z4.tif,0.005,0.364,0.515,0.102,328,620,143.746,0.088,1.158,0.863,0.808
1435,4D-C-Z4.tif,0.004,0.275,0.615,0.101,348,634,60.642,0.059,1.873,0.534,0.758
1436,4D-C-Z4.tif,0.005,0.368,0.490,0.146,362,642,70.201,0.056,2.809,0.356,0.791
1437,4D-C-Z4.tif,0.005,0.409,0.391,0.117,454,627,19.290,0.093,1.147,0.872,0.689
1438,4D-C-Z4.tif,0.004,0.342,0.483,0.143,872,628,22.620,0.063,2.408,0.415,0.736
1439,4D-C-Z4.tif,0.006,0.514,0.280,0.156,209,640,45.000,0.087,1.859,0.538,0.637
1440,4D-C-Z4.tif,0.001,0.176,0.526,0.075,516,619,162.897,0.034,2.155,0.464,0.741
1441,4D-C-Z4.tif,0.003,0.267,0.512,0.101,590,629,29.358,0.056,1.948,0.513,0.719
1442,4D-C-Z4.tif,0.003,0.303,0.432,0.086,798,631,39.806,0.069,1.222,0.818,0.698
1443,4D-C-Z4.tif,0.002,0.202,0.543,0.091,567,634,64.983,0.037,2.731,0.366,0.811
1444,4D-C-Z4.tif,0.001,0.148,0.674,0.064,76,627,30.964,0.032,2.240,0.447,0.839
1445,4D-C-Z4.tif,0.013,0.596,0.467,0.219,21,636,17.526,0.083,2.810,0.356,0.842
1446,4D-C-Z4.tif,0.001,0.122,0.948,0.047,312,625,20.556,0.033,1.240,0.806,0.892
1447,4D-C-Z4.tif,0.001,0.134,0.951,0.052,504,622,147.995,0.039,1.290,0.775,0.874
1448,4D-C-Z4.tif,0.003,0.290,0.514,0.110,687,621,126.870,0.061,2.307,0.433,0.706
1449,4D-C-Z4.tif,0.001,0.180,0.567,0.076,376,634,59.744,0.030,2.977,0.336,0.793
1450,4D-C-Z4.tif,0.008,0.372,0.740,0.125,963,626,131.424,0.100,1.178,0.849,0.871
1451,4D-C-Z4.tif,0.008,0.486,0.432,0.176,426,655,86.424,0.077,2.500,0.400,0.748
1452,4D-C-Z4.tif,0.005,0.330,0.532,0.122,823,642,54.162,0.062,1.864,0.536,0.784
1453,4D-C-Z4.tif,0.005,0.331,0.597,0.115,398,633,16.699,0.075,1.647,0.607,0.787
1454,4D-C-Z4.tif,0.005,0.285,0.780,0.096,844,641,66.371,0.083,1.045,0.957,0.883
1455,4D-C-Z4.tif,0.002,0.175,0.733,0.067,386,628,155.556,0.044,1.584,0.631,0.819
1456,4D-C-Z4.tif,0.005,0.308,0.711,0.111,981,645,63.435,0.066,1.681,0.595,0.881
1457,4D-C-Z4.tif,0.004,0.350,0.450,0.127,261,631,175.030,0.058,2.654,0.377,0.707
1458,4D-C-Z4.tif,0.004,0.268,0.712,0.101,311,640,45.000,0.067,1.393,0.718,0.854
1459,4D-C-Z4.tif,0.008,0.459,0.490,0.174,718,657,71.565,0.088,2.591,0.386,0.767
1460,4D-C-Z4.tif,0.001,0.203,0.379,0.062,750,627,100.305,0.051,1.242,0.805,0.594
1461,4D-C-Z4.tif,0.001,0.153,0.764,0.062,136,632,10.305,0.039,1.759,0.569,0.817
1462,4D-C-Z4.tif,0.005,0.326,0.565,0.107,500,647,78.111,0.077,1.497,0.668,0.788
1463,4D-C-Z4.tif,0.001,0.148,0.674,0.060,379,638,56.310,0.037,1.685,0.593,0.743
1464,4D-C-Z4.tif,0.004,0.263,0.746,0.090,779,630,127.569,0.070,1.232,0.812,0.882
1465,4D-C-Z4.tif,0.003,0.261,0.642,0.107,883,629,101.889,0.050,2.395,0.417,0.846
1466,4D-C-Z4.tif,0.004,0.277,0.701,0.109,811,645,49.086,0.070,1.567,0.638,0.857
1467,4D-C-Z4.tif,0.008,0.395,0.635,0.141,552,656,69.444,0.098,1.565,0.639,0.829
1468,4D-C-Z4.tif,0.001,0.184,0.415,0.072,148,641,32.471,0.041,1.764,0.567,0.597
1469,4D-C-Z4.tif,0.002,0.186,0.649,0.076,219,640,30.256,0.040,2.138,0.468,0.819
1470,4D-C-Z4.tif,0.002,0.198,0.745,0.072,251,635,147.529,0.056,1.295,0.772,0.846
1471,4D-C-Z4.tif,0.004,0.312,0.484,0.102,858,634,143.746,0.076,1.708,0.585,0.691
1472,4D-C-Z4.tif,0.005,0.388,0.416,0.136,181,633,133.363,0.069,2.373,0.421,0.695
1473,4D-C-Z4.tif,0.004,0.308,0.470,0.107,287,636,145.491,0.074,1.387,0.721,0.720
1474,4D-C-Z4.tif,0.010,0.512,0.475,0.176,578,665,86.424,0.107,1.803,0.555,0.788
1475,4D-C-Z4.tif,0.001,0.137,0.867,0.052,701,633,122.005,0.043,1.250,0.800,0.843
1476,4D-C-Z4.tif,0.005,0.301,0.750,0.111,62,637,153.435,0.082,1.428,0.700,0.859
1477,4D-C-Z4.tif,0.002,0.270,0.344,0.092,944,634,147.265,0.050,1.543,0.648,0.688
1478,4D-C-Z4.tif,0.007,0.458,0.436,0.139,224,648,9.090,0.106,1.355,0.738,0.707
1479,4D-C-Z4.tif,0.007,0.389,0.622,0.143,382,645,164.358,0.093,1.422,0.703,0.847
1480,4D-C-Z4.tif,0.010,0.456,0.635,0.153,317,641,149.744,0.099,1.489,0.672,0.873
1481,4D-C-Z4.tif,0.001,0.176,0.600,0.070,896,647,51.340,0.042,1.987,0.503,0.748
1482,4D-C-Z4.tif,0.003,0.211,0.789,0.078,263,638,129.289,0.058,1.309,0.764,0.852
1483,4D-C-Z4.tif,0.004,0.289,0.574,0.122,645,639,125.838,0.056,2.726,0.367,0.800
1484,4D-C-Z4.tif,0.002,0.206,0.654,0.082,689,646,19.654,0.050,1.577,0.634,0.811
1485,4D-C-Z4.tif,0.003,0.261,0.555,0.096,751,649,30.964,0.049,2.143,0.467,0.805
1486,4D-C-Z4.tif,0.015,0.574,0.573,0.206,85,647,170.789,0.110,2.005,0.499,0.834
1487,4D-C-Z4.tif,0.007,0.405,0.509,0.153,472,646,158.962,0.083,2.203,0.454,0.763
1488,4D-C-Z4.tif,0.003,0.211,0.840,0.082,735,642,160.346,0.054,1.471,0.680,0.875
1489,4D-C-Z4.tif,0.013,0.544,0.538,0.185,449,641,143.471,0.122,1.698,0.589,0.784
1490,4D-C-Z4.tif,0.009,0.489,0.499,0.153,30,643,127.694,0.121,1.376,0.727,0.726
1491,4D-C-Z4.tif,0.004,0.230,0.838,0.090,346,642,100.620,0.060,1.476,0.678,0.896
1492,4D-C-Z4.tif,0.002,0.180,0.755,0.069,838,644,151.390,0.044,1.482,0.675,0.848
1493,4D-C-Z4.tif,0.001,0.161,0.677,0.067,935,647,24.444,0.037,1.835,0.545,0.780
1494,4D-C-Z4.tif,0.019,0.775,0.391,0.235,54,643,110.556,0.136,2.138,0.468,0.757
1495,4D-C-Z4.tif,0.002,0.197,0.503,0.090,162,643,127.569,0.031,3.634,0.275,0.756
1496,4D-C-Z4.tif,0.005,0.369,0.459,0.117,206,659,48.814,0.074,1.603,0.624,0.770
1497,4D-C-Z4.tif,0.001,0.142,0.887,0.055,774,643,126.870,0.039,1.447,0.691,0.862
1498,4D-C-Z4.tif,0.015,0.609,0.508,0.198,915,643,93.180,0.132,1.592,0.628,0.790
1499,4D-C-Z4.tif,0.002,0.230,0.477,0.072,969,652,32.471,0.055,1.217,0.822,0.691
1500,4D-C-Z4.tif,0.004,0.303,0.585,0.098,525,655,26.565,0.074,1.431,0.699,0.764
1501,4D-C-Z4.tif,0.007,0.438,0.469,0.136,829,645,133.363,0.107,1.223,0.818,0.707
1502,4D-C-Z4.tif,0.011,0.588,0.383,0.206,140,646,145.886,0.098,1.999,0.500,0.762
1503,4D-C-Z4.tif,0.005,0.306,0.606,0.116,506,647,148.570,0.066,2.035,0.491,0.772
1504,4D-C-Z4.tif,0.003,0.208,0.796,0.083,704,646,126.870,0.050,1.887,0.530,0.870
1505,4D-C-Z4.tif,0.002,0.161,0.869,0.060,814,646,123.690,0.046,1.379,0.725,0.861
1506,4D-C-Z4.tif,0.002,0.164,0.722,0.059,76,649,131.186,0.044,1.087,0.920,0.816
1507,4D-C-Z4.tif,0.004,0.290,0.523,0.101,764,647,102.529,0.064,1.970,0.508,0.727
1508,4D-C-Z4.tif,0.001,0.225,0.369,0.075,802,647,126.027,0.043,1.929,0.519,0.605
1509,4D-C-Z4.tif,0.004,0.259,0.679,0.095,173,654,169.992,0.065,1.304,0.767,0.795
1510,4D-C-Z4.tif,0.002,0.194,0.608,0.077,286,661,68.962,0.050,1.549,0.646,0.741
1511,4D-C-Z4.tif,0.002,0.220,0.517,0.098,301,649,153.435,0.039,3.078,0.325,0.767
1512,4D-C-Z4.tif,0.006,0.347,0.636,0.131,434,670,67.751,0.079,1.875,0.533,0.819
1513,4D-C-Z4.tif,0.001,0.156,0.577,0.054,627,657,66.038,0.033,1.465,0.682,0.796
1514,4D-C-Z4.tif,0.002,0.159,0.853,0.063,123,649,142.125,0.047,1.445,0.692,0.877
1515,4D-C-Z4.tif,0.016,0.575,0.594,0.167,673,649,107.241,0.132,1.253,0.798,0.869
1516,4D-C-Z4.tif,0.004,0.345,0.410,0.136,133,650,121.759,0.066,2.511,0.398,0.653
1517,4D-C-Z4.tif,0.007,0.329,0.793,0.117,270,650,109.290,0.087,1.363,0.734,0.881
1518,4D-C-Z4.tif,0.005,0.264,0.820,0.091,872,666,75.964,0.075,1.081,0.925,0.875
1519,4D-C-Z4.tif,0.012,0.587,0.456,0.203,941,650,122.829,0.105,2.021,0.495,0.798
1520,4D-C-Z4.tif,0.003,0.209,0.738,0.074,782,664,63.435,0.050,1.396,0.716,0.872
1521,4D-C-Z4.tif,0.003,0.209,0.782,0.082,993,654,137.726,0.054,1.428,0.700,0.849
1522,4D-C-Z4.tif,0.003,0.208,0.888,0.074,357,654,138.013,0.061,1.120,0.893,0.902
1523,4D-C-Z4.tif,0.001,0.153,0.553,0.052,811,659,18.435,0.033,1.761,0.568,0.756
1524,4D-C-Z4.tif,0.004,0.274,0.646,0.099,236,661,19.440,0.055,1.771,0.565,0.864
1525,4D-C-Z4.tif,0.010,0.523,0.456,0.162,716,668,9.782,0.106,1.404,0.712,0.783
1526,4D-C-Z4.tif,0.001,0.130,0.928,0.051,791,656,130.601,0.039,1.256,0.796,0.891
1527,4D-C-Z4.tif,0.004,0.269,0.642,0.106,391,658,171.027,0.053,2.159,0.463,0.865
1528,4D-C-Z4.tif,0.003,0.220,0.792,0.087,644,659,161.565,0.050,1.689,0.592,0.882
1529,4D-C-Z4.tif,0.003,0.266,0.614,0.092,743,660,147.265,0.072,1.131,0.884,0.800
1530,4D-C-Z4.tif,0.007,0.353,0.714,0.138,535,673,23.499,0.077,1.778,0.562,0.859
1531,4D-C-Z4.tif,0.001,0.145,0.650,0.060,620,664,33.690,0.036,1.759,0.568,0.713
1532,4D-C-Z4.tif,0.001,0.134,0.845,0.055,630,658,126.870,0.038,1.446,0.692,0.825
1533,4D-C-Z4.tif,0.006,0.325,0.700,0.112,294,659,101.310,0.082,1.424,0.702,0.840
1534,4D-C-Z4.tif,0.005,0.329,0.572,0.113,412,659,119.055,0.085,1.209,0.827,0.771
1535,4D-C-Z4.tif,0.002,0.180,0.626,0.066,566,670,41.634,0.046,1.317,0.759,0.779
1536,4D-C-Z4.tif,0.003,0.272,0.490,0.098,182,669,16.390,0.053,1.783,0.561,0.748
1537,4D-C-Z4.tif,0.011,0.676,0.295,0.164,979,689,76.430,0.123,1.344,0.744,0.705
1538,4D-C-Z4.tif,0.001,0.134,0.803,0.052,204,668,32.005,0.038,1.465,0.683,0.792
1539,4D-C-Z4.tif,0.007,0.412,0.488,0.125,307,682,41.424,0.098,1.286,0.777,0.740
1540,4D-C-Z4.tif,0.005,0.368,0.493,0.124,328,664,159.146,0.073,1.906,0.525,0.781
1541,4D-C-Z4.tif,0.001,0.139,0.712,0.059,382,661,158.199,0.033,1.789,0.559,0.791
1542,4D-C-Z4.tif,0.002,0.211,0.549,0.070,212,672,38.660,0.045,1.814,0.551,0.757
1543,4D-C-Z4.tif,0.002,0.236,0.444,0.098,480,670,26.565,0.040,2.981,0.335,0.681
1544,4D-C-Z4.tif,0.010,0.478,0.537,0.179,89,663,162.121,0.105,1.729,0.578,0.812
1545,4D-C-Z4.tif,0.004,0.303,0.498,0.112,495,668,168.690,0.061,1.991,0.502,0.748
1546,4D-C-Z4.tif,0.005,0.348,0.515,0.096,856,665,156.371,0.088,1.081,0.925,0.798
1547,4D-C-Z4.tif,0.003,0.340,0.358,0.099,228,674,19.440,0.059,1.800,0.555,0.717
1548,4D-C-Z4.tif,0.003,0.259,0.577,0.092,835,669,162.646,0.065,1.448,0.691,0.758
1549,4D-C-Z4.tif,0.004,0.234,0.806,0.084,881,679,66.801,0.064,1.277,0.783,0.879
1550,4D-C-Z4.tif,0.002,0.203,0.647,0.077,608,671,175.914,0.048,1.513,0.661,0.765
1551,4D-C-Z4.tif,0.006,0.336,0.645,0.121,626,669,140.528,0.080,1.653,0.605,0.857
1552,4D-C-Z4.tif,0.005,0.339,0.517,0.119,39,669,123.690,0.066,2.282,0.438,0.729
1553,4D-C-Z4.tif,0.010,0.464,0.603,0.154,172,667,104.534,0.115,1.317,0.759,0.836
1554,4D-C-Z4.tif,0.004,0.250,0.861,0.094,796,669,130.236,0.062,1.491,0.671,0.892
1555,4D-C-Z4.tif,0.007,0.414,0.485,0.120,437,680,15.945,0.101,1.084,0.922,0.779
1556,4D-C-Z4.tif,0.002,0.198,0.726,0.074,1001,680,48.013,0.052,1.570,0.637,0.815
1557,4D-C-Z4.tif,0.002,0.224,0.601,0.086,14,682,50.194,0.050,1.709,0.585,0.756
1558,4D-C-Z4.tif,0.005,0.342,0.523,0.131,183,674,165.379,0.058,2.335,0.428,0.815
1559,4D-C-Z4.tif,0.003,0.274,0.514,0.106,253,675,8.973,0.057,1.951,0.513,0.699
1560,4D-C-Z4.tif,0.004,0.263,0.801,0.090,484,673,142.431,0.077,1.143,0.875,0.881
1561,4D-C-Z4.tif,0.010,0.540,0.444,0.176,651,670,110.136,0.097,1.926,0.519,0.783
1562,4D-C-Z4.tif,0.002,0.178,0.731,0.067,743,670,124.992,0.044,1.567,0.638,0.847
1563,4D-C-Z4.tif,0.001,0.184,0.550,0.074,820,670,131.987,0.038,2.332,0.429,0.705
1564,4D-C-Z4.tif,0.010,0.466,0.603,0.162,541,695,54.689,0.110,1.643,0.609,0.813
1565,4D-C-Z4.tif,0.006,0.348,0.650,0.120,594,671,105.945,0.081,1.524,0.656,0.836
1566,4D-C-Z4.tif,0.008,0.411,0.595,0.155,77,685,4.086,0.088,1.571,0.636,0.820
1567,4D-C-Z4.tif,0.002,0.225,0.609,0.091,130,673,154.983,0.051,2.069,0.483,0.761
1568,4D-C-Z4.tif,0.006,0.453,0.358,0.126,371,692,61.189,0.088,1.588,0.630,0.716
1569,4D-C-Z4.tif,0.004,0.278,0.610,0.102,763,684,36.254,0.069,1.710,0.585,0.770
1570,4D-C-Z4.tif,0.002,0.182,0.825,0.067,868,678,170.538,0.051,1.143,0.875,0.842
1571,4D-C-Z4.tif,0.002,0.178,0.647,0.067,360,674,114.444,0.039,2.051,0.488,0.812
1572,4D-C-Z4.tif,0.005,0.307,0.636,0.106,407,674,111.251,0.072,1.292,0.774,0.842
1573,4D-C-Z4.tif,0.012,0.448,0.730,0.155,510,674,117.474,0.107,1.547,0.646,0.872
1574,4D-C-Z4.tif,0.007,0.464,0.430,0.161,700,676,141.953,0.081,2.195,0.456,0.750
1575,4D-C-Z4.tif,0.001,0.123,0.903,0.045,398,683,75.964,0.037,1.202,0.832,0.847
1576,4D-C-Z4.tif,0.036,0.829,0.661,0.268,917,680,143.366,0.190,1.412,0.708,0.873
1577,4D-C-Z4.tif,0.009,0.477,0.523,0.150,470,676,98.427,0.098,1.716,0.583,0.824
1578,4D-C-Z4.tif,0.002,0.161,0.795,0.057,896,676,119.055,0.047,1.249,0.801,0.831
1579,4D-C-Z4.tif,0.005,0.301,0.729,0.098,789,677,128.157,0.088,1.201,0.833,0.853
1580,4D-C-Z4.tif,0.003,0.283,0.500,0.106,122,680,152.103,0.057,2.040,0.490,0.722
1581,4D-C-Z4.tif,0.004,0.305,0.492,0.111,272,679,153.435,0.067,1.541,0.649,0.712
1582,4D-C-Z4.tif,0.006,0.430,0.427,0.150,374,702,53.973,0.094,1.699,0.588,0.685
1583,4D-C-Z4.tif,0.004,0.297,0.609,0.113,570,679,112.834,0.059,2.076,0.482,0.810
1584,4D-C-Z4.tif,0.002,0.187,0.770,0.075,620,679,126.027,0.047,1.741,0.574,0.821
1585,4D-C-Z4.tif,0.003,0.222,0.681,0.092,318,687,17.354,0.047,1.933,0.517,0.826
1586,4D-C-Z4.tif,0.005,0.342,0.517,0.126,418,694,37.875,0.072,2.054,0.487,0.757
1587,4D-C-Z4.tif,0.005,0.318,0.661,0.119,852,682,166.608,0.077,1.625,0.615,0.830
1588,4D-C-Z4.tif,0.006,0.440,0.393,0.145,202,683,150.524,0.076,2.117,0.472,0.739
1589,4D-C-Z4.tif,0.002,0.279,0.385,0.089,265,681,119.745,0.054,1.610,0.621,0.645
1590,4D-C-Z4.tif,0.008,0.471,0.464,0.191,143,683,138.504,0.074,2.709,0.369,0.774
1591,4D-C-Z4.tif,0.001,0.133,0.862,0.052,902,682,122.005,0.037,1.475,0.678,0.851
1592,4D-C-Z4.tif,0.004,0.264,0.755,0.096,15,686,149.036,0.067,1.346,0.743,0.852
1593,4D-C-Z4.tif,0.006,0.318,0.778,0.111,331,685,147.095,0.088,1.177,0.850,0.888
1594,4D-C-Z4.tif,0.002,0.167,0.926,0.064,813,686,149.036,0.050,1.226,0.816,0.889
1595,4D-C-Z4.tif,0.002,0.164,0.708,0.057,612,685,106.699,0.044,1.083,0.923,0.820
1596,4D-C-Z4.tif,0.004,0.276,0.639,0.091,843,685,115.017,0.071,1.296,0.771,0.808
1597,4D-C-Z4.tif,0.005,0.294,0.684,0.113,242,689,165.964,0.072,1.475,0.678,0.842
1598,4D-C-Z4.tif,0.009,0.400,0.678,0.134,291,688,124.992,0.110,1.261,0.793,0.821
1599,4D-C-Z4.tif,0.005,0.275,0.857,0.108,36,706,75.256,0.071,1.587,0.630,0.904
1600,4D-C-Z4.tif,0.001,0.197,0.345,0.090,780,687,132.510,0.030,4.051,0.247,0.569
1601,4D-C-Z4.tif,0.003,0.220,0.799,0.089,490,688,111.801,0.052,1.838,0.544,0.879
1602,4D-C-Z4.tif,0.003,0.226,0.781,0.089,723,696,21.801,0.060,1.506,0.664,0.843
1603,4D-C-Z4.tif,0.002,0.198,0.755,0.086,825,688,129.806,0.047,2.134,0.469,0.852
1604,4D-C-Z4.tif,0.008,0.425,0.566,0.166,979,690,124.216,0.081,2.189,0.457,0.814
1605,4D-C-Z4.tif,0.001,0.115,1.000,0.044,83,689,119.745,0.037,1.269,0.788,0.864
1606,4D-C-Z4.tif,0.009,0.409,0.644,0.133,119,710,60.255,0.095,1.433,0.698,0.817
1607,4D-C-Z4.tif,0.002,0.209,0.677,0.084,684,698,23.199,0.050,1.717,0.582,0.817
1608,4D-C-Z4.tif,0.006,0.379,0.505,0.122,760,689,108.435,0.088,1.376,0.727,0.759
1609,4D-C-Z4.tif,0.006,0.378,0.533,0.129,876,700,19.983,0.091,1.386,0.721,0.752
1610,4D-C-Z4.tif,0.003,0.224,0.761,0.095,64,691,144.462,0.054,1.771,0.565,0.881
1611,4D-C-Z4.tif,0.001,0.158,0.537,0.060,236,693,146.310,0.036,1.941,0.515,0.654
1612,4D-C-Z4.tif,0.003,0.259,0.476,0.089,436,690,111.801,0.057,1.485,0.673,0.694
1613,4D-C-Z4.tif,0.004,0.269,0.695,0.098,960,691,141.843,0.066,1.466,0.682,0.886
1614,4D-C-Z4.tif,0.001,0.130,0.883,0.052,616,697,32.005,0.037,1.471,0.680,0.857
1615,4D-C-Z4.tif,0.007,0.416,0.515,0.135,55,692,116.565,0.105,1.174,0.852,0.746
1616,4D-C-Z4.tif,0.001,0.136,0.740,0.054,321,694,156.038,0.033,1.773,0.564,0.818
1617,4D-C-Z4.tif,0.001,0.148,0.605,0.051,853,698,12.529,0.042,1.325,0.755,0.737
1618,4D-C-Z4.tif,0.012,0.458,0.747,0.155,355,693,112.932,0.126,1.196,0.836,0.889
1619,4D-C-Z4.tif,0.002,0.186,0.759,0.070,606,705,71.565,0.049,1.455,0.687,0.836
1620,4D-C-Z4.tif,0.005,0.336,0.571,0.135,743,693,101.768,0.072,1.984,0.504,0.786
1621,4D-C-Z4.tif,0.010,0.481,0.529,0.173,800,698,157.521,0.082,2.235,0.448,0.795
1622,4D-C-Z4.tif,0.004,0.269,0.652,0.094,448,695,118.072,0.061,1.522,0.657,0.846
1623,4D-C-Z4.tif,0.002,0.178,0.723,0.064,412,698,160.017,0.044,1.584,0.631,0.828
1624,4D-C-Z4.tif,0.013,0.548,0.559,0.171,98,696,110.772,0.132,1.255,0.797,0.793
1625,4D-C-Z4.tif,0.005,0.342,0.554,0.141,636,697,149.421,0.060,2.973,0.336,0.791
1626,4D-C-Z4.tif,0.003,0.236,0.725,0.096,774,696,120.964,0.060,1.677,0.596,0.858
1627,4D-C-Z4.tif,0.002,0.186,0.781,0.079,910,697,102.095,0.039,2.014,0.497,0.887
1628,4D-C-Z4.tif,0.002,0.202,0.656,0.073,195,698,102.995,0.047,1.719,0.582,0.787
1629,4D-C-Z4.tif,0.002,0.209,0.695,0.076,205,706,30.256,0.053,1.506,0.664,0.829
1630,4D-C-Z4.tif,0.003,0.248,0.599,0.087,592,713,71.565,0.059,1.371,0.729,0.755
1631,4D-C-Z4.tif,0.003,0.219,0.829,0.084,712,701,168.690,0.060,1.539,0.650,0.860
1632,4D-C-Z4.tif,0.004,0.286,0.643,0.116,575,699,121.430,0.054,2.280,0.439,0.854
1633,4D-C-Z4.tif,0.005,0.274,0.794,0.103,897,717,74.476,0.064,1.690,0.592,0.884
1634,4D-C-Z4.tif,0.001,0.147,0.709,0.055,321,703,174.289,0.038,1.283,0.780,0.755
1635,4D-C-Z4.tif,0.001,0.147,0.739,0.063,513,704,15.255,0.028,2.525,0.396,0.875
1636,4D-C-Z4.tif,0.013,0.573,0.498,0.192,619,706,156.371,0.119,1.700,0.588,0.826
1637,4D-C-Z4.tif,0.004,0.305,0.582,0.118,67,701,100.784,0.063,2.143,0.467,0.796
1638,4D-C-Z4.tif,0.006,0.383,0.533,0.111,228,703,116.565,0.089,1.227,0.815,0.832
1639,4D-C-Z4.tif,0.005,0.303,0.703,0.119,529,703,111.801,0.068,1.866,0.536,0.861
1640,4D-C-Z4.tif,0.007,0.351,0.694,0.127,957,706,162.350,0.087,1.383,0.723,0.846
1641,4D-C-Z4.tif,0.001,0.122,0.923,0.049,143,705,153.435,0.033,1.370,0.730,0.889
1642,4D-C-Z4.tif,0.002,0.176,0.624,0.082,249,704,132.274,0.030,3.233,0.309,0.810
1643,4D-C-Z4.tif,0.007,0.411,0.496,0.136,390,725,46.637,0.100,1.312,0.762,0.730
1644,4D-C-Z4.tif,0.008,0.437,0.554,0.152,466,712,167.471,0.091,1.833,0.546,0.784
1645,4D-C-Z4.tif,0.004,0.264,0.662,0.099,548,704,109.440,0.066,1.466,0.682,0.818
1646,4D-C-Z4.tif,0.004,0.316,0.520,0.131,257,706,146.976,0.052,2.801,0.357,0.779
1647,4D-C-Z4.tif,0.001,0.154,0.767,0.055,608,706,95.711,0.042,1.195,0.837,0.814
1648,4D-C-Z4.tif,0.003,0.295,0.429,0.110,4,723,53.130,0.049,2.598,0.385,0.723
1649,4D-C-Z4.tif,0.004,0.320,0.546,0.101,121,716,22.380,0.076,1.185,0.844,0.772
1650,4D-C-Z4.tif,0.010,0.419,0.686,0.150,172,714,171.573,0.098,1.652,0.605,0.862
1651,4D-C-Z4.tif,0.005,0.296,0.776,0.113,374,724,50.906,0.073,1.600,0.625,0.877
1652,4D-C-Z4.tif,0.004,0.278,0.630,0.094,502,711,151.928,0.074,1.249,0.800,0.821
1653,4D-C-Z4.tif,0.005,0.328,0.616,0.113,858,711,165.964,0.077,1.470,0.680,0.833
1654,4D-C-Z4.tif,0.003,0.220,0.713,0.092,407,716,17.354,0.050,2.008,0.498,0.839
1655,4D-C-Z4.tif,0.004,0.241,0.895,0.087,424,712,161.565,0.070,1.215,0.823,0.895
1656,4D-C-Z4.tif,0.004,0.264,0.694,0.091,840,724,64.983,0.069,1.245,0.803,0.833
1657,4D-C-Z4.tif,0.001,0.142,0.850,0.056,142,713,168.690,0.037,1.476,0.677,0.849
1658,4D-C-Z4.tif,0.005,0.270,0.823,0.103,667,719,15.524,0.069,1.479,0.676,0.883
1659,4D-C-Z4.tif,0.002,0.187,0.727,0.079,696,712,155.225,0.041,2.222,0.450,0.843
1660,4D-C-Z4.tif,0.002,0.222,0.519,0.090,790,712,142.431,0.045,2.270,0.441,0.736
1661,4D-C-Z4.tif,0.004,0.305,0.603,0.108,284,720,14.744,0.063,1.823,0.549,0.817
1662,4D-C-Z4.tif,0.001,0.142,0.887,0.057,687,722,73.301,0.039,1.496,0.668,0.862
1663,4D-C-Z4.tif,0.004,0.228,0.885,0.086,558,713,129.806,0.066,1.231,0.812,0.893
1664,4D-C-Z4.tif,0.004,0.260,0.755,0.096,316,719,166.759,0.055,1.589,0.629,0.908
1665,4D-C-Z4.tif,0.002,0.170,0.765,0.063,48,718,164.745,0.046,1.323,0.756,0.811
1666,4D-C-Z4.tif,0.002,0.165,0.724,0.064,216,725,59.036,0.038,1.783,0.561,0.832
1667,4D-C-Z4.tif,0.005,0.279,0.740,0.111,721,718,171.469,0.054,2.099,0.476,0.901
1668,4D-C-Z4.tif,0.001,0.159,0.659,0.072,906,722,32.471,0.031,2.556,0.391,0.830
1669,4D-C-Z4.tif,0.002,0.156,0.827,0.060,778,725,56.310,0.044,1.380,0.725,0.855
1670,4D-C-Z4.tif,0.002,0.186,0.748,0.070,139,720,161.565,0.044,1.762,0.567,0.855
1671,4D-C-Z4.tif,0.001,0.169,0.586,0.073,438,722,167.005,0.028,2.797,0.357,0.830
1672,4D-D-Z4.tif,0.006,0.358,0.627,0.139,643,16,6.843,0.078,1.941,0.515,0.842
1673,4D-D-Z4.tif,0.007,0.414,0.506,0.159,727,22,33.690,0.084,1.997,0.501,0.778
1674,4D-D-Z4.tif,0.002,0.209,0.521,0.072,57,9,171.254,0.044,1.659,0.603,0.745
1675,4D-D-Z4.tif,0.002,0.217,0.541,0.081,121,13,28.301,0.044,1.986,0.503,0.775
1676,4D-D-Z4.tif,0.004,0.279,0.639,0.095,972,20,54.462,0.072,1.161,0.861,0.809
1677,4D-D-Z4.tif,0.003,0.242,0.644,0.077,220,7,111.038,0.068,1.303,0.767,0.780
1678,4D-D-Z4.tif,0.001,0.141,0.750,0.054,255,11,156.038,0.039,1.331,0.751,0.788
1679,4D-D-Z4.tif,0.008,0.489,0.398,0.147,7,19,167.005,0.116,1.189,0.841,0.638
1680,4D-D-Z4.tif,0.002,0.186,0.803,0.064,75,21,70.017,0.050,1.113,0.898,0.885
1681,4D-D-Z4.tif,0.004,0.256,0.755,0.095,329,13,144.462,0.068,1.357,0.737,0.841
1682,4D-D-Z4.tif,0.005,0.277,0.777,0.106,411,13,152.103,0.065,1.689,0.592,0.890
1683,4D-D-Z4.tif,0.010,0.521,0.459,0.204,455,11,152.745,0.097,2.146,0.466,0.788
1684,4D-D-Z4.tif,0.004,0.285,0.639,0.096,36,13,156.371,0.077,1.077,0.928,0.802
1685,4D-D-Z4.tif,0.006,0.313,0.734,0.117,397,27,48.814,0.081,1.334,0.749,0.883
1686,4D-D-Z4.tif,0.002,0.176,0.612,0.063,84,20,37.875,0.043,1.490,0.671,0.826
1687,4D-D-Z4.tif,0.001,0.152,0.612,0.067,276,12,124.992,0.031,2.539,0.394,0.779
1688,4D-D-Z4.tif,0.004,0.269,0.716,0.096,429,23,23.629,0.066,1.260,0.794,0.883
1689,4D-D-Z4.tif,0.001,0.180,0.543,0.072,516,23,57.529,0.040,2.320,0.431,0.692
1690,4D-D-Z4.tif,0.001,0.134,0.866,0.052,149,18,18.435,0.039,1.335,0.749,0.854
1691,4D-D-Z4.tif,0.005,0.336,0.544,0.122,922,18,172.235,0.071,2.040,0.490,0.759
1692,4D-D-Z4.tif,0.007,0.436,0.479,0.152,496,42,77.471,0.088,1.912,0.523,0.770
1693,4D-D-Z4.tif,0.005,0.325,0.581,0.121,525,30,30.069,0.081,1.530,0.654,0.778
1694,4D-D-Z4.tif,0.001,0.161,0.648,0.060,809,18,146.310,0.044,1.311,0.763,0.765
1695,4D-D-Z4.tif,0.005,0.286,0.708,0.097,949,16,132.709,0.077,1.176,0.850,0.866
1696,4D-D-Z4.tif,0.002,0.183,0.615,0.067,297,21,24.444,0.044,1.425,0.702,0.755
1697,4D-D-Z4.tif,0.004,0.275,0.705,0.098,794,20,141.843,0.073,1.253,0.798,0.833
1698,4D-D-Z4.tif,0.004,0.283,0.658,0.110,830,20,162.474,0.064,1.640,0.610,0.836
1699,4D-D-Z4.tif,0.001,0.161,0.589,0.067,352,28,65.556,0.036,2.233,0.448,0.721
1700,4D-D-Z4.tif,0.001,0.158,0.537,0.060,549,17,146.310,0.036,1.967,0.508,0.722
1701,4D-D-Z4.tif,0.008,0.425,0.532,0.156,306,30,8.130,0.080,2.066,0.484,0.820
1702,4D-D-Z4.tif,0.005,0.311,0.688,0.106,368,31,38.660,0.082,1.310,0.763,0.864
1703,4D-D-Z4.tif,0.015,0.690,0.401,0.240,636,42,20.095,0.106,2.449,0.408,0.748
1704,4D-D-Z4.tif,0.001,0.165,0.627,0.064,768,26,30.964,0.038,2.027,0.493,0.726
1705,4D-D-Z4.tif,0.002,0.205,0.699,0.082,857,21,160.346,0.048,1.893,0.528,0.819
1706,4D-D-Z4.tif,0.013,0.538,0.553,0.175,121,21,118.179,0.117,1.620,0.617,0.797
1707,4D-D-Z4.tif,0.003,0.292,0.472,0.112,262,24,168.690,0.063,1.888,0.530,0.688
1708,4D-D-Z4.tif,0.007,0.409,0.510,0.148,702,33,21.801,0.084,2.078,0.481,0.749
1709,4D-D-Z4.tif,0.006,0.414,0.450,0.166,858,32,5.711,0.069,2.619,0.382,0.732
1710,4D-D-Z4.tif,0.008,0.416,0.558,0.130,39,37,27.646,0.106,1.189,0.841,0.762
1711,4D-D-Z4.tif,0.003,0.284,0.538,0.110,443,24,162.474,0.061,1.703,0.587,0.765
1712,4D-D-Z4.tif,0.008,0.416,0.549,0.138,973,38,36.870,0.094,1.430,0.699,0.814
1713,4D-D-Z4.tif,0.003,0.222,0.705,0.090,145,23,132.510,0.051,1.752,0.571,0.839
1714,4D-D-Z4.tif,0.001,0.134,0.740,0.051,617,23,139.399,0.039,1.287,0.777,0.805
1715,4D-D-Z4.tif,0.003,0.208,0.840,0.075,683,23,107.103,0.058,1.201,0.833,0.856
1716,4D-D-Z4.tif,0.004,0.289,0.592,0.106,734,30,8.973,0.069,1.693,0.590,0.732
1717,4D-D-Z4.tif,0.009,0.477,0.521,0.174,89,54,71.565,0.105,1.798,0.556,0.759
1718,4D-D-Z4.tif,0.002,0.234,0.549,0.089,358,39,60.255,0.050,1.868,0.535,0.760
1719,4D-D-Z4.tif,0.002,0.169,0.750,0.064,826,26,149.036,0.046,1.646,0.607,0.800
1720,4D-D-Z4.tif,0.018,0.649,0.547,0.232,228,53,36.327,0.131,1.868,0.535,0.825
1721,4D-D-Z4.tif,0.012,0.650,0.370,0.194,415,26,104.826,0.117,1.667,0.600,0.709
1722,4D-D-Z4.tif,0.002,0.180,0.602,0.072,546,28,157.380,0.036,1.876,0.533,0.756
1723,4D-D-Z4.tif,0.001,0.134,0.993,0.052,947,26,122.005,0.039,1.312,0.762,0.913
1724,4D-D-Z4.tif,0.003,0.241,0.684,0.083,339,36,36.870,0.065,1.320,0.758,0.825
1725,4D-D-Z4.tif,0.010,0.436,0.680,0.137,381,47,49.899,0.120,1.151,0.869,0.849
1726,4D-D-Z4.tif,0.007,0.400,0.573,0.145,763,28,114.624,0.085,2.010,0.497,0.765
1727,4D-D-Z4.tif,0.002,0.173,0.889,0.064,58,36,30.964,0.051,1.205,0.830,0.859
1728,4D-D-Z4.tif,0.002,0.244,0.519,0.078,804,37,39.289,0.064,1.375,0.727,0.750
1729,4D-D-Z4.tif,0.003,0.256,0.557,0.092,430,45,57.265,0.059,1.905,0.525,0.716
1730,4D-D-Z4.tif,0.006,0.346,0.647,0.124,276,37,159.146,0.082,1.741,0.574,0.837
1731,4D-D-Z4.tif,0.003,0.241,0.553,0.080,532,33,164.055,0.055,1.352,0.740,0.760
1732,4D-D-Z4.tif,0.010,0.463,0.615,0.148,208,32,121.329,0.125,1.122,0.891,0.813
1733,4D-D-Z4.tif,0.004,0.272,0.676,0.098,320,46,51.843,0.069,1.497,0.668,0.837
1734,4D-D-Z4.tif,0.002,0.192,0.514,0.075,512,34,162.897,0.033,2.171,0.461,0.746
1735,4D-D-Z4.tif,0.002,0.177,0.839,0.070,16,45,71.565,0.039,1.670,0.599,0.920
1736,4D-D-Z4.tif,0.007,0.336,0.750,0.118,300,50,52.595,0.088,1.303,0.768,0.876
1737,4D-D-Z4.tif,0.004,0.331,0.463,0.122,698,33,108.435,0.066,2.348,0.426,0.686
1738,4D-D-Z4.tif,0.001,0.159,0.629,0.060,824,34,123.690,0.041,1.537,0.651,0.724
1739,4D-D-Z4.tif,0.009,0.442,0.575,0.141,59,54,51.340,0.107,1.233,0.811,0.793
1740,4D-D-Z4.tif,0.002,0.226,0.461,0.086,110,34,116.565,0.049,2.029,0.493,0.649
1741,4D-D-Z4.tif,0.009,0.450,0.544,0.138,462,35,163.740,0.105,1.267,0.789,0.819
1742,4D-D-Z4.tif,0.001,0.144,0.791,0.052,960,34,122.005,0.039,1.395,0.717,0.835
1743,4D-D-Z4.tif,0.001,0.119,0.919,0.047,353,35,110.556,0.033,1.423,0.703,0.850
1744,4D-D-Z4.tif,0.010,0.460,0.598,0.178,923,40,171.119,0.083,2.292,0.436,0.853
1745,4D-D-Z4.tif,0.002,0.191,0.786,0.067,372,36,124.992,0.055,1.184,0.845,0.824
1746,4D-D-Z4.tif,0.004,0.328,0.471,0.129,789,36,140.194,0.066,2.289,0.437,0.709
1747,4D-D-Z4.tif,0.030,0.860,0.502,0.298,154,60,4.236,0.164,2.022,0.495,0.795
1748,4D-D-Z4.tif,0.005,0.362,0.525,0.121,547,55,50.528,0.082,1.696,0.590,0.778
1749,4D-D-Z4.tif,0.004,0.307,0.560,0.104,518,57,71.565,0.071,1.679,0.596,0.772
1750,4D-D-Z4.tif,0.010,0.530,0.440,0.150,999,66,81.573,0.115,1.560,0.641,0.747
1751,4D-D-Z4.tif,0.003,0.256,0.650,0.094,745,40,110.556,0.059,1.799,0.556,0.797
1752,4D-D-Z4.tif,0.008,0.366,0.712,0.134,835,50,9.462,0.081,1.735,0.576,0.871
1753,4D-D-Z4.tif,0.001,0.144,0.699,0.056,869,46,11.310,0.033,1.917,0.522,0.809
1754,4D-D-Z4.tif,0.002,0.183,0.661,0.066,960,45,175.236,0.044,1.495,0.669,0.773
1755,4D-D-Z4.tif,0.004,0.252,0.728,0.095,500,54,35.538,0.058,1.793,0.558,0.840
1756,4D-D-Z4.tif,0.007,0.367,0.656,0.130,643,55,27.646,0.093,1.375,0.727,0.838
1757,4D-D-Z4.tif,0.001,0.153,0.618,0.062,719,43,116.565,0.035,1.723,0.580,0.738
1758,4D-D-Z4.tif,0.004,0.308,0.550,0.104,341,56,32.005,0.073,1.769,0.565,0.745
1759,4D-D-Z4.tif,0.002,0.195,0.670,0.078,668,48,171.870,0.044,1.831,0.546,0.793
1760,4D-D-Z4.tif,0.024,0.834,0.430,0.295,894,47,147.200,0.131,2.623,0.381,0.779
1761,4D-D-Z4.tif,0.013,0.569,0.506,0.188,429,61,174.958,0.128,1.498,0.668,0.817
1762,4D-D-Z4.tif,0.018,0.808,0.339,0.246,18,78,26.565,0.144,1.591,0.629,0.704
1763,4D-D-Z4.tif,0.003,0.270,0.455,0.089,124,46,97.125,0.062,1.363,0.734,0.680
1764,4D-D-Z4.tif,0.003,0.246,0.671,0.099,141,58,33.690,0.054,1.895,0.528,0.833
1765,4D-D-Z4.tif,0.003,0.263,0.613,0.089,971,50,172.875,0.061,1.430,0.699,0.796
1766,4D-D-Z4.tif,0.002,0.191,0.639,0.074,104,58,48.013,0.045,1.938,0.516,0.748
1767,4D-D-Z4.tif,0.008,0.434,0.551,0.139,366,72,80.910,0.108,1.188,0.842,0.762
1768,4D-D-Z4.tif,0.006,0.370,0.539,0.133,789,47,119.745,0.093,1.956,0.511,0.725
1769,4D-D-Z4.tif,0.020,0.690,0.529,0.242,262,92,78.179,0.132,1.942,0.515,0.829
1770,4D-D-Z4.tif,0.001,0.134,0.782,0.055,755,55,36.870,0.033,1.679,0.596,0.871
1771,4D-D-Z4.tif,0.008,0.439,0.494,0.153,807,52,154.359,0.088,1.882,0.531,0.766
1772,4D-D-Z4.tif,0.009,0.480,0.503,0.148,683,50,121.329,0.103,1.531,0.653,0.752
1773,4D-D-Z4.tif,0.001,0.164,0.651,0.067,859,50,145.008,0.035,2.193,0.456,0.786
1774,4D-D-Z4.tif,0.006,0.329,0.653,0.130,280,51,126.384,0.074,1.772,0.564,0.825
1775,4D-D-Z4.tif,0.003,0.206,0.779,0.079,734,52,146.310,0.053,1.598,0.626,0.841
1776,4D-D-Z4.tif,0.001,0.131,0.932,0.052,940,53,161.565,0.039,1.234,0.810,0.832
1777,4D-D-Z4.tif,0.003,0.297,0.436,0.084,708,52,101.310,0.066,1.274,0.785,0.737
1778,4D-D-Z4.tif,0.019,0.713,0.459,0.276,613,54,153.947,0.139,1.877,0.533,0.750
1779,4D-D-Z4.tif,0.010,0.520,0.458,0.173,475,58,142.765,0.099,1.734,0.577,0.721
1780,4D-D-Z4.tif,0.002,0.176,0.906,0.064,527,57,149.036,0.054,1.175,0.851,0.871
1781,4D-D-Z4.tif,0.001,0.153,0.667,0.063,495,57,164.745,0.031,2.332,0.429,0.781
1782,4D-D-Z4.tif,0.004,0.242,0.752,0.096,719,64,23.629,0.055,1.755,0.570,0.879
1783,4D-D-Z4.tif,0.001,0.137,0.846,0.056,852,57,168.690,0.033,1.733,0.577,0.866
1784,4D-D-Z4.tif,0.003,0.204,0.883,0.083,538,56,126.870,0.055,1.386,0.722,0.928
1785,4D-D-Z4.tif,0.005,0.376,0.423,0.144,296,75,43.452,0.066,2.215,0.451,0.706
1786,4D-D-Z4.tif,0.010,0.499,0.521,0.171,334,75,20.772,0.116,1.646,0.608,0.762
1787,4D-D-Z4.tif,0.004,0.274,0.651,0.096,76,67,23.629,0.066,1.643,0.609,0.803
1788,4D-D-Z4.tif,0.005,0.294,0.706,0.104,506,64,161.565,0.071,1.507,0.663,0.860
1789,4D-D-Z4.tif,0.002,0.223,0.589,0.074,863,58,131.987,0.054,1.436,0.696,0.744
1790,4D-D-Z4.tif,0.002,0.274,0.395,0.122,657,59,161.565,0.030,4.793,0.209,0.757
1791,4D-D-Z4.tif,0.003,0.202,0.787,0.075,839,59,107.103,0.055,1.333,0.750,0.824
1792,4D-D-Z4.tif,0.004,0.250,0.849,0.094,149,63,130.236,0.062,1.463,0.683,0.897
1793,4D-D-Z4.tif,0.003,0.256,0.569,0.104,315,64,161.565,0.050,2.205,0.454,0.813
1794,4D-D-Z4.tif,0.005,0.336,0.601,0.130,383,82,62.354,0.070,2.126,0.470,0.830
1795,4D-D-Z4.tif,0.005,0.368,0.443,0.138,407,62,163.740,0.066,2.007,0.498,0.760
1796,4D-D-Z4.tif,0.007,0.419,0.491,0.138,589,77,36.870,0.083,1.819,0.550,0.748
1797,4D-D-Z4.tif,0.005,0.311,0.629,0.126,205,77,37.875,0.070,1.937,0.516,0.816
1798,4D-D-Z4.tif,0.004,0.270,0.745,0.098,224,74,38.157,0.077,1.357,0.737,0.885
1799,4D-D-Z4.tif,0.002,0.186,0.671,0.063,239,62,105.255,0.050,1.066,0.938,0.830
1800,4D-D-Z4.tif,0.004,0.316,0.523,0.108,548,70,14.744,0.065,1.851,0.540,0.761
1801,4D-D-Z4.tif,0.009,0.480,0.471,0.141,874,66,141.340,0.102,1.475,0.678,0.741
1802,4D-D-Z4.tif,0.010,0.443,0.637,0.170,942,80,29.055,0.101,1.795,0.557,0.834
1803,4D-D-Z4.tif,0.002,0.286,0.279,0.115,106,71,16.699,0.040,3.835,0.261,0.513
1804,4D-D-Z4.tif,0.009,0.452,0.550,0.147,765,68,145.713,0.107,1.434,0.697,0.753
1805,4D-D-Z4.tif,0.003,0.235,0.678,0.086,848,64,129.806,0.055,1.350,0.741,0.867
1806,4D-D-Z4.tif,0.001,0.131,0.865,0.054,804,66,156.038,0.036,1.592,0.628,0.812
1807,4D-D-Z4.tif,0.004,0.353,0.400,0.115,451,70,144.782,0.088,1.137,0.880,0.619
1808,4D-D-Z4.tif,0.004,0.257,0.699,0.098,533,66,116.565,0.059,1.488,0.672,0.837
1809,4D-D-Z4.tif,0.001,0.163,0.575,0.070,816,66,108.435,0.029,2.951,0.339,0.769
1810,4D-D-Z4.tif,0.011,0.574,0.406,0.179,60,70,162.121,0.099,1.776,0.563,0.755
1811,4D-D-Z4.tif,0.001,0.183,0.547,0.073,742,69,167.005,0.038,2.196,0.455,0.744
1812,4D-D-Z4.tif,0.002,0.219,0.598,0.083,727,75,7.595,0.054,1.643,0.609,0.743
1813,4D-D-Z4.tif,0.007,0.368,0.651,0.143,669,69,117.553,0.080,1.974,0.507,0.846
1814,4D-D-Z4.tif,0.011,0.503,0.557,0.180,977,69,117.350,0.105,2.098,0.477,0.819
1815,4D-D-Z4.tif,0.005,0.276,0.743,0.094,147,87,83.290,0.073,1.225,0.816,0.847
1816,4D-D-Z4.tif,0.005,0.291,0.814,0.102,184,72,143.746,0.077,1.065,0.939,0.916
1817,4D-D-Z4.tif,0.004,0.249,0.824,0.094,518,85,61.928,0.066,1.301,0.768,0.912
1818,4D-D-Z4.tif,0.004,0.275,0.630,0.096,161,75,149.036,0.072,1.217,0.822,0.817
1819,4D-D-Z4.tif,0.002,0.181,0.616,0.075,399,71,126.027,0.035,2.361,0.423,0.785
1820,4D-D-Z4.tif,0.004,0.307,0.474,0.121,541,72,136.848,0.063,2.336,0.428,0.682
1821,4D-D-Z4.tif,0.002,0.164,0.778,0.067,38,82,55.008,0.042,1.778,0.562,0.853
1822,4D-D-Z4.tif,0.007,0.400,0.550,0.153,366,98,68.962,0.083,2.273,0.440,0.787
1823,4D-D-Z4.tif,0.003,0.276,0.549,0.099,566,72,109.440,0.059,1.595,0.627,0.780
1824,4D-D-Z4.tif,0.001,0.136,0.829,0.051,318,73,130.601,0.037,1.476,0.677,0.792
1825,4D-D-Z4.tif,0.001,0.145,0.776,0.060,806,82,56.310,0.038,1.466,0.682,0.843
1826,4D-D-Z4.tif,0.001,0.130,0.906,0.052,345,79,32.005,0.038,1.414,0.707,0.870
1827,4D-D-Z4.tif,0.002,0.214,0.649,0.072,416,74,122.471,0.054,1.177,0.849,0.812
1828,4D-D-Z4.tif,0.005,0.426,0.321,0.133,573,90,29.745,0.078,1.877,0.533,0.626
1829,4D-D-Z4.tif,0.006,0.375,0.551,0.131,691,96,67.751,0.092,1.632,0.613,0.786
1830,4D-D-Z4.tif,0.002,0.184,0.741,0.072,715,77,171.254,0.049,1.478,0.676,0.786
1831,4D-D-Z4.tif,0.006,0.344,0.638,0.112,820,79,168.690,0.097,1.176,0.850,0.781
1832,4D-D-Z4.tif,0.004,0.283,0.672,0.094,217,89,49.764,0.074,1.261,0.793,0.844
1833,4D-D-Z4.tif,0.003,0.214,0.840,0.073,511,75,102.995,0.066,1.080,0.926,0.849
1834,4D-D-Z4.tif,0.002,0.217,0.638,0.082,847,75,109.654,0.055,1.628,0.614,0.745
1835,4D-D-Z4.tif,0.002,0.220,0.478,0.086,90,83,26.565,0.037,2.808,0.356,0.726
1836,4D-D-Z4.tif,0.008,0.462,0.467,0.139,281,87,18.435,0.117,1.029,0.971,0.717
1837,4D-D-Z4.tif,0.007,0.405,0.543,0.122,47,77,125.838,0.099,1.228,0.814,0.766
1838,4D-D-Z4.tif,0.008,0.405,0.592,0.157,123,100,53.531,0.088,2.149,0.465,0.820
1839,4D-D-Z4.tif,0.002,0.175,0.733,0.067,650,87,55.008,0.046,1.573,0.636,0.819
1840,4D-D-Z4.tif,0.003,0.272,0.531,0.099,202,93,56.310,0.064,1.837,0.544,0.760
1841,4D-D-Z4.tif,0.002,0.211,0.583,0.070,234,89,51.340,0.053,1.274,0.785,0.756
1842,4D-D-Z4.tif,0.007,0.423,0.467,0.140,331,79,115.560,0.084,1.809,0.553,0.741
1843,4D-D-Z4.tif,0.002,0.202,0.684,0.075,769,81,143.973,0.050,1.501,0.666,0.820
1844,4D-D-Z4.tif,0.009,0.445,0.574,0.167,709,80,99.462,0.083,2.058,0.486,0.833
1845,4D-D-Z4.tif,0.003,0.237,0.649,0.081,956,82,151.699,0.061,1.328,0.753,0.831
1846,4D-D-Z4.tif,0.005,0.397,0.394,0.106,350,99,68.749,0.083,1.127,0.887,0.728
1847,4D-D-Z4.tif,0.011,0.561,0.423,0.182,398,114,84.806,0.122,1.831,0.546,0.708
1848,4D-D-Z4.tif,0.004,0.363,0.399,0.124,614,81,122.276,0.077,1.646,0.607,0.633
1849,4D-D-Z4.tif,0.008,0.511,0.388,0.181,725,87,160.463,0.076,2.482,0.403,0.779
1850,4D-D-Z4.tif,0.019,0.728,0.442,0.189,901,109,54.462,0.163,1.206,0.829,0.793
1851,4D-D-Z4.tif,0.001,0.126,0.857,0.049,25,84,153.435,0.035,1.344,0.744,0.847
1852,4D-D-Z4.tif,0.007,0.364,0.645,0.133,439,84,138.366,0.089,1.708,0.585,0.852
1853,4D-D-Z4.tif,0.002,0.175,0.684,0.064,634,82,120.964,0.050,1.349,0.741,0.791
1854,4D-D-Z4.tif,0.001,0.187,0.488,0.067,749,88,9.462,0.047,1.667,0.600,0.638
1855,4D-D-Z4.tif,0.002,0.189,0.659,0.070,388,93,51.340,0.040,1.671,0.598,0.827
1856,4D-D-Z4.tif,0.001,0.159,0.599,0.059,590,86,158.199,0.038,1.426,0.701,0.741
1857,4D-D-Z4.tif,0.001,0.158,0.690,0.062,855,84,153.435,0.038,1.728,0.579,0.783
1858,4D-D-Z4.tif,0.003,0.257,0.615,0.094,884,93,20.556,0.066,1.473,0.679,0.770
1859,4D-D-Z4.tif,0.009,0.423,0.631,0.142,1000,84,125.538,0.113,1.156,0.865,0.843
1860,4D-D-Z4.tif,0.001,0.153,0.569,0.060,159,92,33.690,0.036,1.899,0.527,0.667
1861,4D-D-Z4.tif,0.001,0.152,0.778,0.062,174,85,100.305,0.033,1.809,0.553,0.879
1862,4D-D-Z4.tif,0.001,0.146,0.806,0.057,185,90,16.699,0.028,1.840,0.544,0.947
1863,4D-D-Z4.tif,0.001,0.164,0.609,0.067,314,85,99.462,0.033,2.141,0.467,0.775
1864,4D-D-Z4.tif,0.004,0.275,0.700,0.098,97,86,106.390,0.072,1.323,0.756,0.861
1865,4D-D-Z4.tif,0.003,0.248,0.605,0.090,423,86,100.620,0.060,1.439,0.695,0.754
1866,4D-D-Z4.tif,0.005,0.303,0.677,0.103,277,88,105.524,0.076,1.409,0.710,0.821
1867,4D-D-Z4.tif,0.004,0.281,0.596,0.106,27,89,111.251,0.063,1.587,0.630,0.795
1868,4D-D-Z4.tif,0.002,0.153,0.943,0.057,251,89,106.699,0.044,1.200,0.833,0.892
1869,4D-D-Z4.tif,0.004,0.301,0.511,0.116,473,90,154.654,0.059,1.971,0.507,0.772
1870,4D-D-Z4.tif,0.003,0.236,0.725,0.084,809,95,156.801,0.063,1.353,0.739,0.828
1871,4D-D-Z4.tif,0.001,0.141,0.866,0.055,927,97,53.130,0.039,1.471,0.680,0.865
1872,4D-D-Z4.tif,0.002,0.167,0.762,0.063,216,90,127.875,0.047,1.238,0.808,0.848
1873,4D-D-Z4.tif,0.005,0.320,0.642,0.117,233,90,98.130,0.072,1.501,0.666,0.836
1874,4D-D-Z4.tif,0.006,0.367,0.591,0.131,521,93,146.976,0.084,1.671,0.598,0.781
1875,4D-D-Z4.tif,0.002,0.164,0.722,0.057,785,100,73.301,0.048,1.259,0.794,0.816
1876,4D-D-Z4.tif,0.006,0.303,0.765,0.110,103,95,162.474,0.077,1.481,0.675,0.869
1877,4D-D-Z4.tif,0.002,0.169,0.892,0.067,186,92,145.008,0.044,1.343,0.744,0.931
1878,4D-D-Z4.tif,0.011,0.524,0.519,0.188,651,105,15.255,0.095,2.044,0.489,0.832
1879,4D-D-Z4.tif,0.004,0.298,0.505,0.100,137,97,170.538,0.065,1.732,0.577,0.744
1880,4D-D-Z4.tif,0.006,0.376,0.533,0.126,761,93,113.199,0.078,1.943,0.515,0.797
1881,4D-D-Z4.tif,0.003,0.230,0.759,0.085,161,103,14.931,0.058,1.536,0.651,0.847
1882,4D-D-Z4.tif,0.004,0.314,0.522,0.103,374,100,164.476,0.071,1.711,0.584,0.763
1883,4D-D-Z4.tif,0.002,0.191,0.566,0.067,635,93,124.992,0.047,1.725,0.580,0.735
1884,4D-D-Z4.tif,0.001,0.142,0.717,0.056,798,96,168.690,0.033,1.776,0.563,0.800
1885,4D-D-Z4.tif,0.004,0.294,0.521,0.111,942,100,5.711,0.063,1.995,0.501,0.702
1886,4D-D-Z4.tif,0.003,0.259,0.572,0.098,10,94,116.565,0.057,2.051,0.488,0.748
1887,4D-D-Z4.tif,0.001,0.133,0.819,0.054,433,95,156.038,0.033,1.768,0.566,0.854
1888,4D-D-Z4.tif,0.004,0.283,0.615,0.107,555,96,145.491,0.063,1.717,0.583,0.827
1889,4D-D-Z4.tif,0.005,0.439,0.356,0.193,865,94,149.036,0.060,3.832,0.261,0.705
1890,4D-D-Z4.tif,0.008,0.364,0.714,0.135,70,101,168.232,0.081,1.792,0.558,0.836
1891,4D-D-Z4.tif,0.002,0.195,0.630,0.072,355,108,67.380,0.046,1.358,0.736,0.797
1892,4D-D-Z4.tif,0.003,0.256,0.482,0.092,173,106,17.354,0.058,1.564,0.640,0.709
1893,4D-D-Z4.tif,0.014,0.678,0.384,0.225,493,98,149.036,0.122,1.621,0.617,0.716
1894,4D-D-Z4.tif,0.004,0.301,0.536,0.106,594,100,158.749,0.074,1.366,0.732,0.749
1895,4D-D-Z4.tif,0.004,0.311,0.499,0.113,716,112,43.025,0.066,1.692,0.591,0.713
1896,4D-D-Z4.tif,0.004,0.372,0.367,0.130,210,101,126.384,0.069,2.025,0.494,0.636
1897,4D-D-Z4.tif,0.005,0.329,0.540,0.129,427,108,9.866,0.067,2.330,0.429,0.762
1898,4D-D-Z4.tif,0.002,0.158,0.868,0.062,613,100,153.435,0.039,1.567,0.638,0.912
1899,4D-D-Z4.tif,0.006,0.325,0.772,0.126,787,103,142.125,0.075,1.614,0.620,0.881
1900,4D-D-Z4.tif,0.003,0.281,0.524,0.109,413,117,59.534,0.062,1.898,0.527,0.793
1901,4D-D-Z4.tif,0.020,0.709,0.509,0.254,848,101,130.601,0.138,2.200,0.454,0.796
1902,4D-D-Z4.tif,0.002,0.159,0.794,0.059,933,103,158.199,0.039,1.501,0.666,0.869
1903,4D-D-Z4.tif,0.001,0.200,0.418,0.072,124,101,112.620,0.033,2.441,0.410,0.677
1904,4D-D-Z4.tif,0.006,0.342,0.601,0.113,50,110,22.834,0.088,1.335,0.749,0.804
1905,4D-D-Z4.tif,0.003,0.250,0.675,0.096,130,104,156.371,0.055,2.048,0.488,0.828
1906,4D-D-Z4.tif,0.003,0.206,0.833,0.077,463,106,158.962,0.059,1.262,0.792,0.849
1907,4D-D-Z4.tif,0.003,0.239,0.619,0.092,957,105,162.646,0.053,1.873,0.534,0.791
1908,4D-D-Z4.tif,0.002,0.158,0.782,0.067,542,104,124.992,0.039,1.856,0.539,0.816
1909,4D-D-Z4.tif,0.001,0.189,0.502,0.078,573,114,45.000,0.038,2.338,0.428,0.712
1910,4D-D-Z4.tif,0.006,0.397,0.505,0.150,186,109,162.897,0.077,2.024,0.494,0.773
1911,4D-D-Z4.tif,0.006,0.335,0.626,0.119,368,115,21.801,0.072,1.683,0.594,0.850
1912,4D-D-Z4.tif,0.010,0.414,0.712,0.166,664,117,21.448,0.103,1.513,0.661,0.886
1913,4D-D-Z4.tif,0.003,0.242,0.654,0.089,727,113,29.745,0.062,1.390,0.720,0.828
1914,4D-D-Z4.tif,0.010,0.419,0.734,0.155,244,113,163.496,0.093,1.678,0.596,0.905
1915,4D-D-Z4.tif,0.003,0.281,0.462,0.106,301,108,152.103,0.050,2.321,0.431,0.686
1916,4D-D-Z4.tif,0.008,0.456,0.504,0.146,321,106,109.799,0.100,1.480,0.676,0.801
1917,4D-D-Z4.tif,0.002,0.195,0.640,0.069,650,106,118.610,0.053,1.266,0.790,0.736
1918,4D-D-Z4.tif,0.002,0.192,0.672,0.072,833,106,98.746,0.050,1.360,0.735,0.793
1919,4D-D-Z4.tif,0.001,0.156,0.624,0.060,283,108,146.310,0.037,1.970,0.508,0.708
1920,4D-D-Z4.tif,0.008,0.488,0.408,0.152,442,126,40.601,0.096,1.717,0.582,0.697
1921,4D-D-Z4.tif,0.013,0.589,0.470,0.189,806,109,125.538,0.128,1.635,0.612,0.773
1922,4D-D-Z4.tif,0.003,0.200,0.835,0.079,388,109,123.690,0.050,1.527,0.655,0.912
1923,4D-D-Z4.tif,0.008,0.542,0.356,0.161,947,114,172.147,0.126,1.089,0.918,0.655
1924,4D-D-Z4.tif,0.007,0.439,0.429,0.133,478,110,131.634,0.089,1.406,0.711,0.721
1925,4D-D-Z4.tif,0.001,0.153,0.585,0.057,931,115,29.055,0.033,1.640,0.610,0.766
1926,4D-D-Z4.tif,0.002,0.219,0.598,0.089,989,112,150.255,0.046,1.993,0.502,0.761
1927,4D-D-Z4.tif,0.002,0.178,0.791,0.070,15,111,128.660,0.047,1.569,0.637,0.852
1928,4D-D-Z4.tif,0.044,0.994,0.563,0.295,37,163,75.964,0.236,1.180,0.847,0.834
1929,4D-D-Z4.tif,0.006,0.406,0.439,0.141,159,111,120.579,0.074,1.993,0.502,0.708
1930,4D-D-Z4.tif,0.002,0.169,0.723,0.072,977,113,157.380,0.035,2.230,0.448,0.812
1931,4D-D-Z4.tif,0.004,0.303,0.488,0.096,140,123,13.241,0.077,1.197,0.835,0.670
1932,4D-D-Z4.tif,0.002,0.194,0.780,0.078,700,122,45.000,0.048,1.602,0.624,0.880
1933,4D-D-Z4.tif,0.024,0.957,0.323,0.239,95,113,97.943,0.181,1.293,0.773,0.713
1934,4D-D-Z4.tif,0.009,0.552,0.375,0.199,598,113,140.599,0.095,2.196,0.455,0.730
1935,4D-D-Z4.tif,0.016,0.788,0.320,0.243,640,113,95.194,0.112,2.131,0.469,0.720
1936,4D-D-Z4.tif,0.010,0.433,0.666,0.170,740,116,155.095,0.087,2.010,0.498,0.886
1937,4D-D-Z4.tif,0.007,0.420,0.498,0.136,231,119,136.637,0.098,1.477,0.677,0.734
1938,4D-D-Z4.tif,0.004,0.295,0.617,0.094,355,132,69.444,0.080,1.038,0.964,0.758
1939,4D-D-Z4.tif,0.003,0.245,0.627,0.092,301,119,147.265,0.061,1.594,0.627,0.798
1940,4D-D-Z4.tif,0.003,0.287,0.508,0.098,427,119,128.157,0.056,2.051,0.488,0.724
1941,4D-D-Z4.tif,0.001,0.163,0.705,0.063,526,126,52.125,0.044,1.430,0.699,0.810
1942,4D-D-Z4.tif,0.007,0.438,0.462,0.155,942,117,106.504,0.085,1.878,0.532,0.725
1943,4D-D-Z4.tif,0.001,0.137,0.746,0.054,878,118,113.962,0.032,1.855,0.539,0.822
1944,4D-D-Z4.tif,0.005,0.325,0.572,0.131,887,127,14.621,0.059,2.584,0.387,0.807
1945,4D-D-Z4.tif,0.004,0.391,0.346,0.138,976,129,16.260,0.054,3.499,0.286,0.630
1946,4D-D-Z4.tif,0.003,0.309,0.382,0.101,202,121,157.620,0.060,1.598,0.626,0.660
1947,4D-D-Z4.tif,0.002,0.167,0.708,0.067,280,126,9.462,0.035,1.970,0.508,0.806
1948,4D-D-Z4.tif,0.002,0.230,0.535,0.069,515,123,151.390,0.062,1.254,0.798,0.708
1949,4D-D-Z4.tif,0.007,0.456,0.423,0.150,781,120,143.973,0.084,2.005,0.499,0.683
1950,4D-D-Z4.tif,0.006,0.459,0.346,0.165,832,120,126.870,0.068,2.625,0.381,0.666
1951,4D-D-Z4.tif,0.001,0.154,0.575,0.067,192,122,155.556,0.030,2.902,0.345,0.758
1952,4D-D-Z4.tif,0.002,0.253,0.415,0.101,403,129,22.380,0.046,2.763,0.362,0.660
1953,4D-D-Z4.tif,0.039,1.056,0.438,0.322,587,179,77.152,0.220,1.624,0.616,0.777
1954,4D-D-Z4.tif,0.006,0.355,0.598,0.132,249,123,135.000,0.085,1.634,0.612,0.807
1955,4D-D-Z4.tif,0.010,0.414,0.708,0.145,660,141,37.304,0.112,1.188,0.842,0.872
1956,4D-D-Z4.tif,0.004,0.287,0.614,0.111,375,124,110.225,0.059,2.095,0.477,0.792
1957,4D-D-Z4.tif,0.017,0.652,0.492,0.210,535,147,29.932,0.140,1.275,0.784,0.779
1958,4D-D-Z4.tif,0.004,0.351,0.429,0.127,716,125,162.350,0.066,2.075,0.482,0.706
1959,4D-D-Z4.tif,0.004,0.325,0.505,0.113,922,124,133.025,0.077,1.450,0.690,0.731
1960,4D-D-Z4.tif,0.005,0.417,0.388,0.127,121,148,85.030,0.087,1.446,0.692,0.697
1961,4D-D-Z4.tif,0.005,0.359,0.515,0.110,288,131,162.474,0.070,1.630,0.614,0.825
1962,4D-D-Z4.tif,0.002,0.242,0.525,0.082,695,127,160.346,0.050,1.770,0.565,0.740
1963,4D-D-Z4.tif,0.003,0.244,0.583,0.096,902,129,156.371,0.057,1.829,0.547,0.700
1964,4D-D-Z4.tif,0.006,0.378,0.541,0.128,186,149,82.569,0.083,1.670,0.599,0.753
1965,4D-D-Z4.tif,0.002,0.183,0.877,0.067,176,127,124.992,0.055,1.116,0.896,0.870
1966,4D-D-Z4.tif,0.003,0.264,0.585,0.096,270,129,166.759,0.063,1.665,0.601,0.723
1967,4D-D-Z4.tif,0.012,0.581,0.454,0.194,319,136,145.408,0.134,1.445,0.692,0.729
1968,4D-D-Z4.tif,0.003,0.247,0.593,0.087,509,127,124.695,0.059,1.526,0.655,0.782
1969,4D-D-Z4.tif,0.006,0.403,0.445,0.115,143,145,54.782,0.093,1.172,0.853,0.800
1970,4D-D-Z4.tif,0.003,0.231,0.647,0.098,386,128,116.565,0.045,2.305,0.434,0.843
1971,4D-D-Z4.tif,0.003,0.294,0.508,0.101,472,132,157.620,0.063,1.854,0.539,0.767
1972,4D-D-Z4.tif,0.001,0.134,0.845,0.060,357,131,146.310,0.034,1.948,0.513,0.860
1973,4D-D-Z4.tif,0.003,0.225,0.639,0.079,407,132,146.310,0.061,1.234,0.811,0.759
1974,4D-D-Z4.tif,0.012,0.676,0.318,0.191,756,133,146.768,0.136,1.411,0.709,0.629
1975,4D-D-Z4.tif,0.001,0.122,0.923,0.049,690,141,63.435,0.033,1.528,0.654,0.900
1976,4D-D-Z4.tif,0.005,0.312,0.632,0.101,705,136,139.399,0.081,1.156,0.865,0.810
1977,4D-D-Z4.tif,0.002,0.176,0.796,0.064,990,139,19.983,0.050,1.121,0.892,0.828
1978,4D-D-Z4.tif,0.003,0.195,0.910,0.075,433,140,17.103,0.055,1.260,0.794,0.897
1979,4D-D-Z4.tif,0.005,0.303,0.677,0.107,451,148,34.509,0.064,1.793,0.558,0.858
1980,4D-D-Z4.tif,0.004,0.261,0.706,0.104,494,151,57.995,0.054,2.074,0.482,0.857
1981,4D-D-Z4.tif,0.003,0.214,0.707,0.083,967,145,36.870,0.052,1.641,0.609,0.817
1982,4D-D-Z4.tif,0.008,0.624,0.270,0.190,121,166,64.179,0.111,1.992,0.502,0.592
1983,4D-D-Z4.tif,0.004,0.267,0.646,0.096,802,144,166.759,0.072,1.064,0.940,0.776
1984,4D-D-Z4.tif,0.010,0.436,0.646,0.160,66,138,95.906,0.100,1.755,0.570,0.824
1985,4D-D-Z4.tif,0.002,0.178,0.695,0.069,174,138,118.610,0.049,1.417,0.706,0.784
1986,4D-D-Z4.tif,0.004,0.309,0.553,0.118,236,138,127.405,0.066,1.991,0.502,0.770
1987,4D-D-Z4.tif,0.005,0.335,0.521,0.111,356,157,63.435,0.068,1.712,0.584,0.777
1988,4D-D-Z4.tif,0.004,0.348,0.462,0.124,737,160,77.196,0.079,1.948,0.513,0.662
1989,4D-D-Z4.tif,0.002,0.161,0.883,0.062,217,146,26.565,0.047,1.314,0.761,0.863
1990,4D-D-Z4.tif,0.001,0.150,0.645,0.062,311,140,116.565,0.035,2.151,0.465,0.738
1991,4D-D-Z4.tif,0.003,0.272,0.444,0.083,279,141,143.130,0.061,1.399,0.715,0.729
1992,4D-D-Z4.tif,0.010,0.500,0.518,0.175,410,144,151.821,0.102,1.703,0.587,0.739
1993,4D-D-Z4.tif,0.004,0.311,0.456,0.091,509,151,14.036,0.072,1.050,0.953,0.732
1994,4D-D-Z4.tif,0.001,0.125,0.900,0.047,1010,148,54.462,0.038,1.204,0.831,0.881
1995,4D-D-Z4.tif,0.001,0.134,0.888,0.055,300,149,36.870,0.037,1.519,0.658,0.840
1996,4D-D-Z4.tif,0.008,0.449,0.515,0.148,660,142,116.565,0.090,1.751,0.571,0.801
1997,4D-D-Z4.tif,0.003,0.224,0.700,0.085,690,142,104.931,0.053,1.786,0.560,0.818
1998,4D-D-Z4.tif,0.006,0.475,0.313,0.143,792,142,105.642,0.085,1.650,0.606,0.590
1999,4D-D-Z4.tif,0.015,0.762,0.328,0.208,856,142,127.476,0.126,1.525,0.656,0.765
2000,4D-D-Z4.tif,0.003,0.217,0.864,0.081,893,142,118.301,0.061,1.409,0.710,0.881
2001,4D-D-Z4.tif,0.016,0.631,0.517,0.204,970,156,175.365,0.133,1.549,0.646,0.763
2002,4D-D-Z4.tif,0.003,0.328,0.403,0.128,620,144,154.537,0.047,3.204,0.312,0.728
2003,4D-D-Z4.tif,0.003,0.237,0.676,0.079,148,154,24.775,0.066,1.192,0.839,0.820
2004,4D-D-Z4.tif,0.006,0.314,0.751,0.124,461,154,12.804,0.072,1.728,0.579,0.880
2005,4D-D-Z4.tif,0.002,0.216,0.531,0.080,104,146,164.055,0.038,2.303,0.434,0.778
2006,4D-D-Z4.tif,0.006,0.372,0.561,0.116,256,164,58.570,0.092,1.265,0.790,0.754
2007,4D-D-Z4.tif,0.004,0.247,0.768,0.090,837,149,10.620,0.061,1.356,0.738,0.872
2008,4D-D-Z4.tif,0.004,0.241,0.849,0.084,916,156,31.608,0.073,1.129,0.886,0.872
2009,4D-D-Z4.tif,0.007,0.352,0.716,0.129,222,148,140.194,0.093,1.578,0.634,0.832
2010,4D-D-Z4.tif,0.002,0.222,0.496,0.077,952,152,158.962,0.055,1.499,0.667,0.684
2011,4D-D-Z4.tif,0.013,0.753,0.284,0.223,181,187,74.249,0.120,2.079,0.481,0.704
2012,4D-D-Z4.tif,0.005,0.358,0.538,0.148,318,148,121.329,0.072,2.421,0.413,0.784
2013,4D-D-Z4.tif,0.006,0.355,0.557,0.118,821,149,117.759,0.075,1.799,0.556,0.768
2014,4D-D-Z4.tif,0.012,0.521,0.538,0.163,210,150,113.962,0.118,1.339,0.747,0.805
2015,4D-D-Z4.tif,0.005,0.346,0.523,0.121,369,166,43.152,0.078,1.693,0.591,0.770
2016,4D-D-Z4.tif,0.003,0.233,0.682,0.086,548,153,153.435,0.053,1.453,0.688,0.836
2017,4D-D-Z4.tif,0.002,0.194,0.537,0.072,290,151,157.380,0.050,1.649,0.607,0.721
2018,4D-D-Z4.tif,0.001,0.142,0.680,0.057,902,152,150.945,0.034,2.056,0.486,0.742
2019,4D-D-Z4.tif,0.002,0.225,0.466,0.084,105,154,148.392,0.055,1.706,0.586,0.667
2020,4D-D-Z4.tif,0.004,0.261,0.706,0.089,392,161,29.745,0.074,1.159,0.862,0.826
2021,4D-D-Z4.tif,0.005,0.308,0.626,0.103,536,169,64.799,0.075,1.303,0.767,0.806
2022,4D-D-Z4.tif,0.003,0.270,0.485,0.099,269,168,56.310,0.056,2.015,0.496,0.721
2023,4D-D-Z4.tif,0.008,0.434,0.533,0.149,615,175,51.009,0.094,1.662,0.602,0.790
2024,4D-D-Z4.tif,0.003,0.267,0.477,0.085,458,154,104.931,0.062,1.361,0.735,0.698
2025,4D-D-Z4.tif,0.011,0.526,0.510,0.178,692,160,163.811,0.117,1.489,0.672,0.749
2026,4D-D-Z4.tif,0.002,0.258,0.429,0.085,911,163,14.931,0.050,1.973,0.507,0.649
2027,4D-D-Z4.tif,0.003,0.226,0.691,0.081,439,156,151.699,0.058,1.331,0.751,0.849
2028,4D-D-Z4.tif,0.004,0.294,0.587,0.099,465,168,33.690,0.070,1.581,0.632,0.760
2029,4D-D-Z4.tif,0.004,0.340,0.427,0.134,924,177,55.008,0.055,2.796,0.358,0.697
2030,4D-D-Z4.tif,0.006,0.339,0.628,0.126,347,158,156.801,0.078,1.637,0.611,0.829
2031,4D-D-Z4.tif,0.003,0.270,0.563,0.095,751,157,100.008,0.066,1.463,0.684,0.735
2032,4D-D-Z4.tif,0.004,0.287,0.655,0.111,777,177,69.775,0.063,1.798,0.556,0.802
2033,4D-D-Z4.tif,0.003,0.290,0.393,0.090,892,158,100.620,0.067,1.761,0.568,0.563
2034,4D-D-Z4.tif,0.008,0.385,0.704,0.144,98,159,130.365,0.098,1.496,0.669,0.874
2035,4D-D-Z4.tif,0.002,0.225,0.594,0.095,517,159,125.538,0.043,2.254,0.444,0.790
2036,4D-D-Z4.tif,0.003,0.276,0.514,0.090,88,176,79.380,0.061,1.429,0.700,0.772
2037,4D-D-Z4.tif,0.003,0.262,0.544,0.110,547,176,53.130,0.047,2.511,0.398,0.824
2038,4D-D-Z4.tif,0.002,0.187,0.759,0.070,603,172,71.565,0.053,1.408,0.710,0.854
2039,4D-D-Z4.tif,0.005,0.267,0.848,0.099,939,176,56.310,0.074,1.308,0.764,0.888
2040,4D-D-Z4.tif,0.012,0.531,0.525,0.168,290,180,23.199,0.124,1.454,0.688,0.796
2041,4D-D-Z4.tif,0.006,0.369,0.540,0.125,394,180,48.576,0.090,1.321,0.757,0.769
2042,4D-D-Z4.tif,0.008,0.368,0.784,0.138,144,177,16.260,0.088,1.392,0.718,0.910
2043,4D-D-Z4.tif,0.005,0.312,0.663,0.106,382,181,68.749,0.083,1.250,0.800,0.842
2044,4D-D-Z4.tif,0.007,0.462,0.412,0.135,728,178,11.768,0.095,1.401,0.714,0.744
2045,4D-D-Z4.tif,0.001,0.137,0.846,0.056,841,168,11.310,0.033,1.574,0.635,0.875
2046,4D-D-Z4.tif,0.014,0.523,0.630,0.167,32,180,17.241,0.130,1.163,0.860,0.857
2047,4D-D-Z4.tif,0.005,0.312,0.612,0.116,233,177,31.430,0.069,1.962,0.510,0.820
2048,4D-D-Z4.tif,0.002,0.246,0.489,0.077,450,178,68.962,0.056,1.416,0.706,0.739
2049,4D-D-Z4.tif,0.005,0.305,0.664,0.110,198,166,107.526,0.071,1.736,0.576,0.837
2050,4D-D-Z4.tif,0.006,0.306,0.760,0.101,673,179,22.380,0.088,1.193,0.839,0.856
2051,4D-D-Z4.tif,0.001,0.154,0.559,0.067,904,174,34.992,0.029,2.677,0.374,0.753
2052,4D-D-Z4.tif,0.003,0.225,0.662,0.081,989,168,151.699,0.061,1.323,0.756,0.796
2053,4D-D-Z4.tif,0.002,0.186,0.638,0.062,496,178,63.435,0.050,1.217,0.822,0.800
2054,4D-D-Z4.tif,0.002,0.211,0.540,0.073,766,168,102.995,0.054,1.457,0.686,0.712
2055,4D-D-Z4.tif,0.006,0.339,0.656,0.132,503,184,16.928,0.076,1.728,0.579,0.846
2056,4D-D-Z4.tif,0.001,0.122,0.897,0.051,809,172,12.529,0.028,1.664,0.601,0.897
2057,4D-D-Z4.tif,0.002,0.200,0.544,0.072,534,172,147.529,0.041,2.159,0.463,0.708
2058,4D-D-Z4.tif,0.011,0.550,0.446,0.170,826,190,35.754,0.126,1.502,0.666,0.714
2059,4D-D-Z4.tif,0.008,0.441,0.492,0.150,421,171,98.427,0.088,1.752,0.571,0.824
2060,4D-D-Z4.tif,0.002,0.183,0.752,0.070,354,172,108.435,0.044,1.486,0.673,0.857
2061,4D-D-Z4.tif,0.012,0.464,0.707,0.185,577,172,100.305,0.105,1.894,0.528,0.895
2062,4D-D-Z4.tif,0.005,0.322,0.561,0.119,249,173,103.392,0.062,2.232,0.448,0.783
2063,4D-D-Z4.tif,0.012,0.547,0.499,0.154,478,197,55.176,0.135,1.075,0.930,0.789
2064,4D-D-Z4.tif,0.001,0.175,0.534,0.063,797,180,37.875,0.042,1.562,0.640,0.735
2065,4D-D-Z4.tif,0.006,0.385,0.532,0.153,973,175,158.962,0.068,2.875,0.348,0.778
2066,4D-D-Z4.tif,0.004,0.231,0.825,0.083,360,176,143.130,0.066,1.276,0.784,0.869
2067,4D-D-Z4.tif,0.003,0.230,0.687,0.081,1006,187,61.699,0.058,1.492,0.670,0.792
2068,4D-D-Z4.tif,0.003,0.224,0.716,0.082,269,181,19.654,0.055,1.449,0.690,0.817
2069,4D-D-Z4.tif,0.012,0.570,0.448,0.188,43,201,37.875,0.106,2.220,0.450,0.776
2070,4D-D-Z4.tif,0.013,0.609,0.454,0.225,205,188,11.310,0.092,2.987,0.335,0.764
2071,4D-D-Z4.tif,0.005,0.379,0.455,0.124,310,196,57.724,0.091,1.488,0.672,0.721
2072,4D-D-Z4.tif,0.004,0.305,0.574,0.113,953,180,150.945,0.067,1.894,0.528,0.765
2073,4D-D-Z4.tif,0.004,0.331,0.480,0.111,75,188,5.711,0.068,1.550,0.645,0.713
2074,4D-D-Z4.tif,0.013,0.615,0.447,0.228,126,185,171.674,0.101,2.145,0.466,0.796
2075,4D-D-Z4.tif,0.001,0.164,0.552,0.060,450,180,146.310,0.038,1.850,0.540,0.736
2076,4D-D-Z4.tif,0.004,0.300,0.583,0.109,108,180,120.466,0.065,1.638,0.610,0.802
2077,4D-D-Z4.tif,0.001,0.126,0.810,0.047,406,180,110.556,0.037,1.278,0.783,0.829
2078,4D-D-Z4.tif,0.004,0.268,0.629,0.096,460,188,13.241,0.061,1.707,0.586,0.780
2079,4D-D-Z4.tif,0.005,0.346,0.574,0.136,554,204,75.964,0.055,2.645,0.378,0.872
2080,4D-D-Z4.tif,0.006,0.381,0.490,0.124,605,196,32.276,0.090,1.530,0.654,0.757
2081,4D-D-Z4.tif,0.001,0.133,0.841,0.055,345,182,143.130,0.037,1.595,0.627,0.848
2082,4D-D-Z4.tif,0.002,0.208,0.645,0.072,596,182,157.380,0.059,1.348,0.742,0.772
2083,4D-D-Z4.tif,0.011,0.493,0.544,0.167,653,182,107.241,0.099,1.660,0.602,0.840
2084,4D-D-Z4.tif,0.008,0.478,0.427,0.184,792,185,171.384,0.085,2.675,0.374,0.707
2085,4D-D-Z4.tif,0.003,0.222,0.643,0.095,890,181,144.462,0.049,2.287,0.437,0.790
2086,4D-D-Z4.tif,0.008,0.513,0.403,0.151,924,193,19.093,0.099,1.475,0.678,0.785
2087,4D-D-Z4.tif,0.001,0.133,0.798,0.049,280,186,153.435,0.039,1.058,0.945,0.831
2088,4D-D-Z4.tif,0.013,0.683,0.356,0.246,703,220,55.954,0.102,2.639,0.379,0.685
2089,4D-D-Z4.tif,0.007,0.372,0.600,0.145,866,183,142.696,0.081,2.030,0.493,0.821
2090,4D-D-Z4.tif,0.004,0.259,0.702,0.094,396,184,118.072,0.069,1.220,0.820,0.818
2091,4D-D-Z4.tif,0.002,0.174,0.732,0.069,680,184,118.610,0.039,1.822,0.549,0.853
2092,4D-D-Z4.tif,0.002,0.209,0.617,0.084,181,199,66.801,0.046,1.756,0.569,0.789
2093,4D-D-Z4.tif,0.006,0.383,0.511,0.147,692,185,102.995,0.065,2.435,0.411,0.807
2094,4D-D-Z4.tif,0.013,0.462,0.759,0.180,428,194,167.661,0.111,1.625,0.615,0.904
2095,4D-D-Z4.tif,0.005,0.317,0.682,0.119,525,203,33.690,0.074,1.755,0.570,0.841
2096,4D-D-Z4.tif,0.003,0.303,0.415,0.101,121,203,29.358,0.065,1.731,0.578,0.621
2097,4D-D-Z4.tif,0.002,0.180,0.673,0.063,858,190,105.255,0.044,1.445,0.692,0.781
2098,4D-D-Z4.tif,0.002,0.239,0.519,0.100,89,196,9.462,0.039,3.128,0.320,0.780
2099,4D-D-Z4.tif,0.036,0.985,0.460,0.290,269,201,141.170,0.199,1.538,0.650,0.778
2100,4D-D-Z4.tif,0.013,0.488,0.681,0.188,357,207,20.556,0.094,2.084,0.480,0.915
2101,4D-D-Z4.tif,0.004,0.311,0.574,0.106,543,210,62.103,0.061,1.743,0.574,0.830
2102,4D-D-Z4.tif,0.002,0.169,0.670,0.075,191,192,126.027,0.037,2.272,0.440,0.813
2103,4D-D-Z4.tif,0.002,0.147,0.915,0.059,749,193,158.199,0.033,1.609,0.622,0.937
2104,4D-D-Z4.tif,0.004,0.305,0.603,0.101,977,205,45.000,0.075,1.102,0.908,0.790
2105,4D-D-Z4.tif,0.001,0.137,0.726,0.054,33,195,156.038,0.038,1.561,0.641,0.758
2106,4D-D-Z4.tif,0.011,0.567,0.446,0.188,758,210,5.042,0.099,2.100,0.476,0.775
2107,4D-D-Z4.tif,0.001,0.145,0.848,0.060,865,200,33.690,0.034,1.847,0.541,0.879
2108,4D-D-Z4.tif,0.001,0.145,0.704,0.066,255,194,138.366,0.033,2.216,0.451,0.788
2109,4D-D-Z4.tif,0.005,0.280,0.733,0.101,627,194,135.000,0.077,1.212,0.825,0.860
2110,4D-D-Z4.tif,0.002,0.176,0.636,0.074,320,195,131.987,0.039,1.998,0.500,0.765
2111,4D-D-Z4.tif,0.011,0.551,0.446,0.180,327,215,27.350,0.105,1.826,0.548,0.758
2112,4D-D-Z4.tif,0.006,0.340,0.605,0.122,515,195,97.765,0.076,1.712,0.584,0.803
2113,4D-D-Z4.tif,0.003,0.217,0.743,0.094,836,197,151.928,0.048,2.055,0.487,0.860
2114,4D-D-Z4.tif,0.006,0.331,0.666,0.125,907,197,138.576,0.073,1.723,0.580,0.828
2115,4D-D-Z4.tif,0.002,0.175,0.646,0.062,952,204,45.000,0.049,1.263,0.792,0.782
2116,4D-D-Z4.tif,0.017,0.641,0.535,0.210,62,203,173.991,0.135,1.694,0.590,0.809
2117,4D-D-Z4.tif,0.011,0.617,0.359,0.203,202,226,40.601,0.138,1.407,0.711,0.635
2118,4D-D-Z4.tif,0.008,0.401,0.598,0.127,559,218,72.350,0.103,1.049,0.953,0.797
2119,4D-D-Z4.tif,0.003,0.225,0.722,0.083,826,209,53.130,0.057,1.359,0.736,0.835
2120,4D-D-Z4.tif,0.003,0.245,0.577,0.086,160,198,116.565,0.069,1.138,0.879,0.752
2121,4D-D-Z4.tif,0.004,0.303,0.534,0.107,613,198,145.491,0.073,1.460,0.685,0.741
2122,4D-D-Z4.tif,0.006,0.381,0.495,0.148,733,217,41.987,0.070,2.284,0.438,0.756
2123,4D-D-Z4.tif,0.001,0.133,0.841,0.052,1009,200,161.565,0.033,1.603,0.624,0.857
2124,4D-D-Z4.tif,0.010,0.481,0.530,0.180,14,228,62.650,0.099,2.010,0.497,0.790
2125,4D-D-Z4.tif,0.008,0.428,0.520,0.170,874,226,60.945,0.074,2.420,0.413,0.794
2126,4D-D-Z4.tif,0.001,0.126,0.810,0.051,395,201,167.471,0.033,1.488,0.672,0.819
2127,4D-D-Z4.tif,0.001,0.158,0.521,0.057,178,203,163.301,0.033,1.941,0.515,0.731
2128,4D-D-Z4.tif,0.007,0.392,0.532,0.128,463,201,115.463,0.094,1.524,0.656,0.736
2129,4D-D-Z4.tif,0.006,0.351,0.647,0.134,992,203,160.821,0.082,1.616,0.619,0.840
2130,4D-D-Z4.tif,0.003,0.236,0.732,0.093,670,216,45.000,0.061,1.540,0.649,0.856
2131,4D-D-Z4.tif,0.004,0.317,0.553,0.117,100,204,160.710,0.070,1.759,0.568,0.779
2132,4D-D-Z4.tif,0.008,0.427,0.543,0.149,133,204,128.991,0.100,1.649,0.606,0.754
2133,4D-D-Z4.tif,0.004,0.289,0.651,0.102,590,216,36.254,0.066,1.760,0.568,0.806
2134,4D-D-Z4.tif,0.009,0.514,0.444,0.176,231,229,41.186,0.110,1.985,0.504,0.719
2135,4D-D-Z4.tif,0.001,0.144,0.901,0.055,683,204,126.870,0.044,1.115,0.897,0.891
2136,4D-D-Z4.tif,0.005,0.349,0.551,0.133,957,222,41.634,0.079,1.934,0.517,0.775
2137,4D-D-Z4.tif,0.003,0.222,0.650,0.079,433,207,114.775,0.054,1.360,0.735,0.844
2138,4D-D-Z4.tif,0.006,0.400,0.502,0.138,836,207,126.870,0.101,1.242,0.805,0.708
2139,4D-D-Z4.tif,0.006,0.398,0.509,0.124,982,222,12.804,0.097,1.221,0.819,0.741
2140,4D-D-Z4.tif,0.003,0.239,0.579,0.098,127,227,73.610,0.046,2.726,0.367,0.773
2141,4D-D-Z4.tif,0.005,0.319,0.614,0.121,374,225,39.472,0.073,1.759,0.568,0.812
2142,4D-D-Z4.tif,0.030,1.055,0.336,0.317,784,222,159.677,0.186,1.873,0.534,0.696
2143,4D-D-Z4.tif,0.006,0.353,0.583,0.121,857,227,50.528,0.085,1.461,0.684,0.825
2144,4D-D-Z4.tif,0.003,0.253,0.667,0.084,36,225,66.801,0.067,1.362,0.734,0.770
2145,4D-D-Z4.tif,0.002,0.153,0.813,0.063,158,221,52.125,0.041,1.709,0.585,0.847
2146,4D-D-Z4.tif,0.003,0.266,0.588,0.106,442,221,27.897,0.056,2.326,0.430,0.773
2147,4D-D-Z4.tif,0.011,0.604,0.391,0.184,95,218,141.072,0.108,1.932,0.517,0.772
2148,4D-D-Z4.tif,0.003,0.253,0.500,0.073,269,212,102.995,0.062,1.200,0.833,0.747
2149,4D-D-Z4.tif,0.005,0.404,0.357,0.113,526,232,67.166,0.087,1.333,0.750,0.662
2150,4D-D-Z4.tif,0.018,0.605,0.607,0.186,590,241,55.840,0.149,1.211,0.826,0.870
2151,4D-D-Z4.tif,0.002,0.191,0.576,0.079,898,212,102.095,0.039,2.369,0.422,0.769
2152,4D-D-Z4.tif,0.009,0.439,0.597,0.149,402,232,38.991,0.102,1.644,0.608,0.839
2153,4D-D-Z4.tif,0.005,0.335,0.551,0.141,477,227,30.579,0.064,2.281,0.438,0.786
2154,4D-D-Z4.tif,0.030,0.925,0.441,0.339,912,258,46.975,0.146,2.431,0.411,0.762
2155,4D-D-Z4.tif,0.003,0.286,0.466,0.101,622,215,130.601,0.057,2.028,0.493,0.722
2156,4D-D-Z4.tif,0.010,0.412,0.723,0.138,639,237,61.390,0.102,1.211,0.826,0.869
2157,4D-D-Z4.tif,0.009,0.427,0.592,0.145,262,217,98.746,0.097,1.636,0.611,0.827
2158,4D-D-Z4.tif,0.004,0.339,0.424,0.119,65,219,111.801,0.076,1.735,0.576,0.668
2159,4D-D-Z4.tif,0.001,0.150,0.781,0.067,175,220,155.556,0.032,2.358,0.424,0.836
2160,4D-D-Z4.tif,0.003,0.245,0.558,0.080,190,233,74.055,0.059,1.220,0.820,0.765
2161,4D-D-Z4.tif,0.004,0.261,0.745,0.094,354,230,20.556,0.073,1.204,0.830,0.831
2162,4D-D-Z4.tif,0.008,0.461,0.457,0.150,756,225,8.427,0.074,1.936,0.517,0.817
2163,4D-D-Z4.tif,0.018,0.665,0.501,0.241,672,260,65.772,0.138,1.710,0.585,0.787
2164,4D-D-Z4.tif,0.002,0.153,0.862,0.063,214,223,164.745,0.037,1.708,0.585,0.855
2165,4D-D-Z4.tif,0.001,0.119,0.947,0.044,419,221,119.745,0.038,1.155,0.866,0.864
2166,4D-D-Z4.tif,0.022,0.751,0.489,0.246,698,252,23.703,0.157,1.504,0.665,0.772
2167,4D-D-Z4.tif,0.007,0.416,0.485,0.126,35,237,28.811,0.107,1.320,0.757,0.709
2168,4D-D-Z4.tif,0.012,0.506,0.566,0.183,317,229,158.839,0.109,1.810,0.553,0.800
2169,4D-D-Z4.tif,0.003,0.268,0.549,0.104,453,230,18.435,0.058,2.033,0.492,0.730
2170,4D-D-Z4.tif,0.002,0.193,0.632,0.067,973,229,9.462,0.049,1.465,0.683,0.770
2171,4D-D-Z4.tif,0.012,0.557,0.483,0.195,560,225,115.115,0.111,1.982,0.504,0.722
2172,4D-D-Z4.tif,0.001,0.148,0.587,0.062,744,225,169.695,0.022,2.664,0.375,0.840
2173,4D-D-Z4.tif,0.010,0.503,0.516,0.152,139,253,77.471,0.118,1.381,0.724,0.743
2174,4D-D-Z4.tif,0.002,0.281,0.366,0.101,515,228,150.642,0.049,2.284,0.438,0.639
2175,4D-D-Z4.tif,0.002,0.180,0.755,0.077,211,235,21.038,0.039,1.942,0.515,0.871
2176,4D-D-Z4.tif,0.002,0.233,0.569,0.081,466,237,28.301,0.054,1.573,0.636,0.783
2177,4D-D-Z4.tif,0.003,0.312,0.441,0.121,74,229,129.472,0.054,2.535,0.394,0.722
2178,4D-D-Z4.tif,0.002,0.176,0.649,0.066,489,231,131.634,0.045,1.616,0.619,0.797
2179,4D-D-Z4.tif,0.007,0.477,0.414,0.193,159,238,175.101,0.080,2.798,0.357,0.709
2180,4D-D-Z4.tif,0.007,0.357,0.713,0.129,741,248,50.194,0.088,1.410,0.709,0.867
2181,4D-D-Z4.tif,0.003,0.198,0.861,0.072,620,241,32.471,0.055,1.256,0.796,0.873
2182,4D-D-Z4.tif,0.007,0.430,0.481,0.170,764,236,150.945,0.087,1.962,0.510,0.706
2183,4D-D-Z4.tif,0.051,1.141,0.489,0.362,349,237,133.152,0.261,1.359,0.736,0.817
2184,4D-D-Z4.tif,0.011,0.530,0.497,0.172,645,238,140.194,0.105,2.016,0.496,0.782
2185,4D-D-Z4.tif,0.006,0.325,0.672,0.111,19,252,63.435,0.085,1.335,0.749,0.833
2186,4D-D-Z4.tif,0.004,0.239,0.845,0.087,268,235,124.695,0.069,1.160,0.862,0.882
2187,4D-D-Z4.tif,0.012,0.511,0.582,0.176,414,247,165.530,0.121,1.539,0.650,0.835
2188,4D-D-Z4.tif,0.004,0.347,0.453,0.119,497,252,56.310,0.071,1.738,0.575,0.686
2189,4D-D-Z4.tif,0.004,0.340,0.460,0.108,960,253,66.038,0.073,1.540,0.649,0.704
2190,4D-D-Z4.tif,0.001,0.150,0.831,0.062,218,237,135.000,0.039,1.715,0.583,0.852
2191,4D-D-Z4.tif,0.005,0.294,0.792,0.119,479,235,123.690,0.070,1.682,0.595,0.898
2192,4D-D-Z4.tif,0.006,0.370,0.567,0.126,839,235,156.801,0.084,1.691,0.591,0.834
2193,4D-D-Z4.tif,0.002,0.202,0.553,0.076,863,247,59.744,0.047,1.935,0.517,0.738
2194,4D-D-Z4.tif,0.003,0.215,0.712,0.084,871,242,23.199,0.044,2.103,0.476,0.873
2195,4D-D-Z4.tif,0.006,0.363,0.610,0.124,888,248,32.276,0.077,1.584,0.631,0.877
2196,4D-D-Z4.tif,0.001,0.125,0.851,0.049,969,236,153.435,0.031,1.629,0.614,0.854
2197,4D-D-Z4.tif,0.006,0.353,0.589,0.126,397,258,66.801,0.071,1.941,0.515,0.802
2198,4D-D-Z4.tif,0.005,0.285,0.719,0.119,549,237,123.690,0.064,1.942,0.515,0.877
2199,4D-D-Z4.tif,0.008,0.417,0.563,0.150,978,264,83.660,0.088,1.889,0.529,0.767
2200,4D-D-Z4.tif,0.006,0.316,0.711,0.117,294,238,138.814,0.072,1.631,0.613,0.849
2201,4D-D-Z4.tif,0.007,0.441,0.484,0.159,524,266,75.964,0.094,1.703,0.587,0.740
2202,4D-D-Z4.tif,0.002,0.175,0.808,0.067,89,240,145.008,0.050,1.352,0.740,0.828
2203,4D-D-Z4.tif,0.001,0.122,0.948,0.049,100,247,63.435,0.033,1.370,0.730,0.892
2204,4D-D-Z4.tif,0.011,0.509,0.557,0.156,226,246,140.711,0.134,1.151,0.869,0.777
2205,4D-D-Z4.tif,0.003,0.320,0.412,0.098,461,239,106.390,0.061,1.834,0.545,0.758
2206,4D-D-Z4.tif,0.005,0.281,0.818,0.104,195,250,18.435,0.072,1.480,0.676,0.897
2207,4D-D-Z4.tif,0.002,0.183,0.866,0.070,57,241,108.435,0.050,1.430,0.699,0.879
2208,4D-D-Z4.tif,0.001,0.134,0.803,0.049,541,241,116.565,0.038,1.288,0.777,0.854
2209,4D-D-Z4.tif,0.002,0.197,0.765,0.074,943,253,63.435,0.044,1.860,0.538,0.852
2210,4D-D-Z4.tif,0.021,0.646,0.622,0.211,587,274,56.725,0.144,1.567,0.638,0.876
2211,4D-D-Z4.tif,0.005,0.351,0.478,0.129,69,244,140.194,0.077,2.157,0.464,0.692
2212,4D-D-Z4.tif,0.011,0.482,0.610,0.167,750,262,9.462,0.113,1.554,0.643,0.823
2213,4D-D-Z4.tif,0.006,0.333,0.626,0.130,797,247,102.265,0.066,2.032,0.492,0.843
2214,4D-D-Z4.tif,0.005,0.397,0.406,0.121,90,260,30.069,0.093,1.448,0.691,0.663
2215,4D-D-Z4.tif,0.009,0.516,0.418,0.167,860,250,152.592,0.099,1.716,0.583,0.736
2216,4D-D-Z4.tif,0.007,0.378,0.592,0.153,284,253,158.962,0.071,2.406,0.416,0.801
2217,4D-D-Z4.tif,0.003,0.228,0.643,0.078,992,250,129.289,0.061,1.076,0.929,0.811
2218,4D-D-Z4.tif,0.002,0.178,0.767,0.075,831,252,143.973,0.047,1.529,0.654,0.848
2219,4D-D-Z4.tif,0.012,0.511,0.591,0.183,117,260,173.089,0.116,1.628,0.614,0.833
2220,4D-D-Z4.tif,0.002,0.169,0.764,0.069,210,252,151.390,0.041,1.657,0.604,0.851
2221,4D-D-Z4.tif,0.003,0.202,0.777,0.084,259,253,168.690,0.044,1.883,0.531,0.883
2222,4D-D-Z4.tif,0.017,0.642,0.528,0.235,608,272,20.556,0.127,1.960,0.510,0.841
2223,4D-D-Z4.tif,0.001,0.144,0.901,0.052,843,253,147.995,0.044,1.001,0.999,0.899
2224,4D-D-Z4.tif,0.036,1.007,0.443,0.301,932,306,80.538,0.228,1.156,0.865,0.794
2225,4D-D-Z4.tif,0.003,0.220,0.799,0.079,38,253,123.690,0.063,1.098,0.910,0.854
2226,4D-D-Z4.tif,0.002,0.194,0.578,0.084,541,253,148.392,0.037,2.360,0.424,0.809
2227,4D-D-Z4.tif,0.006,0.403,0.429,0.158,683,256,150.751,0.078,2.325,0.430,0.693
2228,4D-D-Z4.tif,0.002,0.161,0.795,0.064,824,257,160.017,0.044,1.402,0.713,0.864
2229,4D-D-Z4.tif,0.001,0.119,0.919,0.049,10,254,116.565,0.033,1.481,0.675,0.872
2230,4D-D-Z4.tif,0.005,0.397,0.437,0.122,196,272,54.162,0.088,1.591,0.628,0.662
2231,4D-D-Z4.tif,0.002,0.217,0.557,0.082,446,254,132.274,0.056,1.363,0.734,0.742
2232,4D-D-Z4.tif,0.003,0.248,0.550,0.103,718,264,25.201,0.042,2.579,0.388,0.788
2233,4D-D-Z4.tif,0.003,0.208,0.827,0.072,161,256,122.471,0.061,1.111,0.900,0.879
2234,4D-D-Z4.tif,0.002,0.187,0.705,0.072,408,258,175.601,0.044,1.660,0.602,0.793
2235,4D-D-Z4.tif,0.005,0.446,0.321,0.122,556,259,161.565,0.098,1.045,0.957,0.597
2236,4D-D-Z4.tif,0.001,0.136,0.829,0.047,810,260,20.556,0.041,1.128,0.886,0.825
2237,4D-D-Z4.tif,0.003,0.264,0.601,0.092,897,259,162.646,0.061,1.276,0.783,0.833
2238,4D-D-Z4.tif,0.005,0.266,0.819,0.102,956,256,126.254,0.069,1.551,0.645,0.891
2239,4D-D-Z4.tif,0.004,0.239,0.782,0.098,52,259,163.610,0.056,1.823,0.549,0.867
2240,4D-D-Z4.tif,0.004,0.298,0.561,0.094,436,273,69.444,0.072,1.246,0.803,0.806
2241,4D-D-Z4.tif,0.001,0.180,0.531,0.068,23,259,165.964,0.040,2.217,0.451,0.682
2242,4D-D-Z4.tif,0.005,0.286,0.831,0.118,169,258,127.405,0.076,1.466,0.682,0.920
2243,4D-D-Z4.tif,0.005,0.305,0.726,0.104,772,271,32.005,0.078,1.379,0.725,0.853
2244,4D-D-Z4.tif,0.008,0.432,0.509,0.166,477,259,158.552,0.083,1.946,0.514,0.801
2245,4D-D-Z4.tif,0.002,0.172,0.813,0.063,85,271,74.745,0.049,1.167,0.857,0.834
2246,4D-D-Z4.tif,0.003,0.269,0.474,0.107,812,264,168.111,0.044,2.709,0.369,0.789
2247,4D-D-Z4.tif,0.006,0.459,0.336,0.176,259,281,38.660,0.057,3.404,0.294,0.665
2248,4D-D-Z4.tif,0.003,0.203,0.832,0.072,540,261,122.471,0.062,1.080,0.926,0.857
2249,4D-D-Z4.tif,0.002,0.181,0.775,0.068,839,266,14.036,0.044,1.456,0.687,0.870
2250,4D-D-Z4.tif,0.005,0.328,0.633,0.122,896,261,95.194,0.066,1.886,0.530,0.861
2251,4D-D-Z4.tif,0.010,0.573,0.391,0.187,674,262,114.305,0.110,1.907,0.524,0.642
2252,4D-D-Z4.tif,0.008,0.584,0.293,0.161,988,286,51.953,0.099,1.792,0.558,0.638
2253,4D-D-Z4.tif,0.002,0.184,0.808,0.073,330,266,167.005,0.050,1.475,0.678,0.823
2254,4D-D-Z4.tif,0.003,0.268,0.555,0.087,648,277,55.305,0.066,1.387,0.721,0.750
2255,4D-D-Z4.tif,0.006,0.442,0.397,0.137,723,267,139.899,0.107,1.314,0.761,0.652
2256,4D-D-Z4.tif,0.002,0.255,0.405,0.109,89,281,59.534,0.039,3.726,0.268,0.690
2257,4D-D-Z4.tif,0.004,0.290,0.614,0.099,462,276,33.690,0.078,1.138,0.879,0.743
2258,4D-D-Z4.tif,0.001,0.145,0.614,0.057,108,267,150.945,0.036,1.725,0.580,0.747
2259,4D-D-Z4.tif,0.002,0.180,0.779,0.063,852,265,127.875,0.054,1.041,0.960,0.810
2260,4D-D-Z4.tif,0.004,0.283,0.643,0.104,749,281,32.005,0.071,1.461,0.685,0.792
2261,4D-D-Z4.tif,0.004,0.274,0.682,0.106,969,283,62.103,0.059,2.029,0.493,0.812
2262,4D-D-Z4.tif,0.010,0.499,0.519,0.172,31,298,82.648,0.096,1.884,0.531,0.761
2263,4D-D-Z4.tif,0.002,0.172,0.838,0.068,37,272,14.036,0.044,1.505,0.664,0.861
2264,4D-D-Z4.tif,0.010,0.534,0.440,0.185,223,271,149.621,0.099,1.795,0.557,0.753
2265,4D-D-Z4.tif,0.001,0.156,0.593,0.059,440,276,21.801,0.039,1.488,0.672,0.752
2266,4D-D-Z4.tif,0.015,0.608,0.495,0.184,857,294,51.072,0.149,1.436,0.697,0.815
2267,4D-D-Z4.tif,0.002,0.252,0.463,0.084,807,271,168.690,0.064,1.196,0.836,0.655
2268,4D-D-Z4.tif,0.001,0.164,0.637,0.054,308,270,135.000,0.039,1.146,0.872,0.849
2269,4D-D-Z4.tif,0.006,0.336,0.719,0.121,497,285,24.228,0.092,1.198,0.835,0.840
2270,4D-D-Z4.tif,0.001,0.147,0.691,0.052,714,270,122.005,0.037,1.478,0.677,0.780
2271,4D-D-Z4.tif,0.002,0.195,0.590,0.072,194,280,32.471,0.050,1.659,0.603,0.747
2272,4D-D-Z4.tif,0.012,0.552,0.479,0.179,297,273,132.510,0.107,1.689,0.592,0.747
2273,4D-D-Z4.tif,0.003,0.217,0.751,0.074,541,285,63.435,0.061,1.291,0.775,0.865
2274,4D-D-Z4.tif,0.006,0.328,0.658,0.119,589,284,13.392,0.074,1.653,0.605,0.816
2275,4D-D-Z4.tif,0.004,0.300,0.533,0.108,443,283,23.962,0.064,1.670,0.599,0.750
2276,4D-D-Z4.tif,0.006,0.301,0.792,0.111,478,274,98.531,0.081,1.323,0.756,0.869
2277,4D-D-Z4.tif,0.002,0.177,0.608,0.070,709,274,108.435,0.033,2.226,0.449,0.820
2278,4D-D-Z4.tif,0.014,0.619,0.472,0.210,819,294,13.671,0.136,1.489,0.671,0.715
2279,4D-D-Z4.tif,0.008,0.401,0.626,0.154,40,298,55.176,0.086,1.902,0.526,0.839
2280,4D-D-Z4.tif,0.004,0.335,0.470,0.101,116,275,119.358,0.083,1.027,0.974,0.748
2281,4D-D-Z4.tif,0.006,0.401,0.484,0.120,150,276,105.945,0.093,1.470,0.680,0.751
2282,4D-D-Z4.tif,0.009,0.456,0.539,0.151,260,282,146.889,0.117,1.397,0.716,0.738
2283,4D-D-Z4.tif,0.005,0.362,0.481,0.110,346,278,143.130,0.090,1.052,0.950,0.746
2284,4D-D-Z4.tif,0.008,0.411,0.572,0.133,412,297,51.710,0.103,1.351,0.740,0.764
2285,4D-D-Z4.tif,0.001,0.165,0.627,0.067,428,287,34.992,0.035,2.253,0.444,0.750
2286,4D-D-Z4.tif,0.002,0.181,0.709,0.067,582,277,99.462,0.050,1.189,0.841,0.787
2287,4D-D-Z4.tif,0.002,0.214,0.665,0.079,949,282,12.095,0.050,1.671,0.598,0.808
2288,4D-D-Z4.tif,0.003,0.206,0.824,0.074,71,278,116.565,0.061,1.087,0.920,0.860
2289,4D-D-Z4.tif,0.003,0.225,0.843,0.082,628,281,160.346,0.060,1.204,0.831,0.882
2290,4D-D-Z4.tif,0.007,0.401,0.574,0.127,787,300,72.350,0.099,1.425,0.702,0.795
2291,4D-D-Z4.tif,0.002,0.214,0.640,0.079,656,280,102.095,0.044,1.884,0.531,0.828
2292,4D-D-Z4.tif,0.003,0.209,0.851,0.079,1003,290,24.775,0.061,1.307,0.765,0.875
2293,4D-D-Z4.tif,0.004,0.259,0.770,0.089,180,295,60.255,0.070,1.277,0.783,0.866
2294,4D-D-Z4.tif,0.003,0.238,0.619,0.085,324,282,165.069,0.054,1.632,0.613,0.790
2295,4D-D-Z4.tif,0.002,0.195,0.660,0.072,61,282,122.471,0.052,1.463,0.684,0.759
2296,4D-D-Z4.tif,0.003,0.273,0.450,0.118,89,284,142.595,0.049,3.220,0.311,0.667
2297,4D-D-Z4.tif,0.002,0.195,0.670,0.069,729,283,118.610,0.052,1.297,0.771,0.779
2298,4D-D-Z4.tif,0.014,0.733,0.334,0.210,741,301,23.199,0.141,1.305,0.766,0.682
2299,4D-D-Z4.tif,0.006,0.401,0.439,0.136,157,304,46.637,0.070,2.425,0.412,0.710
2300,4D-D-Z4.tif,0.008,0.427,0.569,0.146,219,296,10.886,0.092,1.820,0.550,0.763
2301,4D-D-Z4.tif,0.001,0.180,0.472,0.059,84,295,68.199,0.044,1.383,0.723,0.672
2302,4D-D-Z4.tif,0.007,0.398,0.574,0.128,555,289,154.537,0.098,1.395,0.717,0.806
2303,4D-D-Z4.tif,0.005,0.355,0.478,0.121,695,286,155.772,0.085,1.465,0.683,0.687
2304,4D-D-Z4.tif,0.011,0.531,0.508,0.159,389,286,104.036,0.124,1.325,0.755,0.778
2305,4D-D-Z4.tif,0.003,0.242,0.648,0.084,456,286,148.392,0.066,1.247,0.802,0.791
2306,4D-D-Z4.tif,0.004,0.279,0.647,0.110,942,302,53.130,0.060,2.102,0.476,0.828
2307,4D-D-Z4.tif,0.004,0.303,0.507,0.092,963,296,32.735,0.077,1.187,0.842,0.731
2308,4D-D-Z4.tif,0.002,0.173,0.864,0.067,619,293,9.462,0.048,1.383,0.723,0.850
2309,4D-D-Z4.tif,0.005,0.336,0.608,0.119,632,305,56.310,0.082,1.419,0.705,0.798
2310,4D-D-Z4.tif,0.001,0.142,0.887,0.051,8,290,167.471,0.044,1.099,0.910,0.847
2311,4D-D-Z4.tif,0.004,0.264,0.678,0.087,796,289,145.305,0.072,1.065,0.939,0.827
2312,4D-D-Z4.tif,0.002,0.219,0.518,0.092,900,289,147.265,0.036,3.184,0.314,0.739
2313,4D-D-Z4.tif,0.005,0.305,0.640,0.101,189,306,67.620,0.082,1.145,0.873,0.790
2314,4D-D-Z4.tif,0.002,0.167,0.749,0.068,668,294,14.036,0.033,1.782,0.561,0.873
2315,4D-D-Z4.tif,0.002,0.172,0.671,0.068,137,302,75.964,0.033,2.113,0.473,0.832
2316,4D-D-Z4.tif,0.003,0.222,0.860,0.083,609,290,126.870,0.062,1.311,0.763,0.867
2317,4D-D-Z4.tif,0.019,0.633,0.602,0.217,336,318,27.216,0.140,1.715,0.583,0.822
2318,4D-D-Z4.tif,0.001,0.142,0.850,0.054,448,293,156.038,0.039,1.425,0.702,0.849
2319,4D-D-Z4.tif,0.003,0.204,0.791,0.081,114,299,28.301,0.050,1.493,0.670,0.873
2320,4D-D-Z4.tif,0.014,0.579,0.513,0.182,316,321,61.113,0.132,1.457,0.686,0.851
2321,4D-D-Z4.tif,0.002,0.158,0.767,0.057,441,292,119.055,0.044,1.176,0.850,0.833
2322,4D-D-Z4.tif,0.002,0.186,0.660,0.079,886,296,12.095,0.039,2.339,0.428,0.789
2323,4D-D-Z4.tif,0.014,0.589,0.502,0.199,57,328,75.579,0.130,1.432,0.698,0.793
2324,4D-D-Z4.tif,0.001,0.156,0.686,0.063,295,297,15.255,0.033,1.908,0.524,0.830
2325,4D-D-Z4.tif,0.001,0.142,0.755,0.060,587,294,146.310,0.036,1.984,0.504,0.784
2326,4D-D-Z4.tif,0.001,0.155,0.746,0.055,729,293,126.870,0.044,1.204,0.831,0.810
2327,4D-D-Z4.tif,0.005,0.324,0.582,0.126,250,296,156.801,0.060,2.397,0.417,0.812
2328,4D-D-Z4.tif,0.001,0.145,0.740,0.062,999,298,10.305,0.032,2.115,0.473,0.804
2329,4D-D-Z4.tif,0.004,0.253,0.765,0.097,869,307,42.709,0.064,1.612,0.620,0.846
2330,4D-D-Z4.tif,0.010,0.428,0.691,0.138,505,296,113.499,0.119,1.022,0.978,0.862
2331,4D-D-Z4.tif,0.007,0.425,0.505,0.165,819,296,115.710,0.078,2.385,0.419,0.779
2332,4D-D-Z4.tif,0.017,0.641,0.511,0.207,423,301,151.390,0.134,1.532,0.653,0.806
2333,4D-D-Z4.tif,0.013,0.513,0.608,0.187,537,328,65.695,0.110,1.635,0.612,0.848
2334,4D-D-Z4.tif,0.002,0.181,0.717,0.074,69,299,153.435,0.044,1.761,0.568,0.838
2335,4D-D-Z4.tif,0.007,0.421,0.516,0.162,96,298,99.782,0.071,2.683,0.373,0.789
2336,4D-D-Z4.tif,0.002,0.213,0.590,0.090,406,304,10.620,0.039,2.333,0.429,0.791
2337,4D-D-Z4.tif,0.010,0.393,0.792,0.136,488,300,121.759,0.104,1.321,0.757,0.898
2338,4D-D-Z4.tif,0.001,0.133,0.819,0.047,674,299,125.538,0.037,1.223,0.818,0.826
2339,4D-D-Z4.tif,0.005,0.296,0.780,0.107,687,314,34.509,0.088,1.122,0.891,0.886
2340,4D-D-Z4.tif,0.003,0.214,0.798,0.084,298,301,148.392,0.057,1.552,0.644,0.869
2341,4D-D-Z4.tif,0.005,0.290,0.781,0.102,215,301,143.746,0.082,1.148,0.871,0.869
2342,4D-D-Z4.tif,0.005,0.272,0.812,0.095,17,303,144.462,0.072,1.050,0.953,0.895
2343,4D-D-Z4.tif,0.009,0.526,0.418,0.182,642,330,61.113,0.093,2.160,0.463,0.759
2344,4D-D-Z4.tif,0.007,0.387,0.569,0.127,720,301,94.970,0.097,1.238,0.808,0.780
2345,4D-D-Z4.tif,0.009,0.410,0.707,0.150,114,326,61.557,0.097,1.504,0.665,0.869
2346,4D-D-Z4.tif,0.011,0.561,0.427,0.171,201,331,69.228,0.114,1.780,0.562,0.732
2347,4D-D-Z4.tif,0.002,0.163,0.806,0.063,616,303,127.875,0.042,1.469,0.681,0.868
2348,4D-D-Z4.tif,0.005,0.283,0.840,0.102,846,317,36.254,0.080,1.355,0.738,0.894
2349,4D-D-Z4.tif,0.001,0.126,0.834,0.047,177,303,125.538,0.037,1.375,0.727,0.854
2350,4D-D-Z4.tif,0.005,0.325,0.650,0.118,599,303,117.759,0.078,1.546,0.647,0.835
2351,4D-D-Z4.tif,0.003,0.263,0.585,0.107,942,303,145.491,0.053,2.074,0.482,0.822
2352,4D-D-Z4.tif,0.010,0.501,0.491,0.157,993,303,126.469,0.103,1.572,0.636,0.772
2353,4D-D-Z4.tif,0.001,0.141,0.827,0.052,778,307,161.565,0.039,1.263,0.792,0.851
2354,4D-D-Z4.tif,0.001,0.175,0.472,0.072,834,317,81.254,0.028,3.138,0.319,0.745
2355,4D-D-Z4.tif,0.007,0.361,0.718,0.126,968,304,105.255,0.101,1.323,0.756,0.824
2356,4D-D-Z4.tif,0.004,0.303,0.519,0.095,733,316,10.008,0.079,1.158,0.863,0.723
2357,4D-D-Z4.tif,0.002,0.219,0.439,0.086,893,306,153.435,0.044,2.050,0.488,0.671
2358,4D-D-Z4.tif,0.011,0.650,0.331,0.184,164,311,141.072,0.133,1.267,0.789,0.691
2359,4D-D-Z4.tif,0.001,0.133,0.841,0.051,288,312,40.601,0.039,1.310,0.764,0.857
2360,4D-D-Z4.tif,0.001,0.130,0.815,0.049,243,309,153.435,0.038,1.483,0.674,0.828
2361,4D-D-Z4.tif,0.006,0.362,0.620,0.134,466,330,70.821,0.066,2.156,0.464,0.866
2362,4D-D-Z4.tif,0.004,0.288,0.565,0.111,558,315,20.225,0.049,2.625,0.381,0.809
2363,4D-D-Z4.tif,0.002,0.228,0.563,0.082,622,321,70.346,0.052,1.765,0.566,0.733
2364,4D-D-Z4.tif,0.002,0.203,0.518,0.079,748,308,146.310,0.038,2.476,0.404,0.709
2365,4D-D-Z4.tif,0.001,0.176,0.502,0.063,670,308,142.125,0.041,1.809,0.553,0.707
2366,4D-D-Z4.tif,0.006,0.333,0.709,0.109,795,312,139.086,0.091,1.175,0.851,0.844
2367,4D-D-Z4.tif,0.010,0.429,0.657,0.150,902,322,23.749,0.103,1.540,0.649,0.865
2368,4D-D-Z4.tif,0.006,0.321,0.721,0.124,68,309,147.724,0.072,1.798,0.556,0.888
2369,4D-D-Z4.tif,0.002,0.216,0.646,0.079,881,310,123.690,0.048,1.865,0.536,0.771
2370,4D-D-Z4.tif,0.002,0.254,0.401,0.084,942,309,101.310,0.053,1.936,0.517,0.660
2371,4D-D-Z4.tif,0.005,0.328,0.541,0.110,258,311,143.130,0.072,1.300,0.769,0.838
2372,4D-D-Z4.tif,0.001,0.145,0.830,0.057,588,312,150.945,0.044,1.327,0.754,0.829
2373,4D-D-Z4.tif,0.007,0.425,0.459,0.140,398,335,64.440,0.089,1.756,0.569,0.747
2374,4D-D-Z4.tif,0.006,0.361,0.602,0.123,286,313,100.305,0.086,1.319,0.758,0.813
2375,4D-D-Z4.tif,0.005,0.333,0.609,0.109,21,327,40.914,0.083,1.294,0.773,0.770
2376,4D-D-Z4.tif,0.004,0.256,0.813,0.089,241,316,150.255,0.070,1.179,0.848,0.883
2377,4D-D-Z4.tif,0.002,0.200,0.563,0.080,866,329,74.055,0.039,2.382,0.420,0.766
2378,4D-D-Z4.tif,0.008,0.428,0.543,0.131,234,316,104.621,0.103,1.184,0.845,0.795
2379,4D-D-Z4.tif,0.003,0.226,0.617,0.077,386,318,94.086,0.059,1.329,0.752,0.744
2380,4D-D-Z4.tif,0.005,0.309,0.693,0.111,417,338,81.469,0.077,1.397,0.716,0.835
2381,4D-D-Z4.tif,0.001,0.145,0.885,0.057,368,321,150.945,0.042,1.301,0.768,0.867
2382,4D-D-Z4.tif,0.010,0.447,0.626,0.152,553,340,49.399,0.112,1.282,0.780,0.852
2383,4D-D-Z4.tif,0.001,0.141,0.866,0.051,584,326,40.601,0.039,1.262,0.792,0.874
2384,4D-D-Z4.tif,0.002,0.209,0.643,0.075,763,329,36.027,0.054,1.540,0.649,0.759
2385,4D-D-Z4.tif,0.002,0.165,0.710,0.056,784,319,101.310,0.044,1.201,0.833,0.816
2386,4D-D-Z4.tif,0.005,0.292,0.717,0.099,845,332,33.690,0.083,1.239,0.807,0.821
2387,4D-D-Z4.tif,0.006,0.464,0.326,0.126,663,320,113.199,0.105,1.350,0.741,0.595
2388,4D-D-Z4.tif,0.004,0.238,0.848,0.079,4,322,123.690,0.066,1.103,0.907,0.926
2389,4D-D-Z4.tif,0.011,0.522,0.485,0.160,73,347,59.036,0.124,1.298,0.770,0.772
2390,4D-D-Z4.tif,0.010,0.537,0.447,0.170,300,352,76.866,0.116,1.340,0.746,0.732
2391,4D-D-Z4.tif,0.015,0.679,0.418,0.190,594,344,25.821,0.134,1.551,0.645,0.779
2392,4D-D-Z4.tif,0.006,0.358,0.571,0.117,824,341,41.186,0.091,1.514,0.661,0.795
2393,4D-D-Z4.tif,0.002,0.225,0.602,0.082,886,336,70.346,0.053,1.378,0.726,0.769
2394,4D-D-Z4.tif,0.002,0.205,0.662,0.077,944,325,175.914,0.044,1.532,0.653,0.816
2395,4D-D-Z4.tif,0.003,0.292,0.370,0.097,480,324,132.709,0.065,1.664,0.601,0.595
2396,4D-D-Z4.tif,0.004,0.258,0.784,0.086,712,323,129.806,0.072,1.030,0.971,0.881
2397,4D-D-Z4.tif,0.001,0.117,0.968,0.051,106,324,139.399,0.033,1.500,0.667,0.921
2398,4D-D-Z4.tif,0.005,0.348,0.543,0.124,359,325,122.276,0.072,1.762,0.567,0.807
2399,4D-D-Z4.tif,0.004,0.293,0.638,0.102,644,329,143.746,0.073,1.332,0.751,0.787
2400,4D-D-Z4.tif,0.002,0.220,0.417,0.072,978,324,98.746,0.039,2.089,0.479,0.731
2401,4D-D-Z4.tif,0.001,0.137,0.846,0.049,350,329,26.565,0.042,1.144,0.874,0.857
2402,4D-D-Z4.tif,0.003,0.283,0.543,0.090,432,339,52.431,0.066,1.258,0.795,0.763
2403,4D-D-Z4.tif,0.002,0.204,0.726,0.081,792,325,151.699,0.044,1.655,0.604,0.868
2404,4D-D-Z4.tif,0.002,0.164,0.750,0.070,142,326,135.000,0.042,1.983,0.504,0.822
2405,4D-D-Z4.tif,0.014,0.604,0.487,0.180,496,329,121.264,0.138,1.318,0.759,0.778
2406,4D-D-Z4.tif,0.001,0.153,0.683,0.062,525,330,10.305,0.036,1.956,0.511,0.757
2407,4D-D-Z4.tif,0.002,0.164,0.778,0.059,774,336,68.199,0.044,1.425,0.702,0.840
2408,4D-D-Z4.tif,0.025,0.685,0.670,0.247,733,328,141.340,0.156,1.590,0.629,0.880
2409,4D-D-Z4.tif,0.003,0.237,0.568,0.085,948,333,14.931,0.053,1.782,0.561,0.715
2410,4D-D-Z4.tif,0.002,0.183,0.638,0.076,210,336,30.256,0.041,2.110,0.474,0.794
2411,4D-D-Z4.tif,0.003,0.222,0.763,0.081,264,341,61.699,0.054,1.449,0.690,0.872
2412,4D-D-Z4.tif,0.002,0.192,0.775,0.074,340,331,153.435,0.046,1.658,0.603,0.833
2413,4D-D-Z4.tif,0.003,0.250,0.574,0.103,863,332,164.476,0.048,2.374,0.421,0.783
2414,4D-D-Z4.tif,0.001,0.154,0.591,0.059,991,330,158.199,0.032,2.223,0.450,0.725
2415,4D-D-Z4.tif,0.001,0.181,0.419,0.067,684,329,145.008,0.032,2.390,0.418,0.632
2416,4D-D-Z4.tif,0.003,0.295,0.407,0.100,894,336,9.462,0.055,1.972,0.507,0.635
2417,4D-D-Z4.tif,0.003,0.322,0.404,0.128,964,330,115.463,0.051,3.143,0.318,0.688
2418,4D-D-Z4.tif,0.007,0.313,0.835,0.111,244,334,159.775,0.077,1.288,0.777,0.925
2419,4D-D-Z4.tif,0.015,0.530,0.656,0.197,905,352,17.928,0.117,1.860,0.537,0.863
2420,4D-D-Z4.tif,0.005,0.318,0.679,0.111,41,344,26.565,0.084,1.492,0.670,0.829
2421,4D-D-Z4.tif,0.014,0.626,0.447,0.186,112,356,34.160,0.141,1.059,0.945,0.763
2422,4D-D-Z4.tif,0.003,0.217,0.759,0.084,148,337,148.392,0.055,1.387,0.721,0.855
2423,4D-D-Z4.tif,0.004,0.380,0.388,0.117,325,337,160.710,0.080,1.633,0.612,0.602
2424,4D-D-Z4.tif,0.004,0.265,0.639,0.101,621,351,67.620,0.057,1.929,0.518,0.797
2425,4D-D-Z4.tif,0.011,0.589,0.389,0.186,860,334,108.970,0.121,1.408,0.710,0.696
2426,4D-D-Z4.tif,0.017,0.620,0.562,0.219,166,336,139.086,0.134,1.599,0.626,0.883
2427,4D-D-Z4.tif,0.001,0.161,0.692,0.068,377,340,14.036,0.033,2.274,0.440,0.817
2428,4D-D-Z4.tif,0.003,0.261,0.525,0.101,398,353,77.471,0.054,2.386,0.419,0.740
2429,4D-D-Z4.tif,0.005,0.454,0.296,0.160,790,335,120.964,0.071,2.366,0.423,0.586
2430,4D-D-Z4.tif,0.001,0.141,0.827,0.051,800,342,40.601,0.039,1.043,0.959,0.860
2431,4D-D-Z4.tif,0.002,0.178,0.695,0.072,467,342,8.746,0.033,2.141,0.467,0.872
2432,4D-D-Z4.tif,0.009,0.430,0.596,0.139,531,359,56.310,0.110,1.347,0.742,0.814
2433,4D-D-Z4.tif,0.003,0.246,0.644,0.086,708,348,45.000,0.060,1.335,0.749,0.791
2434,4D-D-Z4.tif,0.005,0.372,0.474,0.125,79,357,45.000,0.067,2.173,0.460,0.741
2435,4D-D-Z4.tif,0.002,0.195,0.530,0.079,95,347,33.690,0.042,2.550,0.392,0.697
2436,4D-D-Z4.tif,0.001,0.130,0.793,0.055,872,338,143.130,0.035,1.462,0.684,0.833
2437,4D-D-Z4.tif,0.066,1.235,0.546,0.355,452,340,117.759,0.299,1.207,0.828,0.865
2438,4D-D-Z4.tif,0.006,0.386,0.476,0.117,672,355,41.186,0.094,1.426,0.701,0.691
2439,4D-D-Z4.tif,0.011,0.498,0.533,0.187,4,351,13.627,0.088,2.171,0.461,0.804
2440,4D-D-Z4.tif,0.002,0.161,0.751,0.066,61,342,131.634,0.042,1.800,0.556,0.823
2441,4D-D-Z4.tif,0.007,0.417,0.522,0.137,407,345,130.101,0.099,1.403,0.713,0.794
2442,4D-D-Z4.tif,0.002,0.147,0.904,0.060,351,344,146.310,0.039,1.604,0.623,0.864
2443,4D-D-Z4.tif,0.005,0.366,0.453,0.111,608,360,57.095,0.070,1.632,0.613,0.778
2444,4D-D-Z4.tif,0.004,0.248,0.784,0.094,765,347,159.444,0.066,1.441,0.694,0.864
2445,4D-D-Z4.tif,0.005,0.333,0.540,0.105,274,360,47.121,0.076,1.353,0.739,0.785
2446,4D-D-Z4.tif,0.002,0.203,0.573,0.074,815,356,41.987,0.047,1.469,0.681,0.780
2447,4D-D-Z4.tif,0.002,0.202,0.637,0.068,666,346,104.036,0.044,1.517,0.659,0.840
2448,4D-D-Z4.tif,0.001,0.142,0.793,0.057,691,347,150.945,0.035,1.626,0.615,0.866
2449,4D-D-Z4.tif,0.005,0.350,0.547,0.133,889,347,128.290,0.067,2.302,0.434,0.780
2450,4D-D-Z4.tif,0.004,0.311,0.537,0.125,945,349,138.576,0.059,2.339,0.428,0.760
2451,4D-D-Z4.tif,0.006,0.351,0.577,0.133,203,352,172.875,0.069,2.119,0.472,0.818
2452,4D-D-Z4.tif,0.005,0.339,0.576,0.128,236,348,120.964,0.073,2.047,0.489,0.793
2453,4D-D-Z4.tif,0.004,0.298,0.501,0.099,832,359,33.690,0.072,1.495,0.669,0.724
2454,4D-D-Z4.tif,0.004,0.306,0.512,0.111,978,355,8.531,0.055,1.830,0.547,0.829
2455,4D-D-Z4.tif,0.006,0.489,0.328,0.138,640,371,61.390,0.097,1.442,0.693,0.642
2456,4D-D-Z4.tif,0.004,0.316,0.455,0.101,257,360,29.358,0.062,1.590,0.629,0.708
2457,4D-D-Z4.tif,0.001,0.142,0.717,0.052,629,357,32.005,0.037,1.306,0.766,0.809
2458,4D-D-Z4.tif,0.008,0.466,0.452,0.159,143,351,146.310,0.096,1.677,0.596,0.788
2459,4D-D-Z4.tif,0.006,0.347,0.665,0.141,356,363,20.556,0.075,1.853,0.540,0.854
2460,4D-D-Z4.tif,0.015,0.554,0.621,0.163,560,358,147.381,0.143,1.051,0.952,0.877
2461,4D-D-Z4.tif,0.001,0.142,0.755,0.055,823,361,36.870,0.034,1.834,0.545,0.777
2462,4D-D-Z4.tif,0.004,0.268,0.771,0.101,589,354,119.358,0.066,1.319,0.758,0.898
2463,4D-D-Z4.tif,0.012,0.480,0.645,0.168,319,359,156.801,0.117,1.655,0.604,0.822
2464,4D-D-Z4.tif,0.003,0.266,0.620,0.093,225,357,135.000,0.068,1.361,0.734,0.793
2465,4D-D-Z4.tif,0.008,0.372,0.747,0.130,697,357,117.646,0.092,1.476,0.678,0.847
2466,4D-D-Z4.tif,0.007,0.564,0.267,0.166,722,356,145.784,0.086,1.899,0.527,0.608
2467,4D-D-Z4.tif,0.002,0.214,0.532,0.072,930,362,22.620,0.051,1.633,0.612,0.727
2468,4D-D-Z4.tif,0.008,0.561,0.326,0.234,41,359,164.982,0.073,3.856,0.259,0.685
2469,4D-D-Z4.tif,0.006,0.296,0.880,0.101,303,357,119.358,0.088,1.037,0.965,0.927
2470,4D-D-Z4.tif,0.010,0.502,0.513,0.178,386,388,73.811,0.094,1.886,0.530,0.790
2471,4D-D-Z4.tif,0.003,0.209,0.851,0.075,495,363,17.103,0.055,1.202,0.832,0.891
2472,4D-D-Z4.tif,0.003,0.244,0.596,0.094,511,358,159.444,0.049,2.207,0.453,0.778
2473,4D-D-Z4.tif,0.002,0.176,0.710,0.070,84,369,45.000,0.042,1.862,0.537,0.823
2474,4D-D-Z4.tif,0.004,0.296,0.532,0.099,553,375,70.560,0.061,1.580,0.633,0.813
2475,4D-D-Z4.tif,0.005,0.316,0.665,0.117,766,365,8.130,0.066,1.881,0.531,0.831
2476,4D-D-Z4.tif,0.001,0.139,0.726,0.057,966,367,60.945,0.030,2.203,0.454,0.831
2477,4D-D-Z4.tif,0.001,0.147,0.798,0.052,1011,362,161.565,0.041,1.367,0.732,0.833
2478,4D-D-Z4.tif,0.003,0.233,0.661,0.090,105,359,132.510,0.054,1.721,0.581,0.793
2479,4D-D-Z4.tif,0.006,0.519,0.289,0.148,794,366,158.199,0.094,1.243,0.805,0.677
2480,4D-D-Z4.tif,0.002,0.161,0.854,0.064,283,362,160.017,0.042,1.612,0.620,0.841
2481,4D-D-Z4.tif,0.006,0.329,0.663,0.111,612,367,20.225,0.082,1.354,0.738,0.857
2482,4D-D-Z4.tif,0.002,0.176,0.685,0.072,657,362,147.529,0.039,2.001,0.500,0.767
2483,4D-D-Z4.tif,0.004,0.334,0.444,0.133,676,362,141.710,0.062,2.498,0.400,0.691
2484,4D-D-Z4.tif,0.002,0.161,0.751,0.063,884,361,164.745,0.039,1.603,0.624,0.857
2485,4D-D-Z4.tif,0.004,0.310,0.567,0.126,911,363,156.801,0.061,1.687,0.593,0.831
2486,4D-D-Z4.tif,0.004,0.247,0.843,0.101,823,363,139.399,0.062,1.672,0.598,0.909
2487,4D-D-Z4.tif,0.005,0.272,0.805,0.098,849,362,128.157,0.073,1.309,0.764,0.879
2488,4D-D-Z4.tif,0.004,0.347,0.449,0.138,22,378,28.610,0.053,2.994,0.334,0.730
2489,4D-D-Z4.tif,0.003,0.328,0.354,0.098,404,373,16.390,0.067,1.206,0.829,0.647
2490,4D-D-Z4.tif,0.003,0.261,0.558,0.099,527,370,176.820,0.050,1.891,0.529,0.823
2491,4D-D-Z4.tif,0.002,0.236,0.533,0.092,951,367,162.646,0.042,2.443,0.409,0.754
2492,4D-D-Z4.tif,0.002,0.197,0.710,0.067,356,376,34.992,0.058,1.223,0.818,0.783
2493,4D-D-Z4.tif,0.010,0.473,0.538,0.163,177,366,122.619,0.090,2.007,0.498,0.808
2494,4D-D-Z4.tif,0.005,0.399,0.389,0.151,200,368,160.907,0.070,2.709,0.369,0.652
2495,4D-D-Z4.tif,0.003,0.220,0.737,0.084,250,366,121.608,0.058,1.543,0.648,0.836
2496,4D-D-Z4.tif,0.002,0.261,0.403,0.113,263,366,133.025,0.041,3.220,0.311,0.679
2497,4D-D-Z4.tif,0.005,0.330,0.588,0.134,993,368,170.538,0.064,2.315,0.432,0.818
2498,4D-D-Z4.tif,0.003,0.259,0.623,0.106,117,368,158.749,0.053,2.376,0.421,0.830
2499,4D-D-Z4.tif,0.002,0.239,0.521,0.094,936,367,118.072,0.050,1.887,0.530,0.719
2500,4D-D-Z4.tif,0.001,0.164,0.609,0.069,500,368,151.390,0.035,2.119,0.472,0.775
2501,4D-D-Z4.tif,0.003,0.252,0.668,0.101,43,376,22.380,0.058,1.803,0.555,0.844
2502,4D-D-Z4.tif,0.003,0.244,0.654,0.096,973,370,166.759,0.050,2.084,0.480,0.829
2503,4D-D-Z4.tif,0.009,0.537,0.386,0.164,755,398,70.346,0.116,1.717,0.582,0.668
2504,4D-D-Z4.tif,0.004,0.281,0.601,0.118,664,371,152.241,0.058,2.305,0.434,0.820
2505,4D-D-Z4.tif,0.010,0.488,0.527,0.178,570,387,16.189,0.109,1.921,0.521,0.778
2506,4D-D-Z4.tif,0.004,0.256,0.697,0.092,644,386,57.265,0.070,1.114,0.897,0.854
2507,4D-D-Z4.tif,0.001,0.213,0.312,0.059,735,380,48.814,0.043,1.322,0.756,0.622
2508,4D-D-Z4.tif,0.002,0.195,0.700,0.079,864,376,167.905,0.044,1.841,0.543,0.814
2509,4D-D-Z4.tif,0.002,0.198,0.735,0.069,952,372,118.610,0.057,1.025,0.975,0.831
2510,4D-D-Z4.tif,0.005,0.331,0.538,0.115,981,389,54.782,0.075,1.630,0.614,0.735
2511,4D-D-Z4.tif,0.008,0.439,0.503,0.153,520,374,120.256,0.094,1.583,0.632,0.763
2512,4D-D-Z4.tif,0.001,0.114,0.994,0.043,634,374,129.806,0.033,1.104,0.906,0.907
2513,4D-D-Z4.tif,0.012,0.537,0.526,0.169,68,404,70.974,0.120,1.507,0.663,0.748
2514,4D-D-Z4.tif,0.007,0.340,0.713,0.122,543,375,108.435,0.072,1.604,0.624,0.904
2515,4D-D-Z4.tif,0.002,0.187,0.792,0.070,561,375,128.660,0.048,1.510,0.662,0.874
2516,4D-D-Z4.tif,0.002,0.178,0.803,0.073,771,377,167.005,0.039,1.585,0.631,0.870
2517,4D-D-Z4.tif,0.002,0.165,0.724,0.064,197,376,109.983,0.039,1.826,0.548,0.806
2518,4D-D-Z4.tif,0.008,0.478,0.436,0.141,223,396,51.340,0.093,1.642,0.609,0.739
2519,4D-D-Z4.tif,0.005,0.303,0.669,0.109,283,381,139.086,0.072,1.542,0.648,0.782
2520,4D-D-Z4.tif,0.008,0.402,0.634,0.138,311,376,126.870,0.098,1.299,0.770,0.833
2521,4D-D-Z4.tif,0.008,0.442,0.483,0.137,817,378,139.899,0.110,1.115,0.897,0.752
2522,4D-D-Z4.tif,0.003,0.231,0.818,0.090,897,376,132.510,0.066,1.359,0.736,0.891
2523,4D-D-Z4.tif,0.002,0.194,0.547,0.067,92,379,155.556,0.039,1.593,0.628,0.788
2524,4D-D-Z4.tif,0.004,0.414,0.280,0.151,349,380,160.907,0.064,2.875,0.348,0.579
2525,4D-D-Z4.tif,0.002,0.173,0.660,0.066,404,378,138.366,0.042,1.639,0.610,0.800
2526,4D-D-Z4.tif,0.002,0.203,0.536,0.093,21,379,135.000,0.035,3.348,0.299,0.773
2527,4D-D-Z4.tif,0.006,0.354,0.577,0.126,722,379,113.199,0.070,2.001,0.500,0.771
2528,4D-D-Z4.tif,0.005,0.370,0.464,0.133,858,382,175.236,0.064,2.284,0.438,0.747
2529,4D-D-Z4.tif,0.003,0.240,0.755,0.095,909,379,125.538,0.061,1.331,0.751,0.887
2530,4D-D-Z4.tif,0.003,0.270,0.594,0.108,125,384,156.038,0.061,1.702,0.587,0.789
2531,4D-D-Z4.tif,0.006,0.336,0.621,0.109,600,394,40.914,0.088,1.300,0.769,0.791
2532,4D-D-Z4.tif,0.003,0.225,0.730,0.089,679,387,21.801,0.050,1.855,0.539,0.870
2533,4D-D-Z4.tif,0.005,0.325,0.639,0.116,153,399,58.570,0.079,1.366,0.732,0.833
2534,4D-D-Z4.tif,0.003,0.244,0.686,0.094,846,382,151.928,0.063,1.496,0.668,0.793
2535,4D-D-Z4.tif,0.002,0.263,0.414,0.104,944,383,147.995,0.048,2.242,0.446,0.664
2536,4D-D-Z4.tif,0.002,0.187,0.694,0.083,241,393,36.870,0.042,2.173,0.460,0.800
2537,4D-D-Z4.tif,0.010,0.503,0.475,0.164,261,407,50.440,0.105,1.595,0.627,0.794
2538,4D-D-Z4.tif,0.005,0.277,0.741,0.107,767,394,34.509,0.069,1.609,0.622,0.866
2539,4D-D-Z4.tif,0.004,0.284,0.694,0.091,651,395,25.017,0.081,1.244,0.804,0.819
2540,4D-D-Z4.tif,0.001,0.147,0.656,0.054,843,393,66.038,0.035,1.494,0.669,0.796
2541,4D-D-Z4.tif,0.003,0.292,0.380,0.099,102,385,109.440,0.055,1.895,0.528,0.623
2542,4D-D-Z4.tif,0.003,0.247,0.587,0.090,169,385,132.510,0.064,1.474,0.678,0.803
2543,4D-D-Z4.tif,0.011,0.556,0.438,0.178,625,385,111.801,0.124,1.328,0.753,0.717
2544,4D-D-Z4.tif,0.005,0.283,0.750,0.110,918,395,17.526,0.066,1.444,0.692,0.859
2545,4D-D-Z4.tif,0.004,0.341,0.426,0.124,327,396,20.854,0.072,1.591,0.629,0.653
2546,4D-D-Z4.tif,0.004,0.329,0.414,0.111,423,404,63.435,0.072,1.660,0.602,0.663
2547,4D-D-Z4.tif,0.015,0.560,0.599,0.206,679,410,20.376,0.112,1.971,0.507,0.817
2548,4D-D-Z4.tif,0.007,0.482,0.365,0.168,970,386,128.367,0.077,2.345,0.427,0.734
2549,4D-D-Z4.tif,0.004,0.305,0.582,0.126,795,407,61.189,0.058,2.380,0.420,0.765
2550,4D-D-Z4.tif,0.005,0.338,0.511,0.134,895,387,99.462,0.055,2.674,0.374,0.799
2551,4D-D-Z4.tif,0.010,0.433,0.642,0.153,370,407,25.641,0.108,1.511,0.662,0.847
2552,4D-D-Z4.tif,0.005,0.292,0.722,0.113,402,389,140.906,0.062,1.876,0.533,0.857
2553,4D-D-Z4.tif,0.001,0.158,0.552,0.064,497,388,149.036,0.029,2.640,0.379,0.766
2554,4D-D-Z4.tif,0.001,0.154,0.623,0.054,995,391,156.038,0.043,1.335,0.749,0.729
2555,4D-D-Z4.tif,0.006,0.340,0.634,0.131,212,389,104.621,0.081,1.513,0.661,0.816
2556,4D-D-Z4.tif,0.001,0.174,0.593,0.070,811,390,135.000,0.042,1.690,0.592,0.790
2557,4D-D-Z4.tif,0.028,0.848,0.492,0.236,23,394,127.405,0.203,1.139,0.878,0.780
2558,4D-D-Z4.tif,0.002,0.170,0.760,0.070,285,392,128.660,0.046,1.567,0.638,0.835
2559,4D-D-Z4.tif,0.002,0.180,0.626,0.072,113,393,112.620,0.047,1.481,0.675,0.752
2560,4D-D-Z4.tif,0.002,0.195,0.630,0.086,127,393,153.435,0.042,2.450,0.408,0.778
2561,4D-D-Z4.tif,0.009,0.489,0.453,0.195,219,413,32.347,0.083,2.386,0.419,0.778
2562,4D-D-Z4.tif,0.002,0.202,0.534,0.078,909,405,39.289,0.045,1.975,0.506,0.695
2563,4D-D-Z4.tif,0.002,0.187,0.596,0.073,930,399,167.005,0.045,1.717,0.582,0.759
2564,4D-D-Z4.tif,0.010,0.523,0.445,0.188,1005,394,95.042,0.104,1.842,0.543,0.707
2565,4D-D-Z4.tif,0.004,0.261,0.734,0.087,188,401,145.305,0.066,1.270,0.787,0.870
2566,4D-D-Z4.tif,0.002,0.236,0.540,0.101,523,406,29.358,0.042,2.802,0.357,0.794
2567,4D-D-Z4.tif,0.003,0.217,0.791,0.079,860,400,146.310,0.062,1.273,0.785,0.841
2568,4D-D-Z4.tif,0.001,0.170,0.462,0.059,297,398,111.801,0.033,2.167,0.462,0.707
2569,4D-D-Z4.tif,0.008,0.414,0.577,0.156,400,399,135.000,0.086,1.917,0.522,0.812
2570,4D-D-Z4.tif,0.006,0.328,0.701,0.113,546,398,119.055,0.089,1.307,0.765,0.837
2571,4D-D-Z4.tif,0.001,0.156,0.764,0.067,569,398,124.992,0.039,1.898,0.527,0.845
2572,4D-D-Z4.tif,0.044,1.146,0.419,0.311,442,417,8.130,0.230,1.359,0.736,0.770
2573,4D-D-Z4.tif,0.004,0.266,0.685,0.101,585,402,167.471,0.059,1.955,0.512,0.836
2574,4D-D-Z4.tif,0.001,0.126,0.857,0.052,9,407,32.005,0.034,1.559,0.642,0.867
2575,4D-D-Z4.tif,0.004,0.269,0.673,0.086,755,400,129.806,0.066,1.132,0.883,0.874
2576,4D-D-Z4.tif,0.002,0.248,0.482,0.089,846,402,158.199,0.054,1.590,0.629,0.732
2577,4D-D-Z4.tif,0.002,0.191,0.597,0.072,162,401,112.620,0.044,2.181,0.459,0.731
2578,4D-D-Z4.tif,0.003,0.281,0.418,0.113,109,402,112.834,0.050,2.725,0.367,0.672
2579,4D-D-Z4.tif,0.002,0.167,0.830,0.059,53,405,158.199,0.045,1.367,0.732,0.853
2580,4D-D-Z4.tif,0.002,0.198,0.532,0.078,281,406,171.870,0.036,2.369,0.422,0.764
2581,4D-D-Z4.tif,0.001,0.126,0.834,0.049,608,409,26.565,0.037,1.329,0.752,0.814
2582,4D-D-Z4.tif,0.006,0.347,0.636,0.110,952,403,107.526,0.095,1.153,0.868,0.807
2583,4D-D-Z4.tif,0.005,0.336,0.513,0.121,308,420,39.472,0.061,2.041,0.490,0.747
2584,4D-D-Z4.tif,0.002,0.166,0.816,0.064,89,405,120.964,0.044,1.457,0.687,0.861
2585,4D-D-Z4.tif,0.002,0.198,0.667,0.079,768,405,146.310,0.047,2.068,0.484,0.775
2586,4D-D-Z4.tif,0.012,0.510,0.575,0.184,911,406,141.072,0.111,1.765,0.567,0.808
2587,4D-D-Z4.tif,0.001,0.148,0.674,0.057,96,415,60.945,0.033,1.726,0.579,0.804
2588,4D-D-Z4.tif,0.003,0.237,0.764,0.084,565,420,66.801,0.067,1.234,0.810,0.843
2589,4D-D-Z4.tif,0.002,0.195,0.620,0.070,599,418,38.660,0.052,1.335,0.749,0.729
2590,4D-D-Z4.tif,0.005,0.414,0.358,0.117,711,414,160.710,0.088,1.451,0.689,0.688
2591,4D-D-Z4.tif,0.029,0.904,0.441,0.277,812,456,72.646,0.193,1.446,0.691,0.749
2592,4D-D-Z4.tif,0.009,0.418,0.612,0.173,369,408,149.349,0.078,2.459,0.407,0.865
2593,4D-D-Z4.tif,0.003,0.202,0.787,0.074,331,418,26.565,0.056,1.179,0.848,0.844
2594,4D-D-Z4.tif,0.008,0.463,0.482,0.138,968,411,143.130,0.108,1.093,0.915,0.740
2595,4D-D-Z4.tif,0.004,0.237,0.798,0.085,123,419,14.931,0.064,1.328,0.753,0.868
2596,4D-D-Z4.tif,0.001,0.156,0.561,0.054,140,411,156.038,0.043,1.351,0.740,0.679
2597,4D-D-Z4.tif,0.002,0.173,0.902,0.069,588,417,28.610,0.047,1.524,0.656,0.871
2598,4D-D-Z4.tif,0.010,0.563,0.414,0.158,667,437,69.677,0.128,1.150,0.870,0.734
2599,4D-D-Z4.tif,0.005,0.284,0.831,0.095,60,417,169.992,0.086,1.067,0.937,0.871
2600,4D-D-Z4.tif,0.004,0.295,0.582,0.094,421,415,139.764,0.074,1.337,0.748,0.796
2601,4D-D-Z4.tif,0.003,0.219,0.710,0.078,519,412,135.000,0.058,1.253,0.798,0.840
2602,4D-D-Z4.tif,0.001,0.139,0.929,0.052,639,411,108.435,0.043,1.186,0.843,0.855
2603,4D-D-Z4.tif,0.002,0.186,0.770,0.072,102,412,112.620,0.039,1.729,0.578,0.915
2604,4D-D-Z4.tif,0.035,0.897,0.545,0.305,495,414,117.951,0.175,1.585,0.631,0.831
2605,4D-D-Z4.tif,0.003,0.233,0.682,0.081,732,421,28.301,0.061,1.195,0.837,0.792
2606,4D-D-Z4.tif,0.005,0.339,0.570,0.138,850,422,16.260,0.071,1.992,0.502,0.804
2607,4D-D-Z4.tif,0.005,0.364,0.498,0.128,270,413,120.964,0.075,1.542,0.648,0.818
2608,4D-D-Z4.tif,0.002,0.194,0.821,0.067,538,417,155.556,0.055,1.114,0.898,0.866
2609,4D-D-Z4.tif,0.008,0.433,0.518,0.145,753,436,60.524,0.085,1.820,0.549,0.794
2610,4D-D-Z4.tif,0.004,0.269,0.652,0.101,172,419,167.471,0.055,1.931,0.518,0.861
2611,4D-D-Z4.tif,0.002,0.170,0.747,0.066,530,415,138.366,0.047,1.428,0.700,0.857
2612,4D-D-Z4.tif,0.004,0.283,0.624,0.113,579,415,136.975,0.060,2.135,0.468,0.780
2613,4D-D-Z4.tif,0.002,0.164,0.764,0.068,888,418,14.036,0.038,2.036,0.491,0.837
2614,4D-D-Z4.tif,0.002,0.164,0.750,0.070,940,417,161.565,0.039,1.679,0.595,0.855
2615,4D-D-Z4.tif,0.009,0.442,0.603,0.157,286,417,143.531,0.097,1.554,0.643,0.817
2616,4D-D-Z4.tif,0.001,0.148,0.795,0.062,398,416,116.565,0.034,1.956,0.511,0.852
2617,4D-D-Z4.tif,0.001,0.150,0.662,0.062,91,418,153.435,0.033,2.035,0.491,0.796
2618,4D-D-Z4.tif,0.009,0.533,0.409,0.176,151,449,86.424,0.101,1.965,0.509,0.749
2619,4D-D-Z4.tif,0.002,0.176,0.955,0.064,645,428,70.017,0.054,1.167,0.857,0.891
2620,4D-D-Z4.tif,0.004,0.319,0.546,0.116,233,436,58.570,0.077,1.360,0.735,0.764
2621,4D-D-Z4.tif,0.003,0.257,0.506,0.087,118,435,71.565,0.066,1.457,0.686,0.688
2622,4D-D-Z4.tif,0.011,0.580,0.423,0.234,247,461,74.982,0.085,2.983,0.335,0.794
2623,4D-D-Z4.tif,0.004,0.272,0.707,0.096,872,432,30.964,0.069,1.333,0.750,0.813
2624,4D-D-Z4.tif,0.005,0.320,0.631,0.136,608,431,14.036,0.063,2.438,0.410,0.842
2625,4D-D-Z4.tif,0.004,0.255,0.739,0.096,717,422,103.241,0.060,1.683,0.594,0.854
2626,4D-D-Z4.tif,0.003,0.247,0.562,0.083,318,436,36.870,0.068,1.189,0.841,0.744
2627,4D-D-Z4.tif,0.015,0.587,0.552,0.202,358,446,29.358,0.131,1.624,0.616,0.822
2628,4D-D-Z4.tif,0.005,0.361,0.508,0.118,540,435,27.759,0.096,1.195,0.836,0.734
2629,4D-D-Z4.tif,0.001,0.159,0.599,0.070,165,425,108.435,0.032,2.699,0.370,0.755
2630,4D-D-Z4.tif,0.006,0.370,0.550,0.131,344,447,67.751,0.089,1.591,0.628,0.732
2631,4D-D-Z4.tif,0.002,0.187,0.705,0.073,595,431,12.995,0.042,1.882,0.531,0.793
2632,4D-D-Z4.tif,0.001,0.144,0.846,0.057,203,426,106.699,0.033,1.802,0.555,0.902
2633,4D-D-Z4.tif,0.007,0.378,0.613,0.139,213,450,71.565,0.079,1.937,0.516,0.847
2634,4D-D-Z4.tif,0.003,0.247,0.705,0.086,402,427,153.435,0.062,1.398,0.716,0.828
2635,4D-D-Z4.tif,0.001,0.134,0.803,0.057,430,432,29.055,0.030,2.106,0.475,0.844
2636,4D-D-Z4.tif,0.005,0.311,0.675,0.108,191,427,104.744,0.083,1.281,0.781,0.836
2637,4D-D-Z4.tif,0.002,0.178,0.683,0.064,331,427,160.017,0.050,1.105,0.905,0.760
2638,4D-D-Z4.tif,0.002,0.178,0.695,0.074,645,436,41.987,0.043,1.952,0.512,0.841
2639,4D-D-Z4.tif,0.009,0.432,0.617,0.162,890,455,72.181,0.083,2.066,0.484,0.862
2640,4D-D-Z4.tif,0.002,0.215,0.444,0.083,54,442,53.130,0.042,2.385,0.419,0.647
2641,4D-D-Z4.tif,0.007,0.411,0.536,0.141,91,428,120.579,0.091,1.651,0.606,0.810
2642,4D-D-Z4.tif,0.003,0.245,0.577,0.101,736,428,150.642,0.051,2.036,0.491,0.791
2643,4D-D-Z4.tif,0.008,0.411,0.606,0.140,918,441,25.560,0.094,1.454,0.688,0.846
2644,4D-D-Z4.tif,0.004,0.344,0.477,0.112,1003,434,11.310,0.066,1.631,0.613,0.783
2645,4D-D-Z4.tif,0.004,0.261,0.748,0.103,14,429,115.201,0.061,1.667,0.600,0.870
2646,4D-D-Z4.tif,0.006,0.472,0.352,0.180,545,454,49.970,0.092,1.880,0.532,0.649
2647,4D-D-Z4.tif,0.002,0.186,0.605,0.078,574,429,98.130,0.037,1.971,0.507,0.775
2648,4D-D-Z4.tif,0.017,0.581,0.628,0.186,677,445,11.976,0.149,1.081,0.925,0.850
2649,4D-D-Z4.tif,0.001,0.145,0.812,0.059,581,441,68.199,0.039,1.458,0.686,0.874
2650,4D-D-Z4.tif,0.003,0.217,0.686,0.084,769,447,78.690,0.050,1.562,0.640,0.829
2651,4D-D-Z4.tif,0.001,0.123,0.853,0.045,862,435,165.964,0.035,1.336,0.748,0.800
2652,4D-D-Z4.tif,0.008,0.384,0.667,0.136,984,434,121.759,0.089,1.618,0.618,0.840
2653,4D-D-Z4.tif,0.005,0.301,0.691,0.107,31,434,124.509,0.075,1.494,0.670,0.833
2654,4D-D-Z4.tif,0.001,0.145,0.740,0.049,121,442,63.435,0.039,1.176,0.850,0.863
2655,4D-D-Z4.tif,0.007,0.394,0.570,0.128,409,455,59.036,0.096,1.206,0.829,0.814
2656,4D-D-Z4.tif,0.008,0.470,0.450,0.153,622,460,59.744,0.092,1.843,0.543,0.725
2657,4D-D-Z4.tif,0.007,0.440,0.444,0.145,723,436,119.476,0.091,1.853,0.540,0.708
2658,4D-D-Z4.tif,0.007,0.419,0.504,0.178,938,465,68.199,0.068,3.314,0.302,0.811
2659,4D-D-Z4.tif,0.008,0.410,0.631,0.151,448,436,100.491,0.099,1.639,0.610,0.816
2660,4D-D-Z4.tif,0.001,0.130,0.861,0.047,126,438,144.462,0.039,1.176,0.851,0.874
2661,4D-D-Z4.tif,0.011,0.620,0.355,0.208,318,437,111.801,0.123,1.305,0.766,0.644
2662,4D-D-Z4.tif,0.004,0.294,0.516,0.094,643,447,6.710,0.076,1.145,0.873,0.727
2663,4D-D-Z4.tif,0.006,0.306,0.785,0.116,841,441,154.654,0.075,1.653,0.605,0.871
2664,4D-D-Z4.tif,0.006,0.409,0.455,0.126,790,438,105.255,0.092,1.396,0.716,0.753
2665,4D-D-Z4.tif,0.006,0.378,0.485,0.130,757,439,102.265,0.087,1.864,0.536,0.695
2666,4D-D-Z4.tif,0.032,0.840,0.562,0.268,61,488,74.539,0.194,1.353,0.739,0.832
2667,4D-D-Z4.tif,0.006,0.392,0.529,0.124,179,442,122.276,0.093,1.188,0.842,0.790
2668,4D-D-Z4.tif,0.010,0.533,0.425,0.196,273,469,51.843,0.104,1.965,0.509,0.701
2669,4D-D-Z4.tif,0.007,0.347,0.712,0.119,587,443,123.690,0.085,1.376,0.727,0.881
2670,4D-D-Z4.tif,0.002,0.222,0.635,0.081,271,456,61.699,0.049,1.662,0.602,0.816
2671,4D-D-Z4.tif,0.006,0.353,0.591,0.123,959,443,100.305,0.077,1.709,0.585,0.793
2672,4D-D-Z4.tif,0.002,0.169,0.710,0.064,428,446,160.017,0.041,1.787,0.560,0.768
2673,4D-D-Z4.tif,0.002,0.187,0.846,0.075,11,455,36.027,0.049,1.529,0.654,0.881
2674,4D-D-Z4.tif,0.010,0.504,0.491,0.152,111,459,12.529,0.110,1.293,0.773,0.823
2675,4D-D-Z4.tif,0.014,0.622,0.440,0.238,641,447,123.690,0.119,2.020,0.495,0.772
2676,4D-D-Z4.tif,0.003,0.241,0.573,0.096,472,463,59.036,0.052,2.115,0.473,0.750
2677,4D-D-Z4.tif,0.006,0.392,0.453,0.148,815,467,41.987,0.071,2.195,0.456,0.684
2678,4D-D-Z4.tif,0.001,0.148,0.760,0.066,158,458,41.634,0.034,2.137,0.468,0.846
2679,4D-D-Z4.tif,0.009,0.527,0.421,0.160,913,478,74.055,0.112,1.855,0.539,0.698
2680,4D-D-Z4.tif,0.004,0.258,0.824,0.096,970,452,149.036,0.071,1.310,0.763,0.892
2681,4D-D-Z4.tif,0.014,0.657,0.419,0.200,555,467,155.556,0.166,1.181,0.847,0.694
2682,4D-D-Z4.tif,0.005,0.319,0.648,0.103,871,460,15.524,0.081,1.227,0.815,0.822
2683,4D-D-Z4.tif,0.005,0.353,0.511,0.111,481,471,69.775,0.084,1.341,0.746,0.795
2684,4D-D-Z4.tif,0.006,0.307,0.766,0.115,455,473,73.301,0.077,1.558,0.642,0.875
2685,4D-D-Z4.tif,0.003,0.211,0.806,0.080,717,467,74.055,0.052,1.655,0.604,0.855
2686,4D-D-Z4.tif,0.005,0.357,0.474,0.134,772,454,145.008,0.054,2.804,0.357,0.774
2687,4D-D-Z4.tif,0.006,0.406,0.476,0.147,602,480,77.005,0.076,2.123,0.471,0.776
2688,4D-D-Z4.tif,0.003,0.214,0.798,0.090,848,455,142.431,0.051,1.789,0.559,0.901
2689,4D-D-Z4.tif,0.010,0.524,0.450,0.173,364,457,142.765,0.109,1.628,0.614,0.763
2690,4D-D-Z4.tif,0.003,0.250,0.568,0.086,401,455,140.194,0.067,1.307,0.765,0.772
2691,4D-D-Z4.tif,0.002,0.178,0.815,0.064,804,465,59.036,0.049,1.333,0.750,0.855
2692,4D-D-Z4.tif,0.008,0.375,0.689,0.132,300,465,163.072,0.104,1.333,0.750,0.844
2693,4D-D-Z4.tif,0.001,0.158,0.675,0.064,331,458,160.017,0.039,1.625,0.615,0.793
2694,4D-D-Z4.tif,0.006,0.347,0.582,0.133,28,459,141.710,0.071,1.813,0.551,0.818
2695,4D-D-Z4.tif,0.001,0.148,0.777,0.054,548,458,135.000,0.044,1.150,0.869,0.841
2696,4D-D-Z4.tif,0.016,0.624,0.509,0.192,192,469,166.759,0.130,1.317,0.760,0.791
2697,4D-D-Z4.tif,0.004,0.261,0.745,0.094,259,459,96.710,0.066,1.410,0.709,0.844
2698,4D-D-Z4.tif,0.008,0.411,0.575,0.150,341,463,143.973,0.078,1.930,0.518,0.849
2699,4D-D-Z4.tif,0.018,0.873,0.290,0.232,674,459,151.607,0.142,1.590,0.629,0.694
2700,4D-D-Z4.tif,0.005,0.266,0.852,0.101,161,461,150.642,0.072,1.390,0.719,0.888
2701,4D-D-Z4.tif,0.007,0.523,0.337,0.143,414,469,15.642,0.105,1.369,0.730,0.656
2702,4D-D-Z4.tif,0.002,0.255,0.475,0.104,234,461,122.005,0.046,2.714,0.369,0.736
2703,4D-D-Z4.tif,0.013,0.439,0.818,0.150,76,477,171.573,0.128,1.141,0.877,0.903
2704,4D-D-Z4.tif,0.004,0.241,0.796,0.090,1000,475,37.569,0.062,1.661,0.602,0.877
2705,4D-D-Z4.tif,0.008,0.408,0.616,0.138,488,471,151.390,0.099,1.466,0.682,0.782
2706,4D-D-Z4.tif,0.002,0.183,0.752,0.070,837,472,18.435,0.050,1.353,0.739,0.825
2707,4D-D-Z4.tif,0.005,0.287,0.697,0.103,619,475,25.201,0.076,1.303,0.768,0.830
2708,4D-D-Z4.tif,0.001,0.169,0.576,0.074,954,477,63.435,0.032,2.552,0.392,0.754
2709,4D-D-Z4.tif,0.004,0.305,0.480,0.109,8,481,49.086,0.069,1.924,0.520,0.696
2710,4D-D-Z4.tif,0.005,0.392,0.418,0.142,795,470,144.462,0.069,2.209,0.453,0.668
2711,4D-D-Z4.tif,0.004,0.261,0.700,0.095,894,474,10.008,0.064,1.499,0.667,0.812
2712,4D-D-Z4.tif,0.002,0.219,0.654,0.075,524,467,107.103,0.053,1.485,0.674,0.796
2713,4D-D-Z4.tif,0.016,0.668,0.441,0.227,749,470,157.166,0.111,2.149,0.465,0.763
2714,4D-D-Z4.tif,0.011,0.566,0.447,0.168,966,484,31.608,0.112,1.370,0.730,0.776
2715,4D-D-Z4.tif,0.003,0.211,0.737,0.072,289,476,32.471,0.058,1.261,0.793,0.815
2716,4D-D-Z4.tif,0.001,0.148,0.691,0.062,726,478,63.435,0.032,2.027,0.493,0.842
2717,4D-D-Z4.tif,0.005,0.336,0.520,0.111,931,486,57.095,0.080,1.355,0.738,0.757
2718,4D-D-Z4.tif,0.001,0.183,0.501,0.069,866,471,118.610,0.039,1.913,0.523,0.727
2719,4D-D-Z4.tif,0.009,0.482,0.499,0.160,21,500,84.094,0.109,1.694,0.590,0.738
2720,4D-D-Z4.tif,0.003,0.216,0.711,0.084,263,478,23.199,0.050,1.711,0.585,0.853
2721,4D-D-Z4.tif,0.005,0.307,0.713,0.101,846,481,22.380,0.083,1.055,0.948,0.845
2722,4D-D-Z4.tif,0.010,0.559,0.390,0.187,323,473,103.627,0.104,2.225,0.449,0.649
2723,4D-D-Z4.tif,0.005,0.319,0.599,0.103,529,477,164.476,0.069,1.563,0.640,0.810
2724,4D-D-Z4.tif,0.011,0.539,0.487,0.171,98,498,33.179,0.102,1.885,0.530,0.805
2725,4D-D-Z4.tif,0.007,0.428,0.478,0.128,179,486,172.569,0.104,1.307,0.765,0.750
2726,4D-D-Z4.tif,0.002,0.183,0.729,0.075,642,474,126.027,0.042,2.196,0.455,0.810
2727,4D-D-Z4.tif,0.003,0.253,0.649,0.100,139,482,6.340,0.060,1.785,0.560,0.781
2728,4D-D-Z4.tif,0.003,0.264,0.618,0.096,396,482,13.241,0.056,1.977,0.506,0.782
2729,4D-D-Z4.tif,0.008,0.387,0.645,0.138,437,496,36.870,0.089,1.450,0.690,0.829
2730,4D-D-Z4.tif,0.017,0.615,0.580,0.190,471,476,106.858,0.151,1.214,0.824,0.823
2731,4D-D-Z4.tif,0.002,0.183,0.672,0.070,615,477,128.660,0.046,1.758,0.569,0.787
2732,4D-D-Z4.tif,0.002,0.198,0.706,0.070,884,477,128.660,0.055,1.250,0.800,0.825
2733,4D-D-Z4.tif,0.003,0.281,0.467,0.094,284,493,69.444,0.061,1.611,0.621,0.743
2734,4D-D-Z4.tif,0.010,0.488,0.549,0.149,231,505,85.764,0.119,1.161,0.861,0.811
2735,4D-D-Z4.tif,0.002,0.164,0.849,0.060,511,478,123.690,0.049,1.096,0.912,0.876
2736,4D-D-Z4.tif,0.006,0.312,0.745,0.129,817,478,160.017,0.060,2.178,0.459,0.913
2737,4D-D-Z4.tif,0.007,0.409,0.491,0.135,306,479,101.768,0.086,1.834,0.545,0.778
2738,4D-D-Z4.tif,0.003,0.219,0.670,0.079,914,492,65.225,0.055,1.596,0.627,0.836
2739,4D-D-Z4.tif,0.005,0.377,0.476,0.152,992,501,49.399,0.063,2.670,0.375,0.771
2740,4D-D-Z4.tif,0.001,0.154,0.783,0.060,346,480,123.690,0.038,1.644,0.608,0.810
2741,4D-D-Z4.tif,0.002,0.214,0.632,0.073,598,484,167.005,0.050,1.484,0.674,0.840
2742,4D-D-Z4.tif,0.002,0.183,0.763,0.064,666,480,109.983,0.052,1.263,0.792,0.798
2743,4D-D-Z4.tif,0.002,0.209,0.634,0.086,715,491,45.000,0.048,2.043,0.490,0.816
2744,4D-D-Z4.tif,0.004,0.350,0.452,0.101,41,483,157.620,0.078,1.320,0.758,0.763
2745,4D-D-Z4.tif,0.003,0.235,0.733,0.090,125,481,137.490,0.061,1.388,0.720,0.855
2746,4D-D-Z4.tif,0.005,0.335,0.558,0.121,372,496,39.472,0.082,1.547,0.646,0.747
2747,4D-D-Z4.tif,0.003,0.261,0.482,0.092,628,481,107.354,0.057,1.821,0.549,0.711
2748,4D-D-Z4.tif,0.003,0.242,0.590,0.095,737,498,79.992,0.044,2.553,0.392,0.812
2749,4D-D-Z4.tif,0.006,0.394,0.480,0.143,788,481,105.642,0.073,2.127,0.470,0.731
2750,4D-D-Z4.tif,0.012,0.577,0.451,0.199,394,506,39.401,0.097,2.127,0.470,0.762
2751,4D-D-Z4.tif,0.002,0.156,0.811,0.064,361,493,59.036,0.039,1.833,0.546,0.852
2752,4D-D-Z4.tif,0.002,0.191,0.755,0.074,560,483,116.565,0.054,1.327,0.754,0.809
2753,4D-D-Z4.tif,0.003,0.244,0.538,0.095,894,483,125.538,0.056,1.780,0.562,0.737
2754,4D-D-Z4.tif,0.002,0.180,0.803,0.072,963,484,112.620,0.044,1.621,0.617,0.866
2755,4D-D-Z4.tif,0.008,0.477,0.431,0.207,858,519,61.390,0.064,3.658,0.273,0.802
2756,4D-D-Z4.tif,0.001,0.172,0.542,0.067,943,487,170.538,0.039,2.000,0.500,0.700
2757,4D-D-Z4.tif,0.009,0.450,0.570,0.155,68,499,22.932,0.099,1.466,0.682,0.844
2758,4D-D-Z4.tif,0.005,0.399,0.395,0.134,577,509,70.821,0.088,1.637,0.611,0.645
2759,4D-D-Z4.tif,0.003,0.241,0.717,0.090,643,493,10.620,0.061,1.549,0.646,0.796
2760,4D-D-Z4.tif,0.010,0.537,0.432,0.153,145,489,142.306,0.117,1.204,0.831,0.784
2761,4D-D-Z4.tif,0.002,0.159,0.809,0.064,744,488,120.964,0.039,1.633,0.612,0.864
2762,4D-D-Z4.tif,0.007,0.392,0.537,0.138,528,505,36.870,0.086,1.691,0.591,0.772
2763,4D-D-Z4.tif,0.002,0.167,0.817,0.067,729,488,114.444,0.044,1.271,0.787,0.851
2764,4D-D-Z4.tif,0.003,0.195,0.880,0.069,1009,488,118.610,0.059,1.072,0.933,0.871
2765,4D-D-Z4.tif,0.005,0.328,0.584,0.130,812,502,27.646,0.070,2.161,0.463,0.801
2766,4D-D-Z4.tif,0.003,0.309,0.450,0.111,606,490,122.905,0.068,1.803,0.554,0.695
2767,4D-D-Z4.tif,0.003,0.237,0.710,0.085,686,505,75.069,0.058,1.531,0.653,0.817
2768,4D-D-Z4.tif,0.003,0.320,0.379,0.121,204,503,30.069,0.050,3.108,0.322,0.626
2769,4D-D-Z4.tif,0.003,0.270,0.542,0.090,590,503,37.569,0.067,1.347,0.742,0.751
2770,4D-D-Z4.tif,0.006,0.324,0.735,0.109,844,491,120.466,0.086,1.293,0.774,0.869
2771,4D-D-Z4.tif,0.004,0.270,0.744,0.099,127,493,123.690,0.061,1.526,0.655,0.913
2772,4D-D-Z4.tif,0.005,0.312,0.604,0.115,184,509,35.218,0.081,1.284,0.779,0.773
2773,4D-D-Z4.tif,0.029,0.855,0.502,0.290,242,520,14.300,0.169,1.777,0.563,0.830
2774,4D-D-Z4.tif,0.001,0.145,0.686,0.059,499,500,21.801,0.033,1.970,0.508,0.826
2775,4D-D-Z4.tif,0.001,0.184,0.427,0.079,671,495,123.690,0.030,3.322,0.301,0.623
2776,4D-D-Z4.tif,0.005,0.331,0.620,0.121,752,510,30.069,0.079,1.575,0.635,0.805
2777,4D-D-Z4.tif,0.008,0.383,0.658,0.119,338,500,158.199,0.099,1.063,0.940,0.834
2778,4D-D-Z4.tif,0.007,0.400,0.524,0.124,507,504,20.854,0.105,1.100,0.909,0.751
2779,4D-D-Z4.tif,0.001,0.131,0.865,0.054,771,497,156.038,0.037,1.488,0.672,0.830
2780,4D-D-Z4.tif,0.006,0.460,0.364,0.183,50,497,158.839,0.055,4.146,0.241,0.752
2781,4D-D-Z4.tif,0.005,0.276,0.823,0.108,362,502,165.256,0.071,1.593,0.628,0.909
2782,4D-D-Z4.tif,0.008,0.562,0.323,0.166,459,497,93.814,0.102,1.895,0.528,0.623
2783,4D-D-Z4.tif,0.005,0.361,0.523,0.142,879,504,13.496,0.068,2.226,0.449,0.772
2784,4D-D-Z4.tif,0.002,0.205,0.699,0.074,936,509,63.435,0.055,1.191,0.839,0.790
2785,4D-D-Z4.tif,0.007,0.413,0.532,0.133,962,512,24.444,0.108,1.278,0.782,0.738
2786,4D-D-Z4.tif,0.006,0.364,0.524,0.137,23,515,40.101,0.061,2.282,0.438,0.805
2787,4D-D-Z4.tif,0.005,0.297,0.760,0.115,554,516,54.782,0.072,1.585,0.631,0.850
2788,4D-D-Z4.tif,0.003,0.259,0.645,0.109,629,499,139.086,0.057,2.038,0.491,0.823
2789,4D-D-Z4.tif,0.015,0.655,0.441,0.239,701,516,14.676,0.104,2.501,0.400,0.785
2790,4D-D-Z4.tif,0.003,0.280,0.549,0.094,922,514,49.764,0.071,1.398,0.716,0.761
2791,4D-D-Z4.tif,0.002,0.144,0.919,0.052,911,504,147.995,0.044,1.151,0.869,0.901
2792,4D-D-Z4.tif,0.007,0.379,0.585,0.139,945,502,108.435,0.083,1.787,0.560,0.797
2793,4D-D-Z4.tif,0.002,0.205,0.635,0.075,212,507,162.897,0.050,1.552,0.644,0.805
2794,4D-D-Z4.tif,0.006,0.355,0.584,0.136,414,522,43.363,0.074,1.847,0.542,0.821
2795,4D-D-Z4.tif,0.005,0.279,0.741,0.106,620,505,128.660,0.066,1.724,0.580,0.852
2796,4D-D-Z4.tif,0.002,0.173,0.838,0.063,788,515,74.745,0.051,1.334,0.749,0.835
2797,4D-D-Z4.tif,0.002,0.180,0.767,0.063,808,504,127.875,0.049,1.169,0.856,0.872
2798,4D-D-Z4.tif,0.003,0.309,0.402,0.131,816,515,22.249,0.042,4.338,0.231,0.652
2799,4D-D-Z4.tif,0.001,0.130,0.793,0.051,386,510,12.529,0.033,1.367,0.732,0.833
2800,4D-D-Z4.tif,0.007,0.400,0.533,0.144,654,523,43.452,0.085,1.648,0.607,0.797
2801,4D-D-Z4.tif,0.003,0.253,0.658,0.095,689,519,54.462,0.061,1.854,0.539,0.804
2802,4D-D-Z4.tif,0.013,0.523,0.597,0.185,982,524,30.379,0.108,1.844,0.542,0.848
2803,4D-D-Z4.tif,0.012,0.578,0.439,0.175,102,507,114.146,0.116,1.592,0.628,0.775
2804,4D-D-Z4.tif,0.004,0.337,0.482,0.111,529,506,153.435,0.090,1.242,0.805,0.679
2805,4D-D-Z4.tif,0.009,0.548,0.396,0.170,294,507,144.246,0.096,2.047,0.488,0.706
2806,4D-D-Z4.tif,0.006,0.402,0.504,0.134,432,507,124.992,0.101,1.502,0.666,0.766
2807,4D-D-Z4.tif,0.005,0.340,0.585,0.111,80,511,159.775,0.083,1.465,0.683,0.830
2808,4D-D-Z4.tif,0.004,0.242,0.868,0.086,126,521,50.194,0.072,1.072,0.933,0.902
2809,4D-D-Z4.tif,0.002,0.214,0.582,0.079,332,523,77.905,0.052,1.847,0.541,0.745
2810,4D-D-Z4.tif,0.004,0.283,0.603,0.102,494,511,143.746,0.075,1.388,0.720,0.786
2811,4D-D-Z4.tif,0.003,0.224,0.670,0.094,756,515,173.290,0.044,2.180,0.459,0.838
2812,4D-D-Z4.tif,0.002,0.202,0.628,0.079,937,510,123.690,0.041,2.008,0.498,0.827
2813,4D-D-Z4.tif,0.040,1.139,0.385,0.340,567,566,63.020,0.218,1.513,0.661,0.760
2814,4D-D-Z4.tif,0.005,0.345,0.502,0.116,599,531,64.654,0.077,1.424,0.702,0.785
2815,4D-D-Z4.tif,0.017,0.704,0.424,0.255,142,528,13.736,0.124,2.823,0.354,0.721
2816,4D-D-Z4.tif,0.003,0.234,0.639,0.080,806,527,74.055,0.058,1.500,0.667,0.807
2817,4D-D-Z4.tif,0.004,0.272,0.645,0.096,838,517,149.036,0.072,1.314,0.761,0.814
2818,4D-D-Z4.tif,0.003,0.225,0.685,0.094,398,528,49.764,0.047,2.210,0.452,0.824
2819,4D-D-Z4.tif,0.029,0.858,0.493,0.342,868,520,168.871,0.143,2.422,0.413,0.860
2820,4D-D-Z4.tif,0.002,0.153,0.943,0.055,370,525,53.130,0.049,1.073,0.932,0.892
2821,4D-D-Z4.tif,0.002,0.175,0.721,0.075,477,522,17.103,0.039,2.052,0.487,0.811
2822,4D-D-Z4.tif,0.002,0.200,0.649,0.079,550,526,33.690,0.044,1.986,0.504,0.814
2823,4D-D-Z4.tif,0.007,0.401,0.529,0.122,623,532,35.838,0.100,1.304,0.767,0.742
2824,4D-D-Z4.tif,0.006,0.335,0.651,0.126,226,539,61.189,0.077,1.465,0.683,0.848
2825,4D-D-Z4.tif,0.004,0.283,0.581,0.101,684,537,77.471,0.063,1.904,0.525,0.790
2826,4D-D-Z4.tif,0.003,0.234,0.723,0.089,799,519,97.125,0.055,1.619,0.618,0.846
2827,4D-D-Z4.tif,0.002,0.170,0.752,0.066,931,520,138.366,0.041,1.594,0.627,0.814
2828,4D-D-Z4.tif,0.006,0.414,0.435,0.140,36,538,45.000,0.086,1.754,0.570,0.757
2829,4D-D-Z4.tif,0.011,0.439,0.710,0.153,659,524,142.306,0.105,1.512,0.662,0.855
2830,4D-D-Z4.tif,0.001,0.205,0.436,0.080,854,526,15.945,0.038,2.169,0.461,0.706
2831,4D-D-Z4.tif,0.008,0.489,0.435,0.176,332,544,41.186,0.091,1.938,0.516,0.700
2832,4D-D-Z4.tif,0.003,0.389,0.282,0.128,473,526,149.036,0.084,1.493,0.670,0.500
2833,4D-D-Z4.tif,0.009,0.582,0.316,0.172,56,545,39.806,0.111,1.837,0.544,0.678
2834,4D-D-Z4.tif,0.014,0.608,0.465,0.214,190,557,64.093,0.121,2.111,0.474,0.800
2835,4D-D-Z4.tif,0.007,0.455,0.432,0.139,234,543,56.310,0.104,1.328,0.753,0.713
2836,4D-D-Z4.tif,0.016,0.611,0.549,0.227,262,522,119.055,0.119,2.004,0.499,0.851
2837,4D-D-Z4.tif,0.008,0.460,0.463,0.143,501,531,164.358,0.098,1.869,0.535,0.725
2838,4D-D-Z4.tif,0.003,0.351,0.277,0.089,535,532,29.745,0.077,1.380,0.724,0.584
2839,4D-D-Z4.tif,0.006,0.357,0.626,0.113,207,524,140.906,0.080,1.365,0.733,0.865
2840,4D-D-Z4.tif,0.004,0.328,0.524,0.136,375,536,31.759,0.058,2.694,0.371,0.775
2841,4D-D-Z4.tif,0.006,0.340,0.605,0.105,407,529,173.991,0.080,1.300,0.769,0.860
2842,4D-D-Z4.tif,0.007,0.453,0.451,0.139,705,534,18.435,0.077,1.714,0.583,0.827
2843,4D-D-Z4.tif,0.003,0.204,0.846,0.082,736,534,42.274,0.056,1.438,0.696,0.898
2844,4D-D-Z4.tif,0.003,0.289,0.510,0.111,811,530,20.225,0.055,1.796,0.557,0.767
2845,4D-D-Z4.tif,0.003,0.241,0.612,0.082,745,535,42.274,0.056,1.652,0.605,0.759
2846,4D-D-Z4.tif,0.002,0.192,0.651,0.072,770,532,32.471,0.049,1.499,0.667,0.768
2847,4D-D-Z4.tif,0.005,0.418,0.392,0.133,965,526,138.366,0.081,1.681,0.595,0.692
2848,4D-D-Z4.tif,0.002,0.209,0.686,0.079,27,538,65.225,0.055,1.378,0.726,0.786
2849,4D-D-Z4.tif,0.004,0.322,0.477,0.111,118,531,159.775,0.066,1.183,0.845,0.724
2850,4D-D-Z4.tif,0.005,0.316,0.668,0.116,312,530,154.654,0.077,1.316,0.760,0.850
2851,4D-D-Z4.tif,0.002,0.244,0.461,0.090,948,538,47.490,0.044,2.335,0.428,0.738
2852,4D-D-Z4.tif,0.001,0.176,0.600,0.068,79,539,75.964,0.044,1.787,0.560,0.737
2853,4D-D-Z4.tif,0.003,0.237,0.602,0.073,284,533,12.995,0.063,1.204,0.831,0.777
2854,4D-D-Z4.tif,0.002,0.150,0.876,0.062,171,529,135.000,0.044,1.457,0.686,0.920
2855,4D-D-Z4.tif,0.007,0.501,0.358,0.150,758,529,113.749,0.095,1.607,0.622,0.632
2856,4D-D-Z4.tif,0.001,0.192,0.465,0.070,988,540,45.000,0.047,1.413,0.708,0.662
2857,4D-D-Z4.tif,0.006,0.511,0.310,0.190,342,545,10.008,0.076,3.391,0.295,0.592
2858,4D-D-Z4.tif,0.001,0.176,0.600,0.057,776,533,163.301,0.048,1.170,0.855,0.737
2859,4D-D-Z4.tif,0.002,0.209,0.634,0.082,444,542,42.274,0.051,1.935,0.517,0.802
2860,4D-D-Z4.tif,0.003,0.217,0.767,0.074,85,534,131.987,0.065,1.154,0.866,0.856
2861,4D-D-Z4.tif,0.003,0.253,0.593,0.110,426,541,17.526,0.043,2.835,0.353,0.844
2862,4D-D-Z4.tif,0.007,0.361,0.634,0.132,469,534,106.928,0.083,1.631,0.613,0.792
2863,4D-D-Z4.tif,0.002,0.184,0.640,0.062,649,540,26.565,0.051,1.307,0.765,0.803
2864,4D-D-Z4.tif,0.003,0.241,0.605,0.083,816,534,126.870,0.065,1.123,0.890,0.797
2865,4D-D-Z4.tif,0.018,0.773,0.386,0.219,902,542,162.474,0.139,1.558,0.642,0.781
2866,4D-D-Z4.tif,0.004,0.239,0.805,0.094,300,537,159.444,0.058,1.596,0.627,0.877
2867,4D-D-Z4.tif,0.004,0.389,0.357,0.133,720,546,24.444,0.061,2.280,0.439,0.742
2868,4D-D-Z4.tif,0.004,0.279,0.653,0.094,790,539,151.928,0.074,1.203,0.831,0.832
2869,4D-D-Z4.tif,0.021,0.787,0.419,0.220,834,575,77.005,0.161,1.402,0.714,0.801
2870,4D-D-Z4.tif,0.008,0.436,0.548,0.144,523,541,133.452,0.108,1.387,0.721,0.788
2871,4D-D-Z4.tif,0.003,0.239,0.765,0.089,860,546,21.801,0.063,1.606,0.623,0.839
2872,4D-D-Z4.tif,0.001,0.158,0.613,0.062,175,538,116.565,0.034,1.911,0.523,0.784
2873,4D-D-Z4.tif,0.005,0.335,0.551,0.133,392,544,175.236,0.064,2.275,0.440,0.775
2874,4D-D-Z4.tif,0.011,0.633,0.339,0.234,602,545,171.870,0.118,1.921,0.521,0.646
2875,4D-D-Z4.tif,0.001,0.119,0.947,0.051,699,539,130.601,0.034,1.592,0.628,0.886
2876,4D-D-Z4.tif,0.001,0.136,0.822,0.051,956,539,130.601,0.039,1.120,0.893,0.860
2877,4D-D-Z4.tif,0.003,0.289,0.494,0.109,964,539,139.086,0.060,1.946,0.514,0.755
2878,4D-D-Z4.tif,0.002,0.206,0.734,0.082,245,543,160.346,0.052,1.663,0.601,0.824
2879,4D-D-Z4.tif,0.001,0.156,0.733,0.059,33,549,21.801,0.042,1.635,0.612,0.797
2880,4D-D-Z4.tif,0.004,0.296,0.636,0.110,369,552,17.526,0.073,1.753,0.570,0.798
2881,4D-D-Z4.tif,0.003,0.236,0.663,0.078,510,542,140.711,0.066,1.133,0.883,0.785
2882,4D-D-Z4.tif,0.002,0.175,0.733,0.068,106,555,75.964,0.044,1.358,0.736,0.808
2883,4D-D-Z4.tif,0.001,0.150,0.815,0.064,216,543,149.036,0.039,1.893,0.528,0.828
2884,4D-D-Z4.tif,0.004,0.318,0.515,0.127,886,543,124.380,0.055,2.571,0.389,0.759
2885,4D-D-Z4.tif,0.005,0.291,0.728,0.105,88,557,42.879,0.075,1.364,0.733,0.878
2886,4D-D-Z4.tif,0.001,0.134,0.824,0.054,493,549,23.962,0.038,1.610,0.621,0.848
2887,4D-D-Z4.tif,0.002,0.167,0.749,0.064,667,549,19.983,0.043,1.614,0.620,0.815
2888,4D-D-Z4.tif,0.002,0.180,0.826,0.070,162,545,128.660,0.050,1.511,0.662,0.848
2889,4D-D-Z4.tif,0.005,0.344,0.513,0.107,872,564,78.111,0.073,1.634,0.612,0.805
2890,4D-D-Z4.tif,0.009,0.569,0.368,0.183,31,570,46.219,0.119,1.281,0.781,0.687
2891,4D-D-Z4.tif,0.007,0.442,0.428,0.125,146,566,45.000,0.108,1.103,0.906,0.765
2892,4D-D-Z4.tif,0.005,0.308,0.614,0.118,436,552,10.784,0.066,1.927,0.519,0.834
2893,4D-D-Z4.tif,0.001,0.148,0.743,0.055,771,546,126.870,0.039,1.377,0.726,0.827
2894,4D-D-Z4.tif,0.006,0.318,0.702,0.118,201,561,27.759,0.076,1.732,0.577,0.835
2895,4D-D-Z4.tif,0.003,0.320,0.356,0.126,296,547,151.189,0.064,2.295,0.436,0.596
2896,4D-D-Z4.tif,0.005,0.314,0.653,0.111,701,547,116.565,0.081,1.418,0.705,0.828
2897,4D-D-Z4.tif,0.004,0.301,0.591,0.101,414,561,22.380,0.068,1.554,0.644,0.808
2898,4D-D-Z4.tif,0.006,0.375,0.532,0.130,730,564,27.646,0.084,1.760,0.568,0.783
2899,4D-D-Z4.tif,0.004,0.398,0.334,0.111,983,558,8.531,0.071,1.525,0.656,0.706
2900,4D-D-Z4.tif,0.009,0.537,0.406,0.159,482,552,146.310,0.108,1.335,0.749,0.745
2901,4D-D-Z4.tif,0.007,0.370,0.656,0.136,235,551,111.371,0.089,1.347,0.742,0.830
2902,4D-D-Z4.tif,0.002,0.161,0.839,0.067,380,559,24.444,0.042,1.626,0.615,0.851
2903,4D-D-Z4.tif,0.003,0.242,0.612,0.098,286,556,163.610,0.050,2.306,0.434,0.797
2904,4D-D-Z4.tif,0.009,0.458,0.543,0.151,346,564,10.491,0.091,1.662,0.602,0.802
2905,4D-D-Z4.tif,0.005,0.346,0.561,0.133,645,556,150.255,0.076,1.645,0.608,0.760
2906,4D-D-Z4.tif,0.005,0.309,0.621,0.108,683,557,156.038,0.066,1.582,0.632,0.850
2907,4D-D-Z4.tif,0.008,0.451,0.505,0.164,51,577,50.440,0.095,1.819,0.550,0.759
2908,4D-D-Z4.tif,0.002,0.184,0.730,0.068,814,554,104.036,0.044,1.588,0.630,0.823
2909,4D-D-Z4.tif,0.007,0.412,0.531,0.143,600,578,62.447,0.092,1.679,0.596,0.737
2910,4D-D-Z4.tif,0.002,0.161,0.839,0.063,222,565,37.875,0.039,1.643,0.609,0.857
2911,4D-D-Z4.tif,0.007,0.400,0.550,0.145,788,556,119.476,0.089,1.631,0.613,0.806
2912,4D-D-Z4.tif,0.002,0.203,0.471,0.076,16,558,149.744,0.041,2.353,0.425,0.667
2913,4D-D-Z4.tif,0.010,0.472,0.564,0.168,379,580,48.991,0.096,1.744,0.573,0.806
2914,4D-D-Z4.tif,0.002,0.236,0.533,0.073,431,570,77.005,0.056,1.513,0.661,0.746
2915,4D-D-Z4.tif,0.006,0.339,0.699,0.118,469,557,117.759,0.082,1.548,0.646,0.879
2916,4D-D-Z4.tif,0.005,0.297,0.764,0.099,949,565,160.560,0.082,1.124,0.890,0.874
2917,4D-D-Z4.tif,0.009,0.604,0.309,0.160,81,558,95.906,0.125,1.422,0.703,0.621
2918,4D-D-Z4.tif,0.003,0.225,0.767,0.086,169,568,39.806,0.058,1.369,0.730,0.872
2919,4D-D-Z4.tif,0.005,0.305,0.677,0.106,438,570,8.973,0.077,1.248,0.801,0.846
2920,4D-D-Z4.tif,0.003,0.225,0.639,0.089,644,558,97.125,0.044,2.206,0.453,0.802
2921,4D-D-Z4.tif,0.001,0.141,0.693,0.057,265,559,119.055,0.036,1.777,0.563,0.783
2922,4D-D-Z4.tif,0.002,0.172,0.838,0.066,277,569,48.366,0.050,1.410,0.709,0.839
2923,4D-D-Z4.tif,0.006,0.369,0.557,0.141,328,559,141.340,0.070,2.144,0.466,0.807
2924,4D-D-Z4.tif,0.003,0.275,0.569,0.089,673,559,119.745,0.069,1.413,0.708,0.748
2925,4D-D-Z4.tif,0.005,0.286,0.834,0.099,762,559,123.690,0.081,1.217,0.822,0.897
2926,4D-D-Z4.tif,0.005,0.314,0.615,0.100,905,566,173.660,0.074,1.263,0.792,0.846
2927,4D-D-Z4.tif,0.003,0.275,0.499,0.098,131,560,116.565,0.064,1.563,0.640,0.728
2928,4D-D-Z4.tif,0.007,0.386,0.565,0.126,511,579,28.811,0.099,1.231,0.812,0.815
2929,4D-D-Z4.tif,0.009,0.526,0.419,0.145,103,585,65.376,0.122,1.263,0.792,0.711
2930,4D-D-Z4.tif,0.002,0.195,0.810,0.075,195,561,126.027,0.051,1.463,0.684,0.862
2931,4D-D-Z4.tif,0.001,0.126,0.953,0.049,288,567,26.565,0.037,1.408,0.710,0.879
2932,4D-D-Z4.tif,0.006,0.405,0.442,0.140,538,584,64.440,0.090,1.771,0.565,0.739
2933,4D-D-Z4.tif,0.006,0.381,0.508,0.134,411,566,109.179,0.076,2.025,0.494,0.793
2934,4D-D-Z4.tif,0.003,0.239,0.732,0.096,706,566,113.629,0.055,1.907,0.524,0.870
2935,4D-D-Z4.tif,0.003,0.206,0.815,0.076,941,578,59.744,0.055,1.381,0.724,0.863
2936,4D-D-Z4.tif,0.003,0.264,0.539,0.089,20,567,119.745,0.066,1.282,0.780,0.750
2937,4D-D-Z4.tif,0.006,0.423,0.391,0.134,157,572,170.538,0.077,1.984,0.504,0.716
2938,4D-D-Z4.tif,0.010,0.473,0.559,0.158,306,593,60.751,0.103,1.602,0.624,0.815
2939,4D-D-Z4.tif,0.002,0.192,0.796,0.072,750,579,67.380,0.053,1.329,0.752,0.842
2940,4D-D-Z4.tif,0.004,0.303,0.548,0.096,815,567,103.241,0.076,1.157,0.864,0.715
2941,4D-D-Z4.tif,0.002,0.222,0.527,0.078,851,578,39.289,0.057,1.342,0.745,0.705
2942,4D-D-Z4.tif,0.001,0.137,0.685,0.054,213,570,156.038,0.031,1.994,0.501,0.791
2943,4D-D-Z4.tif,0.008,0.402,0.641,0.138,355,588,53.130,0.095,1.244,0.804,0.836
2944,4D-D-Z4.tif,0.002,0.209,0.486,0.087,717,569,161.565,0.036,2.879,0.347,0.742
2945,4D-D-Z4.tif,0.004,0.322,0.504,0.115,919,586,54.782,0.070,1.905,0.525,0.733
2946,4D-D-Z4.tif,0.001,0.126,0.857,0.045,661,572,165.964,0.037,1.117,0.896,0.818
2947,4D-D-Z4.tif,0.018,0.711,0.452,0.210,947,580,6.009,0.148,1.170,0.854,0.801
2948,4D-D-Z4.tif,0.003,0.250,0.578,0.086,257,572,135.000,0.069,1.532,0.653,0.714
2949,4D-D-Z4.tif,0.002,0.180,0.626,0.074,434,571,138.013,0.042,2.121,0.471,0.785
2950,4D-D-Z4.tif,0.025,0.819,0.470,0.242,648,615,87.397,0.176,1.471,0.680,0.792
2951,4D-D-Z4.tif,0.006,0.339,0.702,0.113,887,590,43.025,0.084,1.372,0.729,0.860
2952,4D-D-Z4.tif,0.002,0.250,0.391,0.101,779,572,112.380,0.044,2.785,0.359,0.604
2953,4D-D-Z4.tif,0.002,0.215,0.452,0.081,123,573,118.301,0.040,2.518,0.397,0.647
2954,4D-D-Z4.tif,0.006,0.427,0.385,0.150,199,576,143.973,0.075,2.050,0.488,0.680
2955,4D-D-Z4.tif,0.004,0.252,0.707,0.089,448,573,119.745,0.065,1.265,0.791,0.855
2956,4D-D-Z4.tif,0.002,0.222,0.619,0.094,683,574,159.444,0.047,2.063,0.485,0.816
2957,4D-D-Z4.tif,0.002,0.165,0.877,0.057,741,583,73.301,0.051,1.084,0.923,0.857
2958,4D-D-Z4.tif,0.002,0.167,0.912,0.067,755,582,34.992,0.047,1.441,0.694,0.912
2959,4D-D-Z4.tif,0.005,0.350,0.478,0.105,142,587,42.879,0.079,1.263,0.792,0.778
2960,4D-D-Z4.tif,0.014,0.697,0.355,0.190,561,606,60.461,0.152,1.321,0.757,0.655
2961,4D-D-Z4.tif,0.001,0.156,0.546,0.067,864,577,9.462,0.028,2.882,0.347,0.761
2962,4D-D-Z4.tif,0.009,0.495,0.447,0.172,280,575,116.565,0.113,1.629,0.614,0.691
2963,4D-D-Z4.tif,0.003,0.287,0.438,0.084,725,586,11.310,0.066,1.082,0.924,0.745
2964,4D-D-Z4.tif,0.004,0.270,0.672,0.095,226,590,54.462,0.071,1.462,0.684,0.809
2965,4D-D-Z4.tif,0.001,0.126,0.881,0.049,681,584,63.435,0.037,1.474,0.679,0.841
2966,4D-D-Z4.tif,0.008,0.401,0.636,0.127,233,593,34.380,0.108,1.250,0.800,0.853
2967,4D-D-Z4.tif,0.002,0.181,0.675,0.062,936,584,10.305,0.051,1.109,0.902,0.784
2968,4D-D-Z4.tif,0.010,0.509,0.497,0.157,389,606,71.565,0.115,1.408,0.710,0.802
2969,4D-D-Z4.tif,0.011,0.464,0.634,0.165,476,600,29.982,0.108,1.610,0.621,0.811
2970,4D-D-Z4.tif,0.007,0.405,0.556,0.150,2,602,53.973,0.086,1.865,0.536,0.790
2971,4D-D-Z4.tif,0.002,0.225,0.474,0.094,906,580,118.072,0.039,2.921,0.342,0.677
2972,4D-D-Z4.tif,0.008,0.379,0.667,0.148,508,604,58.671,0.076,2.245,0.445,0.822
2973,4D-D-Z4.tif,0.001,0.169,0.603,0.070,177,583,108.435,0.033,2.327,0.430,0.776
2974,4D-D-Z4.tif,0.007,0.353,0.671,0.119,589,603,68.199,0.097,1.314,0.761,0.819
2975,4D-D-Z4.tif,0.006,0.346,0.593,0.132,26,597,16.928,0.068,2.116,0.473,0.830
2976,4D-D-Z4.tif,0.033,0.893,0.521,0.279,505,614,14.859,0.215,1.414,0.707,0.768
2977,4D-D-Z4.tif,0.007,0.398,0.574,0.129,923,598,19.983,0.099,1.208,0.828,0.787
2978,4D-D-Z4.tif,0.007,0.369,0.627,0.126,460,586,118.811,0.088,1.552,0.644,0.778
2979,4D-D-Z4.tif,0.012,0.606,0.407,0.239,678,587,154.026,0.091,2.762,0.362,0.721
2980,4D-D-Z4.tif,0.009,0.515,0.410,0.138,803,606,23.499,0.116,1.170,0.855,0.726
2981,4D-D-Z4.tif,0.012,0.537,0.537,0.207,843,592,163.009,0.095,2.001,0.500,0.810
2982,4D-D-Z4.tif,0.009,0.441,0.590,0.176,49,596,165.530,0.093,1.712,0.584,0.804
2983,4D-D-Z4.tif,0.005,0.269,0.810,0.096,325,603,59.036,0.066,1.440,0.695,0.890
2984,4D-D-Z4.tif,0.010,0.419,0.695,0.168,431,590,131.009,0.090,1.915,0.522,0.872
2985,4D-D-Z4.tif,0.005,0.405,0.370,0.117,610,590,138.814,0.094,1.332,0.751,0.640
2986,4D-D-Z4.tif,0.002,0.183,0.695,0.070,662,588,161.565,0.044,1.758,0.569,0.813
2987,4D-D-Z4.tif,0.003,0.203,0.841,0.078,152,600,39.289,0.054,1.473,0.679,0.875
2988,4D-D-Z4.tif,0.003,0.325,0.356,0.121,348,589,92.603,0.055,2.897,0.345,0.656
2989,4D-D-Z4.tif,0.002,0.183,0.832,0.072,771,591,147.529,0.046,1.544,0.648,0.854
2990,4D-D-Z4.tif,0.009,0.445,0.570,0.152,85,590,102.529,0.099,1.602,0.624,0.815
2991,4D-D-Z4.tif,0.002,0.258,0.469,0.106,132,595,8.973,0.043,3.008,0.332,0.719
2992,4D-D-Z4.tif,0.006,0.312,0.760,0.110,367,607,53.130,0.077,1.391,0.719,0.874
2993,4D-D-Z4.tif,0.005,0.358,0.538,0.123,731,597,153.435,0.085,1.376,0.727,0.759
2994,4D-D-Z4.tif,0.005,0.275,0.763,0.111,749,594,147.095,0.070,1.497,0.668,0.881
2995,4D-D-Z4.tif,0.003,0.239,0.679,0.096,826,594,149.036,0.053,1.926,0.519,0.840
2996,4D-D-Z4.tif,0.003,0.242,0.599,0.089,976,606,60.255,0.061,1.388,0.721,0.751
2997,4D-D-Z4.tif,0.014,0.496,0.703,0.186,103,597,145.840,0.116,1.672,0.598,0.887
2998,4D-D-Z4.tif,0.003,0.293,0.510,0.113,190,594,119.055,0.054,2.421,0.413,0.747
2999,4D-D-Z4.tif,0.004,0.228,0.870,0.084,168,597,148.392,0.066,1.181,0.847,0.895
3000,4D-D-Z4.tif,0.004,0.263,0.757,0.094,886,596,130.236,0.070,1.312,0.762,0.881
3001,4D-D-Z4.tif,0.020,0.722,0.494,0.226,950,636,85.815,0.174,1.192,0.839,0.754
3002,4D-D-Z4.tif,0.002,0.194,0.709,0.080,255,600,15.945,0.039,2.037,0.491,0.875
3003,4D-D-Z4.tif,0.002,0.186,0.748,0.079,783,596,146.310,0.038,2.258,0.443,0.866
3004,4D-D-Z4.tif,0.002,0.187,0.781,0.070,21,609,71.565,0.054,1.238,0.807,0.842
3005,4D-D-Z4.tif,0.004,0.279,0.639,0.098,407,598,141.843,0.066,1.450,0.690,0.811
3006,4D-D-Z4.tif,0.001,0.148,0.812,0.055,796,597,126.870,0.044,1.206,0.829,0.870
3007,4D-D-Z4.tif,0.002,0.167,0.776,0.070,184,599,108.435,0.039,1.886,0.530,0.891
3008,4D-D-Z4.tif,0.001,0.152,0.728,0.063,142,602,164.745,0.033,2.186,0.457,0.822
3009,4D-D-Z4.tif,0.002,0.189,0.755,0.072,214,600,147.529,0.054,1.281,0.780,0.840
3010,4D-D-Z4.tif,0.002,0.214,0.499,0.079,718,606,12.095,0.043,1.698,0.589,0.745
3011,4D-D-Z4.tif,0.006,0.389,0.531,0.134,910,604,145.008,0.074,1.754,0.570,0.808
3012,4D-D-Z4.tif,0.011,0.508,0.525,0.162,29,601,107.819,0.101,1.729,0.578,0.787
3013,4D-D-Z4.tif,0.001,0.192,0.411,0.070,591,603,161.565,0.033,2.290,0.437,0.684
3014,4D-D-Z4.tif,0.007,0.345,0.714,0.129,666,623,70.017,0.082,1.593,0.628,0.863
3015,4D-D-Z4.tif,0.007,0.397,0.530,0.138,302,606,163.740,0.097,1.267,0.789,0.772
3016,4D-D-Z4.tif,0.004,0.264,0.782,0.097,399,602,132.709,0.066,1.349,0.741,0.877
3017,4D-D-Z4.tif,0.001,0.209,0.399,0.089,154,603,158.199,0.033,3.340,0.299,0.692
3018,4D-D-Z4.tif,0.002,0.175,0.733,0.072,325,604,147.529,0.047,1.365,0.733,0.831
3019,4D-D-Z4.tif,0.002,0.214,0.632,0.091,829,606,154.983,0.045,2.452,0.408,0.779
3020,4D-D-Z4.tif,0.002,0.195,0.790,0.074,978,613,41.987,0.050,1.528,0.654,0.840
3021,4D-D-Z4.tif,0.001,0.137,0.726,0.052,292,606,161.565,0.033,1.753,0.570,0.818
3022,4D-D-Z4.tif,0.007,0.375,0.638,0.124,480,618,32.276,0.083,1.347,0.742,0.852
3023,4D-D-Z4.tif,0.006,0.331,0.642,0.129,61,606,133.264,0.074,1.728,0.579,0.883
3024,4D-D-Z4.tif,0.006,0.392,0.495,0.122,232,607,125.838,0.089,1.408,0.710,0.775
3025,4D-D-Z4.tif,0.001,0.125,0.827,0.051,601,612,40.601,0.038,1.316,0.760,0.840
3026,4D-D-Z4.tif,0.005,0.309,0.669,0.111,756,624,63.435,0.085,1.352,0.740,0.828
3027,4D-D-Z4.tif,0.005,0.370,0.481,0.145,854,607,142.696,0.071,2.186,0.458,0.771
3028,4D-D-Z4.tif,0.006,0.323,0.664,0.111,901,624,63.435,0.083,1.222,0.818,0.839
3029,4D-D-Z4.tif,0.011,0.545,0.457,0.183,251,624,21.161,0.113,1.436,0.696,0.714
3030,4D-D-Z4.tif,0.006,0.373,0.507,0.147,566,626,34.287,0.067,2.266,0.441,0.763
3031,4D-D-Z4.tif,0.003,0.259,0.594,0.090,365,608,132.510,0.059,1.512,0.661,0.766
3032,4D-D-Z4.tif,0.005,0.318,0.560,0.129,730,608,129.806,0.061,2.488,0.402,0.797
3033,4D-D-Z4.tif,0.007,0.419,0.491,0.165,283,611,143.130,0.072,2.611,0.383,0.766
3034,4D-D-Z4.tif,0.004,0.259,0.702,0.098,141,610,141.843,0.064,1.469,0.681,0.858
3035,4D-D-Z4.tif,0.003,0.236,0.745,0.084,384,624,66.801,0.061,1.409,0.710,0.835
3036,4D-D-Z4.tif,0.006,0.339,0.682,0.126,181,627,37.875,0.089,1.348,0.742,0.866
3037,4D-D-Z4.tif,0.004,0.281,0.572,0.090,211,624,52.431,0.071,1.260,0.794,0.780
3038,4D-D-Z4.tif,0.002,0.197,0.759,0.079,344,616,12.095,0.049,1.591,0.629,0.806
3039,4D-D-Z4.tif,0.002,0.195,0.520,0.067,423,621,55.008,0.050,1.195,0.837,0.717
3040,4D-D-Z4.tif,0.013,0.530,0.597,0.159,109,612,123.690,0.124,1.263,0.792,0.870
3041,4D-D-Z4.tif,0.005,0.369,0.453,0.123,689,623,26.565,0.076,1.810,0.552,0.695
3042,4D-D-Z4.tif,0.007,0.347,0.726,0.117,433,613,138.814,0.093,1.163,0.860,0.883
3043,4D-D-Z4.tif,0.005,0.306,0.626,0.098,624,613,116.565,0.080,1.356,0.738,0.817
3044,4D-D-Z4.tif,0.024,0.831,0.428,0.252,761,638,23.199,0.161,1.550,0.645,0.785
3045,4D-D-Z4.tif,0.012,0.533,0.512,0.187,587,638,42.614,0.122,1.578,0.634,0.791
3046,4D-D-Z4.tif,0.002,0.184,0.685,0.069,168,619,151.390,0.047,1.557,0.642,0.819
3047,4D-D-Z4.tif,0.005,0.320,0.590,0.107,316,629,34.509,0.083,1.222,0.818,0.813
3048,4D-D-Z4.tif,0.004,0.273,0.725,0.094,635,620,173.290,0.071,1.356,0.737,0.814
3049,4D-D-Z4.tif,0.003,0.283,0.424,0.083,992,627,53.130,0.058,1.569,0.637,0.712
3050,4D-D-Z4.tif,0.004,0.325,0.476,0.096,43,631,30.964,0.077,1.269,0.788,0.767
3051,4D-D-Z4.tif,0.005,0.318,0.657,0.117,832,624,8.130,0.074,1.514,0.660,0.829
3052,4D-D-Z4.tif,0.009,0.494,0.479,0.187,801,635,24.305,0.088,2.468,0.405,0.753
3053,4D-D-Z4.tif,0.001,0.122,0.897,0.051,63,621,130.601,0.033,1.618,0.618,0.886
3054,4D-D-Z4.tif,0.016,0.693,0.415,0.249,382,638,6.340,0.126,2.266,0.441,0.757
3055,4D-D-Z4.tif,0.003,0.262,0.605,0.089,914,620,97.125,0.068,1.471,0.680,0.747
3056,4D-D-Z4.tif,0.001,0.170,0.462,0.063,227,621,127.875,0.041,1.626,0.615,0.603
3057,4D-D-Z4.tif,0.001,0.148,0.622,0.057,362,622,150.945,0.037,1.486,0.673,0.791
3058,4D-D-Z4.tif,0.001,0.145,0.632,0.059,484,627,21.801,0.030,2.182,0.458,0.778
3059,4D-D-Z4.tif,0.002,0.195,0.610,0.084,923,622,156.801,0.039,2.482,0.403,0.797
3060,4D-D-Z4.tif,0.001,0.136,0.699,0.052,273,631,57.995,0.033,1.613,0.620,0.829
3061,4D-D-Z4.tif,0.007,0.364,0.654,0.119,728,623,111.801,0.103,1.096,0.912,0.829
3062,4D-D-Z4.tif,0.010,0.495,0.518,0.195,1001,625,122.347,0.084,2.628,0.380,0.792
3063,4D-D-Z4.tif,0.013,0.640,0.402,0.190,207,625,112.109,0.121,1.572,0.636,0.750
3064,4D-D-Z4.tif,0.024,0.684,0.656,0.222,517,629,153.435,0.169,1.180,0.848,0.859
3065,4D-D-Z4.tif,0.003,0.213,0.800,0.077,669,627,158.962,0.059,1.311,0.763,0.848
3066,4D-D-Z4.tif,0.004,0.327,0.506,0.136,59,626,121.759,0.064,2.315,0.432,0.745
3067,4D-D-Z4.tif,0.004,0.278,0.586,0.106,151,626,111.251,0.060,1.828,0.547,0.788
3068,4D-D-Z4.tif,0.008,0.401,0.648,0.141,648,628,128.660,0.095,1.585,0.631,0.850
3069,4D-D-Z4.tif,0.001,0.142,0.717,0.054,84,629,156.038,0.033,1.762,0.567,0.792
3070,4D-D-Z4.tif,0.003,0.222,0.817,0.089,139,627,119.745,0.050,1.635,0.612,0.922
3071,4D-D-Z4.tif,0.017,0.587,0.616,0.188,887,627,95.042,0.153,1.132,0.883,0.787
3072,4D-D-Z4.tif,0.002,0.253,0.464,0.086,168,639,39.806,0.064,1.373,0.728,0.667
3073,4D-D-Z4.tif,0.007,0.358,0.649,0.127,281,629,145.620,0.078,1.451,0.689,0.846
3074,4D-D-Z4.tif,0.004,0.295,0.507,0.101,346,635,12.529,0.064,1.810,0.552,0.672
3075,4D-D-Z4.tif,0.003,0.241,0.747,0.095,496,628,144.462,0.055,1.540,0.649,0.870
3076,4D-D-Z4.tif,0.001,0.139,0.961,0.052,683,628,122.005,0.039,1.170,0.855,0.942
3077,4D-D-Z4.tif,0.001,0.133,0.819,0.051,905,635,40.601,0.037,1.350,0.741,0.835
3078,4D-D-Z4.tif,0.030,0.870,0.492,0.289,983,628,97.667,0.167,1.725,0.580,0.834
3079,4D-D-Z4.tif,0.003,0.298,0.415,0.105,93,629,137.121,0.066,1.487,0.672,0.678
3080,4D-D-Z4.tif,0.002,0.191,0.629,0.064,479,633,160.017,0.053,1.319,0.758,0.732
3081,4D-D-Z4.tif,0.002,0.217,0.581,0.074,866,641,63.435,0.051,1.419,0.705,0.804
3082,4D-D-Z4.tif,0.005,0.308,0.602,0.120,700,636,164.055,0.069,1.928,0.519,0.804
3083,4D-D-Z4.tif,0.010,0.552,0.413,0.183,434,659,57.265,0.098,1.635,0.612,0.710
3084,4D-D-Z4.tif,0.004,0.290,0.659,0.104,22,632,122.005,0.067,1.574,0.635,0.841
3085,4D-D-Z4.tif,0.002,0.167,0.762,0.068,321,634,165.964,0.033,2.018,0.496,0.875
3086,4D-D-Z4.tif,0.008,0.471,0.457,0.173,594,644,9.162,0.090,2.087,0.479,0.746
3087,4D-D-Z4.tif,0.004,0.259,0.668,0.086,232,644,39.806,0.066,1.312,0.762,0.837
3088,4D-D-Z4.tif,0.005,0.331,0.524,0.122,453,642,18.435,0.064,1.994,0.502,0.733
3089,4D-D-Z4.tif,0.041,0.969,0.546,0.294,804,634,102.995,0.225,1.305,0.766,0.842
3090,4D-D-Z4.tif,0.002,0.186,0.869,0.073,920,641,12.995,0.044,1.424,0.702,0.913
3091,4D-D-Z4.tif,0.012,0.517,0.562,0.188,343,635,96.710,0.094,2.103,0.475,0.857
3092,4D-D-Z4.tif,0.003,0.223,0.704,0.076,673,637,120.256,0.059,1.333,0.750,0.836
3093,4D-D-Z4.tif,0.002,0.257,0.353,0.079,89,650,65.225,0.041,2.222,0.450,0.670
3094,4D-D-Z4.tif,0.002,0.278,0.404,0.090,354,644,10.620,0.059,1.514,0.660,0.628
3095,4D-D-Z4.tif,0.004,0.378,0.384,0.131,752,660,75.379,0.059,2.465,0.406,0.692
3096,4D-D-Z4.tif,0.006,0.373,0.508,0.113,182,657,67.166,0.091,1.430,0.699,0.732
3097,4D-D-Z4.tif,0.003,0.272,0.493,0.115,491,638,163.301,0.038,3.374,0.296,0.797
3098,4D-D-Z4.tif,0.001,0.126,0.810,0.045,934,639,104.036,0.039,1.075,0.930,0.829
3099,4D-D-Z4.tif,0.008,0.443,0.532,0.155,564,641,157.068,0.088,2.053,0.487,0.790
3100,4D-D-Z4.tif,0.002,0.161,0.780,0.067,266,642,155.556,0.039,1.889,0.529,0.828
3101,4D-D-Z4.tif,0.009,0.464,0.537,0.144,309,644,122.471,0.104,1.382,0.724,0.793
3102,4D-D-Z4.tif,0.004,0.270,0.656,0.091,37,642,115.017,0.070,1.398,0.715,0.813
3103,4D-D-Z4.tif,0.006,0.367,0.580,0.118,627,642,117.759,0.088,1.347,0.742,0.799
3104,4D-D-Z4.tif,0.004,0.283,0.562,0.096,240,659,66.371,0.061,1.713,0.584,0.781
3105,4D-D-Z4.tif,0.004,0.297,0.523,0.105,370,643,132.879,0.071,1.396,0.717,0.742
3106,4D-D-Z4.tif,0.015,0.534,0.651,0.168,121,644,121.608,0.143,1.096,0.912,0.836
3107,4D-D-Z4.tif,0.002,0.225,0.519,0.084,486,644,101.310,0.044,2.211,0.452,0.750
3108,4D-D-Z4.tif,0.003,0.279,0.527,0.108,147,656,14.744,0.059,2.036,0.491,0.750
3109,4D-D-Z4.tif,0.019,0.736,0.441,0.223,860,683,69.775,0.140,1.926,0.519,0.762
3110,4D-D-Z4.tif,0.004,0.305,0.513,0.098,946,645,128.157,0.070,1.318,0.759,0.776
3111,4D-D-Z4.tif,0.002,0.144,0.938,0.052,19,646,122.005,0.044,1.128,0.886,0.903
3112,4D-D-Z4.tif,0.002,0.234,0.347,0.095,251,660,54.462,0.037,2.770,0.361,0.588
3113,4D-D-Z4.tif,0.005,0.274,0.784,0.094,498,661,49.764,0.077,1.108,0.902,0.893
3114,4D-D-Z4.tif,0.002,0.209,0.712,0.074,553,656,41.987,0.058,1.267,0.789,0.808
3115,4D-D-Z4.tif,0.017,0.705,0.422,0.246,690,646,130.462,0.133,1.934,0.517,0.725
3116,4D-D-Z4.tif,0.027,0.958,0.377,0.260,750,686,57.995,0.197,1.224,0.817,0.766
3117,4D-D-Z4.tif,0.010,0.459,0.603,0.177,178,668,25.769,0.090,2.150,0.465,0.851
3118,4D-D-Z4.tif,0.008,0.441,0.535,0.137,719,667,40.101,0.106,1.245,0.803,0.826
3119,4D-D-Z4.tif,0.009,0.419,0.665,0.158,660,649,114.775,0.088,1.855,0.539,0.860
3120,4D-D-Z4.tif,0.003,0.198,0.832,0.070,932,649,128.660,0.055,1.276,0.784,0.873
3121,4D-D-Z4.tif,0.006,0.416,0.408,0.151,297,652,123.111,0.077,2.206,0.453,0.630
3122,4D-D-Z4.tif,0.003,0.320,0.423,0.133,42,662,24.444,0.052,3.224,0.310,0.713
3123,4D-D-Z4.tif,0.010,0.558,0.386,0.186,13,652,145.840,0.091,2.140,0.467,0.734
3124,4D-D-Z4.tif,0.002,0.174,0.757,0.067,229,653,145.008,0.044,1.562,0.640,0.857
3125,4D-D-Z4.tif,0.010,0.501,0.524,0.183,269,652,105.709,0.095,2.151,0.465,0.800
3126,4D-D-Z4.tif,0.002,0.158,0.874,0.064,386,653,160.017,0.044,1.363,0.734,0.857
3127,4D-D-Z4.tif,0.002,0.172,0.787,0.063,472,652,127.875,0.051,1.265,0.790,0.819
3128,4D-D-Z4.tif,0.003,0.298,0.479,0.120,78,674,74.055,0.051,2.989,0.335,0.765
3129,4D-D-Z4.tif,0.010,0.482,0.528,0.177,600,681,53.842,0.089,2.075,0.482,0.789
3130,4D-D-Z4.tif,0.007,0.437,0.480,0.160,398,673,22.166,0.075,2.440,0.410,0.803
3131,4D-D-Z4.tif,0.017,0.596,0.596,0.204,830,660,141.582,0.152,1.250,0.800,0.854
3132,4D-D-Z4.tif,0.008,0.399,0.635,0.142,582,655,103.496,0.090,1.512,0.661,0.838
3133,4D-D-Z4.tif,0.006,0.306,0.809,0.110,900,660,162.474,0.082,1.303,0.767,0.877
3134,4D-D-Z4.tif,0.008,0.458,0.471,0.136,148,657,121.759,0.114,1.230,0.813,0.749
3135,4D-D-Z4.tif,0.006,0.372,0.552,0.148,454,659,138.013,0.069,2.262,0.442,0.808
3136,4D-D-Z4.tif,0.002,0.220,0.441,0.077,98,660,175.914,0.048,1.630,0.613,0.633
3137,4D-D-Z4.tif,0.007,0.353,0.725,0.138,353,660,126.870,0.077,1.816,0.551,0.879
3138,4D-D-Z4.tif,0.003,0.211,0.768,0.078,947,670,45.000,0.055,1.274,0.785,0.887
3139,4D-D-Z4.tif,0.002,0.164,0.722,0.060,280,662,123.690,0.047,1.344,0.744,0.803
3140,4D-D-Z4.tif,0.001,0.165,0.627,0.055,633,670,53.130,0.048,1.102,0.908,0.738
3141,4D-D-Z4.tif,0.005,0.272,0.784,0.098,897,662,116.565,0.068,1.455,0.687,0.876
3142,4D-D-Z4.tif,0.008,0.405,0.577,0.132,997,662,106.928,0.083,1.552,0.645,0.815
3143,4D-D-Z4.tif,0.005,0.322,0.596,0.111,42,672,8.531,0.080,1.406,0.711,0.798
3144,4D-D-Z4.tif,0.008,0.492,0.428,0.160,201,680,22.166,0.089,2.033,0.492,0.751
3145,4D-D-Z4.tif,0.004,0.249,0.775,0.096,537,665,120.964,0.061,1.532,0.653,0.890
3146,4D-D-Z4.tif,0.001,0.123,0.928,0.044,734,665,119.745,0.039,1.085,0.922,0.881
3147,4D-D-Z4.tif,0.004,0.278,0.719,0.103,335,666,115.201,0.072,1.432,0.698,0.841
3148,4D-D-Z4.tif,0.005,0.394,0.438,0.148,551,667,158.199,0.077,1.848,0.541,0.674
3149,4D-D-Z4.tif,0.004,0.276,0.619,0.098,918,683,73.610,0.061,1.591,0.628,0.808
3150,4D-D-Z4.tif,0.010,0.477,0.575,0.142,520,690,54.462,0.110,1.275,0.784,0.883
3151,4D-D-Z4.tif,0.006,0.310,0.797,0.116,495,674,154.654,0.080,1.447,0.691,0.903
3152,4D-D-Z4.tif,0.006,0.414,0.428,0.144,232,674,162.255,0.071,2.224,0.450,0.713
3153,4D-D-Z4.tif,0.005,0.335,0.595,0.117,928,670,131.186,0.081,1.507,0.664,0.850
3154,4D-D-Z4.tif,0.016,0.558,0.664,0.176,92,699,57.804,0.148,1.101,0.908,0.865
3155,4D-D-Z4.tif,0.005,0.358,0.514,0.122,407,684,35.838,0.080,1.429,0.700,0.741
3156,4D-D-Z4.tif,0.002,0.164,0.807,0.064,631,670,109.983,0.042,1.432,0.698,0.838
3157,4D-D-Z4.tif,0.007,0.381,0.616,0.124,670,684,20.854,0.095,1.461,0.684,0.808
3158,4D-D-Z4.tif,0.001,0.139,0.771,0.052,884,670,108.435,0.039,1.302,0.768,0.830
3159,4D-D-Z4.tif,0.001,0.167,0.585,0.072,950,671,171.254,0.033,2.217,0.451,0.735
3160,4D-D-Z4.tif,0.004,0.363,0.355,0.130,283,672,143.616,0.070,2.137,0.468,0.575
3161,4D-D-Z4.tif,0.006,0.319,0.801,0.111,621,690,69.775,0.083,1.286,0.777,0.901
3162,4D-D-Z4.tif,0.004,0.292,0.579,0.099,651,671,109.440,0.070,1.433,0.698,0.749
3163,4D-D-Z4.tif,0.003,0.256,0.528,0.094,5,672,110.556,0.059,1.894,0.528,0.714
3164,4D-D-Z4.tif,0.002,0.200,0.735,0.083,64,684,36.870,0.045,2.069,0.483,0.824
3165,4D-D-Z4.tif,0.008,0.449,0.492,0.143,303,677,164.358,0.104,1.241,0.806,0.748
3166,4D-D-Z4.tif,0.006,0.351,0.635,0.143,472,681,164.358,0.071,2.105,0.475,0.864
3167,4D-D-Z4.tif,0.002,0.192,0.558,0.069,723,676,151.390,0.049,1.462,0.684,0.755
3168,4D-D-Z4.tif,0.013,0.700,0.342,0.195,178,674,99.728,0.128,1.983,0.504,0.675
3169,4D-D-Z4.tif,0.002,0.153,0.878,0.055,425,683,53.130,0.044,1.203,0.831,0.878
3170,4D-D-Z4.tif,0.002,0.207,0.668,0.076,367,687,59.744,0.054,1.625,0.615,0.789
3171,4D-D-Z4.tif,0.006,0.347,0.592,0.136,375,675,133.363,0.072,1.956,0.511,0.820
3172,4D-D-Z4.tif,0.004,0.358,0.404,0.136,17,679,158.629,0.060,3.078,0.325,0.646
3173,4D-D-Z4.tif,0.006,0.442,0.376,0.158,118,676,167.905,0.081,1.862,0.537,0.703
3174,4D-D-Z4.tif,0.014,0.559,0.547,0.193,953,677,120.964,0.116,1.865,0.536,0.777
3175,4D-D-Z4.tif,0.009,0.428,0.605,0.140,434,683,168.690,0.103,1.286,0.777,0.802
3176,4D-D-Z4.tif,0.006,0.350,0.637,0.138,339,686,4.574,0.072,1.866,0.536,0.851
3177,4D-D-Z4.tif,0.001,0.133,0.755,0.052,569,685,18.435,0.033,1.739,0.575,0.843
3178,4D-D-Z4.tif,0.001,0.156,0.608,0.063,588,683,164.745,0.030,2.122,0.471,0.757
3179,4D-D-Z4.tif,0.002,0.197,0.745,0.080,830,683,164.055,0.044,1.740,0.575,0.854
3180,4D-D-Z4.tif,0.007,0.479,0.406,0.145,60,696,29.476,0.089,1.856,0.539,0.723
3181,4D-D-Z4.tif,0.006,0.325,0.672,0.133,717,682,141.710,0.073,1.872,0.534,0.854
3182,4D-D-Z4.tif,0.014,0.542,0.599,0.200,875,685,142.815,0.114,1.964,0.509,0.818
3183,4D-D-Z4.tif,0.007,0.383,0.598,0.129,250,684,129.806,0.095,1.223,0.818,0.788
3184,4D-D-Z4.tif,0.005,0.315,0.617,0.116,538,696,31.430,0.066,1.931,0.518,0.813
3185,4D-D-Z4.tif,0.008,0.482,0.438,0.173,789,683,112.479,0.068,2.938,0.340,0.793
3186,4D-D-Z4.tif,0.006,0.364,0.550,0.136,234,685,121.759,0.085,1.854,0.539,0.772
3187,4D-D-Z4.tif,0.004,0.259,0.793,0.087,687,690,145.305,0.075,1.111,0.900,0.864
3188,4D-D-Z4.tif,0.003,0.253,0.617,0.099,149,697,33.690,0.056,1.588,0.630,0.803
3189,4D-D-Z4.tif,0.004,0.246,0.732,0.086,195,688,135.000,0.060,1.383,0.723,0.882
3190,4D-D-Z4.tif,0.001,0.147,0.686,0.059,277,688,158.199,0.028,1.845,0.542,0.897
3191,4D-D-Z4.tif,0.013,0.648,0.389,0.205,597,687,149.300,0.121,1.921,0.521,0.727
3192,4D-D-Z4.tif,0.004,0.355,0.430,0.113,750,687,129.094,0.070,1.912,0.523,0.703
3193,4D-D-Z4.tif,0.002,0.197,0.602,0.072,938,689,147.529,0.051,1.637,0.611,0.744
3194,4D-D-Z4.tif,0.005,0.334,0.567,0.126,457,692,156.801,0.069,1.976,0.506,0.814
3195,4D-D-Z4.tif,0.018,0.763,0.397,0.204,630,707,3.094,0.163,1.325,0.754,0.775
3196,4D-D-Z4.tif,0.005,0.333,0.559,0.129,837,688,99.866,0.061,2.698,0.371,0.786
3197,4D-D-Z4.tif,0.001,0.181,0.558,0.060,766,698,56.310,0.039,1.559,0.642,0.774
3198,4D-D-Z4.tif,0.011,0.521,0.524,0.156,803,712,50.711,0.116,1.279,0.782,0.802
3199,4D-D-Z4.tif,0.005,0.340,0.545,0.129,854,712,80.134,0.074,1.805,0.554,0.751
3200,4D-D-Z4.tif,0.003,0.248,0.642,0.103,711,708,74.476,0.053,1.885,0.531,0.829
3201,4D-D-Z4.tif,0.001,0.145,0.758,0.060,222,700,56.310,0.038,1.793,0.558,0.816
3202,4D-D-Z4.tif,0.009,0.408,0.674,0.144,342,691,130.365,0.105,1.396,0.716,0.835
3203,4D-D-Z4.tif,0.005,0.346,0.527,0.111,556,710,63.435,0.083,1.348,0.742,0.787
3204,4D-D-Z4.tif,0.008,0.466,0.461,0.168,904,717,58.392,0.088,1.897,0.527,0.741
3205,4D-D-Z4.tif,0.005,0.309,0.621,0.119,434,692,103.392,0.068,1.820,0.549,0.819
3206,4D-D-Z4.tif,0.006,0.453,0.367,0.148,568,696,158.199,0.085,2.128,0.470,0.673
3207,4D-D-Z4.tif,0.010,0.427,0.661,0.155,113,693,96.116,0.093,1.737,0.576,0.847
3208,4D-D-Z4.tif,0.002,0.189,0.652,0.074,313,705,63.435,0.043,1.642,0.609,0.762
3209,4D-D-Z4.tif,0.005,0.263,0.834,0.089,271,694,119.745,0.074,1.201,0.833,0.883
3210,4D-D-Z4.tif,0.008,0.536,0.335,0.179,272,719,33.690,0.089,2.290,0.437,0.622
3211,4D-D-Z4.tif,0.025,0.724,0.593,0.226,397,695,133.025,0.161,1.194,0.837,0.860
3212,4D-D-Z4.tif,0.003,0.258,0.583,0.096,133,712,66.371,0.055,1.823,0.549,0.791
3213,4D-D-Z4.tif,0.006,0.311,0.743,0.118,368,712,37.405,0.077,1.556,0.643,0.861
3214,4D-D-Z4.tif,0.011,0.456,0.673,0.148,677,700,131.987,0.120,1.201,0.833,0.841
3215,4D-D-Z4.tif,0.003,0.293,0.470,0.089,773,696,111.801,0.072,1.288,0.776,0.741
3216,4D-D-Z4.tif,0.001,0.156,0.655,0.059,41,704,41.186,0.044,1.388,0.720,0.737
3217,4D-D-Z4.tif,0.004,0.305,0.550,0.108,931,697,113.962,0.069,1.726,0.579,0.747
3218,4D-D-Z4.tif,0.010,0.442,0.612,0.166,946,697,111.448,0.091,1.989,0.503,0.816
3219,4D-D-Z4.tif,0.014,0.522,0.650,0.170,159,698,119.055,0.132,1.158,0.864,0.867
3220,4D-D-Z4.tif,0.004,0.263,0.784,0.101,505,698,130.601,0.066,1.579,0.633,0.887
3221,4D-D-Z4.tif,0.001,0.145,0.758,0.055,518,699,126.870,0.037,1.668,0.600,0.840
3222,4D-D-Z4.tif,0.007,0.379,0.598,0.128,195,720,59.036,0.097,1.300,0.769,0.790
3223,4D-D-Z4.tif,0.002,0.159,0.898,0.057,220,700,106.699,0.044,1.202,0.832,0.889
3224,4D-D-Z4.tif,0.003,0.257,0.665,0.096,468,717,59.036,0.061,1.644,0.608,0.878
3225,4D-D-Z4.tif,0.005,0.358,0.502,0.133,479,720,48.366,0.080,1.583,0.632,0.749
3226,4D-D-Z4.tif,0.009,0.392,0.755,0.136,534,703,148.241,0.105,1.159,0.863,0.902
3227,4D-D-Z4.tif,0.002,0.192,0.781,0.076,978,715,59.744,0.044,1.634,0.612,0.894
3228,4D-D-Z4.tif,0.004,0.284,0.590,0.105,261,704,96.009,0.065,1.725,0.580,0.762
3229,4D-D-Z4.tif,0.006,0.335,0.688,0.126,757,704,118.811,0.068,1.929,0.518,0.873
3230,4D-D-Z4.tif,0.006,0.390,0.492,0.139,881,704,123.690,0.071,2.258,0.443,0.774
3231,4D-D-Z4.tif,0.002,0.214,0.624,0.075,94,708,143.973,0.057,1.593,0.628,0.773
3232,4D-D-Z4.tif,0.004,0.266,0.765,0.096,452,709,120.964,0.064,1.579,0.633,0.890
3233,4D-D-Z4.tif,0.002,0.187,0.748,0.072,325,719,57.529,0.046,1.673,0.598,0.821
3234,4D-D-Z4.tif,0.004,0.318,0.458,0.094,856,717,159.444,0.076,1.153,0.868,0.731
3235,4D-D-Z4.tif,0.001,0.142,0.717,0.064,564,722,59.036,0.031,2.437,0.410,0.826
3236,4D-D-Z4.tif,0.002,0.181,0.832,0.070,788,713,108.435,0.043,1.607,0.622,0.883
3237,4D-D-Z4.tif,0.003,0.215,0.894,0.078,800,725,50.711,0.061,1.185,0.844,0.919
3238,4D-D-Z4.tif,0.002,0.220,0.572,0.090,366,725,42.510,0.047,2.052,0.487,0.756
3239,4D-D-Z4.tif,0.003,0.226,0.654,0.079,515,721,12.095,0.059,1.316,0.760,0.800
3240,4D-D-Z4.tif,0.003,0.192,0.873,0.075,833,714,126.027,0.050,1.244,0.804,0.919
3241,4D-D-Z4.tif,0.001,0.141,0.808,0.055,935,722,36.870,0.034,1.610,0.621,0.816
3242,4D-D-Z4.tif,0.001,0.147,0.756,0.057,979,716,150.945,0.033,1.754,0.570,0.878
3243,4D-D-Z4.tif,0.003,0.226,0.681,0.098,99,719,163.610,0.039,2.565,0.390,0.915
3244,4D-U-Z4.tif,0.002,0.368,0.214,0.111,43,4,8.531,0.055,1.937,0.516,0.543
3245,4D-U-Z4.tif,0.001,0.123,0.903,0.047,405,7,35.538,0.035,1.377,0.726,0.847
3246,4D-U-Z4.tif,0.001,0.134,0.740,0.056,76,5,168.690,0.033,1.678,0.596,0.805
3247,4D-U-Z4.tif,0.002,0.258,0.378,0.081,480,5,151.699,0.047,1.515,0.660,0.691
3248,4D-U-Z4.tif,0.006,0.478,0.336,0.146,717,9,169.114,0.080,1.612,0.620,0.666
3249,4D-U-Z4.tif,0.003,0.230,0.679,0.081,156,5,151.699,0.054,1.509,0.663,0.855
3250,4D-U-Z4.tif,0.002,0.256,0.360,0.086,308,5,140.194,0.043,2.092,0.478,0.709
3251,4D-U-Z4.tif,0.006,0.336,0.636,0.130,598,8,167.735,0.061,2.093,0.478,0.873
3252,4D-U-Z4.tif,0.006,0.456,0.336,0.145,58,5,98.746,0.076,2.491,0.401,0.662
3253,4D-U-Z4.tif,0.003,0.286,0.475,0.092,221,8,162.646,0.064,1.265,0.790,0.739
3254,4D-U-Z4.tif,0.002,0.191,0.786,0.070,587,5,141.340,0.045,1.530,0.654,0.877
3255,4D-U-Z4.tif,0.001,0.156,0.624,0.060,751,6,146.310,0.038,1.437,0.696,0.800
3256,4D-U-Z4.tif,0.007,0.444,0.452,0.144,814,13,17.745,0.081,1.641,0.609,0.760
3257,4D-U-Z4.tif,0.004,0.270,0.615,0.111,409,13,8.531,0.055,2.095,0.477,0.805
3258,4D-U-Z4.tif,0.004,0.317,0.542,0.099,85,8,123.690,0.076,1.265,0.791,0.757
3259,4D-U-Z4.tif,0.002,0.222,0.550,0.082,684,15,19.654,0.055,1.314,0.761,0.703
3260,4D-U-Z4.tif,0.008,0.473,0.467,0.154,952,13,177.955,0.090,1.873,0.534,0.755
3261,4D-U-Z4.tif,0.014,0.672,0.380,0.186,628,11,124.160,0.140,1.308,0.765,0.764
3262,4D-U-Z4.tif,0.013,0.576,0.478,0.166,510,12,93.814,0.133,1.388,0.720,0.769
3263,4D-U-Z4.tif,0.003,0.217,0.799,0.082,751,15,160.346,0.061,1.303,0.767,0.861
3264,4D-U-Z4.tif,0.001,0.150,0.825,0.057,890,19,29.055,0.039,1.209,0.827,0.875
3265,4D-U-Z4.tif,0.001,0.200,0.456,0.091,26,15,165.964,0.028,4.304,0.232,0.744
3266,4D-U-Z4.tif,0.012,0.616,0.396,0.187,125,45,61.928,0.118,1.782,0.561,0.704
3267,4D-U-Z4.tif,0.005,0.347,0.487,0.121,980,15,140.528,0.063,1.953,0.512,0.766
3268,4D-U-Z4.tif,0.003,0.244,0.724,0.085,705,30,75.069,0.070,1.141,0.877,0.819
3269,4D-U-Z4.tif,0.006,0.471,0.361,0.162,368,21,170.218,0.077,2.865,0.349,0.724
3270,4D-U-Z4.tif,0.005,0.312,0.706,0.111,414,36,84.289,0.072,1.539,0.650,0.848
3271,4D-U-Z4.tif,0.001,0.188,0.517,0.084,529,16,168.690,0.028,2.993,0.334,0.821
3272,4D-U-Z4.tif,0.002,0.209,0.660,0.080,899,17,164.055,0.044,2.010,0.498,0.822
3273,4D-U-Z4.tif,0.012,0.628,0.377,0.160,936,17,130.815,0.137,1.153,0.868,0.774
3274,4D-U-Z4.tif,0.007,0.416,0.540,0.126,669,30,23.199,0.099,1.115,0.897,0.793
3275,4D-U-Z4.tif,0.002,0.161,0.928,0.063,358,18,127.875,0.046,1.438,0.695,0.881
3276,4D-U-Z4.tif,0.002,0.185,0.620,0.067,453,22,170.538,0.043,1.730,0.578,0.752
3277,4D-U-Z4.tif,0.005,0.324,0.637,0.113,478,28,14.036,0.072,1.632,0.613,0.841
3278,4D-U-Z4.tif,0.005,0.364,0.459,0.133,548,23,7.125,0.075,2.009,0.498,0.722
3279,4D-U-Z4.tif,0.005,0.377,0.456,0.108,574,19,113.962,0.077,1.436,0.696,0.773
3280,4D-U-Z4.tif,0.005,0.398,0.418,0.134,754,29,9.462,0.082,1.909,0.524,0.757
3281,4D-U-Z4.tif,0.009,0.533,0.418,0.175,286,22,133.727,0.108,1.740,0.575,0.700
3282,4D-U-Z4.tif,0.009,0.448,0.541,0.142,73,21,103.496,0.088,1.629,0.614,0.855
3283,4D-U-Z4.tif,0.001,0.153,0.569,0.057,664,21,106.699,0.033,1.762,0.568,0.737
3284,4D-U-Z4.tif,0.006,0.464,0.363,0.146,13,47,70.201,0.077,1.976,0.506,0.714
3285,4D-U-Z4.tif,0.012,0.631,0.375,0.178,218,31,171.119,0.132,1.338,0.747,0.704
3286,4D-U-Z4.tif,0.016,0.828,0.296,0.213,786,58,68.749,0.139,1.621,0.617,0.757
3287,4D-U-Z4.tif,0.004,0.283,0.570,0.101,101,27,157.620,0.057,1.773,0.564,0.830
3288,4D-U-Z4.tif,0.005,0.342,0.582,0.106,341,34,27.897,0.085,1.246,0.802,0.823
3289,4D-U-Z4.tif,0.001,0.142,0.717,0.047,336,31,54.462,0.039,1.129,0.886,0.854
3290,4D-U-Z4.tif,0.004,0.295,0.612,0.092,397,27,147.265,0.079,1.280,0.781,0.769
3291,4D-U-Z4.tif,0.002,0.274,0.382,0.090,586,24,169.380,0.050,1.779,0.562,0.682
3292,4D-U-Z4.tif,0.002,0.200,0.573,0.067,147,26,155.556,0.053,1.230,0.813,0.714
3293,4D-U-Z4.tif,0.004,0.350,0.423,0.098,451,37,26.565,0.070,1.388,0.721,0.795
3294,4D-U-Z4.tif,0.003,0.255,0.551,0.102,175,38,36.254,0.054,2.025,0.494,0.737
3295,4D-U-Z4.tif,0.001,0.187,0.510,0.082,198,33,19.654,0.032,2.768,0.361,0.729
3296,4D-U-Z4.tif,0.003,0.247,0.718,0.082,867,40,70.346,0.066,1.145,0.873,0.868
3297,4D-U-Z4.tif,0.003,0.317,0.424,0.101,998,26,130.601,0.062,1.871,0.535,0.698
3298,4D-U-Z4.tif,0.004,0.319,0.546,0.109,730,27,120.466,0.070,1.366,0.732,0.785
3299,4D-U-Z4.tif,0.001,0.161,0.677,0.055,526,36,53.130,0.044,1.364,0.733,0.786
3300,4D-U-Z4.tif,0.009,0.440,0.552,0.154,884,50,34.824,0.100,1.507,0.664,0.799
3301,4D-U-Z4.tif,0.003,0.225,0.662,0.084,551,31,148.392,0.054,1.582,0.632,0.807
3302,4D-U-Z4.tif,0.006,0.373,0.543,0.133,602,49,51.710,0.091,1.546,0.647,0.811
3303,4D-U-Z4.tif,0.001,0.122,0.871,0.047,752,36,35.538,0.033,1.305,0.766,0.829
3304,4D-U-Z4.tif,0.002,0.233,0.415,0.081,988,43,61.699,0.047,1.832,0.546,0.652
3305,4D-U-Z4.tif,0.005,0.364,0.449,0.106,839,51,81.027,0.088,1.170,0.855,0.734
3306,4D-U-Z4.tif,0.002,0.180,0.779,0.064,594,33,109.983,0.044,1.545,0.647,0.852
3307,4D-U-Z4.tif,0.002,0.225,0.519,0.087,906,41,18.435,0.047,2.159,0.463,0.687
3308,4D-U-Z4.tif,0.012,0.553,0.491,0.173,959,34,149.349,0.116,1.329,0.753,0.824
3309,4D-U-Z4.tif,0.014,0.593,0.486,0.194,309,38,145.408,0.125,1.647,0.607,0.796
3310,4D-U-Z4.tif,0.001,0.172,0.490,0.054,654,39,23.962,0.041,1.224,0.817,0.704
3311,4D-U-Z4.tif,0.004,0.276,0.679,0.111,852,39,153.435,0.061,1.877,0.533,0.810
3312,4D-U-Z4.tif,0.001,0.159,0.584,0.063,248,37,164.745,0.028,2.517,0.397,0.830
3313,4D-U-Z4.tif,0.003,0.248,0.574,0.084,367,37,156.801,0.066,1.379,0.725,0.759
3314,4D-U-Z4.tif,0.001,0.249,0.264,0.090,815,40,10.620,0.032,3.311,0.302,0.577
3315,4D-U-Z4.tif,0.001,0.164,0.609,0.057,198,47,60.945,0.039,1.645,0.608,0.775
3316,4D-U-Z4.tif,0.004,0.384,0.300,0.119,263,39,166.608,0.054,1.924,0.520,0.720
3317,4D-U-Z4.tif,0.001,0.178,0.551,0.070,694,47,45.000,0.039,2.006,0.499,0.748
3318,4D-U-Z4.tif,0.010,0.597,0.354,0.171,694,61,42.397,0.107,1.784,0.561,0.723
3319,4D-U-Z4.tif,0.007,0.483,0.395,0.168,32,41,156.801,0.081,2.089,0.479,0.708
3320,4D-U-Z4.tif,0.014,0.639,0.426,0.175,345,41,114.146,0.142,1.193,0.838,0.723
3321,4D-U-Z4.tif,0.006,0.361,0.564,0.122,737,48,18.435,0.083,1.527,0.655,0.791
3322,4D-U-Z4.tif,0.003,0.267,0.512,0.090,558,41,127.569,0.051,1.980,0.505,0.797
3323,4D-U-Z4.tif,0.002,0.227,0.473,0.091,286,42,165.964,0.033,3.168,0.316,0.800
3324,4D-U-Z4.tif,0.007,0.436,0.437,0.131,389,58,14.621,0.103,1.245,0.803,0.723
3325,4D-U-Z4.tif,0.002,0.176,0.636,0.060,426,50,56.310,0.047,1.429,0.700,0.759
3326,4D-U-Z4.tif,0.003,0.261,0.549,0.089,998,56,68.199,0.061,1.519,0.659,0.772
3327,4D-U-Z4.tif,0.005,0.372,0.439,0.123,516,64,79.695,0.080,1.975,0.506,0.719
3328,4D-U-Z4.tif,0.008,0.537,0.346,0.153,482,67,52.306,0.108,1.453,0.688,0.687
3329,4D-U-Z4.tif,0.008,0.416,0.582,0.141,668,44,141.340,0.101,1.537,0.650,0.834
3330,4D-U-Z4.tif,0.013,0.556,0.525,0.212,759,44,121.218,0.106,2.256,0.443,0.817
3331,4D-U-Z4.tif,0.002,0.209,0.530,0.070,988,52,38.660,0.050,1.284,0.779,0.739
3332,4D-U-Z4.tif,0.003,0.278,0.522,0.094,621,51,173.290,0.064,1.631,0.613,0.695
3333,4D-U-Z4.tif,0.001,0.136,0.704,0.045,1014,45,104.036,0.039,1.275,0.784,0.764
3334,4D-U-Z4.tif,0.001,0.159,0.704,0.062,175,46,135.000,0.042,1.537,0.651,0.839
3335,4D-U-Z4.tif,0.003,0.446,0.216,0.168,194,46,168.690,0.050,3.609,0.277,0.553
3336,4D-U-Z4.tif,0.010,0.639,0.319,0.182,923,48,144.866,0.096,2.053,0.487,0.732
3337,4D-U-Z4.tif,0.003,0.236,0.615,0.089,270,55,21.801,0.055,1.433,0.698,0.829
3338,4D-U-Z4.tif,0.006,0.414,0.470,0.121,580,65,43.152,0.098,1.108,0.902,0.795
3339,4D-U-Z4.tif,0.001,0.178,0.455,0.074,653,55,26.565,0.031,3.075,0.325,0.731
3340,4D-U-Z4.tif,0.003,0.244,0.622,0.089,828,50,150.255,0.057,1.593,0.628,0.808
3341,4D-U-Z4.tif,0.006,0.428,0.412,0.132,59,64,16.928,0.094,1.445,0.692,0.673
3342,4D-U-Z4.tif,0.004,0.496,0.215,0.150,231,63,28.443,0.083,1.343,0.744,0.521
3343,4D-U-Z4.tif,0.005,0.320,0.561,0.115,543,49,125.218,0.071,1.585,0.631,0.848
3344,4D-U-Z4.tif,0.006,0.439,0.389,0.126,106,54,151.189,0.107,1.146,0.872,0.670
3345,4D-U-Z4.tif,0.002,0.213,0.598,0.094,130,51,151.928,0.035,3.035,0.329,0.835
3346,4D-U-Z4.tif,0.002,0.169,0.683,0.063,905,53,164.745,0.039,1.864,0.536,0.791
3347,4D-U-Z4.tif,0.002,0.264,0.446,0.098,7,57,16.390,0.044,1.685,0.593,0.735
3348,4D-U-Z4.tif,0.003,0.248,0.611,0.099,285,52,146.310,0.052,2.243,0.446,0.780
3349,4D-U-Z4.tif,0.002,0.153,0.813,0.056,533,54,168.690,0.044,1.139,0.878,0.820
3350,4D-U-Z4.tif,0.003,0.358,0.277,0.143,889,54,157.380,0.042,3.837,0.261,0.590
3351,4D-U-Z4.tif,0.003,0.289,0.489,0.091,33,55,104.036,0.065,1.442,0.693,0.743
3352,4D-U-Z4.tif,0.009,0.615,0.293,0.174,133,64,10.954,0.098,2.260,0.442,0.698
3353,4D-U-Z4.tif,0.002,0.153,0.829,0.057,473,57,163.301,0.039,1.409,0.710,0.864
3354,4D-U-Z4.tif,0.001,0.202,0.459,0.063,46,61,15.255,0.041,1.799,0.556,0.721
3355,4D-U-Z4.tif,0.006,0.475,0.357,0.128,495,68,172.569,0.094,1.208,0.828,0.730
3356,4D-U-Z4.tif,0.008,0.502,0.377,0.164,835,74,19.654,0.093,1.938,0.516,0.696
3357,4D-U-Z4.tif,0.006,0.371,0.524,0.131,965,72,33.024,0.083,1.510,0.662,0.822
3358,4D-U-Z4.tif,0.002,0.211,0.691,0.079,7,62,167.905,0.050,1.555,0.643,0.844
3359,4D-U-Z4.tif,0.001,0.189,0.361,0.073,384,64,12.995,0.037,2.815,0.355,0.531
3360,4D-U-Z4.tif,0.005,0.274,0.784,0.094,609,61,139.764,0.076,1.151,0.868,0.865
3361,4D-U-Z4.tif,0.003,0.242,0.644,0.083,730,65,172.405,0.061,1.311,0.763,0.792
3362,4D-U-Z4.tif,0.001,0.227,0.333,0.079,880,62,167.905,0.039,1.970,0.508,0.621
3363,4D-U-Z4.tif,0.006,0.399,0.467,0.129,449,64,140.194,0.078,1.777,0.563,0.777
3364,4D-U-Z4.tif,0.004,0.345,0.458,0.128,816,62,120.964,0.072,1.786,0.560,0.711
3365,4D-U-Z4.tif,0.001,0.258,0.206,0.059,530,63,111.801,0.053,1.217,0.822,0.486
3366,4D-U-Z4.tif,0.002,0.175,0.795,0.064,723,63,109.983,0.049,1.488,0.672,0.821
3367,4D-U-Z4.tif,0.001,0.183,0.399,0.066,191,64,131.634,0.035,2.475,0.404,0.636
3368,4D-U-Z4.tif,0.001,0.176,0.514,0.064,228,64,149.036,0.039,1.952,0.512,0.706
3369,4D-U-Z4.tif,0.015,0.825,0.280,0.253,135,74,168.690,0.124,1.978,0.506,0.707
3370,4D-U-Z4.tif,0.002,0.206,0.591,0.067,388,76,65.556,0.051,1.436,0.696,0.754
3371,4D-U-Z4.tif,0.005,0.349,0.535,0.130,582,66,143.616,0.073,2.071,0.483,0.810
3372,4D-U-Z4.tif,0.003,0.287,0.512,0.092,907,67,147.265,0.067,1.348,0.742,0.750
3373,4D-U-Z4.tif,0.006,0.292,0.811,0.108,978,77,23.962,0.077,1.409,0.710,0.899
3374,4D-U-Z4.tif,0.001,0.152,0.794,0.055,997,73,53.130,0.044,1.077,0.928,0.842
3375,4D-U-Z4.tif,0.002,0.219,0.462,0.077,210,73,21.038,0.047,1.600,0.625,0.716
3376,4D-U-Z4.tif,0.005,0.389,0.420,0.107,691,84,55.491,0.091,1.101,0.908,0.731
3377,4D-U-Z4.tif,0.002,0.213,0.547,0.081,802,73,28.301,0.044,1.694,0.590,0.765
3378,4D-U-Z4.tif,0.007,0.439,0.469,0.129,623,67,129.806,0.099,1.136,0.880,0.789
3379,4D-U-Z4.tif,0.011,0.656,0.308,0.176,644,93,51.340,0.118,1.650,0.606,0.696
3380,4D-U-Z4.tif,0.003,0.255,0.557,0.095,946,78,35.538,0.057,2.058,0.486,0.760
3381,4D-U-Z4.tif,0.002,0.281,0.370,0.103,265,74,15.524,0.055,1.939,0.516,0.602
3382,4D-U-Z4.tif,0.002,0.189,0.780,0.075,553,71,162.897,0.047,1.582,0.632,0.825
3383,4D-U-Z4.tif,0.002,0.187,0.586,0.063,638,69,142.125,0.048,1.468,0.681,0.783
3384,4D-U-Z4.tif,0.008,0.522,0.389,0.157,279,81,169.875,0.108,1.589,0.629,0.663
3385,4D-U-Z4.tif,0.002,0.257,0.414,0.084,932,74,11.310,0.057,1.333,0.750,0.640
3386,4D-U-Z4.tif,0.002,0.270,0.365,0.101,90,71,157.620,0.051,1.789,0.559,0.628
3387,4D-U-Z4.tif,0.008,0.452,0.481,0.150,407,88,36.027,0.099,1.651,0.606,0.771
3388,4D-U-Z4.tif,0.005,0.317,0.655,0.108,669,80,23.962,0.081,1.271,0.787,0.810
3389,4D-U-Z4.tif,0.001,0.153,0.748,0.055,15,71,126.870,0.044,1.262,0.793,0.821
3390,4D-U-Z4.tif,0.016,0.725,0.370,0.209,112,106,54.638,0.156,1.877,0.533,0.651
3391,4D-U-Z4.tif,0.012,0.692,0.324,0.190,430,77,157.891,0.135,1.404,0.712,0.679
3392,4D-U-Z4.tif,0.002,0.195,0.630,0.067,535,73,155.556,0.050,1.351,0.740,0.818
3393,4D-U-Z4.tif,0.002,0.238,0.336,0.094,185,82,28.072,0.039,3.260,0.307,0.599
3394,4D-U-Z4.tif,0.002,0.211,0.614,0.076,332,75,149.744,0.044,1.592,0.628,0.847
3395,4D-U-Z4.tif,0.002,0.205,0.617,0.089,606,74,150.255,0.038,2.664,0.375,0.800
3396,4D-U-Z4.tif,0.005,0.364,0.436,0.144,884,77,162.255,0.061,2.526,0.396,0.717
3397,4D-U-Z4.tif,0.003,0.243,0.626,0.098,315,75,153.435,0.044,2.135,0.468,0.886
3398,4D-U-Z4.tif,0.001,0.189,0.428,0.067,482,86,65.556,0.039,1.819,0.550,0.611
3399,4D-U-Z4.tif,0.004,0.245,0.767,0.091,546,83,14.036,0.063,1.524,0.656,0.815
3400,4D-U-Z4.tif,0.002,0.181,0.832,0.067,568,78,145.008,0.050,1.158,0.864,0.900
3401,4D-U-Z4.tif,0.001,0.154,0.559,0.062,85,84,26.565,0.031,2.300,0.435,0.722
3402,4D-U-Z4.tif,0.002,0.261,0.454,0.089,777,91,60.255,0.054,1.462,0.684,0.726
3403,4D-U-Z4.tif,0.004,0.359,0.384,0.096,363,78,103.241,0.077,1.291,0.775,0.682
3404,4D-U-Z4.tif,0.002,0.208,0.548,0.080,835,79,164.055,0.049,1.751,0.571,0.705
3405,4D-U-Z4.tif,0.002,0.333,0.237,0.110,856,86,17.526,0.050,2.304,0.434,0.556
3406,4D-U-Z4.tif,0.005,0.377,0.448,0.118,23,79,142.595,0.077,1.262,0.792,0.736
3407,4D-U-Z4.tif,0.007,0.488,0.395,0.151,740,91,10.491,0.079,1.795,0.557,0.790
3408,4D-U-Z4.tif,0.002,0.216,0.458,0.090,911,80,169.380,0.033,3.124,0.320,0.742
3409,4D-U-Z4.tif,0.008,0.522,0.354,0.138,999,80,118.610,0.105,1.393,0.718,0.702
3410,4D-U-Z4.tif,0.001,0.159,0.569,0.055,522,87,36.870,0.044,1.379,0.725,0.724
3411,4D-U-Z4.tif,0.008,0.467,0.488,0.137,787,81,130.101,0.105,1.155,0.866,0.798
3412,4D-U-Z4.tif,0.001,0.192,0.462,0.085,203,81,165.069,0.025,4.059,0.246,0.756
3413,4D-U-Z4.tif,0.003,0.265,0.574,0.080,231,92,15.945,0.062,1.219,0.820,0.812
3414,4D-U-Z4.tif,0.006,0.399,0.460,0.128,580,93,30.964,0.072,1.851,0.540,0.753
3415,4D-U-Z4.tif,0.024,0.716,0.583,0.210,74,97,166.329,0.177,1.082,0.924,0.873
3416,4D-U-Z4.tif,0.003,0.270,0.453,0.086,727,96,63.435,0.058,1.590,0.629,0.728
3417,4D-U-Z4.tif,0.006,0.361,0.593,0.111,333,101,63.435,0.088,1.286,0.777,0.855
3418,4D-U-Z4.tif,0.013,0.580,0.469,0.175,807,84,133.727,0.113,1.550,0.645,0.809
3419,4D-U-Z4.tif,0.006,0.380,0.544,0.127,306,87,162.350,0.091,1.454,0.688,0.789
3420,4D-U-Z4.tif,0.001,0.165,0.543,0.067,877,84,145.008,0.034,2.428,0.412,0.690
3421,4D-U-Z4.tif,0.002,0.181,0.640,0.067,901,86,114.444,0.047,1.495,0.669,0.733
3422,4D-U-Z4.tif,0.002,0.222,0.493,0.072,422,90,157.380,0.044,1.739,0.575,0.805
3423,4D-U-Z4.tif,0.003,0.213,0.783,0.075,701,92,17.103,0.055,1.361,0.735,0.853
3424,4D-U-Z4.tif,0.003,0.209,0.773,0.073,717,87,102.995,0.059,1.400,0.714,0.820
3425,4D-U-Z4.tif,0.002,0.169,0.764,0.063,908,95,37.875,0.044,1.470,0.680,0.857
3426,4D-U-Z4.tif,0.002,0.244,0.506,0.094,146,88,110.556,0.044,2.597,0.385,0.731
3427,4D-U-Z4.tif,0.002,0.214,0.474,0.067,410,89,145.008,0.051,1.310,0.764,0.708
3428,4D-U-Z4.tif,0.012,0.826,0.216,0.239,747,106,14.676,0.110,1.986,0.504,0.652
3429,4D-U-Z4.tif,0.004,0.350,0.395,0.124,960,94,167.196,0.066,2.229,0.449,0.651
3430,4D-U-Z4.tif,0.004,0.301,0.620,0.099,239,95,146.310,0.074,1.220,0.819,0.809
3431,4D-U-Z4.tif,0.002,0.237,0.514,0.089,606,93,150.255,0.051,1.802,0.555,0.667
3432,4D-U-Z4.tif,0.005,0.449,0.339,0.143,950,92,112.620,0.069,2.591,0.386,0.688
3433,4D-U-Z4.tif,0.010,0.539,0.438,0.175,182,92,114.146,0.104,1.704,0.587,0.775
3434,4D-U-Z4.tif,0.005,0.419,0.360,0.155,680,92,152.526,0.072,1.793,0.558,0.664
3435,4D-U-Z4.tif,0.001,0.156,0.577,0.063,926,92,164.745,0.032,2.183,0.458,0.740
3436,4D-U-Z4.tif,0.002,0.242,0.508,0.093,558,105,45.000,0.045,2.197,0.455,0.729
3437,4D-U-Z4.tif,0.002,0.200,0.601,0.064,856,94,149.036,0.054,1.321,0.757,0.741
3438,4D-U-Z4.tif,0.010,0.558,0.403,0.158,6,113,24.775,0.110,1.250,0.800,0.822
3439,4D-U-Z4.tif,0.005,0.407,0.360,0.123,354,103,153.435,0.097,1.234,0.810,0.599
3440,4D-U-Z4.tif,0.001,0.222,0.379,0.070,382,96,161.565,0.044,1.703,0.587,0.690
3441,4D-U-Z4.tif,0.003,0.225,0.632,0.083,466,104,36.870,0.054,1.700,0.588,0.792
3442,4D-U-Z4.tif,0.008,0.492,0.414,0.165,534,121,60.018,0.082,2.166,0.462,0.792
3443,4D-U-Z4.tif,0.004,0.351,0.358,0.109,931,107,30.466,0.060,1.988,0.503,0.644
3444,4D-U-Z4.tif,0.002,0.253,0.486,0.080,420,98,164.055,0.060,1.013,0.988,0.719
3445,4D-U-Z4.tif,0.018,0.663,0.507,0.205,36,128,53.746,0.154,1.299,0.770,0.774
3446,4D-U-Z4.tif,0.006,0.415,0.427,0.128,869,121,82.569,0.087,1.384,0.723,0.744
3447,4D-U-Z4.tif,0.007,0.357,0.690,0.137,59,100,139.899,0.091,1.410,0.709,0.867
3448,4D-U-Z4.tif,0.002,0.263,0.403,0.103,156,108,25.201,0.050,2.408,0.415,0.643
3449,4D-U-Z4.tif,0.009,0.425,0.597,0.144,496,114,17.745,0.104,1.387,0.721,0.789
3450,4D-U-Z4.tif,0.002,0.200,0.494,0.081,131,100,151.699,0.035,2.647,0.378,0.770
3451,4D-U-Z4.tif,0.007,0.434,0.448,0.133,202,101,141.710,0.099,1.363,0.734,0.740
3452,4D-U-Z4.tif,0.002,0.184,0.707,0.074,797,107,26.565,0.043,1.747,0.572,0.824
3453,4D-U-Z4.tif,0.005,0.369,0.453,0.118,838,100,127.405,0.087,1.115,0.896,0.740
3454,4D-U-Z4.tif,0.001,0.170,0.472,0.059,174,101,138.814,0.035,1.766,0.566,0.720
3455,4D-U-Z4.tif,0.003,0.228,0.629,0.089,453,102,150.255,0.051,1.944,0.514,0.782
3456,4D-U-Z4.tif,0.003,0.255,0.628,0.089,521,104,158.199,0.061,1.535,0.651,0.826
3457,4D-U-Z4.tif,0.006,0.394,0.506,0.124,558,114,12.804,0.094,1.124,0.890,0.772
3458,4D-U-Z4.tif,0.010,0.506,0.466,0.141,903,123,59.421,0.113,1.306,0.766,0.803
3459,4D-U-Z4.tif,0.003,0.325,0.411,0.111,411,109,159.775,0.071,1.433,0.698,0.669
3460,4D-U-Z4.tif,0.004,0.290,0.591,0.098,669,111,16.390,0.076,1.392,0.718,0.780
3461,4D-U-Z4.tif,0.004,0.324,0.444,0.119,475,105,158.199,0.064,2.273,0.440,0.726
3462,4D-U-Z4.tif,0.008,0.582,0.294,0.211,690,126,33.275,0.099,2.041,0.490,0.597
3463,4D-U-Z4.tif,0.002,0.186,0.748,0.070,973,105,161.565,0.049,1.413,0.708,0.810
3464,4D-U-Z4.tif,0.017,0.772,0.360,0.226,265,118,18.435,0.128,1.996,0.501,0.747
3465,4D-U-Z4.tif,0.005,0.456,0.273,0.126,882,106,156.801,0.070,1.806,0.554,0.661
3466,4D-U-Z4.tif,0.003,0.335,0.320,0.111,316,106,153.435,0.066,1.947,0.514,0.584
3467,4D-U-Z4.tif,0.006,0.367,0.548,0.136,584,107,165.964,0.077,1.786,0.560,0.770
3468,4D-U-Z4.tif,0.004,0.366,0.407,0.103,232,106,164.476,0.083,1.350,0.741,0.720
3469,4D-U-Z4.tif,0.018,0.608,0.598,0.207,647,106,129.611,0.136,1.441,0.694,0.874
3470,4D-U-Z4.tif,0.002,0.220,0.517,0.083,725,110,172.405,0.041,2.274,0.440,0.776
3471,4D-U-Z4.tif,0.005,0.379,0.462,0.126,386,117,15.255,0.072,1.624,0.616,0.795
3472,4D-U-Z4.tif,0.001,0.142,0.717,0.055,348,110,174.289,0.037,1.582,0.632,0.776
3473,4D-U-Z4.tif,0.001,0.150,0.713,0.060,255,110,146.310,0.037,1.613,0.620,0.785
3474,4D-U-Z4.tif,0.002,0.324,0.258,0.107,330,128,55.491,0.043,2.912,0.343,0.550
3475,4D-U-Z4.tif,0.005,0.361,0.485,0.116,983,126,25.346,0.072,1.478,0.677,0.790
3476,4D-U-Z4.tif,0.006,0.434,0.373,0.122,962,114,125.838,0.098,1.370,0.730,0.675
3477,4D-U-Z4.tif,0.004,0.270,0.638,0.091,83,118,154.983,0.071,1.124,0.890,0.813
3478,4D-U-Z4.tif,0.001,0.219,0.383,0.078,138,115,140.711,0.045,1.879,0.532,0.623
3479,4D-U-Z4.tif,0.003,0.233,0.597,0.078,457,115,129.289,0.060,1.191,0.839,0.766
3480,4D-U-Z4.tif,0.001,0.153,0.602,0.062,601,118,169.695,0.033,1.925,0.520,0.740
3481,4D-U-Z4.tif,0.004,0.298,0.612,0.105,939,121,6.009,0.065,1.549,0.645,0.806
3482,4D-U-Z4.tif,0.005,0.389,0.377,0.127,105,138,72.350,0.086,1.505,0.665,0.652
3483,4D-U-Z4.tif,0.003,0.273,0.475,0.095,479,128,35.538,0.064,1.411,0.709,0.697
3484,4D-U-Z4.tif,0.004,0.294,0.547,0.118,795,116,152.241,0.061,2.191,0.456,0.754
3485,4D-U-Z4.tif,0.006,0.328,0.679,0.119,830,126,13.392,0.079,1.434,0.697,0.842
3486,4D-U-Z4.tif,0.002,0.191,0.566,0.064,873,122,19.983,0.056,1.321,0.757,0.659
3487,4D-U-Z4.tif,0.001,0.126,0.810,0.045,437,121,165.964,0.038,1.245,0.803,0.840
3488,4D-U-Z4.tif,0.005,0.441,0.353,0.113,537,132,43.025,0.095,1.261,0.793,0.716
3489,4D-U-Z4.tif,0.002,0.250,0.480,0.090,583,117,127.569,0.057,2.107,0.475,0.705
3490,4D-U-Z4.tif,0.011,0.568,0.424,0.183,751,140,32.735,0.096,1.925,0.519,0.738
3491,4D-U-Z4.tif,0.002,0.198,0.551,0.063,119,120,142.125,0.047,1.240,0.806,0.740
3492,4D-U-Z4.tif,0.005,0.333,0.558,0.113,246,136,60.945,0.076,1.708,0.585,0.733
3493,4D-U-Z4.tif,0.002,0.205,0.581,0.084,163,122,168.690,0.039,2.378,0.421,0.810
3494,4D-U-Z4.tif,0.012,0.661,0.346,0.171,833,141,5.528,0.131,1.181,0.847,0.730
3495,4D-U-Z4.tif,0.011,0.539,0.484,0.171,601,150,69.228,0.104,1.891,0.529,0.768
3496,4D-U-Z4.tif,0.002,0.334,0.259,0.095,299,136,54.462,0.058,1.814,0.551,0.596
3497,4D-U-Z4.tif,0.002,0.238,0.525,0.079,217,129,24.775,0.047,1.710,0.585,0.812
3498,4D-U-Z4.tif,0.013,0.499,0.641,0.156,626,133,171.870,0.130,1.184,0.845,0.828
3499,4D-U-Z4.tif,0.004,0.351,0.361,0.089,721,134,21.801,0.080,1.192,0.839,0.672
3500,4D-U-Z4.tif,0.002,0.209,0.512,0.069,1003,135,61.390,0.054,1.450,0.690,0.694
3501,4D-U-Z4.tif,0.005,0.333,0.516,0.108,688,130,165.256,0.073,1.372,0.729,0.758
3502,4D-U-Z4.tif,0.005,0.354,0.456,0.112,928,145,78.690,0.082,1.359,0.736,0.693
3503,4D-U-Z4.tif,0.002,0.239,0.419,0.085,8,127,165.069,0.047,2.228,0.449,0.597
3504,4D-U-Z4.tif,0.003,0.263,0.464,0.100,170,131,9.462,0.053,1.964,0.509,0.683
3505,4D-U-Z4.tif,0.007,0.401,0.555,0.128,309,147,64.537,0.096,1.404,0.712,0.795
3506,4D-U-Z4.tif,0.023,0.908,0.345,0.254,342,150,27.121,0.146,1.875,0.533,0.814
3507,4D-U-Z4.tif,0.002,0.200,0.659,0.072,115,128,147.529,0.054,1.405,0.712,0.798
3508,4D-U-Z4.tif,0.004,0.263,0.801,0.089,983,137,21.801,0.072,1.048,0.954,0.901
3509,4D-U-Z4.tif,0.019,0.604,0.650,0.193,397,147,19.983,0.141,1.321,0.757,0.868
3510,4D-U-Z4.tif,0.005,0.295,0.691,0.103,483,141,25.201,0.069,1.570,0.637,0.836
3511,4D-U-Z4.tif,0.003,0.242,0.570,0.086,453,141,50.194,0.059,1.630,0.614,0.765
3512,4D-U-Z4.tif,0.002,0.297,0.289,0.096,505,134,13.241,0.057,1.854,0.539,0.561
3513,4D-U-Z4.tif,0.002,0.172,0.684,0.072,675,134,8.746,0.038,2.040,0.490,0.797
3514,4D-U-Z4.tif,0.028,0.869,0.462,0.252,28,131,143.881,0.176,1.343,0.745,0.854
3515,4D-U-Z4.tif,0.005,0.386,0.435,0.147,154,130,145.713,0.070,2.294,0.436,0.791
3516,4D-U-Z4.tif,0.017,0.791,0.351,0.218,186,130,137.045,0.145,1.733,0.577,0.731
3517,4D-U-Z4.tif,0.002,0.237,0.433,0.086,231,130,153.435,0.054,1.490,0.671,0.656
3518,4D-U-Z4.tif,0.004,0.253,0.688,0.098,466,139,16.390,0.055,1.762,0.568,0.862
3519,4D-U-Z4.tif,0.002,0.236,0.533,0.082,576,134,160.346,0.056,1.620,0.617,0.693
3520,4D-U-Z4.tif,0.006,0.379,0.566,0.121,385,151,59.931,0.085,1.375,0.727,0.815
3521,4D-U-Z4.tif,0.001,0.164,0.679,0.068,823,133,165.964,0.038,2.045,0.489,0.774
3522,4D-U-Z4.tif,0.012,0.548,0.509,0.173,915,132,99.162,0.104,1.877,0.533,0.833
3523,4D-U-Z4.tif,0.015,0.659,0.428,0.223,110,155,32.905,0.126,1.719,0.582,0.762
3524,4D-U-Z4.tif,0.004,0.314,0.526,0.099,252,146,19.440,0.069,1.498,0.668,0.745
3525,4D-U-Z4.tif,0.002,0.277,0.343,0.082,775,143,42.274,0.055,1.214,0.824,0.683
3526,4D-U-Z4.tif,0.005,0.294,0.658,0.107,794,136,168.111,0.071,1.647,0.607,0.844
3527,4D-U-Z4.tif,0.005,0.428,0.330,0.135,861,145,26.565,0.080,1.381,0.724,0.694
3528,4D-U-Z4.tif,0.002,0.169,0.844,0.067,715,137,155.556,0.048,1.536,0.651,0.840
3529,4D-U-Z4.tif,0.015,0.686,0.410,0.218,486,159,20.726,0.149,1.321,0.757,0.705
3530,4D-U-Z4.tif,0.016,0.591,0.563,0.211,419,162,40.764,0.131,1.742,0.574,0.838
3531,4D-U-Z4.tif,0.002,0.213,0.505,0.067,940,144,24.444,0.054,1.062,0.942,0.714
3532,4D-U-Z4.tif,0.005,0.324,0.629,0.115,753,151,35.218,0.078,1.617,0.618,0.826
3533,4D-U-Z4.tif,0.002,0.164,0.821,0.064,79,146,30.964,0.044,1.446,0.692,0.835
3534,4D-U-Z4.tif,0.016,0.590,0.593,0.186,643,151,168.024,0.135,1.330,0.752,0.835
3535,4D-U-Z4.tif,0.006,0.391,0.521,0.138,683,152,28.610,0.077,1.511,0.662,0.824
3536,4D-U-Z4.tif,0.002,0.191,0.713,0.079,90,141,155.225,0.042,1.957,0.511,0.834
3537,4D-U-Z4.tif,0.003,0.312,0.370,0.084,963,140,101.310,0.064,1.426,0.701,0.679
3538,4D-U-Z4.tif,0.017,0.863,0.286,0.244,148,141,115.408,0.132,2.088,0.479,0.737
3539,4D-U-Z4.tif,0.004,0.350,0.370,0.111,524,143,159.775,0.063,2.189,0.457,0.676
3540,4D-U-Z4.tif,0.005,0.414,0.366,0.134,555,152,170.538,0.076,1.714,0.584,0.738
3541,4D-U-Z4.tif,0.001,0.176,0.416,0.074,546,152,41.987,0.030,3.394,0.295,0.586
3542,4D-U-Z4.tif,0.003,0.206,0.779,0.079,979,149,12.095,0.050,1.486,0.673,0.861
3543,4D-U-Z4.tif,0.003,0.247,0.637,0.091,718,145,154.983,0.062,1.502,0.666,0.810
3544,4D-U-Z4.tif,0.006,0.377,0.494,0.108,773,148,165.256,0.091,1.058,0.945,0.751
3545,4D-U-Z4.tif,0.005,0.353,0.537,0.117,795,159,19.290,0.087,1.355,0.738,0.809
3546,4D-U-Z4.tif,0.006,0.406,0.444,0.121,227,152,177.397,0.099,1.281,0.781,0.718
3547,4D-U-Z4.tif,0.003,0.267,0.486,0.084,185,147,148.392,0.061,1.027,0.974,0.737
3548,4D-U-Z4.tif,0.022,0.873,0.371,0.274,262,161,164.846,0.160,1.788,0.559,0.781
3549,4D-U-Z4.tif,0.002,0.237,0.541,0.076,710,158,59.744,0.061,1.141,0.876,0.731
3550,4D-U-Z4.tif,0.018,0.694,0.472,0.244,1004,146,96.483,0.119,2.008,0.498,0.818
3551,4D-U-Z4.tif,0.008,0.445,0.491,0.142,456,165,35.538,0.106,1.354,0.738,0.798
3552,4D-U-Z4.tif,0.005,0.489,0.273,0.151,820,148,160.907,0.081,1.892,0.529,0.609
3553,4D-U-Z4.tif,0.017,0.764,0.360,0.186,368,155,161.030,0.160,1.103,0.906,0.762
3554,4D-U-Z4.tif,0.002,0.175,0.621,0.070,591,157,18.435,0.039,1.984,0.504,0.769
3555,4D-U-Z4.tif,0.006,0.354,0.641,0.126,243,174,66.801,0.079,1.513,0.661,0.859
3556,4D-U-Z4.tif,0.004,0.394,0.346,0.119,327,163,13.392,0.059,2.163,0.462,0.760
3557,4D-U-Z4.tif,0.002,0.261,0.415,0.101,569,160,22.380,0.049,2.430,0.412,0.643
3558,4D-U-Z4.tif,0.003,0.216,0.703,0.079,22,163,24.775,0.055,1.364,0.733,0.839
3559,4D-U-Z4.tif,0.005,0.411,0.372,0.119,521,169,33.690,0.081,1.478,0.676,0.725
3560,4D-U-Z4.tif,0.001,0.163,0.489,0.073,857,154,167.005,0.022,4.104,0.244,0.791
3561,4D-U-Z4.tif,0.003,0.227,0.621,0.100,936,160,6.340,0.039,2.574,0.388,0.857
3562,4D-U-Z4.tif,0.001,0.178,0.563,0.075,624,157,143.973,0.040,2.188,0.457,0.734
3563,4D-U-Z4.tif,0.008,0.441,0.498,0.135,50,171,168.232,0.105,1.176,0.850,0.818
3564,4D-U-Z4.tif,0.002,0.267,0.406,0.086,541,160,153.435,0.054,1.824,0.548,0.650
3565,4D-U-Z4.tif,0.020,0.820,0.373,0.222,341,162,133.995,0.165,1.464,0.683,0.785
3566,4D-U-Z4.tif,0.002,0.277,0.358,0.082,479,160,132.274,0.050,1.532,0.653,0.686
3567,4D-U-Z4.tif,0.002,0.283,0.294,0.117,89,162,171.870,0.031,4.457,0.224,0.633
3568,4D-U-Z4.tif,0.007,0.377,0.581,0.126,311,175,23.199,0.078,1.578,0.634,0.846
3569,4D-U-Z4.tif,0.001,0.164,0.538,0.057,444,163,150.945,0.044,1.139,0.878,0.644
3570,4D-U-Z4.tif,0.007,0.426,0.453,0.122,681,161,108.435,0.091,1.371,0.730,0.788
3571,4D-U-Z4.tif,0.016,0.699,0.406,0.206,720,169,172.304,0.116,1.555,0.643,0.787
3572,4D-U-Z4.tif,0.004,0.408,0.327,0.117,632,175,19.290,0.080,1.427,0.701,0.708
3573,4D-U-Z4.tif,0.003,0.264,0.590,0.084,850,162,101.310,0.066,1.355,0.738,0.800
3574,4D-U-Z4.tif,0.002,0.252,0.391,0.089,946,167,7.125,0.044,2.352,0.425,0.699
3575,4D-U-Z4.tif,0.008,0.489,0.397,0.171,29,163,123.179,0.083,2.571,0.389,0.724
3576,4D-U-Z4.tif,0.002,0.248,0.438,0.089,179,173,29.745,0.052,1.806,0.554,0.696
3577,4D-U-Z4.tif,0.001,0.169,0.536,0.064,903,173,59.036,0.033,2.231,0.448,0.762
3578,4D-U-Z4.tif,0.008,0.460,0.485,0.145,913,182,29.476,0.094,1.600,0.625,0.789
3579,4D-U-Z4.tif,0.005,0.366,0.515,0.134,965,165,145.008,0.070,2.052,0.487,0.817
3580,4D-U-Z4.tif,0.001,0.169,0.496,0.070,132,165,141.340,0.035,2.660,0.376,0.643
3581,4D-U-Z4.tif,0.006,0.346,0.622,0.122,503,165,125.838,0.087,1.305,0.766,0.826
3582,4D-U-Z4.tif,0.012,0.584,0.445,0.166,599,190,55.784,0.132,1.104,0.906,0.773
3583,4D-U-Z4.tif,0.002,0.207,0.472,0.085,568,171,14.931,0.028,2.942,0.340,0.835
3584,4D-U-Z4.tif,0.004,0.245,0.773,0.091,201,171,165.964,0.066,1.331,0.751,0.844
3585,4D-U-Z4.tif,0.005,0.391,0.399,0.120,649,182,15.945,0.081,1.474,0.678,0.708
3586,4D-U-Z4.tif,0.001,0.126,0.810,0.051,861,168,139.399,0.034,1.488,0.672,0.850
3587,4D-U-Z4.tif,0.009,0.389,0.770,0.130,420,179,167.735,0.111,1.060,0.944,0.876
3588,4D-U-Z4.tif,0.005,0.372,0.462,0.113,399,187,29.055,0.097,1.336,0.749,0.712
3589,4D-U-Z4.tif,0.004,0.377,0.352,0.122,764,176,7.765,0.075,1.903,0.526,0.616
3590,4D-U-Z4.tif,0.003,0.260,0.620,0.103,792,170,164.476,0.050,2.008,0.498,0.830
3591,4D-U-Z4.tif,0.002,0.172,0.645,0.059,957,169,131.186,0.048,1.151,0.869,0.775
3592,4D-U-Z4.tif,0.005,0.416,0.397,0.116,187,170,121.430,0.092,1.129,0.886,0.698
3593,4D-U-Z4.tif,0.015,0.600,0.525,0.213,685,186,10.437,0.129,1.515,0.660,0.810
3594,4D-U-Z4.tif,0.004,0.360,0.391,0.141,877,179,20.556,0.054,3.138,0.319,0.713
3595,4D-U-Z4.tif,0.010,0.519,0.471,0.168,108,182,168.690,0.096,1.711,0.584,0.769
3596,4D-U-Z4.tif,0.002,0.176,0.685,0.063,488,177,15.255,0.046,1.427,0.701,0.778
3597,4D-U-Z4.tif,0.005,0.376,0.412,0.128,809,189,25.463,0.072,2.210,0.452,0.699
3598,4D-U-Z4.tif,0.003,0.258,0.635,0.106,854,174,152.103,0.051,2.319,0.431,0.813
3599,4D-U-Z4.tif,0.002,0.225,0.474,0.074,257,183,41.987,0.051,1.328,0.753,0.741
3600,4D-U-Z4.tif,0.002,0.213,0.438,0.081,565,176,151.699,0.048,2.087,0.479,0.627
3601,4D-U-Z4.tif,0.005,0.317,0.572,0.108,313,178,156.038,0.077,1.325,0.755,0.774
3602,4D-U-Z4.tif,0.010,0.506,0.514,0.145,62,178,150.524,0.116,1.169,0.855,0.836
3603,4D-U-Z4.tif,0.003,0.256,0.551,0.085,210,180,165.069,0.062,1.285,0.778,0.776
3604,4D-U-Z4.tif,0.002,0.237,0.554,0.078,267,177,140.711,0.052,1.419,0.705,0.774
3605,4D-U-Z4.tif,0.005,0.442,0.345,0.151,955,183,160.907,0.082,1.778,0.562,0.642
3606,4D-U-Z4.tif,0.005,0.328,0.531,0.108,785,187,23.962,0.076,1.272,0.786,0.763
3607,4D-U-Z4.tif,0.013,0.661,0.365,0.167,234,179,99.462,0.141,1.307,0.765,0.718
3608,4D-U-Z4.tif,0.005,0.381,0.469,0.109,456,191,30.466,0.087,1.115,0.897,0.790
3609,4D-U-Z4.tif,0.004,0.436,0.293,0.113,287,182,150.945,0.082,1.241,0.806,0.681
3610,4D-U-Z4.tif,0.007,0.488,0.366,0.167,493,187,9.462,0.093,1.453,0.688,0.644
3611,4D-U-Z4.tif,0.001,0.152,0.679,0.057,52,188,29.055,0.042,1.587,0.630,0.732
3612,4D-U-Z4.tif,0.015,0.820,0.275,0.241,647,213,45.000,0.131,1.908,0.524,0.658
3613,4D-U-Z4.tif,0.026,1.065,0.285,0.232,728,187,126.327,0.182,1.340,0.746,0.776
3614,4D-U-Z4.tif,0.001,0.192,0.486,0.067,822,183,155.556,0.044,1.614,0.619,0.723
3615,4D-U-Z4.tif,0.003,0.294,0.418,0.121,919,191,24.228,0.052,2.485,0.402,0.706
3616,4D-U-Z4.tif,0.003,0.286,0.508,0.112,205,187,168.690,0.065,1.888,0.530,0.706
3617,4D-U-Z4.tif,0.006,0.418,0.427,0.143,383,209,74.358,0.082,1.939,0.516,0.723
3618,4D-U-Z4.tif,0.006,0.341,0.629,0.115,833,189,163.301,0.077,1.484,0.674,0.810
3619,4D-U-Z4.tif,0.003,0.357,0.306,0.109,520,196,30.466,0.052,2.361,0.424,0.753
3620,4D-U-Z4.tif,0.002,0.244,0.461,0.094,264,195,28.072,0.045,2.572,0.389,0.731
3621,4D-U-Z4.tif,0.004,0.263,0.685,0.091,539,189,154.983,0.068,1.397,0.716,0.795
3622,4D-U-Z4.tif,0.001,0.159,0.734,0.060,579,186,123.690,0.039,1.586,0.630,0.867
3623,4D-U-Z4.tif,0.002,0.314,0.317,0.111,11,196,26.565,0.050,2.228,0.449,0.651
3624,4D-U-Z4.tif,0.003,0.241,0.586,0.086,170,190,153.435,0.046,2.123,0.471,0.795
3625,4D-U-Z4.tif,0.001,0.170,0.567,0.057,411,189,106.699,0.041,1.583,0.632,0.699
3626,4D-U-Z4.tif,0.018,0.873,0.301,0.241,595,193,152.850,0.127,1.953,0.512,0.771
3627,4D-U-Z4.tif,0.003,0.236,0.773,0.086,685,189,129.806,0.066,1.301,0.768,0.876
3628,4D-U-Z4.tif,0.001,0.161,0.530,0.055,770,189,126.870,0.039,1.709,0.585,0.706
3629,4D-U-Z4.tif,0.001,0.175,0.547,0.067,780,193,170.538,0.033,1.833,0.545,0.800
3630,4D-U-Z4.tif,0.008,0.399,0.630,0.129,854,212,70.017,0.104,1.381,0.724,0.783
3631,4D-U-Z4.tif,0.005,0.339,0.550,0.105,187,192,137.121,0.081,1.435,0.697,0.770
3632,4D-U-Z4.tif,0.003,0.231,0.718,0.089,873,191,172.875,0.054,1.643,0.609,0.845
3633,4D-U-Z4.tif,0.002,0.244,0.449,0.087,942,192,124.695,0.055,1.813,0.552,0.619
3634,4D-U-Z4.tif,0.005,0.373,0.481,0.133,977,210,48.366,0.077,2.140,0.467,0.769
3635,4D-U-Z4.tif,0.002,0.260,0.423,0.110,1003,192,162.474,0.030,4.066,0.246,0.811
3636,4D-U-Z4.tif,0.007,0.403,0.571,0.149,73,209,38.991,0.097,1.671,0.599,0.820
3637,4D-U-Z4.tif,0.003,0.268,0.602,0.090,282,196,142.431,0.066,1.309,0.764,0.784
3638,4D-U-Z4.tif,0.003,0.243,0.637,0.084,819,207,78.690,0.065,1.366,0.732,0.798
3639,4D-U-Z4.tif,0.004,0.303,0.492,0.103,958,193,154.799,0.061,1.852,0.540,0.708
3640,4D-U-Z4.tif,0.002,0.174,0.656,0.072,473,194,157.380,0.033,2.437,0.410,0.819
3641,4D-U-Z4.tif,0.005,0.364,0.436,0.107,567,209,55.491,0.088,1.300,0.769,0.734
3642,4D-U-Z4.tif,0.019,0.841,0.341,0.225,94,195,149.036,0.149,1.474,0.679,0.812
3643,4D-U-Z4.tif,0.001,0.170,0.462,0.074,639,195,138.013,0.033,2.917,0.343,0.654
3644,4D-U-Z4.tif,0.002,0.195,0.600,0.075,792,205,36.027,0.046,1.786,0.560,0.736
3645,4D-U-Z4.tif,0.012,0.593,0.416,0.187,21,198,132.614,0.106,1.887,0.530,0.762
3646,4D-U-Z4.tif,0.005,0.316,0.680,0.113,42,200,150.945,0.081,1.482,0.675,0.832
3647,4D-U-Z4.tif,0.003,0.278,0.453,0.089,403,200,172.875,0.066,1.254,0.798,0.672
3648,4D-U-Z4.tif,0.002,0.170,0.852,0.070,437,197,128.660,0.049,1.400,0.714,0.878
3649,4D-U-Z4.tif,0.002,0.175,0.621,0.075,521,208,53.973,0.039,2.288,0.437,0.763
3650,4D-U-Z4.tif,0.001,0.183,0.490,0.059,719,197,138.814,0.044,1.320,0.758,0.711
3651,4D-U-Z4.tif,0.003,0.200,0.802,0.072,535,206,22.620,0.056,1.128,0.886,0.848
3652,4D-U-Z4.tif,0.013,0.541,0.565,0.185,132,202,157.249,0.107,1.681,0.595,0.852
3653,4D-U-Z4.tif,0.001,0.178,0.455,0.070,323,204,18.435,0.033,2.282,0.438,0.724
3654,4D-U-Z4.tif,0.011,0.491,0.582,0.167,239,221,43.668,0.115,1.350,0.741,0.791
3655,4D-U-Z4.tif,0.003,0.283,0.424,0.098,420,203,163.610,0.055,2.238,0.447,0.685
3656,4D-U-Z4.tif,0.009,0.504,0.429,0.166,446,201,164.578,0.109,1.656,0.604,0.726
3657,4D-U-Z4.tif,0.001,0.141,0.673,0.047,474,207,35.538,0.039,1.247,0.802,0.778
3658,4D-U-Z4.tif,0.002,0.220,0.470,0.069,337,209,28.610,0.047,1.645,0.608,0.745
3659,4D-U-Z4.tif,0.001,0.141,0.750,0.052,810,205,147.995,0.039,1.377,0.726,0.848
3660,4D-U-Z4.tif,0.003,0.335,0.303,0.092,349,204,122.735,0.069,1.273,0.785,0.616
3661,4D-U-Z4.tif,0.002,0.192,0.575,0.084,888,209,11.310,0.032,3.106,0.322,0.812
3662,4D-U-Z4.tif,0.001,0.134,0.845,0.055,943,204,126.870,0.035,1.791,0.558,0.833
3663,4D-U-Z4.tif,0.002,0.238,0.458,0.084,318,211,11.310,0.050,1.212,0.825,0.687
3664,4D-U-Z4.tif,0.009,0.539,0.384,0.170,397,226,35.754,0.093,2.074,0.482,0.705
3665,4D-U-Z4.tif,0.001,0.198,0.455,0.080,580,211,15.945,0.034,2.728,0.367,0.712
3666,4D-U-Z4.tif,0.003,0.258,0.503,0.108,676,212,14.744,0.044,3.149,0.318,0.765
3667,4D-U-Z4.tif,0.001,0.183,0.456,0.070,709,206,161.565,0.033,2.010,0.498,0.702
3668,4D-U-Z4.tif,0.004,0.261,0.653,0.090,9,208,132.510,0.071,1.262,0.792,0.818
3669,4D-U-Z4.tif,0.008,0.536,0.349,0.147,821,228,34.287,0.114,1.309,0.764,0.671
3670,4D-U-Z4.tif,0.001,0.241,0.316,0.085,908,216,14.931,0.042,1.912,0.523,0.600
3671,4D-U-Z4.tif,0.004,0.317,0.473,0.098,276,210,116.565,0.071,1.435,0.697,0.723
3672,4D-U-Z4.tif,0.004,0.306,0.545,0.107,289,211,145.491,0.073,1.405,0.712,0.788
3673,4D-U-Z4.tif,0.023,0.993,0.290,0.237,475,248,54.462,0.188,1.311,0.763,0.741
3674,4D-U-Z4.tif,0.001,0.141,0.770,0.052,700,212,18.435,0.039,1.215,0.823,0.816
3675,4D-U-Z4.tif,0.002,0.318,0.302,0.101,998,209,150.642,0.048,2.433,0.411,0.744
3676,4D-U-Z4.tif,0.004,0.308,0.554,0.094,324,220,28.072,0.077,1.187,0.842,0.802
3677,4D-U-Z4.tif,0.002,0.198,0.609,0.072,397,218,32.471,0.047,1.604,0.623,0.764
3678,4D-U-Z4.tif,0.001,0.147,0.774,0.062,782,211,153.435,0.033,1.841,0.543,0.880
3679,4D-U-Z4.tif,0.003,0.228,0.680,0.077,50,215,158.962,0.061,1.232,0.812,0.838
3680,4D-U-Z4.tif,0.003,0.305,0.449,0.118,213,217,10.784,0.048,2.164,0.462,0.772
3681,4D-U-Z4.tif,0.005,0.426,0.347,0.129,506,224,19.983,0.075,1.844,0.542,0.721
3682,4D-U-Z4.tif,0.002,0.248,0.475,0.076,804,223,59.744,0.055,1.292,0.774,0.755
3683,4D-U-Z4.tif,0.017,0.539,0.715,0.173,872,211,99.162,0.150,1.159,0.863,0.885
3684,4D-U-Z4.tif,0.005,0.388,0.431,0.134,968,226,34.992,0.073,1.921,0.520,0.691
3685,4D-U-Z4.tif,0.004,0.270,0.693,0.094,940,212,130.236,0.074,1.294,0.773,0.831
3686,4D-U-Z4.tif,0.009,0.558,0.363,0.173,706,217,157.521,0.091,2.066,0.484,0.734
3687,4D-U-Z4.tif,0.009,0.617,0.293,0.170,545,240,29.055,0.118,1.470,0.680,0.638
3688,4D-U-Z4.tif,0.002,0.178,0.791,0.074,624,220,26.565,0.044,1.539,0.650,0.874
3689,4D-U-Z4.tif,0.009,0.479,0.496,0.144,64,216,136.548,0.108,1.345,0.743,0.791
3690,4D-U-Z4.tif,0.008,0.530,0.376,0.160,143,225,3.945,0.108,1.331,0.751,0.737
3691,4D-U-Z4.tif,0.003,0.233,0.597,0.083,179,224,7.595,0.055,1.391,0.719,0.756
3692,4D-U-Z4.tif,0.003,0.344,0.283,0.134,370,218,170.538,0.044,3.295,0.303,0.591
3693,4D-U-Z4.tif,0.003,0.347,0.323,0.116,775,227,25.346,0.058,2.221,0.450,0.673
3694,4D-U-Z4.tif,0.001,0.174,0.429,0.077,118,224,21.038,0.027,3.546,0.282,0.680
3695,4D-U-Z4.tif,0.008,0.457,0.467,0.153,350,219,115.641,0.091,1.936,0.516,0.751
3696,4D-U-Z4.tif,0.003,0.319,0.393,0.099,599,221,160.560,0.052,1.770,0.565,0.789
3697,4D-U-Z4.tif,0.019,0.823,0.359,0.226,428,254,55.923,0.174,1.255,0.797,0.729
3698,4D-U-Z4.tif,0.003,0.245,0.608,0.084,809,234,66.801,0.063,1.485,0.673,0.765
3699,4D-U-Z4.tif,0.003,0.328,0.382,0.116,4,224,154.654,0.056,2.543,0.393,0.695
3700,4D-U-Z4.tif,0.007,0.514,0.350,0.139,320,223,123.690,0.115,1.381,0.724,0.718
3701,4D-U-Z4.tif,0.005,0.357,0.470,0.120,573,231,15.945,0.068,1.667,0.600,0.768
3702,4D-U-Z4.tif,0.007,0.488,0.378,0.156,614,245,50.711,0.094,1.671,0.598,0.739
3703,4D-U-Z4.tif,0.004,0.276,0.599,0.095,685,223,144.462,0.070,1.475,0.678,0.795
3704,4D-U-Z4.tif,0.005,0.341,0.540,0.106,38,238,38.660,0.082,1.112,0.900,0.795
3705,4D-U-Z4.tif,0.002,0.223,0.474,0.072,458,237,81.254,0.056,1.366,0.732,0.649
3706,4D-U-Z4.tif,0.007,0.416,0.485,0.134,671,247,70.821,0.084,1.819,0.550,0.793
3707,4D-U-Z4.tif,0.004,0.322,0.429,0.092,280,232,17.354,0.076,1.222,0.818,0.701
3708,4D-U-Z4.tif,0.001,0.153,0.618,0.054,392,226,135.000,0.038,1.447,0.691,0.784
3709,4D-U-Z4.tif,0.019,0.846,0.333,0.210,505,255,47.121,0.160,1.319,0.758,0.719
3710,4D-U-Z4.tif,0.002,0.216,0.629,0.079,659,231,24.775,0.044,1.673,0.598,0.870
3711,4D-U-Z4.tif,0.004,0.367,0.376,0.099,949,238,33.690,0.078,1.366,0.732,0.686
3712,4D-U-Z4.tif,0.012,0.670,0.335,0.207,745,226,106.991,0.103,2.158,0.463,0.755
3713,4D-U-Z4.tif,0.006,0.386,0.519,0.113,217,233,165.964,0.094,1.321,0.757,0.775
3714,4D-U-Z4.tif,0.003,0.339,0.378,0.090,848,229,127.569,0.070,1.430,0.699,0.702
3715,4D-U-Z4.tif,0.001,0.161,0.574,0.062,937,229,169.695,0.039,1.620,0.617,0.690
3716,4D-U-Z4.tif,0.002,0.212,0.542,0.067,965,237,34.992,0.055,1.156,0.865,0.762
3717,4D-U-Z4.tif,0.003,0.321,0.363,0.096,137,229,166.759,0.050,1.849,0.541,0.763
3718,4D-U-Z4.tif,0.013,0.700,0.345,0.191,186,231,133.831,0.138,1.332,0.751,0.724
3719,4D-U-Z4.tif,0.003,0.352,0.307,0.147,996,231,167.005,0.050,2.878,0.347,0.664
3720,4D-U-Z4.tif,0.001,0.161,0.501,0.057,762,236,16.699,0.039,1.439,0.695,0.694
3721,4D-U-Z4.tif,0.003,0.372,0.265,0.133,106,231,150.255,0.054,2.760,0.362,0.571
3722,4D-U-Z4.tif,0.004,0.334,0.468,0.122,260,234,144.162,0.066,2.032,0.492,0.727
3723,4D-U-Z4.tif,0.002,0.234,0.368,0.079,900,239,24.775,0.043,2.096,0.477,0.675
3724,4D-U-Z4.tif,0.003,0.235,0.595,0.090,641,233,137.490,0.058,1.462,0.684,0.823
3725,4D-U-Z4.tif,0.027,0.833,0.482,0.234,675,255,170.538,0.192,1.185,0.844,0.824
3726,4D-U-Z4.tif,0.003,0.247,0.543,0.103,573,236,154.799,0.042,2.793,0.358,0.787
3727,4D-U-Z4.tif,0.007,0.464,0.406,0.155,810,244,4.086,0.088,1.860,0.538,0.742
3728,4D-U-Z4.tif,0.005,0.367,0.503,0.121,70,254,50.528,0.073,1.771,0.565,0.736
3729,4D-U-Z4.tif,0.002,0.203,0.490,0.066,241,244,41.634,0.042,1.520,0.658,0.707
3730,4D-U-Z4.tif,0.004,0.325,0.494,0.103,14,249,25.201,0.069,1.600,0.625,0.741
3731,4D-U-Z4.tif,0.007,0.362,0.623,0.133,140,245,172.875,0.083,1.487,0.672,0.814
3732,4D-U-Z4.tif,0.007,0.458,0.440,0.155,764,246,4.086,0.072,2.133,0.469,0.799
3733,4D-U-Z4.tif,0.002,0.178,0.779,0.070,44,245,18.435,0.039,1.569,0.638,0.884
3734,4D-U-Z4.tif,0.002,0.317,0.284,0.094,793,249,20.556,0.051,1.886,0.530,0.641
3735,4D-U-Z4.tif,0.002,0.178,0.671,0.079,1008,239,167.905,0.033,2.209,0.453,0.848
3736,4D-U-Z4.tif,0.013,0.730,0.312,0.221,299,240,124.875,0.115,2.127,0.470,0.708
3737,4D-U-Z4.tif,0.015,0.652,0.454,0.211,561,256,7.496,0.129,1.543,0.648,0.795
3738,4D-U-Z4.tif,0.001,0.150,0.696,0.052,544,241,108.435,0.039,1.372,0.729,0.788
3739,4D-U-Z4.tif,0.007,0.379,0.574,0.130,884,249,143.616,0.078,1.675,0.597,0.786
3740,4D-U-Z4.tif,0.005,0.342,0.551,0.121,908,243,129.472,0.074,1.850,0.541,0.799
3741,4D-U-Z4.tif,0.001,0.180,0.508,0.063,406,252,37.875,0.039,1.487,0.672,0.741
3742,4D-U-Z4.tif,0.022,1.120,0.224,0.263,965,250,142.651,0.163,1.586,0.630,0.705
3743,4D-U-Z4.tif,0.013,0.805,0.257,0.204,634,274,51.582,0.121,1.709,0.585,0.710
3744,4D-U-Z4.tif,0.001,0.156,0.639,0.062,851,253,45.000,0.039,1.762,0.568,0.739
3745,4D-U-Z4.tif,0.002,0.186,0.726,0.063,860,252,37.875,0.052,1.148,0.871,0.820
3746,4D-U-Z4.tif,0.005,0.358,0.455,0.111,106,252,8.531,0.084,1.123,0.890,0.678
3747,4D-U-Z4.tif,0.002,0.200,0.573,0.067,44,253,9.462,0.054,1.136,0.880,0.714
3748,4D-U-Z4.tif,0.001,0.220,0.282,0.092,90,249,162.646,0.031,4.267,0.234,0.497
3749,4D-U-Z4.tif,0.005,0.372,0.494,0.119,400,247,103.392,0.085,1.518,0.659,0.763
3750,4D-U-Z4.tif,0.001,0.167,0.599,0.067,364,250,170.538,0.039,1.812,0.552,0.727
3751,4D-U-Z4.tif,0.001,0.139,0.712,0.054,470,249,156.038,0.034,1.681,0.595,0.800
3752,4D-U-Z4.tif,0.004,0.406,0.313,0.119,928,250,158.199,0.072,1.708,0.585,0.649
3753,4D-U-Z4.tif,0.001,0.141,0.847,0.060,950,255,33.690,0.037,1.581,0.633,0.854
3754,4D-U-Z4.tif,0.001,0.139,0.712,0.052,448,249,108.435,0.037,1.606,0.622,0.774
3755,4D-U-Z4.tif,0.002,0.203,0.656,0.070,603,250,161.565,0.055,1.325,0.755,0.763
3756,4D-U-Z4.tif,0.006,0.364,0.545,0.126,32,250,127.875,0.083,1.528,0.655,0.763
3757,4D-U-Z4.tif,0.002,0.230,0.491,0.072,179,252,147.529,0.059,1.195,0.837,0.687
3758,4D-U-Z4.tif,0.014,0.694,0.371,0.200,726,251,121.504,0.126,1.694,0.590,0.732
3759,4D-U-Z4.tif,0.002,0.161,0.766,0.070,232,261,45.000,0.039,1.853,0.540,0.825
3760,4D-U-Z4.tif,0.006,0.486,0.320,0.152,769,273,49.399,0.075,2.213,0.452,0.688
3761,4D-U-Z4.tif,0.004,0.305,0.554,0.113,134,252,133.025,0.059,1.918,0.521,0.761
3762,4D-U-Z4.tif,0.012,0.819,0.218,0.225,248,273,17.103,0.124,1.638,0.611,0.571
3763,4D-U-Z4.tif,0.001,0.158,0.690,0.060,793,252,123.690,0.038,1.697,0.589,0.796
3764,4D-U-Z4.tif,0.001,0.202,0.422,0.060,90,253,146.310,0.044,1.176,0.850,0.703
3765,4D-U-Z4.tif,0.001,0.164,0.693,0.072,220,254,147.529,0.036,2.323,0.431,0.797
3766,4D-U-Z4.tif,0.003,0.318,0.351,0.084,411,257,148.392,0.066,1.384,0.723,0.724
3767,4D-U-Z4.tif,0.001,0.137,0.846,0.052,858,253,108.435,0.034,1.566,0.638,0.857
3768,4D-U-Z4.tif,0.001,0.137,0.867,0.052,240,262,32.005,0.043,1.303,0.768,0.878
3769,4D-U-Z4.tif,0.005,0.442,0.339,0.153,833,255,154.359,0.076,1.778,0.562,0.633
3770,4D-U-Z4.tif,0.002,0.187,0.792,0.070,332,255,108.435,0.050,1.473,0.679,0.859
3771,4D-U-Z4.tif,0.002,0.159,0.823,0.060,100,256,146.310,0.044,1.163,0.860,0.853
3772,4D-U-Z4.tif,0.003,0.294,0.428,0.106,471,257,158.749,0.069,1.619,0.618,0.626
3773,4D-U-Z4.tif,0.001,0.209,0.417,0.084,372,267,31.608,0.034,2.941,0.340,0.676
3774,4D-U-Z4.tif,0.001,0.153,0.650,0.059,872,258,158.199,0.044,1.327,0.754,0.734
3775,4D-U-Z4.tif,0.005,0.326,0.648,0.108,948,270,23.962,0.085,1.323,0.756,0.796
3776,4D-U-Z4.tif,0.004,0.369,0.358,0.115,179,262,144.782,0.074,1.596,0.627,0.683
3777,4D-U-Z4.tif,0.005,0.398,0.360,0.117,347,259,109.290,0.075,1.758,0.569,0.676
3778,4D-U-Z4.tif,0.003,0.222,0.681,0.075,52,273,72.897,0.061,1.119,0.893,0.759
3779,4D-U-Z4.tif,0.002,0.206,0.663,0.072,614,262,171.254,0.059,1.473,0.679,0.759
3780,4D-U-Z4.tif,0.005,0.383,0.431,0.122,910,264,161.565,0.080,1.523,0.656,0.755
3781,4D-U-Z4.tif,0.002,0.161,0.987,0.059,73,263,158.199,0.050,1.140,0.877,0.893
3782,4D-U-Z4.tif,0.010,0.580,0.356,0.175,99,265,151.821,0.110,1.442,0.694,0.686
3783,4D-U-Z4.tif,0.002,0.175,0.721,0.070,468,261,128.660,0.043,1.735,0.576,0.829
3784,4D-U-Z4.tif,0.003,0.222,0.666,0.087,820,263,161.565,0.055,1.546,0.647,0.789
3785,4D-U-Z4.tif,0.002,0.178,0.735,0.064,450,265,160.017,0.047,1.198,0.835,0.762
3786,4D-U-Z4.tif,0.003,0.339,0.298,0.111,654,270,174.289,0.058,1.832,0.546,0.596
3787,4D-U-Z4.tif,0.004,0.270,0.682,0.094,155,272,28.072,0.066,1.354,0.739,0.865
3788,4D-U-Z4.tif,0.004,0.346,0.437,0.110,597,275,36.870,0.077,1.337,0.748,0.695
3789,4D-U-Z4.tif,0.005,0.290,0.767,0.111,877,267,153.435,0.076,1.386,0.721,0.833
3790,4D-U-Z4.tif,0.003,0.278,0.428,0.086,382,276,45.000,0.055,1.486,0.673,0.722
3791,4D-U-Z4.tif,0.001,0.154,0.719,0.057,136,266,163.301,0.043,1.275,0.785,0.769
3792,4D-U-Z4.tif,0.005,0.361,0.505,0.139,204,272,9.090,0.066,2.187,0.457,0.808
3793,4D-U-Z4.tif,0.004,0.281,0.558,0.091,539,280,64.983,0.068,1.501,0.666,0.768
3794,4D-U-Z4.tif,0.004,0.303,0.583,0.118,518,274,10.784,0.054,2.310,0.433,0.820
3795,4D-U-Z4.tif,0.002,0.220,0.619,0.079,782,274,12.095,0.047,1.631,0.613,0.819
3796,4D-U-Z4.tif,0.001,0.161,0.574,0.062,68,270,153.435,0.035,2.206,0.453,0.729
3797,4D-U-Z4.tif,0.002,0.185,0.675,0.072,83,268,122.471,0.042,1.699,0.589,0.797
3798,4D-U-Z4.tif,0.001,0.162,0.521,0.055,421,277,53.130,0.044,1.097,0.912,0.637
3799,4D-U-Z4.tif,0.002,0.275,0.361,0.092,571,278,17.354,0.044,2.216,0.451,0.716
3800,4D-U-Z4.tif,0.003,0.274,0.458,0.090,295,272,142.431,0.060,1.596,0.627,0.744
3801,4D-U-Z4.tif,0.010,0.512,0.485,0.148,441,285,15.068,0.114,1.135,0.881,0.780
3802,4D-U-Z4.tif,0.001,0.178,0.455,0.077,752,273,175.914,0.027,3.360,0.298,0.738
3803,4D-U-Z4.tif,0.001,0.224,0.305,0.067,826,272,145.008,0.043,1.485,0.673,0.678
3804,4D-U-Z4.tif,0.005,0.447,0.338,0.121,169,273,114.228,0.097,1.113,0.898,0.647
3805,4D-U-Z4.tif,0.004,0.317,0.549,0.111,496,276,147.095,0.062,2.031,0.492,0.799
3806,4D-U-Z4.tif,0.003,0.217,0.767,0.083,897,276,143.130,0.058,1.204,0.831,0.837
3807,4D-U-Z4.tif,0.001,0.183,0.524,0.070,927,273,141.340,0.034,2.474,0.404,0.754
3808,4D-U-Z4.tif,0.002,0.224,0.449,0.083,417,285,36.870,0.043,2.479,0.403,0.690
3809,4D-U-Z4.tif,0.003,0.239,0.566,0.099,247,278,160.560,0.047,2.051,0.487,0.776
3810,4D-U-Z4.tif,0.001,0.191,0.440,0.059,555,276,138.814,0.042,1.361,0.735,0.724
3811,4D-U-Z4.tif,0.012,0.636,0.382,0.168,789,299,23.199,0.134,1.216,0.823,0.729
3812,4D-U-Z4.tif,0.001,0.178,0.551,0.076,865,277,149.744,0.037,2.463,0.406,0.773
3813,4D-U-Z4.tif,0.002,0.173,0.800,0.067,77,284,24.444,0.046,1.477,0.677,0.846
3814,4D-U-Z4.tif,0.004,0.272,0.629,0.092,225,277,122.735,0.071,1.432,0.698,0.790
3815,4D-U-Z4.tif,0.003,0.233,0.689,0.085,271,278,165.069,0.050,1.652,0.605,0.845
3816,4D-U-Z4.tif,0.001,0.200,0.420,0.078,327,278,140.711,0.042,2.167,0.461,0.603
3817,4D-U-Z4.tif,0.002,0.228,0.417,0.085,382,277,165.069,0.033,2.612,0.383,0.755
3818,4D-U-Z4.tif,0.009,0.499,0.438,0.152,471,300,40.601,0.098,1.674,0.597,0.768
3819,4D-U-Z4.tif,0.008,0.452,0.504,0.159,563,288,14.036,0.083,2.185,0.458,0.778
3820,4D-U-Z4.tif,0.001,0.144,0.736,0.060,675,278,146.310,0.038,1.440,0.694,0.800
3821,4D-U-Z4.tif,0.004,0.351,0.396,0.121,690,281,177.397,0.061,2.049,0.488,0.707
3822,4D-U-Z4.tif,0.003,0.222,0.728,0.075,714,280,143.973,0.059,1.237,0.808,0.832
3823,4D-U-Z4.tif,0.006,0.339,0.699,0.122,747,283,174.806,0.081,1.386,0.722,0.837
3824,4D-U-Z4.tif,0.002,0.269,0.405,0.092,144,284,17.354,0.044,2.036,0.491,0.755
3825,4D-U-Z4.tif,0.012,0.587,0.428,0.162,962,307,80.218,0.136,1.279,0.782,0.749
3826,4D-U-Z4.tif,0.001,0.233,0.308,0.091,46,286,25.017,0.031,3.797,0.263,0.647
3827,4D-U-Z4.tif,0.003,0.274,0.458,0.094,177,279,151.928,0.061,1.367,0.731,0.717
3828,4D-U-Z4.tif,0.002,0.303,0.319,0.118,648,282,169.216,0.039,3.639,0.275,0.684
3829,4D-U-Z4.tif,0.004,0.288,0.579,0.094,910,288,28.072,0.061,1.378,0.726,0.840
3830,4D-U-Z4.tif,0.001,0.117,0.968,0.044,429,281,150.255,0.033,1.185,0.844,0.909
3831,4D-U-Z4.tif,0.005,0.402,0.365,0.125,880,281,138.576,0.070,1.778,0.562,0.777
3832,4D-U-Z4.tif,0.011,0.502,0.572,0.172,834,285,153.435,0.116,1.464,0.683,0.825
3833,4D-U-Z4.tif,0.002,0.258,0.395,0.096,206,290,13.241,0.044,2.410,0.415,0.742
3834,4D-U-Z4.tif,0.012,0.588,0.445,0.177,930,308,53.842,0.137,1.285,0.778,0.739
3835,4D-U-Z4.tif,0.009,0.481,0.477,0.143,8,299,22.620,0.110,1.156,0.865,0.785
3836,4D-U-Z4.tif,0.002,0.183,0.581,0.075,358,288,17.103,0.039,1.991,0.502,0.750
3837,4D-U-Z4.tif,0.006,0.554,0.244,0.134,615,284,170.538,0.088,1.162,0.860,0.671
3838,4D-U-Z4.tif,0.002,0.224,0.442,0.083,770,284,172.405,0.041,2.183,0.458,0.667
3839,4D-U-Z4.tif,0.004,0.366,0.365,0.113,331,292,14.036,0.074,1.414,0.707,0.624
3840,4D-U-Z4.tif,0.025,0.779,0.511,0.243,510,291,142.352,0.175,1.400,0.714,0.816
3841,4D-U-Z4.tif,0.002,0.217,0.492,0.078,188,295,39.289,0.049,1.647,0.607,0.693
3842,4D-U-Z4.tif,0.006,0.459,0.383,0.122,66,288,125.838,0.102,1.310,0.763,0.736
3843,4D-U-Z4.tif,0.003,0.309,0.402,0.099,315,287,123.690,0.066,1.602,0.624,0.704
3844,4D-U-Z4.tif,0.001,0.217,0.274,0.072,402,287,112.620,0.039,2.300,0.435,0.540
3845,4D-U-Z4.tif,0.001,0.177,0.474,0.079,417,287,167.905,0.028,2.516,0.397,0.765
3846,4D-U-Z4.tif,0.006,0.344,0.652,0.121,645,289,149.931,0.083,1.423,0.703,0.830
3847,4D-U-Z4.tif,0.005,0.395,0.404,0.124,705,292,167.196,0.083,1.564,0.639,0.703
3848,4D-U-Z4.tif,0.008,0.450,0.512,0.140,750,294,154.440,0.096,1.292,0.774,0.771
3849,4D-U-Z4.tif,0.010,0.594,0.356,0.160,203,313,30.964,0.107,1.476,0.677,0.759
3850,4D-U-Z4.tif,0.004,0.347,0.453,0.111,369,300,8.531,0.082,1.325,0.755,0.703
3851,4D-U-Z4.tif,0.005,0.333,0.537,0.108,581,310,75.256,0.082,1.136,0.881,0.774
3852,4D-U-Z4.tif,0.002,0.244,0.384,0.074,1008,301,41.987,0.054,1.522,0.657,0.628
3853,4D-U-Z4.tif,0.001,0.172,0.451,0.059,129,297,21.801,0.033,1.841,0.543,0.707
3854,4D-U-Z4.tif,0.001,0.280,0.219,0.115,608,292,144.782,0.039,3.932,0.254,0.446
3855,4D-U-Z4.tif,0.006,0.380,0.565,0.136,728,294,133.363,0.078,1.628,0.614,0.793
3856,4D-U-Z4.tif,0.005,0.400,0.400,0.156,551,293,147.995,0.069,1.951,0.512,0.709
3857,4D-U-Z4.tif,0.001,0.148,0.743,0.052,666,301,57.995,0.043,1.168,0.856,0.819
3858,4D-U-Z4.tif,0.002,0.198,0.706,0.077,815,296,158.962,0.050,1.462,0.684,0.830
3859,4D-U-Z4.tif,0.002,0.202,0.628,0.079,170,295,155.225,0.044,1.638,0.610,0.822
3860,4D-U-Z4.tif,0.010,0.583,0.358,0.180,237,298,148.736,0.110,1.457,0.686,0.694
3861,4D-U-Z4.tif,0.003,0.347,0.326,0.117,984,299,8.130,0.044,2.523,0.396,0.723
3862,4D-U-Z4.tif,0.001,0.145,0.722,0.052,325,297,161.565,0.038,1.483,0.674,0.816
3863,4D-U-Z4.tif,0.004,0.283,0.596,0.101,149,299,157.620,0.064,1.502,0.666,0.791
3864,4D-U-Z4.tif,0.003,0.263,0.541,0.082,869,309,42.274,0.070,1.136,0.880,0.740
3865,4D-U-Z4.tif,0.007,0.341,0.793,0.111,32,300,147.095,0.097,1.027,0.974,0.895
3866,4D-U-Z4.tif,0.001,0.195,0.480,0.070,143,297,108.435,0.039,2.279,0.439,0.696
3867,4D-U-Z4.tif,0.004,0.259,0.657,0.094,668,306,20.556,0.064,1.506,0.664,0.795
3868,4D-U-Z4.tif,0.003,0.220,0.752,0.080,54,298,105.945,0.050,1.708,0.586,0.885
3869,4D-U-Z4.tif,0.015,0.736,0.342,0.183,271,329,48.652,0.149,1.287,0.777,0.751
3870,4D-U-Z4.tif,0.003,0.286,0.531,0.103,449,302,154.799,0.064,1.463,0.684,0.722
3871,4D-U-Z4.tif,0.001,0.174,0.593,0.079,602,298,155.225,0.032,2.868,0.349,0.825
3872,4D-U-Z4.tif,0.002,0.238,0.498,0.079,685,300,146.310,0.054,1.369,0.730,0.763
3873,4D-U-Z4.tif,0.002,0.195,0.620,0.070,881,299,141.340,0.047,1.524,0.656,0.800
3874,4D-U-Z4.tif,0.002,0.169,0.737,0.057,294,307,16.699,0.050,1.113,0.899,0.797
3875,4D-U-Z4.tif,0.004,0.286,0.578,0.105,426,307,6.009,0.061,1.758,0.569,0.803
3876,4D-U-Z4.tif,0.002,0.300,0.317,0.089,479,311,29.745,0.062,1.378,0.726,0.595
3877,4D-U-Z4.tif,0.003,0.258,0.498,0.079,631,311,33.690,0.062,1.382,0.723,0.702
3878,4D-U-Z4.tif,0.013,0.578,0.484,0.193,101,301,143.130,0.128,1.543,0.648,0.805
3879,4D-U-Z4.tif,0.005,0.466,0.302,0.117,165,308,8.130,0.085,1.224,0.817,0.698
3880,4D-U-Z4.tif,0.003,0.256,0.499,0.082,777,312,47.726,0.066,1.158,0.864,0.732
3881,4D-U-Z4.tif,0.002,0.181,0.698,0.063,823,311,37.875,0.052,1.159,0.862,0.769
3882,4D-U-Z4.tif,0.001,0.141,0.827,0.057,851,305,16.699,0.033,1.493,0.670,0.887
3883,4D-U-Z4.tif,0.005,0.368,0.446,0.107,308,303,101.889,0.090,1.264,0.791,0.699
3884,4D-U-Z4.tif,0.003,0.311,0.401,0.111,494,304,159.775,0.055,2.055,0.487,0.701
3885,4D-U-Z4.tif,0.003,0.231,0.697,0.080,648,306,164.055,0.064,1.163,0.860,0.800
3886,4D-U-Z4.tif,0.002,0.245,0.437,0.090,892,303,132.510,0.044,2.399,0.417,0.690
3887,4D-U-Z4.tif,0.001,0.134,0.719,0.055,986,303,126.870,0.033,1.835,0.545,0.764
3888,4D-U-Z4.tif,0.004,0.311,0.464,0.117,609,308,171.870,0.055,2.095,0.477,0.749
3889,4D-U-Z4.tif,0.003,0.408,0.235,0.133,696,310,4.764,0.066,2.371,0.422,0.552
3890,4D-U-Z4.tif,0.007,0.492,0.338,0.122,411,320,5.194,0.095,1.268,0.789,0.718
3891,4D-U-Z4.tif,0.004,0.305,0.537,0.087,997,320,55.305,0.076,1.009,0.992,0.811
3892,4D-U-Z4.tif,0.012,0.696,0.299,0.188,332,314,159.444,0.128,1.474,0.678,0.709
3893,4D-U-Z4.tif,0.002,0.225,0.609,0.070,682,309,141.340,0.058,1.094,0.914,0.757
3894,4D-U-Z4.tif,0.003,0.255,0.675,0.094,148,312,173.290,0.055,1.615,0.619,0.849
3895,4D-U-Z4.tif,0.007,0.522,0.342,0.145,388,309,98.746,0.119,1.325,0.755,0.619
3896,4D-U-Z4.tif,0.008,0.458,0.451,0.150,787,316,6.340,0.093,1.484,0.674,0.737
3897,4D-U-Z4.tif,0.012,0.625,0.380,0.194,822,324,173.480,0.116,1.700,0.588,0.782
3898,4D-U-Z4.tif,0.030,1.012,0.371,0.267,904,315,165.677,0.178,1.365,0.733,0.816
3899,4D-U-Z4.tif,0.009,0.603,0.325,0.182,8,310,115.017,0.110,1.817,0.550,0.701
3900,4D-U-Z4.tif,0.003,0.231,0.597,0.094,977,319,20.556,0.048,2.285,0.438,0.774
3901,4D-U-Z4.tif,0.006,0.324,0.691,0.106,225,330,68.749,0.088,1.275,0.784,0.814
3902,4D-U-Z4.tif,0.001,0.257,0.277,0.070,322,312,141.340,0.044,1.246,0.803,0.644
3903,4D-U-Z4.tif,0.005,0.364,0.430,0.109,51,325,30.466,0.080,1.099,0.910,0.693
3904,4D-U-Z4.tif,0.003,0.266,0.588,0.096,475,315,156.371,0.053,1.830,0.546,0.776
3905,4D-U-Z4.tif,0.004,0.268,0.687,0.091,660,317,165.964,0.077,1.022,0.979,0.818
3906,4D-U-Z4.tif,0.003,0.262,0.571,0.094,756,326,40.236,0.054,1.807,0.553,0.808
3907,4D-U-Z4.tif,0.003,0.316,0.371,0.098,73,315,153.435,0.061,1.744,0.573,0.705
3908,4D-U-Z4.tif,0.002,0.197,0.706,0.075,630,322,36.027,0.050,1.334,0.750,0.818
3909,4D-U-Z4.tif,0.002,0.200,0.630,0.075,33,315,126.027,0.042,1.859,0.538,0.800
3910,4D-U-Z4.tif,0.001,0.139,0.890,0.052,617,324,71.565,0.043,1.191,0.840,0.841
3911,4D-U-Z4.tif,0.004,0.300,0.579,0.103,458,319,164.476,0.067,1.610,0.621,0.774
3912,4D-U-Z4.tif,0.005,0.364,0.502,0.126,547,316,113.199,0.084,1.689,0.592,0.731
3913,4D-U-Z4.tif,0.003,0.239,0.566,0.082,713,316,132.274,0.052,1.452,0.689,0.769
3914,4D-U-Z4.tif,0.003,0.247,0.593,0.078,877,317,140.711,0.061,1.292,0.774,0.819
3915,4D-U-Z4.tif,0.003,0.268,0.452,0.103,130,319,164.476,0.044,2.548,0.393,0.759
3916,4D-U-Z4.tif,0.003,0.311,0.413,0.118,678,320,169.216,0.047,2.657,0.376,0.745
3917,4D-U-Z4.tif,0.004,0.309,0.470,0.092,446,318,122.735,0.070,1.404,0.712,0.752
3918,4D-U-Z4.tif,0.004,0.239,0.799,0.082,764,328,42.274,0.066,1.249,0.801,0.906
3919,4D-U-Z4.tif,0.002,0.206,0.699,0.072,777,326,22.620,0.055,1.197,0.835,0.817
3920,4D-U-Z4.tif,0.004,0.244,0.756,0.086,502,332,26.565,0.066,1.299,0.770,0.846
3921,4D-U-Z4.tif,0.007,0.458,0.434,0.146,728,336,19.799,0.098,1.255,0.797,0.731
3922,4D-U-Z4.tif,0.001,0.153,0.699,0.063,993,322,164.745,0.033,1.858,0.538,0.819
3923,4D-U-Z4.tif,0.010,0.596,0.363,0.181,560,344,37.569,0.119,1.341,0.746,0.732
3924,4D-U-Z4.tif,0.003,0.226,0.758,0.080,662,322,105.945,0.059,1.408,0.710,0.836
3925,4D-U-Z4.tif,0.001,0.169,0.536,0.055,807,329,36.870,0.039,1.268,0.789,0.755
3926,4D-U-Z4.tif,0.001,0.205,0.445,0.076,425,325,149.744,0.038,2.160,0.463,0.748
3927,4D-U-Z4.tif,0.003,0.303,0.472,0.103,670,330,164.476,0.061,1.258,0.795,0.750
3928,4D-U-Z4.tif,0.001,0.184,0.427,0.083,45,325,143.130,0.027,3.896,0.257,0.697
3929,4D-U-Z4.tif,0.004,0.357,0.434,0.133,246,330,7.125,0.053,3.024,0.331,0.749
3930,4D-U-Z4.tif,0.008,0.460,0.492,0.151,466,341,33.111,0.100,1.599,0.625,0.794
3931,4D-U-Z4.tif,0.010,0.514,0.491,0.171,964,327,146.821,0.100,1.728,0.579,0.788
3932,4D-U-Z4.tif,0.004,0.384,0.344,0.106,189,343,62.103,0.077,1.438,0.695,0.657
3933,4D-U-Z4.tif,0.004,0.308,0.550,0.115,158,335,16.699,0.052,2.435,0.411,0.818
3934,4D-U-Z4.tif,0.004,0.338,0.434,0.110,707,339,17.526,0.073,1.759,0.568,0.710
3935,4D-U-Z4.tif,0.001,0.199,0.385,0.074,89,334,26.565,0.033,2.036,0.491,0.708
3936,4D-U-Z4.tif,0.001,0.147,0.638,0.047,231,331,125.538,0.043,1.245,0.803,0.713
3937,4D-U-Z4.tif,0.012,0.552,0.485,0.160,290,347,15.945,0.133,1.193,0.838,0.789
3938,4D-U-Z4.tif,0.003,0.350,0.357,0.095,401,341,10.008,0.074,1.181,0.847,0.701
3939,4D-U-Z4.tif,0.016,0.644,0.470,0.200,841,361,58.496,0.122,1.841,0.543,0.790
3940,4D-U-Z4.tif,0.005,0.397,0.400,0.113,806,347,46.975,0.087,1.089,0.919,0.760
3941,4D-U-Z4.tif,0.003,0.215,0.690,0.086,281,340,26.565,0.051,1.823,0.549,0.800
3942,4D-U-Z4.tif,0.003,0.231,0.640,0.094,503,333,159.444,0.046,2.188,0.457,0.833
3943,4D-U-Z4.tif,0.001,0.167,0.544,0.063,791,332,142.125,0.039,1.798,0.556,0.755
3944,4D-U-Z4.tif,0.002,0.223,0.444,0.079,430,345,56.310,0.039,2.210,0.453,0.707
3945,4D-U-Z4.tif,0.002,0.172,0.735,0.064,445,340,19.983,0.044,1.270,0.787,0.832
3946,4D-U-Z4.tif,0.002,0.169,0.670,0.062,585,342,45.000,0.046,1.500,0.667,0.794
3947,4D-U-Z4.tif,0.004,0.335,0.422,0.099,691,348,56.310,0.083,1.297,0.771,0.668
3948,4D-U-Z4.tif,0.002,0.181,0.779,0.072,123,343,32.471,0.045,1.567,0.638,0.812
3949,4D-U-Z4.tif,0.002,0.241,0.520,0.084,319,335,121.608,0.060,1.510,0.662,0.728
3950,4D-U-Z4.tif,0.012,0.680,0.326,0.208,363,336,147.995,0.134,1.850,0.540,0.632
3951,4D-U-Z4.tif,0.008,0.415,0.549,0.138,945,347,28.610,0.088,1.482,0.675,0.803
3952,4D-U-Z4.tif,0.004,0.456,0.256,0.128,1000,337,154.537,0.079,1.573,0.636,0.549
3953,4D-U-Z4.tif,0.011,0.552,0.458,0.160,56,337,139.185,0.124,1.176,0.850,0.758
3954,4D-U-Z4.tif,0.003,0.225,0.647,0.083,529,336,143.130,0.054,1.746,0.573,0.811
3955,4D-U-Z4.tif,0.006,0.361,0.607,0.133,628,340,175.236,0.083,1.497,0.668,0.814
3956,4D-U-Z4.tif,0.001,0.167,0.517,0.077,218,341,21.038,0.028,2.861,0.349,0.817
3957,4D-U-Z4.tif,0.001,0.133,0.776,0.056,335,338,168.690,0.028,2.110,0.474,0.857
3958,4D-U-Z4.tif,0.001,0.125,0.851,0.051,346,337,167.471,0.028,1.752,0.571,0.897
3959,4D-U-Z4.tif,0.001,0.134,0.740,0.052,620,337,122.005,0.035,1.444,0.693,0.778
3960,4D-U-Z4.tif,0.009,0.495,0.459,0.158,740,338,114.775,0.094,1.721,0.581,0.790
3961,4D-U-Z4.tif,0.003,0.295,0.468,0.086,868,337,140.194,0.072,1.408,0.710,0.738
3962,4D-U-Z4.tif,0.002,0.167,0.789,0.064,991,339,149.036,0.044,1.260,0.793,0.885
3963,4D-U-Z4.tif,0.004,0.288,0.556,0.094,114,354,69.444,0.075,1.329,0.753,0.729
3964,4D-U-Z4.tif,0.002,0.252,0.457,0.106,890,340,171.027,0.043,2.697,0.371,0.688
3965,4D-U-Z4.tif,0.002,0.219,0.526,0.081,519,340,151.699,0.044,2.179,0.459,0.754
3966,4D-U-Z4.tif,0.003,0.279,0.449,0.110,223,353,36.870,0.051,2.021,0.495,0.684
3967,4D-U-Z4.tif,0.004,0.338,0.407,0.116,781,345,177.274,0.050,2.589,0.386,0.765
3968,4D-U-Z4.tif,0.003,0.286,0.433,0.081,1,350,28.301,0.061,1.098,0.910,0.759
3969,4D-U-Z4.tif,0.002,0.239,0.519,0.085,250,347,14.931,0.053,1.838,0.544,0.687
3970,4D-U-Z4.tif,0.001,0.161,0.633,0.061,329,345,174.806,0.037,1.653,0.605,0.754
3971,4D-U-Z4.tif,0.003,0.248,0.550,0.086,150,342,116.565,0.061,1.476,0.677,0.724
3972,4D-U-Z4.tif,0.002,0.159,0.809,0.057,447,342,119.055,0.043,1.317,0.759,0.864
3973,4D-U-Z4.tif,0.011,0.626,0.359,0.161,478,362,7.853,0.132,1.112,0.899,0.701
3974,4D-U-Z4.tif,0.001,0.175,0.485,0.072,606,347,8.746,0.028,2.640,0.379,0.736
3975,4D-U-Z4.tif,0.003,0.292,0.499,0.098,15,343,128.157,0.070,1.305,0.766,0.744
3976,4D-U-Z4.tif,0.001,0.139,0.824,0.056,49,346,168.690,0.028,1.808,0.553,0.923
3977,4D-U-Z4.tif,0.002,0.203,0.675,0.075,135,348,17.103,0.055,1.202,0.832,0.785
3978,4D-U-Z4.tif,0.001,0.145,0.740,0.063,188,344,164.745,0.033,2.030,0.493,0.804
3979,4D-U-Z4.tif,0.002,0.255,0.364,0.070,421,343,128.660,0.055,1.213,0.824,0.721
3980,4D-U-Z4.tif,0.003,0.270,0.521,0.082,349,354,42.274,0.066,1.312,0.762,0.755
3981,4D-U-Z4.tif,0.003,0.236,0.663,0.084,885,355,31.608,0.060,1.306,0.766,0.836
3982,4D-U-Z4.tif,0.002,0.223,0.589,0.079,719,349,155.225,0.057,1.437,0.696,0.751
3983,4D-U-Z4.tif,0.006,0.364,0.573,0.142,920,345,125.538,0.073,2.041,0.490,0.802
3984,4D-U-Z4.tif,0.002,0.162,0.753,0.057,777,356,73.301,0.044,1.332,0.751,0.806
3985,4D-U-Z4.tif,0.004,0.303,0.527,0.095,34,361,54.462,0.069,1.235,0.810,0.774
3986,4D-U-Z4.tif,0.004,0.308,0.466,0.098,96,349,163.610,0.060,1.585,0.631,0.779
3987,4D-U-Z4.tif,0.005,0.357,0.494,0.106,362,347,128.660,0.081,1.325,0.755,0.840
3988,4D-U-Z4.tif,0.002,0.181,0.593,0.063,521,357,37.875,0.050,1.282,0.780,0.739
3989,4D-U-Z4.tif,0.005,0.290,0.704,0.094,566,350,173.290,0.083,1.089,0.918,0.846
3990,4D-U-Z4.tif,0.002,0.252,0.427,0.077,904,347,111.038,0.057,1.486,0.673,0.648
3991,4D-U-Z4.tif,0.001,0.145,0.776,0.057,257,349,150.945,0.042,1.202,0.832,0.796
3992,4D-U-Z4.tif,0.003,0.255,0.616,0.100,549,353,170.538,0.050,2.128,0.470,0.805
3993,4D-U-Z4.tif,0.005,0.300,0.655,0.103,941,351,164.476,0.070,1.376,0.727,0.836
3994,4D-U-Z4.tif,0.006,0.386,0.507,0.137,124,349,130.101,0.080,1.877,0.533,0.789
3995,4D-U-Z4.tif,0.005,0.359,0.475,0.107,169,354,168.111,0.083,1.290,0.775,0.703
3996,4D-U-Z4.tif,0.001,0.159,0.644,0.069,328,349,151.390,0.033,2.175,0.460,0.835
3997,4D-U-Z4.tif,0.006,0.393,0.489,0.119,632,353,146.310,0.088,1.088,0.919,0.770
3998,4D-U-Z4.tif,0.001,0.192,0.483,0.070,156,358,18.435,0.047,1.217,0.822,0.657
3999,4D-U-Z4.tif,0.003,0.217,0.678,0.086,708,362,39.806,0.051,1.896,0.527,0.812
4000,4D-U-Z4.tif,0.015,0.718,0.373,0.208,957,383,37.476,0.144,1.426,0.701,0.709
4001,4D-U-Z4.tif,0.001,0.170,0.445,0.077,529,356,21.038,0.024,3.393,0.295,0.716
4002,4D-U-Z4.tif,0.002,0.200,0.693,0.072,305,359,32.471,0.050,1.143,0.875,0.844
4003,4D-U-Z4.tif,0.004,0.331,0.496,0.104,616,354,161.565,0.071,1.584,0.631,0.777
4004,4D-U-Z4.tif,0.002,0.257,0.442,0.090,993,365,52.431,0.061,1.725,0.580,0.661
4005,4D-U-Z4.tif,0.002,0.213,0.522,0.069,461,360,28.610,0.047,1.718,0.582,0.756
4006,4D-U-Z4.tif,0.011,0.564,0.416,0.202,658,354,162.553,0.090,2.569,0.389,0.796
4007,4D-U-Z4.tif,0.005,0.329,0.526,0.110,752,360,162.474,0.070,1.705,0.587,0.721
4008,4D-U-Z4.tif,0.004,0.366,0.382,0.113,818,364,22.834,0.059,2.206,0.453,0.718
4009,4D-U-Z4.tif,0.003,0.305,0.406,0.104,863,370,57.995,0.063,1.949,0.513,0.710
4010,4D-U-Z4.tif,0.002,0.217,0.500,0.080,336,362,15.945,0.046,1.581,0.633,0.713
4011,4D-U-Z4.tif,0.003,0.237,0.622,0.082,11,363,19.654,0.064,1.235,0.810,0.767
4012,4D-U-Z4.tif,0.001,0.161,0.677,0.062,162,360,153.435,0.044,1.388,0.720,0.748
4013,4D-U-Z4.tif,0.003,0.278,0.477,0.096,713,364,13.241,0.060,1.593,0.628,0.698
4014,4D-U-Z4.tif,0.002,0.189,0.670,0.079,235,360,167.905,0.034,2.565,0.390,0.840
4015,4D-U-Z4.tif,0.003,0.214,0.690,0.075,586,364,17.103,0.055,1.310,0.763,0.810
4016,4D-U-Z4.tif,0.003,0.300,0.385,0.117,436,359,135.000,0.048,2.993,0.334,0.657
4017,4D-U-Z4.tif,0.003,0.258,0.601,0.089,785,360,158.199,0.055,1.493,0.670,0.824
4018,4D-U-Z4.tif,0.005,0.294,0.733,0.109,952,376,59.534,0.073,1.481,0.675,0.862
4019,4D-U-Z4.tif,0.002,0.195,0.700,0.072,359,368,22.620,0.053,1.405,0.712,0.765
4020,4D-U-Z4.tif,0.005,0.329,0.537,0.098,388,369,163.610,0.084,1.014,0.986,0.765
4021,4D-U-Z4.tif,0.005,0.372,0.495,0.113,885,364,129.094,0.079,1.539,0.650,0.793
4022,4D-U-Z4.tif,0.001,0.152,0.629,0.049,903,366,153.435,0.039,1.107,0.904,0.835
4023,4D-U-Z4.tif,0.002,0.209,0.617,0.079,912,370,24.775,0.047,1.679,0.596,0.826
4024,4D-U-Z4.tif,0.002,0.203,0.564,0.085,215,365,165.069,0.039,2.435,0.411,0.767
4025,4D-U-Z4.tif,0.001,0.134,0.761,0.047,295,368,20.556,0.039,1.041,0.960,0.809
4026,4D-U-Z4.tif,0.002,0.245,0.469,0.087,602,365,145.305,0.061,1.468,0.681,0.695
4027,4D-U-Z4.tif,0.009,0.449,0.552,0.154,110,376,14.534,0.104,1.475,0.678,0.821
4028,4D-U-Z4.tif,0.002,0.250,0.415,0.092,234,366,147.265,0.047,1.927,0.519,0.680
4029,4D-U-Z4.tif,0.001,0.121,0.969,0.047,460,371,35.538,0.033,1.179,0.848,0.937
4030,4D-U-Z4.tif,0.002,0.255,0.411,0.079,843,370,167.905,0.044,1.633,0.612,0.773
4031,4D-U-Z4.tif,0.002,0.261,0.426,0.082,924,369,160.346,0.054,1.516,0.660,0.700
4032,4D-U-Z4.tif,0.001,0.163,0.647,0.059,411,374,21.801,0.043,1.486,0.673,0.763
4033,4D-U-Z4.tif,0.001,0.130,0.883,0.051,452,373,40.601,0.037,1.365,0.733,0.848
4034,4D-U-Z4.tif,0.011,0.587,0.385,0.160,171,367,136.397,0.121,1.121,0.892,0.718
4035,4D-U-Z4.tif,0.007,0.434,0.454,0.135,364,377,168.232,0.100,1.346,0.743,0.689
4036,4D-U-Z4.tif,0.003,0.346,0.332,0.122,509,371,174.806,0.058,2.594,0.386,0.630
4037,4D-U-Z4.tif,0.003,0.301,0.423,0.113,581,368,165.964,0.059,1.818,0.550,0.709
4038,4D-U-Z4.tif,0.002,0.263,0.376,0.089,246,369,150.255,0.051,1.758,0.569,0.654
4039,4D-U-Z4.tif,0.011,0.574,0.406,0.178,41,382,16.189,0.114,1.724,0.580,0.754
4040,4D-U-Z4.tif,0.004,0.329,0.446,0.115,755,381,35.218,0.058,2.026,0.494,0.743
4041,4D-U-Z4.tif,0.005,0.351,0.549,0.127,822,369,145.620,0.072,1.759,0.568,0.813
4042,4D-U-Z4.tif,0.018,0.777,0.375,0.218,261,373,135.000,0.156,1.581,0.633,0.717
4043,4D-U-Z4.tif,0.003,0.410,0.259,0.122,334,370,144.162,0.061,2.149,0.465,0.610
4044,4D-U-Z4.tif,0.002,0.156,0.795,0.062,133,380,45.000,0.040,1.598,0.626,0.816
4045,4D-U-Z4.tif,0.002,0.173,0.851,0.072,197,377,22.620,0.047,1.538,0.650,0.859
4046,4D-U-Z4.tif,0.002,0.213,0.421,0.060,999,378,33.690,0.049,1.095,0.913,0.704
4047,4D-U-Z4.tif,0.003,0.278,0.551,0.083,460,372,143.130,0.066,1.273,0.786,0.830
4048,4D-U-Z4.tif,0.001,0.130,0.883,0.057,479,372,150.945,0.032,1.909,0.524,0.886
4049,4D-U-Z4.tif,0.013,0.619,0.439,0.166,555,376,158.552,0.131,1.173,0.853,0.807
4050,4D-U-Z4.tif,0.001,0.153,0.634,0.063,90,373,164.745,0.033,2.003,0.499,0.788
4051,4D-U-Z4.tif,0.005,0.386,0.425,0.133,94,392,51.710,0.071,2.206,0.453,0.756
4052,4D-U-Z4.tif,0.006,0.391,0.526,0.133,489,375,150.255,0.088,1.452,0.689,0.774
4053,4D-U-Z4.tif,0.001,0.178,0.527,0.075,739,374,162.897,0.032,2.602,0.384,0.752
4054,4D-U-Z4.tif,0.005,0.411,0.370,0.127,788,385,4.970,0.086,1.450,0.690,0.664
4055,4D-U-Z4.tif,0.003,0.252,0.632,0.092,81,378,162.646,0.059,1.829,0.547,0.798
4056,4D-U-Z4.tif,0.003,0.275,0.458,0.087,154,374,145.305,0.061,1.274,0.785,0.734
4057,4D-U-Z4.tif,0.011,0.661,0.314,0.199,621,381,175.236,0.109,1.895,0.528,0.684
4058,4D-U-Z4.tif,0.007,0.507,0.354,0.150,663,379,162.897,0.088,1.779,0.562,0.740
4059,4D-U-Z4.tif,0.002,0.228,0.578,0.082,844,382,19.654,0.050,1.549,0.646,0.802
4060,4D-U-Z4.tif,0.021,0.879,0.349,0.229,391,389,170.311,0.159,1.612,0.620,0.740
4061,4D-U-Z4.tif,0.002,0.200,0.532,0.088,606,378,176.424,0.033,2.796,0.358,0.794
4062,4D-U-Z4.tif,0.002,0.235,0.477,0.082,26,383,19.654,0.050,1.763,0.567,0.758
4063,4D-U-Z4.tif,0.001,0.156,0.717,0.060,207,386,56.310,0.041,1.584,0.631,0.800
4064,4D-U-Z4.tif,0.003,0.248,0.673,0.098,690,379,128.157,0.058,1.621,0.617,0.835
4065,4D-U-Z4.tif,0.001,0.126,0.905,0.049,711,378,153.435,0.039,1.164,0.859,0.864
4066,4D-U-Z4.tif,0.009,0.616,0.300,0.155,711,391,157.068,0.124,1.111,0.900,0.698
4067,4D-U-Z4.tif,0.018,0.882,0.284,0.232,233,389,151.607,0.158,1.578,0.634,0.687
4068,4D-U-Z4.tif,0.008,0.451,0.509,0.145,316,383,127.304,0.097,1.699,0.589,0.801
4069,4D-U-Z4.tif,0.002,0.216,0.629,0.089,353,381,158.199,0.043,2.100,0.476,0.782
4070,4D-U-Z4.tif,0.011,0.572,0.416,0.182,591,397,25.017,0.112,1.496,0.668,0.785
4071,4D-U-Z4.tif,0.005,0.352,0.486,0.133,904,391,7.125,0.064,2.292,0.436,0.761
4072,4D-U-Z4.tif,0.001,0.156,0.764,0.054,775,391,66.038,0.048,1.071,0.934,0.778
4073,4D-U-Z4.tif,0.001,0.142,0.868,0.056,983,387,168.690,0.039,1.257,0.795,0.844
4074,4D-U-Z4.tif,0.001,0.145,0.614,0.054,146,385,135.000,0.039,1.332,0.751,0.731
4075,4D-U-Z4.tif,0.001,0.169,0.603,0.060,197,386,146.310,0.039,1.530,0.654,0.783
4076,4D-U-Z4.tif,0.006,0.369,0.562,0.127,464,387,162.350,0.083,1.552,0.644,0.801
4077,4D-U-Z4.tif,0.002,0.183,0.604,0.057,590,389,16.699,0.044,1.266,0.790,0.841
4078,4D-U-Z4.tif,0.006,0.428,0.413,0.148,60,392,164.932,0.081,1.822,0.549,0.728
4079,4D-U-Z4.tif,0.004,0.264,0.722,0.099,118,385,123.690,0.060,1.812,0.552,0.825
4080,4D-U-Z4.tif,0.001,0.278,0.202,0.082,540,385,160.346,0.040,2.078,0.481,0.550
4081,4D-U-Z4.tif,0.006,0.381,0.487,0.135,743,385,101.768,0.072,1.883,0.531,0.744
4082,4D-U-Z4.tif,0.004,0.282,0.618,0.092,861,400,57.265,0.068,1.264,0.791,0.840
4083,4D-U-Z4.tif,0.002,0.258,0.452,0.075,642,394,17.103,0.052,1.497,0.668,0.752
4084,4D-U-Z4.tif,0.001,0.191,0.409,0.078,773,394,8.130,0.033,2.401,0.416,0.696
4085,4D-U-Z4.tif,0.003,0.286,0.396,0.094,831,392,173.290,0.055,2.106,0.475,0.637
4086,4D-U-Z4.tif,0.002,0.169,0.764,0.057,975,395,29.055,0.050,1.014,0.986,0.809
4087,4D-U-Z4.tif,0.001,0.164,0.679,0.064,757,390,160.017,0.044,1.624,0.616,0.738
4088,4D-U-Z4.tif,0.005,0.316,0.573,0.107,871,390,124.509,0.075,1.477,0.677,0.771
4089,4D-U-Z4.tif,0.001,0.130,0.770,0.047,797,396,45.000,0.033,1.303,0.768,0.872
4090,4D-U-Z4.tif,0.002,0.244,0.410,0.079,890,394,167.905,0.047,2.002,0.500,0.631
4091,4D-U-Z4.tif,0.004,0.306,0.524,0.092,143,407,72.646,0.073,1.378,0.726,0.761
4092,4D-U-Z4.tif,0.002,0.205,0.490,0.083,16,394,172.405,0.039,2.318,0.431,0.735
4093,4D-U-Z4.tif,0.007,0.423,0.482,0.129,519,393,133.264,0.093,1.464,0.683,0.769
4094,4D-U-Z4.tif,0.009,0.492,0.448,0.151,694,392,100.491,0.091,1.895,0.528,0.780
4095,4D-U-Z4.tif,0.003,0.335,0.310,0.097,964,392,132.709,0.068,1.392,0.719,0.625
4096,4D-U-Z4.tif,0.006,0.361,0.599,0.118,980,402,10.784,0.077,1.390,0.720,0.817
4097,4D-U-Z4.tif,0.004,0.316,0.565,0.095,96,403,10.008,0.083,1.125,0.889,0.771
4098,4D-U-Z4.tif,0.002,0.270,0.370,0.115,440,393,163.301,0.040,3.716,0.269,0.673
4099,4D-U-Z4.tif,0.002,0.231,0.434,0.085,1006,396,165.069,0.043,1.670,0.599,0.709
4100,4D-U-Z4.tif,0.013,0.581,0.472,0.185,804,407,162.646,0.116,1.756,0.569,0.746
4101,4D-U-Z4.tif,0.003,0.245,0.532,0.092,112,397,147.265,0.053,1.574,0.635,0.757
4102,4D-U-Z4.tif,0.001,0.204,0.438,0.079,194,410,77.905,0.044,2.042,0.490,0.619
4103,4D-U-Z4.tif,0.003,0.255,0.504,0.087,674,405,34.695,0.059,1.679,0.596,0.714
4104,4D-U-Z4.tif,0.002,0.255,0.446,0.094,346,405,6.710,0.044,1.985,0.504,0.756
4105,4D-U-Z4.tif,0.006,0.497,0.312,0.145,585,397,114.624,0.106,1.492,0.670,0.600
4106,4D-U-Z4.tif,0.002,0.183,0.684,0.072,758,399,171.254,0.040,1.941,0.515,0.789
4107,4D-U-Z4.tif,0.002,0.226,0.587,0.082,172,400,160.346,0.054,1.542,0.648,0.738
4108,4D-U-Z4.tif,0.002,0.184,0.573,0.063,945,409,74.745,0.049,1.264,0.791,0.699
4109,4D-U-Z4.tif,0.002,0.219,0.622,0.082,921,407,19.654,0.050,1.678,0.596,0.757
4110,4D-U-Z4.tif,0.003,0.358,0.309,0.090,66,416,79.380,0.074,1.300,0.769,0.632
4111,4D-U-Z4.tif,0.003,0.277,0.487,0.090,211,410,37.569,0.071,1.147,0.871,0.698
4112,4D-U-Z4.tif,0.002,0.244,0.423,0.078,631,411,50.711,0.042,1.801,0.555,0.763
4113,4D-U-Z4.tif,0.003,0.211,0.720,0.078,448,402,140.711,0.053,1.583,0.632,0.792
4114,4D-U-Z4.tif,0.007,0.451,0.439,0.145,8,402,119.476,0.089,1.796,0.557,0.758
4115,4D-U-Z4.tif,0.003,0.249,0.658,0.084,606,409,168.690,0.061,1.189,0.841,0.811
4116,4D-U-Z4.tif,0.006,0.503,0.279,0.145,378,406,127.304,0.082,1.944,0.514,0.653
4117,4D-U-Z4.tif,0.003,0.377,0.252,0.117,843,410,19.290,0.055,2.018,0.496,0.633
4118,4D-U-Z4.tif,0.006,0.339,0.619,0.125,773,404,138.576,0.074,1.763,0.567,0.799
4119,4D-U-Z4.tif,0.001,0.183,0.490,0.059,198,413,41.186,0.044,1.549,0.646,0.754
4120,4D-U-Z4.tif,0.002,0.203,0.592,0.072,873,417,67.380,0.051,1.472,0.679,0.736
4121,4D-U-Z4.tif,0.001,0.150,0.611,0.056,1008,408,11.310,0.039,1.419,0.705,0.713
4122,4D-U-Z4.tif,0.001,0.198,0.339,0.077,81,408,158.962,0.036,2.113,0.473,0.556
4123,4D-U-Z4.tif,0.002,0.197,0.647,0.075,167,410,162.897,0.044,1.455,0.687,0.841
4124,4D-U-Z4.tif,0.005,0.428,0.344,0.148,480,412,164.932,0.069,2.116,0.473,0.685
4125,4D-U-Z4.tif,0.004,0.373,0.388,0.116,30,426,58.570,0.076,1.589,0.629,0.694
4126,4D-U-Z4.tif,0.001,0.153,0.667,0.062,972,411,169.695,0.039,1.497,0.668,0.732
4127,4D-U-Z4.tif,0.006,0.379,0.558,0.151,140,419,10.491,0.071,2.149,0.465,0.835
4128,4D-U-Z4.tif,0.004,0.358,0.357,0.111,222,424,32.905,0.072,1.510,0.662,0.650
4129,4D-U-Z4.tif,0.003,0.261,0.497,0.092,535,411,162.646,0.062,1.509,0.663,0.679
4130,4D-U-Z4.tif,0.002,0.191,0.597,0.077,947,409,158.962,0.039,1.868,0.535,0.814
4131,4D-U-Z4.tif,0.004,0.308,0.566,0.096,554,410,120.964,0.075,1.277,0.783,0.770
4132,4D-U-Z4.tif,0.004,0.269,0.610,0.086,792,411,140.194,0.072,1.097,0.911,0.797
4133,4D-U-Z4.tif,0.003,0.264,0.552,0.090,921,419,10.620,0.065,1.283,0.779,0.709
4134,4D-U-Z4.tif,0.002,0.185,0.558,0.068,358,417,14.036,0.033,1.746,0.573,0.840
4135,4D-U-Z4.tif,0.002,0.194,0.588,0.070,657,412,135.000,0.051,1.375,0.727,0.784
4136,4D-U-Z4.tif,0.003,0.285,0.465,0.112,717,417,11.310,0.049,2.741,0.365,0.723
4137,4D-U-Z4.tif,0.002,0.175,0.795,0.060,896,411,123.690,0.050,1.116,0.896,0.848
4138,4D-U-Z4.tif,0.002,0.217,0.492,0.091,341,419,14.036,0.039,2.641,0.379,0.758
4139,4D-U-Z4.tif,0.008,0.556,0.329,0.167,643,415,136.332,0.098,1.682,0.595,0.664
4140,4D-U-Z4.tif,0.003,0.286,0.452,0.111,981,418,171.469,0.047,2.586,0.387,0.695
4141,4D-U-Z4.tif,0.004,0.289,0.592,0.112,106,422,11.310,0.056,1.996,0.501,0.831
4142,4D-U-Z4.tif,0.001,0.165,0.585,0.054,516,422,66.038,0.044,1.165,0.858,0.712
4143,4D-U-Z4.tif,0.002,0.152,0.877,0.059,857,415,158.199,0.039,1.442,0.694,0.883
4144,4D-U-Z4.tif,0.002,0.163,0.806,0.062,476,414,135.000,0.044,1.167,0.857,0.848
4145,4D-U-Z4.tif,0.004,0.366,0.393,0.111,575,433,69.775,0.071,1.707,0.586,0.683
4146,4D-U-Z4.tif,0.001,0.141,0.750,0.057,452,417,163.301,0.033,1.591,0.628,0.830
4147,4D-U-Z4.tif,0.004,0.381,0.328,0.099,303,426,19.440,0.070,1.468,0.681,0.735
4148,4D-U-Z4.tif,0.002,0.269,0.405,0.090,408,424,10.620,0.047,1.911,0.523,0.713
4149,4D-U-Z4.tif,0.003,0.256,0.621,0.079,764,416,146.310,0.072,1.104,0.906,0.826
4150,4D-U-Z4.tif,0.006,0.458,0.365,0.133,83,436,48.366,0.087,1.523,0.657,0.747
4151,4D-U-Z4.tif,0.003,0.236,0.588,0.076,505,420,149.744,0.059,1.283,0.780,0.811
4152,4D-U-Z4.tif,0.006,0.395,0.509,0.133,747,435,48.366,0.089,1.618,0.618,0.764
4153,4D-U-Z4.tif,0.001,0.167,0.613,0.059,806,417,131.186,0.039,1.540,0.649,0.763
4154,4D-U-Z4.tif,0.010,0.604,0.355,0.171,882,417,104.931,0.119,1.519,0.658,0.718
4155,4D-U-Z4.tif,0.003,0.274,0.575,0.092,274,428,32.735,0.060,1.647,0.607,0.790
4156,4D-U-Z4.tif,0.005,0.348,0.524,0.111,907,430,5.711,0.077,1.319,0.758,0.791
4157,4D-U-Z4.tif,0.006,0.434,0.383,0.126,48,424,156.801,0.079,1.635,0.612,0.727
4158,4D-U-Z4.tif,0.002,0.192,0.771,0.076,289,421,149.744,0.044,1.624,0.616,0.862
4159,4D-U-Z4.tif,0.014,0.593,0.492,0.168,682,449,66.801,0.138,1.269,0.788,0.789
4160,4D-U-Z4.tif,0.002,0.203,0.684,0.067,739,422,145.008,0.057,1.247,0.802,0.804
4161,4D-U-Z4.tif,0.008,0.480,0.427,0.151,934,433,19.093,0.094,1.642,0.609,0.757
4162,4D-U-Z4.tif,0.003,0.241,0.662,0.095,438,422,144.462,0.055,1.427,0.701,0.856
4163,4D-U-Z4.tif,0.008,0.550,0.332,0.148,586,440,26.565,0.110,1.164,0.859,0.727
4164,4D-U-Z4.tif,0.001,0.180,0.543,0.067,72,430,24.444,0.041,1.667,0.600,0.702
4165,4D-U-Z4.tif,0.006,0.330,0.668,0.111,246,442,69.775,0.082,1.360,0.735,0.841
4166,4D-U-Z4.tif,0.001,0.181,0.555,0.063,428,423,142.125,0.039,1.430,0.699,0.750
4167,4D-U-Z4.tif,0.002,0.259,0.328,0.079,838,425,155.225,0.052,1.566,0.639,0.617
4168,4D-U-Z4.tif,0.012,0.685,0.332,0.203,961,423,130.601,0.139,1.261,0.793,0.666
4169,4D-U-Z4.tif,0.004,0.343,0.382,0.101,463,428,139.399,0.066,1.546,0.647,0.704
4170,4D-U-Z4.tif,0.001,0.206,0.421,0.075,526,424,126.027,0.044,1.710,0.585,0.676
4171,4D-U-Z4.tif,0.003,0.281,0.452,0.100,786,429,170.538,0.054,1.892,0.529,0.701
4172,4D-U-Z4.tif,0.006,0.512,0.303,0.148,318,448,58.671,0.093,1.909,0.524,0.656
4173,4D-U-Z4.tif,0.016,0.653,0.464,0.183,341,425,96.911,0.149,1.179,0.848,0.783
4174,4D-U-Z4.tif,0.010,0.655,0.285,0.167,381,438,162.759,0.123,1.399,0.715,0.731
4175,4D-U-Z4.tif,0.002,0.236,0.561,0.082,772,427,137.726,0.058,1.336,0.748,0.766
4176,4D-U-Z4.tif,0.008,0.631,0.267,0.177,119,446,25.769,0.102,1.830,0.546,0.685
4177,4D-U-Z4.tif,0.005,0.408,0.356,0.161,616,438,7.853,0.066,2.900,0.345,0.668
4178,4D-U-Z4.tif,0.005,0.450,0.314,0.122,149,432,161.565,0.091,1.558,0.642,0.631
4179,4D-U-Z4.tif,0.008,0.509,0.398,0.141,213,447,38.660,0.099,1.480,0.676,0.753
4180,4D-U-Z4.tif,0.001,0.202,0.440,0.069,514,436,28.610,0.039,1.661,0.602,0.712
4181,4D-U-Z4.tif,0.002,0.237,0.460,0.076,665,431,149.744,0.061,1.278,0.782,0.642
4182,4D-U-Z4.tif,0.008,0.473,0.444,0.131,845,438,165.379,0.108,1.152,0.868,0.777
4183,4D-U-Z4.tif,0.002,0.230,0.369,0.070,274,430,141.340,0.054,1.398,0.715,0.607
4184,4D-U-Z4.tif,0.001,0.206,0.430,0.083,806,435,172.405,0.037,3.012,0.332,0.658
4185,4D-U-Z4.tif,0.001,0.178,0.539,0.066,507,435,131.634,0.037,1.945,0.514,0.763
4186,4D-U-Z4.tif,0.023,1.078,0.252,0.266,522,461,7.125,0.162,1.443,0.693,0.660
4187,4D-U-Z4.tif,0.003,0.236,0.581,0.101,794,438,157.620,0.046,2.439,0.410,0.791
4188,4D-U-Z4.tif,0.001,0.217,0.291,0.064,80,438,149.036,0.035,1.716,0.583,0.626
4189,4D-U-Z4.tif,0.001,0.150,0.798,0.057,291,437,106.699,0.041,1.462,0.684,0.790
4190,4D-U-Z4.tif,0.003,0.236,0.745,0.090,933,445,10.620,0.061,1.359,0.736,0.823
4191,4D-U-Z4.tif,0.008,0.703,0.211,0.183,409,450,6.911,0.111,1.915,0.522,0.551
4192,4D-U-Z4.tif,0.002,0.267,0.326,0.080,824,444,15.945,0.055,1.445,0.692,0.587
4193,4D-U-Z4.tif,0.010,0.442,0.654,0.146,717,439,100.886,0.118,1.357,0.737,0.799
4194,4D-U-Z4.tif,0.003,0.338,0.327,0.110,782,444,162.474,0.054,1.799,0.556,0.705
4195,4D-U-Z4.tif,0.006,0.375,0.530,0.144,93,443,147.529,0.085,1.513,0.661,0.770
4196,4D-U-Z4.tif,0.003,0.222,0.732,0.091,473,442,154.983,0.050,1.717,0.582,0.864
4197,4D-U-Z4.tif,0.017,0.721,0.401,0.222,68,446,136.005,0.140,1.683,0.594,0.769
4198,4D-U-Z4.tif,0.004,0.328,0.478,0.101,1008,455,45.000,0.077,1.122,0.891,0.748
4199,4D-U-Z4.tif,0.003,0.279,0.554,0.092,591,450,17.354,0.050,1.611,0.621,0.886
4200,4D-U-Z4.tif,0.005,0.291,0.683,0.116,747,445,154.654,0.062,1.964,0.509,0.840
4201,4D-U-Z4.tif,0.006,0.412,0.438,0.148,147,452,15.068,0.066,2.328,0.430,0.775
4202,4D-U-Z4.tif,0.002,0.214,0.632,0.072,945,457,57.529,0.056,1.312,0.762,0.792
4203,4D-U-Z4.tif,0.001,0.126,0.834,0.044,329,448,150.255,0.038,1.135,0.881,0.843
4204,4D-U-Z4.tif,0.018,0.691,0.468,0.238,615,456,173.367,0.119,2.261,0.442,0.807
4205,4D-U-Z4.tif,0.002,0.255,0.340,0.096,991,448,156.371,0.041,2.514,0.398,0.644
4206,4D-U-Z4.tif,0.002,0.152,0.877,0.059,37,455,41.186,0.044,1.295,0.772,0.876
4207,4D-U-Z4.tif,0.001,0.124,0.895,0.052,46,448,147.995,0.028,1.668,0.599,0.960
4208,4D-U-Z4.tif,0.005,0.346,0.491,0.109,280,450,139.086,0.083,1.096,0.912,0.730
4209,4D-U-Z4.tif,0.003,0.297,0.363,0.098,452,450,153.435,0.061,2.035,0.491,0.604
4210,4D-U-Z4.tif,0.001,0.173,0.445,0.066,210,459,48.366,0.039,1.943,0.515,0.636
4211,4D-U-Z4.tif,0.001,0.133,0.755,0.051,445,457,49.399,0.037,1.398,0.715,0.854
4212,4D-U-Z4.tif,0.012,0.489,0.613,0.160,679,456,153.435,0.120,1.240,0.806,0.856
4213,4D-U-Z4.tif,0.003,0.241,0.553,0.092,185,452,162.646,0.044,2.217,0.451,0.781
4214,4D-U-Z4.tif,0.001,0.133,0.733,0.059,362,458,41.186,0.033,2.016,0.496,0.782
4215,4D-U-Z4.tif,0.004,0.322,0.433,0.113,501,456,165.964,0.061,1.880,0.532,0.754
4216,4D-U-Z4.tif,0.007,0.433,0.485,0.151,870,454,169.509,0.087,1.610,0.621,0.791
4217,4D-U-Z4.tif,0.002,0.200,0.674,0.074,130,461,26.565,0.044,1.764,0.567,0.821
4218,4D-U-Z4.tif,0.001,0.207,0.347,0.094,478,456,176.634,0.022,3.882,0.258,0.736
4219,4D-U-Z4.tif,0.002,0.219,0.470,0.075,914,453,143.973,0.046,1.554,0.644,0.724
4220,4D-U-Z4.tif,0.002,0.294,0.344,0.098,238,458,153.435,0.065,1.681,0.595,0.598
4221,4D-U-Z4.tif,0.002,0.186,0.682,0.068,39,461,14.036,0.050,1.315,0.761,0.795
4222,4D-U-Z4.tif,0.006,0.361,0.565,0.126,158,475,61.189,0.080,1.660,0.602,0.778
4223,4D-U-Z4.tif,0.005,0.421,0.364,0.126,319,455,113.199,0.085,1.615,0.619,0.672
4224,4D-U-Z4.tif,0.005,0.341,0.504,0.121,782,455,149.931,0.064,2.130,0.469,0.721
4225,4D-U-Z4.tif,0.003,0.285,0.418,0.091,897,462,14.036,0.055,1.893,0.528,0.682
4226,4D-U-Z4.tif,0.004,0.294,0.561,0.109,752,457,139.086,0.066,1.587,0.630,0.791
4227,4D-U-Z4.tif,0.008,0.403,0.634,0.133,101,475,38.290,0.106,1.268,0.789,0.831
4228,4D-U-Z4.tif,0.005,0.309,0.633,0.099,396,472,56.310,0.081,1.219,0.820,0.809
4229,4D-U-Z4.tif,0.009,0.635,0.288,0.146,559,477,19.799,0.131,1.035,0.966,0.669
4230,4D-U-Z4.tif,0.001,0.201,0.424,0.064,587,459,149.036,0.049,1.505,0.665,0.634
4231,4D-U-Z4.tif,0.005,0.370,0.422,0.111,433,458,122.905,0.079,1.258,0.795,0.679
4232,4D-U-Z4.tif,0.002,0.192,0.558,0.070,476,470,71.565,0.050,1.635,0.612,0.671
4233,4D-U-Z4.tif,0.004,0.289,0.660,0.095,598,458,125.538,0.070,1.284,0.779,0.868
4234,4D-U-Z4.tif,0.008,0.484,0.440,0.148,803,458,116.565,0.105,1.432,0.699,0.750
4235,4D-U-Z4.tif,0.006,0.364,0.531,0.139,357,462,170.910,0.066,2.155,0.464,0.845
4236,4D-U-Z4.tif,0.001,0.136,0.781,0.051,465,459,130.601,0.039,1.067,0.938,0.844
4237,4D-U-Z4.tif,0.009,0.537,0.401,0.165,666,460,115.710,0.106,1.915,0.522,0.714
4238,4D-U-Z4.tif,0.007,0.464,0.392,0.146,827,470,10.886,0.079,1.622,0.617,0.741
4239,4D-U-Z4.tif,0.003,0.247,0.662,0.096,861,462,166.759,0.055,1.660,0.602,0.841
4240,4D-U-Z4.tif,0.005,0.397,0.383,0.138,916,465,4.574,0.070,1.594,0.627,0.664
4241,4D-U-Z4.tif,0.005,0.328,0.616,0.101,52,475,29.358,0.083,1.156,0.865,0.823
4242,4D-U-Z4.tif,0.003,0.319,0.389,0.089,297,470,29.745,0.068,1.330,0.752,0.705
4243,4D-U-Z4.tif,0.001,0.152,0.695,0.060,131,469,33.690,0.039,1.344,0.744,0.792
4244,4D-U-Z4.tif,0.005,0.362,0.501,0.119,510,480,56.310,0.091,1.335,0.749,0.772
4245,4D-U-Z4.tif,0.001,0.141,0.654,0.055,960,471,36.870,0.034,1.616,0.619,0.782
4246,4D-U-Z4.tif,0.006,0.409,0.459,0.133,721,468,138.366,0.081,1.823,0.549,0.732
4247,4D-U-Z4.tif,0.001,0.147,0.704,0.063,969,472,37.875,0.034,2.086,0.479,0.833
4248,4D-U-Z4.tif,0.002,0.225,0.497,0.079,445,467,167.905,0.049,1.551,0.645,0.750
4249,4D-U-Z4.tif,0.002,0.204,0.648,0.067,645,478,34.992,0.054,1.304,0.767,0.793
4250,4D-U-Z4.tif,0.002,0.319,0.258,0.085,874,477,14.931,0.066,1.147,0.872,0.554
4251,4D-U-Z4.tif,0.009,0.528,0.385,0.162,482,469,125.311,0.112,1.806,0.554,0.705
4252,4D-U-Z4.tif,0.001,0.220,0.337,0.063,906,475,15.255,0.043,1.705,0.586,0.623
4253,4D-U-Z4.tif,0.002,0.217,0.654,0.076,311,483,59.744,0.055,1.460,0.685,0.827
4254,4D-U-Z4.tif,0.005,0.366,0.456,0.117,374,472,135.000,0.073,1.848,0.541,0.744
4255,4D-U-Z4.tif,0.001,0.150,0.713,0.055,984,472,126.870,0.043,1.331,0.751,0.778
4256,4D-U-Z4.tif,0.002,0.292,0.326,0.090,215,473,137.490,0.054,1.687,0.593,0.627
4257,4D-U-Z4.tif,0.003,0.205,0.817,0.074,798,481,26.565,0.055,1.316,0.760,0.874
4258,4D-U-Z4.tif,0.001,0.184,0.494,0.072,231,476,157.380,0.037,2.423,0.413,0.693
4259,4D-U-Z4.tif,0.004,0.292,0.584,0.092,348,486,32.735,0.074,1.147,0.872,0.826
4260,4D-U-Z4.tif,0.004,0.295,0.634,0.101,253,475,112.380,0.066,1.662,0.602,0.845
4261,4D-U-Z4.tif,0.003,0.236,0.752,0.081,931,484,28.301,0.064,1.280,0.781,0.884
4262,4D-U-Z4.tif,0.004,0.314,0.568,0.104,440,476,108.435,0.080,1.354,0.739,0.766
4263,4D-U-Z4.tif,0.002,0.189,0.542,0.067,859,477,170.538,0.039,1.600,0.625,0.734
4264,4D-U-Z4.tif,0.007,0.401,0.584,0.142,117,502,76.504,0.084,1.881,0.532,0.778
4265,4D-U-Z4.tif,0.001,0.167,0.504,0.063,577,477,142.125,0.037,1.635,0.612,0.779
4266,4D-U-Z4.tif,0.018,0.980,0.230,0.222,763,480,138.013,0.158,1.517,0.659,0.656
4267,4D-U-Z4.tif,0.008,0.474,0.448,0.178,74,494,21.801,0.087,2.469,0.405,0.794
4268,4D-U-Z4.tif,0.004,0.281,0.669,0.103,889,496,74.476,0.061,1.693,0.591,0.840
4269,4D-U-Z4.tif,0.007,0.550,0.302,0.156,192,479,140.711,0.096,1.786,0.560,0.692
4270,4D-U-Z4.tif,0.001,0.169,0.469,0.051,340,479,130.601,0.039,1.252,0.798,0.680
4271,4D-U-Z4.tif,0.006,0.401,0.467,0.167,684,486,9.462,0.056,3.053,0.328,0.804
4272,4D-U-Z4.tif,0.002,0.206,0.600,0.070,964,490,51.340,0.047,1.517,0.659,0.812
4273,4D-U-Z4.tif,0.002,0.198,0.600,0.070,614,483,161.565,0.050,1.306,0.766,0.770
4274,4D-U-Z4.tif,0.003,0.326,0.401,0.105,172,481,137.121,0.070,1.568,0.638,0.677
4275,4D-U-Z4.tif,0.005,0.411,0.365,0.130,236,482,143.616,0.082,1.565,0.639,0.697
4276,4D-U-Z4.tif,0.002,0.219,0.542,0.069,409,492,61.390,0.056,1.079,0.927,0.739
4277,4D-U-Z4.tif,0.003,0.334,0.341,0.126,715,483,142.125,0.053,2.977,0.336,0.649
4278,4D-U-Z4.tif,0.002,0.214,0.591,0.067,808,493,65.556,0.055,1.295,0.772,0.793
4279,4D-U-Z4.tif,0.003,0.324,0.389,0.113,825,483,150.945,0.064,2.196,0.455,0.658
4280,4D-U-Z4.tif,0.004,0.311,0.515,0.117,990,490,8.130,0.059,1.989,0.503,0.794
4281,4D-U-Z4.tif,0.002,0.194,0.608,0.076,68,492,30.256,0.044,1.739,0.575,0.784
4282,4D-U-Z4.tif,0.003,0.247,0.537,0.099,511,484,146.310,0.049,1.942,0.515,0.775
4283,4D-U-Z4.tif,0.002,0.259,0.334,0.090,578,484,127.569,0.041,2.692,0.372,0.618
4284,4D-U-Z4.tif,0.001,0.142,0.699,0.052,595,493,71.565,0.039,1.464,0.683,0.755
4285,4D-U-Z4.tif,0.002,0.198,0.561,0.068,741,493,14.036,0.050,1.251,0.800,0.773
4286,4D-U-Z4.tif,0.004,0.324,0.444,0.107,350,492,11.889,0.055,1.935,0.517,0.813
4287,4D-U-Z4.tif,0.012,0.600,0.419,0.179,457,486,137.490,0.124,1.613,0.620,0.736
4288,4D-U-Z4.tif,0.003,0.286,0.429,0.096,945,494,30.964,0.058,1.910,0.524,0.708
4289,4D-U-Z4.tif,0.002,0.259,0.396,0.079,131,486,123.690,0.062,1.545,0.647,0.642
4290,4D-U-Z4.tif,0.001,0.159,0.644,0.064,1008,492,30.964,0.036,1.886,0.530,0.761
4291,4D-U-Z4.tif,0.001,0.145,0.650,0.051,152,490,167.471,0.037,1.317,0.759,0.750
4292,4D-U-Z4.tif,0.001,0.117,0.996,0.044,601,494,60.255,0.033,1.140,0.878,0.923
4293,4D-U-Z4.tif,0.001,0.167,0.463,0.070,41,489,161.565,0.025,3.035,0.330,0.694
4294,4D-U-Z4.tif,0.001,0.133,0.906,0.054,162,489,156.038,0.033,1.523,0.657,0.884
4295,4D-U-Z4.tif,0.005,0.493,0.260,0.126,256,499,23.199,0.099,1.175,0.851,0.606
4296,4D-U-Z4.tif,0.001,0.203,0.342,0.067,383,496,9.462,0.044,1.610,0.621,0.548
4297,4D-U-Z4.tif,0.003,0.301,0.457,0.112,418,488,101.310,0.055,2.247,0.445,0.734
4298,4D-U-Z4.tif,0.002,0.213,0.615,0.072,500,488,157.380,0.050,1.300,0.769,0.825
4299,4D-U-Z4.tif,0.001,0.137,0.826,0.049,757,493,26.565,0.039,1.121,0.892,0.854
4300,4D-U-Z4.tif,0.002,0.233,0.506,0.086,902,502,63.435,0.044,2.226,0.449,0.738
4301,4D-U-Z4.tif,0.007,0.495,0.381,0.170,633,492,150.945,0.096,1.761,0.568,0.766
4302,4D-U-Z4.tif,0.002,0.208,0.716,0.070,848,498,38.660,0.055,1.305,0.766,0.822
4303,4D-U-Z4.tif,0.003,0.285,0.442,0.113,291,490,165.964,0.048,2.772,0.361,0.689
4304,4D-U-Z4.tif,0.002,0.203,0.490,0.083,395,500,36.870,0.037,2.657,0.376,0.675
4305,4D-U-Z4.tif,0.005,0.429,0.314,0.121,818,507,30.069,0.080,1.350,0.741,0.629
4306,4D-U-Z4.tif,0.001,0.235,0.325,0.084,227,502,11.310,0.046,2.044,0.489,0.547
4307,4D-U-Z4.tif,0.003,0.300,0.351,0.084,311,506,58.392,0.063,1.424,0.702,0.661
4308,4D-U-Z4.tif,0.002,0.196,0.676,0.074,407,493,131.987,0.053,1.329,0.752,0.800
4309,4D-U-Z4.tif,0.006,0.436,0.405,0.148,742,517,63.435,0.080,2.085,0.480,0.744
4310,4D-U-Z4.tif,0.001,0.195,0.410,0.070,872,493,141.340,0.032,2.530,0.395,0.661
4311,4D-U-Z4.tif,0.002,0.203,0.721,0.068,149,499,14.036,0.061,1.169,0.855,0.784
4312,4D-U-Z4.tif,0.012,0.607,0.418,0.245,549,496,160.346,0.087,3.243,0.308,0.808
4313,4D-U-Z4.tif,0.028,1.086,0.301,0.257,690,502,157.286,0.190,1.353,0.739,0.790
4314,4D-U-Z4.tif,0.002,0.178,0.659,0.070,887,499,18.435,0.039,1.666,0.600,0.827
4315,4D-U-Z4.tif,0.001,0.141,0.750,0.062,938,496,153.435,0.033,1.867,0.535,0.848
4316,4D-U-Z4.tif,0.002,0.251,0.430,0.067,351,500,155.556,0.050,1.030,0.971,0.835
4317,4D-U-Z4.tif,0.007,0.390,0.570,0.128,424,517,64.537,0.088,1.461,0.685,0.800
4318,4D-U-Z4.tif,0.002,0.150,0.848,0.062,855,503,26.565,0.043,1.433,0.698,0.847
4319,4D-U-Z4.tif,0.001,0.153,0.797,0.059,518,505,41.186,0.042,1.457,0.686,0.845
4320,4D-U-Z4.tif,0.001,0.245,0.285,0.103,196,506,25.201,0.034,4.281,0.234,0.500
4321,4D-U-Z4.tif,0.005,0.383,0.457,0.133,161,500,131.634,0.088,1.566,0.639,0.751
4322,4D-U-Z4.tif,0.006,0.380,0.515,0.126,180,520,66.801,0.084,1.549,0.645,0.778
4323,4D-U-Z4.tif,0.001,0.144,0.662,0.059,246,504,21.801,0.028,2.238,0.447,0.800
4324,4D-U-Z4.tif,0.002,0.227,0.518,0.084,361,507,11.310,0.055,1.410,0.709,0.667
4325,4D-U-Z4.tif,0.003,0.318,0.387,0.091,80,513,25.017,0.073,1.203,0.831,0.662
4326,4D-U-Z4.tif,0.001,0.147,0.691,0.056,102,510,78.690,0.033,1.532,0.653,0.821
4327,4D-U-Z4.tif,0.002,0.257,0.353,0.074,320,502,153.435,0.050,1.242,0.805,0.718
4328,4D-U-Z4.tif,0.001,0.150,0.645,0.052,338,507,32.005,0.041,1.378,0.726,0.731
4329,4D-U-Z4.tif,0.003,0.319,0.430,0.122,878,507,7.765,0.048,2.717,0.368,0.767
4330,4D-U-Z4.tif,0.002,0.259,0.374,0.096,939,503,166.759,0.047,2.499,0.400,0.650
4331,4D-U-Z4.tif,0.004,0.358,0.422,0.126,43,504,142.125,0.067,2.125,0.471,0.698
4332,4D-U-Z4.tif,0.008,0.439,0.547,0.151,103,526,56.889,0.103,1.538,0.650,0.806
4333,4D-U-Z4.tif,0.003,0.340,0.284,0.122,820,509,5.194,0.050,2.482,0.403,0.604
4334,4D-U-Z4.tif,0.007,0.504,0.332,0.140,957,504,131.820,0.097,1.690,0.592,0.690
4335,4D-U-Z4.tif,0.002,0.165,0.710,0.060,59,504,123.690,0.039,1.567,0.638,0.810
4336,4D-U-Z4.tif,0.006,0.359,0.540,0.124,534,504,122.276,0.082,1.484,0.674,0.799
4337,4D-U-Z4.tif,0.006,0.391,0.491,0.133,990,504,138.366,0.076,1.799,0.556,0.814
4338,4D-U-Z4.tif,0.003,0.253,0.655,0.090,482,521,79.380,0.070,1.094,0.914,0.738
4339,4D-U-Z4.tif,0.001,0.180,0.567,0.057,685,506,163.301,0.039,1.301,0.768,0.800
4340,4D-U-Z4.tif,0.020,0.937,0.286,0.233,270,548,83.211,0.145,1.897,0.527,0.750
4341,4D-U-Z4.tif,0.003,0.352,0.289,0.113,796,520,43.025,0.057,2.354,0.425,0.603
4342,4D-U-Z4.tif,0.005,0.361,0.482,0.106,496,520,38.660,0.091,1.238,0.807,0.737
4343,4D-U-Z4.tif,0.008,0.532,0.342,0.171,854,512,159.228,0.082,2.167,0.461,0.770
4344,4D-U-Z4.tif,0.001,0.194,0.355,0.076,19,509,149.744,0.032,2.887,0.346,0.654
4345,4D-U-Z4.tif,0.002,0.259,0.464,0.101,141,510,157.620,0.049,2.218,0.451,0.719
4346,4D-U-Z4.tif,0.013,0.630,0.423,0.188,205,510,121.827,0.123,1.608,0.622,0.727
4347,4D-U-Z4.tif,0.002,0.277,0.408,0.076,396,510,120.256,0.065,1.227,0.815,0.686
4348,4D-U-Z4.tif,0.003,0.324,0.386,0.106,441,521,27.897,0.072,1.625,0.615,0.613
4349,4D-U-Z4.tif,0.005,0.406,0.370,0.136,897,520,21.371,0.066,2.403,0.416,0.710
4350,4D-U-Z4.tif,0.005,0.308,0.622,0.104,916,521,32.005,0.081,1.102,0.908,0.791
4351,4D-U-Z4.tif,0.002,0.187,0.575,0.073,946,514,12.995,0.039,2.108,0.474,0.763
4352,4D-U-Z4.tif,0.002,0.191,0.545,0.062,66,513,153.435,0.044,1.137,0.879,0.770
4353,4D-U-Z4.tif,0.002,0.270,0.276,0.079,549,512,123.690,0.046,1.912,0.523,0.609
4354,4D-U-Z4.tif,0.007,0.438,0.487,0.134,577,515,145.008,0.092,1.435,0.697,0.757
4355,4D-U-Z4.tif,0.002,0.195,0.730,0.080,682,519,15.945,0.050,1.552,0.644,0.834
4356,4D-U-Z4.tif,0.007,0.615,0.221,0.158,240,531,29.249,0.090,1.924,0.520,0.644
4357,4D-U-Z4.tif,0.001,0.161,0.722,0.067,559,520,24.444,0.042,1.698,0.589,0.784
4358,4D-U-Z4.tif,0.009,0.642,0.271,0.179,630,533,33.690,0.101,1.553,0.644,0.653
4359,4D-U-Z4.tif,0.003,0.250,0.633,0.089,402,529,60.255,0.065,1.650,0.606,0.782
4360,4D-U-Z4.tif,0.003,0.253,0.500,0.080,833,524,15.945,0.060,1.331,0.751,0.764
4361,4D-U-Z4.tif,0.003,0.231,0.722,0.084,161,520,168.690,0.062,1.302,0.768,0.805
4362,4D-U-Z4.tif,0.006,0.438,0.420,0.117,949,532,41.186,0.094,1.263,0.792,0.767
4363,4D-U-Z4.tif,0.012,0.550,0.496,0.175,668,518,114.146,0.115,1.603,0.624,0.807
4364,4D-U-Z4.tif,0.003,0.305,0.340,0.090,3,529,42.510,0.057,1.659,0.603,0.619
4365,4D-U-Z4.tif,0.009,0.580,0.334,0.157,776,518,108.435,0.103,1.715,0.583,0.713
4366,4D-U-Z4.tif,0.002,0.225,0.534,0.094,57,519,110.556,0.038,3.084,0.324,0.776
4367,4D-U-Z4.tif,0.003,0.258,0.658,0.086,379,533,63.435,0.066,1.391,0.719,0.833
4368,4D-U-Z4.tif,0.005,0.275,0.841,0.102,510,519,126.254,0.074,1.348,0.742,0.891
4369,4D-U-Z4.tif,0.006,0.513,0.308,0.129,801,538,43.264,0.105,1.175,0.851,0.644
4370,4D-U-Z4.tif,0.002,0.233,0.499,0.075,531,530,36.027,0.053,1.455,0.687,0.732
4371,4D-U-Z4.tif,0.016,0.678,0.427,0.178,8,532,150.255,0.151,1.087,0.920,0.787
4372,4D-U-Z4.tif,0.004,0.263,0.696,0.093,43,521,135.000,0.066,1.408,0.710,0.848
4373,4D-U-Z4.tif,0.001,0.158,0.705,0.057,68,522,150.945,0.047,1.382,0.724,0.760
4374,4D-U-Z4.tif,0.008,0.516,0.385,0.136,976,542,31.759,0.111,1.254,0.797,0.748
4375,4D-U-Z4.tif,0.001,0.161,0.574,0.052,190,522,108.435,0.035,1.597,0.626,0.757
4376,4D-U-Z4.tif,0.003,0.234,0.743,0.087,117,524,124.695,0.058,1.494,0.669,0.814
4377,4D-U-Z4.tif,0.001,0.155,0.746,0.057,302,524,119.055,0.044,1.236,0.809,0.810
4378,4D-U-Z4.tif,0.002,0.277,0.378,0.101,476,527,167.471,0.044,2.658,0.376,0.694
4379,4D-U-Z4.tif,0.001,0.128,0.793,0.045,816,527,165.964,0.038,1.150,0.870,0.791
4380,4D-U-Z4.tif,0.004,0.292,0.550,0.105,549,526,132.879,0.067,1.873,0.534,0.745
4381,4D-U-Z4.tif,0.002,0.222,0.434,0.073,852,533,12.995,0.045,1.630,0.613,0.671
4382,4D-U-Z4.tif,0.004,0.289,0.583,0.096,443,530,156.371,0.065,1.307,0.765,0.805
4383,4D-U-Z4.tif,0.003,0.311,0.326,0.111,882,538,32.905,0.044,3.518,0.284,0.613
4384,4D-U-Z4.tif,0.001,0.208,0.378,0.073,82,535,12.995,0.044,1.565,0.639,0.606
4385,4D-U-Z4.tif,0.001,0.205,0.372,0.072,141,530,171.254,0.033,2.400,0.417,0.707
4386,4D-U-Z4.tif,0.002,0.192,0.744,0.077,924,535,21.038,0.050,1.454,0.688,0.842
4387,4D-U-Z4.tif,0.001,0.154,0.639,0.057,869,529,163.301,0.039,1.511,0.662,0.755
4388,4D-U-Z4.tif,0.003,0.333,0.368,0.104,903,529,147.995,0.056,1.956,0.511,0.702
4389,4D-U-Z4.tif,0.002,0.183,0.718,0.062,563,538,45.000,0.052,1.238,0.808,0.813
4390,4D-U-Z4.tif,0.002,0.227,0.518,0.091,723,534,14.036,0.044,2.321,0.431,0.769
4391,4D-U-Z4.tif,0.003,0.204,0.800,0.077,691,531,111.038,0.050,1.620,0.617,0.888
4392,4D-U-Z4.tif,0.006,0.448,0.385,0.139,828,531,108.435,0.098,1.515,0.660,0.643
4393,4D-U-Z4.tif,0.001,0.133,0.841,0.049,128,533,153.435,0.033,1.446,0.692,0.886
4394,4D-U-Z4.tif,0.002,0.209,0.590,0.074,470,544,48.013,0.055,1.374,0.728,0.747
4395,4D-U-Z4.tif,0.001,0.235,0.290,0.077,606,538,21.038,0.044,1.514,0.661,0.519
4396,4D-U-Z4.tif,0.003,0.208,0.739,0.076,997,532,149.744,0.055,1.296,0.772,0.828
4397,4D-U-Z4.tif,0.008,0.423,0.558,0.143,491,535,152.447,0.093,1.637,0.611,0.796
4398,4D-U-Z4.tif,0.010,0.669,0.276,0.180,159,534,117.350,0.111,1.797,0.557,0.663
4399,4D-U-Z4.tif,0.005,0.375,0.445,0.125,858,536,135.000,0.074,1.629,0.614,0.742
4400,4D-U-Z4.tif,0.004,0.294,0.640,0.098,63,536,153.435,0.083,1.070,0.935,0.826
4401,4D-U-Z4.tif,0.008,0.514,0.394,0.144,85,540,136.548,0.108,1.484,0.674,0.698
4402,4D-U-Z4.tif,0.003,0.311,0.446,0.086,811,547,26.565,0.072,1.186,0.843,0.715
4403,4D-U-Z4.tif,0.004,0.270,0.719,0.095,48,548,35.538,0.071,1.320,0.758,0.854
4404,4D-U-Z4.tif,0.001,0.134,0.740,0.049,533,537,153.435,0.038,1.198,0.835,0.814
4405,4D-U-Z4.tif,0.002,0.235,0.470,0.070,737,544,38.660,0.055,1.058,0.945,0.764
4406,4D-U-Z4.tif,0.004,0.259,0.696,0.096,286,541,166.759,0.066,1.372,0.729,0.807
4407,4D-U-Z4.tif,0.005,0.360,0.509,0.121,748,538,140.528,0.080,1.494,0.669,0.794
4408,4D-U-Z4.tif,0.002,0.208,0.449,0.089,182,544,21.801,0.036,2.526,0.396,0.689
4409,4D-U-Z4.tif,0.008,0.481,0.420,0.151,194,546,160.907,0.096,1.394,0.717,0.751
4410,4D-U-Z4.tif,0.005,0.324,0.542,0.106,650,544,158.749,0.077,1.415,0.707,0.772
4411,4D-U-Z4.tif,0.003,0.223,0.681,0.079,111,553,56.310,0.058,1.513,0.661,0.817
4412,4D-U-Z4.tif,0.001,0.181,0.543,0.079,455,541,167.905,0.028,3.209,0.312,0.790
4413,4D-U-Z4.tif,0.005,0.461,0.297,0.141,411,541,141.340,0.080,1.576,0.635,0.652
4414,4D-U-Z4.tif,0.006,0.442,0.377,0.139,844,540,96.843,0.082,1.921,0.520,0.703
4415,4D-U-Z4.tif,0.012,0.705,0.291,0.200,982,575,74.055,0.122,1.746,0.573,0.687
4416,4D-U-Z4.tif,0.002,0.189,0.563,0.072,305,546,22.620,0.038,2.095,0.477,0.803
4417,4D-U-Z4.tif,0.003,0.275,0.539,0.092,316,551,17.354,0.064,1.438,0.696,0.756
4418,4D-U-Z4.tif,0.004,0.281,0.611,0.095,360,553,35.538,0.068,1.450,0.690,0.791
4419,4D-U-Z4.tif,0.008,0.467,0.444,0.150,693,553,17.103,0.099,1.518,0.659,0.774
4420,4D-U-Z4.tif,0.002,0.217,0.525,0.075,890,541,126.027,0.050,1.503,0.665,0.765
4421,4D-U-Z4.tif,0.004,0.255,0.768,0.098,439,545,163.610,0.061,1.576,0.635,0.868
4422,4D-U-Z4.tif,0.003,0.196,0.895,0.070,474,543,135.000,0.050,1.242,0.805,0.928
4423,4D-U-Z4.tif,0.001,0.150,0.798,0.057,922,549,16.699,0.044,1.240,0.807,0.803
4424,4D-U-Z4.tif,0.001,0.130,0.770,0.056,221,546,168.690,0.028,2.164,0.462,0.829
4425,4D-U-Z4.tif,0.004,0.263,0.652,0.090,374,545,132.510,0.063,1.515,0.660,0.819
4426,4D-U-Z4.tif,0.003,0.226,0.719,0.089,384,544,158.199,0.048,2.140,0.467,0.850
4427,4D-U-Z4.tif,0.009,0.456,0.523,0.143,128,562,22.620,0.104,1.428,0.700,0.776
4428,4D-U-Z4.tif,0.001,0.197,0.353,0.072,243,550,8.746,0.039,1.772,0.564,0.576
4429,4D-U-Z4.tif,0.005,0.301,0.624,0.117,266,562,48.814,0.066,1.891,0.529,0.812
4430,4D-U-Z4.tif,0.002,0.170,0.712,0.067,400,547,155.556,0.039,1.815,0.551,0.771
4431,4D-U-Z4.tif,0.004,0.395,0.331,0.126,622,547,156.801,0.061,2.100,0.476,0.685
4432,4D-U-Z4.tif,0.005,0.414,0.360,0.136,779,548,111.371,0.065,2.499,0.400,0.718
4433,4D-U-Z4.tif,0.004,0.279,0.590,0.094,945,548,110.556,0.071,1.388,0.721,0.781
4434,4D-U-Z4.tif,0.007,0.458,0.420,0.138,23,571,53.130,0.090,1.489,0.671,0.788
4435,4D-U-Z4.tif,0.004,0.303,0.561,0.110,676,550,143.130,0.070,1.653,0.605,0.774
4436,4D-U-Z4.tif,0.001,0.200,0.332,0.084,965,553,11.310,0.022,3.803,0.263,0.673
4437,4D-U-Z4.tif,0.004,0.322,0.456,0.096,113,566,66.371,0.068,1.662,0.602,0.727
4438,4D-U-Z4.tif,0.003,0.260,0.575,0.101,285,552,167.471,0.044,1.840,0.543,0.843
4439,4D-U-Z4.tif,0.001,0.170,0.629,0.070,461,554,161.565,0.038,2.282,0.438,0.780
4440,4D-U-Z4.tif,0.004,0.317,0.481,0.108,521,555,165.256,0.068,1.642,0.609,0.743
4441,4D-U-Z4.tif,0.004,0.335,0.501,0.104,549,561,18.435,0.087,1.252,0.799,0.713
4442,4D-U-Z4.tif,0.001,0.169,0.630,0.072,615,551,147.529,0.039,1.819,0.550,0.810
4443,4D-U-Z4.tif,0.003,0.272,0.534,0.107,922,553,168.111,0.050,2.195,0.456,0.776
4444,4D-U-Z4.tif,0.002,0.324,0.277,0.100,402,563,6.340,0.058,1.591,0.628,0.613
4445,4D-U-Z4.tif,0.003,0.213,0.825,0.075,475,553,143.973,0.055,1.279,0.782,0.895
4446,4D-U-Z4.tif,0.005,0.390,0.384,0.145,578,562,8.746,0.061,2.471,0.405,0.718
4447,4D-U-Z4.tif,0.001,0.184,0.516,0.057,14,559,16.699,0.044,1.157,0.864,0.708
4448,4D-U-Z4.tif,0.001,0.158,0.690,0.056,316,556,168.690,0.044,1.184,0.844,0.769
4449,4D-U-Z4.tif,0.002,0.241,0.507,0.074,649,565,48.013,0.059,1.250,0.800,0.744
4450,4D-U-Z4.tif,0.003,0.267,0.576,0.101,952,565,29.358,0.054,2.187,0.457,0.747
4451,4D-U-Z4.tif,0.006,0.414,0.476,0.131,729,555,104.621,0.088,1.401,0.714,0.781
4452,4D-U-Z4.tif,0.006,0.362,0.594,0.133,69,560,172.875,0.076,1.694,0.590,0.790
4453,4D-U-Z4.tif,0.003,0.219,0.726,0.075,364,559,162.897,0.061,1.138,0.879,0.812
4454,4D-U-Z4.tif,0.003,0.224,0.731,0.090,823,567,37.569,0.057,1.520,0.658,0.842
4455,4D-U-Z4.tif,0.010,0.455,0.605,0.156,894,580,47.862,0.099,1.680,0.595,0.825
4456,4D-U-Z4.tif,0.005,0.556,0.217,0.148,392,558,105.068,0.080,2.277,0.439,0.569
4457,4D-U-Z4.tif,0.001,0.153,0.667,0.055,541,558,126.870,0.042,1.279,0.782,0.739
4458,4D-U-Z4.tif,0.013,0.615,0.417,0.195,45,587,49.574,0.123,1.686,0.593,0.752
4459,4D-U-Z4.tif,0.001,0.163,0.647,0.072,96,564,22.620,0.031,2.652,0.377,0.818
4460,4D-U-Z4.tif,0.009,0.657,0.273,0.182,288,560,144.866,0.119,1.994,0.501,0.674
4461,4D-U-Z4.tif,0.009,0.438,0.591,0.144,873,561,147.529,0.105,1.400,0.714,0.836
4462,4D-U-Z4.tif,0.003,0.303,0.389,0.094,742,566,20.556,0.050,1.535,0.652,0.723
4463,4D-U-Z4.tif,0.001,0.122,0.974,0.044,218,561,119.745,0.039,1.110,0.901,0.894
4464,4D-U-Z4.tif,0.005,0.367,0.478,0.139,236,561,96.843,0.071,2.574,0.388,0.758
4465,4D-U-Z4.tif,0.010,0.543,0.414,0.182,592,565,151.113,0.103,2.015,0.496,0.699
4466,4D-U-Z4.tif,0.002,0.264,0.294,0.107,617,567,11.889,0.028,4.055,0.247,0.659
4467,4D-U-Z4.tif,0.002,0.208,0.537,0.072,430,563,147.529,0.044,1.597,0.626,0.753
4468,4D-U-Z4.tif,0.003,0.286,0.517,0.086,474,576,45.000,0.063,1.444,0.692,0.787
4469,4D-U-Z4.tif,0.003,0.281,0.505,0.094,499,566,173.290,0.055,1.718,0.582,0.787
4470,4D-U-Z4.tif,0.025,0.797,0.500,0.250,914,565,138.576,0.167,1.681,0.595,0.789
4471,4D-U-Z4.tif,0.003,0.272,0.516,0.084,452,567,148.392,0.060,1.464,0.683,0.784
4472,4D-U-Z4.tif,0.002,0.217,0.557,0.075,666,570,17.103,0.046,1.538,0.650,0.742
4473,4D-U-Z4.tif,0.001,0.139,0.863,0.057,442,566,150.945,0.033,1.517,0.659,0.907
4474,4D-U-Z4.tif,0.031,1.074,0.333,0.274,569,565,120.174,0.233,1.177,0.850,0.713
4475,4D-U-Z4.tif,0.002,0.234,0.507,0.070,840,565,108.435,0.053,1.379,0.725,0.781
4476,4D-U-Z4.tif,0.003,0.327,0.339,0.121,532,568,155.772,0.052,2.381,0.420,0.657
4477,4D-U-Z4.tif,0.005,0.379,0.397,0.102,860,584,53.746,0.074,1.372,0.729,0.741
4478,4D-U-Z4.tif,0.015,0.705,0.380,0.191,200,569,131.496,0.140,1.455,0.687,0.771
4479,4D-U-Z4.tif,0.020,0.720,0.497,0.263,753,588,19.573,0.136,1.983,0.504,0.780
4480,4D-U-Z4.tif,0.004,0.362,0.388,0.111,167,587,57.095,0.081,1.263,0.791,0.675
4481,4D-U-Z4.tif,0.002,0.187,0.618,0.072,252,570,171.254,0.039,1.898,0.527,0.770
4482,4D-U-Z4.tif,0.001,0.117,0.941,0.044,521,571,150.255,0.033,1.104,0.906,0.919
4483,4D-U-Z4.tif,0.003,0.219,0.901,0.079,749,570,114.775,0.066,1.069,0.935,0.890
4484,4D-U-Z4.tif,0.004,0.341,0.390,0.134,803,570,160.821,0.062,2.571,0.389,0.686
4485,4D-U-Z4.tif,0.002,0.198,0.619,0.072,11,572,122.471,0.048,1.778,0.562,0.780
4486,4D-U-Z4.tif,0.002,0.156,0.827,0.057,529,572,119.055,0.043,1.265,0.791,0.828
4487,4D-U-Z4.tif,0.004,0.377,0.333,0.107,629,577,168.111,0.069,1.299,0.770,0.703
4488,4D-U-Z4.tif,0.001,0.147,0.656,0.052,24,572,122.005,0.042,1.164,0.859,0.779
4489,4D-U-Z4.tif,0.001,0.155,0.777,0.059,123,574,138.814,0.044,1.197,0.835,0.824
4490,4D-U-Z4.tif,0.004,0.340,0.426,0.134,953,573,160.821,0.055,2.332,0.429,0.754
4491,4D-U-Z4.tif,0.003,0.231,0.732,0.086,507,574,129.806,0.063,1.342,0.745,0.858
4492,4D-U-Z4.tif,0.004,0.358,0.372,0.110,665,579,162.474,0.061,1.752,0.571,0.710
4493,4D-U-Z4.tif,0.003,0.241,0.658,0.087,458,578,145.305,0.058,1.531,0.653,0.800
4494,4D-U-Z4.tif,0.014,0.724,0.326,0.209,73,584,176.987,0.117,1.596,0.626,0.744
4495,4D-U-Z4.tif,0.004,0.349,0.388,0.101,488,581,150.642,0.071,1.308,0.764,0.723
4496,4D-U-Z4.tif,0.001,0.134,0.761,0.056,405,581,168.690,0.032,1.916,0.522,0.800
4497,4D-U-Z4.tif,0.005,0.408,0.343,0.101,315,583,167.471,0.083,1.386,0.721,0.699
4498,4D-U-Z4.tif,0.010,0.562,0.395,0.159,699,584,146.310,0.104,1.658,0.603,0.774
4499,4D-U-Z4.tif,0.005,0.331,0.614,0.115,180,584,144.782,0.076,1.484,0.674,0.833
4500,4D-U-Z4.tif,0.006,0.474,0.363,0.143,346,600,22.620,0.101,1.133,0.883,0.653
4501,4D-U-Z4.tif,0.003,0.322,0.389,0.101,817,590,12.529,0.068,1.690,0.592,0.629
4502,4D-U-Z4.tif,0.002,0.184,0.595,0.062,850,583,153.435,0.050,1.295,0.772,0.752
4503,4D-U-Z4.tif,0.002,0.219,0.470,0.074,272,582,138.013,0.045,1.840,0.544,0.756
4504,4D-U-Z4.tif,0.014,0.730,0.327,0.200,984,599,24.444,0.147,1.357,0.737,0.704
4505,4D-U-Z4.tif,0.006,0.358,0.541,0.129,146,583,136.736,0.080,1.445,0.692,0.762
4506,4D-U-Z4.tif,0.005,0.367,0.444,0.117,836,585,98.130,0.079,1.634,0.612,0.704
4507,4D-U-Z4.tif,0.002,0.250,0.450,0.096,235,593,13.241,0.044,2.218,0.451,0.722
4508,4D-U-Z4.tif,0.002,0.170,0.773,0.067,287,592,24.444,0.042,1.549,0.645,0.825
4509,4D-U-Z4.tif,0.001,0.183,0.399,0.072,506,586,147.529,0.037,2.103,0.475,0.588
4510,4D-U-Z4.tif,0.006,0.447,0.403,0.128,734,602,30.964,0.107,1.109,0.902,0.673
4511,4D-U-Z4.tif,0.001,0.169,0.509,0.072,443,595,32.471,0.031,2.810,0.356,0.724
4512,4D-U-Z4.tif,0.001,0.175,0.510,0.059,656,589,158.199,0.044,1.061,0.943,0.683
4513,4D-U-Z4.tif,0.001,0.204,0.386,0.080,876,587,164.055,0.033,1.841,0.543,0.672
4514,4D-U-Z4.tif,0.002,0.209,0.547,0.066,468,588,138.366,0.050,1.019,0.981,0.750
4515,4D-U-Z4.tif,0.002,0.228,0.483,0.094,667,594,176.634,0.044,1.693,0.591,0.721
4516,4D-U-Z4.tif,0.006,0.365,0.520,0.129,15,608,50.194,0.070,1.892,0.528,0.768
4517,4D-U-Z4.tif,0.011,0.487,0.564,0.154,623,604,177.955,0.120,1.223,0.818,0.789
4518,4D-U-Z4.tif,0.007,0.364,0.617,0.138,95,606,36.870,0.079,1.847,0.541,0.829
4519,4D-U-Z4.tif,0.004,0.357,0.434,0.112,127,599,11.310,0.082,1.636,0.611,0.665
4520,4D-U-Z4.tif,0.001,0.159,0.524,0.064,256,597,19.983,0.035,2.065,0.484,0.693
4521,4D-U-Z4.tif,0.003,0.336,0.378,0.133,521,590,150.255,0.055,3.122,0.320,0.685
4522,4D-U-Z4.tif,0.004,0.324,0.498,0.109,489,594,149.534,0.074,1.417,0.705,0.763
4523,4D-U-Z4.tif,0.003,0.292,0.465,0.094,888,608,69.444,0.075,1.175,0.851,0.665
4524,4D-U-Z4.tif,0.002,0.158,0.859,0.064,906,595,160.017,0.042,1.659,0.603,0.836
4525,4D-U-Z4.tif,0.005,0.298,0.753,0.115,920,598,163.301,0.074,1.421,0.704,0.863
4526,4D-U-Z4.tif,0.007,0.458,0.425,0.135,53,618,78.232,0.108,1.402,0.713,0.739
4527,4D-U-Z4.tif,0.002,0.175,0.634,0.067,403,596,170.538,0.035,2.329,0.429,0.773
4528,4D-U-Z4.tif,0.004,0.276,0.694,0.091,484,594,104.036,0.077,1.105,0.905,0.861
4529,4D-U-Z4.tif,0.012,0.670,0.325,0.190,291,595,112.109,0.150,1.208,0.828,0.638
4530,4D-U-Z4.tif,0.002,0.237,0.534,0.090,968,595,142.431,0.046,1.988,0.503,0.782
4531,4D-U-Z4.tif,0.001,0.163,0.633,0.060,72,597,146.310,0.039,1.671,0.598,0.733
4532,4D-U-Z4.tif,0.001,0.164,0.495,0.067,334,603,24.444,0.034,1.931,0.518,0.660
4533,4D-U-Z4.tif,0.005,0.373,0.418,0.126,455,610,28.811,0.073,1.850,0.541,0.703
4534,4D-U-Z4.tif,0.001,0.131,0.843,0.051,666,598,167.471,0.035,1.451,0.689,0.826
4535,4D-U-Z4.tif,0.002,0.181,0.698,0.072,389,604,22.620,0.044,1.894,0.528,0.759
4536,4D-U-Z4.tif,0.007,0.425,0.514,0.139,173,609,18.435,0.083,1.738,0.575,0.811
4537,4D-U-Z4.tif,0.006,0.520,0.273,0.156,801,603,140.711,0.086,2.042,0.490,0.622
4538,4D-U-Z4.tif,0.001,0.216,0.368,0.091,245,607,25.017,0.032,3.413,0.293,0.652
4539,4D-U-Z4.tif,0.002,0.175,0.646,0.060,541,609,56.310,0.047,1.155,0.866,0.743
4540,4D-U-Z4.tif,0.006,0.393,0.521,0.122,706,616,35.838,0.099,1.175,0.851,0.774
4541,4D-U-Z4.tif,0.003,0.222,0.693,0.079,357,614,65.225,0.055,1.380,0.724,0.837
4542,4D-U-Z4.tif,0.005,0.311,0.653,0.113,511,611,14.036,0.072,1.667,0.600,0.838
4543,4D-U-Z4.tif,0.007,0.360,0.709,0.127,364,602,107.650,0.087,1.582,0.632,0.852
4544,4D-U-Z4.tif,0.003,0.245,0.539,0.079,437,606,146.310,0.059,1.315,0.761,0.769
4545,4D-U-Z4.tif,0.003,0.226,0.632,0.082,488,612,19.654,0.064,1.228,0.814,0.759
4546,4D-U-Z4.tif,0.008,0.558,0.336,0.163,771,604,156.038,0.099,1.694,0.590,0.701
4547,4D-U-Z4.tif,0.002,0.200,0.735,0.078,824,603,140.711,0.048,1.840,0.543,0.811
4548,4D-U-Z4.tif,0.002,0.263,0.409,0.083,694,604,126.870,0.059,1.537,0.650,0.646
4549,4D-U-Z4.tif,0.003,0.203,0.786,0.070,727,613,18.435,0.061,1.107,0.903,0.850
4550,4D-U-Z4.tif,0.002,0.178,0.611,0.068,385,616,75.964,0.033,1.797,0.557,0.829
4551,4D-U-Z4.tif,0.001,0.216,0.311,0.092,854,604,147.265,0.029,4.002,0.250,0.551
4552,4D-U-Z4.tif,0.002,0.225,0.542,0.068,871,612,14.036,0.055,1.020,0.980,0.750
4553,4D-U-Z4.tif,0.001,0.150,0.809,0.059,390,613,41.186,0.039,1.294,0.773,0.923
4554,4D-U-Z4.tif,0.002,0.187,0.727,0.076,930,613,30.256,0.047,1.674,0.597,0.822
4555,4D-U-Z4.tif,0.009,0.505,0.437,0.168,892,633,58.392,0.087,2.450,0.408,0.772
4556,4D-U-Z4.tif,0.005,0.358,0.456,0.136,943,609,158.629,0.066,2.056,0.486,0.786
4557,4D-U-Z4.tif,0.002,0.261,0.379,0.106,32,611,8.973,0.033,3.610,0.277,0.697
4558,4D-U-Z4.tif,0.005,0.377,0.416,0.121,84,618,24.228,0.084,1.160,0.862,0.713
4559,4D-U-Z4.tif,0.003,0.272,0.583,0.094,274,608,118.072,0.063,1.724,0.580,0.785
4560,4D-U-Z4.tif,0.002,0.252,0.379,0.077,973,610,158.962,0.047,1.969,0.508,0.716
4561,4D-U-Z4.tif,0.005,0.403,0.377,0.122,238,627,54.162,0.072,1.933,0.517,0.711
4562,4D-U-Z4.tif,0.002,0.230,0.499,0.084,883,615,11.310,0.050,1.520,0.658,0.738
4563,4D-U-Z4.tif,0.021,0.858,0.351,0.219,314,613,141.116,0.164,1.350,0.741,0.775
4564,4D-U-Z4.tif,0.001,0.133,0.862,0.051,656,610,130.601,0.039,1.321,0.757,0.851
4565,4D-U-Z4.tif,0.003,0.236,0.684,0.085,615,615,165.069,0.055,1.511,0.662,0.847
4566,4D-U-Z4.tif,0.002,0.247,0.337,0.098,204,614,163.610,0.039,2.916,0.343,0.610
4567,4D-U-Z4.tif,0.003,0.247,0.643,0.079,229,612,123.690,0.063,1.220,0.819,0.811
4568,4D-U-Z4.tif,0.003,0.259,0.560,0.094,594,623,20.556,0.068,1.496,0.669,0.710
4569,4D-U-Z4.tif,0.005,0.336,0.550,0.115,729,622,16.699,0.072,1.391,0.719,0.815
4570,4D-U-Z4.tif,0.003,0.261,0.564,0.091,388,620,14.036,0.050,1.768,0.566,0.852
4571,4D-U-Z4.tif,0.003,0.224,0.655,0.101,680,614,150.642,0.046,2.518,0.397,0.851
4572,4D-U-Z4.tif,0.007,0.431,0.455,0.141,988,616,120.579,0.085,1.640,0.610,0.731
4573,4D-U-Z4.tif,0.003,0.263,0.597,0.090,1006,630,52.431,0.064,1.342,0.745,0.766
4574,4D-U-Z4.tif,0.004,0.419,0.297,0.123,149,616,116.565,0.078,1.761,0.568,0.600
4575,4D-U-Z4.tif,0.007,0.377,0.593,0.124,543,631,20.854,0.086,1.402,0.713,0.815
4576,4D-U-Z4.tif,0.001,0.170,0.576,0.067,696,616,170.538,0.033,1.923,0.520,0.772
4577,4D-U-Z4.tif,0.010,0.517,0.479,0.167,909,617,117.408,0.105,1.911,0.523,0.783
4578,4D-U-Z4.tif,0.004,0.286,0.578,0.095,258,618,125.538,0.070,1.481,0.675,0.765
4579,4D-U-Z4.tif,0.002,0.272,0.413,0.087,25,627,34.695,0.050,1.483,0.674,0.708
4580,4D-U-Z4.tif,0.001,0.152,0.629,0.067,421,621,9.462,0.022,3.007,0.333,0.884
4581,4D-U-Z4.tif,0.002,0.328,0.241,0.090,787,631,42.510,0.057,1.662,0.602,0.584
4582,4D-U-Z4.tif,0.001,0.133,0.927,0.054,956,625,23.962,0.033,1.550,0.645,0.915
4583,4D-U-Z4.tif,0.009,0.478,0.507,0.139,167,646,80.910,0.119,1.074,0.931,0.765
4584,4D-U-Z4.tif,0.002,0.178,0.671,0.078,186,624,171.870,0.033,2.556,0.391,0.836
4585,4D-U-Z4.tif,0.002,0.225,0.527,0.089,579,624,172.875,0.039,2.214,0.452,0.795
4586,4D-U-Z4.tif,0.003,0.353,0.296,0.094,828,630,20.556,0.067,1.193,0.838,0.601
4587,4D-U-Z4.tif,0.020,0.831,0.357,0.218,58,623,123.690,0.152,1.363,0.733,0.753
4588,4D-U-Z4.tif,0.020,0.816,0.373,0.237,504,630,135.939,0.169,1.573,0.636,0.695
4589,4D-U-Z4.tif,0.002,0.205,0.463,0.070,866,630,18.435,0.043,1.624,0.616,0.685
4590,4D-U-Z4.tif,0.001,0.126,0.905,0.052,405,625,147.995,0.037,1.366,0.732,0.835
4591,4D-U-Z4.tif,0.006,0.399,0.446,0.125,437,641,41.424,0.088,1.448,0.690,0.705
4592,4D-U-Z4.tif,0.003,0.382,0.217,0.101,801,638,29.358,0.064,1.631,0.613,0.541
4593,4D-U-Z4.tif,0.002,0.253,0.368,0.083,816,634,36.870,0.046,1.783,0.561,0.734
4594,4D-U-Z4.tif,0.001,0.148,0.726,0.062,44,633,26.565,0.036,1.799,0.556,0.808
4595,4D-U-Z4.tif,0.001,0.181,0.520,0.070,97,627,161.565,0.039,1.524,0.656,0.714
4596,4D-U-Z4.tif,0.001,0.175,0.510,0.062,241,629,153.435,0.044,1.211,0.826,0.695
4597,4D-U-Z4.tif,0.019,0.840,0.338,0.212,455,627,121.218,0.151,1.406,0.711,0.737
4598,4D-U-Z4.tif,0.003,0.303,0.428,0.096,603,635,30.964,0.066,1.468,0.681,0.738
4599,4D-U-Z4.tif,0.012,0.580,0.458,0.190,726,646,25.821,0.109,1.853,0.540,0.766
4600,4D-U-Z4.tif,0.010,0.545,0.406,0.163,118,655,61.699,0.111,1.828,0.547,0.705
4601,4D-U-Z4.tif,0.007,0.458,0.391,0.158,647,628,159.677,0.079,2.238,0.447,0.785
4602,4D-U-Z4.tif,0.002,0.175,0.696,0.069,26,636,28.610,0.044,1.408,0.710,0.806
4603,4D-U-Z4.tif,0.003,0.265,0.449,0.084,226,635,23.199,0.061,1.294,0.773,0.695
4604,4D-U-Z4.tif,0.008,0.559,0.303,0.156,567,646,32.005,0.111,1.594,0.627,0.604
4605,4D-U-Z4.tif,0.003,0.281,0.481,0.090,970,630,142.431,0.060,1.513,0.661,0.820
4606,4D-U-Z4.tif,0.003,0.283,0.481,0.094,675,646,69.444,0.054,1.689,0.592,0.759
4607,4D-U-Z4.tif,0.003,0.252,0.560,0.079,958,642,56.310,0.061,1.381,0.724,0.816
4608,4D-U-Z4.tif,0.002,0.263,0.309,0.094,200,635,173.290,0.044,2.590,0.386,0.566
4609,4D-U-Z4.tif,0.002,0.183,0.786,0.072,757,644,67.380,0.046,1.648,0.607,0.831
4610,4D-U-Z4.tif,0.006,0.314,0.755,0.111,259,650,57.095,0.083,1.238,0.808,0.875
4611,4D-U-Z4.tif,0.001,0.198,0.474,0.073,420,646,77.005,0.039,2.321,0.431,0.695
4612,4D-U-Z4.tif,0.001,0.159,0.689,0.057,349,637,16.699,0.038,1.426,0.701,0.829
4613,4D-U-Z4.tif,0.003,0.226,0.647,0.079,551,642,24.775,0.054,1.559,0.641,0.833
4614,4D-U-Z4.tif,0.002,0.172,0.825,0.069,701,635,151.390,0.044,1.476,0.677,0.877
4615,4D-U-Z4.tif,0.003,0.301,0.411,0.094,812,634,151.928,0.061,1.382,0.724,0.681
4616,4D-U-Z4.tif,0.004,0.368,0.369,0.131,872,634,146.976,0.064,1.960,0.510,0.753
4617,4D-U-Z4.tif,0.001,0.133,0.755,0.057,543,639,16.699,0.028,1.961,0.510,0.824
4618,4D-U-Z4.tif,0.017,0.800,0.328,0.243,746,659,3.900,0.158,1.506,0.664,0.682
4619,4D-U-Z4.tif,0.001,0.167,0.490,0.063,830,635,105.255,0.031,2.088,0.479,0.686
4620,4D-U-Z4.tif,0.001,0.172,0.619,0.060,320,643,33.690,0.048,1.251,0.799,0.711
4621,4D-U-Z4.tif,0.001,0.167,0.572,0.052,369,644,57.995,0.043,1.101,0.909,0.785
4622,4D-U-Z4.tif,0.003,0.252,0.626,0.100,186,644,9.462,0.054,2.029,0.493,0.797
4623,4D-U-Z4.tif,0.010,0.622,0.333,0.160,289,653,15.945,0.113,1.357,0.737,0.715
4624,4D-U-Z4.tif,0.002,0.250,0.480,0.103,778,639,154.799,0.044,2.887,0.346,0.738
4625,4D-U-Z4.tif,0.002,0.202,0.506,0.080,279,644,15.945,0.039,1.726,0.579,0.735
4626,4D-U-Z4.tif,0.006,0.499,0.298,0.155,378,650,4.086,0.073,2.029,0.493,0.691
4627,4D-U-Z4.tif,0.002,0.236,0.431,0.097,940,640,132.709,0.040,2.923,0.342,0.677
4628,4D-U-Z4.tif,0.003,0.250,0.517,0.096,12,647,13.241,0.047,2.006,0.499,0.756
4629,4D-U-Z4.tif,0.004,0.292,0.561,0.097,140,654,47.291,0.071,1.180,0.847,0.773
4630,4D-U-Z4.tif,0.006,0.384,0.548,0.136,646,641,121.759,0.079,1.946,0.514,0.785
4631,4D-U-Z4.tif,0.006,0.566,0.227,0.155,192,648,173.884,0.094,1.467,0.681,0.571
4632,4D-U-Z4.tif,0.004,0.314,0.470,0.101,678,655,22.380,0.066,1.673,0.598,0.716
4633,4D-U-Z4.tif,0.008,0.402,0.648,0.143,898,643,164.358,0.083,1.685,0.593,0.863
4634,4D-U-Z4.tif,0.005,0.372,0.443,0.127,24,657,34.380,0.071,2.050,0.488,0.744
4635,4D-U-Z4.tif,0.019,0.782,0.388,0.242,844,644,120.069,0.150,1.757,0.569,0.728
4636,4D-U-Z4.tif,0.002,0.184,0.752,0.072,440,653,32.471,0.050,1.392,0.718,0.807
4637,4D-U-Z4.tif,0.001,0.180,0.531,0.063,993,646,164.745,0.039,1.643,0.609,0.726
4638,4D-U-Z4.tif,0.002,0.230,0.556,0.082,85,658,47.726,0.057,1.331,0.751,0.762
4639,4D-U-Z4.tif,0.001,0.161,0.515,0.062,232,645,153.435,0.033,1.870,0.535,0.761
4640,4D-U-Z4.tif,0.001,0.156,0.577,0.064,368,651,30.964,0.033,2.082,0.480,0.763
4641,4D-U-Z4.tif,0.001,0.167,0.585,0.060,934,651,33.690,0.039,1.374,0.728,0.782
4642,4D-U-Z4.tif,0.013,0.688,0.347,0.200,613,651,142.815,0.136,1.646,0.608,0.701
4643,4D-U-Z4.tif,0.003,0.268,0.481,0.096,858,646,113.629,0.061,1.677,0.596,0.689
4644,4D-U-Z4.tif,0.003,0.296,0.414,0.117,964,652,171.870,0.053,2.196,0.455,0.681
4645,4D-U-Z4.tif,0.002,0.279,0.363,0.104,799,648,161.565,0.050,2.727,0.367,0.614
4646,4D-U-Z4.tif,0.001,0.136,0.801,0.054,821,651,23.962,0.032,1.683,0.594,0.857
4647,4D-U-Z4.tif,0.001,0.178,0.410,0.057,496,650,106.699,0.039,1.713,0.584,0.618
4648,4D-U-Z4.tif,0.002,0.192,0.579,0.068,992,662,75.964,0.044,1.344,0.744,0.742
4649,4D-U-Z4.tif,0.005,0.316,0.567,0.109,251,664,30.466,0.074,1.592,0.628,0.816
4650,4D-U-Z4.tif,0.001,0.161,0.648,0.059,329,652,131.186,0.043,1.409,0.710,0.779
4651,4D-U-Z4.tif,0.003,0.253,0.593,0.106,875,651,152.103,0.054,1.964,0.509,0.823
4652,4D-U-Z4.tif,0.009,0.519,0.405,0.145,937,666,24.624,0.099,1.429,0.700,0.775
4653,4D-U-Z4.tif,0.001,0.156,0.593,0.067,1008,651,155.556,0.035,2.106,0.475,0.731
4654,4D-U-Z4.tif,0.002,0.213,0.623,0.070,241,652,128.660,0.055,1.124,0.890,0.791
4655,4D-U-Z4.tif,0.003,0.275,0.564,0.115,559,652,144.782,0.051,2.381,0.420,0.815
4656,4D-U-Z4.tif,0.002,0.261,0.381,0.082,586,653,132.274,0.052,1.945,0.514,0.657
4657,4D-U-Z4.tif,0.001,0.139,0.731,0.049,662,652,116.565,0.039,1.107,0.903,0.796
4658,4D-U-Z4.tif,0.002,0.209,0.582,0.079,704,652,123.690,0.049,1.810,0.553,0.770
4659,4D-U-Z4.tif,0.001,0.150,0.628,0.051,982,664,40.601,0.041,1.201,0.833,0.747
4660,4D-U-Z4.tif,0.005,0.347,0.489,0.110,343,658,143.130,0.071,1.505,0.664,0.838
4661,4D-U-Z4.tif,0.002,0.185,0.815,0.067,220,658,124.992,0.050,1.241,0.806,0.907
4662,4D-U-Z4.tif,0.009,0.681,0.248,0.156,479,663,135.000,0.117,1.467,0.682,0.674
4663,4D-U-Z4.tif,0.004,0.386,0.329,0.134,687,671,9.462,0.077,1.838,0.544,0.610
4664,4D-U-Z4.tif,0.002,0.258,0.400,0.096,42,668,30.964,0.043,2.545,0.393,0.697
4665,4D-U-Z4.tif,0.002,0.224,0.480,0.082,58,659,132.274,0.048,1.639,0.610,0.759
4666,4D-U-Z4.tif,0.007,0.506,0.327,0.149,66,674,4.236,0.092,1.628,0.614,0.681
4667,4D-U-Z4.tif,0.005,0.403,0.422,0.121,94,674,30.069,0.086,1.241,0.806,0.753
4668,4D-U-Z4.tif,0.004,0.274,0.651,0.108,172,663,156.038,0.060,1.977,0.506,0.815
4669,4D-U-Z4.tif,0.005,0.419,0.369,0.111,362,667,171.469,0.094,1.112,0.899,0.690
4670,4D-U-Z4.tif,0.004,0.350,0.450,0.101,667,661,130.601,0.071,1.316,0.760,0.784
4671,4D-U-Z4.tif,0.005,0.333,0.559,0.117,151,666,171.870,0.066,1.574,0.635,0.807
4672,4D-U-Z4.tif,0.003,0.245,0.577,0.087,382,664,161.565,0.062,1.418,0.705,0.731
4673,4D-U-Z4.tif,0.003,0.331,0.375,0.105,539,664,173.991,0.066,1.322,0.757,0.669
4674,4D-U-Z4.tif,0.001,0.164,0.566,0.064,643,668,19.983,0.039,1.669,0.599,0.714
4675,4D-U-Z4.tif,0.003,0.212,0.728,0.075,927,662,107.103,0.056,1.389,0.720,0.831
4676,4D-U-Z4.tif,0.005,0.403,0.403,0.118,201,664,152.241,0.087,1.167,0.857,0.687
4677,4D-U-Z4.tif,0.002,0.214,0.466,0.066,467,664,131.634,0.052,1.093,0.915,0.679
4678,4D-U-Z4.tif,0.002,0.234,0.493,0.070,788,672,18.435,0.059,1.082,0.924,0.724
4679,4D-U-Z4.tif,0.010,0.505,0.517,0.146,824,663,109.799,0.110,1.331,0.751,0.830
4680,4D-U-Z4.tif,0.002,0.263,0.447,0.086,978,670,26.565,0.053,1.849,0.541,0.717
4681,4D-U-Z4.tif,0.001,0.133,0.819,0.054,191,669,23.962,0.033,1.476,0.678,0.854
4682,4D-U-Z4.tif,0.001,0.175,0.522,0.077,581,665,158.962,0.029,3.441,0.291,0.724
4683,4D-U-Z4.tif,0.006,0.443,0.410,0.127,127,667,175.030,0.103,1.192,0.839,0.723
4684,4D-U-Z4.tif,0.003,0.292,0.405,0.101,730,671,12.529,0.047,2.231,0.448,0.734
4685,4D-U-Z4.tif,0.006,0.389,0.486,0.119,40,669,166.608,0.090,1.201,0.833,0.758
4686,4D-U-Z4.tif,0.010,0.532,0.435,0.160,102,686,22.166,0.115,1.399,0.715,0.747
4687,4D-U-Z4.tif,0.001,0.145,0.740,0.051,650,669,130.601,0.041,1.046,0.956,0.796
4688,4D-U-Z4.tif,0.002,0.181,0.628,0.060,995,669,146.310,0.051,1.087,0.920,0.740
4689,4D-U-Z4.tif,0.002,0.200,0.563,0.064,170,673,160.017,0.048,1.403,0.713,0.808
4690,4D-U-Z4.tif,0.003,0.205,0.762,0.084,280,678,31.608,0.048,1.919,0.521,0.857
4691,4D-U-Z4.tif,0.001,0.167,0.517,0.076,551,676,30.256,0.027,3.459,0.289,0.738
4692,4D-U-Z4.tif,0.037,1.206,0.320,0.268,885,706,28.142,0.237,1.124,0.890,0.775
4693,4D-U-Z4.tif,0.002,0.233,0.555,0.086,748,670,153.435,0.044,2.248,0.445,0.823
4694,4D-U-Z4.tif,0.003,0.292,0.379,0.091,25,671,154.983,0.061,1.648,0.607,0.664
4695,4D-U-Z4.tif,0.007,0.391,0.593,0.133,144,672,155.556,0.090,1.425,0.702,0.819
4696,4D-U-Z4.tif,0.001,0.180,0.496,0.059,251,680,41.186,0.047,1.352,0.740,0.677
4697,4D-U-Z4.tif,0.005,0.459,0.275,0.129,351,693,70.017,0.097,1.213,0.825,0.523
4698,4D-U-Z4.tif,0.014,0.627,0.457,0.213,396,673,169.563,0.105,1.995,0.501,0.812
4699,4D-U-Z4.tif,0.001,0.161,0.545,0.059,517,676,21.801,0.033,2.030,0.493,0.740
4700,4D-U-Z4.tif,0.002,0.290,0.325,0.079,504,682,33.690,0.050,1.632,0.613,0.720
4701,4D-U-Z4.tif,0.006,0.455,0.388,0.133,324,688,38.290,0.105,1.342,0.745,0.713
4702,4D-U-Z4.tif,0.020,0.827,0.366,0.249,657,673,125.096,0.158,1.524,0.656,0.736
4703,4D-U-Z4.tif,0.002,0.195,0.790,0.075,781,681,17.103,0.054,1.460,0.685,0.827
4704,4D-U-Z4.tif,0.007,0.458,0.396,0.152,977,675,133.531,0.084,2.097,0.477,0.707
4705,4D-U-Z4.tif,0.016,0.778,0.330,0.190,552,678,163.142,0.142,1.212,0.825,0.765
4706,4D-U-Z4.tif,0.016,0.799,0.324,0.199,596,674,104.421,0.139,1.579,0.633,0.734
4707,4D-U-Z4.tif,0.001,0.183,0.547,0.072,619,674,147.529,0.044,2.204,0.454,0.716
4708,4D-U-Z4.tif,0.001,0.133,0.927,0.051,634,675,167.471,0.033,1.378,0.726,0.905
4709,4D-U-Z4.tif,0.002,0.211,0.489,0.078,266,681,8.130,0.043,1.893,0.528,0.695
4710,4D-U-Z4.tif,0.002,0.281,0.241,0.106,441,675,171.027,0.038,3.131,0.319,0.524
4711,4D-U-Z4.tif,0.002,0.192,0.586,0.077,80,677,158.962,0.040,1.920,0.521,0.770
4712,4D-U-Z4.tif,0.009,0.525,0.417,0.193,529,676,120.964,0.081,2.895,0.345,0.742
4713,4D-U-Z4.tif,0.002,0.202,0.543,0.072,720,676,122.471,0.056,1.118,0.894,0.690
4714,4D-U-Z4.tif,0.004,0.297,0.592,0.098,954,679,153.435,0.066,1.324,0.755,0.818
4715,4D-U-Z4.tif,0.006,0.353,0.634,0.113,204,693,50.906,0.088,1.240,0.806,0.851
4716,4D-U-Z4.tif,0.001,0.136,0.740,0.059,54,682,21.801,0.028,2.206,0.453,0.857
4717,4D-U-Z4.tif,0.002,0.239,0.515,0.091,65,686,25.017,0.045,2.599,0.385,0.703
4718,4D-U-Z4.tif,0.004,0.292,0.601,0.111,166,687,26.565,0.058,1.876,0.533,0.831
4719,4D-U-Z4.tif,0.002,0.214,0.566,0.069,225,678,151.390,0.055,1.116,0.896,0.756
4720,4D-U-Z4.tif,0.002,0.161,0.839,0.062,283,681,169.695,0.043,1.501,0.666,0.857
4721,4D-U-Z4.tif,0.008,0.511,0.376,0.137,366,698,40.101,0.097,1.385,0.722,0.770
4722,4D-U-Z4.tif,0.009,0.528,0.426,0.177,694,695,25.769,0.089,2.177,0.459,0.762
4723,4D-U-Z4.tif,0.002,0.178,0.671,0.060,944,681,146.310,0.044,1.463,0.683,0.848
4724,4D-U-Z4.tif,0.001,0.144,0.846,0.052,198,681,108.435,0.039,1.328,0.753,0.893
4725,4D-U-Z4.tif,0.001,0.130,0.906,0.047,479,681,125.538,0.039,1.189,0.841,0.851
4726,4D-U-Z4.tif,0.003,0.288,0.437,0.119,726,690,13.392,0.055,2.074,0.482,0.714
4727,4D-U-Z4.tif,0.016,0.772,0.335,0.216,406,691,174.144,0.143,1.524,0.656,0.732
4728,4D-U-Z4.tif,0.004,0.384,0.317,0.130,865,683,152.354,0.061,2.298,0.435,0.676
4729,4D-U-Z4.tif,0.002,0.198,0.580,0.084,80,684,156.801,0.041,2.680,0.373,0.755
4730,4D-U-Z4.tif,0.002,0.227,0.459,0.100,244,685,173.660,0.031,3.889,0.257,0.738
4731,4D-U-Z4.tif,0.002,0.186,0.715,0.067,637,685,145.008,0.043,1.572,0.636,0.867
4732,4D-U-Z4.tif,0.009,0.469,0.494,0.144,796,690,147.529,0.100,1.342,0.745,0.802
4733,4D-U-Z4.tif,0.001,0.170,0.537,0.059,135,686,131.186,0.036,1.780,0.562,0.752
4734,4D-U-Z4.tif,0.004,0.308,0.574,0.111,274,693,174.289,0.064,1.715,0.583,0.803
4735,4D-U-Z4.tif,0.002,0.205,0.554,0.076,752,688,149.744,0.047,1.397,0.716,0.726
4736,4D-U-Z4.tif,0.005,0.300,0.655,0.104,166,698,32.005,0.078,1.287,0.777,0.818
4737,4D-U-Z4.tif,0.003,0.294,0.481,0.106,833,689,158.749,0.060,2.062,0.485,0.754
4738,4D-U-Z4.tif,0.002,0.289,0.319,0.078,67,700,39.289,0.052,1.271,0.787,0.648
4739,4D-U-Z4.tif,0.002,0.230,0.405,0.072,389,700,32.471,0.049,1.447,0.691,0.709
4740,4D-U-Z4.tif,0.004,0.233,0.815,0.087,512,695,161.565,0.066,1.243,0.804,0.872
4741,4D-U-Z4.tif,0.002,0.159,0.913,0.063,725,693,164.745,0.039,1.494,0.670,0.910
4742,4D-U-Z4.tif,0.001,0.159,0.554,0.060,221,692,146.310,0.038,1.597,0.626,0.718
4743,4D-U-Z4.tif,0.010,0.456,0.592,0.150,478,711,36.027,0.105,1.390,0.719,0.861
4744,4D-U-Z4.tif,0.004,0.390,0.301,0.138,936,695,175.426,0.048,2.736,0.366,0.727
4745,4D-U-Z4.tif,0.008,0.428,0.543,0.153,621,696,154.359,0.090,1.669,0.599,0.809
4746,4D-U-Z4.tif,0.005,0.391,0.374,0.113,859,695,157.166,0.070,1.668,0.600,0.701
4747,4D-U-Z4.tif,0.001,0.145,0.704,0.055,129,694,143.130,0.041,1.399,0.715,0.788
4748,4D-U-Z4.tif,0.003,0.320,0.379,0.094,134,706,20.556,0.075,1.242,0.805,0.613
4749,4D-U-Z4.tif,0.008,0.408,0.609,0.139,457,696,108.435,0.088,1.669,0.599,0.829
4750,4D-U-Z4.tif,0.004,0.392,0.322,0.106,717,696,152.103,0.077,1.258,0.795,0.699
4751,4D-U-Z4.tif,0.006,0.410,0.452,0.135,773,699,153.435,0.083,1.282,0.780,0.742
4752,4D-U-Z4.tif,0.006,0.423,0.395,0.121,248,713,30.069,0.094,1.231,0.812,0.650
4753,4D-U-Z4.tif,0.008,0.531,0.377,0.139,287,721,71.565,0.105,1.368,0.731,0.779
4754,4D-U-Z4.tif,0.006,0.322,0.696,0.115,982,697,106.699,0.082,1.429,0.700,0.815
4755,4D-U-Z4.tif,0.002,0.257,0.457,0.083,198,698,143.130,0.055,1.107,0.903,0.775
4756,4D-U-Z4.tif,0.002,0.178,0.659,0.068,119,705,14.036,0.044,1.613,0.620,0.803
4757,4D-U-Z4.tif,0.002,0.217,0.476,0.075,49,710,36.027,0.047,1.935,0.517,0.694
4758,4D-U-Z4.tif,0.008,0.609,0.277,0.151,67,716,10.491,0.116,1.170,0.855,0.639
4759,4D-U-Z4.tif,0.002,0.181,0.826,0.064,748,702,149.036,0.053,1.211,0.826,0.845
4760,4D-U-Z4.tif,0.006,0.380,0.509,0.121,378,708,155.772,0.088,1.333,0.750,0.780
4761,4D-U-Z4.tif,0.004,0.286,0.573,0.099,226,707,160.560,0.066,1.366,0.732,0.788
4762,4D-U-Z4.tif,0.002,0.233,0.464,0.089,395,703,158.199,0.046,2.042,0.490,0.729
4763,4D-U-Z4.tif,0.001,0.197,0.461,0.086,169,710,26.565,0.037,2.192,0.456,0.734
4764,4D-U-Z4.tif,0.002,0.288,0.376,0.091,56,711,25.017,0.044,1.837,0.544,0.781
4765,4D-U-Z4.tif,0.003,0.242,0.635,0.094,733,706,159.444,0.055,1.618,0.618,0.813
4766,4D-U-Z4.tif,0.002,0.259,0.419,0.080,947,710,164.055,0.056,1.140,0.877,0.664
4767,4D-U-Z4.tif,0.006,0.433,0.402,0.146,339,717,10.886,0.088,1.545,0.647,0.691
4768,4D-U-Z4.tif,0.001,0.164,0.637,0.062,26,707,135.000,0.043,1.555,0.643,0.783
4769,4D-U-Z4.tif,0.005,0.309,0.593,0.106,497,719,27.897,0.080,1.156,0.865,0.756
4770,4D-U-Z4.tif,0.008,0.453,0.475,0.158,536,709,159.677,0.094,1.676,0.597,0.778
4771,4D-U-Z4.tif,0.001,0.150,0.764,0.059,584,708,131.186,0.038,1.694,0.590,0.833
4772,4D-U-Z4.tif,0.002,0.195,0.700,0.083,650,718,36.870,0.041,2.102,0.476,0.833
4773,4D-U-Z4.tif,0.004,0.289,0.642,0.102,262,708,143.746,0.073,1.483,0.675,0.792
4774,4D-U-Z4.tif,0.002,0.241,0.421,0.079,875,708,102.095,0.044,2.066,0.484,0.646
4775,4D-U-Z4.tif,0.004,0.305,0.476,0.098,106,712,153.435,0.066,1.412,0.708,0.761
4776,4D-U-Z4.tif,0.003,0.219,0.773,0.080,402,718,15.945,0.055,1.504,0.665,0.851
4777,4D-U-Z4.tif,0.007,0.421,0.488,0.159,296,724,14.036,0.077,1.739,0.575,0.775
4778,4D-U-Z4.tif,0.004,0.335,0.490,0.106,432,712,141.340,0.072,1.181,0.847,0.789
4779,4D-U-Z4.tif,0.001,0.141,0.789,0.052,805,716,32.005,0.039,1.023,0.978,0.828
4780,4D-U-Z4.tif,0.002,0.241,0.395,0.076,211,721,30.256,0.047,1.604,0.623,0.755
4781,4D-U-Z4.tif,0.005,0.277,0.775,0.107,778,716,168.111,0.066,1.436,0.697,0.886
4782,4D-U-Z4.tif,0.004,0.348,0.399,0.147,610,719,12.995,0.044,4.393,0.228,0.801
4783,4D-U-Z4.tif,0.003,0.264,0.612,0.106,654,722,21.251,0.059,1.755,0.570,0.778
4784,4D-U-Z4.tif,0.002,0.152,0.827,0.062,834,720,26.565,0.033,1.648,0.607,0.901
4785,4D-U-Z4.tif,0.001,0.136,0.822,0.059,528,719,21.801,0.028,1.979,0.505,0.909
4786,4D-U-Z4.tif,0.002,0.183,0.740,0.068,960,718,165.964,0.048,1.319,0.758,0.818
4787,4D-U-Z4.tif,0.002,0.195,0.750,0.077,35,718,158.962,0.044,1.772,0.564,0.852
4788,4D-U-Z4.tif,0.002,0.165,0.738,0.064,817,722,19.983,0.043,1.567,0.638,0.809
4789,4D-U-Z4.tif,0.001,0.133,0.819,0.057,881,719,150.945,0.033,1.835,0.545,0.854
4790,4U-C-Z4.tif,0.003,0.227,0.681,0.098,9,7,16.390,0.039,2.685,0.372,0.885
4791,4U-C-Z4.tif,0.008,0.452,0.502,0.176,609,1,131.186,0.083,2.490,0.402,0.767
4792,4U-C-Z4.tif,0.006,0.324,0.662,0.113,90,6,165.964,0.080,1.609,0.621,0.796
4793,4U-C-Z4.tif,0.002,0.183,0.604,0.066,207,2,131.634,0.049,1.381,0.724,0.757
4794,4U-C-Z4.tif,0.013,0.619,0.421,0.228,684,6,147.848,0.117,1.976,0.506,0.723
4795,4U-C-Z4.tif,0.002,0.224,0.617,0.087,39,9,18.435,0.045,1.918,0.521,0.771
4796,4U-C-Z4.tif,0.007,0.316,0.841,0.110,282,3,143.130,0.077,1.294,0.773,0.942
4797,4U-C-Z4.tif,0.002,0.211,0.592,0.084,510,13,31.608,0.044,2.539,0.394,0.734
4798,4U-C-Z4.tif,0.003,0.219,0.710,0.076,801,11,30.256,0.062,1.299,0.770,0.817
4799,4U-C-Z4.tif,0.006,0.341,0.668,0.122,183,14,172.235,0.085,1.697,0.589,0.810
4800,4U-C-Z4.tif,0.005,0.300,0.638,0.120,750,12,15.945,0.065,2.092,0.478,0.825
4801,4U-C-Z4.tif,0.006,0.335,0.677,0.121,940,22,50.528,0.085,1.331,0.751,0.821
4802,4U-C-Z4.tif,0.010,0.444,0.657,0.161,246,28,51.953,0.103,1.736,0.576,0.846
4803,4U-C-Z4.tif,0.010,0.428,0.678,0.138,663,28,66.501,0.117,1.056,0.947,0.865
4804,4U-C-Z4.tif,0.002,0.180,0.791,0.072,832,7,147.529,0.046,1.655,0.604,0.843
4805,4U-C-Z4.tif,0.002,0.211,0.557,0.077,964,10,175.914,0.044,1.928,0.519,0.774
4806,4U-C-Z4.tif,0.001,0.133,0.798,0.057,29,12,29.055,0.033,1.659,0.603,0.851
4807,4U-C-Z4.tif,0.004,0.303,0.604,0.103,309,7,164.476,0.079,1.330,0.752,0.775
4808,4U-C-Z4.tif,0.005,0.328,0.538,0.122,437,8,144.162,0.066,2.229,0.449,0.729
4809,4U-C-Z4.tif,0.006,0.317,0.750,0.128,71,30,82.569,0.071,1.833,0.546,0.886
4810,4U-C-Z4.tif,0.011,0.535,0.502,0.182,386,38,64.983,0.120,1.794,0.558,0.756
4811,4U-C-Z4.tif,0.005,0.297,0.782,0.102,882,23,53.746,0.084,1.273,0.786,0.858
4812,4U-C-Z4.tif,0.009,0.494,0.438,0.155,903,8,157.068,0.112,1.257,0.795,0.694
4813,4U-C-Z4.tif,0.009,0.517,0.441,0.166,592,9,105.422,0.099,1.988,0.503,0.728
4814,4U-C-Z4.tif,0.008,0.407,0.595,0.143,336,35,74.358,0.096,1.494,0.670,0.784
4815,4U-C-Z4.tif,0.001,0.137,0.746,0.051,352,11,130.601,0.043,1.265,0.790,0.771
4816,4U-C-Z4.tif,0.001,0.148,0.760,0.052,770,17,32.005,0.042,1.222,0.818,0.822
4817,4U-C-Z4.tif,0.002,0.212,0.635,0.086,47,13,129.806,0.047,1.963,0.509,0.781
4818,4U-C-Z4.tif,0.002,0.153,0.878,0.059,206,12,131.186,0.044,1.271,0.787,0.871
4819,4U-C-Z4.tif,0.002,0.153,0.846,0.057,408,21,60.945,0.047,1.184,0.844,0.852
4820,4U-C-Z4.tif,0.003,0.270,0.552,0.096,528,17,13.241,0.061,1.581,0.632,0.774
4821,4U-C-Z4.tif,0.002,0.155,0.857,0.059,845,12,158.199,0.039,1.432,0.698,0.900
4822,4U-C-Z4.tif,0.012,0.585,0.448,0.215,7,13,157.380,0.110,1.767,0.566,0.761
4823,4U-C-Z4.tif,0.003,0.244,0.673,0.096,749,13,103.241,0.060,1.574,0.635,0.833
4824,4U-C-Z4.tif,0.011,0.420,0.792,0.146,645,15,109.799,0.113,1.204,0.831,0.883
4825,4U-C-Z4.tif,0.002,0.192,0.837,0.067,723,23,24.444,0.055,1.048,0.954,0.866
4826,4U-C-Z4.tif,0.001,0.122,0.948,0.047,960,15,135.000,0.039,1.142,0.876,0.892
4827,4U-C-Z4.tif,0.004,0.279,0.585,0.102,807,32,36.254,0.069,1.749,0.572,0.774
4828,4U-C-Z4.tif,0.007,0.336,0.747,0.126,981,18,151.189,0.077,1.374,0.728,0.895
4829,4U-C-Z4.tif,0.003,0.219,0.710,0.085,139,18,104.931,0.052,1.626,0.615,0.836
4830,4U-C-Z4.tif,0.004,0.297,0.592,0.101,219,20,150.642,0.064,1.515,0.660,0.854
4831,4U-C-Z4.tif,0.004,0.286,0.582,0.098,517,29,16.390,0.066,1.671,0.598,0.727
4832,4U-C-Z4.tif,0.005,0.325,0.585,0.108,770,18,104.744,0.071,1.695,0.590,0.768
4833,4U-C-Z4.tif,0.011,0.470,0.615,0.145,108,31,171.254,0.121,1.031,0.969,0.858
4834,4U-C-Z4.tif,0.005,0.307,0.660,0.121,153,19,136.848,0.071,1.756,0.570,0.830
4835,4U-C-Z4.tif,0.003,0.242,0.664,0.089,295,34,68.199,0.062,1.443,0.693,0.833
4836,4U-C-Z4.tif,0.001,0.134,0.782,0.052,890,22,161.565,0.039,1.331,0.752,0.822
4837,4U-C-Z4.tif,0.003,0.226,0.677,0.089,449,28,21.801,0.054,1.822,0.549,0.805
4838,4U-C-Z4.tif,0.003,0.252,0.542,0.099,489,21,160.560,0.053,2.071,0.483,0.750
4839,4U-C-Z4.tif,0.017,0.650,0.503,0.182,550,20,118.887,0.146,1.124,0.890,0.821
4840,4U-C-Z4.tif,0.004,0.347,0.456,0.113,827,21,136.975,0.078,1.547,0.647,0.731
4841,4U-C-Z4.tif,0.005,0.406,0.385,0.152,941,23,167.471,0.061,3.047,0.328,0.746
4842,4U-C-Z4.tif,0.007,0.347,0.725,0.122,81,33,172.235,0.094,1.184,0.845,0.854
4843,4U-C-Z4.tif,0.003,0.206,0.833,0.079,170,33,33.690,0.057,1.333,0.750,0.873
4844,4U-C-Z4.tif,0.001,0.170,0.550,0.073,677,25,12.995,0.028,3.043,0.329,0.792
4845,4U-C-Z4.tif,0.002,0.183,0.627,0.064,632,23,109.983,0.033,2.001,0.500,0.866
4846,4U-C-Z4.tif,0.006,0.342,0.653,0.123,601,31,169.695,0.082,1.447,0.691,0.839
4847,4U-C-Z4.tif,0.003,0.261,0.616,0.108,877,26,156.038,0.047,2.695,0.371,0.833
4848,4U-C-Z4.tif,0.002,0.184,0.763,0.070,406,34,18.435,0.048,1.608,0.622,0.824
4849,4U-C-Z4.tif,0.003,0.296,0.375,0.110,428,34,177.138,0.051,2.235,0.447,0.677
4850,4U-C-Z4.tif,0.005,0.377,0.413,0.131,688,28,157.751,0.066,2.121,0.472,0.713
4851,4U-C-Z4.tif,0.008,0.469,0.451,0.156,203,29,135.000,0.100,1.514,0.660,0.754
4852,4U-C-Z4.tif,0.004,0.326,0.515,0.124,507,30,102.804,0.072,1.783,0.561,0.713
4853,4U-C-Z4.tif,0.003,0.202,0.824,0.085,915,37,14.931,0.044,1.866,0.536,0.912
4854,4U-C-Z4.tif,0.002,0.244,0.506,0.081,956,41,28.301,0.058,1.554,0.644,0.718
4855,4U-C-Z4.tif,0.002,0.180,0.708,0.067,259,40,34.992,0.044,1.449,0.690,0.811
4856,4U-C-Z4.tif,0.001,0.159,0.709,0.063,284,33,164.745,0.042,1.593,0.628,0.777
4857,4U-C-Z4.tif,0.002,0.178,0.791,0.072,778,40,32.471,0.044,1.721,0.581,0.863
4858,4U-C-Z4.tif,0.019,0.848,0.338,0.252,30,67,36.119,0.154,1.831,0.546,0.663
4859,4U-C-Z4.tif,0.004,0.280,0.685,0.108,298,40,14.744,0.060,1.951,0.513,0.870
4860,4U-C-Z4.tif,0.010,0.473,0.583,0.164,813,34,140.440,0.115,1.339,0.747,0.803
4861,4U-C-Z4.tif,0.006,0.355,0.625,0.127,27,47,34.380,0.088,1.269,0.788,0.868
4862,4U-C-Z4.tif,0.006,0.300,0.833,0.111,183,52,63.435,0.076,1.492,0.670,0.900
4863,4U-C-Z4.tif,0.002,0.172,0.851,0.067,681,34,124.992,0.044,1.599,0.626,0.874
4864,4U-C-Z4.tif,0.006,0.318,0.717,0.107,359,39,168.111,0.077,1.263,0.792,0.866
4865,4U-C-Z4.tif,0.007,0.320,0.831,0.123,572,40,169.695,0.075,1.655,0.604,0.907
4866,4U-C-Z4.tif,0.006,0.324,0.677,0.111,965,38,153.435,0.088,1.310,0.763,0.818
4867,4U-C-Z4.tif,0.002,0.237,0.551,0.098,218,37,163.610,0.033,3.344,0.299,0.848
4868,4U-C-Z4.tif,0.004,0.260,0.812,0.090,318,48,37.569,0.066,1.130,0.885,0.911
4869,4U-C-Z4.tif,0.004,0.244,0.782,0.090,484,47,42.510,0.061,1.456,0.687,0.881
4870,4U-C-Z4.tif,0.004,0.289,0.547,0.094,985,49,49.764,0.071,1.444,0.693,0.787
4871,4U-C-Z4.tif,0.007,0.401,0.558,0.133,272,37,97.125,0.092,1.521,0.657,0.810
4872,4U-C-Z4.tif,0.005,0.383,0.408,0.115,450,53,35.218,0.088,1.178,0.849,0.704
4873,4U-C-Z4.tif,0.004,0.316,0.523,0.107,722,55,55.491,0.074,1.539,0.650,0.785
4874,4U-C-Z4.tif,0.003,0.327,0.328,0.128,733,46,7.431,0.041,4.241,0.236,0.639
4875,4U-C-Z4.tif,0.008,0.424,0.545,0.133,905,56,41.634,0.105,1.201,0.833,0.801
4876,4U-C-Z4.tif,0.006,0.386,0.486,0.121,126,59,59.931,0.087,1.574,0.635,0.748
4877,4U-C-Z4.tif,0.004,0.239,0.779,0.083,384,46,7.595,0.061,1.136,0.881,0.863
4878,4U-C-Z4.tif,0.006,0.310,0.777,0.109,671,39,120.466,0.077,1.339,0.747,0.889
4879,4U-C-Z4.tif,0.010,0.548,0.406,0.188,792,40,95.042,0.104,1.796,0.557,0.719
4880,4U-C-Z4.tif,0.004,0.336,0.422,0.091,833,43,165.964,0.076,1.310,0.763,0.742
4881,4U-C-Z4.tif,0.003,0.311,0.437,0.117,853,48,19.290,0.061,2.353,0.425,0.703
4882,4U-C-Z4.tif,0.004,0.259,0.787,0.090,149,54,42.510,0.072,1.109,0.902,0.888
4883,4U-C-Z4.tif,0.002,0.180,0.637,0.066,404,49,41.634,0.043,1.445,0.692,0.806
4884,4U-C-Z4.tif,0.001,0.152,0.612,0.067,647,43,170.538,0.026,2.804,0.357,0.796
4885,4U-C-Z4.tif,0.008,0.368,0.758,0.138,885,43,143.130,0.100,1.336,0.749,0.892
4886,4U-C-Z4.tif,0.004,0.255,0.768,0.102,162,44,143.746,0.065,1.599,0.625,0.868
4887,4U-C-Z4.tif,0.004,0.236,0.793,0.090,342,44,142.431,0.062,1.498,0.668,0.882
4888,4U-C-Z4.tif,0.001,0.134,0.909,0.052,474,45,161.565,0.039,1.327,0.753,0.869
4889,4U-C-Z4.tif,0.001,0.150,0.781,0.054,497,42,113.962,0.046,1.259,0.795,0.807
4890,4U-C-Z4.tif,0.011,0.482,0.586,0.156,923,55,8.130,0.125,1.155,0.866,0.800
4891,4U-C-Z4.tif,0.005,0.293,0.759,0.109,696,46,149.534,0.066,1.416,0.706,0.902
4892,4U-C-Z4.tif,0.008,0.412,0.629,0.156,756,45,140.711,0.103,1.394,0.717,0.846
4893,4U-C-Z4.tif,0.010,0.495,0.492,0.170,1007,74,76.866,0.090,2.143,0.467,0.797
4894,4U-C-Z4.tif,0.001,0.141,0.673,0.057,249,45,150.945,0.031,2.071,0.483,0.805
4895,4U-C-Z4.tif,0.003,0.270,0.542,0.104,5,53,18.435,0.054,2.040,0.490,0.717
4896,4U-C-Z4.tif,0.008,0.401,0.612,0.124,97,67,69.146,0.107,1.072,0.933,0.806
4897,4U-C-Z4.tif,0.030,0.902,0.461,0.276,276,71,176.566,0.191,1.370,0.730,0.806
4898,4U-C-Z4.tif,0.001,0.134,0.719,0.051,525,49,167.471,0.033,1.537,0.651,0.829
4899,4U-C-Z4.tif,0.004,0.258,0.669,0.089,955,46,119.745,0.069,1.079,0.927,0.788
4900,4U-C-Z4.tif,0.003,0.303,0.457,0.123,646,48,153.435,0.052,2.899,0.345,0.764
4901,4U-C-Z4.tif,0.005,0.351,0.478,0.111,22,60,20.225,0.077,1.364,0.733,0.779
4902,4U-C-Z4.tif,0.005,0.305,0.697,0.121,366,65,39.472,0.066,1.987,0.503,0.856
4903,4U-C-Z4.tif,0.001,0.145,0.668,0.055,873,49,143.130,0.037,1.511,0.662,0.813
4904,4U-C-Z4.tif,0.006,0.329,0.695,0.126,320,49,113.199,0.072,1.738,0.575,0.887
4905,4U-C-Z4.tif,0.001,0.159,0.678,0.062,515,57,26.565,0.035,2.024,0.494,0.776
4906,4U-C-Z4.tif,0.004,0.253,0.806,0.094,596,57,20.556,0.061,1.556,0.643,0.895
4907,4U-C-Z4.tif,0.004,0.273,0.720,0.104,229,60,18.435,0.066,1.497,0.668,0.829
4908,4U-C-Z4.tif,0.003,0.252,0.668,0.091,479,50,115.017,0.066,1.587,0.630,0.799
4909,4U-C-Z4.tif,0.002,0.152,0.861,0.063,385,52,164.745,0.033,1.624,0.616,0.897
4910,4U-C-Z4.tif,0.009,0.461,0.561,0.166,539,51,105.422,0.094,1.710,0.585,0.823
4911,4U-C-Z4.tif,0.002,0.195,0.800,0.079,621,51,114.775,0.051,1.548,0.646,0.870
4912,4U-C-Z4.tif,0.006,0.384,0.541,0.144,737,76,72.255,0.071,2.172,0.460,0.806
4913,4U-C-Z4.tif,0.009,0.449,0.569,0.149,565,52,128.991,0.104,1.126,0.888,0.786
4914,4U-C-Z4.tif,0.005,0.283,0.715,0.107,342,55,145.491,0.069,1.597,0.626,0.867
4915,4U-C-Z4.tif,0.010,0.521,0.467,0.212,682,54,163.443,0.081,2.796,0.358,0.804
4916,4U-C-Z4.tif,0.001,0.165,0.668,0.070,423,55,161.565,0.039,1.956,0.511,0.750
4917,4U-C-Z4.tif,0.001,0.163,0.604,0.072,147,57,171.254,0.028,2.555,0.391,0.808
4918,4U-C-Z4.tif,0.006,0.367,0.571,0.117,854,68,19.290,0.081,1.508,0.663,0.828
4919,4U-C-Z4.tif,0.004,0.248,0.735,0.087,181,65,18.435,0.071,1.159,0.863,0.847
4920,4U-C-Z4.tif,0.003,0.236,0.643,0.092,456,58,147.265,0.055,2.025,0.494,0.825
4921,4U-C-Z4.tif,0.001,0.131,0.799,0.052,664,66,57.995,0.035,1.488,0.672,0.818
4922,4U-C-Z4.tif,0.002,0.191,0.817,0.077,240,63,158.962,0.045,1.746,0.573,0.872
4923,4U-C-Z4.tif,0.002,0.175,0.684,0.074,405,72,63.435,0.040,2.027,0.493,0.809
4924,4U-C-Z4.tif,0.003,0.235,0.754,0.082,589,60,109.654,0.061,1.254,0.797,0.883
4925,4U-C-Z4.tif,0.013,0.637,0.389,0.190,949,60,106.858,0.129,1.403,0.713,0.681
4926,4U-C-Z4.tif,0.005,0.364,0.470,0.124,977,61,147.724,0.059,2.001,0.500,0.787
4927,4U-C-Z4.tif,0.004,0.365,0.408,0.100,74,79,80.538,0.086,1.247,0.802,0.681
4928,4U-C-Z4.tif,0.003,0.209,0.799,0.076,228,61,120.256,0.057,1.444,0.692,0.856
4929,4U-C-Z4.tif,0.006,0.342,0.614,0.134,487,64,145.008,0.069,2.253,0.444,0.806
4930,4U-C-Z4.tif,0.002,0.186,0.759,0.066,517,61,131.634,0.049,1.203,0.831,0.857
4931,4U-C-Z4.tif,0.005,0.314,0.697,0.111,202,79,57.095,0.077,1.406,0.711,0.844
4932,4U-C-Z4.tif,0.001,0.141,0.712,0.047,725,62,125.538,0.039,1.126,0.888,0.804
4933,4U-C-Z4.tif,0.008,0.475,0.437,0.160,894,74,176.055,0.099,1.819,0.550,0.691
4934,4U-C-Z4.tif,0.006,0.373,0.557,0.147,609,85,55.713,0.073,2.256,0.443,0.814
4935,4U-C-Z4.tif,0.005,0.335,0.514,0.118,818,73,10.784,0.066,1.883,0.531,0.746
4936,4U-C-Z4.tif,0.001,0.159,0.554,0.057,267,70,29.055,0.033,1.546,0.647,0.779
4937,4U-C-Z4.tif,0.001,0.176,0.600,0.063,840,72,37.875,0.043,1.639,0.610,0.778
4938,4U-C-Z4.tif,0.016,0.587,0.599,0.215,754,70,147.529,0.130,1.715,0.583,0.868
4939,4U-C-Z4.tif,0.002,0.208,0.645,0.078,98,68,171.870,0.054,1.453,0.688,0.785
4940,4U-C-Z4.tif,0.003,0.300,0.473,0.123,119,74,10.305,0.055,2.314,0.432,0.734
4941,4U-C-Z4.tif,0.004,0.275,0.738,0.103,372,77,25.201,0.066,1.469,0.681,0.896
4942,4U-C-Z4.tif,0.001,0.161,0.677,0.067,390,69,145.008,0.038,1.829,0.547,0.800
4943,4U-C-Z4.tif,0.003,0.247,0.693,0.095,627,82,54.462,0.061,1.604,0.623,0.825
4944,4U-C-Z4.tif,0.002,0.200,0.570,0.079,803,72,167.905,0.038,2.139,0.467,0.805
4945,4U-C-Z4.tif,0.002,0.175,0.746,0.067,852,81,80.538,0.039,1.552,0.644,0.870
4946,4U-C-Z4.tif,0.008,0.360,0.738,0.121,158,87,43.152,0.098,1.084,0.922,0.890
4947,4U-C-Z4.tif,0.005,0.296,0.676,0.108,345,71,113.962,0.070,1.560,0.641,0.852
4948,4U-C-Z4.tif,0.009,0.665,0.247,0.272,959,73,162.300,0.082,3.118,0.321,0.617
4949,4U-C-Z4.tif,0.003,0.233,0.696,0.094,241,75,173.290,0.055,1.748,0.572,0.843
4950,4U-C-Z4.tif,0.005,0.341,0.534,0.126,15,74,156.801,0.063,2.163,0.462,0.780
4951,4U-C-Z4.tif,0.002,0.187,0.640,0.076,83,75,149.744,0.043,2.057,0.486,0.756
4952,4U-C-Z4.tif,0.002,0.191,0.723,0.072,425,86,67.380,0.044,1.429,0.700,0.868
4953,4U-C-Z4.tif,0.002,0.195,0.630,0.079,858,74,123.690,0.041,2.316,0.432,0.792
4954,4U-C-Z4.tif,0.001,0.152,0.596,0.057,231,80,29.055,0.033,1.944,0.514,0.800
4955,4U-C-Z4.tif,0.002,0.192,0.750,0.070,444,75,141.340,0.050,1.246,0.803,0.874
4956,4U-C-Z4.tif,0.002,0.222,0.542,0.081,662,85,28.301,0.054,1.585,0.631,0.733
4957,4U-C-Z4.tif,0.002,0.223,0.574,0.084,112,77,113.199,0.049,2.061,0.485,0.694
4958,4U-C-Z4.tif,0.003,0.270,0.542,0.092,902,78,147.265,0.065,1.423,0.703,0.762
4959,4U-C-Z4.tif,0.013,0.541,0.552,0.186,43,93,18.970,0.113,1.545,0.647,0.821
4960,4U-C-Z4.tif,0.005,0.306,0.642,0.133,470,80,150.255,0.057,2.708,0.369,0.840
4961,4U-C-Z4.tif,0.019,0.725,0.459,0.240,495,114,53.393,0.166,1.775,0.563,0.725
4962,4U-C-Z4.tif,0.004,0.237,0.798,0.087,558,88,18.435,0.070,1.166,0.858,0.843
4963,4U-C-Z4.tif,0.002,0.200,0.716,0.072,676,79,171.254,0.055,1.279,0.782,0.811
4964,4U-C-Z4.tif,0.007,0.394,0.596,0.126,703,82,151.189,0.088,1.154,0.867,0.828
4965,4U-C-Z4.tif,0.001,0.136,0.966,0.051,886,86,40.601,0.039,1.198,0.835,0.922
4966,4U-C-Z4.tif,0.008,0.399,0.649,0.160,177,83,153.435,0.088,1.793,0.558,0.864
4967,4U-C-Z4.tif,0.006,0.312,0.729,0.103,219,98,74.476,0.088,1.136,0.881,0.846
4968,4U-C-Z4.tif,0.007,0.356,0.664,0.119,283,81,166.608,0.099,1.260,0.794,0.842
4969,4U-C-Z4.tif,0.003,0.351,0.351,0.110,521,92,17.526,0.075,1.298,0.770,0.600
4970,4U-C-Z4.tif,0.002,0.172,0.838,0.069,235,83,151.390,0.047,1.408,0.710,0.861
4971,4U-C-Z4.tif,0.005,0.324,0.589,0.113,579,97,50.906,0.084,1.446,0.692,0.781
4972,4U-C-Z4.tif,0.003,0.245,0.564,0.081,804,81,118.301,0.060,1.284,0.779,0.754
4973,4U-C-Z4.tif,0.004,0.268,0.632,0.112,817,85,11.310,0.050,2.248,0.445,0.888
4974,4U-C-Z4.tif,0.002,0.191,0.786,0.078,82,83,135.000,0.049,1.711,0.584,0.847
4975,4U-C-Z4.tif,0.004,0.312,0.464,0.096,130,93,23.629,0.072,1.313,0.762,0.710
4976,4U-C-Z4.tif,0.004,0.264,0.804,0.094,323,95,20.556,0.073,1.281,0.781,0.883
4977,4U-C-Z4.tif,0.008,0.462,0.465,0.138,259,105,53.130,0.111,1.399,0.715,0.716
4978,4U-C-Z4.tif,0.002,0.189,0.723,0.070,596,83,128.660,0.053,1.120,0.893,0.824
4979,4U-C-Z4.tif,0.002,0.176,0.685,0.073,433,87,167.005,0.041,1.926,0.519,0.806
4980,4U-C-Z4.tif,0.004,0.403,0.311,0.154,677,88,165.466,0.058,3.321,0.301,0.667
4981,4U-C-Z4.tif,0.003,0.244,0.545,0.074,391,86,138.013,0.061,1.090,0.917,0.783
4982,4U-C-Z4.tif,0.002,0.206,0.726,0.085,459,92,14.931,0.050,1.737,0.576,0.848
4983,4U-C-Z4.tif,0.004,0.244,0.782,0.103,759,88,164.476,0.055,1.948,0.513,0.891
4984,4U-C-Z4.tif,0.002,0.183,0.718,0.072,788,94,32.471,0.044,1.746,0.573,0.808
4985,4U-C-Z4.tif,0.003,0.223,0.735,0.078,635,90,171.870,0.061,1.268,0.789,0.831
4986,4U-C-Z4.tif,0.006,0.316,0.749,0.127,615,91,162.350,0.073,1.832,0.546,0.881
4987,4U-C-Z4.tif,0.014,0.593,0.507,0.222,169,90,156.615,0.117,1.872,0.534,0.826
4988,4U-C-Z4.tif,0.003,0.258,0.618,0.094,557,89,93.366,0.060,1.535,0.652,0.844
4989,4U-C-Z4.tif,0.010,0.444,0.618,0.153,733,113,59.744,0.104,1.427,0.701,0.843
4990,4U-C-Z4.tif,0.007,0.397,0.588,0.172,826,101,16.699,0.073,2.628,0.380,0.858
4991,4U-C-Z4.tif,0.003,0.220,0.721,0.095,982,94,10.008,0.044,1.920,0.521,0.868
4992,4U-C-Z4.tif,0.008,0.533,0.345,0.180,93,92,152.650,0.094,2.327,0.430,0.666
4993,4U-C-Z4.tif,0.010,0.450,0.649,0.143,869,101,15.642,0.120,1.084,0.923,0.842
4994,4U-C-Z4.tif,0.005,0.300,0.679,0.117,143,96,160.710,0.066,1.849,0.541,0.821
4995,4U-C-Z4.tif,0.013,0.559,0.507,0.176,14,92,138.814,0.116,1.454,0.688,0.821
4996,4U-C-Z4.tif,0.003,0.228,0.746,0.084,655,94,156.801,0.055,1.406,0.711,0.876
4997,4U-C-Z4.tif,0.004,0.233,0.818,0.090,896,105,52.431,0.061,1.343,0.745,0.921
4998,4U-C-Z4.tif,0.003,0.310,0.389,0.128,959,98,7.431,0.055,3.093,0.323,0.653
4999,4U-C-Z4.tif,0.017,0.689,0.459,0.244,287,101,165.651,0.135,1.927,0.519,0.750
5000,4U-C-Z4.tif,0.004,0.247,0.824,0.091,329,102,25.017,0.059,1.594,0.627,0.886
5001,4U-C-Z4.tif,0.002,0.195,0.770,0.083,472,94,143.130,0.046,2.053,0.487,0.842
5002,4U-C-Z4.tif,0.002,0.178,0.767,0.067,812,105,80.538,0.044,1.312,0.762,0.853
5003,4U-C-Z4.tif,0.004,0.310,0.528,0.107,595,98,145.491,0.081,1.191,0.840,0.723
5004,4U-C-Z4.tif,0.004,0.322,0.486,0.101,675,95,139.399,0.073,1.418,0.705,0.752
5005,4U-C-Z4.tif,0.001,0.145,0.632,0.064,909,95,160.017,0.029,2.562,0.390,0.787
5006,4U-C-Z4.tif,0.017,0.800,0.340,0.226,362,95,135.000,0.157,1.438,0.696,0.700
5007,4U-C-Z4.tif,0.003,0.330,0.339,0.113,519,97,136.975,0.067,1.710,0.585,0.590
5008,4U-C-Z4.tif,0.004,0.355,0.439,0.117,427,99,138.814,0.086,1.472,0.679,0.740
5009,4U-C-Z4.tif,0.005,0.269,0.805,0.099,579,108,33.690,0.074,1.256,0.796,0.884
5010,4U-C-Z4.tif,0.006,0.342,0.614,0.146,938,97,160.201,0.068,2.366,0.423,0.827
5011,4U-C-Z4.tif,0.002,0.202,0.590,0.079,266,105,12.095,0.044,1.998,0.501,0.773
5012,4U-C-Z4.tif,0.008,0.381,0.718,0.138,399,102,156.501,0.098,1.434,0.697,0.855
5013,4U-C-Z4.tif,0.002,0.224,0.579,0.072,454,100,147.529,0.055,1.172,0.853,0.796
5014,4U-C-Z4.tif,0.005,0.356,0.520,0.117,564,118,81.870,0.071,1.747,0.572,0.799
5015,4U-C-Z4.tif,0.004,0.266,0.636,0.095,927,97,100.008,0.059,1.742,0.574,0.819
5016,4U-C-Z4.tif,0.006,0.333,0.669,0.121,221,98,155.772,0.077,1.460,0.685,0.846
5017,4U-C-Z4.tif,0.002,0.170,0.681,0.069,538,110,61.390,0.037,1.926,0.519,0.819
5018,4U-C-Z4.tif,0.005,0.288,0.685,0.107,749,116,34.509,0.072,1.368,0.731,0.864
5019,4U-C-Z4.tif,0.004,0.256,0.795,0.101,852,120,60.642,0.066,1.579,0.633,0.873
5020,4U-C-Z4.tif,0.011,0.594,0.382,0.174,910,103,100.954,0.103,1.690,0.592,0.739
5021,4U-C-Z4.tif,0.012,0.725,0.294,0.219,58,109,139.086,0.127,1.350,0.741,0.701
5022,4U-C-Z4.tif,0.005,0.355,0.506,0.144,466,104,139.635,0.068,2.691,0.372,0.790
5023,4U-C-Z4.tif,0.001,0.158,0.613,0.067,710,110,24.444,0.035,2.113,0.473,0.741
5024,4U-C-Z4.tif,0.012,0.478,0.645,0.158,788,107,102.095,0.118,1.445,0.692,0.844
5025,4U-C-Z4.tif,0.005,0.320,0.668,0.115,625,121,35.218,0.074,1.539,0.650,0.855
5026,4U-C-Z4.tif,0.004,0.263,0.641,0.098,348,109,106.390,0.054,2.106,0.475,0.844
5027,4U-C-Z4.tif,0.003,0.248,0.624,0.091,608,115,165.964,0.057,1.521,0.658,0.815
5028,4U-C-Z4.tif,0.003,0.256,0.615,0.094,145,112,176.634,0.064,1.648,0.607,0.749
5029,4U-C-Z4.tif,0.005,0.283,0.734,0.097,116,113,137.291,0.077,1.145,0.873,0.860
5030,4U-C-Z4.tif,0.007,0.399,0.537,0.144,678,121,17.745,0.087,1.749,0.572,0.799
5031,4U-C-Z4.tif,0.010,0.445,0.612,0.172,825,111,129.806,0.088,2.104,0.475,0.841
5032,4U-C-Z4.tif,0.001,0.187,0.510,0.072,941,112,147.529,0.040,1.967,0.508,0.671
5033,4U-C-Z4.tif,0.007,0.395,0.548,0.133,820,136,82.875,0.094,1.597,0.626,0.795
5034,4U-C-Z4.tif,0.012,0.472,0.655,0.171,864,112,123.179,0.110,1.769,0.565,0.822
5035,4U-C-Z4.tif,0.002,0.174,0.757,0.069,971,118,28.610,0.044,1.511,0.662,0.857
5036,4U-C-Z4.tif,0.008,0.377,0.695,0.144,195,120,173.418,0.085,1.656,0.604,0.851
5037,4U-C-Z4.tif,0.002,0.216,0.597,0.083,643,115,172.405,0.044,2.054,0.487,0.830
5038,4U-C-Z4.tif,0.002,0.169,0.737,0.067,881,113,155.556,0.044,1.411,0.709,0.803
5039,4U-C-Z4.tif,0.003,0.233,0.710,0.087,331,127,55.305,0.060,1.484,0.674,0.849
5040,4U-C-Z4.tif,0.004,0.267,0.779,0.099,94,115,146.310,0.066,1.500,0.667,0.872
5041,4U-C-Z4.tif,0.006,0.412,0.443,0.117,417,118,131.186,0.087,1.553,0.644,0.763
5042,4U-C-Z4.tif,0.004,0.282,0.670,0.108,502,126,23.962,0.064,1.652,0.605,0.809
5043,4U-C-Z4.tif,0.002,0.172,0.735,0.077,664,117,158.962,0.038,2.137,0.468,0.851
5044,4U-C-Z4.tif,0.007,0.329,0.790,0.122,263,124,174.806,0.084,1.426,0.701,0.882
5045,4U-C-Z4.tif,0.005,0.315,0.656,0.111,525,125,8.531,0.072,1.630,0.614,0.810
5046,4U-C-Z4.tif,0.006,0.320,0.724,0.109,178,119,149.534,0.088,1.168,0.856,0.855
5047,4U-C-Z4.tif,0.027,0.699,0.692,0.262,215,148,40.732,0.167,1.532,0.653,0.917
5048,4U-C-Z4.tif,0.005,0.336,0.574,0.106,302,117,128.660,0.086,1.238,0.808,0.778
5049,4U-C-Z4.tif,0.006,0.339,0.692,0.136,960,118,148.241,0.074,2.031,0.492,0.865
5050,4U-C-Z4.tif,0.001,0.137,0.685,0.055,41,126,36.870,0.037,1.605,0.623,0.764
5051,4U-C-Z4.tif,0.011,0.541,0.483,0.170,441,120,155.095,0.109,1.448,0.691,0.806
5052,4U-C-Z4.tif,0.002,0.167,0.926,0.059,764,128,68.199,0.050,1.100,0.909,0.901
5053,4U-C-Z4.tif,0.006,0.330,0.658,0.138,50,120,156.501,0.066,1.990,0.502,0.876
5054,4U-C-Z4.tif,0.008,0.397,0.673,0.134,561,143,70.821,0.091,1.532,0.653,0.858
5055,4U-C-Z4.tif,0.012,0.480,0.642,0.167,578,135,17.241,0.110,1.555,0.643,0.873
5056,4U-C-Z4.tif,0.002,0.173,0.813,0.063,659,122,164.745,0.049,1.257,0.795,0.848
5057,4U-C-Z4.tif,0.006,0.324,0.760,0.122,130,121,125.838,0.082,1.462,0.684,0.891
5058,4U-C-Z4.tif,0.002,0.213,0.648,0.083,385,121,97.595,0.044,1.700,0.588,0.824
5059,4U-C-Z4.tif,0.004,0.281,0.659,0.109,401,123,149.534,0.064,1.535,0.651,0.851
5060,4U-C-Z4.tif,0.011,0.494,0.562,0.195,719,135,16.390,0.103,1.948,0.513,0.808
5061,4U-C-Z4.tif,0.005,0.381,0.403,0.153,12,138,30.256,0.058,2.904,0.344,0.703
5062,4U-C-Z4.tif,0.002,0.187,0.694,0.070,633,133,38.660,0.045,1.771,0.565,0.790
5063,4U-C-Z4.tif,0.001,0.134,0.740,0.052,671,124,122.005,0.035,1.466,0.682,0.854
5064,4U-C-Z4.tif,0.010,0.556,0.396,0.171,510,137,174.472,0.107,1.458,0.686,0.749
5065,4U-C-Z4.tif,0.002,0.234,0.535,0.087,771,126,108.435,0.048,1.923,0.520,0.778
5066,4U-C-Z4.tif,0.005,0.312,0.682,0.105,926,138,6.009,0.083,1.112,0.899,0.806
5067,4U-C-Z4.tif,0.005,0.344,0.558,0.123,993,148,79.695,0.067,2.211,0.452,0.764
5068,4U-C-Z4.tif,0.002,0.169,0.772,0.070,6,135,38.660,0.043,1.745,0.573,0.885
5069,4U-C-Z4.tif,0.003,0.255,0.651,0.102,285,127,143.746,0.059,1.840,0.543,0.847
5070,4U-C-Z4.tif,0.004,0.260,0.829,0.098,366,127,153.435,0.061,1.418,0.705,0.933
5071,4U-C-Z4.tif,0.002,0.194,0.608,0.062,497,131,169.695,0.050,1.191,0.839,0.805
5072,4U-C-Z4.tif,0.001,0.184,0.393,0.075,158,133,17.103,0.033,2.427,0.412,0.619
5073,4U-C-Z4.tif,0.010,0.434,0.680,0.148,639,135,164.932,0.109,1.300,0.769,0.845
5074,4U-C-Z4.tif,0.007,0.386,0.632,0.130,961,129,102.265,0.095,1.364,0.733,0.810
5075,4U-C-Z4.tif,0.004,0.269,0.679,0.103,100,139,25.201,0.066,1.758,0.569,0.857
5076,4U-C-Z4.tif,0.010,0.487,0.535,0.163,187,135,156.038,0.094,1.829,0.547,0.865
5077,4U-C-Z4.tif,0.003,0.211,0.712,0.082,314,141,42.274,0.049,1.650,0.606,0.822
5078,4U-C-Z4.tif,0.001,0.147,0.686,0.067,620,131,170.538,0.022,2.987,0.335,0.907
5079,4U-C-Z4.tif,0.001,0.126,0.953,0.049,432,136,26.565,0.039,1.292,0.774,0.860
5080,4U-C-Z4.tif,0.005,0.272,0.779,0.096,344,139,13.241,0.072,1.370,0.730,0.886
5081,4U-C-Z4.tif,0.004,0.252,0.836,0.086,710,148,26.565,0.071,1.179,0.848,0.885
5082,4U-C-Z4.tif,0.006,0.344,0.648,0.126,401,141,151.189,0.082,1.734,0.577,0.825
5083,4U-C-Z4.tif,0.003,0.216,0.809,0.082,753,137,137.726,0.059,1.346,0.743,0.872
5084,4U-C-Z4.tif,0.007,0.403,0.574,0.121,265,137,129.472,0.109,1.235,0.810,0.789
5085,4U-C-Z4.tif,0.006,0.405,0.459,0.158,599,147,12.095,0.072,2.063,0.485,0.747
5086,4U-C-Z4.tif,0.005,0.305,0.644,0.111,22,140,159.775,0.072,1.536,0.651,0.818
5087,4U-C-Z4.tif,0.002,0.197,0.735,0.072,281,138,122.471,0.050,1.485,0.674,0.872
5088,4U-C-Z4.tif,0.001,0.169,0.496,0.062,387,138,116.565,0.037,1.875,0.533,0.692
5089,4U-C-Z4.tif,0.002,0.151,0.934,0.056,471,141,168.690,0.043,1.299,0.770,0.862
5090,4U-C-Z4.tif,0.001,0.150,0.679,0.060,818,138,123.690,0.039,1.916,0.522,0.777
5091,4U-C-Z4.tif,0.004,0.311,0.531,0.129,110,144,9.866,0.050,2.847,0.351,0.823
5092,4U-C-Z4.tif,0.010,0.564,0.383,0.140,671,155,11.310,0.122,1.256,0.796,0.735
5093,4U-C-Z4.tif,0.002,0.176,0.881,0.066,892,143,175.236,0.050,1.293,0.773,0.867
5094,4U-C-Z4.tif,0.003,0.250,0.690,0.091,154,149,14.036,0.061,1.519,0.658,0.816
5095,4U-C-Z4.tif,0.002,0.195,0.650,0.089,330,141,150.255,0.037,2.798,0.357,0.839
5096,4U-C-Z4.tif,0.004,0.257,0.815,0.096,439,149,23.629,0.061,1.500,0.667,0.907
5097,4U-C-Z4.tif,0.003,0.228,0.665,0.094,765,141,130.236,0.051,1.945,0.514,0.805
5098,4U-C-Z4.tif,0.006,0.355,0.605,0.136,854,142,158.629,0.083,1.581,0.633,0.800
5099,4U-C-Z4.tif,0.024,1.004,0.304,0.257,36,149,157.286,0.187,1.249,0.801,0.724
5100,4U-C-Z4.tif,0.003,0.239,0.745,0.094,71,144,159.444,0.059,1.544,0.647,0.855
5101,4U-C-Z4.tif,0.003,0.217,0.799,0.075,943,145,143.973,0.060,1.309,0.764,0.872
5102,4U-C-Z4.tif,0.002,0.208,0.654,0.078,139,149,8.130,0.050,1.614,0.619,0.800
5103,4U-C-Z4.tif,0.003,0.248,0.692,0.103,352,146,154.799,0.052,2.082,0.480,0.830
5104,4U-C-Z4.tif,0.003,0.217,0.831,0.079,462,146,146.310,0.062,1.195,0.837,0.888
5105,4U-C-Z4.tif,0.014,0.572,0.541,0.185,487,156,162.646,0.132,1.287,0.777,0.812
5106,4U-C-Z4.tif,0.005,0.361,0.526,0.136,103,146,165.964,0.066,1.961,0.510,0.783
5107,4U-C-Z4.tif,0.001,0.167,0.613,0.059,745,146,138.814,0.041,1.680,0.595,0.714
5108,4U-C-Z4.tif,0.001,0.142,0.812,0.060,328,146,146.310,0.034,1.753,0.570,0.860
5109,4U-C-Z4.tif,0.010,0.526,0.464,0.159,561,169,33.690,0.111,1.497,0.668,0.814
5110,4U-C-Z4.tif,0.007,0.351,0.684,0.135,827,147,153.435,0.085,1.474,0.678,0.836
5111,4U-C-Z4.tif,0.003,0.252,0.590,0.083,423,148,126.870,0.066,1.335,0.749,0.797
5112,4U-C-Z4.tif,0.008,0.412,0.555,0.130,722,167,53.616,0.101,1.232,0.812,0.795
5113,4U-C-Z4.tif,0.004,0.256,0.714,0.090,23,164,79.380,0.066,1.277,0.783,0.866
5114,4U-C-Z4.tif,0.007,0.368,0.609,0.138,160,162,23.499,0.082,1.397,0.716,0.812
5115,4U-C-Z4.tif,0.006,0.337,0.643,0.123,293,172,79.695,0.081,1.670,0.599,0.812
5116,4U-C-Z4.tif,0.002,0.264,0.399,0.106,882,152,171.027,0.041,2.900,0.345,0.667
5117,4U-C-Z4.tif,0.004,0.265,0.709,0.084,13,151,101.310,0.074,1.072,0.933,0.832
5118,4U-C-Z4.tif,0.006,0.335,0.650,0.110,131,170,72.474,0.083,1.446,0.691,0.834
5119,4U-C-Z4.tif,0.014,0.488,0.716,0.170,310,151,125.754,0.132,1.163,0.860,0.870
5120,4U-C-Z4.tif,0.005,0.328,0.559,0.100,784,155,170.538,0.083,1.172,0.853,0.800
5121,4U-C-Z4.tif,0.001,0.159,0.704,0.062,409,153,153.435,0.044,1.388,0.720,0.790
5122,4U-C-Z4.tif,0.002,0.183,0.775,0.079,540,159,24.775,0.043,2.047,0.489,0.883
5123,4U-C-Z4.tif,0.018,0.919,0.265,0.270,615,194,50.793,0.159,1.843,0.543,0.601
5124,4U-C-Z4.tif,0.006,0.441,0.388,0.166,909,163,15.422,0.071,2.824,0.354,0.715
5125,4U-C-Z4.tif,0.005,0.296,0.728,0.107,373,162,11.889,0.061,1.666,0.600,0.886
5126,4U-C-Z4.tif,0.001,0.136,0.904,0.055,441,155,143.130,0.039,1.337,0.748,0.907
5127,4U-C-Z4.tif,0.003,0.220,0.862,0.084,850,157,156.801,0.061,1.246,0.803,0.870
5128,4U-C-Z4.tif,0.008,0.369,0.750,0.141,886,155,120.579,0.086,1.777,0.563,0.889
5129,4U-C-Z4.tif,0.008,0.406,0.576,0.161,992,156,172.147,0.077,1.930,0.518,0.882
5130,4U-C-Z4.tif,0.008,0.364,0.763,0.124,87,169,12.804,0.103,1.142,0.875,0.862
5131,4U-C-Z4.tif,0.002,0.248,0.451,0.102,201,157,143.746,0.051,2.606,0.384,0.655
5132,4U-C-Z4.tif,0.005,0.335,0.558,0.121,466,157,149.931,0.083,1.585,0.631,0.742
5133,4U-C-Z4.tif,0.004,0.333,0.423,0.115,188,174,54.782,0.059,2.273,0.440,0.715
5134,4U-C-Z4.tif,0.004,0.257,0.730,0.094,217,168,28.072,0.065,1.455,0.687,0.827
5135,4U-C-Z4.tif,0.001,0.184,0.528,0.067,251,157,99.462,0.037,1.930,0.518,0.740
5136,4U-C-Z4.tif,0.002,0.174,0.757,0.068,601,160,165.964,0.033,1.919,0.521,0.923
5137,4U-C-Z4.tif,0.003,0.209,0.782,0.086,694,167,39.806,0.051,1.843,0.542,0.857
5138,4U-C-Z4.tif,0.003,0.300,0.355,0.113,975,158,136.975,0.061,1.827,0.547,0.564
5139,4U-C-Z4.tif,0.003,0.247,0.705,0.096,748,168,30.964,0.055,1.489,0.672,0.897
5140,4U-C-Z4.tif,0.003,0.241,0.570,0.084,807,166,23.199,0.044,1.819,0.550,0.874
5141,4U-C-Z4.tif,0.011,0.567,0.421,0.178,325,188,60.255,0.122,1.718,0.582,0.717
5142,4U-C-Z4.tif,0.003,0.209,0.764,0.079,957,171,56.310,0.058,1.243,0.804,0.850
5143,4U-C-Z4.tif,0.003,0.246,0.593,0.096,145,160,113.629,0.055,1.954,0.512,0.783
5144,4U-C-Z4.tif,0.003,0.242,0.726,0.098,234,174,51.843,0.059,1.914,0.523,0.839
5145,4U-C-Z4.tif,0.003,0.239,0.682,0.087,391,162,145.305,0.053,1.728,0.579,0.810
5146,4U-C-Z4.tif,0.001,0.131,0.887,0.051,461,160,102.529,0.039,1.326,0.754,0.851
5147,4U-C-Z4.tif,0.002,0.187,0.672,0.078,414,161,140.711,0.042,1.819,0.550,0.827
5148,4U-C-Z4.tif,0.005,0.284,0.732,0.113,645,176,39.094,0.062,1.923,0.520,0.868
5149,4U-C-Z4.tif,0.003,0.211,0.708,0.091,732,161,154.983,0.044,2.233,0.448,0.865
5150,4U-C-Z4.tif,0.003,0.237,0.581,0.099,577,177,56.310,0.044,2.582,0.387,0.793
5151,4U-C-Z4.tif,0.004,0.314,0.468,0.117,600,162,109.290,0.067,1.786,0.560,0.699
5152,4U-C-Z4.tif,0.007,0.379,0.619,0.119,259,176,21.801,0.093,1.306,0.766,0.792
5153,4U-C-Z4.tif,0.011,0.443,0.727,0.157,164,164,108.435,0.105,1.480,0.676,0.898
5154,4U-C-Z4.tif,0.001,0.172,0.606,0.073,905,167,167.005,0.033,2.209,0.453,0.817
5155,4U-C-Z4.tif,0.003,0.230,0.730,0.084,356,171,168.690,0.061,1.313,0.762,0.811
5156,4U-C-Z4.tif,0.002,0.214,0.649,0.089,660,167,158.199,0.047,2.019,0.495,0.792
5157,4U-C-Z4.tif,0.006,0.333,0.716,0.124,856,171,159.146,0.081,1.421,0.704,0.854
5158,4U-C-Z4.tif,0.008,0.427,0.569,0.140,110,166,131.820,0.103,1.213,0.825,0.814
5159,4U-C-Z4.tif,0.008,0.455,0.504,0.159,376,166,146.310,0.093,1.809,0.553,0.859
5160,4U-C-Z4.tif,0.007,0.366,0.678,0.128,816,167,120.964,0.089,1.325,0.755,0.838
5161,4U-C-Z4.tif,0.020,0.600,0.712,0.191,932,196,56.768,0.158,1.228,0.814,0.889
5162,4U-C-Z4.tif,0.005,0.328,0.609,0.121,450,188,59.931,0.067,2.269,0.441,0.817
5163,4U-C-Z4.tif,0.021,0.811,0.404,0.288,499,196,28.523,0.142,2.147,0.466,0.747
5164,4U-C-Z4.tif,0.002,0.187,0.596,0.078,726,170,129.289,0.035,2.487,0.402,0.764
5165,4U-C-Z4.tif,0.006,0.356,0.640,0.121,966,170,92.603,0.083,1.599,0.626,0.834
5166,4U-C-Z4.tif,0.004,0.274,0.672,0.098,201,171,116.565,0.067,1.437,0.696,0.835
5167,4U-C-Z4.tif,0.004,0.328,0.453,0.105,235,182,176.987,0.077,1.566,0.638,0.719
5168,4U-C-Z4.tif,0.004,0.255,0.722,0.106,791,171,141.340,0.058,1.945,0.514,0.863
5169,4U-C-Z4.tif,0.006,0.327,0.678,0.133,989,181,7.125,0.072,1.938,0.516,0.864
5170,4U-C-Z4.tif,0.002,0.175,0.808,0.075,32,177,17.103,0.039,2.042,0.490,0.884
5171,4U-C-Z4.tif,0.001,0.141,0.693,0.063,563,173,164.745,0.028,1.994,0.501,0.837
5172,4U-C-Z4.tif,0.010,0.464,0.606,0.167,736,178,162.759,0.110,1.425,0.702,0.800
5173,4U-C-Z4.tif,0.003,0.215,0.682,0.075,76,174,107.103,0.058,1.280,0.781,0.822
5174,4U-C-Z4.tif,0.002,0.195,0.570,0.067,476,176,145.008,0.046,1.677,0.596,0.704
5175,4U-C-Z4.tif,0.003,0.242,0.700,0.096,685,183,23.629,0.049,1.996,0.501,0.864
5176,4U-C-Z4.tif,0.002,0.152,0.943,0.063,418,175,127.875,0.044,1.448,0.691,0.919
5177,4U-C-Z4.tif,0.004,0.270,0.740,0.096,438,175,103.241,0.072,1.461,0.685,0.835
5178,4U-C-Z4.tif,0.001,0.152,0.794,0.063,836,175,127.875,0.043,1.693,0.591,0.821
5179,4U-C-Z4.tif,0.002,0.206,0.591,0.076,213,179,149.744,0.053,1.615,0.619,0.717
5180,4U-C-Z4.tif,0.005,0.348,0.562,0.129,545,176,129.806,0.073,1.872,0.534,0.780
5181,4U-C-Z4.tif,0.003,0.248,0.685,0.082,779,176,109.654,0.069,1.063,0.941,0.784
5182,4U-C-Z4.tif,0.008,0.411,0.561,0.136,281,178,121.759,0.099,1.288,0.776,0.792
5183,4U-C-Z4.tif,0.007,0.381,0.613,0.124,584,192,32.276,0.093,1.421,0.704,0.833
5184,4U-C-Z4.tif,0.001,0.150,0.730,0.054,349,184,23.962,0.039,1.423,0.703,0.851
5185,4U-C-Z4.tif,0.010,0.504,0.500,0.146,467,178,109.799,0.120,1.212,0.825,0.789
5186,4U-C-Z4.tif,0.006,0.337,0.630,0.127,35,183,162.350,0.076,1.996,0.501,0.821
5187,4U-C-Z4.tif,0.002,0.176,0.612,0.070,645,189,45.000,0.042,2.076,0.482,0.714
5188,4U-C-Z4.tif,0.001,0.150,0.724,0.056,805,184,168.690,0.033,1.493,0.670,0.843
5189,4U-C-Z4.tif,0.001,0.141,0.866,0.054,302,182,156.038,0.039,1.339,0.747,0.865
5190,4U-C-Z4.tif,0.003,0.225,0.790,0.089,872,184,150.255,0.058,1.543,0.648,0.879
5191,4U-C-Z4.tif,0.005,0.299,0.768,0.115,20,202,73.301,0.064,1.858,0.538,0.896
5192,4U-C-Z4.tif,0.001,0.152,0.596,0.066,135,184,175.236,0.022,2.847,0.351,0.847
5193,4U-C-Z4.tif,0.006,0.311,0.825,0.113,667,182,112.834,0.076,1.513,0.661,0.895
5194,4U-C-Z4.tif,0.004,0.317,0.470,0.098,69,183,128.157,0.074,1.140,0.877,0.770
5195,4U-C-Z4.tif,0.006,0.449,0.394,0.164,384,192,160.346,0.091,1.702,0.588,0.675
5196,4U-C-Z4.tif,0.001,0.115,1.000,0.045,492,184,104.036,0.033,1.297,0.771,0.886
5197,4U-C-Z4.tif,0.001,0.145,0.758,0.060,147,186,146.310,0.034,1.776,0.563,0.857
5198,4U-C-Z4.tif,0.004,0.266,0.685,0.095,887,185,100.008,0.071,1.298,0.771,0.830
5199,4U-C-Z4.tif,0.002,0.180,0.826,0.075,1004,187,143.973,0.045,1.771,0.565,0.870
5200,4U-C-Z4.tif,0.003,0.217,0.896,0.077,354,188,158.962,0.065,1.229,0.813,0.902
5201,4U-C-Z4.tif,0.001,0.139,0.830,0.052,215,196,71.565,0.039,1.293,0.774,0.832
5202,4U-C-Z4.tif,0.007,0.395,0.594,0.127,775,193,162.350,0.090,1.291,0.774,0.823
5203,4U-C-Z4.tif,0.004,0.297,0.561,0.116,299,200,25.346,0.063,1.845,0.542,0.820
5204,4U-C-Z4.tif,0.003,0.198,0.822,0.083,418,189,143.130,0.051,1.642,0.609,0.881
5205,4U-C-Z4.tif,0.008,0.427,0.571,0.139,682,203,6.843,0.105,1.146,0.873,0.792
5206,4U-C-Z4.tif,0.005,0.292,0.713,0.115,91,203,35.218,0.069,1.900,0.526,0.840
5207,4U-C-Z4.tif,0.007,0.408,0.550,0.155,183,190,157.068,0.081,1.988,0.503,0.789
5208,4U-C-Z4.tif,0.005,0.297,0.704,0.119,807,192,166.608,0.061,2.003,0.499,0.896
5209,4U-C-Z4.tif,0.002,0.180,0.673,0.072,111,191,122.471,0.042,1.753,0.570,0.814
5210,4U-C-Z4.tif,0.013,0.531,0.571,0.200,218,207,20.925,0.108,1.753,0.570,0.816
5211,4U-C-Z4.tif,0.007,0.429,0.465,0.155,257,191,117.474,0.086,1.749,0.572,0.731
5212,4U-C-Z4.tif,0.002,0.169,0.777,0.064,956,199,30.964,0.046,1.442,0.694,0.847
5213,4U-C-Z4.tif,0.013,0.611,0.450,0.177,850,193,143.842,0.147,1.182,0.846,0.756
5214,4U-C-Z4.tif,0.010,0.472,0.537,0.151,982,192,123.111,0.117,1.133,0.882,0.785
5215,4U-C-Z4.tif,0.002,0.194,0.750,0.075,37,193,107.103,0.044,1.824,0.548,0.860
5216,4U-C-Z4.tif,0.016,0.553,0.674,0.188,365,213,20.556,0.140,1.319,0.758,0.870
5217,4U-C-Z4.tif,0.002,0.294,0.300,0.106,553,202,21.251,0.044,2.894,0.346,0.569
5218,4U-C-Z4.tif,0.004,0.278,0.628,0.096,643,194,149.036,0.062,1.773,0.564,0.809
5219,4U-C-Z4.tif,0.007,0.400,0.538,0.144,836,194,96.582,0.071,2.237,0.447,0.799
5220,4U-C-Z4.tif,0.009,0.489,0.491,0.153,903,196,149.744,0.098,1.634,0.612,0.803
5221,4U-C-Z4.tif,0.007,0.350,0.680,0.116,340,196,148.570,0.088,1.146,0.872,0.862
5222,4U-C-Z4.tif,0.009,0.583,0.333,0.182,431,197,151.113,0.095,1.972,0.507,0.684
5223,4U-C-Z4.tif,0.003,0.264,0.563,0.095,718,201,10.008,0.064,1.388,0.721,0.730
5224,4U-C-Z4.tif,0.002,0.156,0.858,0.062,762,195,116.565,0.043,1.472,0.679,0.859
5225,4U-C-Z4.tif,0.005,0.322,0.604,0.111,330,214,63.435,0.088,1.230,0.813,0.761
5226,4U-C-Z4.tif,0.010,0.450,0.608,0.172,568,206,172.648,0.093,1.957,0.511,0.849
5227,4U-C-Z4.tif,0.005,0.309,0.649,0.138,736,197,143.130,0.058,2.515,0.398,0.840
5228,4U-C-Z4.tif,0.007,0.383,0.559,0.129,41,210,19.983,0.091,1.584,0.631,0.782
5229,4U-C-Z4.tif,0.005,0.344,0.568,0.119,129,215,56.310,0.084,1.421,0.704,0.780
5230,4U-C-Z4.tif,0.006,0.342,0.637,0.136,525,200,148.241,0.074,2.019,0.495,0.807
5231,4U-C-Z4.tif,0.001,0.175,0.572,0.072,78,198,157.380,0.036,2.038,0.491,0.748
5232,4U-C-Z4.tif,0.002,0.159,0.868,0.064,1009,199,160.017,0.039,1.513,0.661,0.892
5233,4U-C-Z4.tif,0.002,0.200,0.649,0.074,275,200,116.565,0.047,1.849,0.541,0.764
5234,4U-C-Z4.tif,0.003,0.290,0.451,0.105,945,202,132.879,0.054,2.327,0.430,0.697
5235,4U-C-Z4.tif,0.003,0.209,0.868,0.085,306,208,14.931,0.050,1.651,0.606,0.917
5236,4U-C-Z4.tif,0.002,0.186,0.715,0.073,513,204,167.005,0.044,1.826,0.548,0.850
5237,4U-C-Z4.tif,0.006,0.426,0.382,0.163,626,206,156.038,0.082,1.684,0.594,0.639
5238,4U-C-Z4.tif,0.004,0.281,0.693,0.106,144,217,51.340,0.070,1.574,0.635,0.900
5239,4U-C-Z4.tif,0.004,0.329,0.518,0.104,958,210,18.435,0.071,1.479,0.676,0.812
5240,4U-C-Z4.tif,0.007,0.405,0.544,0.133,397,222,24.444,0.097,1.388,0.721,0.785
5241,4U-C-Z4.tif,0.003,0.235,0.650,0.082,803,206,160.346,0.055,1.407,0.711,0.851
5242,4U-C-Z4.tif,0.003,0.233,0.738,0.079,888,209,167.905,0.066,1.187,0.843,0.830
5243,4U-C-Z4.tif,0.002,0.183,0.786,0.070,20,214,51.340,0.049,1.614,0.620,0.857
5244,4U-C-Z4.tif,0.001,0.156,0.733,0.062,599,212,45.000,0.039,1.799,0.556,0.783
5245,4U-C-Z4.tif,0.006,0.375,0.534,0.130,781,209,143.616,0.084,1.469,0.681,0.779
5246,4U-C-Z4.tif,0.004,0.289,0.578,0.107,96,208,168.111,0.061,1.983,0.504,0.796
5247,4U-C-Z4.tif,0.010,0.510,0.477,0.185,719,205,100.305,0.081,2.446,0.409,0.827
5248,4U-C-Z4.tif,0.001,0.125,0.924,0.052,76,207,161.565,0.028,1.694,0.590,0.927
5249,4U-C-Z4.tif,0.009,0.466,0.543,0.163,660,208,147.381,0.103,1.528,0.654,0.811
5250,4U-C-Z4.tif,0.003,0.220,0.721,0.086,27,219,45.000,0.056,1.533,0.652,0.852
5251,4U-C-Z4.tif,0.007,0.455,0.449,0.175,163,213,167.276,0.077,2.484,0.403,0.777
5252,4U-C-Z4.tif,0.001,0.202,0.440,0.062,423,218,63.435,0.054,1.131,0.884,0.671
5253,4U-C-Z4.tif,0.007,0.427,0.501,0.184,461,211,171.384,0.061,3.377,0.296,0.826
5254,4U-C-Z4.tif,0.009,0.394,0.696,0.139,520,210,96.843,0.099,1.411,0.709,0.858
5255,4U-C-Z4.tif,0.002,0.225,0.594,0.090,606,210,127.569,0.046,1.921,0.520,0.749
5256,4U-C-Z4.tif,0.001,0.134,0.719,0.059,63,213,158.199,0.029,2.277,0.439,0.819
5257,4U-C-Z4.tif,0.002,0.161,0.883,0.062,236,211,116.565,0.047,1.329,0.753,0.857
5258,4U-C-Z4.tif,0.002,0.225,0.466,0.079,502,219,33.690,0.050,1.491,0.671,0.743
5259,4U-C-Z4.tif,0.006,0.316,0.718,0.111,529,215,110.225,0.070,1.625,0.615,0.862
5260,4U-C-Z4.tif,0.002,0.202,0.609,0.077,250,216,158.962,0.050,1.483,0.674,0.778
5261,4U-C-Z4.tif,0.003,0.259,0.628,0.106,265,225,21.251,0.052,2.216,0.451,0.813
5262,4U-C-Z4.tif,0.002,0.213,0.606,0.080,310,220,164.055,0.050,1.683,0.594,0.809
5263,4U-C-Z4.tif,0.002,0.172,0.671,0.072,564,219,171.254,0.036,2.202,0.454,0.806
5264,4U-C-Z4.tif,0.009,0.421,0.622,0.133,694,226,155.556,0.105,1.290,0.775,0.813
5265,4U-C-Z4.tif,0.002,0.175,0.696,0.067,893,221,170.538,0.039,1.561,0.641,0.862
5266,4U-C-Z4.tif,0.002,0.236,0.390,0.072,42,217,122.471,0.049,1.415,0.707,0.687
5267,4U-C-Z4.tif,0.006,0.377,0.534,0.146,336,226,10.886,0.071,2.418,0.414,0.776
5268,4U-C-Z4.tif,0.005,0.353,0.531,0.147,617,219,145.713,0.068,2.711,0.369,0.750
5269,4U-C-Z4.tif,0.006,0.377,0.503,0.117,769,218,135.000,0.088,1.122,0.891,0.755
5270,4U-C-Z4.tif,0.005,0.406,0.418,0.136,926,225,158.629,0.089,1.648,0.607,0.667
5271,4U-C-Z4.tif,0.005,0.427,0.379,0.125,984,220,138.576,0.095,1.239,0.807,0.680
5272,4U-C-Z4.tif,0.009,0.400,0.692,0.134,4,236,34.992,0.096,1.407,0.711,0.870
5273,4U-C-Z4.tif,0.006,0.373,0.546,0.134,404,229,9.462,0.076,1.887,0.530,0.794
5274,4U-C-Z4.tif,0.009,0.442,0.549,0.151,577,232,19.093,0.084,2.006,0.498,0.821
5275,4U-C-Z4.tif,0.003,0.220,0.674,0.087,737,230,34.695,0.056,1.728,0.579,0.815
5276,4U-C-Z4.tif,0.003,0.203,0.786,0.084,805,227,23.199,0.050,1.776,0.563,0.859
5277,4U-C-Z4.tif,0.003,0.211,0.832,0.073,146,228,12.995,0.064,1.023,0.977,0.851
5278,4U-C-Z4.tif,0.007,0.412,0.546,0.124,817,240,57.724,0.100,1.315,0.761,0.815
5279,4U-C-Z4.tif,0.005,0.380,0.412,0.156,954,222,137.862,0.060,3.083,0.324,0.690
5280,4U-C-Z4.tif,0.007,0.473,0.376,0.144,126,223,130.365,0.097,1.366,0.732,0.713
5281,4U-C-Z4.tif,0.007,0.522,0.338,0.156,198,242,42.138,0.110,1.545,0.647,0.640
5282,4U-C-Z4.tif,0.007,0.331,0.777,0.119,453,239,33.690,0.090,1.296,0.772,0.875
5283,4U-C-Z4.tif,0.005,0.381,0.435,0.134,870,224,160.821,0.077,1.643,0.609,0.675
5284,4U-C-Z4.tif,0.001,0.153,0.699,0.064,170,224,120.964,0.031,2.367,0.422,0.811
5285,4U-C-Z4.tif,0.001,0.156,0.702,0.063,295,225,164.745,0.028,2.228,0.449,0.865
5286,4U-C-Z4.tif,0.004,0.276,0.609,0.106,745,237,38.660,0.058,2.002,0.499,0.782
5287,4U-C-Z4.tif,0.014,0.661,0.400,0.215,54,232,177.064,0.128,1.613,0.620,0.746
5288,4U-C-Z4.tif,0.009,0.377,0.822,0.138,219,225,126.870,0.103,1.184,0.845,0.915
5289,4U-C-Z4.tif,0.002,0.267,0.416,0.084,426,239,66.801,0.066,1.406,0.711,0.605
5290,4U-C-Z4.tif,0.001,0.133,0.992,0.057,567,226,150.945,0.033,1.594,0.627,0.939
5291,4U-C-Z4.tif,0.002,0.198,0.532,0.072,97,228,147.529,0.043,2.018,0.496,0.663
5292,4U-C-Z4.tif,0.003,0.234,0.611,0.078,369,237,50.711,0.060,1.334,0.750,0.804
5293,4U-C-Z4.tif,0.002,0.159,0.928,0.064,382,228,149.036,0.044,1.422,0.703,0.905
5294,4U-C-Z4.tif,0.008,0.459,0.490,0.172,492,227,129.806,0.085,2.410,0.415,0.737
5295,4U-C-Z4.tif,0.002,0.195,0.620,0.075,348,234,17.103,0.049,1.765,0.566,0.729
5296,4U-C-Z4.tif,0.004,0.311,0.576,0.108,980,228,113.962,0.078,1.638,0.611,0.747
5297,4U-C-Z4.tif,0.007,0.379,0.646,0.150,901,243,23.749,0.077,1.871,0.534,0.877
5298,4U-C-Z4.tif,0.007,0.341,0.724,0.127,155,247,34.380,0.090,1.299,0.770,0.875
5299,4U-C-Z4.tif,0.001,0.141,0.808,0.056,336,232,168.690,0.033,1.672,0.598,0.848
5300,4U-C-Z4.tif,0.003,0.259,0.572,0.094,785,231,130.236,0.058,1.759,0.569,0.757
5301,4U-C-Z4.tif,0.002,0.161,0.766,0.059,847,238,41.186,0.046,1.318,0.759,0.812
5302,4U-C-Z4.tif,0.005,0.316,0.662,0.107,858,247,55.491,0.077,1.512,0.662,0.849
5303,4U-C-Z4.tif,0.012,0.480,0.645,0.170,559,234,125.754,0.099,1.829,0.547,0.850
5304,4U-C-Z4.tif,0.005,0.317,0.644,0.103,617,234,115.201,0.074,1.386,0.721,0.827
5305,4U-C-Z4.tif,0.005,0.380,0.441,0.129,652,237,170.134,0.073,1.938,0.516,0.709
5306,4U-C-Z4.tif,0.012,0.522,0.568,0.185,20,247,17.354,0.116,1.716,0.583,0.821
5307,4U-C-Z4.tif,0.002,0.222,0.478,0.094,277,238,176.634,0.034,3.298,0.303,0.734
5308,4U-C-Z4.tif,0.005,0.327,0.549,0.129,174,242,9.866,0.071,2.037,0.491,0.774
5309,4U-C-Z4.tif,0.003,0.248,0.648,0.087,239,243,18.435,0.064,1.459,0.686,0.814
5310,4U-C-Z4.tif,0.002,0.170,0.838,0.070,300,237,161.565,0.039,1.780,0.562,0.908
5311,4U-C-Z4.tif,0.003,0.233,0.780,0.090,256,247,37.569,0.061,1.523,0.657,0.844
5312,4U-C-Z4.tif,0.008,0.403,0.639,0.130,737,237,126.384,0.091,1.443,0.693,0.883
5313,4U-C-Z4.tif,0.008,0.381,0.660,0.131,772,236,104.621,0.102,1.264,0.791,0.819
5314,4U-C-Z4.tif,0.002,0.164,0.722,0.072,342,240,157.380,0.034,2.286,0.437,0.850
5315,4U-C-Z4.tif,0.013,0.600,0.468,0.180,459,256,31.264,0.155,1.097,0.912,0.775
5316,4U-C-Z4.tif,0.003,0.233,0.717,0.094,324,242,151.928,0.053,1.914,0.522,0.846
5317,4U-C-Z4.tif,0.006,0.413,0.424,0.153,396,251,21.038,0.081,1.827,0.547,0.706
5318,4U-C-Z4.tif,0.004,0.272,0.707,0.109,879,257,59.534,0.062,1.717,0.583,0.825
5319,4U-C-Z4.tif,0.004,0.239,0.792,0.094,1002,252,40.236,0.064,1.442,0.693,0.875
5320,4U-C-Z4.tif,0.010,0.495,0.520,0.202,262,258,22.380,0.091,2.377,0.421,0.815
5321,4U-C-Z4.tif,0.002,0.198,0.677,0.075,919,243,162.897,0.053,1.503,0.665,0.778
5322,4U-C-Z4.tif,0.002,0.172,0.722,0.063,850,253,74.745,0.050,1.243,0.804,0.800
5323,4U-C-Z4.tif,0.007,0.362,0.661,0.148,88,261,41.987,0.070,2.273,0.440,0.857
5324,4U-C-Z4.tif,0.003,0.216,0.801,0.079,367,246,155.225,0.055,1.363,0.734,0.891
5325,4U-C-Z4.tif,0.007,0.336,0.794,0.117,593,258,41.186,0.087,1.288,0.776,0.913
5326,4U-C-Z4.tif,0.002,0.200,0.611,0.072,761,244,112.620,0.044,1.744,0.573,0.790
5327,4U-C-Z4.tif,0.004,0.277,0.646,0.095,904,244,125.538,0.072,1.426,0.701,0.818
5328,4U-C-Z4.tif,0.001,0.148,0.622,0.060,941,250,33.690,0.031,2.184,0.458,0.791
5329,4U-C-Z4.tif,0.002,0.163,0.748,0.072,691,248,8.746,0.028,2.413,0.414,0.904
5330,4U-C-Z4.tif,0.002,0.175,0.932,0.064,991,253,30.964,0.053,1.243,0.804,0.904
5331,4U-C-Z4.tif,0.014,0.497,0.709,0.167,304,248,136.332,0.132,1.318,0.759,0.884
5332,4U-C-Z4.tif,0.002,0.189,0.659,0.064,381,246,120.964,0.048,1.326,0.754,0.844
5333,4U-C-Z4.tif,0.005,0.322,0.664,0.116,424,258,31.430,0.075,1.497,0.668,0.856
5334,4U-C-Z4.tif,0.001,0.123,0.878,0.049,15,255,63.435,0.032,1.595,0.627,0.843
5335,4U-C-Z4.tif,0.001,0.141,0.750,0.062,205,253,26.565,0.031,2.022,0.495,0.821
5336,4U-C-Z4.tif,0.008,0.423,0.561,0.148,710,247,135.000,0.094,1.570,0.637,0.809
5337,4U-C-Z4.tif,0.006,0.311,0.806,0.107,825,251,145.491,0.088,1.201,0.832,0.891
5338,4U-C-Z4.tif,0.007,0.428,0.467,0.151,111,258,169.509,0.083,2.130,0.469,0.739
5339,4U-C-Z4.tif,0.013,0.633,0.423,0.172,633,261,7.352,0.132,1.211,0.826,0.795
5340,4U-C-Z4.tif,0.001,0.153,0.715,0.052,982,252,161.565,0.044,1.075,0.930,0.800
5341,4U-C-Z4.tif,0.011,0.489,0.599,0.187,675,271,28.072,0.098,2.312,0.433,0.827
5342,4U-C-Z4.tif,0.005,0.320,0.638,0.128,958,253,154.537,0.068,1.883,0.531,0.837
5343,4U-C-Z4.tif,0.004,0.290,0.636,0.098,58,254,153.435,0.066,1.517,0.659,0.849
5344,4U-C-Z4.tif,0.004,0.263,0.806,0.100,790,260,9.462,0.065,1.609,0.621,0.880
5345,4U-C-Z4.tif,0.002,0.192,0.699,0.067,167,256,145.008,0.055,1.264,0.791,0.810
5346,4U-C-Z4.tif,0.010,0.416,0.703,0.147,546,280,77.005,0.096,1.624,0.616,0.863
5347,4U-C-Z4.tif,0.001,0.126,0.857,0.047,182,263,69.444,0.039,1.061,0.943,0.809
5348,4U-C-Z4.tif,0.006,0.434,0.424,0.133,508,264,155.556,0.098,1.391,0.719,0.700
5349,4U-C-Z4.tif,0.003,0.231,0.779,0.082,41,270,70.346,0.065,1.119,0.894,0.845
5350,4U-C-Z4.tif,0.009,0.476,0.511,0.149,211,277,51.009,0.108,1.290,0.775,0.826
5351,4U-C-Z4.tif,0.004,0.327,0.453,0.090,340,270,37.569,0.077,1.108,0.902,0.724
5352,4U-C-Z4.tif,0.001,0.148,0.846,0.063,411,258,164.745,0.033,1.840,0.543,0.883
5353,4U-C-Z4.tif,0.003,0.197,0.882,0.076,489,257,120.256,0.050,1.394,0.717,0.905
5354,4U-C-Z4.tif,0.002,0.198,0.697,0.070,138,268,38.660,0.051,1.439,0.695,0.809
5355,4U-C-Z4.tif,0.001,0.148,0.818,0.056,457,260,168.690,0.044,1.331,0.751,0.810
5356,4U-C-Z4.tif,0.019,0.697,0.495,0.229,18,259,114.102,0.136,1.738,0.575,0.822
5357,4U-C-Z4.tif,0.004,0.348,0.459,0.129,355,260,140.194,0.064,2.154,0.464,0.714
5358,4U-C-Z4.tif,0.002,0.198,0.697,0.069,573,269,28.610,0.057,1.273,0.785,0.774
5359,4U-C-Z4.tif,0.002,0.153,0.862,0.059,766,264,21.801,0.044,1.421,0.704,0.855
5360,4U-C-Z4.tif,0.004,0.326,0.472,0.123,806,279,63.435,0.065,2.118,0.472,0.697
5361,4U-C-Z4.tif,0.004,0.266,0.658,0.094,99,270,28.072,0.066,1.438,0.695,0.838
5362,4U-C-Z4.tif,0.002,0.178,0.899,0.066,750,260,131.634,0.050,1.146,0.872,0.926
5363,4U-C-Z4.tif,0.003,0.196,0.835,0.079,279,265,12.095,0.039,1.908,0.524,0.939
5364,4U-C-Z4.tif,0.001,0.131,0.976,0.049,784,267,26.565,0.039,1.280,0.781,0.871
5365,4U-C-Z4.tif,0.005,0.389,0.403,0.117,375,282,48.814,0.084,1.647,0.607,0.661
5366,4U-C-Z4.tif,0.004,0.274,0.651,0.106,394,265,152.103,0.066,1.654,0.604,0.818
5367,4U-C-Z4.tif,0.005,0.336,0.567,0.126,918,263,127.875,0.068,2.225,0.450,0.745
5368,4U-C-Z4.tif,0.016,0.711,0.390,0.189,254,266,144.462,0.143,1.367,0.732,0.771
5369,4U-C-Z4.tif,0.001,0.191,0.482,0.078,950,265,140.711,0.039,2.311,0.433,0.672
5370,4U-C-Z4.tif,0.001,0.130,0.793,0.057,127,265,163.301,0.028,2.163,0.462,0.864
5371,4U-C-Z4.tif,0.007,0.344,0.693,0.121,997,265,114.228,0.091,1.290,0.775,0.843
5372,4U-C-Z4.tif,0.001,0.166,0.650,0.064,65,268,160.017,0.033,2.020,0.495,0.847
5373,4U-C-Z4.tif,0.005,0.274,0.809,0.097,589,268,132.709,0.078,1.190,0.840,0.881
5374,4U-C-Z4.tif,0.001,0.161,0.722,0.059,791,267,131.186,0.045,1.298,0.770,0.817
5375,4U-C-Z4.tif,0.007,0.401,0.539,0.126,158,288,66.801,0.094,1.349,0.741,0.826
5376,4U-C-Z4.tif,0.003,0.216,0.727,0.089,348,267,150.255,0.049,1.860,0.538,0.824
5377,4U-C-Z4.tif,0.002,0.203,0.582,0.084,460,267,121.608,0.041,2.275,0.439,0.787
5378,4U-C-Z4.tif,0.003,0.292,0.465,0.094,721,269,139.764,0.069,1.207,0.829,0.730
5379,4U-C-Z4.tif,0.002,0.220,0.619,0.092,416,274,17.354,0.041,2.489,0.402,0.806
5380,4U-C-Z4.tif,0.002,0.187,0.651,0.070,740,277,38.660,0.038,1.974,0.507,0.811
5381,4U-C-Z4.tif,0.015,0.639,0.456,0.200,439,269,105.945,0.142,1.188,0.842,0.724
5382,4U-C-Z4.tif,0.009,0.497,0.463,0.154,876,296,75.466,0.100,1.584,0.631,0.806
5383,4U-C-Z4.tif,0.001,0.142,0.661,0.064,480,271,149.036,0.031,2.160,0.463,0.761
5384,4U-C-Z4.tif,0.001,0.161,0.648,0.059,490,274,158.199,0.044,1.253,0.798,0.779
5385,4U-C-Z4.tif,0.014,0.515,0.655,0.159,619,298,75.964,0.136,1.233,0.811,0.866
5386,4U-C-Z4.tif,0.006,0.432,0.436,0.141,889,293,59.421,0.096,1.432,0.698,0.717
5387,4U-C-Z4.tif,0.001,0.165,0.682,0.067,847,272,145.008,0.039,1.919,0.521,0.797
5388,4U-C-Z4.tif,0.002,0.203,0.545,0.066,97,282,41.634,0.053,1.321,0.757,0.747
5389,4U-C-Z4.tif,0.011,0.528,0.476,0.155,826,282,173.884,0.116,1.361,0.735,0.749
5390,4U-C-Z4.tif,0.007,0.466,0.428,0.140,961,279,11.310,0.091,1.455,0.687,0.781
5391,4U-C-Z4.tif,0.003,0.225,0.745,0.080,303,276,164.055,0.056,1.318,0.759,0.843
5392,4U-C-Z4.tif,0.004,0.311,0.533,0.122,408,294,71.565,0.070,1.947,0.514,0.740
5393,4U-C-Z4.tif,0.003,0.202,0.787,0.078,815,273,135.000,0.054,1.403,0.713,0.889
5394,4U-C-Z4.tif,0.003,0.217,0.743,0.094,334,275,151.928,0.050,1.948,0.513,0.844
5395,4U-C-Z4.tif,0.007,0.379,0.646,0.148,113,283,15.068,0.072,2.163,0.462,0.865
5396,4U-C-Z4.tif,0.012,0.550,0.500,0.178,742,284,7.125,0.112,1.557,0.642,0.808
5397,4U-C-Z4.tif,0.015,0.579,0.580,0.175,36,298,24.146,0.127,1.241,0.806,0.885
5398,4U-C-Z4.tif,0.004,0.278,0.625,0.104,140,276,108.435,0.058,1.589,0.630,0.822
5399,4U-C-Z4.tif,0.003,0.219,0.718,0.089,198,276,119.745,0.047,2.036,0.491,0.837
5400,4U-C-Z4.tif,0.002,0.206,0.627,0.090,642,277,142.431,0.041,2.697,0.371,0.761
5401,4U-C-Z4.tif,0.001,0.130,0.770,0.052,933,281,32.005,0.033,1.617,0.618,0.829
5402,4U-C-Z4.tif,0.002,0.192,0.699,0.075,284,288,53.973,0.047,1.742,0.574,0.814
5403,4U-C-Z4.tif,0.009,0.454,0.540,0.165,694,292,25.710,0.095,1.742,0.574,0.821
5404,4U-C-Z4.tif,0.001,0.125,0.827,0.047,662,279,135.000,0.033,1.033,0.968,0.861
5405,4U-C-Z4.tif,0.003,0.239,0.699,0.082,779,279,132.274,0.060,1.220,0.819,0.808
5406,4U-C-Z4.tif,0.002,0.159,0.749,0.062,490,286,26.565,0.039,1.392,0.718,0.847
5407,4U-C-Z4.tif,0.001,0.139,0.712,0.054,680,289,66.038,0.035,1.698,0.589,0.774
5408,4U-C-Z4.tif,0.005,0.325,0.628,0.106,475,299,68.749,0.081,1.453,0.688,0.777
5409,4U-C-Z4.tif,0.002,0.170,0.799,0.067,916,284,155.556,0.044,1.437,0.696,0.865
5410,4U-C-Z4.tif,0.002,0.164,0.736,0.060,105,291,33.690,0.041,1.493,0.670,0.825
5411,4U-C-Z4.tif,0.005,0.314,0.684,0.111,378,286,171.469,0.079,1.488,0.672,0.837
5412,4U-C-Z4.tif,0.002,0.194,0.699,0.066,308,292,41.634,0.047,1.331,0.752,0.847
5413,4U-C-Z4.tif,0.012,0.460,0.712,0.152,534,304,12.529,0.128,1.162,0.861,0.870
5414,4U-C-Z4.tif,0.001,0.137,0.907,0.055,337,285,126.870,0.039,1.614,0.620,0.874
5415,4U-C-Z4.tif,0.004,0.246,0.765,0.091,510,289,165.964,0.068,1.284,0.779,0.813
5416,4U-C-Z4.tif,0.007,0.416,0.498,0.142,567,287,166.504,0.083,1.724,0.580,0.803
5417,4U-C-Z4.tif,0.002,0.211,0.626,0.083,725,285,126.870,0.046,1.769,0.565,0.781
5418,4U-C-Z4.tif,0.002,0.192,0.827,0.072,947,293,32.471,0.050,1.377,0.726,0.847
5419,4U-C-Z4.tif,0.011,0.466,0.636,0.160,183,293,164.055,0.110,1.608,0.622,0.817
5420,4U-C-Z4.tif,0.003,0.237,0.642,0.082,319,288,137.726,0.061,1.266,0.790,0.815
5421,4U-C-Z4.tif,0.002,0.174,0.707,0.074,683,287,131.987,0.044,1.687,0.593,0.836
5422,4U-C-Z4.tif,0.010,0.522,0.478,0.185,977,319,72.646,0.104,1.965,0.509,0.754
5423,4U-C-Z4.tif,0.011,0.414,0.777,0.149,794,310,51.009,0.108,1.447,0.691,0.877
5424,4U-C-Z4.tif,0.003,0.213,0.825,0.074,774,299,26.565,0.064,1.116,0.896,0.875
5425,4U-C-Z4.tif,0.013,0.614,0.423,0.183,107,295,173.089,0.121,1.248,0.802,0.774
5426,4U-C-Z4.tif,0.001,0.125,0.900,0.054,166,294,23.962,0.028,1.729,0.579,0.925
5427,4U-C-Z4.tif,0.007,0.384,0.559,0.138,955,306,23.499,0.085,1.442,0.694,0.810
5428,4U-C-Z4.tif,0.002,0.159,0.764,0.064,853,298,30.964,0.041,1.676,0.597,0.816
5429,4U-C-Z4.tif,0.001,0.141,0.885,0.060,891,298,33.690,0.039,1.607,0.622,0.885
5430,4U-C-Z4.tif,0.010,0.523,0.439,0.182,381,313,25.017,0.099,1.782,0.561,0.725
5431,4U-C-Z4.tif,0.002,0.165,0.961,0.064,426,293,120.964,0.047,1.442,0.693,0.896
5432,4U-C-Z4.tif,0.001,0.156,0.749,0.067,663,296,9.462,0.033,2.089,0.479,0.835
5433,4U-C-Z4.tif,0.002,0.175,0.659,0.063,881,294,142.125,0.044,1.290,0.775,0.785
5434,4U-C-Z4.tif,0.003,0.247,0.593,0.086,900,295,153.435,0.055,1.503,0.665,0.779
5435,4U-C-Z4.tif,0.006,0.335,0.715,0.122,708,306,18.435,0.073,1.806,0.554,0.871
5436,4U-C-Z4.tif,0.005,0.347,0.560,0.122,336,309,18.435,0.074,1.647,0.607,0.816
5437,4U-C-Z4.tif,0.002,0.243,0.509,0.103,501,296,154.799,0.044,3.037,0.329,0.756
5438,4U-C-Z4.tif,0.005,0.325,0.585,0.111,594,315,69.775,0.088,1.186,0.843,0.777
5439,4U-C-Z4.tif,0.003,0.226,0.625,0.090,228,310,52.431,0.048,2.050,0.488,0.781
5440,4U-C-Z4.tif,0.001,0.128,0.925,0.051,519,304,40.601,0.039,1.250,0.800,0.909
5441,4U-C-Z4.tif,0.007,0.428,0.454,0.115,842,316,54.782,0.098,1.243,0.805,0.798
5442,4U-C-Z4.tif,0.012,0.544,0.524,0.194,247,298,96.520,0.116,1.871,0.535,0.778
5443,4U-C-Z4.tif,0.005,0.299,0.733,0.111,562,299,147.095,0.071,1.422,0.703,0.882
5444,4U-C-Z4.tif,0.001,0.158,0.751,0.063,943,298,127.875,0.041,1.724,0.580,0.797
5445,4U-C-Z4.tif,0.007,0.462,0.390,0.192,65,302,166.759,0.059,4.128,0.242,0.764
5446,4U-C-Z4.tif,0.009,0.414,0.648,0.153,283,325,68.962,0.083,1.875,0.533,0.863
5447,4U-C-Z4.tif,0.008,0.447,0.475,0.172,476,305,172.648,0.087,2.012,0.497,0.732
5448,4U-C-Z4.tif,0.007,0.405,0.568,0.172,745,300,163.301,0.068,2.841,0.352,0.846
5449,4U-C-Z4.tif,0.001,0.135,0.964,0.051,833,299,130.601,0.039,1.042,0.959,0.968
5450,4U-C-Z4.tif,0.001,0.234,0.327,0.092,915,300,162.646,0.037,3.045,0.328,0.566
5451,4U-C-Z4.tif,0.001,0.164,0.651,0.067,211,302,170.538,0.036,2.091,0.478,0.754
5452,4U-C-Z4.tif,0.003,0.333,0.353,0.119,450,308,13.392,0.050,2.576,0.388,0.694
5453,4U-C-Z4.tif,0.002,0.169,0.670,0.075,258,301,143.973,0.034,2.641,0.379,0.775
5454,4U-C-Z4.tif,0.002,0.224,0.624,0.101,669,301,157.620,0.037,3.025,0.331,0.850
5455,4U-C-Z4.tif,0.007,0.443,0.476,0.143,936,301,105.642,0.096,1.726,0.579,0.750
5456,4U-C-Z4.tif,0.003,0.197,0.833,0.075,148,311,36.027,0.050,1.409,0.709,0.899
5457,4U-C-Z4.tif,0.001,0.191,0.493,0.079,776,302,114.775,0.033,2.413,0.414,0.734
5458,4U-C-Z4.tif,0.004,0.289,0.668,0.092,887,304,162.646,0.082,1.036,0.965,0.818
5459,4U-C-Z4.tif,0.002,0.191,0.702,0.074,809,311,26.565,0.049,1.683,0.594,0.827
5460,4U-C-Z4.tif,0.002,0.176,0.612,0.070,687,305,141.340,0.036,2.280,0.439,0.714
5461,4U-C-Z4.tif,0.006,0.408,0.422,0.156,100,305,147.995,0.074,2.318,0.431,0.724
5462,4U-C-Z4.tif,0.016,0.576,0.597,0.187,174,305,114.305,0.131,1.536,0.651,0.849
5463,4U-C-Z4.tif,0.007,0.338,0.731,0.130,419,310,167.735,0.083,1.482,0.675,0.859
5464,4U-C-Z4.tif,0.002,0.181,0.849,0.072,646,305,122.471,0.043,1.753,0.571,0.880
5465,4U-C-Z4.tif,0.009,0.373,0.783,0.141,361,306,110.556,0.093,1.519,0.658,0.895
5466,4U-C-Z4.tif,0.011,0.423,0.748,0.145,621,327,52.696,0.105,1.400,0.714,0.899
5467,4U-C-Z4.tif,0.009,0.511,0.420,0.149,7,325,38.991,0.116,1.421,0.704,0.717
5468,4U-C-Z4.tif,0.005,0.267,0.806,0.101,29,308,119.358,0.074,1.361,0.735,0.880
5469,4U-C-Z4.tif,0.015,0.631,0.475,0.269,59,310,157.109,0.098,2.992,0.334,0.826
5470,4U-C-Z4.tif,0.021,0.734,0.486,0.230,478,309,101.041,0.155,1.427,0.701,0.792
5471,4U-C-Z4.tif,0.007,0.434,0.436,0.138,738,310,143.130,0.090,1.524,0.656,0.732
5472,4U-C-Z4.tif,0.003,0.245,0.697,0.087,912,310,124.695,0.064,1.348,0.742,0.866
5473,4U-C-Z4.tif,0.011,0.499,0.547,0.180,945,327,12.339,0.096,1.953,0.512,0.820
5474,4U-C-Z4.tif,0.003,0.261,0.549,0.084,142,316,148.392,0.068,1.198,0.835,0.715
5475,4U-C-Z4.tif,0.006,0.359,0.617,0.115,299,321,163.301,0.088,1.384,0.723,0.828
5476,4U-C-Z4.tif,0.006,0.346,0.587,0.129,508,331,50.194,0.073,2.234,0.448,0.790
5477,4U-C-Z4.tif,0.004,0.346,0.411,0.145,783,312,127.304,0.054,3.467,0.288,0.665
5478,4U-C-Z4.tif,0.003,0.244,0.590,0.092,318,315,162.646,0.050,1.694,0.590,0.793
5479,4U-C-Z4.tif,0.011,0.605,0.366,0.195,849,324,9.728,0.091,2.376,0.421,0.757
5480,4U-C-Z4.tif,0.005,0.342,0.497,0.118,1002,313,127.405,0.079,1.621,0.617,0.750
5481,4U-C-Z4.tif,0.003,0.225,0.624,0.094,263,330,69.444,0.043,2.372,0.422,0.826
5482,4U-C-Z4.tif,0.003,0.266,0.571,0.094,702,314,130.236,0.062,1.450,0.690,0.797
5483,4U-C-Z4.tif,0.008,0.429,0.536,0.183,537,316,164.291,0.070,2.970,0.337,0.833
5484,4U-C-Z4.tif,0.003,0.211,0.746,0.074,130,318,131.987,0.060,1.187,0.843,0.821
5485,4U-C-Z4.tif,0.001,0.123,0.903,0.052,190,317,147.995,0.034,1.597,0.626,0.847
5486,4U-C-Z4.tif,0.003,0.216,0.678,0.079,207,328,56.310,0.055,1.519,0.658,0.822
5487,4U-C-Z4.tif,0.002,0.208,0.677,0.082,714,326,42.274,0.047,1.859,0.538,0.851
5488,4U-C-Z4.tif,0.005,0.322,0.567,0.104,40,323,161.565,0.077,1.211,0.826,0.749
5489,4U-C-Z4.tif,0.006,0.302,0.810,0.119,227,322,158.199,0.072,1.700,0.588,0.926
5490,4U-C-Z4.tif,0.002,0.252,0.469,0.101,586,318,167.471,0.050,2.356,0.425,0.706
5491,4U-C-Z4.tif,0.005,0.364,0.496,0.118,667,318,169.216,0.093,1.139,0.878,0.719
5492,4U-C-Z4.tif,0.002,0.241,0.526,0.078,407,319,129.289,0.066,1.273,0.786,0.714
5493,4U-C-Z4.tif,0.001,0.184,0.438,0.074,902,318,138.013,0.034,2.826,0.354,0.667
5494,4U-C-Z4.tif,0.003,0.209,0.877,0.072,390,321,122.471,0.065,1.042,0.960,0.890
5495,4U-C-Z4.tif,0.004,0.256,0.685,0.106,446,333,38.660,0.054,2.161,0.463,0.871
5496,4U-C-Z4.tif,0.007,0.378,0.597,0.140,817,334,11.310,0.087,1.364,0.733,0.790
5497,4U-C-Z4.tif,0.008,0.351,0.783,0.123,330,333,10.305,0.094,1.296,0.772,0.883
5498,4U-C-Z4.tif,0.002,0.183,0.815,0.070,759,322,141.340,0.044,1.343,0.745,0.923
5499,4U-C-Z4.tif,0.004,0.290,0.533,0.101,805,339,67.620,0.066,1.383,0.723,0.756
5500,4U-C-Z4.tif,0.001,0.145,0.758,0.057,192,324,150.945,0.039,1.514,0.661,0.808
5501,4U-C-Z4.tif,0.005,0.281,0.816,0.096,357,324,103.241,0.078,1.128,0.886,0.883
5502,4U-C-Z4.tif,0.005,0.288,0.754,0.096,645,331,156.371,0.083,1.040,0.962,0.865
5503,4U-C-Z4.tif,0.008,0.410,0.567,0.133,717,345,60.255,0.100,1.180,0.847,0.792
5504,4U-C-Z4.tif,0.003,0.261,0.631,0.101,770,324,157.620,0.057,1.807,0.553,0.801
5505,4U-C-Z4.tif,0.002,0.155,0.857,0.067,141,326,155.556,0.033,1.982,0.504,0.915
5506,4U-C-Z4.tif,0.002,0.283,0.361,0.126,583,325,164.745,0.036,3.796,0.263,0.731
5507,4U-C-Z4.tif,0.002,0.164,0.792,0.062,982,325,116.565,0.044,1.364,0.733,0.862
5508,4U-C-Z4.tif,0.006,0.378,0.562,0.129,676,346,50.194,0.082,1.543,0.648,0.816
5509,4U-C-Z4.tif,0.001,0.215,0.386,0.077,873,335,21.038,0.044,1.818,0.550,0.635
5510,4U-C-Z4.tif,0.007,0.370,0.600,0.129,411,336,160.017,0.087,1.286,0.778,0.809
5511,4U-C-Z4.tif,0.011,0.561,0.446,0.206,9,330,170.789,0.094,1.903,0.525,0.767
5512,4U-C-Z4.tif,0.003,0.358,0.300,0.104,49,345,18.435,0.074,1.279,0.782,0.547
5513,4U-C-Z4.tif,0.003,0.206,0.797,0.082,531,334,160.346,0.050,1.759,0.568,0.864
5514,4U-C-Z4.tif,0.002,0.277,0.358,0.091,550,333,165.964,0.055,1.450,0.690,0.629
5515,4U-C-Z4.tif,0.007,0.367,0.608,0.134,114,338,170.538,0.092,1.437,0.696,0.768
5516,4U-C-Z4.tif,0.013,0.558,0.518,0.183,258,352,32.735,0.130,1.567,0.638,0.762
5517,4U-C-Z4.tif,0.001,0.158,0.721,0.057,968,333,150.945,0.045,1.217,0.821,0.783
5518,4U-C-Z4.tif,0.002,0.169,0.750,0.064,989,331,109.983,0.050,1.313,0.761,0.818
5519,4U-C-Z4.tif,0.006,0.362,0.574,0.120,295,353,74.055,0.078,1.667,0.600,0.808
5520,4U-C-Z4.tif,0.005,0.317,0.583,0.128,90,341,7.431,0.067,2.133,0.469,0.746
5521,4U-C-Z4.tif,0.002,0.161,0.795,0.062,194,335,169.695,0.042,1.465,0.683,0.824
5522,4U-C-Z4.tif,0.008,0.417,0.576,0.160,204,355,49.185,0.082,2.018,0.496,0.822
5523,4U-C-Z4.tif,0.002,0.187,0.607,0.064,511,333,109.983,0.055,1.170,0.854,0.713
5524,4U-C-Z4.tif,0.002,0.150,0.865,0.057,694,341,29.055,0.042,1.411,0.709,0.836
5525,4U-C-Z4.tif,0.007,0.372,0.633,0.153,925,335,158.962,0.071,2.331,0.429,0.857
5526,4U-C-Z4.tif,0.004,0.264,0.708,0.096,252,334,103.241,0.055,1.875,0.533,0.875
5527,4U-C-Z4.tif,0.009,0.384,0.778,0.156,440,351,32.005,0.089,1.811,0.552,0.903
5528,4U-C-Z4.tif,0.004,0.280,0.578,0.117,757,337,160.710,0.052,2.421,0.413,0.810
5529,4U-C-Z4.tif,0.005,0.338,0.601,0.125,312,352,48.576,0.081,1.752,0.571,0.822
5530,4U-C-Z4.tif,0.002,0.263,0.392,0.088,371,343,176.424,0.047,2.027,0.493,0.617
5531,4U-C-Z4.tif,0.004,0.300,0.549,0.113,397,338,136.975,0.074,1.480,0.676,0.793
5532,4U-C-Z4.tif,0.003,0.239,0.722,0.085,230,337,104.931,0.063,1.382,0.724,0.812
5533,4U-C-Z4.tif,0.002,0.183,0.672,0.075,503,337,107.103,0.038,2.149,0.465,0.787
5534,4U-C-Z4.tif,0.008,0.372,0.725,0.124,838,357,57.724,0.099,1.313,0.761,0.855
5535,4U-C-Z4.tif,0.006,0.335,0.670,0.128,895,343,7.431,0.071,1.865,0.536,0.853
5536,4U-C-Z4.tif,0.005,0.305,0.681,0.113,523,353,39.094,0.074,1.745,0.573,0.796
5537,4U-C-Z4.tif,0.002,0.169,0.764,0.062,618,338,135.000,0.048,1.139,0.878,0.809
5538,4U-C-Z4.tif,0.003,0.222,0.658,0.087,875,351,55.305,0.050,2.067,0.484,0.783
5539,4U-C-Z4.tif,0.010,0.492,0.528,0.176,573,370,75.530,0.099,1.875,0.533,0.821
5540,4U-C-Z4.tif,0.005,0.269,0.784,0.103,659,339,105.524,0.061,1.603,0.624,0.909
5541,4U-C-Z4.tif,0.009,0.368,0.798,0.137,154,360,40.101,0.097,1.311,0.763,0.904
5542,4U-C-Z4.tif,0.014,0.530,0.611,0.212,327,362,31.218,0.106,1.923,0.520,0.857
5543,4U-C-Z4.tif,0.004,0.322,0.545,0.120,541,352,15.945,0.066,1.937,0.516,0.771
5544,4U-C-Z4.tif,0.008,0.416,0.605,0.155,627,343,157.068,0.077,2.107,0.475,0.840
5545,4U-C-Z4.tif,0.003,0.230,0.726,0.092,184,351,32.735,0.051,1.897,0.527,0.871
5546,4U-C-Z4.tif,0.002,0.181,0.705,0.072,806,346,22.620,0.044,1.651,0.606,0.853
5547,4U-C-Z4.tif,0.002,0.172,0.709,0.063,857,343,164.745,0.048,1.471,0.680,0.764
5548,4U-C-Z4.tif,0.004,0.289,0.638,0.109,78,343,149.534,0.064,1.831,0.546,0.795
5549,4U-C-Z4.tif,0.007,0.316,0.860,0.118,140,343,127.405,0.088,1.244,0.804,0.928
5550,4U-C-Z4.tif,0.007,0.373,0.593,0.140,732,348,154.440,0.084,1.665,0.600,0.819
5551,4U-C-Z4.tif,0.002,0.150,0.943,0.063,174,343,142.125,0.039,1.453,0.688,0.949
5552,4U-C-Z4.tif,0.004,0.272,0.758,0.106,692,347,158.749,0.065,1.736,0.576,0.847
5553,4U-C-Z4.tif,0.006,0.384,0.497,0.141,811,360,38.660,0.076,2.179,0.459,0.734
5554,4U-C-Z4.tif,0.003,0.234,0.743,0.090,610,345,127.569,0.058,1.685,0.594,0.817
5555,4U-C-Z4.tif,0.013,0.653,0.386,0.182,876,358,154.983,0.151,1.037,0.964,0.664
5556,4U-C-Z4.tif,0.006,0.378,0.549,0.136,918,345,104.036,0.077,1.910,0.524,0.813
5557,4U-C-Z4.tif,0.003,0.228,0.643,0.085,957,353,14.931,0.050,1.697,0.589,0.804
5558,4U-C-Z4.tif,0.005,0.299,0.699,0.124,365,359,32.276,0.066,2.125,0.471,0.854
5559,4U-C-Z4.tif,0.011,0.504,0.531,0.189,594,348,98.366,0.082,2.515,0.398,0.822
5560,4U-C-Z4.tif,0.005,0.309,0.621,0.111,945,366,57.095,0.074,1.738,0.575,0.808
5561,4U-C-Z4.tif,0.004,0.361,0.354,0.124,966,363,32.276,0.065,2.035,0.491,0.710
5562,4U-C-Z4.tif,0.002,0.320,0.278,0.133,18,351,172.875,0.044,3.689,0.271,0.543
5563,4U-C-Z4.tif,0.013,0.475,0.707,0.157,108,351,100.125,0.125,1.359,0.736,0.874
5564,4U-C-Z4.tif,0.001,0.150,0.713,0.055,387,353,174.289,0.039,1.352,0.740,0.816
5565,4U-C-Z4.tif,0.004,0.267,0.720,0.099,681,363,19.440,0.068,1.524,0.656,0.852
5566,4U-C-Z4.tif,0.005,0.325,0.646,0.109,761,364,30.466,0.088,1.404,0.712,0.794
5567,4U-C-Z4.tif,0.005,0.338,0.591,0.126,49,356,151.189,0.076,1.508,0.663,0.806
5568,4U-C-Z4.tif,0.001,0.130,0.906,0.049,488,358,26.565,0.033,1.419,0.705,0.899
5569,4U-C-Z4.tif,0.004,0.267,0.726,0.096,528,360,166.759,0.069,1.301,0.769,0.861
5570,4U-C-Z4.tif,0.007,0.445,0.472,0.138,248,357,151.390,0.094,1.595,0.627,0.791
5571,4U-C-Z4.tif,0.006,0.366,0.576,0.117,281,357,131.186,0.088,1.590,0.629,0.772
5572,4U-C-Z4.tif,0.001,0.144,0.846,0.063,77,357,164.745,0.028,2.139,0.468,0.929
5573,4U-C-Z4.tif,0.002,0.211,0.529,0.088,439,358,176.424,0.037,2.701,0.370,0.780
5574,4U-C-Z4.tif,0.008,0.438,0.515,0.153,412,375,30.256,0.094,1.451,0.689,0.779
5575,4U-C-Z4.tif,0.007,0.414,0.537,0.125,472,378,48.576,0.099,1.248,0.801,0.795
5576,4U-C-Z4.tif,0.002,0.167,0.749,0.060,932,358,123.690,0.044,1.319,0.758,0.853
5577,4U-C-Z4.tif,0.005,0.322,0.560,0.136,380,370,21.371,0.062,2.542,0.393,0.776
5578,4U-C-Z4.tif,0.005,0.307,0.705,0.111,631,370,20.225,0.078,1.589,0.629,0.833
5579,4U-C-Z4.tif,0.007,0.327,0.767,0.113,833,373,39.094,0.089,1.295,0.772,0.869
5580,4U-C-Z4.tif,0.008,0.447,0.504,0.138,987,363,163.740,0.107,1.107,0.903,0.730
5581,4U-C-Z4.tif,0.005,0.289,0.729,0.104,199,360,122.005,0.079,1.466,0.682,0.858
5582,4U-C-Z4.tif,0.003,0.237,0.730,0.101,498,368,22.380,0.052,2.011,0.497,0.867
5583,4U-C-Z4.tif,0.002,0.206,0.627,0.090,12,361,142.431,0.043,2.455,0.407,0.787
5584,4U-C-Z4.tif,0.002,0.186,0.891,0.072,728,364,147.529,0.054,1.351,0.740,0.905
5585,4U-C-Z4.tif,0.011,0.419,0.784,0.156,783,384,47.862,0.105,1.545,0.647,0.902
5586,4U-C-Z4.tif,0.002,0.198,0.619,0.069,962,361,118.610,0.044,1.503,0.665,0.810
5587,4U-C-Z4.tif,0.003,0.234,0.695,0.092,82,362,122.735,0.054,1.980,0.505,0.813
5588,4U-C-Z4.tif,0.003,0.252,0.593,0.094,849,362,151.928,0.044,1.987,0.503,0.868
5589,4U-C-Z4.tif,0.007,0.364,0.659,0.113,214,377,39.094,0.098,1.243,0.805,0.833
5590,4U-C-Z4.tif,0.003,0.222,0.650,0.087,509,375,34.695,0.051,2.115,0.473,0.785
5591,4U-C-Z4.tif,0.003,0.225,0.782,0.085,552,367,165.069,0.054,1.652,0.605,0.878
5592,4U-C-Z4.tif,0.006,0.423,0.416,0.127,650,384,55.620,0.079,1.620,0.617,0.754
5593,4U-C-Z4.tif,0.003,0.270,0.599,0.089,740,365,119.745,0.069,1.082,0.924,0.799
5594,4U-C-Z4.tif,0.007,0.421,0.521,0.168,51,366,141.633,0.085,2.124,0.471,0.777
5595,4U-C-Z4.tif,0.007,0.409,0.562,0.150,148,371,156.251,0.094,1.783,0.561,0.801
5596,4U-C-Z4.tif,0.004,0.301,0.578,0.110,339,379,36.870,0.068,1.472,0.679,0.817
5597,4U-C-Z4.tif,0.005,0.346,0.523,0.138,361,387,53.130,0.065,2.323,0.430,0.785
5598,4U-C-Z4.tif,0.002,0.185,0.692,0.077,810,369,158.962,0.039,1.840,0.543,0.873
5599,4U-C-Z4.tif,0.005,0.301,0.666,0.110,30,368,126.870,0.080,1.227,0.815,0.841
5600,4U-C-Z4.tif,0.003,0.213,0.859,0.078,462,381,50.711,0.055,1.229,0.814,0.899
5601,4U-C-Z4.tif,0.005,0.357,0.488,0.127,120,380,17.650,0.062,2.263,0.442,0.763
5602,4U-C-Z4.tif,0.002,0.164,0.821,0.067,432,372,170.538,0.039,1.701,0.588,0.885
5603,4U-C-Z4.tif,0.001,0.148,0.674,0.062,670,370,169.695,0.028,2.458,0.407,0.839
5604,4U-C-Z4.tif,0.002,0.153,0.846,0.055,387,372,174.289,0.044,1.203,0.831,0.839
5605,4U-C-Z4.tif,0.002,0.198,0.638,0.077,950,370,158.962,0.039,1.782,0.561,0.852
5606,4U-C-Z4.tif,0.009,0.408,0.685,0.147,304,380,12.995,0.096,1.719,0.582,0.863
5607,4U-C-Z4.tif,0.008,0.430,0.524,0.130,178,372,102.265,0.104,1.547,0.646,0.742
5608,4U-C-Z4.tif,0.002,0.211,0.652,0.080,262,374,164.055,0.049,1.746,0.573,0.788
5609,4U-C-Z4.tif,0.003,0.292,0.420,0.118,446,372,117.759,0.044,3.216,0.311,0.679
5610,4U-C-Z4.tif,0.001,0.164,0.665,0.074,714,372,153.435,0.034,2.435,0.411,0.832
5611,4U-C-Z4.tif,0.012,0.519,0.565,0.215,682,396,32.471,0.093,2.280,0.439,0.844
5612,4U-C-Z4.tif,0.006,0.283,0.896,0.098,577,376,128.157,0.082,1.176,0.851,0.917
5613,4U-C-Z4.tif,0.009,0.473,0.530,0.162,934,374,99.782,0.108,1.676,0.597,0.744
5614,4U-C-Z4.tif,0.007,0.384,0.599,0.125,608,391,41.424,0.085,1.448,0.691,0.838
5615,4U-C-Z4.tif,0.006,0.350,0.590,0.136,858,387,14.036,0.070,1.853,0.540,0.828
5616,4U-C-Z4.tif,0.002,0.230,0.564,0.095,668,390,54.462,0.046,2.389,0.419,0.765
5617,4U-C-Z4.tif,0.003,0.215,0.789,0.079,377,377,114.775,0.060,1.200,0.833,0.846
5618,4U-C-Z4.tif,0.016,0.607,0.557,0.195,526,377,122.347,0.152,1.281,0.780,0.852
5619,4U-C-Z4.tif,0.012,0.497,0.590,0.168,241,404,31.608,0.120,1.330,0.752,0.771
5620,4U-C-Z4.tif,0.004,0.256,0.778,0.101,899,393,49.399,0.062,1.690,0.592,0.876
5621,4U-C-Z4.tif,0.002,0.209,0.686,0.072,274,388,22.620,0.058,1.021,0.980,0.819
5622,4U-C-Z4.tif,0.002,0.194,0.740,0.086,421,379,153.435,0.039,2.093,0.478,0.901
5623,4U-C-Z4.tif,0.012,0.513,0.551,0.195,491,381,151.260,0.093,2.406,0.416,0.800
5624,4U-C-Z4.tif,0.017,0.642,0.524,0.240,552,380,121.866,0.106,2.427,0.412,0.856
5625,4U-C-Z4.tif,0.003,0.231,0.761,0.090,717,391,37.569,0.059,1.459,0.685,0.870
5626,4U-C-Z4.tif,0.001,0.152,0.794,0.057,76,390,60.945,0.041,1.616,0.619,0.835
5627,4U-C-Z4.tif,0.004,0.239,0.812,0.086,338,381,116.565,0.066,1.112,0.900,0.887
5628,4U-C-Z4.tif,0.006,0.350,0.624,0.123,470,391,26.565,0.082,1.644,0.608,0.843
5629,4U-C-Z4.tif,0.008,0.357,0.764,0.119,189,399,33.690,0.098,1.115,0.896,0.892
5630,4U-C-Z4.tif,0.003,0.272,0.531,0.089,735,383,111.801,0.066,1.539,0.650,0.703
5631,4U-C-Z4.tif,0.001,0.164,0.580,0.063,849,392,52.125,0.037,1.968,0.508,0.766
5632,4U-C-Z4.tif,0.013,0.544,0.545,0.202,956,406,29.358,0.115,2.090,0.478,0.800
5633,4U-C-Z4.tif,0.007,0.335,0.745,0.136,387,394,14.036,0.077,1.510,0.662,0.878
5634,4U-C-Z4.tif,0.005,0.355,0.548,0.128,16,387,149.036,0.077,1.442,0.693,0.767
5635,4U-C-Z4.tif,0.003,0.222,0.743,0.081,651,398,61.699,0.057,1.488,0.672,0.857
5636,4U-C-Z4.tif,0.002,0.166,0.705,0.072,136,389,8.746,0.028,2.371,0.422,0.903
5637,4U-C-Z4.tif,0.004,0.272,0.727,0.108,291,390,156.038,0.063,1.952,0.512,0.844
5638,4U-C-Z4.tif,0.003,0.214,0.840,0.079,797,387,123.690,0.057,1.462,0.684,0.860
5639,4U-C-Z4.tif,0.002,0.158,0.813,0.057,749,392,29.055,0.044,1.295,0.772,0.855
5640,4U-C-Z4.tif,0.002,0.147,0.915,0.057,889,392,29.055,0.039,1.367,0.731,0.920
5641,4U-C-Z4.tif,0.002,0.170,0.852,0.063,326,396,37.875,0.050,1.212,0.825,0.903
5642,4U-C-Z4.tif,0.002,0.196,0.686,0.087,813,389,161.565,0.033,2.625,0.381,0.914
5643,4U-C-Z4.tif,0.004,0.236,0.827,0.083,223,404,82.405,0.066,1.126,0.888,0.880
5644,4U-C-Z4.tif,0.002,0.175,0.907,0.064,372,391,160.017,0.050,1.252,0.799,0.890
5645,4U-C-Z4.tif,0.003,0.278,0.541,0.110,421,399,17.526,0.059,2.000,0.500,0.767
5646,4U-C-Z4.tif,0.007,0.460,0.440,0.162,97,390,125.311,0.101,1.526,0.656,0.668
5647,4U-C-Z4.tif,0.004,0.284,0.656,0.101,613,403,40.601,0.072,1.428,0.700,0.808
5648,4U-C-Z4.tif,0.002,0.176,0.649,0.076,871,400,30.256,0.036,2.436,0.411,0.785
5649,4U-C-Z4.tif,0.001,0.219,0.391,0.096,916,391,120.964,0.034,3.710,0.270,0.658
5650,4U-C-Z4.tif,0.003,0.249,0.510,0.103,141,398,15.524,0.039,2.847,0.351,0.830
5651,4U-C-Z4.tif,0.008,0.454,0.482,0.151,465,419,79.509,0.103,1.594,0.627,0.730
5652,4U-C-Z4.tif,0.006,0.420,0.416,0.128,717,392,120.964,0.077,1.644,0.608,0.789
5653,4U-C-Z4.tif,0.006,0.356,0.577,0.127,785,392,124.380,0.083,1.777,0.563,0.765
5654,4U-C-Z4.tif,0.002,0.206,0.591,0.074,78,405,63.435,0.050,1.487,0.672,0.742
5655,4U-C-Z4.tif,0.004,0.290,0.560,0.098,585,408,51.843,0.074,1.358,0.736,0.754
5656,4U-C-Z4.tif,0.005,0.335,0.521,0.117,851,398,160.710,0.062,2.011,0.497,0.807
5657,4U-C-Z4.tif,0.001,0.153,0.797,0.059,668,401,21.801,0.044,1.411,0.709,0.845
5658,4U-C-Z4.tif,0.010,0.500,0.504,0.179,681,405,162.121,0.108,1.734,0.577,0.784
5659,4U-C-Z4.tif,0.005,0.369,0.493,0.117,116,413,19.290,0.084,1.434,0.697,0.789
5660,4U-C-Z4.tif,0.002,0.195,0.710,0.076,825,405,30.256,0.049,1.567,0.638,0.821
5661,4U-C-Z4.tif,0.009,0.398,0.675,0.148,984,420,63.435,0.090,1.511,0.662,0.849
5662,4U-C-Z4.tif,0.004,0.294,0.644,0.098,250,414,63.435,0.074,1.225,0.816,0.798
5663,4U-C-Z4.tif,0.001,0.159,0.543,0.062,843,398,116.565,0.036,1.881,0.532,0.720
5664,4U-C-Z4.tif,0.002,0.209,0.608,0.077,380,408,21.038,0.049,1.484,0.674,0.809
5665,4U-C-Z4.tif,0.001,0.194,0.416,0.085,595,401,165.069,0.030,3.239,0.309,0.683
5666,4U-C-Z4.tif,0.006,0.331,0.677,0.116,633,399,121.430,0.086,1.333,0.750,0.846
5667,4U-C-Z4.tif,0.008,0.485,0.411,0.140,500,400,138.180,0.098,1.137,0.879,0.782
5668,4U-C-Z4.tif,0.002,0.156,0.827,0.063,911,400,105.255,0.039,1.551,0.645,0.855
5669,4U-C-Z4.tif,0.005,0.397,0.424,0.138,278,414,16.260,0.069,1.683,0.594,0.739
5670,4U-C-Z4.tif,0.001,0.148,0.605,0.062,732,402,169.695,0.028,2.375,0.421,0.833
5671,4U-C-Z4.tif,0.022,0.753,0.486,0.238,740,433,18.853,0.171,1.292,0.774,0.780
5672,4U-C-Z4.tif,0.007,0.350,0.680,0.139,894,401,108.435,0.074,2.013,0.497,0.876
5673,4U-C-Z4.tif,0.003,0.275,0.544,0.111,146,404,159.775,0.052,2.600,0.385,0.763
5674,4U-C-Z4.tif,0.012,0.653,0.354,0.215,261,440,76.675,0.106,2.352,0.425,0.720
5675,4U-C-Z4.tif,0.005,0.280,0.801,0.104,344,405,161.565,0.072,1.406,0.711,0.907
5676,4U-C-Z4.tif,0.010,0.469,0.552,0.148,806,422,48.013,0.112,1.296,0.771,0.827
5677,4U-C-Z4.tif,0.001,0.148,0.812,0.059,303,411,41.186,0.043,1.544,0.647,0.825
5678,4U-C-Z4.tif,0.005,0.285,0.733,0.091,410,403,115.017,0.077,1.043,0.959,0.891
5679,4U-C-Z4.tif,0.002,0.211,0.549,0.075,478,409,17.103,0.047,1.723,0.580,0.731
5680,4U-C-Z4.tif,0.001,0.153,0.683,0.063,939,404,142.125,0.038,1.748,0.572,0.800
5681,4U-C-Z4.tif,0.002,0.176,0.698,0.072,172,404,112.620,0.040,2.010,0.498,0.809
5682,4U-C-Z4.tif,0.005,0.330,0.633,0.127,55,418,34.380,0.073,1.706,0.586,0.846
5683,4U-C-Z4.tif,0.005,0.311,0.673,0.107,327,416,34.509,0.082,1.350,0.741,0.838
5684,4U-C-Z4.tif,0.009,0.428,0.606,0.145,10,425,37.304,0.106,1.247,0.802,0.832
5685,4U-C-Z4.tif,0.004,0.258,0.824,0.101,33,421,49.399,0.070,1.526,0.655,0.920
5686,4U-C-Z4.tif,0.010,0.482,0.535,0.168,181,430,41.009,0.110,1.710,0.585,0.796
5687,4U-C-Z4.tif,0.010,0.506,0.511,0.180,78,414,148.736,0.103,1.922,0.520,0.774
5688,4U-C-Z4.tif,0.001,0.150,0.611,0.057,486,412,16.699,0.038,1.530,0.654,0.713
5689,4U-C-Z4.tif,0.002,0.167,0.694,0.067,850,410,9.462,0.039,1.876,0.533,0.829
5690,4U-C-Z4.tif,0.015,0.607,0.495,0.192,367,415,166.759,0.108,1.784,0.560,0.818
5691,4U-C-Z4.tif,0.011,0.525,0.522,0.164,649,410,137.726,0.119,1.282,0.780,0.826
5692,4U-C-Z4.tif,0.005,0.443,0.317,0.180,129,410,156.571,0.059,3.416,0.293,0.656
5693,4U-C-Z4.tif,0.013,0.598,0.446,0.176,216,410,104.470,0.121,1.412,0.708,0.754
5694,4U-C-Z4.tif,0.008,0.442,0.526,0.162,436,435,54.689,0.092,2.228,0.449,0.786
5695,4U-C-Z4.tif,0.002,0.148,0.881,0.060,681,416,33.690,0.043,1.463,0.684,0.895
5696,4U-C-Z4.tif,0.006,0.347,0.627,0.141,861,427,38.660,0.066,2.248,0.445,0.822
5697,4U-C-Z4.tif,0.007,0.359,0.705,0.120,686,432,74.055,0.098,1.224,0.817,0.857
5698,4U-C-Z4.tif,0.001,0.150,0.707,0.062,958,412,153.435,0.033,1.724,0.580,0.857
5699,4U-C-Z4.tif,0.002,0.172,0.936,0.067,798,412,124.992,0.044,1.281,0.780,0.973
5700,4U-C-Z4.tif,0.001,0.116,0.991,0.047,969,412,135.000,0.033,1.065,0.939,0.986
5701,4U-C-Z4.tif,0.001,0.134,0.824,0.052,427,420,32.005,0.038,1.597,0.626,0.830
5702,4U-C-Z4.tif,0.005,0.264,0.837,0.098,467,426,26.565,0.071,1.450,0.690,0.890
5703,4U-C-Z4.tif,0.010,0.451,0.624,0.162,996,443,80.218,0.098,1.697,0.589,0.850
5704,4U-C-Z4.tif,0.006,0.329,0.723,0.132,276,426,16.928,0.066,1.890,0.529,0.909
5705,4U-C-Z4.tif,0.002,0.263,0.447,0.078,485,426,39.289,0.055,1.140,0.877,0.783
5706,4U-C-Z4.tif,0.002,0.202,0.581,0.073,705,419,167.005,0.041,1.940,0.516,0.800
5707,4U-C-Z4.tif,0.002,0.180,0.779,0.062,956,421,169.695,0.050,1.098,0.911,0.852
5708,4U-C-Z4.tif,0.002,0.206,0.537,0.070,553,422,161.565,0.054,1.126,0.888,0.702
5709,4U-C-Z4.tif,0.004,0.358,0.428,0.119,926,418,146.310,0.067,1.650,0.606,0.724
5710,4U-C-Z4.tif,0.002,0.167,0.789,0.070,969,419,135.000,0.043,1.665,0.601,0.892
5711,4U-C-Z4.tif,0.007,0.367,0.684,0.127,595,443,85.030,0.094,1.240,0.807,0.854
5712,4U-C-Z4.tif,0.003,0.247,0.718,0.086,612,432,39.806,0.064,1.475,0.678,0.804
5713,4U-C-Z4.tif,0.018,0.656,0.529,0.226,875,459,71.565,0.142,1.610,0.621,0.819
5714,4U-C-Z4.tif,0.005,0.316,0.607,0.097,318,436,42.709,0.083,1.208,0.828,0.841
5715,4U-C-Z4.tif,0.003,0.275,0.569,0.101,833,429,12.529,0.064,1.642,0.609,0.751
5716,4U-C-Z4.tif,0.002,0.163,0.791,0.062,353,430,45.000,0.044,1.253,0.798,0.873
5717,4U-C-Z4.tif,0.004,0.266,0.636,0.090,576,434,37.569,0.072,1.223,0.817,0.779
5718,4U-C-Z4.tif,0.002,0.202,0.468,0.072,159,424,157.380,0.039,2.210,0.453,0.709
5719,4U-C-Z4.tif,0.002,0.172,0.787,0.060,205,423,123.690,0.049,1.089,0.918,0.859
5720,4U-C-Z4.tif,0.006,0.413,0.458,0.137,412,439,40.101,0.085,1.348,0.742,0.765
5721,4U-C-Z4.tif,0.002,0.194,0.740,0.072,870,432,32.471,0.054,1.534,0.652,0.839
5722,4U-C-Z4.tif,0.008,0.394,0.619,0.150,904,442,36.027,0.086,1.891,0.529,0.843
5723,4U-C-Z4.tif,0.010,0.445,0.614,0.157,122,431,169.875,0.098,1.602,0.624,0.837
5724,4U-C-Z4.tif,0.032,0.901,0.500,0.297,479,458,38.991,0.189,1.671,0.599,0.844
5725,4U-C-Z4.tif,0.002,0.219,0.431,0.073,533,425,167.005,0.048,1.693,0.591,0.628
5726,4U-C-Z4.tif,0.011,0.445,0.707,0.165,712,450,53.130,0.101,1.712,0.584,0.894
5727,4U-C-Z4.tif,0.007,0.349,0.695,0.142,60,430,166.504,0.072,1.850,0.541,0.893
5728,4U-C-Z4.tif,0.012,0.483,0.633,0.179,370,444,33.690,0.099,1.750,0.571,0.873
5729,4U-C-Z4.tif,0.008,0.428,0.566,0.122,784,426,108.435,0.113,1.181,0.847,0.817
5730,4U-C-Z4.tif,0.013,0.694,0.340,0.215,329,441,177.064,0.110,1.897,0.527,0.760
5731,4U-C-Z4.tif,0.013,0.619,0.423,0.197,266,450,17.928,0.116,1.743,0.574,0.772
5732,4U-C-Z4.tif,0.007,0.394,0.542,0.154,467,440,14.534,0.077,2.226,0.449,0.804
5733,4U-C-Z4.tif,0.009,0.489,0.461,0.167,39,436,152.592,0.110,1.465,0.682,0.706
5734,4U-C-Z4.tif,0.005,0.285,0.776,0.101,628,430,112.380,0.072,1.347,0.743,0.897
5735,4U-C-Z4.tif,0.001,0.148,0.622,0.062,858,431,169.695,0.028,2.586,0.387,0.791
5736,4U-C-Z4.tif,0.002,0.205,0.672,0.072,241,443,67.380,0.051,1.481,0.675,0.783
5737,4U-C-Z4.tif,0.001,0.144,0.699,0.064,27,434,160.017,0.028,2.381,0.420,0.854
5738,4U-C-Z4.tif,0.009,0.455,0.531,0.147,804,451,34.287,0.098,1.357,0.737,0.769
5739,4U-C-Z4.tif,0.002,0.194,0.689,0.080,829,438,15.945,0.039,2.181,0.459,0.855
5740,4U-C-Z4.tif,0.001,0.128,0.809,0.052,443,439,32.005,0.033,1.656,0.604,0.875
5741,4U-C-Z4.tif,0.006,0.386,0.522,0.130,644,438,152.354,0.078,1.798,0.556,0.734
5742,4U-C-Z4.tif,0.008,0.353,0.794,0.129,689,442,19.983,0.083,1.486,0.673,0.935
5743,4U-C-Z4.tif,0.010,0.480,0.551,0.182,568,437,125.134,0.104,1.728,0.579,0.831
5744,4U-C-Z4.tif,0.001,0.150,0.798,0.057,672,445,73.301,0.039,1.495,0.669,0.832
5745,4U-C-Z4.tif,0.002,0.228,0.566,0.086,950,447,50.194,0.047,2.216,0.451,0.737
5746,4U-C-Z4.tif,0.002,0.206,0.582,0.075,170,436,126.027,0.055,1.351,0.740,0.751
5747,4U-C-Z4.tif,0.003,0.202,0.777,0.072,193,447,57.529,0.056,1.139,0.878,0.830
5748,4U-C-Z4.tif,0.004,0.306,0.589,0.099,454,436,109.440,0.086,1.144,0.874,0.747
5749,4U-C-Z4.tif,0.002,0.231,0.512,0.101,966,438,167.471,0.035,3.400,0.294,0.787
5750,4U-C-Z4.tif,0.002,0.192,0.637,0.075,148,444,17.103,0.044,1.378,0.726,0.785
5751,4U-C-Z4.tif,0.003,0.264,0.596,0.111,538,447,26.565,0.049,2.515,0.398,0.823
5752,4U-C-Z4.tif,0.005,0.267,0.875,0.096,757,453,59.036,0.076,1.262,0.793,0.899
5753,4U-C-Z4.tif,0.002,0.195,0.710,0.074,922,449,63.435,0.052,1.587,0.630,0.798
5754,4U-C-Z4.tif,0.013,0.561,0.507,0.190,836,470,60.461,0.110,1.911,0.523,0.820
5755,4U-C-Z4.tif,0.006,0.297,0.790,0.113,592,453,39.094,0.074,1.522,0.657,0.888
5756,4U-C-Z4.tif,0.003,0.241,0.632,0.087,409,442,145.305,0.062,1.412,0.708,0.765
5757,4U-C-Z4.tif,0.002,0.170,0.956,0.062,738,443,153.435,0.050,1.150,0.870,0.930
5758,4U-C-Z4.tif,0.001,0.148,0.846,0.057,940,441,119.055,0.044,1.226,0.816,0.845
5759,4U-C-Z4.tif,0.005,0.359,0.469,0.133,19,443,150.255,0.071,2.086,0.479,0.718
5760,4U-C-Z4.tif,0.002,0.242,0.460,0.084,179,444,148.392,0.047,1.798,0.556,0.728
5761,4U-C-Z4.tif,0.005,0.324,0.582,0.115,236,452,163.301,0.080,1.587,0.630,0.771
5762,4U-C-Z4.tif,0.020,0.727,0.474,0.237,422,452,149.265,0.160,1.474,0.679,0.777
5763,4U-C-Z4.tif,0.006,0.374,0.512,0.147,83,445,145.713,0.079,1.778,0.562,0.775
5764,4U-C-Z4.tif,0.009,0.482,0.509,0.200,956,448,164.055,0.077,2.634,0.380,0.807
5765,4U-C-Z4.tif,0.004,0.227,0.873,0.089,120,448,158.199,0.054,1.668,0.600,0.915
5766,4U-C-Z4.tif,0.005,0.346,0.478,0.147,908,451,167.005,0.061,2.571,0.389,0.758
5767,4U-C-Z4.tif,0.007,0.377,0.607,0.119,648,450,146.310,0.088,1.277,0.783,0.831
5768,4U-C-Z4.tif,0.008,0.484,0.443,0.171,679,448,123.179,0.087,2.534,0.395,0.762
5769,4U-C-Z4.tif,0.006,0.383,0.546,0.128,387,459,172.569,0.087,1.383,0.723,0.788
5770,4U-C-Z4.tif,0.003,0.225,0.820,0.084,466,452,148.392,0.058,1.397,0.716,0.865
5771,4U-C-Z4.tif,0.007,0.524,0.321,0.185,523,466,26.565,0.097,2.114,0.473,0.610
5772,4U-C-Z4.tif,0.004,0.298,0.539,0.112,205,458,11.310,0.057,1.997,0.501,0.792
5773,4U-C-Z4.tif,0.010,0.536,0.416,0.150,616,478,81.573,0.125,1.164,0.859,0.680
5774,4U-C-Z4.tif,0.002,0.161,0.854,0.063,729,453,142.125,0.043,1.443,0.693,0.892
5775,4U-C-Z4.tif,0.001,0.161,0.560,0.067,936,451,155.556,0.033,2.406,0.416,0.752
5776,4U-C-Z4.tif,0.001,0.158,0.598,0.055,76,461,36.870,0.037,1.558,0.642,0.729
5777,4U-C-Z4.tif,0.002,0.191,0.608,0.082,131,458,19.654,0.037,2.537,0.394,0.823
5778,4U-C-Z4.tif,0.002,0.198,0.638,0.085,284,459,14.931,0.039,2.556,0.391,0.772
5779,4U-C-Z4.tif,0.003,0.269,0.552,0.090,298,465,47.490,0.064,1.477,0.677,0.781
5780,4U-C-Z4.tif,0.007,0.346,0.727,0.130,43,462,167.735,0.086,1.500,0.667,0.851
5781,4U-C-Z4.tif,0.003,0.275,0.559,0.110,342,462,17.526,0.055,2.212,0.452,0.753
5782,4U-C-Z4.tif,0.006,0.325,0.723,0.119,739,456,146.310,0.081,1.427,0.701,0.882
5783,4U-C-Z4.tif,0.004,0.394,0.351,0.127,159,469,34.380,0.061,2.380,0.420,0.664
5784,4U-C-Z4.tif,0.007,0.494,0.343,0.136,767,471,31.759,0.094,1.173,0.853,0.705
5785,4U-C-Z4.tif,0.004,0.277,0.691,0.099,369,469,33.690,0.068,1.547,0.646,0.850
5786,4U-C-Z4.tif,0.003,0.234,0.757,0.084,895,466,11.310,0.066,1.103,0.907,0.842
5787,4U-C-Z4.tif,0.007,0.342,0.799,0.126,21,460,151.189,0.094,1.246,0.802,0.880
5788,4U-C-Z4.tif,0.007,0.339,0.748,0.136,312,467,14.036,0.080,1.601,0.625,0.874
5789,4U-C-Z4.tif,0.005,0.263,0.851,0.092,809,467,17.354,0.072,1.187,0.843,0.890
5790,4U-C-Z4.tif,0.003,0.194,0.912,0.069,554,470,61.390,0.060,1.076,0.929,0.900
5791,4U-C-Z4.tif,0.003,0.258,0.498,0.103,725,459,105.524,0.040,2.857,0.350,0.760
5792,4U-C-Z4.tif,0.002,0.185,0.714,0.073,850,463,12.995,0.036,2.099,0.476,0.842
5793,4U-C-Z4.tif,0.002,0.202,0.628,0.082,4,460,137.726,0.048,1.525,0.656,0.788
5794,4U-C-Z4.tif,0.002,0.198,0.493,0.079,98,460,155.225,0.044,1.852,0.540,0.685
5795,4U-C-Z4.tif,0.005,0.296,0.786,0.113,139,472,22.834,0.066,1.782,0.561,0.912
5796,4U-C-Z4.tif,0.011,0.406,0.818,0.148,193,466,164.932,0.103,1.416,0.706,0.922
5797,4U-C-Z4.tif,0.006,0.384,0.517,0.150,229,475,23.749,0.071,2.502,0.400,0.766
5798,4U-C-Z4.tif,0.005,0.279,0.814,0.104,460,473,32.005,0.072,1.443,0.693,0.902
5799,4U-C-Z4.tif,0.003,0.230,0.636,0.092,74,462,162.646,0.047,2.054,0.487,0.811
5800,4U-C-Z4.tif,0.003,0.281,0.546,0.096,94,461,120.964,0.061,1.685,0.593,0.779
5801,4U-C-Z4.tif,0.002,0.197,0.637,0.080,592,467,15.945,0.036,2.710,0.369,0.807
5802,4U-C-Z4.tif,0.002,0.200,0.754,0.078,571,466,8.130,0.050,1.451,0.689,0.845
5803,4U-C-Z4.tif,0.002,0.172,0.903,0.067,863,462,114.444,0.050,1.267,0.789,0.892
5804,4U-C-Z4.tif,0.005,0.301,0.674,0.104,334,465,122.005,0.076,1.423,0.703,0.826
5805,4U-C-Z4.tif,0.002,0.228,0.519,0.080,705,470,164.055,0.055,1.319,0.758,0.714
5806,4U-C-Z4.tif,0.002,0.228,0.380,0.089,111,467,150.255,0.043,2.753,0.363,0.553
5807,4U-C-Z4.tif,0.001,0.152,0.563,0.068,494,466,165.964,0.022,2.935,0.341,0.850
5808,4U-C-Z4.tif,0.001,0.126,0.857,0.054,790,470,23.962,0.033,1.774,0.564,0.857
5809,4U-C-Z4.tif,0.005,0.373,0.453,0.133,969,471,7.125,0.070,2.255,0.443,0.716
5810,4U-C-Z4.tif,0.004,0.274,0.712,0.101,920,473,167.471,0.067,1.674,0.597,0.841
5811,4U-C-Z4.tif,0.002,0.195,0.750,0.078,998,471,171.870,0.044,1.811,0.552,0.847
5812,4U-C-Z4.tif,0.004,0.340,0.394,0.103,362,469,105.524,0.066,1.713,0.584,0.698
5813,4U-C-Z4.tif,0.002,0.205,0.508,0.094,521,470,159.444,0.034,3.604,0.277,0.772
5814,4U-C-Z4.tif,0.001,0.130,0.770,0.052,880,475,32.005,0.037,1.587,0.630,0.791
5815,4U-C-Z4.tif,0.005,0.322,0.571,0.125,165,471,138.576,0.070,1.558,0.642,0.783
5816,4U-C-Z4.tif,0.001,0.148,0.656,0.063,272,471,164.745,0.033,1.914,0.522,0.809
5817,4U-C-Z4.tif,0.002,0.164,0.807,0.063,637,473,164.745,0.044,1.426,0.701,0.844
5818,4U-C-Z4.tif,0.002,0.159,0.898,0.062,897,472,153.435,0.044,1.278,0.783,0.902
5819,4U-C-Z4.tif,0.017,0.652,0.509,0.197,951,502,63.435,0.134,1.497,0.668,0.807
5820,4U-C-Z4.tif,0.004,0.290,0.641,0.102,67,472,126.254,0.063,1.728,0.579,0.809
5821,4U-C-Z4.tif,0.007,0.413,0.523,0.157,371,484,18.435,0.076,2.120,0.472,0.801
5822,4U-C-Z4.tif,0.004,0.335,0.419,0.130,650,472,167.735,0.061,2.210,0.453,0.724
5823,4U-C-Z4.tif,0.002,0.164,0.892,0.062,419,483,63.435,0.050,1.225,0.816,0.881
5824,4U-C-Z4.tif,0.002,0.159,0.764,0.067,548,474,145.008,0.042,1.691,0.592,0.857
5825,4U-C-Z4.tif,0.006,0.303,0.794,0.113,849,475,140.906,0.075,1.558,0.642,0.883
5826,4U-C-Z4.tif,0.002,0.159,0.928,0.067,406,476,155.556,0.039,1.691,0.591,0.925
5827,4U-C-Z4.tif,0.004,0.244,0.788,0.089,563,474,119.745,0.065,1.474,0.678,0.866
5828,4U-C-Z4.tif,0.003,0.217,0.839,0.080,1009,482,15.945,0.060,1.424,0.702,0.870
5829,4U-C-Z4.tif,0.003,0.202,0.843,0.075,304,488,72.897,0.050,1.433,0.698,0.900
5830,4U-C-Z4.tif,0.006,0.335,0.667,0.129,596,498,80.134,0.082,1.584,0.631,0.831
5831,4U-C-Z4.tif,0.001,0.121,0.996,0.047,621,475,144.462,0.033,1.195,0.837,0.962
5832,4U-C-Z4.tif,0.004,0.322,0.495,0.121,698,478,149.931,0.068,1.721,0.581,0.750
5833,4U-C-Z4.tif,0.007,0.402,0.542,0.138,910,493,36.870,0.085,1.515,0.660,0.794
5834,4U-C-Z4.tif,0.002,0.208,0.645,0.075,111,481,17.103,0.054,1.432,0.698,0.781
5835,4U-C-Z4.tif,0.001,0.119,0.974,0.047,130,478,159.444,0.033,1.445,0.692,0.878
5836,4U-C-Z4.tif,0.006,0.357,0.629,0.144,190,478,162.255,0.072,2.117,0.472,0.873
5837,4U-C-Z4.tif,0.002,0.212,0.593,0.075,758,476,126.027,0.052,1.405,0.712,0.749
5838,4U-C-Z4.tif,0.010,0.558,0.419,0.154,231,477,104.534,0.117,1.472,0.679,0.778
5839,4U-C-Z4.tif,0.028,0.712,0.696,0.229,303,491,170.311,0.183,1.174,0.852,0.883
5840,4U-C-Z4.tif,0.005,0.335,0.524,0.144,489,489,17.745,0.058,2.559,0.391,0.792
5841,4U-C-Z4.tif,0.008,0.538,0.346,0.202,629,478,162.553,0.099,2.011,0.497,0.654
5842,4U-C-Z4.tif,0.012,0.532,0.547,0.196,674,477,101.310,0.103,2.025,0.494,0.811
5843,4U-C-Z4.tif,0.001,0.163,0.503,0.075,779,477,162.897,0.022,4.121,0.243,0.814
5844,4U-C-Z4.tif,0.004,0.296,0.584,0.105,825,477,137.121,0.069,1.593,0.628,0.830
5845,4U-C-Z4.tif,0.010,0.488,0.551,0.167,884,477,97.595,0.083,2.101,0.476,0.857
5846,4U-C-Z4.tif,0.002,0.215,0.518,0.079,249,478,123.690,0.044,1.916,0.522,0.728
5847,4U-C-Z4.tif,0.002,0.183,0.706,0.076,794,486,30.256,0.043,2.167,0.462,0.800
5848,4U-C-Z4.tif,0.001,0.178,0.455,0.079,37,482,12.095,0.022,3.932,0.254,0.800
5849,4U-C-Z4.tif,0.006,0.416,0.417,0.145,279,479,119.476,0.073,2.482,0.403,0.687
5850,4U-C-Z4.tif,0.002,0.181,0.779,0.068,477,481,165.964,0.050,1.511,0.662,0.802
5851,4U-C-Z4.tif,0.005,0.347,0.525,0.108,512,488,165.256,0.072,1.502,0.666,0.778
5852,4U-C-Z4.tif,0.005,0.331,0.618,0.122,987,480,125.838,0.080,1.551,0.645,0.828
5853,4U-C-Z4.tif,0.009,0.483,0.496,0.176,2,481,159.864,0.088,2.154,0.464,0.766
5854,4U-C-Z4.tif,0.004,0.325,0.511,0.118,130,490,10.784,0.066,1.721,0.581,0.757
5855,4U-C-Z4.tif,0.002,0.209,0.703,0.090,272,481,127.569,0.044,2.196,0.455,0.866
5856,4U-C-Z4.tif,0.002,0.156,0.780,0.057,459,486,16.699,0.042,1.483,0.674,0.813
5857,4U-C-Z4.tif,0.002,0.166,0.692,0.066,742,491,41.634,0.039,1.754,0.570,0.847
5858,4U-C-Z4.tif,0.010,0.514,0.468,0.141,800,493,159.444,0.121,1.093,0.915,0.795
5859,4U-C-Z4.tif,0.002,0.217,0.613,0.079,80,484,167.905,0.049,1.717,0.582,0.831
5860,4U-C-Z4.tif,0.001,0.133,0.949,0.052,108,484,122.005,0.039,1.256,0.796,0.907
5861,4U-C-Z4.tif,0.002,0.200,0.636,0.074,114,486,153.435,0.048,1.603,0.624,0.812
5862,4U-C-Z4.tif,0.002,0.180,0.708,0.067,751,491,9.462,0.047,1.393,0.718,0.784
5863,4U-C-Z4.tif,0.002,0.228,0.578,0.089,762,494,21.801,0.049,2.088,0.479,0.790
5864,4U-C-Z4.tif,0.007,0.373,0.628,0.124,370,491,159.146,0.090,1.544,0.648,0.835
5865,4U-C-Z4.tif,0.004,0.267,0.774,0.106,399,501,38.660,0.066,1.723,0.580,0.876
5866,4U-C-Z4.tif,0.002,0.187,0.770,0.068,585,487,104.036,0.047,1.481,0.675,0.826
5867,4U-C-Z4.tif,0.001,0.158,0.613,0.075,75,488,143.973,0.030,2.971,0.337,0.784
5868,4U-C-Z4.tif,0.001,0.133,0.733,0.054,1006,490,156.038,0.033,1.610,0.621,0.819
5869,4U-C-Z4.tif,0.006,0.378,0.546,0.134,44,501,9.462,0.082,1.774,0.564,0.801
5870,4U-C-Z4.tif,0.003,0.276,0.574,0.109,778,489,130.914,0.054,2.428,0.412,0.807
5871,4U-C-Z4.tif,0.012,0.446,0.739,0.171,545,491,146.821,0.098,1.723,0.580,0.905
5872,4U-C-Z4.tif,0.004,0.290,0.614,0.106,155,493,128.660,0.064,1.780,0.562,0.788
5873,4U-C-Z4.tif,0.005,0.275,0.781,0.106,365,491,111.251,0.069,1.563,0.640,0.881
5874,4U-C-Z4.tif,0.002,0.252,0.475,0.078,833,491,140.711,0.054,1.364,0.733,0.756
5875,4U-C-Z4.tif,0.002,0.164,0.892,0.064,455,494,160.017,0.044,1.439,0.695,0.887
5876,4U-C-Z4.tif,0.004,0.298,0.574,0.118,213,494,117.759,0.064,1.972,0.507,0.856
5877,4U-C-Z4.tif,0.006,0.369,0.588,0.140,638,505,11.310,0.069,2.143,0.467,0.820
5878,4U-C-Z4.tif,0.007,0.573,0.270,0.151,243,510,33.111,0.097,1.828,0.547,0.668
5879,4U-C-Z4.tif,0.006,0.529,0.272,0.182,420,494,104.036,0.080,2.827,0.354,0.504
5880,4U-C-Z4.tif,0.001,0.152,0.761,0.067,443,494,155.556,0.033,2.097,0.477,0.876
5881,4U-C-Z4.tif,0.013,0.488,0.686,0.158,686,511,29.249,0.121,1.146,0.872,0.890
5882,4U-C-Z4.tif,0.007,0.389,0.561,0.161,741,496,141.953,0.072,2.482,0.403,0.804
5883,4U-C-Z4.tif,0.003,0.219,0.710,0.087,102,497,145.305,0.050,2.007,0.498,0.820
5884,4U-C-Z4.tif,0.003,0.202,0.777,0.079,114,499,167.905,0.050,1.531,0.653,0.851
5885,4U-C-Z4.tif,0.005,0.367,0.461,0.113,481,515,75.964,0.087,1.427,0.701,0.653
5886,4U-C-Z4.tif,0.001,0.150,0.730,0.052,498,501,32.005,0.039,1.294,0.773,0.835
5887,4U-C-Z4.tif,0.004,0.258,0.761,0.090,719,500,169.380,0.071,1.319,0.758,0.850
5888,4U-C-Z4.tif,0.010,0.451,0.602,0.168,191,496,128.367,0.086,2.185,0.458,0.845
5889,4U-C-Z4.tif,0.005,0.375,0.480,0.144,523,521,72.255,0.066,2.322,0.431,0.747
5890,4U-C-Z4.tif,0.003,0.236,0.595,0.084,765,500,156.801,0.060,1.208,0.828,0.728
5891,4U-C-Z4.tif,0.007,0.429,0.481,0.157,612,501,143.531,0.082,1.894,0.528,0.765
5892,4U-C-Z4.tif,0.005,0.279,0.745,0.107,911,508,34.509,0.066,1.635,0.611,0.891
5893,4U-C-Z4.tif,0.005,0.295,0.691,0.108,143,498,113.962,0.065,1.850,0.541,0.832
5894,4U-C-Z4.tif,0.002,0.161,0.928,0.059,424,508,68.199,0.050,1.203,0.831,0.887
5895,4U-C-Z4.tif,0.004,0.268,0.756,0.091,846,502,165.964,0.073,1.145,0.873,0.859
5896,4U-C-Z4.tif,0.006,0.340,0.687,0.133,975,503,150.255,0.080,1.639,0.610,0.850
5897,4U-C-Z4.tif,0.004,0.279,0.609,0.106,997,514,38.660,0.061,1.977,0.506,0.814
5898,4U-C-Z4.tif,0.008,0.405,0.587,0.143,436,509,164.358,0.095,1.556,0.643,0.771
5899,4U-C-Z4.tif,0.002,0.180,0.838,0.070,474,513,71.565,0.045,1.636,0.611,0.861
5900,4U-C-Z4.tif,0.006,0.340,0.628,0.120,39,502,105.945,0.084,1.369,0.730,0.797
5901,4U-C-Z4.tif,0.007,0.469,0.412,0.176,929,502,104.470,0.081,2.362,0.423,0.725
5902,4U-C-Z4.tif,0.001,0.150,0.730,0.063,782,503,127.875,0.037,1.710,0.585,0.811
5903,4U-C-Z4.tif,0.001,0.156,0.639,0.052,501,511,18.435,0.044,1.093,0.915,0.732
5904,4U-C-Z4.tif,0.002,0.208,0.563,0.079,818,507,167.905,0.050,1.666,0.600,0.727
5905,4U-C-Z4.tif,0.003,0.250,0.578,0.098,869,504,116.565,0.051,2.123,0.471,0.792
5906,4U-C-Z4.tif,0.001,0.152,0.794,0.055,962,504,126.870,0.039,1.271,0.787,0.897
5907,4U-C-Z4.tif,0.003,0.280,0.481,0.095,65,505,144.462,0.056,1.351,0.740,0.744
5908,4U-C-Z4.tif,0.002,0.163,0.820,0.059,84,512,41.186,0.044,1.083,0.924,0.877
5909,4U-C-Z4.tif,0.003,0.233,0.710,0.082,100,505,109.654,0.051,1.732,0.577,0.849
5910,4U-C-Z4.tif,0.002,0.159,0.823,0.063,584,505,127.875,0.040,1.650,0.606,0.866
5911,4U-C-Z4.tif,0.004,0.274,0.697,0.098,883,520,51.843,0.072,1.408,0.710,0.825
5912,4U-C-Z4.tif,0.006,0.424,0.434,0.136,9,508,148.241,0.093,1.270,0.787,0.684
5913,4U-C-Z4.tif,0.001,0.173,0.597,0.078,809,508,140.711,0.031,2.928,0.342,0.752
5914,4U-C-Z4.tif,0.002,0.211,0.643,0.086,50,519,39.806,0.047,1.950,0.513,0.781
5915,4U-C-Z4.tif,0.005,0.387,0.407,0.116,503,527,58.570,0.090,1.107,0.903,0.685
5916,4U-C-Z4.tif,0.002,0.205,0.526,0.073,566,512,167.005,0.044,1.717,0.582,0.734
5917,4U-C-Z4.tif,0.012,0.552,0.494,0.154,386,528,14.534,0.120,1.249,0.801,0.805
5918,4U-C-Z4.tif,0.008,0.416,0.602,0.143,733,510,117.553,0.104,1.359,0.736,0.815
5919,4U-C-Z4.tif,0.003,0.253,0.494,0.091,943,517,165.964,0.054,1.735,0.576,0.751
5920,4U-C-Z4.tif,0.002,0.164,0.835,0.067,127,511,145.008,0.044,1.688,0.592,0.855
5921,4U-C-Z4.tif,0.009,0.416,0.635,0.145,544,511,98.746,0.099,1.358,0.736,0.841
5922,4U-C-Z4.tif,0.006,0.361,0.584,0.131,645,511,123.024,0.072,2.119,0.472,0.821
5923,4U-C-Z4.tif,0.001,0.133,0.755,0.059,657,516,21.801,0.027,2.440,0.410,0.864
5924,4U-C-Z4.tif,0.008,0.482,0.454,0.152,344,512,102.529,0.098,1.701,0.588,0.778
5925,4U-C-Z4.tif,0.003,0.209,0.764,0.077,110,526,68.962,0.059,1.269,0.788,0.819
5926,4U-C-Z4.tif,0.009,0.412,0.631,0.131,599,516,146.976,0.104,1.169,0.855,0.843
5927,4U-C-Z4.tif,0.001,0.177,0.535,0.082,359,519,19.654,0.028,3.474,0.288,0.807
5928,4U-C-Z4.tif,0.015,0.625,0.486,0.192,221,526,156.371,0.132,1.337,0.748,0.800
5929,4U-C-Z4.tif,0.004,0.241,0.770,0.087,259,526,34.695,0.062,1.570,0.637,0.863
5930,4U-C-Z4.tif,0.003,0.207,0.775,0.085,59,516,165.069,0.039,2.196,0.455,0.935
5931,4U-C-Z4.tif,0.005,0.328,0.626,0.116,798,518,121.430,0.074,1.725,0.580,0.825
5932,4U-C-Z4.tif,0.017,0.677,0.477,0.193,308,543,36.870,0.149,1.267,0.789,0.811
5933,4U-C-Z4.tif,0.003,0.292,0.425,0.104,783,519,122.005,0.058,1.827,0.547,0.676
5934,4U-C-Z4.tif,0.006,0.383,0.474,0.128,920,519,115.463,0.081,1.552,0.644,0.766
5935,4U-C-Z4.tif,0.007,0.377,0.588,0.134,970,519,160.821,0.094,1.239,0.807,0.791
5936,4U-C-Z4.tif,0.010,0.478,0.536,0.151,6,547,79.509,0.112,1.489,0.671,0.763
5937,4U-C-Z4.tif,0.003,0.231,0.811,0.083,366,534,53.130,0.061,1.245,0.803,0.887
5938,4U-C-Z4.tif,0.003,0.208,0.765,0.080,484,524,164.055,0.044,1.620,0.617,0.906
5939,4U-C-Z4.tif,0.002,0.215,0.554,0.087,823,527,18.435,0.039,2.048,0.488,0.802
5940,4U-C-Z4.tif,0.002,0.167,0.721,0.072,839,521,171.254,0.033,2.118,0.472,0.855
5941,4U-C-Z4.tif,0.005,0.311,0.641,0.111,584,522,122.905,0.072,1.585,0.631,0.849
5942,4U-C-Z4.tif,0.002,0.153,0.813,0.064,675,526,19.983,0.033,1.896,0.527,0.870
5943,4U-C-Z4.tif,0.003,0.284,0.453,0.094,623,538,69.444,0.068,1.426,0.701,0.625
5944,4U-C-Z4.tif,0.012,0.484,0.622,0.168,760,548,51.633,0.123,1.149,0.870,0.852
5945,4U-C-Z4.tif,0.004,0.233,0.879,0.089,116,526,158.199,0.062,1.495,0.669,0.887
5946,4U-C-Z4.tif,0.006,0.320,0.705,0.108,158,523,104.744,0.092,1.233,0.811,0.846
5947,4U-C-Z4.tif,0.005,0.359,0.460,0.150,286,523,126.027,0.057,3.281,0.305,0.706
5948,4U-C-Z4.tif,0.011,0.441,0.729,0.153,554,541,30.256,0.116,1.414,0.707,0.862
5949,4U-C-Z4.tif,0.002,0.167,0.721,0.064,80,531,19.983,0.044,1.239,0.807,0.803
5950,4U-C-Z4.tif,0.003,0.224,0.670,0.078,176,536,50.711,0.061,1.357,0.737,0.811
5951,4U-C-Z4.tif,0.008,0.431,0.535,0.143,886,539,27.553,0.105,1.107,0.903,0.792
5952,4U-C-Z4.tif,0.001,0.126,0.929,0.052,249,527,147.995,0.037,1.418,0.705,0.876
5953,4U-C-Z4.tif,0.009,0.444,0.579,0.140,685,549,64.440,0.112,1.224,0.817,0.810
5954,4U-C-Z4.tif,0.002,0.197,0.569,0.087,854,527,145.305,0.038,2.638,0.379,0.768
5955,4U-C-Z4.tif,0.005,0.308,0.671,0.113,52,538,22.834,0.069,1.649,0.606,0.843
5956,4U-C-Z4.tif,0.006,0.369,0.576,0.122,194,549,71.565,0.089,1.653,0.605,0.779
5957,4U-C-Z4.tif,0.002,0.175,0.882,0.064,208,530,149.036,0.052,1.203,0.832,0.861
5958,4U-C-Z4.tif,0.004,0.294,0.633,0.115,443,531,163.301,0.061,1.774,0.564,0.857
5959,4U-C-Z4.tif,0.008,0.413,0.607,0.147,822,528,124.287,0.092,1.614,0.619,0.828
5960,4U-C-Z4.tif,0.012,0.609,0.420,0.188,950,531,127.875,0.116,1.656,0.604,0.767
5961,4U-C-Z4.tif,0.006,0.322,0.744,0.122,129,537,5.194,0.071,1.751,0.571,0.869
5962,4U-C-Z4.tif,0.005,0.322,0.652,0.111,517,542,20.225,0.078,1.178,0.849,0.805
5963,4U-C-Z4.tif,0.003,0.267,0.614,0.106,425,537,8.973,0.064,1.579,0.633,0.804
5964,4U-C-Z4.tif,0.009,0.482,0.506,0.171,71,561,69.228,0.088,2.097,0.477,0.766
5965,4U-C-Z4.tif,0.007,0.352,0.747,0.144,256,542,4.399,0.072,1.833,0.546,0.908
5966,4U-C-Z4.tif,0.006,0.423,0.395,0.123,865,547,26.565,0.093,1.256,0.796,0.705
5967,4U-C-Z4.tif,0.001,0.175,0.609,0.067,469,537,170.538,0.033,2.036,0.491,0.824
5968,4U-C-Z4.tif,0.003,0.215,0.789,0.085,660,536,165.069,0.054,1.651,0.606,0.835
5969,4U-C-Z4.tif,0.003,0.209,0.755,0.084,709,542,31.608,0.047,1.963,0.509,0.821
5970,4U-C-Z4.tif,0.002,0.194,0.760,0.079,409,539,12.095,0.042,1.866,0.536,0.857
5971,4U-C-Z4.tif,0.007,0.399,0.525,0.164,723,534,109.654,0.062,3.064,0.326,0.833
5972,4U-C-Z4.tif,0.002,0.230,0.590,0.100,635,535,170.538,0.039,2.953,0.339,0.850
5973,4U-C-Z4.tif,0.001,0.167,0.572,0.066,934,535,94.764,0.032,2.428,0.412,0.743
5974,4U-C-Z4.tif,0.008,0.394,0.640,0.142,102,536,125.538,0.102,1.381,0.724,0.837
5975,4U-C-Z4.tif,0.002,0.205,0.681,0.078,494,537,140.711,0.053,1.470,0.680,0.806
5976,4U-C-Z4.tif,0.003,0.209,0.747,0.079,844,546,33.690,0.058,1.456,0.687,0.856
5977,4U-C-Z4.tif,0.006,0.320,0.716,0.106,996,537,128.660,0.091,1.186,0.843,0.834
5978,4U-C-Z4.tif,0.002,0.181,0.709,0.072,174,545,32.471,0.043,1.650,0.606,0.841
5979,4U-C-Z4.tif,0.006,0.356,0.574,0.111,371,546,174.289,0.085,1.167,0.857,0.832
5980,4U-C-Z4.tif,0.001,0.180,0.567,0.074,462,549,63.435,0.034,2.571,0.389,0.733
5981,4U-C-Z4.tif,0.006,0.331,0.666,0.113,479,541,150.945,0.086,1.271,0.787,0.842
5982,4U-C-Z4.tif,0.003,0.231,0.775,0.079,598,539,123.690,0.061,1.219,0.821,0.879
5983,4U-C-Z4.tif,0.006,0.364,0.580,0.124,440,561,77.196,0.093,1.331,0.751,0.761
5984,4U-C-Z4.tif,0.003,0.217,0.807,0.083,179,549,36.870,0.058,1.516,0.660,0.889
5985,4U-C-Z4.tif,0.003,0.234,0.799,0.090,426,540,127.569,0.058,1.611,0.621,0.861
5986,4U-C-Z4.tif,0.003,0.188,0.895,0.074,586,540,138.013,0.050,1.318,0.759,0.933
5987,4U-C-Z4.tif,0.001,0.154,0.671,0.062,817,540,116.565,0.038,1.882,0.531,0.778
5988,4U-C-Z4.tif,0.006,0.312,0.827,0.116,32,542,121.430,0.081,1.467,0.682,0.900
5989,4U-C-Z4.tif,0.001,0.195,0.480,0.069,785,542,151.390,0.039,1.616,0.619,0.691
5990,4U-C-Z4.tif,0.007,0.405,0.537,0.128,620,550,7.431,0.110,1.212,0.825,0.748
5991,4U-C-Z4.tif,0.003,0.259,0.589,0.098,707,544,141.843,0.060,1.608,0.622,0.770
5992,4U-C-Z4.tif,0.003,0.226,0.773,0.078,975,556,50.711,0.062,1.202,0.832,0.860
5993,4U-C-Z4.tif,0.005,0.273,0.797,0.096,531,560,59.036,0.070,1.492,0.670,0.864
5994,4U-C-Z4.tif,0.004,0.255,0.680,0.092,900,544,122.735,0.066,1.249,0.800,0.832
5995,4U-C-Z4.tif,0.004,0.284,0.628,0.108,772,549,165.256,0.067,1.875,0.533,0.780
5996,4U-C-Z4.tif,0.003,0.288,0.529,0.106,209,548,141.340,0.064,1.430,0.699,0.759
5997,4U-C-Z4.tif,0.004,0.353,0.395,0.113,502,548,136.975,0.073,1.414,0.707,0.658
5998,4U-C-Z4.tif,0.007,0.375,0.608,0.117,657,567,48.814,0.103,1.069,0.935,0.811
5999,4U-C-Z4.tif,0.006,0.339,0.698,0.108,856,562,14.744,0.093,1.091,0.916,0.835
6000,4U-C-Z4.tif,0.014,0.565,0.560,0.184,915,554,141.072,0.111,1.766,0.566,0.847
6001,4U-C-Z4.tif,0.014,0.569,0.546,0.168,989,549,113.199,0.145,1.066,0.938,0.821
6002,4U-C-Z4.tif,0.005,0.288,0.777,0.101,276,552,150.642,0.077,1.153,0.868,0.867
6003,4U-C-Z4.tif,0.005,0.261,0.882,0.092,686,561,32.735,0.072,1.162,0.861,0.932
6004,4U-C-Z4.tif,0.007,0.445,0.445,0.148,3,553,158.199,0.080,1.646,0.608,0.780
6005,4U-C-Z4.tif,0.004,0.361,0.426,0.126,398,563,28.811,0.071,2.047,0.488,0.709
6006,4U-C-Z4.tif,0.001,0.225,0.308,0.064,745,553,160.017,0.044,1.414,0.707,0.594
6007,4U-C-Z4.tif,0.005,0.283,0.812,0.107,796,567,55.491,0.074,1.444,0.693,0.907
6008,4U-C-Z4.tif,0.006,0.353,0.613,0.118,238,571,52.595,0.078,1.661,0.602,0.809
6009,4U-C-Z4.tif,0.003,0.319,0.430,0.120,353,562,15.945,0.059,2.103,0.476,0.682
6010,4U-C-Z4.tif,0.005,0.286,0.703,0.121,125,563,24.228,0.062,2.083,0.480,0.873
6011,4U-C-Z4.tif,0.011,0.605,0.362,0.170,250,558,144.246,0.131,1.471,0.680,0.668
6012,4U-C-Z4.tif,0.002,0.205,0.617,0.089,818,554,158.199,0.044,2.362,0.423,0.800
6013,4U-C-Z4.tif,0.001,0.142,0.887,0.057,51,556,163.301,0.039,1.377,0.726,0.870
6014,4U-C-Z4.tif,0.001,0.133,0.819,0.051,165,554,130.601,0.039,1.319,0.758,0.835
6015,4U-C-Z4.tif,0.005,0.331,0.517,0.122,474,559,144.162,0.074,1.658,0.603,0.751
6016,4U-C-Z4.tif,0.006,0.336,0.658,0.135,568,557,168.232,0.077,1.703,0.587,0.839
6017,4U-C-Z4.tif,0.003,0.237,0.723,0.091,875,563,14.036,0.055,1.850,0.541,0.833
6018,4U-C-Z4.tif,0.004,0.233,0.843,0.084,322,556,113.199,0.068,1.186,0.843,0.889
6019,4U-C-Z4.tif,0.003,0.257,0.643,0.089,413,561,150.255,0.066,1.211,0.826,0.786
6020,4U-C-Z4.tif,0.006,0.338,0.688,0.128,148,561,154.537,0.083,1.450,0.690,0.846
6021,4U-C-Z4.tif,0.003,0.216,0.744,0.087,196,564,18.435,0.045,2.050,0.488,0.854
6022,4U-C-Z4.tif,0.006,0.388,0.527,0.139,298,582,80.910,0.081,2.043,0.489,0.739
6023,4U-C-Z4.tif,0.002,0.183,0.786,0.066,557,557,131.634,0.050,1.138,0.879,0.890
6024,4U-C-Z4.tif,0.024,0.707,0.614,0.266,350,567,161.940,0.143,1.954,0.512,0.867
6025,4U-C-Z4.tif,0.017,0.653,0.493,0.183,593,560,133.781,0.140,1.182,0.846,0.813
6026,4U-C-Z4.tif,0.002,0.211,0.609,0.072,814,570,67.380,0.059,1.210,0.826,0.743
6027,4U-C-Z4.tif,0.002,0.194,0.537,0.075,34,559,143.973,0.035,2.595,0.385,0.746
6028,4U-C-Z4.tif,0.009,0.514,0.422,0.184,752,566,171.384,0.087,2.433,0.411,0.681
6029,4U-C-Z4.tif,0.002,0.158,0.782,0.060,906,559,123.690,0.046,1.356,0.738,0.810
6030,4U-C-Z4.tif,0.005,0.337,0.519,0.141,95,562,141.340,0.062,2.801,0.357,0.773
6031,4U-C-Z4.tif,0.005,0.288,0.749,0.111,131,572,20.225,0.064,1.642,0.609,0.893
6032,4U-C-Z4.tif,0.021,0.728,0.491,0.218,700,571,163.856,0.176,1.197,0.835,0.743
6033,4U-C-Z4.tif,0.004,0.258,0.715,0.096,85,579,66.371,0.058,1.795,0.557,0.833
6034,4U-C-Z4.tif,0.011,0.443,0.672,0.155,334,589,62.526,0.113,1.526,0.655,0.812
6035,4U-C-Z4.tif,0.006,0.322,0.703,0.113,540,568,150.945,0.078,1.583,0.632,0.836
6036,4U-C-Z4.tif,0.006,0.322,0.781,0.116,845,581,58.570,0.083,1.348,0.742,0.895
6037,4U-C-Z4.tif,0.007,0.389,0.551,0.148,885,589,74.932,0.084,2.029,0.493,0.789
6038,4U-C-Z4.tif,0.006,0.297,0.787,0.109,638,581,59.534,0.073,1.523,0.657,0.878
6039,4U-C-Z4.tif,0.016,0.578,0.606,0.215,954,603,85.601,0.116,2.140,0.467,0.878
6040,4U-C-Z4.tif,0.018,0.895,0.286,0.205,175,599,66.194,0.165,1.025,0.976,0.724
6041,4U-C-Z4.tif,0.002,0.165,0.808,0.068,54,568,165.964,0.040,1.751,0.571,0.847
6042,4U-C-Z4.tif,0.008,0.386,0.658,0.137,208,584,40.101,0.089,1.575,0.635,0.855
6043,4U-C-Z4.tif,0.002,0.205,0.617,0.078,560,567,129.289,0.042,2.008,0.498,0.840
6044,4U-C-Z4.tif,0.007,0.377,0.591,0.120,679,588,74.055,0.086,1.468,0.681,0.810
6045,4U-C-Z4.tif,0.001,0.128,0.925,0.047,868,568,144.462,0.033,1.231,0.812,0.909
6046,4U-C-Z4.tif,0.007,0.378,0.637,0.134,531,592,70.821,0.085,1.745,0.573,0.840
6047,4U-C-Z4.tif,0.001,0.122,0.871,0.051,909,569,130.601,0.034,1.508,0.663,0.861
6048,4U-C-Z4.tif,0.005,0.339,0.583,0.134,465,572,160.821,0.066,2.206,0.453,0.813
6049,4U-C-Z4.tif,0.003,0.233,0.689,0.086,650,581,26.565,0.065,1.302,0.768,0.813
6050,4U-C-Z4.tif,0.001,0.153,0.683,0.060,63,581,56.310,0.033,2.036,0.491,0.824
6051,4U-C-Z4.tif,0.002,0.208,0.619,0.085,422,575,165.069,0.042,2.375,0.421,0.782
6052,4U-C-Z4.tif,0.006,0.368,0.576,0.144,7,573,162.255,0.064,2.464,0.406,0.844
6053,4U-C-Z4.tif,0.002,0.287,0.337,0.082,825,574,137.726,0.053,1.604,0.624,0.709
6054,4U-C-Z4.tif,0.005,0.325,0.628,0.121,785,588,30.069,0.080,1.516,0.660,0.795
6055,4U-C-Z4.tif,0.002,0.200,0.535,0.079,300,578,146.310,0.036,2.713,0.369,0.709
6056,4U-C-Z4.tif,0.005,0.283,0.724,0.099,397,587,19.440,0.071,1.402,0.713,0.871
6057,4U-C-Z4.tif,0.002,0.187,0.629,0.064,746,587,59.036,0.047,1.431,0.699,0.800
6058,4U-C-Z4.tif,0.005,0.379,0.471,0.112,806,577,101.310,0.092,1.217,0.822,0.739
6059,4U-C-Z4.tif,0.009,0.442,0.569,0.143,919,581,152.447,0.106,1.139,0.878,0.799
6060,4U-C-Z4.tif,0.009,0.434,0.617,0.150,900,578,113.749,0.101,1.658,0.603,0.836
6061,4U-C-Z4.tif,0.003,0.234,0.702,0.081,851,582,151.699,0.061,1.517,0.659,0.811
6062,4U-C-Z4.tif,0.004,0.261,0.787,0.093,1006,591,45.000,0.070,1.231,0.812,0.876
6063,4U-C-Z4.tif,0.008,0.403,0.581,0.133,90,598,41.634,0.099,1.413,0.708,0.770
6064,4U-C-Z4.tif,0.007,0.413,0.509,0.129,495,586,9.866,0.088,1.325,0.754,0.777
6065,4U-C-Z4.tif,0.003,0.226,0.721,0.094,590,582,151.928,0.050,1.867,0.536,0.836
6066,4U-C-Z4.tif,0.004,0.317,0.489,0.131,276,583,146.976,0.053,3.026,0.331,0.763
6067,4U-C-Z4.tif,0.003,0.261,0.541,0.111,750,591,20.225,0.049,2.481,0.403,0.789
6068,4U-C-Z4.tif,0.002,0.155,0.889,0.064,26,584,149.036,0.039,1.639,0.610,0.903
6069,4U-C-Z4.tif,0.002,0.205,0.590,0.084,201,583,121.608,0.039,2.416,0.414,0.778
6070,4U-C-Z4.tif,0.006,0.399,0.461,0.135,627,586,153.435,0.068,2.248,0.445,0.750
6071,4U-C-Z4.tif,0.002,0.189,0.542,0.064,46,584,149.036,0.042,1.603,0.624,0.761
6072,4U-C-Z4.tif,0.002,0.185,0.759,0.076,57,591,30.256,0.044,1.784,0.561,0.877
6073,4U-C-Z4.tif,0.003,0.247,0.543,0.099,240,590,19.440,0.044,2.244,0.446,0.825
6074,4U-C-Z4.tif,0.005,0.339,0.523,0.110,255,592,162.474,0.088,1.190,0.840,0.735
6075,4U-C-Z4.tif,0.002,0.181,0.698,0.070,153,585,128.660,0.043,1.546,0.647,0.816
6076,4U-C-Z4.tif,0.014,0.566,0.560,0.215,459,585,140.194,0.121,1.766,0.566,0.848
6077,4U-C-Z4.tif,0.004,0.292,0.548,0.113,602,598,39.094,0.065,1.912,0.523,0.745
6078,4U-C-Z4.tif,0.005,0.398,0.432,0.139,768,610,83.157,0.083,2.068,0.484,0.658
6079,4U-C-Z4.tif,0.005,0.323,0.555,0.126,979,586,142.125,0.058,2.247,0.445,0.792
6080,4U-C-Z4.tif,0.001,0.220,0.353,0.069,71,589,151.390,0.044,1.450,0.690,0.652
6081,4U-C-Z4.tif,0.005,0.270,0.808,0.099,757,606,70.560,0.072,1.415,0.707,0.873
6082,4U-C-Z4.tif,0.002,0.249,0.461,0.113,6,592,165.964,0.033,3.814,0.262,0.794
6083,4U-C-Z4.tif,0.002,0.256,0.418,0.087,376,590,145.305,0.049,1.905,0.525,0.696
6084,4U-C-Z4.tif,0.004,0.263,0.751,0.096,425,601,13.241,0.069,1.256,0.796,0.842
6085,4U-C-Z4.tif,0.013,0.726,0.300,0.199,550,620,48.366,0.128,1.949,0.513,0.651
6086,4U-C-Z4.tif,0.003,0.324,0.331,0.111,834,597,174.289,0.054,2.197,0.455,0.679
6087,4U-C-Z4.tif,0.007,0.395,0.533,0.136,666,596,158.629,0.088,1.293,0.774,0.789
6088,4U-C-Z4.tif,0.006,0.366,0.572,0.133,880,611,51.710,0.082,1.863,0.537,0.772
6089,4U-C-Z4.tif,0.005,0.340,0.499,0.126,134,594,156.801,0.077,1.615,0.619,0.729
6090,4U-C-Z4.tif,0.001,0.126,1.000,0.047,211,592,125.538,0.039,1.119,0.894,0.896
6091,4U-C-Z4.tif,0.005,0.323,0.570,0.103,729,592,115.201,0.078,1.291,0.774,0.770
6092,4U-C-Z4.tif,0.001,0.125,0.900,0.049,60,599,26.565,0.033,1.182,0.846,0.881
6093,4U-C-Z4.tif,0.005,0.345,0.528,0.111,226,613,84.289,0.085,1.373,0.728,0.733
6094,4U-C-Z4.tif,0.003,0.297,0.488,0.098,443,602,26.565,0.080,1.214,0.824,0.708
6095,4U-C-Z4.tif,0.001,0.181,0.547,0.059,580,593,138.814,0.050,1.074,0.931,0.712
6096,4U-C-Z4.tif,0.002,0.248,0.346,0.072,651,604,57.529,0.044,1.502,0.666,0.727
6097,4U-C-Z4.tif,0.003,0.252,0.644,0.103,690,605,25.201,0.055,1.889,0.529,0.811
6098,4U-C-Z4.tif,0.003,0.272,0.428,0.108,811,597,156.038,0.046,2.561,0.391,0.697
6099,4U-C-Z4.tif,0.005,0.286,0.703,0.106,299,601,158.749,0.076,1.372,0.729,0.846
6100,4U-C-Z4.tif,0.003,0.286,0.415,0.101,105,602,22.380,0.055,1.960,0.510,0.667
6101,4U-C-Z4.tif,0.006,0.411,0.451,0.154,500,595,124.824,0.079,2.587,0.386,0.725
6102,4U-C-Z4.tif,0.004,0.289,0.660,0.098,965,609,51.843,0.082,1.053,0.950,0.836
6103,4U-C-Z4.tif,0.003,0.219,0.881,0.090,1004,597,142.431,0.061,1.467,0.682,0.937
6104,4U-C-Z4.tif,0.004,0.256,0.731,0.099,328,598,146.310,0.066,1.607,0.622,0.840
6105,4U-C-Z4.tif,0.005,0.331,0.576,0.107,250,598,145.491,0.080,1.472,0.679,0.772
6106,4U-C-Z4.tif,0.002,0.153,0.813,0.063,517,604,15.255,0.039,1.807,0.554,0.840
6107,4U-C-Z4.tif,0.002,0.170,0.694,0.068,276,600,165.964,0.039,1.663,0.601,0.809
6108,4U-C-Z4.tif,0.004,0.238,0.781,0.083,403,609,36.870,0.065,1.202,0.832,0.879
6109,4U-C-Z4.tif,0.004,0.238,0.787,0.086,785,599,129.806,0.061,1.113,0.898,0.907
6110,4U-C-Z4.tif,0.002,0.175,0.895,0.070,586,601,141.340,0.047,1.490,0.671,0.894
6111,4U-C-Z4.tif,0.011,0.565,0.434,0.195,796,601,154.885,0.087,2.461,0.406,0.783
6112,4U-C-Z4.tif,0.003,0.242,0.706,0.094,124,613,40.236,0.062,1.547,0.646,0.835
6113,4U-C-Z4.tif,0.004,0.344,0.461,0.133,414,609,172.875,0.069,2.144,0.466,0.678
6114,4U-C-Z4.tif,0.001,0.136,0.945,0.055,528,603,143.130,0.039,1.280,0.782,0.929
6115,4U-C-Z4.tif,0.002,0.177,0.827,0.072,266,611,32.471,0.044,1.504,0.665,0.901
6116,4U-C-Z4.tif,0.001,0.145,0.830,0.056,858,607,11.310,0.039,1.386,0.722,0.852
6117,4U-C-Z4.tif,0.001,0.148,0.829,0.062,620,607,169.695,0.033,1.710,0.585,0.897
6118,4U-C-Z4.tif,0.001,0.178,0.479,0.078,20,609,8.130,0.026,3.444,0.290,0.755
6119,4U-C-Z4.tif,0.007,0.439,0.473,0.154,6,607,145.176,0.086,2.047,0.488,0.780
6120,4U-C-Z4.tif,0.006,0.384,0.477,0.131,389,629,75.379,0.083,1.641,0.609,0.718
6121,4U-C-Z4.tif,0.007,0.381,0.637,0.131,595,611,165.379,0.097,1.303,0.767,0.817
6122,4U-C-Z4.tif,0.002,0.172,0.735,0.067,867,611,9.462,0.044,1.549,0.645,0.786
6123,4U-C-Z4.tif,0.003,0.266,0.585,0.120,899,613,15.945,0.039,3.325,0.301,0.908
6124,4U-C-Z4.tif,0.002,0.349,0.222,0.157,38,608,161.565,0.038,5.236,0.191,0.516
6125,4U-C-Z4.tif,0.005,0.286,0.824,0.111,66,617,8.531,0.072,1.379,0.725,0.892
6126,4U-C-Z4.tif,0.002,0.158,0.883,0.062,138,615,26.565,0.039,1.431,0.699,0.928
6127,4U-C-Z4.tif,0.004,0.284,0.590,0.111,361,621,26.565,0.058,1.834,0.545,0.804
6128,4U-C-Z4.tif,0.001,0.144,0.754,0.063,464,609,164.745,0.028,2.511,0.398,0.863
6129,4U-C-Z4.tif,0.005,0.383,0.416,0.124,853,630,77.196,0.091,1.635,0.612,0.661
6130,4U-C-Z4.tif,0.001,0.137,0.907,0.052,228,612,161.565,0.039,1.334,0.750,0.865
6131,4U-C-Z4.tif,0.009,0.533,0.393,0.150,565,623,17.103,0.097,1.718,0.582,0.726
6132,4U-C-Z4.tif,0.006,0.322,0.736,0.121,184,612,133.152,0.078,1.530,0.653,0.899
6133,4U-C-Z4.tif,0.003,0.246,0.625,0.091,156,615,14.036,0.055,1.712,0.584,0.825
6134,4U-C-Z4.tif,0.007,0.378,0.578,0.122,875,623,7.765,0.096,1.396,0.716,0.734
6135,4U-C-Z4.tif,0.003,0.230,0.715,0.087,699,621,34.695,0.057,1.548,0.646,0.853
6136,4U-C-Z4.tif,0.002,0.252,0.469,0.084,744,623,23.199,0.057,1.822,0.549,0.645
6137,4U-C-Z4.tif,0.003,0.266,0.523,0.101,284,619,12.529,0.053,2.073,0.482,0.767
6138,4U-C-Z4.tif,0.001,0.150,0.662,0.052,481,619,18.435,0.039,1.497,0.668,0.788
6139,4U-C-Z4.tif,0.015,0.637,0.453,0.180,332,622,148.736,0.143,1.168,0.856,0.748
6140,4U-C-Z4.tif,0.003,0.213,0.716,0.079,424,624,33.690,0.055,1.591,0.628,0.859
6141,4U-C-Z4.tif,0.002,0.223,0.612,0.081,455,616,151.699,0.053,1.477,0.677,0.748
6142,4U-C-Z4.tif,0.006,0.309,0.772,0.109,678,630,49.086,0.084,1.286,0.778,0.900
6143,4U-C-Z4.tif,0.012,0.452,0.711,0.172,303,616,153.435,0.104,1.571,0.637,0.874
6144,4U-C-Z4.tif,0.012,0.471,0.679,0.173,615,634,37.235,0.099,1.781,0.561,0.887
6145,4U-C-Z4.tif,0.003,0.192,0.884,0.072,665,623,32.471,0.050,1.194,0.837,0.920
6146,4U-C-Z4.tif,0.001,0.137,0.685,0.051,731,615,102.529,0.038,1.170,0.854,0.773
6147,4U-C-Z4.tif,0.001,0.159,0.539,0.062,1010,618,10.305,0.033,2.435,0.411,0.699
6148,4U-C-Z4.tif,0.006,0.349,0.598,0.130,94,624,167.735,0.074,1.657,0.603,0.804
6149,4U-C-Z4.tif,0.004,0.239,0.772,0.092,138,616,147.265,0.060,1.633,0.612,0.853
6150,4U-C-Z4.tif,0.009,0.389,0.752,0.142,527,620,144.462,0.094,1.623,0.616,0.874
6151,4U-C-Z4.tif,0.011,0.516,0.513,0.150,991,623,171.573,0.120,1.167,0.857,0.797
6152,4U-C-Z4.tif,0.007,0.402,0.570,0.139,200,625,170.910,0.094,1.819,0.550,0.778
6153,4U-C-Z4.tif,0.003,0.278,0.527,0.107,933,623,11.889,0.050,1.981,0.505,0.820
6154,4U-C-Z4.tif,0.005,0.390,0.449,0.128,965,631,25.463,0.091,1.191,0.840,0.691
6155,4U-C-Z4.tif,0.001,0.148,0.708,0.062,469,620,153.435,0.033,2.080,0.481,0.820
6156,4U-C-Z4.tif,0.007,0.353,0.668,0.141,768,639,51.340,0.084,1.605,0.623,0.861
6157,4U-C-Z4.tif,0.002,0.172,0.735,0.064,918,628,30.964,0.047,1.418,0.705,0.844
6158,4U-C-Z4.tif,0.004,0.305,0.500,0.115,279,624,163.301,0.063,2.123,0.471,0.775
6159,4U-C-Z4.tif,0.001,0.156,0.749,0.059,734,628,48.814,0.043,1.180,0.847,0.842
6160,4U-C-Z4.tif,0.001,0.148,0.639,0.059,832,624,21.801,0.031,2.038,0.491,0.813
6161,4U-C-Z4.tif,0.002,0.203,0.721,0.075,84,634,72.897,0.054,1.404,0.712,0.817
6162,4U-C-Z4.tif,0.015,0.532,0.663,0.195,236,635,16.390,0.119,1.525,0.656,0.879
6163,4U-C-Z4.tif,0.002,0.194,0.750,0.070,492,621,108.435,0.050,1.285,0.778,0.827
6164,4U-C-Z4.tif,0.003,0.253,0.670,0.102,515,636,53.746,0.058,2.095,0.477,0.828
6165,4U-C-Z4.tif,0.002,0.176,0.722,0.064,911,621,109.983,0.050,1.316,0.760,0.803
6166,4U-C-Z4.tif,0.009,0.400,0.731,0.138,51,631,156.501,0.104,1.409,0.710,0.877
6167,4U-C-Z4.tif,0.012,0.587,0.444,0.188,702,652,58.173,0.109,1.951,0.513,0.779
6168,4U-C-Z4.tif,0.003,0.278,0.561,0.094,859,627,139.764,0.066,1.349,0.741,0.800
6169,4U-C-Z4.tif,0.008,0.420,0.576,0.124,926,645,69.146,0.099,1.258,0.795,0.830
6170,4U-C-Z4.tif,0.005,0.342,0.544,0.113,361,639,14.036,0.092,1.334,0.750,0.729
6171,4U-C-Z4.tif,0.008,0.417,0.591,0.148,464,626,121.329,0.099,1.472,0.679,0.817
6172,4U-C-Z4.tif,0.001,0.170,0.642,0.066,498,635,48.366,0.040,1.759,0.569,0.824
6173,4U-C-Z4.tif,0.002,0.250,0.432,0.106,904,626,98.973,0.039,3.118,0.321,0.686
6174,4U-C-Z4.tif,0.004,0.377,0.376,0.152,174,627,130.601,0.063,2.480,0.403,0.707
6175,4U-C-Z4.tif,0.002,0.208,0.686,0.075,655,627,126.027,0.060,1.309,0.764,0.808
6176,4U-C-Z4.tif,0.005,0.292,0.780,0.106,439,628,141.340,0.077,1.254,0.798,0.882
6177,4U-C-Z4.tif,0.003,0.206,0.779,0.077,740,629,158.962,0.053,1.469,0.681,0.861
6178,4U-C-Z4.tif,0.004,0.259,0.747,0.086,38,641,39.806,0.072,1.239,0.807,0.860
6179,4U-C-Z4.tif,0.003,0.228,0.651,0.084,417,629,113.199,0.051,1.853,0.540,0.791
6180,4U-C-Z4.tif,0.004,0.360,0.382,0.155,783,632,173.884,0.050,4.418,0.226,0.690
6181,4U-C-Z4.tif,0.004,0.275,0.650,0.098,875,641,26.565,0.074,1.331,0.751,0.787
6182,4U-C-Z4.tif,0.009,0.432,0.607,0.152,595,631,102.529,0.108,1.597,0.626,0.793
6183,4U-C-Z4.tif,0.003,0.278,0.502,0.115,945,631,125.218,0.052,2.833,0.353,0.726
6184,4U-C-Z4.tif,0.002,0.225,0.579,0.078,282,632,129.289,0.054,1.705,0.587,0.759
6185,4U-C-Z4.tif,0.005,0.311,0.617,0.111,394,649,57.095,0.076,1.438,0.695,0.826
6186,4U-C-Z4.tif,0.002,0.187,0.781,0.068,678,636,165.964,0.050,1.437,0.696,0.842
6187,4U-C-Z4.tif,0.004,0.275,0.715,0.095,573,644,35.538,0.072,1.389,0.720,0.828
6188,4U-C-Z4.tif,0.001,0.161,0.633,0.055,812,633,143.130,0.044,1.124,0.890,0.789
6189,4U-C-Z4.tif,0.003,0.275,0.559,0.101,831,637,167.471,0.056,2.123,0.471,0.766
6190,4U-C-Z4.tif,0.001,0.134,0.803,0.049,552,642,63.435,0.039,1.234,0.810,0.826
6191,4U-C-Z4.tif,0.007,0.355,0.742,0.117,107,639,131.186,0.088,1.163,0.860,0.906
6192,4U-C-Z4.tif,0.002,0.180,0.921,0.068,265,647,75.964,0.050,1.327,0.754,0.881
6193,4U-C-Z4.tif,0.002,0.159,0.883,0.060,484,635,123.690,0.050,1.195,0.837,0.881
6194,4U-C-Z4.tif,0.003,0.256,0.592,0.090,817,646,42.510,0.059,1.472,0.679,0.785
6195,4U-C-Z4.tif,0.004,0.247,0.836,0.084,100,651,78.690,0.066,1.163,0.860,0.899
6196,4U-C-Z4.tif,0.013,0.550,0.521,0.161,130,637,128.047,0.123,1.191,0.839,0.837
6197,4U-C-Z4.tif,0.001,0.130,0.838,0.052,1013,638,161.565,0.033,1.412,0.708,0.860
6198,4U-C-Z4.tif,0.002,0.230,0.578,0.098,773,651,38.157,0.044,2.546,0.393,0.769
6199,4U-C-Z4.tif,0.005,0.401,0.392,0.143,784,650,22.620,0.059,2.768,0.361,0.738
6200,4U-C-Z4.tif,0.007,0.497,0.357,0.144,961,642,175.601,0.099,1.188,0.842,0.664
6201,4U-C-Z4.tif,0.004,0.266,0.765,0.095,163,654,54.462,0.068,1.388,0.720,0.855
6202,4U-C-Z4.tif,0.010,0.466,0.587,0.176,530,640,110.136,0.086,2.280,0.439,0.845
6203,4U-C-Z4.tif,0.003,0.253,0.643,0.086,659,655,63.435,0.066,1.242,0.805,0.847
6204,4U-C-Z4.tif,0.001,0.137,0.786,0.052,255,650,32.005,0.040,1.240,0.806,0.821
6205,4U-C-Z4.tif,0.001,0.156,0.717,0.059,909,642,111.801,0.037,1.778,0.562,0.807
6206,4U-C-Z4.tif,0.007,0.388,0.611,0.140,624,658,25.560,0.093,1.372,0.729,0.795
6207,4U-C-Z4.tif,0.004,0.275,0.741,0.096,36,654,13.241,0.076,1.195,0.837,0.838
6208,4U-C-Z4.tif,0.005,0.271,0.851,0.098,222,644,116.565,0.066,1.354,0.739,0.934
6209,4U-C-Z4.tif,0.003,0.228,0.673,0.085,326,659,75.069,0.050,1.912,0.523,0.833
6210,4U-C-Z4.tif,0.010,0.455,0.630,0.160,410,671,67.834,0.108,1.483,0.674,0.841
6211,4U-C-Z4.tif,0.007,0.395,0.603,0.122,927,653,161.565,0.099,1.217,0.822,0.822
6212,4U-C-Z4.tif,0.005,0.411,0.397,0.122,988,647,161.565,0.076,1.507,0.664,0.744
6213,4U-C-Z4.tif,0.004,0.282,0.685,0.109,209,645,130.914,0.069,1.461,0.684,0.875
6214,4U-C-Z4.tif,0.001,0.147,0.827,0.062,614,650,26.565,0.033,1.666,0.600,0.904
6215,4U-C-Z4.tif,0.006,0.383,0.540,0.135,366,650,168.232,0.094,1.437,0.696,0.740
6216,4U-C-Z4.tif,0.018,0.679,0.501,0.199,427,674,43.877,0.140,1.290,0.775,0.823
6217,4U-C-Z4.tif,0.005,0.300,0.744,0.115,716,658,35.218,0.075,1.667,0.600,0.848
6218,4U-C-Z4.tif,0.005,0.307,0.604,0.127,741,655,17.650,0.055,2.400,0.417,0.823
6219,4U-C-Z4.tif,0.002,0.192,0.734,0.064,24,659,70.017,0.050,1.310,0.763,0.840
6220,4U-C-Z4.tif,0.005,0.425,0.362,0.129,286,669,50.194,0.083,1.955,0.512,0.643
6221,4U-C-Z4.tif,0.005,0.366,0.490,0.144,490,658,17.745,0.071,2.432,0.411,0.715
6222,4U-C-Z4.tif,0.013,0.633,0.417,0.185,872,652,162.646,0.138,1.196,0.836,0.760
6223,4U-C-Z4.tif,0.003,0.225,0.843,0.082,549,649,109.654,0.066,1.166,0.858,0.878
6224,4U-C-Z4.tif,0.004,0.293,0.558,0.104,565,653,147.995,0.066,1.575,0.635,0.748
6225,4U-C-Z4.tif,0.004,0.234,0.813,0.086,268,659,26.565,0.064,1.445,0.692,0.833
6226,4U-C-Z4.tif,0.004,0.266,0.722,0.096,672,661,30.964,0.072,1.239,0.807,0.851
6227,4U-C-Z4.tif,0.003,0.272,0.562,0.091,832,667,75.964,0.070,1.282,0.780,0.732
6228,4U-C-Z4.tif,0.008,0.464,0.453,0.144,44,661,4.399,0.098,1.648,0.607,0.725
6229,4U-C-Z4.tif,0.011,0.469,0.610,0.166,90,662,174.289,0.105,1.562,0.640,0.844
6230,4U-C-Z4.tif,0.003,0.244,0.666,0.102,235,652,143.746,0.049,2.199,0.455,0.849
6231,4U-C-Z4.tif,0.002,0.191,0.671,0.072,816,652,112.620,0.050,1.702,0.588,0.780
6232,4U-C-Z4.tif,0.001,0.156,0.702,0.064,920,652,120.964,0.038,1.746,0.573,0.789
6233,4U-C-Z4.tif,0.004,0.230,0.838,0.079,171,663,12.095,0.069,1.169,0.856,0.869
6234,4U-C-Z4.tif,0.006,0.298,0.788,0.099,311,654,123.690,0.084,1.229,0.814,0.898
6235,4U-C-Z4.tif,0.001,0.192,0.506,0.076,333,665,59.744,0.038,2.435,0.411,0.760
6236,4U-C-Z4.tif,0.008,0.411,0.627,0.133,350,654,128.290,0.116,1.039,0.963,0.845
6237,4U-C-Z4.tif,0.002,0.176,0.747,0.062,262,666,79.695,0.050,1.137,0.879,0.841
6238,4U-C-Z4.tif,0.004,0.275,0.700,0.109,462,656,139.086,0.061,1.920,0.521,0.845
6239,4U-C-Z4.tif,0.005,0.319,0.636,0.126,778,659,151.189,0.076,1.658,0.603,0.846
6240,4U-C-Z4.tif,0.002,0.222,0.612,0.083,954,658,126.870,0.058,1.583,0.632,0.775
6241,4U-C-Z4.tif,0.002,0.183,0.763,0.074,689,671,63.435,0.043,1.919,0.521,0.832
6242,4U-C-Z4.tif,0.006,0.342,0.669,0.125,707,659,135.000,0.082,1.623,0.616,0.822
6243,4U-C-Z4.tif,0.004,0.266,0.787,0.094,854,667,20.556,0.077,1.213,0.824,0.872
6244,4U-C-Z4.tif,0.006,0.337,0.620,0.133,10,664,172.875,0.077,1.817,0.550,0.822
6245,4U-C-Z4.tif,0.002,0.220,0.549,0.083,135,661,172.405,0.044,1.774,0.564,0.769
6246,4U-C-Z4.tif,0.007,0.412,0.511,0.162,210,661,107.819,0.085,2.217,0.451,0.745
6247,4U-C-Z4.tif,0.003,0.252,0.644,0.093,275,663,135.000,0.062,1.445,0.692,0.796
6248,4U-C-Z4.tif,0.001,0.137,0.726,0.057,623,663,163.301,0.031,1.984,0.504,0.818
6249,4U-C-Z4.tif,0.003,0.219,0.710,0.075,756,664,162.897,0.062,1.097,0.911,0.798
6250,4U-C-Z4.tif,0.022,0.697,0.559,0.227,733,698,60.945,0.150,1.600,0.625,0.871
6251,4U-C-Z4.tif,0.002,0.163,0.719,0.070,900,668,18.435,0.033,1.977,0.506,0.855
6252,4U-C-Z4.tif,0.004,0.261,0.790,0.092,179,666,147.265,0.068,1.399,0.715,0.844
6253,4U-C-Z4.tif,0.006,0.419,0.420,0.155,588,679,16.504,0.075,1.858,0.538,0.704
6254,4U-C-Z4.tif,0.003,0.245,0.646,0.090,231,664,127.569,0.063,1.474,0.678,0.785
6255,4U-C-Z4.tif,0.002,0.153,0.813,0.057,824,673,60.945,0.042,1.282,0.780,0.862
6256,4U-C-Z4.tif,0.008,0.428,0.577,0.162,965,666,162.181,0.075,2.172,0.460,0.821
6257,4U-C-Z4.tif,0.004,0.259,0.691,0.099,305,666,146.310,0.063,1.915,0.522,0.822
6258,4U-C-Z4.tif,0.006,0.303,0.818,0.105,560,666,96.009,0.085,1.239,0.807,0.887
6259,4U-C-Z4.tif,0.001,0.159,0.614,0.064,643,673,19.983,0.033,1.655,0.604,0.837
6260,4U-C-Z4.tif,0.013,0.583,0.491,0.197,136,682,17.928,0.138,1.309,0.764,0.749
6261,4U-C-Z4.tif,0.002,0.173,0.686,0.075,243,669,143.973,0.039,2.031,0.492,0.794
6262,4U-C-Z4.tif,0.006,0.308,0.739,0.118,387,673,169.216,0.072,1.555,0.643,0.906
6263,4U-C-Z4.tif,0.003,0.268,0.512,0.103,498,672,154.799,0.057,2.136,0.468,0.732
6264,4U-C-Z4.tif,0.001,0.137,0.826,0.054,586,678,66.038,0.037,1.571,0.636,0.854
6265,4U-C-Z4.tif,0.001,0.137,0.867,0.052,570,678,57.995,0.039,1.160,0.862,0.851
6266,4U-C-Z4.tif,0.003,0.301,0.398,0.094,92,685,40.236,0.066,1.306,0.766,0.657
6267,4U-C-Z4.tif,0.002,0.186,0.869,0.069,690,683,61.390,0.053,1.375,0.727,0.883
6268,4U-C-Z4.tif,0.007,0.358,0.669,0.128,852,676,149.036,0.088,1.576,0.634,0.840
6269,4U-C-Z4.tif,0.008,0.436,0.558,0.160,473,680,164.055,0.098,1.864,0.536,0.760
6270,4U-C-Z4.tif,0.010,0.466,0.599,0.172,611,702,63.435,0.101,1.782,0.561,0.843
6271,4U-C-Z4.tif,0.001,0.169,0.469,0.057,639,675,163.301,0.043,1.521,0.657,0.609
6272,4U-C-Z4.tif,0.006,0.309,0.732,0.107,771,689,34.509,0.086,1.429,0.700,0.850
6273,4U-C-Z4.tif,0.002,0.201,0.772,0.082,837,681,19.654,0.047,1.747,0.572,0.828
6274,4U-C-Z4.tif,0.011,0.450,0.668,0.172,924,687,7.352,0.094,1.864,0.536,0.888
6275,4U-C-Z4.tif,0.010,0.404,0.766,0.150,435,688,17.103,0.094,1.663,0.601,0.910
6276,4U-C-Z4.tif,0.010,0.460,0.597,0.157,890,686,18.435,0.114,1.245,0.803,0.807
6277,4U-C-Z4.tif,0.010,0.500,0.496,0.159,52,691,14.036,0.099,1.459,0.686,0.811
6278,4U-C-Z4.tif,0.003,0.235,0.719,0.087,649,690,55.305,0.061,1.506,0.664,0.846
6279,4U-C-Z4.tif,0.003,0.202,0.806,0.082,33,690,47.726,0.053,1.567,0.638,0.856
6280,4U-C-Z4.tif,0.006,0.320,0.698,0.111,111,689,32.905,0.075,1.444,0.692,0.851
6281,4U-C-Z4.tif,0.003,0.237,0.690,0.085,696,679,165.069,0.068,1.325,0.755,0.785
6282,4U-C-Z4.tif,0.005,0.333,0.554,0.130,198,679,126.384,0.070,2.028,0.493,0.791
6283,4U-C-Z4.tif,0.012,0.681,0.326,0.210,385,689,4.514,0.136,1.553,0.644,0.637
6284,4U-C-Z4.tif,0.002,0.150,0.893,0.060,574,685,33.690,0.039,1.245,0.803,0.922
6285,4U-C-Z4.tif,0.007,0.337,0.740,0.112,669,699,78.690,0.089,1.241,0.806,0.855
6286,4U-C-Z4.tif,0.001,0.134,0.909,0.052,788,681,161.565,0.039,1.410,0.709,0.851
6287,4U-C-Z4.tif,0.003,0.255,0.622,0.101,829,683,157.620,0.055,2.103,0.475,0.812
6288,4U-C-Z4.tif,0.008,0.450,0.504,0.129,336,682,129.806,0.109,1.243,0.804,0.802
6289,4U-C-Z4.tif,0.011,0.644,0.329,0.257,525,683,157.286,0.101,2.969,0.337,0.688
6290,4U-C-Z4.tif,0.003,0.272,0.542,0.083,800,695,53.130,0.070,1.050,0.952,0.745
6291,4U-C-Z4.tif,0.003,0.279,0.463,0.096,172,687,149.036,0.059,1.552,0.644,0.725
6292,4U-C-Z4.tif,0.001,0.126,0.953,0.047,982,691,45.000,0.039,1.073,0.932,0.870
6293,4U-C-Z4.tif,0.001,0.137,0.726,0.052,357,690,32.005,0.039,1.181,0.847,0.783
6294,4U-C-Z4.tif,0.009,0.552,0.352,0.164,260,689,160.346,0.096,1.674,0.597,0.762
6295,4U-C-Z4.tif,0.002,0.236,0.547,0.092,712,696,32.735,0.053,1.940,0.516,0.766
6296,4U-C-Z4.tif,0.010,0.459,0.585,0.163,975,686,101.689,0.097,1.808,0.553,0.823
6297,4U-C-Z4.tif,0.001,0.121,0.917,0.047,254,687,125.538,0.033,1.318,0.759,0.921
6298,4U-C-Z4.tif,0.001,0.137,0.726,0.047,308,689,159.444,0.039,1.131,0.884,0.800
6299,4U-C-Z4.tif,0.008,0.474,0.461,0.145,368,694,142.696,0.105,1.321,0.757,0.715
6300,4U-C-Z4.tif,0.007,0.358,0.731,0.121,459,689,140.528,0.096,1.261,0.793,0.877
6301,4U-C-Z4.tif,0.001,0.148,0.795,0.059,784,693,21.801,0.033,1.658,0.603,0.876
6302,4U-C-Z4.tif,0.004,0.266,0.647,0.109,96,691,149.534,0.052,2.352,0.425,0.819
6303,4U-C-Z4.tif,0.003,0.261,0.502,0.100,579,694,170.538,0.050,2.054,0.487,0.796
6304,4U-C-Z4.tif,0.001,0.158,0.751,0.060,326,699,56.310,0.041,1.506,0.664,0.810
6305,4U-C-Z4.tif,0.003,0.235,0.714,0.091,500,698,14.036,0.057,1.521,0.658,0.812
6306,4U-C-Z4.tif,0.005,0.406,0.367,0.121,871,710,65.772,0.082,1.702,0.588,0.667
6307,4U-C-Z4.tif,0.002,0.189,0.663,0.067,595,692,155.556,0.053,1.123,0.891,0.765
6308,4U-C-Z4.tif,0.002,0.169,0.750,0.059,817,691,131.186,0.049,1.161,0.861,0.842
6309,4U-C-Z4.tif,0.005,0.356,0.505,0.113,153,692,129.094,0.071,1.462,0.684,0.791
6310,4U-C-Z4.tif,0.007,0.415,0.508,0.138,692,695,151.390,0.088,1.678,0.596,0.821
6311,4U-C-Z4.tif,0.002,0.219,0.526,0.096,927,694,156.371,0.036,3.375,0.296,0.742
6312,4U-C-Z4.tif,0.004,0.269,0.742,0.108,9,698,165.256,0.061,1.600,0.625,0.873
6313,4U-C-Z4.tif,0.007,0.369,0.613,0.122,219,708,35.838,0.094,1.213,0.824,0.816
6314,4U-C-Z4.tif,0.001,0.150,0.594,0.064,955,703,59.036,0.030,2.796,0.358,0.737
6315,4U-C-Z4.tif,0.002,0.242,0.486,0.103,648,696,164.476,0.043,2.764,0.362,0.739
6316,4U-C-Z4.tif,0.004,0.300,0.583,0.127,755,698,145.620,0.053,2.536,0.394,0.795
6317,4U-C-Z4.tif,0.001,0.163,0.647,0.068,829,696,165.964,0.028,2.531,0.395,0.857
6318,4U-C-Z4.tif,0.004,0.253,0.714,0.095,172,707,35.538,0.059,1.725,0.580,0.839
6319,4U-C-Z4.tif,0.005,0.294,0.724,0.100,487,703,170.538,0.073,1.411,0.708,0.856
6320,4U-C-Z4.tif,0.008,0.414,0.563,0.137,43,702,139.899,0.099,1.433,0.698,0.807
6321,4U-C-Z4.tif,0.008,0.372,0.696,0.130,436,701,143.616,0.088,1.257,0.796,0.869
6322,4U-C-Z4.tif,0.006,0.329,0.733,0.122,685,700,125.838,0.078,1.461,0.685,0.889
6323,4U-C-Z4.tif,0.004,0.312,0.507,0.126,907,704,164.745,0.064,1.882,0.531,0.758
6324,4U-C-Z4.tif,0.004,0.270,0.604,0.092,477,702,107.354,0.061,1.731,0.578,0.766
6325,4U-C-Z4.tif,0.004,0.278,0.694,0.108,621,711,14.744,0.066,1.569,0.637,0.847
6326,4U-C-Z4.tif,0.002,0.220,0.572,0.075,25,709,162.897,0.055,1.147,0.872,0.772
6327,4U-C-Z4.tif,0.005,0.377,0.417,0.121,176,714,30.069,0.075,1.744,0.573,0.695
6328,4U-C-Z4.tif,0.002,0.236,0.479,0.084,945,707,168.690,0.048,1.768,0.566,0.686
6329,4U-C-Z4.tif,0.012,0.512,0.572,0.166,288,715,15.422,0.119,1.302,0.768,0.830
6330,4U-C-Z4.tif,0.004,0.300,0.596,0.107,410,715,34.509,0.077,1.252,0.798,0.808
6331,4U-C-Z4.tif,0.010,0.504,0.486,0.188,732,714,6.710,0.084,2.512,0.398,0.787
6332,4U-C-Z4.tif,0.002,0.239,0.359,0.103,779,711,15.524,0.029,4.469,0.224,0.667
6333,4U-C-Z4.tif,0.001,0.131,0.865,0.052,80,706,108.435,0.033,1.581,0.632,0.857
6334,4U-C-Z4.tif,0.004,0.286,0.638,0.098,807,715,26.565,0.076,1.137,0.880,0.828
6335,4U-C-Z4.tif,0.007,0.450,0.445,0.160,829,718,22.166,0.062,2.747,0.364,0.797
6336,4U-C-Z4.tif,0.006,0.361,0.625,0.119,94,714,13.392,0.099,1.010,0.990,0.800
6337,4U-C-Z4.tif,0.003,0.272,0.573,0.111,236,714,8.531,0.055,2.255,0.443,0.758
6338,4U-C-Z4.tif,0.005,0.283,0.767,0.106,504,717,8.973,0.072,1.378,0.725,0.863
6339,4U-C-Z4.tif,0.005,0.333,0.513,0.123,557,710,153.435,0.069,1.833,0.546,0.739
6340,4U-C-Z4.tif,0.004,0.325,0.422,0.109,704,720,40.914,0.068,1.547,0.647,0.748
6341,4U-C-Z4.tif,0.005,0.299,0.695,0.111,873,716,20.225,0.071,1.412,0.708,0.851
6342,4U-C-Z4.tif,0.002,0.153,0.943,0.063,893,715,37.875,0.043,1.504,0.665,0.906
6343,4U-C-Z4.tif,0.002,0.191,0.786,0.064,641,709,120.964,0.055,1.140,0.877,0.893
6344,4U-C-Z4.tif,0.003,0.211,0.737,0.070,137,711,135.000,0.060,1.089,0.918,0.831
6345,4U-C-Z4.tif,0.001,0.130,0.996,0.049,549,712,153.435,0.039,1.199,0.834,0.917
6346,4U-C-Z4.tif,0.003,0.214,0.749,0.079,987,723,65.225,0.055,1.405,0.712,0.853
6347,4U-C-Z4.tif,0.003,0.228,0.665,0.092,1,720,32.735,0.050,2.109,0.474,0.812
6348,4U-C-Z4.tif,0.001,0.130,0.951,0.049,326,717,26.565,0.039,1.110,0.901,0.894
6349,4U-C-Z4.tif,0.002,0.175,0.758,0.070,536,716,18.435,0.039,1.883,0.531,0.871
6350,4U-C-Z4.tif,0.002,0.215,0.546,0.089,14,717,172.875,0.039,2.651,0.377,0.815
6351,4U-C-Z4.tif,0.002,0.180,0.850,0.070,1002,712,135.000,0.047,1.363,0.734,0.883
6352,4U-C-Z4.tif,0.002,0.148,0.864,0.063,125,718,15.255,0.033,1.824,0.548,0.909
6353,4U-C-Z4.tif,0.001,0.192,0.473,0.086,580,720,26.565,0.029,3.964,0.252,0.724
6354,4U-C-Z4.tif,0.002,0.219,0.654,0.091,646,723,25.017,0.052,1.945,0.514,0.781
6355,4U-C-Z4.tif,0.003,0.195,0.900,0.073,211,720,167.005,0.055,1.268,0.788,0.905
6356,4U-D-Z4.tif,0.005,0.344,0.568,0.118,96,13,27.759,0.081,1.208,0.828,0.775
6357,4U-D-Z4.tif,0.001,0.181,0.393,0.078,939,5,8.130,0.024,4.241,0.236,0.680
6358,4U-D-Z4.tif,0.007,0.395,0.584,0.129,17,15,9.866,0.097,1.138,0.879,0.750
6359,4U-D-Z4.tif,0.004,0.270,0.761,0.092,41,15,32.735,0.072,1.248,0.802,0.872
6360,4U-D-Z4.tif,0.002,0.148,0.864,0.060,84,11,33.690,0.043,1.383,0.723,0.870
6361,4U-D-Z4.tif,0.006,0.448,0.385,0.124,157,4,102.804,0.089,1.561,0.641,0.746
6362,4U-D-Z4.tif,0.004,0.358,0.410,0.109,380,5,130.914,0.081,1.097,0.912,0.675
6363,4U-D-Z4.tif,0.009,0.428,0.591,0.141,936,4,120.579,0.104,1.207,0.828,0.814
6364,4U-D-Z4.tif,0.003,0.227,0.703,0.091,65,5,154.983,0.048,1.837,0.544,0.826
6365,4U-D-Z4.tif,0.003,0.264,0.503,0.077,342,18,68.962,0.070,1.053,0.950,0.742
6366,4U-D-Z4.tif,0.003,0.217,0.783,0.075,844,18,72.897,0.063,1.121,0.892,0.829
6367,4U-D-Z4.tif,0.012,0.499,0.613,0.173,413,6,112.479,0.104,1.609,0.622,0.861
6368,4U-D-Z4.tif,0.009,0.517,0.400,0.140,451,26,25.560,0.125,1.248,0.801,0.712
6369,4U-D-Z4.tif,0.004,0.294,0.609,0.113,555,7,165.964,0.066,1.579,0.633,0.819
6370,4U-D-Z4.tif,0.008,0.406,0.597,0.141,664,25,38.660,0.096,1.432,0.698,0.797
6371,4U-D-Z4.tif,0.016,0.740,0.370,0.269,258,42,44.170,0.100,2.728,0.367,0.763
6372,4U-D-Z4.tif,0.003,0.272,0.573,0.098,249,22,51.843,0.062,1.457,0.686,0.807
6373,4U-D-Z4.tif,0.001,0.126,0.834,0.051,716,9,167.471,0.033,1.676,0.597,0.824
6374,4U-D-Z4.tif,0.001,0.175,0.609,0.072,736,15,32.471,0.036,2.349,0.426,0.748
6375,4U-D-Z4.tif,0.005,0.329,0.526,0.123,322,9,116.565,0.071,1.785,0.560,0.752
6376,4U-D-Z4.tif,0.011,0.439,0.731,0.151,636,33,56.889,0.103,1.397,0.716,0.888
6377,4U-D-Z4.tif,0.001,0.130,0.770,0.057,945,10,163.301,0.028,1.973,0.507,0.872
6378,4U-D-Z4.tif,0.006,0.331,0.673,0.121,997,15,155.772,0.082,1.383,0.723,0.843
6379,4U-D-Z4.tif,0.009,0.446,0.588,0.173,814,12,149.349,0.081,2.109,0.474,0.862
6380,4U-D-Z4.tif,0.002,0.178,0.863,0.076,52,14,149.744,0.044,1.821,0.549,0.906
6381,4U-D-Z4.tif,0.005,0.264,0.844,0.101,479,16,157.620,0.066,1.437,0.696,0.917
6382,4U-D-Z4.tif,0.001,0.222,0.379,0.070,954,22,18.435,0.048,1.259,0.795,0.613
6383,4U-D-Z4.tif,0.005,0.283,0.743,0.106,112,25,21.251,0.066,1.794,0.557,0.855
6384,4U-D-Z4.tif,0.002,0.165,0.905,0.062,516,21,26.565,0.051,1.259,0.794,0.861
6385,4U-D-Z4.tif,0.009,0.410,0.642,0.127,788,32,34.380,0.105,1.120,0.893,0.869
6386,4U-D-Z4.tif,0.003,0.314,0.439,0.117,975,18,8.130,0.060,2.107,0.475,0.719
6387,4U-D-Z4.tif,0.002,0.159,0.779,0.062,93,18,153.435,0.044,1.385,0.722,0.839
6388,4U-D-Z4.tif,0.006,0.350,0.665,0.117,233,19,131.186,0.091,1.285,0.778,0.853
6389,4U-D-Z4.tif,0.001,0.136,0.870,0.050,350,18,96.340,0.039,1.134,0.882,0.848
6390,4U-D-Z4.tif,0.005,0.312,0.581,0.121,691,29,30.069,0.064,2.222,0.450,0.768
6391,4U-D-Z4.tif,0.002,0.217,0.436,0.086,842,28,26.565,0.047,2.139,0.468,0.651
6392,4U-D-Z4.tif,0.011,0.508,0.560,0.180,179,20,113.429,0.107,1.814,0.551,0.835
6393,4U-D-Z4.tif,0.003,0.213,0.724,0.078,752,21,140.711,0.055,1.426,0.701,0.856
6394,4U-D-Z4.tif,0.002,0.204,0.465,0.075,74,22,126.027,0.044,1.982,0.505,0.685
6395,4U-D-Z4.tif,0.002,0.145,0.903,0.054,258,21,113.962,0.044,1.182,0.846,0.870
6396,4U-D-Z4.tif,0.006,0.375,0.558,0.130,586,42,53.616,0.073,2.127,0.470,0.770
6397,4U-D-Z4.tif,0.003,0.209,0.808,0.074,62,34,63.435,0.061,1.143,0.875,0.857
6398,4U-D-Z4.tif,0.003,0.256,0.662,0.091,505,38,75.964,0.065,1.292,0.774,0.851
6399,4U-D-Z4.tif,0.015,0.681,0.416,0.198,893,45,19.440,0.138,1.472,0.679,0.753
6400,4U-D-Z4.tif,0.005,0.278,0.763,0.099,214,26,146.310,0.078,1.314,0.761,0.849
6401,4U-D-Z4.tif,0.001,0.134,0.866,0.055,340,24,143.130,0.035,1.580,0.633,0.872
6402,4U-D-Z4.tif,0.010,0.501,0.499,0.153,546,23,127.694,0.126,1.247,0.802,0.780
6403,4U-D-Z4.tif,0.007,0.361,0.691,0.130,605,23,143.616,0.088,1.399,0.715,0.834
6404,4U-D-Z4.tif,0.003,0.387,0.287,0.111,770,42,32.905,0.083,1.340,0.747,0.518
6405,4U-D-Z4.tif,0.008,0.394,0.634,0.155,287,39,16.504,0.074,2.357,0.424,0.864
6406,4U-D-Z4.tif,0.007,0.414,0.515,0.138,522,45,53.130,0.083,2.006,0.498,0.779
6407,4U-D-Z4.tif,0.002,0.202,0.637,0.074,571,27,153.435,0.050,1.475,0.678,0.786
6408,4U-D-Z4.tif,0.007,0.338,0.738,0.119,41,28,123.690,0.083,1.377,0.726,0.888
6409,4U-D-Z4.tif,0.007,0.394,0.556,0.137,750,26,130.101,0.084,1.583,0.632,0.853
6410,4U-D-Z4.tif,0.001,0.170,0.537,0.070,970,28,161.565,0.031,2.521,0.397,0.759
6411,4U-D-Z4.tif,0.002,0.181,0.791,0.062,12,27,116.565,0.055,1.080,0.926,0.850
6412,4U-D-Z4.tif,0.005,0.318,0.605,0.104,335,27,108.435,0.076,1.532,0.653,0.836
6413,4U-D-Z4.tif,0.010,0.472,0.550,0.147,864,36,12.995,0.109,1.471,0.680,0.825
6414,4U-D-Z4.tif,0.001,0.206,0.349,0.073,366,30,167.005,0.039,1.973,0.507,0.619
6415,4U-D-Z4.tif,0.002,0.178,0.815,0.074,671,28,153.435,0.041,1.988,0.503,0.866
6416,4U-D-Z4.tif,0.004,0.297,0.518,0.106,115,33,8.973,0.066,1.359,0.736,0.782
6417,4U-D-Z4.tif,0.006,0.300,0.803,0.102,138,44,36.254,0.083,1.161,0.861,0.882
6418,4U-D-Z4.tif,0.002,0.176,0.906,0.070,196,41,51.340,0.047,1.541,0.649,0.881
6419,4U-D-Z4.tif,0.004,0.261,0.759,0.101,19,31,135.000,0.070,1.419,0.705,0.886
6420,4U-D-Z4.tif,0.003,0.226,0.818,0.090,104,32,142.431,0.054,1.664,0.601,0.873
6421,4U-D-Z4.tif,0.003,0.275,0.438,0.082,387,42,42.274,0.066,1.299,0.770,0.688
6422,4U-D-Z4.tif,0.006,0.322,0.668,0.130,437,42,12.265,0.072,1.867,0.536,0.837
6423,4U-D-Z4.tif,0.005,0.305,0.627,0.110,478,31,126.870,0.077,1.641,0.609,0.812
6424,4U-D-Z4.tif,0.006,0.344,0.687,0.130,793,46,36.384,0.079,1.527,0.655,0.847
6425,4U-D-Z4.tif,0.003,0.215,0.805,0.082,994,34,160.346,0.058,1.416,0.706,0.852
6426,4U-D-Z4.tif,0.001,0.186,0.429,0.079,727,33,167.905,0.028,3.302,0.303,0.672
6427,4U-D-Z4.tif,0.015,0.537,0.631,0.191,649,67,71.565,0.128,1.462,0.684,0.813
6428,4U-D-Z4.tif,0.009,0.464,0.535,0.157,952,45,10.125,0.102,1.609,0.621,0.822
6429,4U-D-Z4.tif,0.014,0.547,0.594,0.178,78,49,158.199,0.132,1.339,0.747,0.809
6430,4U-D-Z4.tif,0.008,0.404,0.633,0.148,691,41,164.932,0.080,1.818,0.550,0.863
6431,4U-D-Z4.tif,0.005,0.267,0.838,0.098,353,49,26.565,0.072,1.391,0.719,0.902
6432,4U-D-Z4.tif,0.004,0.346,0.469,0.131,399,39,157.751,0.055,2.528,0.396,0.770
6433,4U-D-Z4.tif,0.003,0.245,0.564,0.081,567,51,61.699,0.055,1.614,0.619,0.798
6434,4U-D-Z4.tif,0.003,0.211,0.712,0.086,624,38,129.806,0.043,2.289,0.437,0.843
6435,4U-D-Z4.tif,0.004,0.272,0.598,0.099,840,55,70.560,0.065,1.371,0.729,0.792
6436,4U-D-Z4.tif,0.006,0.309,0.740,0.102,820,53,36.254,0.084,1.218,0.821,0.873
6437,4U-D-Z4.tif,0.001,0.161,0.722,0.062,679,52,79.695,0.044,1.284,0.779,0.803
6438,4U-D-Z4.tif,0.004,0.295,0.595,0.117,197,53,19.290,0.066,1.696,0.590,0.760
6439,4U-D-Z4.tif,0.002,0.220,0.509,0.094,226,48,6.710,0.034,3.238,0.309,0.747
6440,4U-D-Z4.tif,0.006,0.353,0.557,0.126,305,47,164.745,0.075,1.700,0.588,0.833
6441,4U-D-Z4.tif,0.005,0.338,0.501,0.129,448,51,9.866,0.059,2.775,0.360,0.781
6442,4U-D-Z4.tif,0.006,0.406,0.426,0.166,492,43,158.552,0.058,3.092,0.323,0.760
6443,4U-D-Z4.tif,0.002,0.178,0.868,0.063,379,48,164.745,0.054,1.077,0.929,0.847
6444,4U-D-Z4.tif,0.007,0.350,0.677,0.131,280,67,67.751,0.085,1.714,0.584,0.855
6445,4U-D-Z4.tif,0.005,0.309,0.677,0.133,422,46,138.366,0.062,2.195,0.456,0.848
6446,4U-D-Z4.tif,0.004,0.369,0.406,0.141,728,49,159.444,0.065,2.565,0.390,0.668
6447,4U-D-Z4.tif,0.002,0.178,0.916,0.067,944,52,9.462,0.054,1.163,0.860,0.894
6448,4U-D-Z4.tif,0.001,0.153,0.634,0.054,980,54,66.038,0.039,1.467,0.682,0.750
6449,4U-D-Z4.tif,0.002,0.197,0.690,0.076,27,46,120.256,0.048,1.529,0.654,0.791
6450,4U-D-Z4.tif,0.006,0.413,0.433,0.148,141,47,164.932,0.072,2.230,0.448,0.750
6451,4U-D-Z4.tif,0.008,0.347,0.788,0.124,919,65,57.724,0.090,1.470,0.680,0.886
6452,4U-D-Z4.tif,0.011,0.520,0.498,0.155,853,47,106.504,0.124,1.201,0.833,0.759
6453,4U-D-Z4.tif,0.006,0.383,0.514,0.139,226,53,173.157,0.066,2.048,0.488,0.818
6454,4U-D-Z4.tif,0.009,0.506,0.465,0.148,617,49,105.068,0.126,1.178,0.849,0.745
6455,4U-D-Z4.tif,0.006,0.372,0.572,0.133,768,50,141.710,0.080,1.528,0.654,0.802
6456,4U-D-Z4.tif,0.004,0.244,0.763,0.091,12,50,115.017,0.057,1.727,0.579,0.878
6457,4U-D-Z4.tif,0.005,0.324,0.651,0.127,578,53,145.620,0.072,1.831,0.546,0.825
6458,4U-D-Z4.tif,0.003,0.206,0.878,0.082,604,50,109.654,0.055,1.616,0.619,0.899
6459,4U-D-Z4.tif,0.007,0.394,0.568,0.143,109,56,152.447,0.086,1.762,0.567,0.809
6460,4U-D-Z4.tif,0.002,0.191,0.776,0.081,901,52,151.699,0.047,1.779,0.562,0.851
6461,4U-D-Z4.tif,0.006,0.329,0.681,0.113,988,66,22.834,0.084,1.326,0.754,0.836
6462,4U-D-Z4.tif,0.002,0.156,0.858,0.059,35,58,21.801,0.041,1.509,0.663,0.866
6463,4U-D-Z4.tif,0.002,0.189,0.684,0.072,56,64,57.529,0.046,1.762,0.568,0.805
6464,4U-D-Z4.tif,0.011,0.534,0.475,0.165,207,77,53.130,0.118,1.573,0.636,0.753
6465,4U-D-Z4.tif,0.005,0.351,0.496,0.101,369,55,130.601,0.083,1.104,0.906,0.740
6466,4U-D-Z4.tif,0.003,0.256,0.534,0.100,964,58,9.462,0.052,1.980,0.505,0.770
6467,4U-D-Z4.tif,0.002,0.209,0.643,0.087,194,55,145.305,0.047,1.838,0.544,0.851
6468,4U-D-Z4.tif,0.001,0.156,0.717,0.062,883,58,153.435,0.043,1.408,0.710,0.821
6469,4U-D-Z4.tif,0.012,0.499,0.607,0.177,689,74,25.769,0.114,1.554,0.643,0.853
6470,4U-D-Z4.tif,0.005,0.283,0.753,0.098,788,62,153.435,0.078,1.129,0.886,0.866
6471,4U-D-Z4.tif,0.004,0.296,0.628,0.106,400,66,21.251,0.065,1.867,0.536,0.791
6472,4U-D-Z4.tif,0.004,0.352,0.396,0.107,251,67,11.889,0.066,1.635,0.612,0.713
6473,4U-D-Z4.tif,0.004,0.285,0.589,0.103,70,59,105.524,0.060,1.797,0.557,0.813
6474,4U-D-Z4.tif,0.003,0.263,0.630,0.111,347,60,147.095,0.061,1.879,0.532,0.820
6475,4U-D-Z4.tif,0.008,0.391,0.628,0.149,810,59,141.009,0.091,1.622,0.616,0.833
6476,4U-D-Z4.tif,0.004,0.289,0.547,0.118,168,62,142.595,0.064,2.085,0.480,0.759
6477,4U-D-Z4.tif,0.007,0.372,0.613,0.140,873,60,131.820,0.086,1.732,0.578,0.820
6478,4U-D-Z4.tif,0.002,0.214,0.607,0.091,299,61,154.983,0.044,2.457,0.407,0.753
6479,4U-D-Z4.tif,0.008,0.415,0.611,0.157,452,66,169.875,0.081,2.132,0.469,0.867
6480,4U-D-Z4.tif,0.002,0.196,0.805,0.078,481,62,140.711,0.055,1.453,0.688,0.905
6481,4U-D-Z4.tif,0.001,0.130,0.838,0.051,503,61,130.601,0.034,1.632,0.613,0.841
6482,4U-D-Z4.tif,0.004,0.266,0.663,0.098,510,65,163.610,0.055,1.714,0.583,0.842
6483,4U-D-Z4.tif,0.005,0.281,0.736,0.103,718,67,164.476,0.066,1.479,0.676,0.857
6484,4U-D-Z4.tif,0.005,0.341,0.498,0.147,943,65,167.005,0.055,3.068,0.326,0.770
6485,4U-D-Z4.tif,0.007,0.384,0.616,0.133,653,79,38.290,0.099,1.234,0.811,0.833
6486,4U-D-Z4.tif,0.003,0.228,0.760,0.079,999,71,33.690,0.061,1.281,0.781,0.852
6487,4U-D-Z4.tif,0.001,0.148,0.812,0.060,736,64,146.310,0.039,1.534,0.652,0.879
6488,4U-D-Z4.tif,0.008,0.464,0.477,0.130,755,64,126.384,0.109,1.192,0.839,0.799
6489,4U-D-Z4.tif,0.006,0.380,0.541,0.139,155,66,123.690,0.075,2.131,0.469,0.756
6490,4U-D-Z4.tif,0.003,0.225,0.812,0.084,316,76,23.199,0.065,1.300,0.769,0.854
6491,4U-D-Z4.tif,0.003,0.198,0.900,0.073,548,65,102.995,0.055,1.268,0.789,0.886
6492,4U-D-Z4.tif,0.003,0.206,0.806,0.075,80,66,143.973,0.057,1.310,0.763,0.849
6493,4U-D-Z4.tif,0.009,0.475,0.502,0.144,229,67,130.365,0.111,1.310,0.763,0.797
6494,4U-D-Z4.tif,0.004,0.253,0.732,0.096,391,82,66.371,0.062,1.594,0.627,0.845
6495,4U-D-Z4.tif,0.005,0.280,0.816,0.104,529,77,32.005,0.072,1.465,0.683,0.887
6496,4U-D-Z4.tif,0.004,0.236,0.814,0.090,24,69,142.431,0.066,1.353,0.739,0.856
6497,4U-D-Z4.tif,0.001,0.145,0.758,0.057,45,67,150.945,0.033,1.698,0.589,0.832
6498,4U-D-Z4.tif,0.006,0.478,0.335,0.141,897,70,159.444,0.100,1.140,0.877,0.613
6499,4U-D-Z4.tif,0.004,0.283,0.610,0.096,121,84,59.036,0.074,1.510,0.662,0.800
6500,4U-D-Z4.tif,0.007,0.416,0.527,0.125,287,85,48.576,0.095,1.284,0.779,0.801
6501,4U-D-Z4.tif,0.006,0.347,0.658,0.128,399,79,25.463,0.085,1.592,0.628,0.832
6502,4U-D-Z4.tif,0.008,0.472,0.468,0.155,577,81,6.116,0.088,1.851,0.540,0.799
6503,4U-D-Z4.tif,0.007,0.350,0.743,0.129,934,69,129.806,0.088,1.552,0.644,0.864
6504,4U-D-Z4.tif,0.006,0.307,0.782,0.109,93,81,30.466,0.079,1.396,0.716,0.864
6505,4U-D-Z4.tif,0.003,0.206,0.869,0.078,982,69,140.711,0.053,1.468,0.681,0.890
6506,4U-D-Z4.tif,0.006,0.402,0.431,0.131,144,71,104.621,0.099,1.391,0.719,0.673
6507,4U-D-Z4.tif,0.005,0.303,0.644,0.095,486,72,125.538,0.081,1.211,0.826,0.852
6508,4U-D-Z4.tif,0.001,0.148,0.622,0.057,678,73,119.055,0.032,2.044,0.489,0.758
6509,4U-D-Z4.tif,0.009,0.562,0.372,0.148,778,75,131.987,0.122,1.225,0.816,0.735
6510,4U-D-Z4.tif,0.003,0.222,0.720,0.079,42,83,33.690,0.054,1.390,0.719,0.842
6511,4U-D-Z4.tif,0.002,0.202,0.646,0.079,307,86,56.310,0.044,1.727,0.579,0.798
6512,4U-D-Z4.tif,0.009,0.468,0.495,0.158,418,88,20.323,0.098,1.687,0.593,0.769
6513,4U-D-Z4.tif,0.008,0.481,0.418,0.162,271,82,144.689,0.091,1.875,0.533,0.717
6514,4U-D-Z4.tif,0.003,0.219,0.885,0.077,452,82,21.038,0.066,1.055,0.948,0.899
6515,4U-D-Z4.tif,0.011,0.494,0.543,0.153,173,95,21.038,0.117,1.396,0.716,0.807
6516,4U-D-Z4.tif,0.003,0.245,0.685,0.095,475,76,125.538,0.058,1.788,0.559,0.840
6517,4U-D-Z4.tif,0.003,0.252,0.505,0.101,960,78,167.471,0.044,2.438,0.410,0.724
6518,4U-D-Z4.tif,0.002,0.156,0.858,0.055,731,79,143.130,0.044,1.241,0.806,0.894
6519,4U-D-Z4.tif,0.008,0.466,0.476,0.142,504,78,103.496,0.113,1.275,0.785,0.762
6520,4U-D-Z4.tif,0.002,0.181,0.733,0.072,561,80,147.529,0.044,1.735,0.576,0.797
6521,4U-D-Z4.tif,0.005,0.373,0.451,0.124,17,84,167.196,0.091,1.335,0.749,0.678
6522,4U-D-Z4.tif,0.001,0.187,0.434,0.075,250,85,17.103,0.038,1.750,0.572,0.650
6523,4U-D-Z4.tif,0.015,0.544,0.658,0.187,347,104,40.236,0.139,1.381,0.724,0.857
6524,4U-D-Z4.tif,0.004,0.356,0.421,0.121,625,79,140.528,0.074,1.850,0.541,0.678
6525,4U-D-Z4.tif,0.002,0.192,0.730,0.070,722,89,51.340,0.050,1.148,0.871,0.877
6526,4U-D-Z4.tif,0.003,0.214,0.690,0.083,810,85,172.405,0.050,1.620,0.617,0.838
6527,4U-D-Z4.tif,0.004,0.311,0.555,0.115,983,92,35.218,0.062,1.774,0.564,0.803
6528,4U-D-Z4.tif,0.007,0.333,0.788,0.117,318,91,19.290,0.094,1.202,0.832,0.886
6529,4U-D-Z4.tif,0.003,0.270,0.516,0.097,651,94,47.291,0.058,1.490,0.671,0.739
6530,4U-D-Z4.tif,0.001,0.122,0.871,0.047,392,83,159.444,0.033,1.368,0.731,0.883
6531,4U-D-Z4.tif,0.014,0.563,0.566,0.193,530,85,160.017,0.106,1.832,0.546,0.857
6532,4U-D-Z4.tif,0.001,0.142,0.925,0.055,73,85,143.130,0.039,1.386,0.721,0.883
6533,4U-D-Z4.tif,0.005,0.318,0.571,0.111,463,100,32.905,0.070,1.546,0.647,0.747
6534,4U-D-Z4.tif,0.002,0.189,0.818,0.072,844,95,57.529,0.050,1.416,0.706,0.895
6535,4U-D-Z4.tif,0.012,0.649,0.345,0.236,597,86,152.241,0.116,2.227,0.449,0.637
6536,4U-D-Z4.tif,0.002,0.142,0.982,0.057,861,87,163.301,0.039,1.424,0.702,0.897
6537,4U-D-Z4.tif,0.005,0.380,0.427,0.117,108,101,45.000,0.088,1.507,0.663,0.681
6538,4U-D-Z4.tif,0.011,0.504,0.543,0.157,744,91,169.875,0.115,1.379,0.725,0.816
6539,4U-D-Z4.tif,0.008,0.364,0.711,0.135,1001,109,63.435,0.088,1.605,0.623,0.878
6540,4U-D-Z4.tif,0.008,0.396,0.680,0.152,708,100,12.529,0.083,1.833,0.546,0.864
6541,4U-D-Z4.tif,0.002,0.208,0.484,0.091,904,93,14.036,0.031,3.770,0.265,0.748
6542,4U-D-Z4.tif,0.005,0.338,0.591,0.136,202,95,165.964,0.063,2.330,0.429,0.837
6543,4U-D-Z4.tif,0.004,0.276,0.584,0.109,60,90,149.534,0.058,1.936,0.517,0.833
6544,4U-D-Z4.tif,0.003,0.223,0.757,0.084,680,90,113.199,0.057,1.416,0.706,0.843
6545,4U-D-Z4.tif,0.002,0.169,0.831,0.064,869,99,30.964,0.046,1.444,0.693,0.849
6546,4U-D-Z4.tif,0.006,0.322,0.722,0.123,944,99,10.305,0.082,1.423,0.703,0.860
6547,4U-D-Z4.tif,0.010,0.408,0.722,0.156,392,92,140.711,0.093,1.522,0.657,0.899
6548,4U-D-Z4.tif,0.002,0.166,0.816,0.064,856,92,120.964,0.039,1.526,0.655,0.929
6549,4U-D-Z4.tif,0.003,0.219,0.773,0.078,134,105,50.711,0.062,1.084,0.922,0.851
6550,4U-D-Z4.tif,0.006,0.366,0.584,0.138,517,93,126.870,0.069,2.161,0.463,0.807
6551,4U-D-Z4.tif,0.006,0.391,0.528,0.139,806,103,6.843,0.081,1.795,0.557,0.825
6552,4U-D-Z4.tif,0.006,0.412,0.434,0.158,468,108,29.249,0.073,2.305,0.434,0.727
6553,4U-D-Z4.tif,0.010,0.456,0.631,0.159,567,116,33.690,0.114,1.357,0.737,0.833
6554,4U-D-Z4.tif,0.002,0.195,0.790,0.075,925,94,162.897,0.055,1.342,0.745,0.868
6555,4U-D-Z4.tif,0.003,0.239,0.679,0.090,227,95,137.490,0.054,1.728,0.579,0.850
6556,4U-D-Z4.tif,0.007,0.373,0.631,0.129,374,98,129.806,0.082,1.759,0.569,0.821
6557,4U-D-Z4.tif,0.007,0.353,0.689,0.136,434,98,165.964,0.077,1.730,0.578,0.848
6558,4U-D-Z4.tif,0.002,0.261,0.387,0.084,693,95,101.310,0.051,1.714,0.584,0.654
6559,4U-D-Z4.tif,0.006,0.401,0.506,0.109,970,113,59.534,0.099,1.027,0.974,0.820
6560,4U-D-Z4.tif,0.007,0.363,0.627,0.119,89,108,33.690,0.092,1.116,0.896,0.848
6561,4U-D-Z4.tif,0.005,0.361,0.523,0.136,256,117,58.241,0.072,1.697,0.589,0.731
6562,4U-D-Z4.tif,0.004,0.252,0.830,0.089,427,96,119.745,0.066,1.173,0.852,0.899
6563,4U-D-Z4.tif,0.004,0.266,0.636,0.109,844,96,120.466,0.055,2.238,0.447,0.831
6564,4U-D-Z4.tif,0.001,0.153,0.781,0.060,863,98,146.310,0.042,1.599,0.625,0.800
6565,4U-D-Z4.tif,0.003,0.233,0.668,0.078,891,107,50.711,0.065,1.116,0.896,0.776
6566,4U-D-Z4.tif,0.003,0.250,0.651,0.098,42,100,153.435,0.055,1.773,0.564,0.853
6567,4U-D-Z4.tif,0.001,0.136,0.945,0.052,671,98,122.005,0.039,1.245,0.803,0.911
6568,4U-D-Z4.tif,0.006,0.309,0.768,0.119,921,98,103.392,0.082,1.474,0.678,0.877
6569,4U-D-Z4.tif,0.003,0.230,0.607,0.096,293,107,23.629,0.039,2.778,0.360,0.812
6570,4U-D-Z4.tif,0.001,0.164,0.693,0.059,677,100,131.186,0.044,1.382,0.724,0.817
6571,4U-D-Z4.tif,0.005,0.352,0.516,0.124,23,114,32.276,0.061,2.152,0.465,0.798
6572,4U-D-Z4.tif,0.001,0.145,0.668,0.052,311,107,32.005,0.033,1.308,0.765,0.796
6573,4U-D-Z4.tif,0.002,0.206,0.600,0.084,502,101,121.608,0.044,1.968,0.508,0.817
6574,4U-D-Z4.tif,0.003,0.220,0.799,0.087,874,103,145.305,0.058,1.609,0.622,0.854
6575,4U-D-Z4.tif,0.003,0.194,0.841,0.078,983,102,140.711,0.054,1.434,0.697,0.883
6576,4U-D-Z4.tif,0.003,0.252,0.614,0.092,148,105,162.646,0.050,1.900,0.526,0.833
6577,4U-D-Z4.tif,0.007,0.386,0.556,0.129,775,118,19.983,0.083,1.639,0.610,0.820
6578,4U-D-Z4.tif,0.009,0.427,0.594,0.144,196,113,4.399,0.103,1.342,0.745,0.787
6579,4U-D-Z4.tif,0.010,0.508,0.507,0.174,315,109,169.046,0.091,1.961,0.510,0.810
6580,4U-D-Z4.tif,0.008,0.388,0.694,0.127,644,115,17.650,0.108,1.189,0.841,0.844
6581,4U-D-Z4.tif,0.002,0.228,0.409,0.070,112,108,141.340,0.054,1.347,0.743,0.757
6582,4U-D-Z4.tif,0.003,0.237,0.656,0.092,584,120,57.265,0.050,1.987,0.503,0.792
6583,4U-D-Z4.tif,0.008,0.441,0.511,0.173,260,124,22.479,0.085,2.032,0.492,0.793
6584,4U-D-Z4.tif,0.007,0.359,0.717,0.129,798,110,140.194,0.089,1.475,0.678,0.839
6585,4U-D-Z4.tif,0.004,0.270,0.698,0.091,46,108,115.017,0.063,1.541,0.649,0.859
6586,4U-D-Z4.tif,0.007,0.397,0.580,0.135,356,130,63.435,0.092,1.548,0.646,0.819
6587,4U-D-Z4.tif,0.002,0.212,0.694,0.079,698,111,155.225,0.045,1.769,0.565,0.820
6588,4U-D-Z4.tif,0.005,0.312,0.643,0.122,716,121,35.838,0.069,1.935,0.517,0.823
6589,4U-D-Z4.tif,0.006,0.485,0.339,0.145,172,130,52.696,0.108,1.226,0.815,0.609
6590,4U-D-Z4.tif,0.016,0.672,0.439,0.210,308,109,96.009,0.133,1.801,0.555,0.765
6591,4U-D-Z4.tif,0.004,0.236,0.834,0.089,435,116,21.801,0.066,1.384,0.722,0.878
6592,4U-D-Z4.tif,0.001,0.130,0.838,0.057,465,111,163.301,0.028,2.176,0.460,0.871
6593,4U-D-Z4.tif,0.001,0.195,0.380,0.077,557,110,111.038,0.037,2.843,0.352,0.571
6594,4U-D-Z4.tif,0.002,0.187,0.596,0.064,901,117,30.964,0.053,1.118,0.894,0.759
6595,4U-D-Z4.tif,0.020,0.622,0.655,0.212,935,119,155.433,0.143,1.361,0.735,0.878
6596,4U-D-Z4.tif,0.006,0.335,0.640,0.137,69,131,49.899,0.069,1.936,0.516,0.843
6597,4U-D-Z4.tif,0.005,0.316,0.600,0.119,138,115,158.199,0.069,1.609,0.622,0.805
6598,4U-D-Z4.tif,0.002,0.178,0.815,0.070,28,114,161.565,0.039,1.595,0.627,0.895
6599,4U-D-Z4.tif,0.002,0.197,0.523,0.082,619,125,42.274,0.039,2.445,0.409,0.726
6600,4U-D-Z4.tif,0.004,0.248,0.797,0.089,401,121,150.255,0.071,1.286,0.778,0.857
6601,4U-D-Z4.tif,0.003,0.222,0.658,0.082,420,117,132.274,0.052,1.796,0.557,0.794
6602,4U-D-Z4.tif,0.004,0.320,0.546,0.096,601,132,59.036,0.078,1.374,0.728,0.786
6603,4U-D-Z4.tif,0.007,0.355,0.724,0.122,750,134,35.838,0.099,1.209,0.827,0.884
6604,4U-D-Z4.tif,0.002,0.170,0.694,0.073,831,118,167.005,0.033,2.161,0.463,0.855
6605,4U-D-Z4.tif,0.002,0.195,0.730,0.068,478,122,165.964,0.049,1.475,0.678,0.798
6606,4U-D-Z4.tif,0.001,0.180,0.531,0.075,491,119,143.973,0.035,2.655,0.377,0.714
6607,4U-D-Z4.tif,0.008,0.408,0.582,0.124,737,118,102.804,0.096,1.277,0.783,0.826
6608,4U-D-Z4.tif,0.005,0.306,0.715,0.106,854,133,27.897,0.080,1.155,0.866,0.863
6609,4U-D-Z4.tif,0.007,0.517,0.314,0.154,972,119,165.466,0.098,1.301,0.769,0.606
6610,4U-D-Z4.tif,0.009,0.450,0.527,0.167,82,129,9.462,0.075,2.435,0.411,0.820
6611,4U-D-Z4.tif,0.005,0.290,0.704,0.110,456,119,126.870,0.074,1.652,0.605,0.841
6612,4U-D-Z4.tif,0.004,0.353,0.424,0.111,891,138,69.775,0.081,1.398,0.715,0.667
6613,4U-D-Z4.tif,0.002,0.186,0.583,0.063,28,122,142.125,0.044,1.119,0.893,0.809
6614,4U-D-Z4.tif,0.004,0.277,0.596,0.111,220,128,8.531,0.055,1.853,0.540,0.797
6615,4U-D-Z4.tif,0.004,0.263,0.652,0.087,113,125,145.305,0.072,1.284,0.779,0.858
6616,4U-D-Z4.tif,0.004,0.241,0.796,0.084,575,131,31.608,0.068,1.316,0.760,0.871
6617,4U-D-Z4.tif,0.008,0.538,0.354,0.204,655,128,3.094,0.077,2.937,0.340,0.734
6618,4U-D-Z4.tif,0.003,0.253,0.498,0.115,372,130,16.699,0.044,2.962,0.338,0.808
6619,4U-D-Z4.tif,0.008,0.370,0.742,0.119,830,124,103.392,0.103,1.087,0.920,0.875
6620,4U-D-Z4.tif,0.004,0.388,0.312,0.118,518,125,117.759,0.078,1.675,0.597,0.607
6621,4U-D-Z4.tif,0.001,0.154,0.767,0.062,1002,129,10.305,0.042,1.460,0.685,0.800
6622,4U-D-Z4.tif,0.007,0.395,0.555,0.152,613,133,12.529,0.072,2.282,0.438,0.843
6623,4U-D-Z4.tif,0.005,0.301,0.687,0.113,864,139,22.834,0.073,1.616,0.619,0.820
6624,4U-D-Z4.tif,0.003,0.281,0.404,0.094,904,132,20.556,0.059,1.510,0.662,0.706
6625,4U-D-Z4.tif,0.005,0.296,0.719,0.113,45,127,136.975,0.071,1.703,0.587,0.868
6626,4U-D-Z4.tif,0.012,0.528,0.559,0.180,496,160,77.661,0.127,1.356,0.738,0.812
6627,4U-D-Z4.tif,0.003,0.261,0.580,0.106,776,137,21.251,0.052,2.177,0.459,0.809
6628,4U-D-Z4.tif,0.003,0.231,0.818,0.087,335,143,55.305,0.064,1.401,0.714,0.871
6629,4U-D-Z4.tif,0.008,0.416,0.584,0.142,437,132,144.462,0.085,1.668,0.600,0.845
6630,4U-D-Z4.tif,0.002,0.264,0.426,0.109,589,148,59.534,0.045,2.531,0.395,0.678
6631,4U-D-Z4.tif,0.003,0.226,0.758,0.085,154,135,165.069,0.055,1.556,0.643,0.857
6632,4U-D-Z4.tif,0.008,0.504,0.418,0.145,276,133,119.476,0.100,1.554,0.644,0.742
6633,4U-D-Z4.tif,0.003,0.214,0.774,0.078,376,133,140.711,0.061,1.240,0.806,0.853
6634,4U-D-Z4.tif,0.005,0.353,0.528,0.150,678,140,6.340,0.069,2.032,0.492,0.781
6635,4U-D-Z4.tif,0.002,0.164,0.821,0.063,421,142,37.875,0.044,1.363,0.734,0.872
6636,4U-D-Z4.tif,0.005,0.337,0.499,0.113,995,148,39.094,0.066,1.761,0.568,0.772
6637,4U-D-Z4.tif,0.002,0.181,0.651,0.064,67,141,19.983,0.046,1.469,0.681,0.757
6638,4U-D-Z4.tif,0.006,0.384,0.518,0.139,96,156,56.310,0.080,1.907,0.524,0.810
6639,4U-D-Z4.tif,0.005,0.389,0.453,0.158,194,135,155.225,0.059,2.621,0.382,0.771
6640,4U-D-Z4.tif,0.001,0.119,0.947,0.047,251,135,110.556,0.033,1.446,0.692,0.864
6641,4U-D-Z4.tif,0.006,0.300,0.782,0.102,796,152,53.746,0.082,1.159,0.863,0.896
6642,4U-D-Z4.tif,0.002,0.164,0.892,0.063,855,135,127.875,0.049,1.233,0.811,0.875
6643,4U-D-Z4.tif,0.014,0.670,0.400,0.203,109,167,57.171,0.123,1.759,0.569,0.752
6644,4U-D-Z4.tif,0.006,0.359,0.605,0.122,136,141,174.806,0.092,1.102,0.907,0.785
6645,4U-D-Z4.tif,0.001,0.141,0.770,0.055,227,142,36.870,0.037,1.538,0.650,0.851
6646,4U-D-Z4.tif,0.002,0.214,0.657,0.083,551,136,97.595,0.050,1.517,0.659,0.790
6647,4U-D-Z4.tif,0.011,0.456,0.638,0.167,706,136,152.592,0.110,1.360,0.735,0.834
6648,4U-D-Z4.tif,0.005,0.428,0.318,0.124,896,144,12.804,0.091,1.456,0.687,0.572
6649,4U-D-Z4.tif,0.006,0.369,0.560,0.126,961,138,127.875,0.084,1.368,0.731,0.825
6650,4U-D-Z4.tif,0.004,0.281,0.625,0.109,23,138,120.466,0.055,2.207,0.453,0.825
6651,4U-D-Z4.tif,0.004,0.259,0.770,0.092,362,137,107.354,0.075,1.313,0.762,0.840
6652,4U-D-Z4.tif,0.003,0.286,0.494,0.111,564,156,69.775,0.055,2.353,0.425,0.746
6653,4U-D-Z4.tif,0.005,0.292,0.748,0.113,83,157,67.166,0.074,1.611,0.621,0.882
6654,4U-D-Z4.tif,0.008,0.444,0.514,0.179,746,148,10.620,0.080,2.649,0.377,0.794
6655,4U-D-Z4.tif,0.006,0.370,0.553,0.133,513,163,85.236,0.080,1.560,0.641,0.782
6656,4U-D-Z4.tif,0.004,0.300,0.545,0.091,643,141,154.983,0.066,1.381,0.724,0.846
6657,4U-D-Z4.tif,0.002,0.167,0.776,0.066,810,139,131.634,0.043,1.473,0.679,0.851
6658,4U-D-Z4.tif,0.008,0.464,0.488,0.144,929,142,139.635,0.117,1.347,0.742,0.761
6659,4U-D-Z4.tif,0.014,0.583,0.501,0.163,177,142,122.619,0.131,1.326,0.754,0.843
6660,4U-D-Z4.tif,0.002,0.257,0.362,0.089,256,156,68.199,0.044,2.282,0.438,0.663
6661,4U-D-Z4.tif,0.013,0.534,0.580,0.180,398,142,113.429,0.121,1.549,0.646,0.815
6662,4U-D-Z4.tif,0.003,0.202,0.777,0.072,430,142,122.471,0.057,1.234,0.810,0.838
6663,4U-D-Z4.tif,0.012,0.552,0.500,0.185,460,147,157.249,0.113,1.487,0.672,0.786
6664,4U-D-Z4.tif,0.011,0.461,0.659,0.145,601,164,52.696,0.113,1.314,0.761,0.880
6665,4U-D-Z4.tif,0.008,0.443,0.509,0.153,2,149,149.744,0.102,1.392,0.719,0.754
6666,4U-D-Z4.tif,0.006,0.327,0.671,0.109,344,143,120.466,0.083,1.211,0.826,0.837
6667,4U-D-Z4.tif,0.006,0.342,0.639,0.118,575,163,62.241,0.084,1.558,0.642,0.834
6668,4U-D-Z4.tif,0.005,0.309,0.649,0.111,165,146,98.531,0.071,1.691,0.591,0.847
6669,4U-D-Z4.tif,0.004,0.255,0.722,0.097,782,158,42.709,0.064,1.515,0.660,0.869
6670,4U-D-Z4.tif,0.007,0.341,0.747,0.117,867,153,160.710,0.094,1.089,0.919,0.849
6671,4U-D-Z4.tif,0.005,0.289,0.802,0.102,238,165,53.746,0.077,1.295,0.772,0.893
6672,4U-D-Z4.tif,0.002,0.198,0.726,0.079,315,156,33.690,0.044,1.620,0.617,0.867
6673,4U-D-Z4.tif,0.002,0.245,0.520,0.096,334,148,113.629,0.040,2.713,0.369,0.785
6674,4U-D-Z4.tif,0.002,0.194,0.557,0.087,662,148,161.565,0.039,2.732,0.366,0.764
6675,4U-D-Z4.tif,0.006,0.314,0.705,0.129,828,168,50.194,0.069,1.878,0.533,0.878
6676,4U-D-Z4.tif,0.001,0.198,0.329,0.057,213,151,119.055,0.039,1.687,0.593,0.630
6677,4U-D-Z4.tif,0.011,0.492,0.568,0.168,630,154,131.009,0.111,1.757,0.569,0.785
6678,4U-D-Z4.tif,0.004,0.257,0.786,0.098,532,155,163.610,0.061,1.632,0.613,0.886
6679,4U-D-Z4.tif,0.002,0.176,0.673,0.067,446,155,170.538,0.044,1.608,0.622,0.775
6680,4U-D-Z4.tif,0.001,0.175,0.559,0.064,653,154,149.036,0.034,2.120,0.472,0.738
6681,4U-D-Z4.tif,0.006,0.335,0.640,0.107,678,170,55.491,0.085,1.225,0.816,0.855
6682,4U-D-Z4.tif,0.004,0.326,0.512,0.131,145,155,123.024,0.053,3.076,0.325,0.767
6683,4U-D-Z4.tif,0.001,0.180,0.578,0.074,797,162,26.565,0.038,2.078,0.481,0.766
6684,4U-D-Z4.tif,0.004,0.267,0.624,0.102,315,157,126.254,0.062,2.041,0.490,0.793
6685,4U-D-Z4.tif,0.015,0.547,0.628,0.178,367,161,158.199,0.133,1.300,0.769,0.859
6686,4U-D-Z4.tif,0.003,0.275,0.534,0.104,426,167,18.435,0.060,1.760,0.568,0.731
6687,4U-D-Z4.tif,0.004,0.314,0.559,0.113,122,173,46.975,0.076,1.576,0.634,0.757
6688,4U-D-Z4.tif,0.001,0.172,0.632,0.072,739,158,122.471,0.043,1.913,0.523,0.742
6689,4U-D-Z4.tif,0.005,0.314,0.655,0.109,752,175,49.086,0.076,1.256,0.796,0.846
6690,4U-D-Z4.tif,0.003,0.222,0.767,0.074,850,159,116.565,0.066,1.049,0.954,0.861
6691,4U-D-Z4.tif,0.002,0.225,0.542,0.078,890,160,140.711,0.055,1.451,0.689,0.724
6692,4U-D-Z4.tif,0.006,0.316,0.699,0.107,696,173,11.889,0.082,1.226,0.816,0.861
6693,4U-D-Z4.tif,0.007,0.372,0.594,0.119,283,177,33.690,0.095,1.370,0.730,0.774
6694,4U-D-Z4.tif,0.007,0.417,0.486,0.128,802,174,25.463,0.092,1.270,0.787,0.787
6695,4U-D-Z4.tif,0.001,0.134,0.761,0.052,264,168,18.435,0.033,1.496,0.668,0.828
6696,4U-D-Z4.tif,0.001,0.134,0.719,0.059,886,163,131.186,0.035,1.942,0.515,0.782
6697,4U-D-Z4.tif,0.012,0.512,0.585,0.166,38,189,55.784,0.110,1.417,0.706,0.854
6698,4U-D-Z4.tif,0.011,0.533,0.499,0.185,84,170,153.435,0.107,1.917,0.522,0.816
6699,4U-D-Z4.tif,0.003,0.241,0.665,0.097,578,164,132.709,0.051,2.033,0.492,0.828
6700,4U-D-Z4.tif,0.019,0.669,0.528,0.203,529,193,47.203,0.165,1.148,0.871,0.827
6701,4U-D-Z4.tif,0.007,0.336,0.766,0.119,730,185,56.310,0.083,1.510,0.662,0.895
6702,4U-D-Z4.tif,0.002,0.161,0.942,0.064,235,172,19.983,0.044,1.342,0.745,0.901
6703,4U-D-Z4.tif,0.003,0.239,0.749,0.082,255,180,70.346,0.064,1.299,0.770,0.842
6704,4U-D-Z4.tif,0.008,0.351,0.771,0.121,217,187,65.772,0.101,1.212,0.825,0.864
6705,4U-D-Z4.tif,0.025,0.878,0.403,0.272,336,210,58.241,0.181,1.469,0.681,0.707
6706,4U-D-Z4.tif,0.003,0.258,0.498,0.094,659,168,96.710,0.044,1.883,0.531,0.757
6707,4U-D-Z4.tif,0.008,0.394,0.659,0.141,779,168,120.579,0.103,1.348,0.742,0.835
6708,4U-D-Z4.tif,0.019,0.786,0.390,0.224,927,172,127.999,0.164,1.261,0.793,0.742
6709,4U-D-Z4.tif,0.007,0.475,0.405,0.148,59,170,131.987,0.088,1.740,0.575,0.772
6710,4U-D-Z4.tif,0.007,0.417,0.510,0.132,432,169,106.928,0.094,1.297,0.771,0.764
6711,4U-D-Z4.tif,0.001,0.134,0.761,0.059,880,175,21.801,0.032,2.073,0.482,0.837
6712,4U-D-Z4.tif,0.002,0.194,0.811,0.070,895,170,141.340,0.050,1.202,0.832,0.894
6713,4U-D-Z4.tif,0.003,0.256,0.522,0.106,975,173,158.749,0.043,3.103,0.322,0.717
6714,4U-D-Z4.tif,0.010,0.466,0.559,0.142,5,174,144.462,0.111,1.369,0.730,0.754
6715,4U-D-Z4.tif,0.002,0.241,0.401,0.090,302,171,127.569,0.035,2.923,0.342,0.744
6716,4U-D-Z4.tif,0.004,0.263,0.696,0.094,963,186,61.928,0.065,1.358,0.737,0.837
6717,4U-D-Z4.tif,0.002,0.246,0.473,0.090,180,173,169.380,0.055,1.815,0.551,0.691
6718,4U-D-Z4.tif,0.010,0.442,0.629,0.144,505,176,130.365,0.112,1.357,0.737,0.830
6719,4U-D-Z4.tif,0.006,0.325,0.671,0.105,593,188,42.879,0.083,1.234,0.810,0.834
6720,4U-D-Z4.tif,0.006,0.319,0.745,0.115,615,190,54.782,0.076,1.494,0.669,0.873
6721,4U-D-Z4.tif,0.008,0.355,0.754,0.133,836,181,172.875,0.083,1.707,0.586,0.896
6722,4U-D-Z4.tif,0.004,0.352,0.430,0.149,994,179,175.764,0.055,3.214,0.311,0.749
6723,4U-D-Z4.tif,0.005,0.311,0.621,0.106,264,175,128.660,0.082,1.249,0.800,0.775
6724,4U-D-Z4.tif,0.001,0.133,0.776,0.051,465,182,49.399,0.037,1.365,0.733,0.847
6725,4U-D-Z4.tif,0.004,0.257,0.741,0.092,414,176,107.354,0.065,1.429,0.700,0.838
6726,4U-D-Z4.tif,0.002,0.181,0.705,0.070,567,188,71.565,0.044,1.666,0.600,0.836
6727,4U-D-Z4.tif,0.003,0.270,0.526,0.106,667,178,141.340,0.058,1.939,0.516,0.754
6728,4U-D-Z4.tif,0.003,0.236,0.718,0.086,131,192,39.806,0.060,1.517,0.659,0.795
6729,4U-D-Z4.tif,0.003,0.252,0.572,0.096,631,179,120.964,0.054,2.068,0.483,0.745
6730,4U-D-Z4.tif,0.016,0.670,0.436,0.224,690,193,170.074,0.137,1.442,0.694,0.757
6731,4U-D-Z4.tif,0.006,0.377,0.529,0.117,871,187,8.130,0.099,1.125,0.889,0.747
6732,4U-D-Z4.tif,0.002,0.206,0.528,0.074,244,180,116.565,0.050,1.465,0.682,0.694
6733,4U-D-Z4.tif,0.008,0.408,0.568,0.134,761,203,70.821,0.099,1.346,0.743,0.797
6734,4U-D-Z4.tif,0.002,0.175,0.746,0.070,282,189,38.660,0.047,1.362,0.734,0.839
6735,4U-D-Z4.tif,0.003,0.244,0.647,0.084,298,194,58.392,0.061,1.379,0.725,0.828
6736,4U-D-Z4.tif,0.001,0.158,0.537,0.070,119,192,51.340,0.029,2.553,0.392,0.707
6737,4U-D-Z4.tif,0.001,0.170,0.472,0.062,168,187,169.695,0.035,2.455,0.407,0.661
6738,4U-D-Z4.tif,0.001,0.125,0.933,0.049,233,184,116.565,0.031,1.562,0.640,0.864
6739,4U-D-Z4.tif,0.002,0.228,0.366,0.085,466,185,165.069,0.039,2.541,0.393,0.641
6740,4U-D-Z4.tif,0.006,0.312,0.764,0.104,194,199,32.005,0.085,1.184,0.845,0.873
6741,4U-D-Z4.tif,0.003,0.233,0.689,0.075,647,185,126.027,0.065,1.100,0.909,0.852
6742,4U-D-Z4.tif,0.003,0.222,0.852,0.081,807,185,118.301,0.064,1.318,0.759,0.887
6743,4U-D-Z4.tif,0.004,0.253,0.780,0.096,393,202,66.371,0.062,1.539,0.650,0.870
6744,4U-D-Z4.tif,0.002,0.220,0.525,0.070,314,197,45.000,0.052,1.290,0.775,0.807
6745,4U-D-Z4.tif,0.005,0.375,0.403,0.119,663,189,166.608,0.088,1.057,0.946,0.638
6746,4U-D-Z4.tif,0.006,0.408,0.424,0.116,989,206,64.654,0.093,1.178,0.849,0.683
6747,4U-D-Z4.tif,0.004,0.330,0.490,0.117,138,199,8.130,0.066,1.670,0.599,0.778
6748,4U-D-Z4.tif,0.007,0.367,0.639,0.118,441,191,142.595,0.097,1.144,0.874,0.832
6749,4U-D-Z4.tif,0.002,0.254,0.330,0.110,847,189,126.870,0.038,3.403,0.294,0.636
6750,4U-D-Z4.tif,0.001,0.195,0.460,0.075,968,195,17.103,0.042,2.143,0.467,0.601
6751,4U-D-Z4.tif,0.005,0.291,0.683,0.112,79,195,168.690,0.065,1.804,0.554,0.871
6752,4U-D-Z4.tif,0.004,0.248,0.778,0.086,266,195,153.435,0.065,1.301,0.768,0.860
6753,4U-D-Z4.tif,0.005,0.378,0.453,0.133,362,206,24.444,0.070,1.645,0.608,0.704
6754,4U-D-Z4.tif,0.008,0.347,0.791,0.128,819,209,30.964,0.087,1.589,0.629,0.876
6755,4U-D-Z4.tif,0.006,0.314,0.742,0.106,794,202,8.973,0.091,1.186,0.843,0.850
6756,4U-D-Z4.tif,0.001,0.172,0.632,0.072,956,196,171.254,0.037,1.954,0.512,0.784
6757,4U-D-Z4.tif,0.002,0.206,0.654,0.072,100,194,147.529,0.050,1.609,0.622,0.785
6758,4U-D-Z4.tif,0.005,0.311,0.629,0.119,413,195,146.310,0.069,1.907,0.524,0.790
6759,4U-D-Z4.tif,0.001,0.126,0.834,0.047,739,200,20.556,0.038,1.246,0.803,0.814
6760,4U-D-Z4.tif,0.006,0.346,0.654,0.121,865,197,149.931,0.086,1.301,0.769,0.834
6761,4U-D-Z4.tif,0.007,0.484,0.388,0.126,215,200,156.801,0.103,1.069,0.935,0.732
6762,4U-D-Z4.tif,0.009,0.447,0.579,0.161,888,214,38.047,0.101,1.803,0.555,0.806
6763,4U-D-Z4.tif,0.010,0.464,0.558,0.155,481,196,117.474,0.099,1.722,0.581,0.820
6764,4U-D-Z4.tif,0.002,0.264,0.381,0.101,547,198,157.620,0.045,1.883,0.531,0.660
6765,4U-D-Z4.tif,0.005,0.289,0.724,0.106,611,196,117.897,0.073,1.545,0.647,0.837
6766,4U-D-Z4.tif,0.002,0.173,0.876,0.063,579,204,15.255,0.053,1.080,0.926,0.852
6767,4U-D-Z4.tif,0.005,0.337,0.553,0.116,917,197,115.346,0.077,1.529,0.654,0.730
6768,4U-D-Z4.tif,0.003,0.241,0.638,0.091,313,198,115.017,0.051,2.098,0.477,0.798
6769,4U-D-Z4.tif,0.002,0.163,0.791,0.069,348,198,118.610,0.038,1.931,0.518,0.880
6770,4U-D-Z4.tif,0.001,0.131,0.799,0.052,571,206,57.995,0.034,1.513,0.661,0.800
6771,4U-D-Z4.tif,0.008,0.433,0.564,0.152,14,226,77.471,0.088,1.831,0.546,0.832
6772,4U-D-Z4.tif,0.002,0.170,0.904,0.070,35,199,141.340,0.044,1.481,0.675,0.920
6773,4U-D-Z4.tif,0.002,0.211,0.686,0.078,242,199,129.289,0.051,1.646,0.608,0.792
6774,4U-D-Z4.tif,0.007,0.394,0.538,0.150,52,203,156.251,0.083,1.747,0.573,0.823
6775,4U-D-Z4.tif,0.005,0.324,0.546,0.111,288,211,5.711,0.072,1.200,0.833,0.763
6776,4U-D-Z4.tif,0.002,0.195,0.560,0.067,953,203,155.556,0.050,1.132,0.884,0.747
6777,4U-D-Z4.tif,0.012,0.562,0.467,0.195,741,202,118.740,0.103,1.895,0.528,0.826
6778,4U-D-Z4.tif,0.004,0.276,0.674,0.103,392,206,154.799,0.062,1.708,0.585,0.841
6779,4U-D-Z4.tif,0.004,0.226,0.862,0.083,767,207,172.405,0.064,1.268,0.789,0.885
6780,4U-D-Z4.tif,0.013,0.478,0.729,0.168,151,227,51.633,0.118,1.435,0.697,0.885
6781,4U-D-Z4.tif,0.010,0.450,0.602,0.155,677,219,16.504,0.095,1.549,0.646,0.866
6782,4U-D-Z4.tif,0.002,0.186,0.748,0.064,131,214,59.036,0.054,1.121,0.892,0.840
6783,4U-D-Z4.tif,0.003,0.195,0.910,0.075,439,212,17.103,0.055,1.367,0.732,0.892
6784,4U-D-Z4.tif,0.002,0.203,0.647,0.082,506,208,160.346,0.045,2.133,0.469,0.773
6785,4U-D-Z4.tif,0.001,0.122,0.897,0.051,107,205,130.601,0.034,1.601,0.625,0.864
6786,4U-D-Z4.tif,0.002,0.189,0.723,0.067,174,206,145.008,0.049,1.383,0.723,0.850
6787,4U-D-Z4.tif,0.002,0.176,0.832,0.064,201,213,19.983,0.048,1.380,0.725,0.834
6788,4U-D-Z4.tif,0.004,0.317,0.485,0.107,252,222,55.491,0.070,1.620,0.617,0.723
6789,4U-D-Z4.tif,0.004,0.249,0.787,0.090,34,209,142.431,0.065,1.269,0.788,0.883
6790,4U-D-Z4.tif,0.002,0.169,0.871,0.064,997,207,109.983,0.047,1.363,0.734,0.855
6791,4U-D-Z4.tif,0.004,0.239,0.872,0.086,92,222,63.435,0.069,1.311,0.763,0.897
6792,4U-D-Z4.tif,0.004,0.266,0.728,0.103,635,208,105.524,0.059,1.873,0.534,0.844
6793,4U-D-Z4.tif,0.002,0.169,0.683,0.067,978,214,9.462,0.036,2.133,0.469,0.797
6794,4U-D-Z4.tif,0.004,0.224,0.883,0.079,48,220,24.775,0.066,1.102,0.907,0.906
6795,4U-D-Z4.tif,0.007,0.373,0.644,0.136,520,214,165.964,0.094,1.372,0.729,0.819
6796,4U-D-Z4.tif,0.002,0.180,0.803,0.074,798,212,153.435,0.044,1.843,0.543,0.855
6797,4U-D-Z4.tif,0.003,0.275,0.569,0.094,116,211,110.556,0.066,1.495,0.669,0.758
6798,4U-D-Z4.tif,0.009,0.559,0.369,0.170,269,238,60.945,0.109,1.557,0.642,0.715
6799,4U-D-Z4.tif,0.002,0.230,0.593,0.092,315,225,57.265,0.048,2.003,0.499,0.800
6800,4U-D-Z4.tif,0.004,0.304,0.477,0.101,703,213,139.399,0.074,1.356,0.738,0.716
6801,4U-D-Z4.tif,0.006,0.319,0.737,0.120,456,216,164.055,0.072,1.759,0.569,0.872
6802,4U-D-Z4.tif,0.005,0.366,0.461,0.143,832,226,27.553,0.062,2.753,0.363,0.720
6803,4U-D-Z4.tif,0.008,0.378,0.664,0.141,932,218,149.421,0.088,1.494,0.670,0.837
6804,4U-D-Z4.tif,0.009,0.450,0.583,0.177,644,239,53.842,0.079,2.487,0.402,0.831
6805,4U-D-Z4.tif,0.003,0.231,0.789,0.094,170,220,6.710,0.050,1.773,0.564,0.899
6806,4U-D-Z4.tif,0.002,0.181,0.733,0.069,205,216,151.390,0.047,1.633,0.613,0.803
6807,4U-D-Z4.tif,0.004,0.231,0.839,0.092,291,215,162.646,0.055,1.699,0.589,0.925
6808,4U-D-Z4.tif,0.013,0.544,0.550,0.168,357,240,51.633,0.143,1.113,0.899,0.776
6809,4U-D-Z4.tif,0.011,0.506,0.550,0.178,573,227,8.881,0.110,1.514,0.661,0.794
6810,4U-D-Z4.tif,0.004,0.275,0.715,0.094,133,215,118.072,0.071,1.296,0.772,0.861
6811,4U-D-Z4.tif,0.002,0.287,0.369,0.083,62,216,126.870,0.059,1.600,0.625,0.658
6812,4U-D-Z4.tif,0.002,0.170,0.852,0.064,387,224,30.964,0.050,1.157,0.865,0.878
6813,4U-D-Z4.tif,0.002,0.209,0.712,0.084,719,230,66.801,0.052,1.830,0.546,0.812
6814,4U-D-Z4.tif,0.008,0.392,0.614,0.158,403,244,69.677,0.082,2.282,0.438,0.831
6815,4U-D-Z4.tif,0.004,0.234,0.820,0.084,768,217,121.608,0.064,1.369,0.730,0.861
6816,4U-D-Z4.tif,0.006,0.306,0.797,0.101,611,222,150.642,0.089,1.121,0.892,0.883
6817,4U-D-Z4.tif,0.002,0.165,0.780,0.057,873,221,163.301,0.050,1.170,0.854,0.794
6818,4U-D-Z4.tif,0.004,0.333,0.509,0.107,553,227,11.889,0.072,1.393,0.718,0.746
6819,4U-D-Z4.tif,0.002,0.225,0.527,0.087,185,222,161.565,0.044,1.855,0.539,0.778
6820,4U-D-Z4.tif,0.007,0.357,0.695,0.118,677,220,117.759,0.099,1.227,0.815,0.877
6821,4U-D-Z4.tif,0.004,0.341,0.455,0.116,957,230,174.560,0.077,1.124,0.889,0.686
6822,4U-D-Z4.tif,0.002,0.187,0.651,0.079,495,231,33.690,0.044,1.887,0.530,0.784
6823,4U-D-Z4.tif,0.002,0.164,0.962,0.060,794,223,123.690,0.050,1.070,0.935,0.901
6824,4U-D-Z4.tif,0.001,0.131,0.754,0.054,985,224,156.038,0.031,1.727,0.579,0.791
6825,4U-D-Z4.tif,0.004,0.241,0.816,0.086,443,236,39.806,0.070,1.207,0.828,0.883
6826,4U-D-Z4.tif,0.007,0.388,0.608,0.138,893,232,16.260,0.080,1.560,0.641,0.859
6827,4U-D-Z4.tif,0.013,0.499,0.633,0.172,90,237,7.352,0.114,1.568,0.638,0.839
6828,4U-D-Z4.tif,0.002,0.191,0.849,0.067,702,225,124.992,0.060,1.115,0.897,0.853
6829,4U-D-Z4.tif,0.022,0.694,0.563,0.219,25,244,11.592,0.164,1.453,0.688,0.844
6830,4U-D-Z4.tif,0.040,0.825,0.740,0.257,315,266,54.605,0.225,1.192,0.839,0.906
6831,4U-D-Z4.tif,0.001,0.131,0.777,0.051,434,236,77.471,0.034,1.507,0.664,0.814
6832,4U-D-Z4.tif,0.001,0.130,0.928,0.057,460,228,150.945,0.033,1.794,0.557,0.901
6833,4U-D-Z4.tif,0.001,0.231,0.348,0.078,480,237,39.289,0.051,1.737,0.576,0.605
6834,4U-D-Z4.tif,0.010,0.433,0.694,0.149,535,248,38.991,0.116,1.164,0.859,0.875
6835,4U-D-Z4.tif,0.002,0.202,0.562,0.079,845,228,146.310,0.040,1.926,0.519,0.805
6836,4U-D-Z4.tif,0.002,0.181,0.733,0.070,423,241,71.565,0.044,1.688,0.592,0.834
6837,4U-D-Z4.tif,0.004,0.345,0.442,0.144,993,229,130.365,0.059,2.957,0.338,0.711
6838,4U-D-Z4.tif,0.003,0.219,0.694,0.079,732,233,146.310,0.048,1.712,0.584,0.849
6839,4U-D-Z4.tif,0.011,0.565,0.438,0.180,270,239,152.650,0.132,1.232,0.812,0.739
6840,4U-D-Z4.tif,0.002,0.181,0.694,0.067,660,239,34.992,0.044,1.223,0.817,0.833
6841,4U-D-Z4.tif,0.002,0.165,0.794,0.067,876,233,170.538,0.044,1.519,0.659,0.844
6842,4U-D-Z4.tif,0.002,0.192,0.620,0.072,500,245,81.254,0.044,1.826,0.548,0.774
6843,4U-D-Z4.tif,0.003,0.204,0.785,0.072,795,239,171.254,0.060,1.168,0.856,0.839
6844,4U-D-Z4.tif,0.005,0.296,0.754,0.113,250,252,67.166,0.069,1.690,0.592,0.880
6845,4U-D-Z4.tif,0.003,0.245,0.627,0.085,863,236,165.069,0.059,1.440,0.694,0.811
6846,4U-D-Z4.tif,0.005,0.347,0.519,0.141,12,234,110.556,0.062,2.522,0.397,0.774
6847,4U-D-Z4.tif,0.002,0.192,0.744,0.080,164,236,164.055,0.050,1.500,0.667,0.818
6848,4U-D-Z4.tif,0.003,0.225,0.752,0.089,200,234,158.199,0.053,1.815,0.551,0.873
6849,4U-D-Z4.tif,0.007,0.421,0.493,0.136,224,252,46.637,0.099,1.462,0.684,0.767
6850,4U-D-Z4.tif,0.005,0.264,0.826,0.095,690,248,54.462,0.070,1.303,0.767,0.893
6851,4U-D-Z4.tif,0.004,0.281,0.673,0.094,183,237,139.764,0.074,1.254,0.798,0.828
6852,4U-D-Z4.tif,0.006,0.384,0.513,0.133,821,256,60.255,0.073,2.082,0.480,0.814
6853,4U-D-Z4.tif,0.002,0.152,0.943,0.057,628,236,119.055,0.044,1.179,0.848,0.898
6854,4U-D-Z4.tif,0.001,0.123,0.953,0.052,844,237,147.995,0.034,1.659,0.603,0.874
6855,4U-D-Z4.tif,0.011,0.478,0.579,0.147,127,237,102.995,0.121,1.139,0.878,0.810
6856,4U-D-Z4.tif,0.003,0.202,0.806,0.079,153,245,12.095,0.050,1.573,0.636,0.887
6857,4U-D-Z4.tif,0.006,0.336,0.702,0.111,606,238,110.225,0.083,1.410,0.709,0.858
6858,4U-D-Z4.tif,0.005,0.334,0.591,0.126,456,256,28.811,0.074,1.826,0.548,0.765
6859,4U-D-Z4.tif,0.002,0.187,0.716,0.067,450,242,170.538,0.055,1.057,0.946,0.772
6860,4U-D-Z4.tif,0.002,0.198,0.735,0.080,897,241,164.055,0.049,1.791,0.558,0.826
6861,4U-D-Z4.tif,0.006,0.331,0.739,0.117,957,241,131.186,0.092,1.247,0.802,0.862
6862,4U-D-Z4.tif,0.003,0.230,0.607,0.078,514,241,129.289,0.059,1.280,0.781,0.785
6863,4U-D-Z4.tif,0.003,0.225,0.662,0.090,878,241,137.490,0.051,1.871,0.534,0.807
6864,4U-D-Z4.tif,0.004,0.292,0.606,0.104,769,255,32.005,0.070,1.218,0.821,0.798
6865,4U-D-Z4.tif,0.003,0.238,0.747,0.092,415,254,32.735,0.061,1.412,0.708,0.867
6866,4U-D-Z4.tif,0.002,0.195,0.730,0.075,84,257,53.973,0.052,1.433,0.698,0.839
6867,4U-D-Z4.tif,0.002,0.198,0.745,0.067,430,256,65.556,0.055,1.205,0.830,0.851
6868,4U-D-Z4.tif,0.003,0.238,0.639,0.100,647,251,9.462,0.039,2.490,0.402,0.892
6869,4U-D-Z4.tif,0.005,0.281,0.746,0.099,666,249,146.310,0.071,1.453,0.688,0.886
6870,4U-D-Z4.tif,0.001,0.153,0.650,0.052,796,249,18.435,0.039,1.306,0.766,0.784
6871,4U-D-Z4.tif,0.007,0.431,0.497,0.119,935,265,56.310,0.097,1.243,0.804,0.811
6872,4U-D-Z4.tif,0.009,0.495,0.441,0.140,569,252,168.690,0.115,1.109,0.902,0.742
6873,4U-D-Z4.tif,0.002,0.172,0.967,0.062,705,253,26.565,0.054,1.097,0.912,0.915
6874,4U-D-Z4.tif,0.003,0.211,0.853,0.076,75,259,59.744,0.061,1.217,0.821,0.905
6875,4U-D-Z4.tif,0.004,0.277,0.706,0.116,370,252,174.560,0.055,2.130,0.470,0.882
6876,4U-D-Z4.tif,0.011,0.533,0.487,0.168,153,250,156.801,0.125,1.268,0.789,0.797
6877,4U-D-Z4.tif,0.001,0.134,0.740,0.049,534,257,63.435,0.036,1.596,0.627,0.795
6878,4U-D-Z4.tif,0.002,0.180,0.614,0.067,544,256,24.444,0.038,1.817,0.550,0.806
6879,4U-D-Z4.tif,0.001,0.130,0.906,0.049,716,249,116.565,0.039,1.259,0.795,0.889
6880,4U-D-Z4.tif,0.003,0.214,0.732,0.077,804,254,158.962,0.060,1.203,0.832,0.786
6881,4U-D-Z4.tif,0.003,0.272,0.495,0.099,498,254,146.310,0.059,1.805,0.554,0.691
6882,4U-D-Z4.tif,0.001,0.255,0.276,0.089,753,259,21.801,0.044,2.529,0.395,0.531
6883,4U-D-Z4.tif,0.010,0.450,0.644,0.163,649,256,151.699,0.110,1.492,0.670,0.826
6884,4U-D-Z4.tif,0.008,0.474,0.458,0.149,729,270,38.991,0.105,1.365,0.733,0.778
6885,4U-D-Z4.tif,0.014,0.569,0.546,0.209,335,279,35.362,0.110,2.118,0.472,0.790
6886,4U-D-Z4.tif,0.001,0.172,0.619,0.070,849,254,141.340,0.040,2.127,0.470,0.768
6887,4U-D-Z4.tif,0.005,0.290,0.736,0.105,114,255,96.009,0.076,1.435,0.697,0.858
6888,4U-D-Z4.tif,0.001,0.130,0.861,0.059,261,262,41.186,0.031,1.834,0.545,0.916
6889,4U-D-Z4.tif,0.005,0.311,0.665,0.116,771,256,148.570,0.072,1.500,0.666,0.849
6890,4U-D-Z4.tif,0.015,0.497,0.787,0.160,696,256,95.906,0.136,1.109,0.902,0.910
6891,4U-D-Z4.tif,0.001,0.172,0.451,0.077,278,258,158.962,0.027,3.510,0.285,0.693
6892,4U-D-Z4.tif,0.007,0.366,0.649,0.138,475,277,53.130,0.082,1.550,0.645,0.826
6893,4U-D-Z4.tif,0.015,0.538,0.630,0.185,211,261,162.646,0.121,1.608,0.622,0.862
6894,4U-D-Z4.tif,0.006,0.324,0.684,0.119,621,260,158.199,0.092,1.292,0.774,0.817
6895,4U-D-Z4.tif,0.001,0.192,0.382,0.082,988,268,42.274,0.028,3.979,0.251,0.655
6896,4U-D-Z4.tif,0.002,0.200,0.678,0.073,84,262,167.005,0.051,1.635,0.612,0.747
6897,4U-D-Z4.tif,0.004,0.262,0.738,0.094,432,259,110.556,0.066,1.457,0.687,0.834
6898,4U-D-Z4.tif,0.006,0.353,0.649,0.121,530,259,133.152,0.090,1.324,0.755,0.812
6899,4U-D-Z4.tif,0.004,0.322,0.536,0.113,375,263,150.945,0.077,1.648,0.607,0.762
6900,4U-D-Z4.tif,0.001,0.158,0.537,0.064,548,271,59.036,0.032,2.044,0.489,0.753
6901,4U-D-Z4.tif,0.005,0.429,0.355,0.128,843,281,59.036,0.084,1.526,0.655,0.671
6902,4U-D-Z4.tif,0.010,0.552,0.430,0.177,898,263,143.842,0.101,2.101,0.476,0.755
6903,4U-D-Z4.tif,0.003,0.233,0.717,0.086,962,270,26.565,0.062,1.454,0.688,0.800
6904,4U-D-Z4.tif,0.002,0.170,0.865,0.063,243,263,142.125,0.050,1.096,0.912,0.898
6905,4U-D-Z4.tif,0.003,0.303,0.448,0.118,603,262,127.405,0.057,1.897,0.527,0.697
6906,4U-D-Z4.tif,0.007,0.336,0.766,0.111,870,281,63.435,0.094,1.298,0.771,0.860
6907,4U-D-Z4.tif,0.002,0.172,0.877,0.066,767,263,131.634,0.049,1.394,0.717,0.883
6908,4U-D-Z4.tif,0.004,0.238,0.814,0.090,136,276,47.490,0.065,1.299,0.770,0.896
6909,4U-D-Z4.tif,0.004,0.292,0.646,0.111,277,265,122.905,0.059,1.877,0.533,0.841
6910,4U-D-Z4.tif,0.001,0.134,0.740,0.057,296,266,163.301,0.030,2.047,0.489,0.814
6911,4U-D-Z4.tif,0.001,0.161,0.707,0.070,444,264,141.340,0.035,2.098,0.477,0.821
6912,4U-D-Z4.tif,0.002,0.183,0.684,0.072,460,264,122.471,0.044,1.782,0.561,0.851
6913,4U-D-Z4.tif,0.002,0.214,0.466,0.063,498,264,105.255,0.053,1.230,0.813,0.663
6914,4U-D-Z4.tif,0.003,0.220,0.713,0.082,36,267,160.346,0.055,1.400,0.714,0.835
6915,4U-D-Z4.tif,0.006,0.399,0.448,0.153,52,269,158.962,0.072,2.500,0.400,0.751
6916,4U-D-Z4.tif,0.013,0.555,0.542,0.195,171,293,47.291,0.111,1.509,0.663,0.826
6917,4U-D-Z4.tif,0.007,0.341,0.766,0.122,257,282,35.838,0.086,1.465,0.683,0.891
6918,4U-D-Z4.tif,0.008,0.373,0.702,0.126,817,277,23.199,0.101,1.136,0.880,0.861
6919,4U-D-Z4.tif,0.001,0.164,0.538,0.060,409,269,146.310,0.039,1.808,0.553,0.685
6920,4U-D-Z4.tif,0.004,0.264,0.771,0.094,587,273,151.928,0.067,1.293,0.773,0.855
6921,4U-D-Z4.tif,0.003,0.189,0.914,0.070,26,279,38.660,0.055,1.171,0.854,0.915
6922,4U-D-Z4.tif,0.002,0.173,0.762,0.069,79,276,28.610,0.043,1.555,0.643,0.816
6923,4U-D-Z4.tif,0.005,0.305,0.640,0.127,93,271,145.620,0.068,1.989,0.503,0.832
6924,4U-D-Z4.tif,0.004,0.333,0.410,0.116,797,271,115.346,0.059,2.118,0.472,0.744
6925,4U-D-Z4.tif,0.001,0.153,0.748,0.063,970,271,142.125,0.036,1.901,0.526,0.836
6926,4U-D-Z4.tif,0.002,0.153,0.829,0.067,119,272,145.008,0.037,2.038,0.491,0.850
6927,4U-D-Z4.tif,0.003,0.231,0.800,0.091,565,280,14.036,0.059,1.664,0.601,0.865
6928,4U-D-Z4.tif,0.008,0.437,0.550,0.177,757,275,154.231,0.077,2.589,0.386,0.834
6929,4U-D-Z4.tif,0.003,0.268,0.555,0.108,138,276,165.256,0.058,2.022,0.495,0.742
6930,4U-D-Z4.tif,0.002,0.200,0.655,0.075,371,273,126.027,0.047,1.641,0.609,0.826
6931,4U-D-Z4.tif,0.002,0.175,0.634,0.067,929,277,170.538,0.039,1.491,0.671,0.810
6932,4U-D-Z4.tif,0.006,0.322,0.778,0.117,301,277,138.814,0.085,1.502,0.666,0.874
6933,4U-D-Z4.tif,0.027,0.833,0.486,0.225,399,274,107.103,0.194,1.186,0.843,0.820
6934,4U-D-Z4.tif,0.004,0.292,0.644,0.120,429,278,164.055,0.059,2.017,0.496,0.837
6935,4U-D-Z4.tif,0.004,0.255,0.845,0.089,514,281,158.199,0.076,1.171,0.854,0.875
6936,4U-D-Z4.tif,0.002,0.164,0.849,0.057,228,278,119.055,0.050,1.139,0.878,0.870
6937,4U-D-Z4.tif,0.008,0.516,0.375,0.207,942,289,10.713,0.083,2.665,0.375,0.705
6938,4U-D-Z4.tif,0.004,0.289,0.633,0.115,133,281,144.782,0.061,2.100,0.476,0.808
6939,4U-D-Z4.tif,0.001,0.120,1.000,0.045,552,279,104.036,0.039,1.158,0.863,0.876
6940,4U-D-Z4.tif,0.013,0.510,0.642,0.171,638,308,69.228,0.132,1.449,0.690,0.835
6941,4U-D-Z4.tif,0.006,0.401,0.482,0.118,713,296,37.405,0.090,1.462,0.684,0.767
6942,4U-D-Z4.tif,0.002,0.164,0.920,0.062,25,283,169.695,0.044,1.240,0.806,0.897
6943,4U-D-Z4.tif,0.005,0.325,0.631,0.109,660,297,49.086,0.089,1.120,0.893,0.812
6944,4U-D-Z4.tif,0.004,0.247,0.774,0.092,318,282,122.735,0.061,1.553,0.644,0.886
6945,4U-D-Z4.tif,0.002,0.220,0.643,0.081,220,282,118.301,0.049,1.900,0.526,0.796
6946,4U-D-Z4.tif,0.004,0.256,0.842,0.089,607,297,60.255,0.077,1.100,0.909,0.884
6947,4U-D-Z4.tif,0.003,0.270,0.599,0.108,877,285,165.256,0.054,2.240,0.446,0.788
6948,4U-D-Z4.tif,0.016,0.554,0.653,0.192,30,298,23.629,0.115,1.636,0.611,0.872
6949,4U-D-Z4.tif,0.003,0.236,0.697,0.078,82,294,50.711,0.066,1.087,0.920,0.813
6950,4U-D-Z4.tif,0.001,0.154,0.783,0.054,285,292,66.038,0.042,1.352,0.739,0.838
6951,4U-D-Z4.tif,0.002,0.220,0.611,0.078,151,296,50.711,0.050,1.738,0.575,0.788
6952,4U-D-Z4.tif,0.003,0.211,0.780,0.076,700,292,30.256,0.054,1.409,0.710,0.888
6953,4U-D-Z4.tif,0.005,0.333,0.616,0.112,257,293,168.690,0.077,1.556,0.643,0.799
6954,4U-D-Z4.tif,0.002,0.169,0.764,0.062,445,289,10.305,0.043,1.547,0.647,0.820
6955,4U-D-Z4.tif,0.008,0.478,0.432,0.156,746,285,129.289,0.108,1.462,0.684,0.715
6956,4U-D-Z4.tif,0.009,0.443,0.587,0.180,341,287,167.661,0.077,2.387,0.419,0.911
6957,4U-D-Z4.tif,0.002,0.163,0.777,0.062,496,291,169.695,0.039,1.511,0.662,0.850
6958,4U-D-Z4.tif,0.004,0.263,0.762,0.092,590,294,162.646,0.076,1.231,0.812,0.863
6959,4U-D-Z4.tif,0.010,0.495,0.508,0.138,553,288,113.499,0.126,1.015,0.985,0.782
6960,4U-D-Z4.tif,0.003,0.198,0.822,0.078,70,300,50.711,0.049,1.618,0.618,0.881
6961,4U-D-Z4.tif,0.007,0.456,0.441,0.128,100,304,30.964,0.091,1.392,0.718,0.789
6962,4U-D-Z4.tif,0.001,0.167,0.667,0.060,193,295,33.690,0.044,1.304,0.767,0.831
6963,4U-D-Z4.tif,0.002,0.181,0.624,0.064,969,291,149.036,0.049,1.524,0.656,0.755
6964,4U-D-Z4.tif,0.004,0.449,0.276,0.167,663,306,27.408,0.071,2.314,0.432,0.616
6965,4U-D-Z4.tif,0.002,0.169,0.723,0.068,479,296,14.036,0.044,1.501,0.666,0.812
6966,4U-D-Z4.tif,0.004,0.278,0.615,0.096,573,302,23.629,0.075,1.453,0.688,0.772
6967,4U-D-Z4.tif,0.011,0.487,0.609,0.177,290,292,126.158,0.100,1.892,0.528,0.815
6968,4U-D-Z4.tif,0.004,0.290,0.537,0.110,731,305,36.870,0.057,2.140,0.467,0.773
6969,4U-D-Z4.tif,0.001,0.144,0.662,0.062,173,296,10.305,0.027,2.487,0.402,0.828
6970,4U-D-Z4.tif,0.010,0.501,0.497,0.153,848,315,30.256,0.126,1.341,0.746,0.740
6971,4U-D-Z4.tif,0.012,0.559,0.480,0.207,916,294,151.390,0.106,2.299,0.435,0.795
6972,4U-D-Z4.tif,0.011,0.520,0.504,0.175,994,314,28.179,0.105,1.740,0.575,0.788
6973,4U-D-Z4.tif,0.004,0.248,0.895,0.092,130,294,122.735,0.070,1.338,0.747,0.912
6974,4U-D-Z4.tif,0.002,0.224,0.510,0.094,457,296,159.444,0.040,2.566,0.390,0.761
6975,4U-D-Z4.tif,0.002,0.167,0.885,0.068,959,300,14.036,0.039,1.618,0.618,0.903
6976,4U-D-Z4.tif,0.001,0.169,0.603,0.057,202,296,106.699,0.042,1.534,0.652,0.796
6977,4U-D-Z4.tif,0.004,0.386,0.362,0.133,600,308,29.745,0.088,1.470,0.680,0.602
6978,4U-D-Z4.tif,0.005,0.337,0.553,0.113,806,307,29.055,0.081,1.213,0.824,0.775
6979,4U-D-Z4.tif,0.002,0.187,0.727,0.064,909,306,59.036,0.052,1.298,0.771,0.838
6980,4U-D-Z4.tif,0.005,0.355,0.542,0.126,166,297,105.255,0.067,2.079,0.481,0.787
6981,4U-D-Z4.tif,0.001,0.164,0.552,0.067,435,303,9.462,0.033,1.981,0.505,0.750
6982,4U-D-Z4.tif,0.005,0.358,0.471,0.151,514,299,169.509,0.050,3.404,0.294,0.801
6983,4U-D-Z4.tif,0.006,0.353,0.569,0.126,831,311,28.811,0.073,1.805,0.554,0.834
6984,4U-D-Z4.tif,0.003,0.274,0.453,0.084,774,306,23.199,0.071,1.175,0.851,0.672
6985,4U-D-Z4.tif,0.001,0.125,0.997,0.047,766,301,144.462,0.039,1.106,0.904,0.911
6986,4U-D-Z4.tif,0.005,0.350,0.510,0.134,492,307,170.538,0.068,1.803,0.555,0.777
6987,4U-D-Z4.tif,0.004,0.239,0.812,0.098,75,319,73.610,0.055,1.813,0.552,0.907
6988,4U-D-Z4.tif,0.003,0.288,0.524,0.113,180,312,29.055,0.055,1.819,0.550,0.765
6989,4U-D-Z4.tif,0.008,0.508,0.377,0.168,414,306,128.367,0.090,2.382,0.420,0.651
6990,4U-D-Z4.tif,0.002,0.175,0.634,0.060,582,311,56.310,0.050,1.302,0.768,0.756
6991,4U-D-Z4.tif,0.004,0.256,0.772,0.095,679,307,169.992,0.063,1.607,0.622,0.842
6992,4U-D-Z4.tif,0.012,0.483,0.627,0.161,875,304,172.147,0.119,1.204,0.830,0.847
6993,4U-D-Z4.tif,0.005,0.305,0.709,0.117,237,323,70.710,0.070,1.898,0.527,0.856
6994,4U-D-Z4.tif,0.002,0.239,0.346,0.072,321,304,171.254,0.044,1.636,0.611,0.646
6995,4U-D-Z4.tif,0.008,0.472,0.451,0.144,155,330,83.418,0.111,1.179,0.848,0.744
6996,4U-D-Z4.tif,0.003,0.228,0.702,0.086,82,314,26.565,0.057,1.631,0.613,0.865
6997,4U-D-Z4.tif,0.006,0.455,0.356,0.153,371,312,154.359,0.077,2.216,0.451,0.644
6998,4U-D-Z4.tif,0.002,0.161,0.825,0.067,975,307,155.556,0.040,1.766,0.566,0.836
6999,4U-D-Z4.tif,0.004,0.279,0.687,0.107,803,307,124.509,0.069,1.557,0.642,0.857
7000,4U-D-Z4.tif,0.010,0.605,0.346,0.146,901,316,160.201,0.124,1.053,0.949,0.764
7001,4U-D-Z4.tif,0.012,0.544,0.497,0.174,209,335,55.305,0.128,1.133,0.883,0.765
7002,4U-D-Z4.tif,0.004,0.274,0.621,0.098,697,308,163.610,0.061,1.576,0.634,0.824
7003,4U-D-Z4.tif,0.008,0.493,0.402,0.151,448,320,10.491,0.094,1.627,0.615,0.768
7004,4U-D-Z4.tif,0.004,0.289,0.670,0.099,592,322,33.690,0.080,1.182,0.846,0.810
7005,4U-D-Z4.tif,0.003,0.237,0.602,0.087,817,315,161.565,0.060,1.324,0.755,0.733
7006,4U-D-Z4.tif,0.014,0.576,0.532,0.186,950,321,168.024,0.119,1.397,0.716,0.800
7007,4U-D-Z4.tif,0.005,0.309,0.685,0.103,489,310,105.524,0.081,1.181,0.847,0.829
7008,4U-D-Z4.tif,0.004,0.237,0.784,0.083,121,324,53.130,0.065,1.311,0.763,0.850
7009,4U-D-Z4.tif,0.007,0.437,0.474,0.146,270,336,70.201,0.084,1.848,0.541,0.756
7010,4U-D-Z4.tif,0.002,0.153,0.927,0.056,522,313,168.690,0.044,1.198,0.835,0.870
7011,4U-D-Z4.tif,0.001,0.125,0.851,0.049,542,319,63.435,0.033,1.354,0.739,0.864
7012,4U-D-Z4.tif,0.003,0.268,0.502,0.086,8,326,63.435,0.057,1.722,0.581,0.706
7013,4U-D-Z4.tif,0.001,0.153,0.650,0.056,15,316,11.310,0.039,1.487,0.672,0.769
7014,4U-D-Z4.tif,0.009,0.445,0.545,0.156,90,330,39.289,0.093,1.707,0.586,0.799
7015,4U-D-Z4.tif,0.002,0.180,0.673,0.070,322,312,128.660,0.041,1.647,0.607,0.809
7016,4U-D-Z4.tif,0.001,0.161,0.574,0.055,576,319,36.870,0.037,1.493,0.670,0.765
7017,4U-D-Z4.tif,0.001,0.137,0.685,0.054,668,321,66.038,0.028,2.041,0.490,0.829
7018,4U-D-Z4.tif,0.004,0.337,0.409,0.110,354,313,126.870,0.063,1.744,0.573,0.731
7019,4U-D-Z4.tif,0.003,0.225,0.662,0.078,627,323,39.289,0.061,1.350,0.741,0.772
7020,4U-D-Z4.tif,0.011,0.597,0.392,0.191,173,319,146.768,0.130,1.476,0.677,0.700
7021,4U-D-Z4.tif,0.005,0.384,0.394,0.131,329,329,33.024,0.081,1.602,0.624,0.685
7022,4U-D-Z4.tif,0.005,0.324,0.591,0.130,722,324,12.265,0.058,2.311,0.433,0.847
7023,4U-D-Z4.tif,0.007,0.375,0.635,0.155,43,320,173.884,0.068,2.399,0.417,0.867
7024,4U-D-Z4.tif,0.006,0.376,0.503,0.123,514,318,100.305,0.072,1.763,0.567,0.762
7025,4U-D-Z4.tif,0.006,0.377,0.523,0.133,396,321,141.710,0.082,1.832,0.546,0.768
7026,4U-D-Z4.tif,0.003,0.231,0.668,0.087,606,319,108.435,0.044,1.943,0.515,0.870
7027,4U-D-Z4.tif,0.002,0.203,0.656,0.072,652,319,112.620,0.048,1.715,0.583,0.816
7028,4U-D-Z4.tif,0.005,0.314,0.661,0.109,241,321,130.914,0.076,1.535,0.652,0.822
7029,4U-D-Z4.tif,0.007,0.370,0.636,0.138,748,326,4.574,0.088,1.618,0.618,0.815
7030,4U-D-Z4.tif,0.004,0.298,0.531,0.115,22,329,16.699,0.055,2.367,0.422,0.792
7031,4U-D-Z4.tif,0.002,0.231,0.583,0.084,664,328,168.690,0.055,1.458,0.686,0.763
7032,4U-D-Z4.tif,0.006,0.384,0.544,0.144,277,340,32.471,0.083,1.734,0.577,0.771
7033,4U-D-Z4.tif,0.003,0.300,0.428,0.096,796,328,13.241,0.071,1.379,0.725,0.676
7034,4U-D-Z4.tif,0.002,0.195,0.640,0.079,316,325,155.225,0.046,1.836,0.545,0.780
7035,4U-D-Z4.tif,0.002,0.185,0.681,0.080,880,326,164.055,0.033,2.351,0.425,0.871
7036,4U-D-Z4.tif,0.008,0.481,0.447,0.150,530,339,23.749,0.108,1.551,0.645,0.705
7037,4U-D-Z4.tif,0.004,0.274,0.692,0.111,722,327,153.435,0.064,1.831,0.546,0.827
7038,4U-D-Z4.tif,0.001,0.126,0.929,0.051,162,327,130.601,0.035,1.446,0.691,0.876
7039,4U-D-Z4.tif,0.005,0.317,0.602,0.125,378,329,138.576,0.073,1.671,0.598,0.813
7040,4U-D-Z4.tif,0.006,0.342,0.640,0.129,557,338,19.983,0.075,1.963,0.509,0.823
7041,4U-D-Z4.tif,0.001,0.192,0.483,0.077,827,332,21.038,0.033,2.265,0.441,0.746
7042,4U-D-Z4.tif,0.001,0.130,0.770,0.057,924,333,29.055,0.030,2.067,0.484,0.840
7043,4U-D-Z4.tif,0.001,0.144,0.883,0.062,416,336,45.000,0.039,1.618,0.618,0.914
7044,4U-D-Z4.tif,0.003,0.194,0.861,0.072,624,331,157.380,0.054,1.398,0.715,0.899
7045,4U-D-Z4.tif,0.009,0.465,0.514,0.151,746,328,109.093,0.093,1.792,0.558,0.815
7046,4U-D-Z4.tif,0.003,0.228,0.695,0.101,106,342,45.000,0.046,2.393,0.418,0.860
7047,4U-D-Z4.tif,0.002,0.206,0.663,0.069,436,329,118.610,0.050,1.500,0.667,0.846
7048,4U-D-Z4.tif,0.009,0.450,0.559,0.150,704,329,113.749,0.105,1.463,0.683,0.776
7049,4U-D-Z4.tif,0.007,0.381,0.582,0.144,312,330,122.471,0.072,2.367,0.422,0.807
7050,4U-D-Z4.tif,0.003,0.208,0.748,0.079,122,339,33.690,0.052,1.648,0.607,0.876
7051,4U-D-Z4.tif,0.006,0.316,0.707,0.116,135,331,121.430,0.077,1.363,0.734,0.883
7052,4U-D-Z4.tif,0.004,0.312,0.472,0.129,767,340,9.866,0.047,3.189,0.314,0.778
7053,4U-D-Z4.tif,0.002,0.181,0.832,0.072,810,331,147.529,0.044,1.467,0.681,0.911
7054,4U-D-Z4.tif,0.007,0.471,0.401,0.159,851,335,165.964,0.078,2.014,0.496,0.725
7055,4U-D-Z4.tif,0.002,0.233,0.534,0.101,902,334,157.620,0.041,3.004,0.333,0.731
7056,4U-D-Z4.tif,0.007,0.389,0.586,0.128,985,335,154.537,0.097,1.125,0.889,0.825
7057,4U-D-Z4.tif,0.004,0.252,0.860,0.098,341,336,163.610,0.066,1.383,0.723,0.897
7058,4U-D-Z4.tif,0.007,0.331,0.763,0.118,459,350,52.595,0.086,1.441,0.694,0.887
7059,4U-D-Z4.tif,0.002,0.172,0.877,0.064,482,343,70.017,0.050,1.291,0.774,0.883
7060,4U-D-Z4.tif,0.003,0.238,0.686,0.084,666,340,31.608,0.050,1.543,0.648,0.879
7061,4U-D-Z4.tif,0.002,0.178,0.844,0.070,22,345,71.565,0.047,1.544,0.648,0.875
7062,4U-D-Z4.tif,0.003,0.245,0.697,0.096,589,333,120.964,0.053,2.078,0.481,0.818
7063,4U-D-Z4.tif,0.002,0.202,0.731,0.070,396,343,38.660,0.050,1.138,0.879,0.862
7064,4U-D-Z4.tif,0.006,0.342,0.695,0.113,489,349,46.975,0.088,1.290,0.775,0.881
7065,4U-D-Z4.tif,0.003,0.250,0.605,0.090,651,350,79.380,0.063,1.624,0.616,0.733
7066,4U-D-Z4.tif,0.001,0.153,0.650,0.062,843,334,116.565,0.032,2.068,0.484,0.800
7067,4U-D-Z4.tif,0.009,0.548,0.387,0.151,74,362,70.907,0.104,1.337,0.748,0.741
7068,4U-D-Z4.tif,0.006,0.322,0.741,0.109,568,350,30.466,0.088,1.074,0.931,0.838
7069,4U-D-Z4.tif,0.001,0.209,0.339,0.079,929,336,102.095,0.031,3.316,0.302,0.586
7070,4U-D-Z4.tif,0.005,0.274,0.758,0.101,946,336,102.529,0.063,1.714,0.583,0.879
7071,4U-D-Z4.tif,0.003,0.209,0.747,0.074,960,344,26.565,0.058,1.377,0.726,0.815
7072,4U-D-Z4.tif,0.004,0.239,0.779,0.092,150,337,122.735,0.061,1.423,0.703,0.883
7073,4U-D-Z4.tif,0.001,0.125,0.900,0.055,601,344,36.870,0.033,1.758,0.569,0.914
7074,4U-D-Z4.tif,0.006,0.368,0.552,0.153,789,338,142.306,0.073,2.092,0.478,0.822
7075,4U-D-Z4.tif,0.008,0.439,0.489,0.139,878,359,33.690,0.110,1.297,0.771,0.696
7076,4U-D-Z4.tif,0.003,0.224,0.640,0.091,223,344,14.036,0.044,2.402,0.416,0.832
7077,4U-D-Z4.tif,0.008,0.467,0.486,0.136,624,360,58.241,0.113,1.165,0.858,0.780
7078,4U-D-Z4.tif,0.003,0.242,0.615,0.101,35,343,167.471,0.044,2.648,0.378,0.823
7079,4U-D-Z4.tif,0.002,0.203,0.601,0.076,57,352,59.744,0.052,1.413,0.708,0.734
7080,4U-D-Z4.tif,0.002,0.181,0.640,0.078,185,349,39.289,0.037,2.476,0.404,0.775
7081,4U-D-Z4.tif,0.004,0.344,0.429,0.108,111,349,165.256,0.068,1.663,0.601,0.704
7082,4U-D-Z4.tif,0.004,0.303,0.505,0.084,666,342,121.608,0.076,1.110,0.901,0.795
7083,4U-D-Z4.tif,0.008,0.426,0.579,0.163,163,343,122.619,0.078,2.486,0.402,0.817
7084,4U-D-Z4.tif,0.008,0.428,0.579,0.168,407,363,41.009,0.081,2.339,0.427,0.819
7085,4U-D-Z4.tif,0.001,0.139,0.890,0.051,476,347,167.471,0.042,1.162,0.861,0.833
7086,4U-D-Z4.tif,0.006,0.325,0.669,0.106,825,362,68.749,0.086,1.242,0.805,0.816
7087,4U-D-Z4.tif,0.013,0.652,0.374,0.220,839,352,148.299,0.111,2.398,0.417,0.663
7088,4U-D-Z4.tif,0.004,0.361,0.385,0.148,213,347,158.199,0.062,2.586,0.387,0.672
7089,4U-D-Z4.tif,0.018,0.766,0.388,0.206,985,345,97.696,0.157,1.385,0.722,0.784
7090,4U-D-Z4.tif,0.006,0.319,0.689,0.124,267,346,110.854,0.064,2.115,0.473,0.874
7091,4U-D-Z4.tif,0.004,0.276,0.584,0.096,281,359,30.964,0.075,1.147,0.872,0.745
7092,4U-D-Z4.tif,0.009,0.494,0.463,0.162,684,346,144.689,0.114,1.364,0.733,0.718
7093,4U-D-Z4.tif,0.002,0.208,0.548,0.079,1009,360,77.905,0.050,1.507,0.664,0.709
7094,4U-D-Z4.tif,0.006,0.372,0.567,0.136,363,371,75.964,0.072,2.233,0.448,0.789
7095,4U-D-Z4.tif,0.002,0.225,0.504,0.098,399,358,38.157,0.042,3.137,0.319,0.709
7096,4U-D-Z4.tif,0.002,0.186,0.715,0.072,964,348,147.529,0.042,1.739,0.575,0.878
7097,4U-D-Z4.tif,0.002,0.195,0.530,0.076,90,348,120.256,0.040,2.142,0.467,0.731
7098,4U-D-Z4.tif,0.003,0.257,0.563,0.096,295,365,59.036,0.056,2.280,0.439,0.769
7099,4U-D-Z4.tif,0.005,0.319,0.678,0.130,501,359,12.265,0.072,1.996,0.501,0.826
7100,4U-D-Z4.tif,0.004,0.316,0.500,0.121,140,352,155.772,0.062,2.381,0.420,0.755
7101,4U-D-Z4.tif,0.002,0.201,0.537,0.070,183,351,141.340,0.051,1.419,0.705,0.713
7102,4U-D-Z4.tif,0.004,0.244,0.765,0.090,340,351,132.510,0.070,1.106,0.904,0.876
7103,4U-D-Z4.tif,0.004,0.234,0.806,0.089,545,350,111.801,0.058,1.627,0.615,0.850
7104,4U-D-Z4.tif,0.011,0.513,0.547,0.158,17,362,155.225,0.124,1.070,0.934,0.801
7105,4U-D-Z4.tif,0.001,0.148,0.777,0.054,4,352,135.000,0.044,1.060,0.943,0.826
7106,4U-D-Z4.tif,0.002,0.206,0.681,0.079,214,352,102.095,0.044,1.759,0.569,0.849
7107,4U-D-Z4.tif,0.001,0.169,0.496,0.057,244,354,150.945,0.039,1.266,0.790,0.733
7108,4U-D-Z4.tif,0.004,0.278,0.669,0.108,376,352,113.962,0.060,1.832,0.546,0.842
7109,4U-D-Z4.tif,0.018,0.662,0.521,0.196,725,387,78.690,0.143,1.502,0.666,0.811
7110,4U-D-Z4.tif,0.007,0.386,0.624,0.126,49,371,15.255,0.100,1.295,0.772,0.836
7111,4U-D-Z4.tif,0.010,0.553,0.425,0.182,310,374,35.134,0.101,2.163,0.462,0.749
7112,4U-D-Z4.tif,0.005,0.314,0.686,0.107,646,370,55.491,0.088,1.338,0.747,0.834
7113,4U-D-Z4.tif,0.002,0.268,0.423,0.097,775,354,132.709,0.051,2.919,0.343,0.620
7114,4U-D-Z4.tif,0.002,0.192,0.730,0.066,202,362,41.634,0.055,1.252,0.799,0.830
7115,4U-D-Z4.tif,0.005,0.329,0.530,0.119,471,354,111.801,0.073,1.623,0.616,0.735
7116,4U-D-Z4.tif,0.005,0.300,0.651,0.111,536,354,116.565,0.062,1.938,0.516,0.853
7117,4U-D-Z4.tif,0.002,0.193,0.561,0.068,584,355,165.964,0.050,1.386,0.721,0.733
7118,4U-D-Z4.tif,0.002,0.219,0.630,0.084,436,364,11.310,0.048,1.957,0.511,0.798
7119,4U-D-Z4.tif,0.001,0.126,0.834,0.049,134,359,153.435,0.035,1.389,0.720,0.843
7120,4U-D-Z4.tif,0.007,0.344,0.713,0.126,909,364,156.801,0.092,1.203,0.831,0.847
7121,4U-D-Z4.tif,0.001,0.143,0.815,0.057,943,363,16.699,0.035,1.464,0.683,0.846
7122,4U-D-Z4.tif,0.005,0.322,0.556,0.131,114,359,146.976,0.061,2.579,0.388,0.774
7123,4U-D-Z4.tif,0.003,0.222,0.786,0.083,669,368,36.870,0.061,1.180,0.847,0.879
7124,4U-D-Z4.tif,0.002,0.197,0.686,0.075,969,372,72.897,0.046,1.644,0.608,0.828
7125,4U-D-Z4.tif,0.001,0.133,0.884,0.054,7,365,23.962,0.033,1.593,0.628,0.882
7126,4U-D-Z4.tif,0.006,0.296,0.793,0.117,216,370,19.290,0.073,1.582,0.632,0.867
7127,4U-D-Z4.tif,0.001,0.134,0.782,0.059,247,367,41.186,0.031,2.175,0.460,0.822
7128,4U-D-Z4.tif,0.005,0.372,0.494,0.122,826,376,18.435,0.088,1.485,0.673,0.715
7129,4U-D-Z4.tif,0.001,0.152,0.695,0.064,253,365,120.964,0.032,2.277,0.439,0.824
7130,4U-D-Z4.tif,0.005,0.347,0.529,0.138,488,368,163.740,0.074,2.027,0.493,0.711
7131,4U-D-Z4.tif,0.009,0.428,0.620,0.136,602,379,21.371,0.099,1.253,0.798,0.846
7132,4U-D-Z4.tif,0.004,0.305,0.607,0.115,892,378,35.218,0.064,2.154,0.464,0.787
7133,4U-D-Z4.tif,0.004,0.275,0.665,0.098,232,374,16.390,0.062,1.692,0.591,0.820
7134,4U-D-Z4.tif,0.006,0.346,0.679,0.122,795,367,144.162,0.089,1.397,0.716,0.857
7135,4U-D-Z4.tif,0.003,0.280,0.471,0.099,80,371,160.560,0.055,1.639,0.610,0.764
7136,4U-D-Z4.tif,0.006,0.333,0.707,0.113,444,370,157.166,0.087,1.357,0.737,0.860
7137,4U-D-Z4.tif,0.004,0.281,0.601,0.107,587,369,101.889,0.060,1.783,0.561,0.812
7138,4U-D-Z4.tif,0.005,0.352,0.553,0.136,746,392,68.629,0.061,2.328,0.430,0.853
7139,4U-D-Z4.tif,0.002,0.249,0.400,0.106,137,377,21.251,0.039,3.891,0.257,0.663
7140,4U-D-Z4.tif,0.004,0.235,0.851,0.095,429,380,35.538,0.062,1.477,0.677,0.914
7141,4U-D-Z4.tif,0.007,0.419,0.528,0.139,557,371,146.310,0.094,1.499,0.667,0.775
7142,4U-D-Z4.tif,0.004,0.264,0.678,0.101,676,387,67.620,0.065,1.501,0.666,0.852
7143,4U-D-Z4.tif,0.009,0.431,0.637,0.142,191,373,125.538,0.102,1.486,0.673,0.861
7144,4U-D-Z4.tif,0.004,0.257,0.682,0.103,340,372,164.476,0.050,2.072,0.483,0.861
7145,4U-D-Z4.tif,0.001,0.137,0.746,0.059,391,371,138.814,0.032,1.938,0.516,0.787
7146,4U-D-Z4.tif,0.006,0.317,0.742,0.104,769,371,108.435,0.089,1.320,0.758,0.858
7147,4U-D-Z4.tif,0.002,0.185,0.725,0.072,931,376,22.620,0.039,1.822,0.549,0.884
7148,4U-D-Z4.tif,0.005,0.341,0.537,0.131,629,381,14.621,0.057,2.372,0.422,0.835
7149,4U-D-Z4.tif,0.007,0.394,0.593,0.124,659,373,110.854,0.103,1.238,0.807,0.796
7150,4U-D-Z4.tif,0.003,0.236,0.718,0.089,786,387,60.255,0.061,1.444,0.693,0.820
7151,4U-D-Z4.tif,0.004,0.372,0.380,0.131,103,390,22.249,0.078,1.843,0.543,0.637
7152,4U-D-Z4.tif,0.001,0.126,0.857,0.051,120,376,167.471,0.033,1.479,0.676,0.857
7153,4U-D-Z4.tif,0.009,0.445,0.554,0.155,337,374,96.116,0.098,1.660,0.602,0.817
7154,4U-D-Z4.tif,0.003,0.211,0.737,0.082,480,374,132.274,0.053,1.546,0.647,0.839
7155,4U-D-Z4.tif,0.008,0.477,0.439,0.166,511,389,176.186,0.097,1.606,0.623,0.716
7156,4U-D-Z4.tif,0.002,0.194,0.821,0.076,907,374,149.744,0.054,1.388,0.721,0.880
7157,4U-D-Z4.tif,0.005,0.355,0.497,0.116,72,394,64.654,0.078,1.538,0.650,0.788
7158,4U-D-Z4.tif,0.001,0.122,0.871,0.049,313,377,153.435,0.033,1.442,0.694,0.850
7159,4U-D-Z4.tif,0.001,0.131,0.887,0.049,998,377,153.435,0.039,1.323,0.756,0.860
7160,4U-D-Z4.tif,0.006,0.461,0.378,0.158,12,378,114.775,0.080,2.303,0.434,0.687
7161,4U-D-Z4.tif,0.005,0.384,0.423,0.111,44,389,32.905,0.079,1.490,0.671,0.707
7162,4U-D-Z4.tif,0.002,0.225,0.459,0.086,172,389,50.194,0.047,2.062,0.485,0.689
7163,4U-D-Z4.tif,0.009,0.450,0.587,0.171,396,396,33.179,0.087,2.074,0.482,0.847
7164,4U-D-Z4.tif,0.001,0.196,0.338,0.075,149,379,162.897,0.024,3.287,0.304,0.716
7165,4U-D-Z4.tif,0.003,0.216,0.727,0.075,242,378,126.027,0.055,1.292,0.774,0.868
7166,4U-D-Z4.tif,0.057,1.142,0.550,0.352,424,429,51.340,0.240,1.434,0.697,0.885
7167,4U-D-Z4.tif,0.006,0.380,0.541,0.153,828,382,158.962,0.070,2.499,0.400,0.828
7168,4U-D-Z4.tif,0.007,0.375,0.610,0.131,359,394,14.621,0.082,1.562,0.640,0.827
7169,4U-D-Z4.tif,0.001,0.165,0.668,0.062,254,389,45.000,0.039,1.484,0.674,0.807
7170,4U-D-Z4.tif,0.004,0.224,0.906,0.083,895,381,126.870,0.066,1.267,0.790,0.922
7171,4U-D-Z4.tif,0.002,0.172,0.851,0.069,699,382,118.610,0.047,1.518,0.659,0.886
7172,4U-D-Z4.tif,0.002,0.144,0.919,0.054,691,392,66.038,0.039,1.330,0.752,0.901
7173,4U-D-Z4.tif,0.002,0.222,0.612,0.092,955,392,32.735,0.044,2.337,0.428,0.810
7174,4U-D-Z4.tif,0.003,0.233,0.654,0.089,83,393,29.745,0.054,1.561,0.640,0.812
7175,4U-D-Z4.tif,0.005,0.286,0.745,0.106,221,391,171.027,0.074,1.475,0.678,0.858
7176,4U-D-Z4.tif,0.015,0.531,0.672,0.183,275,392,173.089,0.119,1.548,0.646,0.868
7177,4U-D-Z4.tif,0.001,0.142,0.887,0.059,427,389,21.801,0.039,1.559,0.642,0.879
7178,4U-D-Z4.tif,0.001,0.131,0.821,0.057,916,385,150.945,0.033,1.929,0.518,0.822
7179,4U-D-Z4.tif,0.001,0.158,0.721,0.063,1002,393,37.875,0.041,1.615,0.619,0.803
7180,4U-D-Z4.tif,0.001,0.184,0.415,0.073,671,398,77.005,0.035,2.526,0.396,0.627
7181,4U-D-Z4.tif,0.002,0.161,0.780,0.069,803,392,28.610,0.039,1.919,0.521,0.828
7182,4U-D-Z4.tif,0.006,0.406,0.447,0.140,855,387,168.690,0.087,1.757,0.569,0.707
7183,4U-D-Z4.tif,0.002,0.186,0.737,0.072,571,395,32.471,0.046,1.651,0.606,0.865
7184,4U-D-Z4.tif,0.001,0.192,0.506,0.063,487,395,15.255,0.049,1.131,0.884,0.710
7185,4U-D-Z4.tif,0.002,0.208,0.628,0.070,38,392,161.565,0.054,1.111,0.900,0.751
7186,4U-D-Z4.tif,0.003,0.235,0.768,0.090,188,388,127.569,0.055,1.632,0.613,0.902
7187,4U-D-Z4.tif,0.004,0.335,0.474,0.141,912,388,128.660,0.056,2.815,0.355,0.757
7188,4U-D-Z4.tif,0.001,0.141,0.750,0.057,968,389,163.301,0.033,1.930,0.518,0.812
7189,4U-D-Z4.tif,0.011,0.547,0.469,0.160,945,417,74.055,0.129,1.231,0.813,0.762
7190,4U-D-Z4.tif,0.004,0.303,0.492,0.101,757,391,150.642,0.070,1.585,0.631,0.741
7191,4U-D-Z4.tif,0.008,0.456,0.475,0.178,110,400,8.881,0.081,2.489,0.402,0.766
7192,4U-D-Z4.tif,0.008,0.387,0.635,0.134,421,415,55.008,0.088,1.720,0.581,0.812
7193,4U-D-Z4.tif,0.003,0.230,0.781,0.094,709,393,151.928,0.052,1.969,0.508,0.857
7194,4U-D-Z4.tif,0.001,0.131,0.865,0.052,794,393,161.565,0.038,1.313,0.762,0.812
7195,4U-D-Z4.tif,0.004,0.255,0.745,0.094,607,394,151.928,0.061,1.623,0.616,0.841
7196,4U-D-Z4.tif,0.002,0.187,0.868,0.067,684,392,124.992,0.055,1.133,0.883,0.884
7197,4U-D-Z4.tif,0.003,0.233,0.808,0.081,823,402,28.301,0.061,1.278,0.783,0.885
7198,4U-D-Z4.tif,0.001,0.164,0.552,0.068,989,396,14.036,0.033,2.258,0.443,0.703
7199,4U-D-Z4.tif,0.001,0.152,0.794,0.064,209,400,30.964,0.037,1.985,0.504,0.873
7200,4U-D-Z4.tif,0.001,0.137,0.907,0.052,407,401,57.995,0.041,1.258,0.795,0.874
7201,4U-D-Z4.tif,0.006,0.370,0.531,0.126,630,395,151.189,0.081,1.463,0.684,0.772
7202,4U-D-Z4.tif,0.003,0.245,0.596,0.083,774,395,126.870,0.066,1.271,0.787,0.752
7203,4U-D-Z4.tif,0.002,0.226,0.602,0.094,26,408,40.236,0.043,2.349,0.426,0.810
7204,4U-D-Z4.tif,0.005,0.358,0.491,0.138,356,407,16.260,0.071,2.465,0.406,0.711
7205,4U-D-Z4.tif,0.005,0.368,0.426,0.136,544,396,158.629,0.073,2.084,0.480,0.677
7206,4U-D-Z4.tif,0.006,0.333,0.647,0.111,728,410,5.711,0.086,1.423,0.703,0.862
7207,4U-D-Z4.tif,0.012,0.499,0.619,0.159,154,415,33.690,0.119,1.369,0.730,0.877
7208,4U-D-Z4.tif,0.002,0.203,0.601,0.080,236,399,164.055,0.039,2.332,0.429,0.788
7209,4U-D-Z4.tif,0.006,0.475,0.348,0.122,308,397,108.435,0.100,1.447,0.691,0.662
7210,4U-D-Z4.tif,0.007,0.370,0.667,0.148,882,399,158.199,0.079,1.861,0.537,0.853
7211,4U-D-Z4.tif,0.002,0.222,0.565,0.080,815,412,74.055,0.055,1.804,0.554,0.685
7212,4U-D-Z4.tif,0.001,0.156,0.608,0.072,63,400,157.380,0.027,3.113,0.321,0.821
7213,4U-D-Z4.tif,0.007,0.384,0.593,0.126,83,407,15.255,0.091,1.268,0.789,0.829
7214,4U-D-Z4.tif,0.005,0.358,0.443,0.141,498,409,20.556,0.055,2.635,0.379,0.795
7215,4U-D-Z4.tif,0.003,0.233,0.618,0.089,256,405,172.875,0.055,1.534,0.652,0.793
7216,4U-D-Z4.tif,0.004,0.270,0.719,0.087,585,402,124.695,0.077,1.012,0.988,0.849
7217,4U-D-Z4.tif,0.010,0.460,0.602,0.144,653,428,72.255,0.112,1.343,0.745,0.797
7218,4U-D-Z4.tif,0.008,0.526,0.381,0.149,686,403,128.991,0.097,1.472,0.679,0.776
7219,4U-D-Z4.tif,0.001,0.142,0.755,0.054,850,403,156.038,0.033,1.631,0.613,0.860
7220,4U-D-Z4.tif,0.002,0.225,0.609,0.089,199,406,172.875,0.050,1.715,0.583,0.768
7221,4U-D-Z4.tif,0.003,0.259,0.549,0.103,829,407,154.799,0.050,2.333,0.429,0.792
7222,4U-D-Z4.tif,0.003,0.217,0.702,0.091,47,413,14.036,0.045,2.167,0.461,0.857
7223,4U-D-Z4.tif,0.009,0.487,0.483,0.158,371,418,12.095,0.101,1.297,0.771,0.750
7224,4U-D-Z4.tif,0.007,0.462,0.438,0.166,184,409,158.552,0.079,2.147,0.466,0.775
7225,4U-D-Z4.tif,0.005,0.350,0.463,0.104,489,408,122.005,0.077,1.436,0.696,0.727
7226,4U-D-Z4.tif,0.001,0.145,0.758,0.057,15,409,150.945,0.040,1.541,0.649,0.785
7227,4U-D-Z4.tif,0.005,0.370,0.453,0.121,567,411,149.931,0.086,1.447,0.691,0.689
7228,4U-D-Z4.tif,0.012,0.642,0.368,0.171,742,415,3.691,0.153,1.225,0.816,0.680
7229,4U-D-Z4.tif,0.019,0.609,0.628,0.211,868,414,146.725,0.151,1.509,0.663,0.849
7230,4U-D-Z4.tif,0.002,0.187,0.705,0.073,240,411,167.005,0.043,2.033,0.492,0.798
7231,4U-D-Z4.tif,0.009,0.381,0.760,0.123,608,409,100.305,0.108,1.157,0.865,0.871
7232,4U-D-Z4.tif,0.005,0.366,0.487,0.110,900,419,17.526,0.075,1.346,0.743,0.803
7233,4U-D-Z4.tif,0.001,0.167,0.531,0.074,982,416,26.565,0.030,3.111,0.321,0.722
7234,4U-D-Z4.tif,0.010,0.548,0.414,0.173,506,422,9.162,0.101,1.638,0.610,0.751
7235,4U-D-Z4.tif,0.012,0.483,0.653,0.183,780,432,32.735,0.105,1.715,0.583,0.867
7236,4U-D-Z4.tif,0.007,0.357,0.665,0.129,226,412,133.264,0.090,1.515,0.660,0.836
7237,4U-D-Z4.tif,0.001,0.126,0.857,0.054,340,414,156.038,0.033,1.692,0.591,0.878
7238,4U-D-Z4.tif,0.002,0.195,0.810,0.082,624,420,19.654,0.050,1.519,0.658,0.857
7239,4U-D-Z4.tif,0.003,0.211,0.754,0.079,721,417,167.905,0.050,1.681,0.595,0.854
7240,4U-D-Z4.tif,0.012,0.605,0.424,0.187,958,439,47.386,0.116,1.739,0.575,0.733
7241,4U-D-Z4.tif,0.007,0.369,0.646,0.150,101,416,156.251,0.080,2.116,0.473,0.843
7242,4U-D-Z4.tif,0.006,0.412,0.448,0.150,283,413,156.251,0.071,2.237,0.447,0.755
7243,4U-D-Z4.tif,0.005,0.291,0.733,0.099,257,427,33.690,0.074,1.305,0.767,0.858
7244,4U-D-Z4.tif,0.004,0.279,0.692,0.103,31,433,74.476,0.065,1.629,0.614,0.845
7245,4U-D-Z4.tif,0.004,0.274,0.605,0.087,71,416,124.695,0.072,1.420,0.704,0.791
7246,4U-D-Z4.tif,0.004,0.259,0.804,0.096,826,427,23.629,0.071,1.406,0.711,0.843
7247,4U-D-Z4.tif,0.007,0.389,0.581,0.134,323,428,9.462,0.087,1.487,0.673,0.802
7248,4U-D-Z4.tif,0.005,0.356,0.496,0.122,548,425,5.194,0.076,1.446,0.692,0.760
7249,4U-D-Z4.tif,0.006,0.328,0.686,0.123,710,428,10.305,0.077,1.450,0.690,0.858
7250,4U-D-Z4.tif,0.005,0.294,0.724,0.101,996,419,102.529,0.079,1.235,0.810,0.856
7251,4U-D-Z4.tif,0.002,0.241,0.388,0.086,208,424,153.435,0.053,1.543,0.648,0.615
7252,4U-D-Z4.tif,0.005,0.350,0.482,0.139,671,422,170.910,0.065,2.612,0.383,0.705
7253,4U-D-Z4.tif,0.002,0.223,0.413,0.104,926,420,147.995,0.030,4.763,0.210,0.671
7254,4U-D-Z4.tif,0.006,0.317,0.701,0.107,804,422,124.509,0.086,1.113,0.899,0.849
7255,4U-D-Z4.tif,0.002,0.224,0.502,0.085,14,423,104.931,0.044,1.856,0.539,0.729
7256,4U-D-Z4.tif,0.002,0.169,0.857,0.063,41,432,15.255,0.050,1.142,0.875,0.859
7257,4U-D-Z4.tif,0.011,0.487,0.595,0.195,128,446,32.347,0.098,2.047,0.488,0.855
7258,4U-D-Z4.tif,0.006,0.408,0.456,0.124,396,446,69.146,0.073,1.754,0.570,0.824
7259,4U-D-Z4.tif,0.004,0.228,0.877,0.082,359,426,109.654,0.063,1.305,0.766,0.886
7260,4U-D-Z4.tif,0.003,0.230,0.658,0.086,588,440,63.435,0.058,1.634,0.612,0.812
7261,4U-D-Z4.tif,0.007,0.428,0.505,0.149,626,449,51.009,0.092,1.571,0.636,0.798
7262,4U-D-Z4.tif,0.006,0.375,0.502,0.113,158,444,43.025,0.089,1.383,0.723,0.761
7263,4U-D-Z4.tif,0.011,0.469,0.639,0.158,540,449,29.249,0.117,1.503,0.665,0.807
7264,4U-D-Z4.tif,0.001,0.197,0.480,0.078,647,435,8.130,0.039,2.260,0.442,0.700
7265,4U-D-Z4.tif,0.003,0.264,0.601,0.098,726,439,16.390,0.062,1.631,0.613,0.780
7266,4U-D-Z4.tif,0.003,0.259,0.549,0.086,901,429,140.194,0.065,1.324,0.755,0.785
7267,4U-D-Z4.tif,0.002,0.175,0.696,0.069,258,431,151.390,0.043,1.707,0.586,0.824
7268,4U-D-Z4.tif,0.004,0.270,0.766,0.090,380,431,132.510,0.076,1.214,0.824,0.860
7269,4U-D-Z4.tif,0.004,0.327,0.453,0.111,411,433,159.775,0.065,1.976,0.506,0.743
7270,4U-D-Z4.tif,0.005,0.443,0.327,0.156,498,430,147.995,0.073,2.039,0.490,0.671
7271,4U-D-Z4.tif,0.008,0.425,0.531,0.133,84,446,24.444,0.099,1.207,0.829,0.773
7272,4U-D-Z4.tif,0.003,0.255,0.581,0.089,284,431,111.801,0.055,1.655,0.604,0.805
7273,4U-D-Z4.tif,0.002,0.228,0.556,0.087,605,434,161.565,0.050,2.271,0.440,0.741
7274,4U-D-Z4.tif,0.004,0.322,0.521,0.106,684,433,141.340,0.077,1.234,0.810,0.728
7275,4U-D-Z4.tif,0.003,0.213,0.851,0.084,189,433,148.392,0.061,1.362,0.734,0.914
7276,4U-D-Z4.tif,0.002,0.219,0.455,0.092,228,433,147.265,0.037,3.182,0.314,0.679
7277,4U-D-Z4.tif,0.004,0.314,0.572,0.118,311,453,79.216,0.066,1.859,0.538,0.807
7278,4U-D-Z4.tif,0.006,0.314,0.713,0.102,321,434,126.254,0.088,1.116,0.896,0.837
7279,4U-D-Z4.tif,0.001,0.145,0.740,0.055,853,432,143.130,0.039,1.710,0.585,0.804
7280,4U-D-Z4.tif,0.001,0.137,0.786,0.051,1005,432,139.399,0.039,1.338,0.747,0.788
7281,4U-D-Z4.tif,0.004,0.236,0.868,0.084,774,436,148.392,0.066,1.160,0.862,0.898
7282,4U-D-Z4.tif,0.005,0.343,0.505,0.143,203,434,157.380,0.061,2.317,0.432,0.808
7283,4U-D-Z4.tif,0.004,0.286,0.578,0.092,477,449,57.265,0.072,1.458,0.686,0.770
7284,4U-D-Z4.tif,0.006,0.361,0.577,0.118,574,454,62.241,0.081,1.624,0.616,0.804
7285,4U-D-Z4.tif,0.001,0.150,0.815,0.056,67,437,168.690,0.039,1.406,0.711,0.828
7286,4U-D-Z4.tif,0.003,0.225,0.760,0.087,182,437,145.305,0.058,1.436,0.696,0.867
7287,4U-D-Z4.tif,0.005,0.283,0.772,0.101,468,455,77.471,0.076,1.257,0.796,0.880
7288,4U-D-Z4.tif,0.008,0.432,0.515,0.172,816,441,153.435,0.078,2.391,0.418,0.804
7289,4U-D-Z4.tif,0.003,0.206,0.761,0.079,973,438,146.310,0.050,1.539,0.650,0.904
7290,4U-D-Z4.tif,0.002,0.223,0.474,0.092,104,440,162.646,0.039,3.148,0.318,0.743
7291,4U-D-Z4.tif,0.003,0.301,0.415,0.121,605,438,140.528,0.051,3.045,0.328,0.712
7292,4U-D-Z4.tif,0.008,0.476,0.434,0.150,663,440,126.027,0.094,1.595,0.627,0.750
7293,4U-D-Z4.tif,0.002,0.177,0.608,0.074,994,438,153.435,0.033,2.109,0.474,0.877
7294,4U-D-Z4.tif,0.004,0.241,0.777,0.089,42,442,158.199,0.064,1.476,0.678,0.858
7295,4U-D-Z4.tif,0.001,0.147,0.721,0.067,448,441,170.538,0.022,2.802,0.357,0.932
7296,4U-D-Z4.tif,0.001,0.130,0.861,0.051,854,440,130.601,0.039,1.434,0.698,0.817
7297,4U-D-Z4.tif,0.012,0.553,0.482,0.150,870,444,156.251,0.130,1.148,0.871,0.810
7298,4U-D-Z4.tif,0.002,0.167,0.776,0.064,149,452,70.017,0.041,1.695,0.590,0.857
7299,4U-D-Z4.tif,0.016,0.622,0.519,0.192,765,442,103.241,0.133,1.631,0.613,0.808
7300,4U-D-Z4.tif,0.002,0.237,0.534,0.087,933,448,18.435,0.060,1.559,0.642,0.705
7301,4U-D-Z4.tif,0.005,0.283,0.815,0.099,961,446,160.560,0.082,1.063,0.940,0.877
7302,4U-D-Z4.tif,0.006,0.308,0.731,0.119,362,446,146.310,0.079,1.437,0.696,0.867
7303,4U-D-Z4.tif,0.003,0.248,0.562,0.090,738,447,142.431,0.051,1.899,0.526,0.798
7304,4U-D-Z4.tif,0.010,0.517,0.461,0.175,901,468,43.727,0.091,2.134,0.469,0.762
7305,4U-D-Z4.tif,0.020,0.669,0.552,0.218,4,471,20.726,0.155,1.127,0.887,0.817
7306,4U-D-Z4.tif,0.003,0.219,0.714,0.084,76,455,23.199,0.049,1.492,0.670,0.841
7307,4U-D-Z4.tif,0.002,0.148,0.881,0.054,154,453,23.962,0.044,1.242,0.805,0.857
7308,4U-D-Z4.tif,0.003,0.275,0.539,0.111,431,448,159.775,0.057,2.045,0.489,0.735
7309,4U-D-Z4.tif,0.003,0.214,0.724,0.076,57,449,120.256,0.061,1.256,0.796,0.845
7310,4U-D-Z4.tif,0.005,0.289,0.688,0.102,188,449,143.746,0.067,1.316,0.760,0.839
7311,4U-D-Z4.tif,0.002,0.186,0.671,0.082,253,454,19.654,0.035,2.486,0.402,0.841
7312,4U-D-Z4.tif,0.006,0.330,0.741,0.110,280,466,53.130,0.088,1.151,0.869,0.874
7313,4U-D-Z4.tif,0.001,0.134,0.761,0.059,510,452,21.801,0.028,2.217,0.451,0.847
7314,4U-D-Z4.tif,0.001,0.141,0.712,0.061,587,451,174.806,0.028,2.299,0.435,0.860
7315,4U-D-Z4.tif,0.003,0.222,0.689,0.084,798,450,148.392,0.052,1.735,0.576,0.852
7316,4U-D-Z4.tif,0.001,0.156,0.561,0.070,849,448,161.565,0.028,2.549,0.392,0.766
7317,4U-D-Z4.tif,0.002,0.228,0.563,0.092,689,456,17.354,0.044,2.452,0.408,0.770
7318,4U-D-Z4.tif,0.003,0.264,0.454,0.079,233,458,12.095,0.055,1.435,0.697,0.758
7319,4U-D-Z4.tif,0.005,0.323,0.624,0.118,636,453,142.595,0.078,1.405,0.712,0.838
7320,4U-D-Z4.tif,0.008,0.386,0.635,0.131,930,473,67.751,0.096,1.443,0.693,0.807
7321,4U-D-Z4.tif,0.004,0.284,0.670,0.099,982,468,70.560,0.074,1.586,0.631,0.798
7322,4U-D-Z4.tif,0.005,0.335,0.575,0.111,130,470,63.435,0.078,1.440,0.694,0.797
7323,4U-D-Z4.tif,0.002,0.153,0.846,0.062,267,452,116.565,0.041,1.611,0.621,0.832
7324,4U-D-Z4.tif,0.010,0.467,0.551,0.171,402,456,146.821,0.092,1.879,0.532,0.827
7325,4U-D-Z4.tif,0.001,0.148,0.691,0.055,946,461,53.130,0.034,1.584,0.631,0.825
7326,4U-D-Z4.tif,0.005,0.280,0.767,0.094,730,456,151.928,0.077,1.092,0.916,0.890
7327,4U-D-Z4.tif,0.003,0.259,0.617,0.104,216,465,32.005,0.059,1.894,0.528,0.779
7328,4U-D-Z4.tif,0.002,0.236,0.533,0.082,253,460,160.346,0.054,1.493,0.670,0.736
7329,4U-D-Z4.tif,0.002,0.176,0.661,0.057,346,465,73.301,0.050,1.181,0.846,0.788
7330,4U-D-Z4.tif,0.007,0.364,0.640,0.141,529,455,141.340,0.074,1.881,0.532,0.854
7331,4U-D-Z4.tif,0.002,0.184,0.797,0.070,605,455,108.435,0.050,1.522,0.657,0.845
7332,4U-D-Z4.tif,0.007,0.343,0.768,0.116,711,456,148.570,0.088,1.152,0.868,0.920
7333,4U-D-Z4.tif,0.001,0.176,0.490,0.060,856,456,123.690,0.039,1.865,0.536,0.734
7334,4U-D-Z4.tif,0.003,0.258,0.641,0.103,81,459,164.476,0.050,1.938,0.516,0.845
7335,4U-D-Z4.tif,0.003,0.244,0.615,0.090,325,468,42.510,0.057,1.898,0.527,0.762
7336,4U-D-Z4.tif,0.001,0.176,0.477,0.074,487,464,26.565,0.036,2.629,0.380,0.667
7337,4U-D-Z4.tif,0.005,0.358,0.464,0.130,147,468,12.265,0.065,2.147,0.466,0.731
7338,4U-D-Z4.tif,0.003,0.209,0.729,0.090,458,464,10.620,0.043,2.035,0.491,0.862
7339,4U-D-Z4.tif,0.004,0.312,0.538,0.098,557,471,38.157,0.086,1.214,0.824,0.744
7340,4U-D-Z4.tif,0.001,0.153,0.585,0.062,656,468,63.435,0.030,2.387,0.419,0.774
7341,4U-D-Z4.tif,0.004,0.316,0.542,0.124,953,458,102.804,0.060,2.217,0.451,0.789
7342,4U-D-Z4.tif,0.002,0.195,0.620,0.079,819,468,33.690,0.045,2.224,0.450,0.756
7343,4U-D-Z4.tif,0.003,0.231,0.711,0.092,41,463,162.646,0.050,1.629,0.614,0.840
7344,4U-D-Z4.tif,0.002,0.225,0.384,0.074,172,462,153.435,0.039,1.708,0.585,0.667
7345,4U-D-Z4.tif,0.004,0.257,0.688,0.092,442,475,57.265,0.061,1.301,0.769,0.856
7346,4U-D-Z4.tif,0.003,0.215,0.731,0.073,505,468,12.995,0.053,1.314,0.761,0.852
7347,4U-D-Z4.tif,0.010,0.434,0.642,0.163,586,469,151.699,0.099,1.602,0.624,0.851
7348,4U-D-Z4.tif,0.001,0.130,0.838,0.055,308,464,143.130,0.037,1.518,0.659,0.831
7349,4U-D-Z4.tif,0.003,0.268,0.581,0.097,971,464,132.709,0.056,2.011,0.497,0.789
7350,4U-D-Z4.tif,0.006,0.377,0.529,0.124,69,485,57.724,0.083,1.723,0.580,0.761
7351,4U-D-Z4.tif,0.005,0.308,0.703,0.102,295,479,53.746,0.081,1.318,0.759,0.847
7352,4U-D-Z4.tif,0.008,0.486,0.428,0.158,389,490,65.225,0.099,1.932,0.518,0.713
7353,4U-D-Z4.tif,0.001,0.162,0.695,0.064,496,464,120.964,0.041,2.023,0.494,0.756
7354,4U-D-Z4.tif,0.004,0.266,0.760,0.099,622,464,123.690,0.066,1.574,0.635,0.873
7355,4U-D-Z4.tif,0.002,0.167,0.776,0.064,367,476,70.017,0.040,1.867,0.535,0.809
7356,4U-D-Z4.tif,0.007,0.413,0.494,0.143,798,470,164.358,0.076,1.684,0.594,0.794
7357,4U-D-Z4.tif,0.008,0.429,0.531,0.148,996,488,58.671,0.086,1.816,0.551,0.793
7358,4U-D-Z4.tif,0.004,0.284,0.656,0.118,488,466,117.759,0.054,2.253,0.444,0.869
7359,4U-D-Z4.tif,0.004,0.279,0.687,0.103,198,470,154.799,0.070,1.455,0.687,0.822
7360,4U-D-Z4.tif,0.014,0.523,0.622,0.176,576,467,110.136,0.131,1.386,0.722,0.818
7361,4U-D-Z4.tif,0.004,0.278,0.655,0.091,695,482,64.983,0.079,1.153,0.868,0.782
7362,4U-D-Z4.tif,0.002,0.169,0.683,0.067,138,470,145.008,0.039,1.911,0.523,0.773
7363,4U-D-Z4.tif,0.008,0.375,0.672,0.127,243,489,55.620,0.099,1.373,0.729,0.863
7364,4U-D-Z4.tif,0.001,0.169,0.630,0.064,828,474,19.983,0.036,2.089,0.479,0.783
7365,4U-D-Z4.tif,0.005,0.308,0.618,0.111,111,489,69.775,0.069,1.629,0.614,0.798
7366,4U-D-Z4.tif,0.020,0.749,0.443,0.232,464,470,126.327,0.185,1.167,0.857,0.765
7367,4U-D-Z4.tif,0.002,0.219,0.478,0.075,275,476,17.103,0.047,1.632,0.613,0.719
7368,4U-D-Z4.tif,0.009,0.438,0.561,0.144,632,491,49.635,0.102,1.446,0.691,0.790
7369,4U-D-Z4.tif,0.006,0.395,0.464,0.131,729,471,123.024,0.092,1.417,0.705,0.686
7370,4U-D-Z4.tif,0.006,0.349,0.589,0.142,746,471,125.538,0.062,2.442,0.410,0.821
7371,4U-D-Z4.tif,0.001,0.187,0.499,0.063,848,477,15.255,0.043,1.509,0.663,0.719
7372,4U-D-Z4.tif,0.003,0.209,0.877,0.078,31,484,50.711,0.057,1.391,0.719,0.886
7373,4U-D-Z4.tif,0.013,0.511,0.633,0.191,522,472,131.496,0.108,1.876,0.533,0.859
7374,4U-D-Z4.tif,0.001,0.130,0.883,0.047,373,473,110.556,0.039,1.108,0.903,0.897
7375,4U-D-Z4.tif,0.002,0.256,0.447,0.091,83,477,165.964,0.055,1.598,0.626,0.688
7376,4U-D-Z4.tif,0.005,0.303,0.706,0.112,782,495,78.690,0.077,1.477,0.677,0.833
7377,4U-D-Z4.tif,0.002,0.191,0.608,0.070,824,475,128.660,0.049,1.572,0.636,0.768
7378,4U-D-Z4.tif,0.003,0.222,0.705,0.086,940,477,153.435,0.054,1.689,0.592,0.847
7379,4U-D-Z4.tif,0.007,0.373,0.674,0.134,178,476,109.179,0.096,1.624,0.616,0.822
7380,4U-D-Z4.tif,0.002,0.214,0.657,0.084,189,480,148.392,0.050,1.919,0.521,0.798
7381,4U-D-Z4.tif,0.009,0.447,0.594,0.176,667,500,48.814,0.091,2.028,0.493,0.838
7382,4U-D-Z4.tif,0.009,0.392,0.740,0.142,331,479,144.462,0.101,1.453,0.688,0.879
7383,4U-D-Z4.tif,0.002,0.204,0.748,0.075,78,482,143.973,0.048,1.588,0.630,0.841
7384,4U-D-Z4.tif,0.007,0.480,0.392,0.162,708,480,144.689,0.087,1.674,0.597,0.672
7385,4U-D-Z4.tif,0.003,0.270,0.568,0.101,357,483,167.471,0.059,1.742,0.574,0.760
7386,4U-D-Z4.tif,0.004,0.314,0.468,0.098,857,497,73.610,0.070,1.294,0.773,0.736
7387,4U-D-Z4.tif,0.004,0.271,0.768,0.101,214,483,150.642,0.066,1.481,0.675,0.897
7388,4U-D-Z4.tif,0.006,0.316,0.784,0.118,1000,500,62.241,0.077,1.438,0.695,0.920
7389,4U-D-Z4.tif,0.002,0.318,0.230,0.078,406,482,135.000,0.059,1.092,0.915,0.557
7390,4U-D-Z4.tif,0.003,0.242,0.651,0.092,933,483,162.646,0.055,1.666,0.600,0.844
7391,4U-D-Z4.tif,0.001,0.123,0.903,0.049,285,483,116.565,0.034,1.485,0.673,0.857
7392,4U-D-Z4.tif,0.005,0.300,0.731,0.118,876,497,37.405,0.075,1.682,0.594,0.848
7393,4U-D-Z4.tif,0.004,0.244,0.878,0.084,130,495,31.608,0.073,1.084,0.922,0.901
7394,4U-D-Z4.tif,0.005,0.292,0.731,0.102,905,485,126.254,0.077,1.194,0.837,0.870
7395,4U-D-Z4.tif,0.014,0.622,0.460,0.183,967,514,57.265,0.127,1.580,0.633,0.795
7396,4U-D-Z4.tif,0.006,0.366,0.604,0.149,309,486,128.991,0.078,2.107,0.475,0.815
7397,4U-D-Z4.tif,0.003,0.217,0.678,0.084,597,499,58.392,0.054,1.658,0.603,0.816
7398,4U-D-Z4.tif,0.005,0.333,0.621,0.117,54,499,8.130,0.088,1.209,0.827,0.810
7399,4U-D-Z4.tif,0.003,0.217,0.791,0.076,262,499,59.744,0.066,1.154,0.866,0.879
7400,4U-D-Z4.tif,0.003,0.253,0.566,0.096,619,489,113.629,0.060,1.722,0.581,0.776
7401,4U-D-Z4.tif,0.003,0.214,0.815,0.079,34,500,33.690,0.058,1.371,0.729,0.879
7402,4U-D-Z4.tif,0.001,0.152,0.778,0.057,437,492,150.945,0.039,1.271,0.787,0.870
7403,4U-D-Z4.tif,0.003,0.239,0.732,0.084,683,490,101.310,0.063,1.384,0.723,0.840
7404,4U-D-Z4.tif,0.004,0.305,0.480,0.122,764,490,125.838,0.055,2.850,0.351,0.701
7405,4U-D-Z4.tif,0.012,0.510,0.590,0.168,806,490,101.310,0.114,1.708,0.585,0.829
7406,4U-D-Z4.tif,0.004,0.268,0.650,0.096,142,508,66.371,0.063,1.717,0.583,0.774
7407,4U-D-Z4.tif,0.011,0.428,0.776,0.148,193,492,116.565,0.116,1.269,0.788,0.901
7408,4U-D-Z4.tif,0.005,0.314,0.700,0.117,564,501,8.130,0.080,1.722,0.581,0.832
7409,4U-D-Z4.tif,0.002,0.286,0.256,0.077,826,497,21.038,0.048,1.518,0.659,0.618
7410,4U-D-Z4.tif,0.001,0.169,0.603,0.059,407,494,158.199,0.048,1.296,0.772,0.703
7411,4U-D-Z4.tif,0.002,0.224,0.548,0.074,424,499,26.565,0.058,1.232,0.812,0.713
7412,4U-D-Z4.tif,0.007,0.356,0.670,0.117,104,508,8.130,0.090,1.306,0.766,0.809
7413,4U-D-Z4.tif,0.001,0.131,0.976,0.051,501,498,167.471,0.039,1.197,0.835,0.863
7414,4U-D-Z4.tif,0.002,0.198,0.726,0.069,788,504,28.610,0.052,1.288,0.776,0.833
7415,4U-D-Z4.tif,0.002,0.175,0.634,0.063,75,498,142.125,0.049,1.491,0.671,0.718
7416,4U-D-Z4.tif,0.017,0.755,0.365,0.211,379,499,128.660,0.137,1.457,0.686,0.774
7417,4U-D-Z4.tif,0.006,0.347,0.620,0.133,698,500,141.710,0.072,1.931,0.518,0.825
7418,4U-D-Z4.tif,0.008,0.388,0.684,0.141,875,512,20.556,0.095,1.566,0.638,0.863
7419,4U-D-Z4.tif,0.003,0.236,0.711,0.089,916,506,21.801,0.061,1.475,0.678,0.822
7420,4U-D-Z4.tif,0.004,0.263,0.779,0.090,219,512,52.431,0.067,1.339,0.747,0.887
7421,4U-D-Z4.tif,0.005,0.358,0.499,0.129,335,499,129.806,0.078,1.815,0.551,0.732
7422,4U-D-Z4.tif,0.005,0.289,0.683,0.106,34,501,111.251,0.065,1.660,0.602,0.857
7423,4U-D-Z4.tif,0.004,0.263,0.762,0.092,87,515,57.265,0.071,1.293,0.774,0.863
7424,4U-D-Z4.tif,0.008,0.392,0.686,0.150,155,505,156.251,0.095,1.588,0.630,0.859
7425,4U-D-Z4.tif,0.006,0.340,0.624,0.115,255,501,106.699,0.090,1.369,0.730,0.798
7426,4U-D-Z4.tif,0.001,0.139,0.830,0.052,528,510,71.565,0.040,1.390,0.720,0.848
7427,4U-D-Z4.tif,0.004,0.266,0.685,0.086,741,502,140.194,0.071,1.132,0.883,0.849
7428,4U-D-Z4.tif,0.008,0.381,0.684,0.115,55,513,16.699,0.105,1.059,0.944,0.883
7429,4U-D-Z4.tif,0.003,0.209,0.782,0.084,432,505,156.801,0.054,1.532,0.653,0.845
7430,4U-D-Z4.tif,0.022,0.872,0.371,0.250,900,503,131.424,0.192,1.141,0.877,0.694
7431,4U-D-Z4.tif,0.002,0.200,0.611,0.075,284,511,17.103,0.041,2.004,0.499,0.800
7432,4U-D-Z4.tif,0.006,0.455,0.365,0.178,493,508,163.811,0.070,2.760,0.362,0.686
7433,4U-D-Z4.tif,0.005,0.325,0.610,0.123,590,508,153.435,0.072,1.935,0.517,0.816
7434,4U-D-Z4.tif,0.003,0.230,0.770,0.090,367,505,137.490,0.059,1.314,0.761,0.895
7435,4U-D-Z4.tif,0.001,0.152,0.745,0.068,461,506,165.964,0.028,2.761,0.362,0.874
7436,4U-D-Z4.tif,0.005,0.261,0.837,0.099,722,514,19.440,0.061,1.679,0.596,0.912
7437,4U-D-Z4.tif,0.012,0.476,0.654,0.177,534,527,25.769,0.097,1.920,0.521,0.843
7438,4U-D-Z4.tif,0.007,0.467,0.411,0.167,925,518,17.241,0.077,2.462,0.406,0.750
7439,4U-D-Z4.tif,0.002,0.194,0.568,0.075,993,516,17.103,0.039,1.756,0.570,0.812
7440,4U-D-Z4.tif,0.002,0.217,0.404,0.084,421,510,113.199,0.041,2.049,0.488,0.671
7441,4U-D-Z4.tif,0.006,0.328,0.743,0.115,667,511,125.218,0.090,1.296,0.772,0.881
7442,4U-D-Z4.tif,0.001,0.165,0.627,0.063,856,514,15.255,0.042,1.649,0.606,0.720
7443,4U-D-Z4.tif,0.002,0.145,0.921,0.057,645,517,16.699,0.039,1.386,0.721,0.887
7444,4U-D-Z4.tif,0.005,0.329,0.628,0.107,122,524,11.889,0.092,1.210,0.827,0.799
7445,4U-D-Z4.tif,0.002,0.156,0.858,0.062,582,514,153.435,0.039,1.391,0.719,0.909
7446,4U-D-Z4.tif,0.007,0.402,0.542,0.128,699,512,115.463,0.088,1.303,0.767,0.855
7447,4U-D-Z4.tif,0.003,0.267,0.582,0.103,822,514,164.476,0.055,1.791,0.558,0.799
7448,4U-D-Z4.tif,0.011,0.562,0.425,0.212,220,518,155.433,0.100,2.566,0.390,0.743
7449,4U-D-Z4.tif,0.003,0.228,0.680,0.089,320,514,119.745,0.055,1.685,0.593,0.838
7450,4U-D-Z4.tif,0.004,0.234,0.813,0.083,780,515,97.595,0.062,1.213,0.824,0.873
7451,4U-D-Z4.tif,0.003,0.213,0.926,0.083,14,529,53.130,0.060,1.406,0.711,0.921
7452,4U-D-Z4.tif,0.002,0.200,0.687,0.084,178,519,156.801,0.042,2.149,0.465,0.814
7453,4U-D-Z4.tif,0.004,0.314,0.448,0.131,653,517,123.024,0.046,3.389,0.295,0.751
7454,4U-D-Z4.tif,0.004,0.262,0.677,0.110,867,517,143.130,0.051,2.421,0.413,0.844
7455,4U-D-Z4.tif,0.002,0.175,0.659,0.072,998,523,32.471,0.043,1.672,0.598,0.797
7456,4U-D-Z4.tif,0.007,0.402,0.535,0.145,464,526,8.746,0.086,2.010,0.497,0.759
7457,4U-D-Z4.tif,0.006,0.328,0.722,0.116,73,524,177.274,0.083,1.288,0.777,0.855
7458,4U-D-Z4.tif,0.004,0.281,0.707,0.096,714,519,149.036,0.074,1.286,0.777,0.835
7459,4U-D-Z4.tif,0.005,0.398,0.401,0.126,971,522,156.801,0.080,1.746,0.573,0.692
7460,4U-D-Z4.tif,0.002,0.181,0.814,0.069,142,521,151.390,0.048,1.489,0.671,0.848
7461,4U-D-Z4.tif,0.003,0.228,0.717,0.082,761,533,70.346,0.064,1.276,0.784,0.803
7462,4U-D-Z4.tif,0.007,0.317,0.818,0.108,38,520,113.962,0.091,1.066,0.938,0.887
7463,4U-D-Z4.tif,0.001,0.123,0.853,0.051,153,525,12.529,0.033,1.472,0.679,0.850
7464,4U-D-Z4.tif,0.005,0.406,0.376,0.120,329,529,15.945,0.076,1.773,0.564,0.701
7465,4U-D-Z4.tif,0.006,0.347,0.677,0.128,356,522,120.964,0.081,1.549,0.645,0.853
7466,4U-D-Z4.tif,0.002,0.165,0.738,0.060,212,530,33.690,0.044,1.531,0.653,0.791
7467,4U-D-Z4.tif,0.002,0.205,0.681,0.082,303,529,19.654,0.044,1.981,0.505,0.824
7468,4U-D-Z4.tif,0.007,0.368,0.615,0.122,423,522,97.765,0.093,1.178,0.849,0.810
7469,4U-D-Z4.tif,0.004,0.378,0.394,0.139,606,532,9.090,0.069,2.076,0.482,0.688
7470,4U-D-Z4.tif,0.004,0.255,0.710,0.098,945,536,51.843,0.066,1.652,0.605,0.846
7471,4U-D-Z4.tif,0.003,0.231,0.743,0.087,283,537,55.305,0.054,1.599,0.626,0.852
7472,4U-D-Z4.tif,0.002,0.200,0.630,0.073,108,530,12.995,0.044,1.722,0.581,0.781
7473,4U-D-Z4.tif,0.007,0.400,0.535,0.130,560,535,12.265,0.086,1.432,0.698,0.773
7474,4U-D-Z4.tif,0.002,0.202,0.609,0.079,791,530,12.095,0.038,2.200,0.455,0.788
7475,4U-D-Z4.tif,0.005,0.308,0.606,0.127,178,532,175.030,0.065,2.149,0.465,0.818
7476,4U-D-Z4.tif,0.008,0.416,0.613,0.143,277,542,15.642,0.105,1.512,0.662,0.780
7477,4U-D-Z4.tif,0.004,0.242,0.823,0.087,499,539,34.695,0.067,1.224,0.817,0.888
7478,4U-D-Z4.tif,0.003,0.277,0.547,0.107,805,529,168.111,0.047,2.474,0.404,0.794
7479,4U-D-Z4.tif,0.013,0.505,0.617,0.178,828,535,172.875,0.110,1.548,0.646,0.849
7480,4U-D-Z4.tif,0.001,0.145,0.686,0.062,59,530,135.000,0.032,2.052,0.487,0.784
7481,4U-D-Z4.tif,0.002,0.226,0.572,0.096,645,531,156.371,0.037,3.075,0.325,0.786
7482,4U-D-Z4.tif,0.004,0.301,0.616,0.118,105,530,117.759,0.059,2.077,0.482,0.828
7483,4U-D-Z4.tif,0.006,0.412,0.439,0.168,632,530,128.367,0.068,2.986,0.335,0.747
7484,4U-D-Z4.tif,0.001,0.152,0.645,0.064,519,531,149.036,0.031,2.330,0.429,0.796
7485,4U-D-Z4.tif,0.004,0.308,0.530,0.124,536,537,167.196,0.061,2.483,0.403,0.710
7486,4U-D-Z4.tif,0.003,0.250,0.639,0.087,732,535,161.565,0.066,1.431,0.699,0.764
7487,4U-D-Z4.tif,0.002,0.147,0.880,0.055,790,532,143.130,0.039,1.433,0.698,0.901
7488,4U-D-Z4.tif,0.011,0.502,0.543,0.179,955,531,146.310,0.103,1.895,0.528,0.776
7489,4U-D-Z4.tif,0.003,0.286,0.415,0.094,990,539,173.290,0.066,1.449,0.690,0.657
7490,4U-D-Z4.tif,0.001,0.145,0.848,0.059,440,533,158.199,0.039,1.563,0.640,0.847
7491,4U-D-Z4.tif,0.003,0.230,0.622,0.084,479,535,168.690,0.050,1.916,0.522,0.789
7492,4U-D-Z4.tif,0.007,0.366,0.684,0.123,150,547,26.565,0.094,1.210,0.827,0.860
7493,4U-D-Z4.tif,0.004,0.281,0.621,0.096,228,535,166.759,0.066,1.563,0.640,0.794
7494,4U-D-Z4.tif,0.002,0.247,0.449,0.089,669,543,29.745,0.050,2.411,0.415,0.679
7495,4U-D-Z4.tif,0.002,0.156,0.920,0.057,699,543,73.301,0.044,1.241,0.806,0.881
7496,4U-D-Z4.tif,0.006,0.399,0.467,0.148,755,552,21.801,0.074,2.472,0.404,0.736
7497,4U-D-Z4.tif,0.005,0.405,0.358,0.160,201,537,133.603,0.071,2.717,0.368,0.582
7498,4U-D-Z4.tif,0.002,0.205,0.544,0.078,246,537,171.870,0.039,1.929,0.518,0.745
7499,4U-D-Z4.tif,0.003,0.242,0.538,0.085,331,541,165.069,0.050,1.442,0.694,0.790
7500,4U-D-Z4.tif,0.002,0.164,0.892,0.063,402,539,164.745,0.044,1.402,0.713,0.881
7501,4U-D-Z4.tif,0.002,0.172,0.697,0.062,473,547,63.435,0.049,1.271,0.786,0.794
7502,4U-D-Z4.tif,0.003,0.195,0.890,0.079,705,538,155.225,0.054,1.431,0.699,0.894
7503,4U-D-Z4.tif,0.009,0.402,0.717,0.144,133,560,57.529,0.093,1.557,0.642,0.884
7504,4U-D-Z4.tif,0.001,0.122,0.923,0.051,753,538,130.601,0.035,1.495,0.669,0.889
7505,4U-D-Z4.tif,0.001,0.159,0.704,0.062,868,542,169.695,0.038,1.943,0.515,0.817
7506,4U-D-Z4.tif,0.001,0.142,0.755,0.057,929,539,150.945,0.035,1.646,0.608,0.808
7507,4U-D-Z4.tif,0.004,0.298,0.625,0.108,50,551,14.744,0.066,1.606,0.623,0.830
7508,4U-D-Z4.tif,0.002,0.222,0.480,0.086,357,541,140.194,0.046,2.004,0.499,0.713
7509,4U-D-Z4.tif,0.006,0.390,0.495,0.153,451,541,127.694,0.074,2.291,0.437,0.766
7510,4U-D-Z4.tif,0.004,0.280,0.685,0.113,608,540,165.964,0.057,1.967,0.508,0.868
7511,4U-D-Z4.tif,0.003,0.248,0.642,0.098,28,542,141.843,0.057,2.043,0.489,0.816
7512,4U-D-Z4.tif,0.007,0.467,0.422,0.166,713,560,34.216,0.072,2.651,0.377,0.765
7513,4U-D-Z4.tif,0.009,0.385,0.773,0.138,74,557,36.870,0.108,1.186,0.844,0.892
7514,4U-D-Z4.tif,0.005,0.325,0.567,0.115,571,549,16.699,0.077,1.287,0.777,0.785
7515,4U-D-Z4.tif,0.002,0.205,0.635,0.079,489,543,146.310,0.046,1.745,0.573,0.809
7516,4U-D-Z4.tif,0.010,0.386,0.829,0.134,787,543,109.179,0.105,1.211,0.826,0.927
7517,4U-D-Z4.tif,0.004,0.270,0.662,0.086,948,547,153.435,0.071,1.200,0.834,0.796
7518,4U-D-Z4.tif,0.020,0.611,0.665,0.224,800,546,142.001,0.137,1.734,0.577,0.889
7519,4U-D-Z4.tif,0.010,0.497,0.514,0.166,177,563,15.422,0.097,1.779,0.562,0.794
7520,4U-D-Z4.tif,0.004,0.270,0.662,0.105,330,552,176.987,0.058,1.989,0.503,0.822
7521,4U-D-Z4.tif,0.010,0.497,0.484,0.155,390,567,22.932,0.120,1.105,0.905,0.739
7522,4U-D-Z4.tif,0.012,0.469,0.707,0.173,529,556,157.521,0.116,1.456,0.687,0.876
7523,4U-D-Z4.tif,0.003,0.225,0.677,0.086,317,551,153.435,0.055,1.661,0.602,0.841
7524,4U-D-Z4.tif,0.002,0.200,0.573,0.075,370,549,126.027,0.047,1.875,0.533,0.745
7525,4U-D-Z4.tif,0.002,0.213,0.640,0.079,416,549,146.310,0.057,1.297,0.771,0.764
7526,4U-D-Z4.tif,0.004,0.273,0.623,0.101,511,567,67.620,0.060,1.885,0.530,0.816
7527,4U-D-Z4.tif,0.007,0.320,0.798,0.129,585,559,9.866,0.075,1.685,0.593,0.900
7528,4U-D-Z4.tif,0.026,0.783,0.528,0.259,881,553,162.719,0.154,1.652,0.605,0.853
7529,4U-D-Z4.tif,0.003,0.269,0.568,0.100,972,553,170.538,0.048,2.149,0.465,0.818
7530,4U-D-Z4.tif,0.006,0.339,0.676,0.134,664,556,170.538,0.074,1.858,0.538,0.836
7531,4U-D-Z4.tif,0.003,0.205,0.817,0.075,17,563,53.973,0.056,1.368,0.731,0.887
7532,4U-D-Z4.tif,0.007,0.439,0.437,0.134,98,562,19.179,0.101,1.318,0.759,0.704
7533,4U-D-Z4.tif,0.003,0.294,0.508,0.120,228,557,164.055,0.052,2.439,0.410,0.772
7534,4U-D-Z4.tif,0.004,0.291,0.620,0.101,268,554,150.642,0.064,1.554,0.644,0.839
7535,4U-D-Z4.tif,0.001,0.175,0.485,0.072,157,554,122.471,0.030,2.830,0.353,0.709
7536,4U-D-Z4.tif,0.003,0.208,0.871,0.081,285,564,28.301,0.055,1.352,0.740,0.912
7537,4U-D-Z4.tif,0.009,0.468,0.494,0.187,851,562,176.634,0.077,2.957,0.338,0.844
7538,4U-D-Z4.tif,0.001,0.133,0.798,0.051,261,558,139.399,0.039,1.156,0.865,0.841
7539,4U-D-Z4.tif,0.025,0.750,0.570,0.239,477,556,113.025,0.170,1.342,0.745,0.843
7540,4U-D-Z4.tif,0.001,0.156,0.561,0.069,925,557,151.390,0.031,2.405,0.416,0.735
7541,4U-D-Z4.tif,0.002,0.247,0.412,0.064,206,557,109.983,0.055,1.091,0.917,0.759
7542,4U-D-Z4.tif,0.004,0.260,0.778,0.090,560,569,37.569,0.077,1.162,0.860,0.852
7543,4U-D-Z4.tif,0.069,1.271,0.534,0.410,609,568,139.899,0.238,1.786,0.560,0.866
7544,4U-D-Z4.tif,0.003,0.242,0.739,0.101,689,557,130.601,0.058,1.876,0.533,0.894
7545,4U-D-Z4.tif,0.002,0.192,0.524,0.073,986,564,12.995,0.043,1.943,0.515,0.713
7546,4U-D-Z4.tif,0.004,0.255,0.821,0.103,958,559,154.799,0.063,1.657,0.604,0.900
7547,4U-D-Z4.tif,0.006,0.352,0.606,0.132,356,561,163.072,0.071,1.790,0.559,0.831
7548,4U-D-Z4.tif,0.002,0.181,0.709,0.064,430,567,19.983,0.049,1.349,0.741,0.803
7549,4U-D-Z4.tif,0.005,0.285,0.757,0.113,318,560,150.945,0.072,1.455,0.687,0.875
7550,4U-D-Z4.tif,0.002,0.154,0.799,0.052,747,561,108.435,0.044,1.258,0.795,0.820
7551,4U-D-Z4.tif,0.005,0.268,0.803,0.103,832,573,25.201,0.069,1.483,0.674,0.871
7552,4U-D-Z4.tif,0.003,0.258,0.526,0.105,53,563,132.879,0.053,2.184,0.458,0.783
7553,4U-D-Z4.tif,0.006,0.328,0.665,0.134,69,567,160.821,0.066,2.230,0.449,0.872
7554,4U-D-Z4.tif,0.002,0.194,0.720,0.082,229,571,19.654,0.043,1.923,0.520,0.835
7555,4U-D-Z4.tif,0.009,0.488,0.458,0.153,343,589,64.359,0.096,1.548,0.646,0.780
7556,4U-D-Z4.tif,0.004,0.255,0.757,0.092,727,565,162.646,0.066,1.389,0.720,0.849
7557,4U-D-Z4.tif,0.003,0.217,0.783,0.082,272,565,137.726,0.060,1.384,0.722,0.829
7558,4U-D-Z4.tif,0.003,0.270,0.547,0.087,448,566,124.695,0.068,1.313,0.762,0.758
7559,4U-D-Z4.tif,0.008,0.453,0.499,0.140,762,566,101.310,0.096,1.367,0.731,0.815
7560,4U-D-Z4.tif,0.007,0.379,0.617,0.133,783,569,131.634,0.096,1.206,0.829,0.829
7561,4U-D-Z4.tif,0.004,0.281,0.587,0.084,32,568,121.608,0.066,1.211,0.826,0.841
7562,4U-D-Z4.tif,0.002,0.219,0.571,0.083,165,568,143.130,0.046,1.782,0.561,0.783
7563,4U-D-Z4.tif,0.005,0.368,0.435,0.117,927,568,109.290,0.086,1.369,0.730,0.713
7564,4U-D-Z4.tif,0.003,0.211,0.836,0.081,178,578,28.301,0.055,1.448,0.690,0.887
7565,4U-D-Z4.tif,0.002,0.153,0.846,0.060,43,578,33.690,0.046,1.218,0.821,0.839
7566,4U-D-Z4.tif,0.002,0.233,0.506,0.082,96,571,132.274,0.053,1.427,0.701,0.709
7567,4U-D-Z4.tif,0.011,0.495,0.543,0.164,410,592,47.726,0.117,1.452,0.689,0.780
7568,4U-D-Z4.tif,0.007,0.331,0.760,0.111,524,571,122.905,0.092,1.200,0.833,0.878
7569,4U-D-Z4.tif,0.009,0.523,0.408,0.180,800,582,12.339,0.093,2.027,0.493,0.709
7570,4U-D-Z4.tif,0.009,0.413,0.677,0.151,851,581,10.491,0.093,1.649,0.607,0.846
7571,4U-D-Z4.tif,0.004,0.233,0.836,0.083,543,571,126.870,0.066,1.094,0.914,0.905
7572,4U-D-Z4.tif,0.006,0.336,0.638,0.117,129,588,48.814,0.081,1.289,0.776,0.827
7573,4U-D-Z4.tif,0.001,0.161,0.545,0.059,293,572,158.199,0.037,1.505,0.665,0.740
7574,4U-D-Z4.tif,0.001,0.148,0.743,0.062,561,574,169.695,0.033,2.049,0.488,0.835
7575,4U-D-Z4.tif,0.007,0.397,0.521,0.140,679,583,25.560,0.096,1.245,0.803,0.761
7576,4U-D-Z4.tif,0.001,0.147,0.691,0.054,721,581,66.038,0.039,1.425,0.702,0.765
7577,4U-D-Z4.tif,0.002,0.172,0.748,0.066,144,573,138.366,0.044,1.593,0.628,0.872
7578,4U-D-Z4.tif,0.008,0.403,0.625,0.140,213,575,135.000,0.092,1.530,0.654,0.838
7579,4U-D-Z4.tif,0.004,0.253,0.711,0.087,600,573,124.695,0.066,1.213,0.825,0.854
7580,4U-D-Z4.tif,0.003,0.226,0.617,0.083,843,573,93.814,0.050,1.722,0.581,0.798
7581,4U-D-Z4.tif,0.001,0.150,0.730,0.064,253,576,160.017,0.033,2.028,0.493,0.811
7582,4U-D-Z4.tif,0.005,0.334,0.553,0.113,283,592,60.945,0.083,1.224,0.817,0.800
7583,4U-D-Z4.tif,0.003,0.239,0.606,0.094,575,587,40.236,0.053,1.994,0.501,0.778
7584,4U-D-Z4.tif,0.004,0.255,0.680,0.103,236,579,164.476,0.060,1.922,0.520,0.823
7585,4U-D-Z4.tif,0.001,0.217,0.379,0.062,396,576,116.565,0.053,1.082,0.924,0.623
7586,4U-D-Z4.tif,0.005,0.292,0.671,0.104,372,580,161.565,0.066,1.660,0.602,0.806
7587,4U-D-Z4.tif,0.001,0.125,0.876,0.054,702,577,156.038,0.028,1.959,0.510,0.889
7588,4U-D-Z4.tif,0.014,0.556,0.553,0.197,947,609,59.859,0.115,2.022,0.495,0.828
7589,4U-D-Z4.tif,0.005,0.333,0.600,0.126,967,584,15.255,0.071,1.753,0.570,0.841
7590,4U-D-Z4.tif,0.009,0.474,0.490,0.158,996,596,24.775,0.100,1.448,0.691,0.747
7591,4U-D-Z4.tif,0.001,0.142,0.850,0.057,170,579,163.301,0.039,1.542,0.649,0.857
7592,4U-D-Z4.tif,0.007,0.362,0.696,0.126,553,586,156.801,0.097,1.154,0.866,0.816
7593,4U-D-Z4.tif,0.001,0.169,0.469,0.062,431,580,153.435,0.038,1.977,0.506,0.673
7594,4U-D-Z4.tif,0.002,0.175,0.721,0.066,878,580,131.634,0.047,1.462,0.684,0.829
7595,4U-D-Z4.tif,0.011,0.530,0.481,0.175,722,582,151.821,0.094,1.796,0.557,0.805
7596,4U-D-Z4.tif,0.004,0.295,0.569,0.117,321,581,138.814,0.065,1.769,0.565,0.795
7597,4U-D-Z4.tif,0.003,0.225,0.632,0.087,886,582,161.565,0.049,2.038,0.491,0.812
7598,4U-D-Z4.tif,0.008,0.430,0.561,0.178,68,584,150.255,0.070,2.703,0.370,0.862
7599,4U-D-Z4.tif,0.003,0.258,0.641,0.104,457,593,18.435,0.050,2.461,0.406,0.836
7600,4U-D-Z4.tif,0.008,0.420,0.541,0.120,911,592,164.055,0.108,1.087,0.920,0.793
7601,4U-D-Z4.tif,0.001,0.139,0.949,0.054,237,587,156.038,0.041,1.325,0.755,0.865
7602,4U-D-Z4.tif,0.005,0.383,0.471,0.123,356,598,169.695,0.094,1.097,0.912,0.697
7603,4U-D-Z4.tif,0.012,0.562,0.465,0.168,597,585,121.608,0.131,1.308,0.764,0.752
7604,4U-D-Z4.tif,0.003,0.272,0.485,0.094,829,586,159.444,0.061,1.627,0.614,0.712
7605,4U-D-Z4.tif,0.006,0.348,0.660,0.132,21,599,16.928,0.081,1.762,0.568,0.824
7606,4U-D-Z4.tif,0.002,0.211,0.592,0.072,49,591,175.601,0.057,1.344,0.744,0.723
7607,4U-D-Z4.tif,0.005,0.337,0.549,0.134,148,586,109.179,0.059,2.479,0.403,0.828
7608,4U-D-Z4.tif,0.005,0.285,0.785,0.103,3,595,15.524,0.072,1.398,0.715,0.893
7609,4U-D-Z4.tif,0.002,0.189,0.659,0.079,168,591,167.905,0.036,2.413,0.414,0.844
7610,4U-D-Z4.tif,0.003,0.296,0.488,0.126,255,589,142.125,0.053,2.788,0.359,0.709
7611,4U-D-Z4.tif,0.001,0.148,0.605,0.056,898,591,168.690,0.028,2.034,0.492,0.805
7612,4U-D-Z4.tif,0.005,0.371,0.418,0.117,183,599,8.130,0.074,1.688,0.593,0.711
7613,4U-D-Z4.tif,0.002,0.198,0.532,0.077,424,593,158.962,0.042,2.355,0.425,0.692
7614,4U-D-Z4.tif,0.003,0.234,0.702,0.086,481,591,116.565,0.058,1.461,0.685,0.867
7615,4U-D-Z4.tif,0.009,0.406,0.656,0.144,308,594,130.365,0.097,1.446,0.692,0.846
7616,4U-D-Z4.tif,0.005,0.334,0.546,0.101,514,592,102.529,0.091,1.079,0.926,0.760
7617,4U-D-Z4.tif,0.003,0.236,0.574,0.094,764,597,173.290,0.053,1.577,0.634,0.747
7618,4U-D-Z4.tif,0.008,0.384,0.657,0.121,801,610,50.528,0.099,1.187,0.843,0.839
7619,4U-D-Z4.tif,0.001,0.148,0.777,0.057,290,602,60.945,0.043,1.420,0.704,0.826
7620,4U-D-Z4.tif,0.003,0.214,0.765,0.075,97,596,143.973,0.054,1.457,0.686,0.868
7621,4U-D-Z4.tif,0.005,0.278,0.778,0.100,132,594,99.462,0.069,1.448,0.691,0.871
7622,4U-D-Z4.tif,0.002,0.177,0.778,0.075,538,600,17.103,0.033,1.930,0.518,0.928
7623,4U-D-Z4.tif,0.002,0.173,0.737,0.070,404,597,161.565,0.047,1.549,0.646,0.789
7624,4U-D-Z4.tif,0.003,0.246,0.587,0.107,862,597,168.111,0.043,2.772,0.361,0.812
7625,4U-D-Z4.tif,0.002,0.185,0.719,0.073,249,600,167.005,0.042,1.857,0.539,0.812
7626,4U-D-Z4.tif,0.005,0.279,0.736,0.094,386,612,61.928,0.080,1.220,0.820,0.830
7627,4U-D-Z4.tif,0.015,0.689,0.409,0.220,715,597,126.870,0.147,1.591,0.628,0.720
7628,4U-D-Z4.tif,0.011,0.519,0.527,0.194,48,608,173.480,0.094,2.042,0.490,0.840
7629,4U-D-Z4.tif,0.003,0.241,0.717,0.078,616,610,45.000,0.066,1.075,0.930,0.838
7630,4U-D-Z4.tif,0.006,0.412,0.466,0.149,163,600,128.991,0.067,2.430,0.412,0.783
7631,4U-D-Z4.tif,0.003,0.234,0.709,0.077,427,599,111.038,0.063,1.144,0.874,0.813
7632,4U-D-Z4.tif,0.010,0.428,0.659,0.143,458,601,112.620,0.107,1.444,0.693,0.820
7633,4U-D-Z4.tif,0.016,0.526,0.723,0.182,675,600,95.194,0.144,1.276,0.783,0.863
7634,4U-D-Z4.tif,0.005,0.294,0.662,0.116,900,601,121.430,0.065,2.098,0.477,0.855
7635,4U-D-Z4.tif,0.011,0.537,0.490,0.174,542,601,100.954,0.117,1.490,0.671,0.760
7636,4U-D-Z4.tif,0.001,0.214,0.349,0.090,568,606,10.620,0.029,3.239,0.309,0.646
7637,4U-D-Z4.tif,0.002,0.214,0.532,0.081,693,602,151.699,0.050,1.940,0.515,0.707
7638,4U-D-Z4.tif,0.004,0.298,0.556,0.099,213,607,146.310,0.077,1.134,0.882,0.751
7639,4U-D-Z4.tif,0.009,0.511,0.449,0.188,295,604,121.827,0.088,2.356,0.425,0.803
7640,4U-D-Z4.tif,0.004,0.263,0.740,0.095,890,604,100.008,0.066,1.552,0.644,0.848
7641,4U-D-Z4.tif,0.008,0.467,0.467,0.165,959,617,25.710,0.088,1.737,0.576,0.754
7642,4U-D-Z4.tif,0.003,0.236,0.691,0.096,817,615,30.964,0.053,1.913,0.523,0.856
7643,4U-D-Z4.tif,0.010,0.417,0.697,0.160,120,608,139.185,0.087,1.986,0.503,0.858
7644,4U-D-Z4.tif,0.012,0.520,0.575,0.169,238,606,109.026,0.127,1.375,0.727,0.860
7645,4U-D-Z4.tif,0.009,0.412,0.629,0.161,356,606,128.047,0.088,1.768,0.565,0.820
7646,4U-D-Z4.tif,0.003,0.214,0.740,0.073,520,619,77.005,0.057,1.378,0.726,0.813
7647,4U-D-Z4.tif,0.002,0.183,0.740,0.066,99,616,48.366,0.048,1.291,0.775,0.844
7648,4U-D-Z4.tif,0.002,0.169,0.670,0.062,193,609,153.435,0.042,1.556,0.643,0.813
7649,4U-D-Z4.tif,0.005,0.298,0.723,0.103,498,616,15.524,0.085,1.201,0.832,0.820
7650,4U-D-Z4.tif,0.004,0.289,0.588,0.111,561,615,5.711,0.055,2.212,0.452,0.806
7651,4U-D-Z4.tif,0.003,0.224,0.678,0.084,929,609,148.392,0.050,1.804,0.554,0.840
7652,4U-D-Z4.tif,0.005,0.308,0.671,0.105,271,625,42.879,0.073,1.602,0.624,0.817
7653,4U-D-Z4.tif,0.002,0.233,0.422,0.095,328,620,35.538,0.041,2.323,0.431,0.678
7654,4U-D-Z4.tif,0.003,0.239,0.732,0.087,736,612,161.565,0.059,1.404,0.712,0.846
7655,4U-D-Z4.tif,0.005,0.358,0.491,0.121,857,612,136.848,0.071,1.730,0.578,0.795
7656,4U-D-Z4.tif,0.002,0.169,0.932,0.066,446,620,41.634,0.050,1.236,0.809,0.940
7657,4U-D-Z4.tif,0.004,0.320,0.546,0.118,771,614,142.595,0.073,2.035,0.491,0.730
7658,4U-D-Z4.tif,0.009,0.422,0.616,0.143,832,612,105.642,0.096,1.675,0.597,0.826
7659,4U-D-Z4.tif,0.002,0.159,0.883,0.063,31,614,127.875,0.044,1.388,0.720,0.887
7660,4U-D-Z4.tif,0.005,0.438,0.327,0.168,791,613,128.367,0.055,3.553,0.281,0.685
7661,4U-D-Z4.tif,0.003,0.286,0.484,0.091,913,613,115.017,0.055,1.664,0.601,0.803
7662,4U-D-Z4.tif,0.005,0.331,0.624,0.107,146,615,124.509,0.084,1.137,0.879,0.813
7663,4U-D-Z4.tif,0.005,0.359,0.525,0.118,404,629,37.405,0.094,1.179,0.848,0.756
7664,4U-D-Z4.tif,0.004,0.255,0.786,0.092,594,619,147.265,0.072,1.247,0.802,0.859
7665,4U-D-Z4.tif,0.005,0.283,0.715,0.106,47,637,81.027,0.065,1.783,0.561,0.850
7666,4U-D-Z4.tif,0.002,0.191,0.755,0.070,570,630,71.565,0.050,1.451,0.689,0.842
7667,4U-D-Z4.tif,0.005,0.336,0.550,0.121,577,638,65.772,0.071,1.783,0.561,0.813
7668,4U-D-Z4.tif,0.002,0.203,0.647,0.081,898,619,151.699,0.043,2.066,0.484,0.778
7669,4U-D-Z4.tif,0.003,0.252,0.674,0.091,941,619,154.983,0.059,1.587,0.630,0.830
7670,4U-D-Z4.tif,0.005,0.372,0.454,0.116,220,619,121.430,0.066,1.805,0.554,0.835
7671,4U-D-Z4.tif,0.002,0.194,0.821,0.078,520,620,129.289,0.051,1.493,0.670,0.890
7672,4U-D-Z4.tif,0.004,0.277,0.606,0.104,975,623,161.565,0.053,2.166,0.462,0.824
7673,4U-D-Z4.tif,0.008,0.392,0.641,0.126,190,633,28.811,0.099,1.203,0.831,0.845
7674,4U-D-Z4.tif,0.004,0.258,0.686,0.087,494,620,124.695,0.071,1.209,0.827,0.830
7675,4U-D-Z4.tif,0.004,0.230,0.885,0.083,630,631,36.870,0.066,1.101,0.908,0.939
7676,4U-D-Z4.tif,0.006,0.342,0.669,0.129,344,621,99.866,0.077,1.601,0.625,0.866
7677,4U-D-Z4.tif,0.003,0.198,0.842,0.078,422,621,129.289,0.054,1.521,0.657,0.874
7678,4U-D-Z4.tif,0.004,0.298,0.518,0.111,556,621,122.905,0.053,2.006,0.499,0.837
7679,4U-D-Z4.tif,0.001,0.126,1.000,0.047,285,624,159.444,0.039,1.162,0.861,0.903
7680,4U-D-Z4.tif,0.003,0.215,0.813,0.082,447,626,160.346,0.054,1.551,0.645,0.843
7681,4U-D-Z4.tif,0.003,0.219,0.805,0.077,1001,624,158.962,0.062,1.188,0.841,0.860
7682,4U-D-Z4.tif,0.002,0.164,0.722,0.072,391,624,157.380,0.036,2.130,0.470,0.823
7683,4U-D-Z4.tif,0.003,0.255,0.669,0.092,643,624,147.265,0.056,1.636,0.611,0.870
7684,4U-D-Z4.tif,0.009,0.436,0.594,0.139,8,645,56.310,0.106,1.227,0.815,0.801
7685,4U-D-Z4.tif,0.002,0.144,0.956,0.055,503,624,143.130,0.044,1.036,0.965,0.920
7686,4U-D-Z4.tif,0.014,0.674,0.384,0.211,53,655,51.340,0.119,2.065,0.484,0.754
7687,4U-D-Z4.tif,0.005,0.322,0.622,0.119,326,647,76.608,0.072,1.721,0.581,0.809
7688,4U-D-Z4.tif,0.002,0.167,0.858,0.063,471,636,52.125,0.049,1.310,0.764,0.851
7689,4U-D-Z4.tif,0.006,0.340,0.634,0.140,531,627,138.180,0.063,2.219,0.451,0.854
7690,4U-D-Z4.tif,0.001,0.152,0.563,0.067,964,628,170.538,0.022,3.222,0.310,0.791
7691,4U-D-Z4.tif,0.003,0.236,0.786,0.094,708,635,6.710,0.055,1.652,0.605,0.881
7692,4U-D-Z4.tif,0.002,0.242,0.521,0.091,771,628,104.036,0.050,2.083,0.480,0.748
7693,4U-D-Z4.tif,0.009,0.409,0.644,0.140,854,628,101.310,0.094,1.623,0.616,0.863
7694,4U-D-Z4.tif,0.003,0.252,0.560,0.087,927,634,145.305,0.068,1.199,0.834,0.735
7695,4U-D-Z4.tif,0.004,0.305,0.521,0.121,741,632,149.931,0.056,2.617,0.382,0.760
7696,4U-D-Z4.tif,0.008,0.416,0.608,0.139,106,633,146.310,0.101,1.472,0.679,0.857
7697,4U-D-Z4.tif,0.003,0.237,0.642,0.094,592,634,151.928,0.049,2.001,0.500,0.782
7698,4U-D-Z4.tif,0.002,0.175,0.771,0.076,943,632,149.744,0.039,2.141,0.467,0.861
7699,4U-D-Z4.tif,0.004,0.307,0.547,0.124,355,634,147.724,0.057,2.362,0.423,0.783
7700,4U-D-Z4.tif,0.002,0.228,0.461,0.094,658,642,28.072,0.038,3.024,0.331,0.759
7701,4U-D-Z4.tif,0.006,0.327,0.667,0.106,686,651,68.749,0.090,1.104,0.906,0.806
7702,4U-D-Z4.tif,0.002,0.237,0.358,0.072,263,634,98.746,0.053,1.415,0.707,0.592
7703,4U-D-Z4.tif,0.006,0.322,0.699,0.108,291,634,113.962,0.087,1.290,0.775,0.846
7704,4U-D-Z4.tif,0.005,0.422,0.348,0.148,435,634,158.199,0.069,2.064,0.485,0.659
7705,4U-D-Z4.tif,0.018,0.622,0.570,0.221,626,649,4.289,0.127,1.754,0.570,0.850
7706,4U-D-Z4.tif,0.007,0.412,0.515,0.126,138,651,23.199,0.098,1.232,0.812,0.760
7707,4U-D-Z4.tif,0.003,0.241,0.619,0.089,383,646,29.745,0.056,1.581,0.633,0.752
7708,4U-D-Z4.tif,0.010,0.548,0.415,0.181,822,638,142.431,0.101,1.827,0.547,0.740
7709,4U-D-Z4.tif,0.005,0.287,0.748,0.095,30,654,79.992,0.085,1.131,0.884,0.839
7710,4U-D-Z4.tif,0.006,0.394,0.501,0.117,882,637,109.290,0.093,1.245,0.803,0.750
7711,4U-D-Z4.tif,0.008,0.384,0.698,0.143,974,637,117.553,0.094,1.615,0.619,0.876
7712,4U-D-Z4.tif,0.002,0.198,0.667,0.076,513,640,149.744,0.049,1.663,0.601,0.793
7713,4U-D-Z4.tif,0.003,0.244,0.615,0.090,892,638,127.569,0.062,1.677,0.596,0.738
7714,4U-D-Z4.tif,0.002,0.214,0.640,0.084,582,642,168.690,0.045,2.145,0.466,0.766
7715,4U-D-Z4.tif,0.001,0.134,0.930,0.052,926,639,108.435,0.039,1.336,0.749,0.871
7716,4U-D-Z4.tif,0.003,0.231,0.822,0.084,410,645,168.690,0.065,1.143,0.875,0.871
7717,4U-D-Z4.tif,0.012,0.542,0.517,0.176,468,650,165.530,0.121,1.297,0.771,0.803
7718,4U-D-Z4.tif,0.002,0.187,0.683,0.073,162,647,12.995,0.044,1.660,0.602,0.792
7719,4U-D-Z4.tif,0.006,0.342,0.611,0.126,663,653,28.811,0.075,1.654,0.605,0.834
7720,4U-D-Z4.tif,0.005,0.283,0.812,0.107,722,644,145.491,0.076,1.376,0.727,0.900
7721,4U-D-Z4.tif,0.005,0.277,0.745,0.107,907,653,34.509,0.065,1.706,0.586,0.865
7722,4U-D-Z4.tif,0.001,0.131,0.777,0.047,953,646,20.556,0.037,1.287,0.777,0.795
7723,4U-D-Z4.tif,0.002,0.183,0.672,0.070,395,642,128.660,0.049,1.622,0.617,0.808
7724,4U-D-Z4.tif,0.005,0.400,0.359,0.106,611,659,62.103,0.090,1.055,0.948,0.693
7725,4U-D-Z4.tif,0.002,0.165,0.752,0.060,598,644,123.690,0.045,1.363,0.734,0.812
7726,4U-D-Z4.tif,0.003,0.267,0.587,0.100,749,651,9.462,0.061,2.197,0.455,0.761
7727,4U-D-Z4.tif,0.013,0.644,0.390,0.192,778,671,50.826,0.118,1.923,0.520,0.760
7728,4U-D-Z4.tif,0.004,0.255,0.768,0.086,196,649,153.435,0.074,1.030,0.971,0.845
7729,4U-D-Z4.tif,0.006,0.381,0.558,0.121,211,648,155.772,0.094,1.325,0.755,0.822
7730,4U-D-Z4.tif,0.002,0.200,0.783,0.070,406,647,108.435,0.058,1.223,0.818,0.828
7731,4U-D-Z4.tif,0.004,0.316,0.500,0.136,558,648,158.629,0.050,3.343,0.299,0.780
7732,4U-D-Z4.tif,0.004,0.270,0.649,0.089,710,647,111.801,0.072,1.289,0.776,0.808
7733,4U-D-Z4.tif,0.002,0.165,0.794,0.069,168,654,28.610,0.043,1.748,0.572,0.857
7734,4U-D-Z4.tif,0.006,0.344,0.593,0.113,507,667,67.166,0.080,1.461,0.685,0.795
7735,4U-D-Z4.tif,0.002,0.172,0.929,0.068,17,652,165.964,0.044,1.416,0.706,0.917
7736,4U-D-Z4.tif,0.002,0.194,0.821,0.070,34,654,161.565,0.055,1.251,0.800,0.866
7737,4U-D-Z4.tif,0.005,0.322,0.644,0.126,290,658,15.255,0.074,1.723,0.580,0.841
7738,4U-D-Z4.tif,0.003,0.231,0.739,0.084,342,658,23.199,0.066,1.118,0.895,0.816
7739,4U-D-Z4.tif,0.003,0.261,0.633,0.101,994,654,157.620,0.059,1.818,0.550,0.782
7740,4U-D-Z4.tif,0.004,0.314,0.553,0.136,69,668,43.363,0.052,2.667,0.375,0.822
7741,4U-D-Z4.tif,0.007,0.340,0.743,0.121,269,670,59.931,0.084,1.459,0.685,0.861
7742,4U-D-Z4.tif,0.001,0.165,0.515,0.057,746,651,119.055,0.042,1.383,0.723,0.679
7743,4U-D-Z4.tif,0.008,0.386,0.637,0.130,933,651,117.646,0.098,1.403,0.713,0.815
7744,4U-D-Z4.tif,0.012,0.486,0.641,0.144,366,670,32.471,0.132,1.019,0.981,0.854
7745,4U-D-Z4.tif,0.002,0.153,0.878,0.055,684,659,36.870,0.047,1.229,0.814,0.857
7746,4U-D-Z4.tif,0.005,0.335,0.616,0.117,228,665,19.290,0.077,1.555,0.643,0.830
7747,4U-D-Z4.tif,0.004,0.264,0.678,0.087,311,655,145.305,0.069,1.309,0.764,0.816
7748,4U-D-Z4.tif,0.008,0.484,0.438,0.183,528,653,133.781,0.082,2.149,0.465,0.759
7749,4U-D-Z4.tif,0.002,0.222,0.550,0.080,97,654,105.945,0.044,1.681,0.595,0.776
7750,4U-D-Z4.tif,0.011,0.522,0.502,0.193,425,671,19.983,0.103,2.004,0.499,0.816
7751,4U-D-Z4.tif,0.005,0.350,0.517,0.127,557,655,124.380,0.070,1.910,0.524,0.760
7752,4U-D-Z4.tif,0.003,0.258,0.532,0.099,804,654,160.560,0.055,1.942,0.515,0.738
7753,4U-D-Z4.tif,0.004,0.331,0.448,0.095,861,670,54.462,0.081,1.209,0.827,0.707
7754,4U-D-Z4.tif,0.003,0.272,0.547,0.096,702,659,149.036,0.062,1.607,0.622,0.768
7755,4U-D-Z4.tif,0.003,0.320,0.423,0.116,331,658,121.430,0.063,2.058,0.486,0.693
7756,4U-D-Z4.tif,0.002,0.192,0.785,0.068,753,663,14.036,0.054,1.288,0.777,0.826
7757,4U-D-Z4.tif,0.007,0.364,0.645,0.124,144,664,167.196,0.088,1.307,0.765,0.840
7758,4U-D-Z4.tif,0.007,0.368,0.620,0.144,197,686,83.418,0.076,1.958,0.511,0.845
7759,4U-D-Z4.tif,0.009,0.443,0.550,0.157,78,671,169.875,0.094,1.890,0.529,0.828
7760,4U-D-Z4.tif,0.003,0.213,0.766,0.083,415,661,172.405,0.050,1.608,0.622,0.897
7761,4U-D-Z4.tif,0.003,0.219,0.710,0.079,581,665,167.905,0.058,1.329,0.752,0.840
7762,4U-D-Z4.tif,0.008,0.420,0.569,0.133,17,663,97.125,0.110,1.420,0.704,0.799
7763,4U-D-Z4.tif,0.002,0.222,0.496,0.074,115,675,63.435,0.051,1.514,0.660,0.715
7764,4U-D-Z4.tif,0.002,0.227,0.437,0.094,170,680,83.290,0.036,2.976,0.336,0.711
7765,4U-D-Z4.tif,0.006,0.367,0.537,0.134,180,686,70.821,0.072,2.109,0.474,0.826
7766,4U-D-Z4.tif,0.006,0.386,0.512,0.133,479,672,4.764,0.087,1.473,0.679,0.768
7767,4U-D-Z4.tif,0.002,0.209,0.669,0.089,654,667,7.125,0.044,2.090,0.479,0.819
7768,4U-D-Z4.tif,0.004,0.342,0.435,0.124,716,673,20.854,0.069,2.212,0.452,0.677
7769,4U-D-Z4.tif,0.001,0.183,0.433,0.078,950,666,8.130,0.028,3.032,0.330,0.710
7770,4U-D-Z4.tif,0.003,0.255,0.540,0.099,241,667,160.560,0.050,1.715,0.583,0.776
7771,4U-D-Z4.tif,0.002,0.215,0.649,0.079,54,665,102.095,0.055,1.411,0.709,0.802
7772,4U-D-Z4.tif,0.004,0.247,0.743,0.104,895,676,32.005,0.055,2.168,0.461,0.850
7773,4U-D-Z4.tif,0.008,0.448,0.491,0.144,509,687,49.635,0.093,1.391,0.719,0.801
7774,4U-D-Z4.tif,0.008,0.405,0.650,0.150,626,671,162.897,0.079,1.843,0.542,0.874
7775,4U-D-Z4.tif,0.003,0.206,0.806,0.089,984,669,158.199,0.049,2.025,0.494,0.887
7776,4U-D-Z4.tif,0.005,0.279,0.790,0.101,218,672,150.642,0.078,1.338,0.747,0.873
7777,4U-D-Z4.tif,0.003,0.212,0.838,0.080,455,678,15.945,0.058,1.198,0.835,0.861
7778,4U-D-Z4.tif,0.002,0.176,0.649,0.063,594,675,15.255,0.044,1.497,0.668,0.803
7779,4U-D-Z4.tif,0.010,0.565,0.394,0.150,676,672,162.897,0.118,1.065,0.939,0.779
7780,4U-D-Z4.tif,0.008,0.423,0.576,0.145,821,679,8.746,0.104,1.442,0.694,0.794
7781,4U-D-Z4.tif,0.005,0.366,0.484,0.135,392,692,63.435,0.071,2.050,0.488,0.719
7782,4U-D-Z4.tif,0.004,0.269,0.721,0.094,32,682,40.236,0.072,1.149,0.870,0.867
7783,4U-D-Z4.tif,0.002,0.180,0.685,0.064,730,673,160.017,0.042,1.664,0.601,0.800
7784,4U-D-Z4.tif,0.003,0.213,0.817,0.086,299,674,153.435,0.052,1.868,0.535,0.874
7785,4U-D-Z4.tif,0.002,0.167,0.885,0.067,314,675,145.008,0.048,1.489,0.672,0.903
7786,4U-D-Z4.tif,0.007,0.343,0.755,0.121,344,689,43.152,0.094,1.196,0.836,0.883
7787,4U-D-Z4.tif,0.001,0.125,0.851,0.049,1005,678,26.565,0.028,1.493,0.670,0.921
7788,4U-D-Z4.tif,0.004,0.327,0.517,0.115,247,691,54.782,0.077,1.791,0.558,0.721
7789,4U-D-Z4.tif,0.007,0.402,0.519,0.130,802,694,53.616,0.107,1.314,0.761,0.732
7790,4U-D-Z4.tif,0.001,0.256,0.284,0.080,410,679,164.055,0.044,1.687,0.593,0.598
7791,4U-D-Z4.tif,0.009,0.486,0.498,0.183,267,700,43.781,0.095,1.915,0.522,0.830
7792,4U-D-Z4.tif,0.013,0.647,0.377,0.179,753,701,42.510,0.134,1.301,0.769,0.761
7793,4U-D-Z4.tif,0.004,0.305,0.527,0.129,852,677,160.017,0.048,3.068,0.326,0.794
7794,4U-D-Z4.tif,0.008,0.425,0.568,0.157,780,678,126.469,0.084,1.896,0.527,0.828
7795,4U-D-Z4.tif,0.010,0.508,0.507,0.171,903,695,20.772,0.091,2.187,0.457,0.789
7796,4U-D-Z4.tif,0.005,0.284,0.708,0.100,134,682,170.538,0.077,1.356,0.737,0.836
7797,4U-D-Z4.tif,0.002,0.198,0.784,0.083,533,681,172.405,0.044,1.890,0.529,0.880
7798,4U-D-Z4.tif,0.003,0.258,0.612,0.090,656,690,37.569,0.066,1.490,0.671,0.781
7799,4U-D-Z4.tif,0.002,0.209,0.617,0.079,885,688,33.690,0.052,1.665,0.601,0.740
7800,4U-D-Z4.tif,0.004,0.361,0.388,0.107,933,688,11.889,0.081,1.585,0.631,0.617
7801,4U-D-Z4.tif,0.003,0.197,0.828,0.075,1002,682,162.897,0.054,1.397,0.716,0.812
7802,4U-D-Z4.tif,0.005,0.333,0.589,0.124,81,680,102.804,0.066,1.836,0.545,0.814
7803,4U-D-Z4.tif,0.007,0.353,0.716,0.121,472,682,120.069,0.087,1.445,0.692,0.839
7804,4U-D-Z4.tif,0.011,0.622,0.354,0.226,364,684,145.923,0.103,2.145,0.466,0.648
7805,4U-D-Z4.tif,0.006,0.333,0.723,0.124,498,703,69.146,0.078,1.583,0.632,0.875
7806,4U-D-Z4.tif,0.002,0.175,0.721,0.067,73,683,114.444,0.044,1.319,0.758,0.811
7807,4U-D-Z4.tif,0.002,0.187,0.683,0.072,955,692,32.471,0.044,1.729,0.578,0.803
7808,4U-D-Z4.tif,0.002,0.211,0.677,0.080,95,685,164.055,0.055,1.450,0.689,0.798
7809,4U-D-Z4.tif,0.006,0.409,0.455,0.145,298,690,171.254,0.088,1.975,0.506,0.690
7810,4U-D-Z4.tif,0.002,0.215,0.559,0.079,400,695,33.690,0.046,1.852,0.540,0.756
7811,4U-D-Z4.tif,0.011,0.499,0.550,0.171,426,689,159.228,0.099,1.803,0.555,0.829
7812,4U-D-Z4.tif,0.001,0.133,0.798,0.052,588,693,57.995,0.039,1.393,0.718,0.860
7813,4U-D-Z4.tif,0.002,0.194,0.740,0.080,704,685,164.055,0.044,2.030,0.493,0.834
7814,4U-D-Z4.tif,0.003,0.226,0.706,0.081,148,696,28.301,0.058,1.296,0.772,0.826
7815,4U-D-Z4.tif,0.004,0.288,0.648,0.113,221,700,39.094,0.069,1.637,0.611,0.817
7816,4U-D-Z4.tif,0.002,0.158,0.767,0.059,573,686,131.186,0.043,1.226,0.816,0.840
7817,4U-D-Z4.tif,0.003,0.237,0.649,0.086,976,686,116.565,0.052,1.973,0.507,0.793
7818,4U-D-Z4.tif,0.002,0.214,0.657,0.079,43,690,155.225,0.054,1.520,0.658,0.775
7819,4U-D-Z4.tif,0.001,0.172,0.451,0.063,620,687,142.125,0.039,1.785,0.560,0.673
7820,4U-D-Z4.tif,0.002,0.208,0.651,0.082,126,702,70.346,0.040,2.327,0.430,0.813
7821,4U-D-Z4.tif,0.006,0.370,0.511,0.139,590,694,9.090,0.071,2.105,0.475,0.753
7822,4U-D-Z4.tif,0.003,0.233,0.611,0.082,885,692,160.346,0.050,1.760,0.568,0.817
7823,4U-D-Z4.tif,0.004,0.267,0.656,0.087,178,703,55.305,0.076,1.131,0.885,0.807
7824,4U-D-Z4.tif,0.002,0.219,0.598,0.097,526,703,42.709,0.037,3.046,0.328,0.785
7825,4U-D-Z4.tif,0.007,0.362,0.646,0.110,33,691,107.526,0.094,1.143,0.875,0.833
7826,4U-D-Z4.tif,0.001,0.148,0.674,0.063,540,691,142.125,0.036,1.860,0.538,0.780
7827,4U-D-Z4.tif,0.004,0.264,0.681,0.094,633,704,49.764,0.060,1.596,0.627,0.845
7828,4U-D-Z4.tif,0.009,0.401,0.726,0.141,652,696,159.444,0.090,1.532,0.653,0.887
7829,4U-D-Z4.tif,0.006,0.399,0.496,0.120,692,703,164.055,0.104,1.187,0.842,0.705
7830,4U-D-Z4.tif,0.001,0.170,0.472,0.073,729,694,12.995,0.027,3.981,0.251,0.706
7831,4U-D-Z4.tif,0.004,0.286,0.582,0.094,50,704,20.556,0.077,1.067,0.937,0.760
7832,4U-D-Z4.tif,0.002,0.161,0.751,0.060,550,693,123.690,0.039,1.496,0.669,0.836
7833,4U-D-Z4.tif,0.002,0.194,0.811,0.070,198,694,128.660,0.058,1.103,0.907,0.856
7834,4U-D-Z4.tif,0.009,0.548,0.376,0.192,840,712,23.629,0.097,2.146,0.466,0.707
7835,4U-D-Z4.tif,0.001,0.134,0.845,0.054,5,696,156.038,0.037,1.575,0.635,0.860
7836,4U-D-Z4.tif,0.009,0.435,0.630,0.158,245,721,69.677,0.098,1.591,0.628,0.838
7837,4U-D-Z4.tif,0.003,0.191,0.912,0.067,710,694,124.992,0.059,1.162,0.861,0.879
7838,4U-D-Z4.tif,0.002,0.204,0.566,0.075,719,695,143.973,0.044,1.988,0.503,0.734
7839,4U-D-Z4.tif,0.002,0.206,0.448,0.078,569,700,171.870,0.044,1.848,0.541,0.595
7840,4U-D-Z4.tif,0.006,0.418,0.429,0.150,945,695,126.027,0.071,2.352,0.425,0.678
7841,4U-D-Z4.tif,0.010,0.513,0.495,0.153,331,717,30.256,0.114,1.350,0.741,0.776
7842,4U-D-Z4.tif,0.003,0.248,0.710,0.084,512,711,78.690,0.065,1.232,0.812,0.849
7843,4U-D-Z4.tif,0.004,0.250,0.760,0.084,112,701,156.801,0.069,1.166,0.858,0.874
7844,4U-D-Z4.tif,0.006,0.307,0.750,0.111,417,700,147.095,0.074,1.601,0.625,0.871
7845,4U-D-Z4.tif,0.006,0.388,0.486,0.132,528,711,16.928,0.088,1.766,0.566,0.722
7846,4U-D-Z4.tif,0.008,0.417,0.589,0.126,883,699,127.875,0.097,1.400,0.714,0.828
7847,4U-D-Z4.tif,0.002,0.200,0.592,0.078,826,710,39.289,0.037,2.317,0.432,0.765
7848,4U-D-Z4.tif,0.001,0.125,0.851,0.047,96,701,125.538,0.033,1.266,0.790,0.864
7849,4U-D-Z4.tif,0.007,0.553,0.291,0.200,912,710,164.055,0.096,2.449,0.408,0.589
7850,4U-D-Z4.tif,0.004,0.381,0.384,0.116,551,714,31.430,0.066,1.881,0.532,0.755
7851,4U-D-Z4.tif,0.007,0.319,0.812,0.106,979,704,152.103,0.087,1.253,0.798,0.877
7852,4U-D-Z4.tif,0.001,0.131,0.754,0.047,7,702,144.462,0.033,1.278,0.783,0.840
7853,4U-D-Z4.tif,0.002,0.163,0.877,0.064,89,712,59.036,0.044,1.426,0.701,0.897
7854,4U-D-Z4.tif,0.004,0.291,0.530,0.124,438,721,57.724,0.050,2.977,0.336,0.784
7855,4U-D-Z4.tif,0.006,0.347,0.636,0.128,766,723,59.036,0.081,1.860,0.538,0.815
7856,4U-D-Z4.tif,0.004,0.272,0.629,0.101,292,721,77.471,0.062,1.770,0.565,0.782
7857,4U-D-Z4.tif,0.005,0.303,0.716,0.111,805,720,57.095,0.081,1.274,0.785,0.838
7858,4U-D-Z4.tif,0.004,0.296,0.623,0.103,207,721,64.799,0.070,1.421,0.704,0.803
7859,4U-D-Z4.tif,0.003,0.208,0.836,0.079,633,705,123.690,0.055,1.346,0.743,0.896
7860,4U-D-Z4.tif,0.005,0.297,0.648,0.101,404,721,45.000,0.072,1.466,0.682,0.802
7861,4U-D-Z4.tif,0.004,0.256,0.726,0.090,459,719,37.569,0.063,1.553,0.644,0.833
7862,4U-D-Z4.tif,0.006,0.368,0.536,0.144,598,711,162.255,0.065,2.427,0.412,0.762
7863,4U-D-Z4.tif,0.009,0.412,0.663,0.154,260,724,34.824,0.088,1.691,0.591,0.887
7864,4U-D-Z4.tif,0.003,0.197,0.882,0.075,473,708,143.973,0.055,1.190,0.841,0.905
7865,4U-D-Z4.tif,0.001,0.134,0.761,0.052,46,716,57.995,0.034,1.508,0.663,0.818
7866,4U-D-Z4.tif,0.003,0.226,0.840,0.084,750,723,78.690,0.066,1.177,0.850,0.879
7867,4U-D-Z4.tif,0.003,0.250,0.560,0.106,53,719,27.897,0.052,2.297,0.435,0.776
7868,4U-D-Z4.tif,0.005,0.281,0.803,0.107,418,709,124.509,0.074,1.334,0.750,0.895
7869,4U-D-Z4.tif,0.005,0.269,0.805,0.096,677,720,30.964,0.077,1.235,0.810,0.900
7870,4U-D-Z4.tif,0.005,0.388,0.398,0.146,354,713,169.114,0.066,2.021,0.495,0.681
7871,4U-D-Z4.tif,0.002,0.159,0.838,0.062,584,716,26.565,0.044,1.295,0.772,0.868
7872,4U-D-Z4.tif,0.005,0.257,0.867,0.091,728,720,14.036,0.077,1.105,0.905,0.888
7873,4U-D-Z4.tif,0.001,0.159,0.719,0.067,226,714,155.556,0.039,1.854,0.539,0.835
7874,4U-D-Z4.tif,0.003,0.256,0.610,0.101,302,724,40.601,0.055,2.143,0.467,0.787
7875,4U-D-Z4.tif,0.002,0.209,0.677,0.083,649,718,7.595,0.049,1.837,0.544,0.800
7876,4U-D-Z4.tif,0.002,0.156,0.889,0.057,179,714,119.055,0.047,1.226,0.816,0.870
7877,4U-D-Z4.tif,0.001,0.122,0.923,0.047,187,720,35.538,0.033,1.340,0.746,0.889
7878,4U-D-Z4.tif,0.001,0.126,0.953,0.051,87,715,130.601,0.035,1.424,0.702,0.899
7879,4U-U-Z4.tif,0.003,0.253,0.676,0.101,182,2,150.642,0.062,1.919,0.521,0.784
7880,4U-U-Z4.tif,0.051,1.059,0.567,0.353,800,1,112.964,0.242,1.436,0.696,0.848
7881,4U-U-Z4.tif,0.003,0.228,0.746,0.090,947,3,137.490,0.057,1.648,0.607,0.843
7882,4U-U-Z4.tif,0.005,0.309,0.701,0.111,1010,2,110.225,0.076,1.533,0.652,0.840
7883,4U-U-Z4.tif,0.002,0.150,0.865,0.059,138,3,111.801,0.043,1.369,0.731,0.872
7884,4U-U-Z4.tif,0.011,0.435,0.761,0.151,529,28,56.889,0.109,1.306,0.766,0.909
7885,4U-U-Z4.tif,0.005,0.318,0.665,0.104,674,23,71.565,0.080,1.367,0.732,0.818
7886,4U-U-Z4.tif,0.009,0.470,0.514,0.161,108,6,128.047,0.106,1.596,0.627,0.786
7887,4U-U-Z4.tif,0.006,0.327,0.674,0.126,449,14,15.255,0.065,2.083,0.480,0.871
7888,4U-U-Z4.tif,0.001,0.126,0.881,0.052,489,8,147.995,0.037,1.404,0.712,0.860
7889,4U-U-Z4.tif,0.001,0.147,0.798,0.063,833,8,127.875,0.035,1.867,0.536,0.818
7890,4U-U-Z4.tif,0.003,0.309,0.402,0.094,893,21,40.236,0.064,1.470,0.680,0.660
7891,4U-U-Z4.tif,0.002,0.162,0.811,0.063,912,14,15.255,0.047,1.323,0.756,0.812
7892,4U-U-Z4.tif,0.001,0.144,0.827,0.060,173,11,123.690,0.038,1.675,0.597,0.874
7893,4U-U-Z4.tif,0.001,0.164,0.679,0.072,138,12,112.620,0.034,2.188,0.457,0.842
7894,4U-U-Z4.tif,0.004,0.309,0.529,0.113,475,29,50.906,0.066,1.723,0.580,0.729
7895,4U-U-Z4.tif,0.007,0.355,0.691,0.141,547,28,38.660,0.084,1.663,0.601,0.872
7896,4U-U-Z4.tif,0.007,0.350,0.684,0.119,646,19,166.608,0.088,1.270,0.787,0.835
7897,4U-U-Z4.tif,0.006,0.337,0.613,0.126,868,13,142.125,0.070,1.703,0.587,0.836
7898,4U-U-Z4.tif,0.004,0.315,0.460,0.129,993,12,136.736,0.062,2.170,0.461,0.690
7899,4U-U-Z4.tif,0.013,0.533,0.553,0.218,214,46,56.310,0.099,2.566,0.390,0.846
7900,4U-U-Z4.tif,0.003,0.252,0.692,0.092,81,15,147.265,0.063,1.615,0.619,0.836
7901,4U-U-Z4.tif,0.006,0.358,0.633,0.134,238,17,160.821,0.080,1.733,0.577,0.834
7902,4U-U-Z4.tif,0.001,0.127,0.944,0.051,280,21,49.399,0.033,1.215,0.823,0.976
7903,4U-U-Z4.tif,0.001,0.134,0.888,0.054,314,15,156.038,0.038,1.429,0.700,0.875
7904,4U-U-Z4.tif,0.002,0.156,0.842,0.057,906,16,150.945,0.044,1.197,0.835,0.878
7905,4U-U-Z4.tif,0.001,0.170,0.576,0.070,196,21,18.435,0.029,2.954,0.339,0.793
7906,4U-U-Z4.tif,0.004,0.278,0.605,0.106,403,33,62.103,0.058,2.150,0.465,0.801
7907,4U-U-Z4.tif,0.005,0.331,0.559,0.121,435,19,140.528,0.069,1.655,0.604,0.776
7908,4U-U-Z4.tif,0.007,0.357,0.701,0.140,370,39,45.000,0.082,1.709,0.585,0.873
7909,4U-U-Z4.tif,0.002,0.192,0.816,0.070,491,21,161.565,0.054,1.170,0.854,0.840
7910,4U-U-Z4.tif,0.007,0.375,0.610,0.126,962,21,164.745,0.092,1.327,0.753,0.785
7911,4U-U-Z4.tif,0.002,0.184,0.797,0.068,159,27,14.036,0.050,1.353,0.739,0.840
7912,4U-U-Z4.tif,0.013,0.580,0.500,0.193,296,20,120.964,0.123,1.474,0.678,0.813
7913,4U-U-Z4.tif,0.011,0.543,0.489,0.170,601,45,54.246,0.106,1.576,0.634,0.800
7914,4U-U-Z4.tif,0.005,0.378,0.480,0.113,674,32,22.834,0.082,1.179,0.848,0.769
7915,4U-U-Z4.tif,0.006,0.301,0.792,0.113,924,29,14.036,0.079,1.380,0.725,0.873
7916,4U-U-Z4.tif,0.005,0.294,0.743,0.108,187,34,23.962,0.066,1.473,0.679,0.887
7917,4U-U-Z4.tif,0.001,0.123,0.903,0.047,460,30,69.444,0.035,1.269,0.788,0.867
7918,4U-U-Z4.tif,0.002,0.176,0.710,0.062,4,25,153.435,0.049,1.129,0.886,0.811
7919,4U-U-Z4.tif,0.006,0.340,0.680,0.134,626,24,109.179,0.070,1.871,0.535,0.849
7920,4U-U-Z4.tif,0.005,0.300,0.664,0.121,945,44,65.772,0.063,2.101,0.476,0.851
7921,4U-U-Z4.tif,0.010,0.436,0.694,0.150,354,53,83.660,0.101,1.420,0.704,0.893
7922,4U-U-Z4.tif,0.003,0.213,0.766,0.079,385,30,167.905,0.052,1.670,0.599,0.858
7923,4U-U-Z4.tif,0.009,0.401,0.702,0.150,971,45,28.443,0.092,1.772,0.564,0.844
7924,4U-U-Z4.tif,0.010,0.525,0.453,0.171,127,29,110.772,0.105,1.629,0.614,0.779
7925,4U-U-Z4.tif,0.003,0.272,0.565,0.101,569,29,119.358,0.061,1.804,0.554,0.767
7926,4U-U-Z4.tif,0.022,0.650,0.646,0.217,842,31,125.707,0.168,1.337,0.748,0.857
7927,4U-U-Z4.tif,0.005,0.275,0.756,0.101,426,48,77.471,0.072,1.344,0.744,0.875
7928,4U-U-Z4.tif,0.003,0.222,0.709,0.078,710,31,140.711,0.057,1.356,0.738,0.864
7929,4U-U-Z4.tif,0.009,0.431,0.596,0.154,914,31,145.176,0.088,1.812,0.552,0.831
7930,4U-U-Z4.tif,0.002,0.249,0.461,0.091,28,41,14.036,0.055,1.716,0.583,0.676
7931,4U-U-Z4.tif,0.001,0.153,0.585,0.057,416,31,119.055,0.037,1.519,0.658,0.720
7932,4U-U-Z4.tif,0.009,0.423,0.637,0.146,163,58,79.114,0.105,1.280,0.781,0.822
7933,4U-U-Z4.tif,0.009,0.412,0.656,0.129,529,32,109.983,0.108,1.074,0.931,0.853
7934,4U-U-Z4.tif,0.009,0.469,0.533,0.148,645,32,105.068,0.099,1.347,0.742,0.798
7935,4U-U-Z4.tif,0.003,0.219,0.813,0.084,889,40,23.199,0.054,1.662,0.602,0.861
7936,4U-U-Z4.tif,0.005,0.289,0.828,0.101,89,42,12.529,0.076,1.314,0.761,0.877
7937,4U-U-Z4.tif,0.002,0.176,0.869,0.072,142,34,112.620,0.048,1.597,0.626,0.871
7938,4U-U-Z4.tif,0.001,0.154,0.639,0.062,328,44,63.435,0.033,1.911,0.523,0.769
7939,4U-U-Z4.tif,0.006,0.386,0.540,0.141,385,47,30.579,0.085,1.646,0.607,0.796
7940,4U-U-Z4.tif,0.004,0.309,0.589,0.101,492,42,22.380,0.082,1.213,0.825,0.789
7941,4U-U-Z4.tif,0.003,0.198,0.803,0.078,995,46,50.711,0.053,1.520,0.658,0.856
7942,4U-U-Z4.tif,0.006,0.314,0.770,0.111,189,52,57.095,0.076,1.310,0.763,0.905
7943,4U-U-Z4.tif,0.007,0.344,0.729,0.121,229,48,24.228,0.088,1.520,0.658,0.873
7944,4U-U-Z4.tif,0.002,0.152,0.827,0.062,464,46,63.435,0.036,1.883,0.531,0.877
7945,4U-U-Z4.tif,0.003,0.296,0.497,0.105,554,38,137.121,0.074,1.521,0.657,0.697
7946,4U-U-Z4.tif,0.003,0.239,0.665,0.086,10,49,50.194,0.066,1.330,0.752,0.840
7947,4U-U-Z4.tif,0.004,0.258,0.709,0.098,271,49,38.157,0.064,1.601,0.624,0.841
7948,4U-U-Z4.tif,0.004,0.276,0.719,0.116,873,37,154.654,0.062,1.960,0.510,0.862
7949,4U-U-Z4.tif,0.002,0.204,0.745,0.080,484,38,105.945,0.044,1.903,0.526,0.895
7950,4U-U-Z4.tif,0.008,0.421,0.589,0.126,592,39,118.811,0.112,1.100,0.909,0.811
7951,4U-U-Z4.tif,0.006,0.308,0.732,0.117,371,60,70.710,0.064,1.907,0.524,0.906
7952,4U-U-Z4.tif,0.012,0.543,0.498,0.195,694,40,99.728,0.110,1.567,0.638,0.817
7953,4U-U-Z4.tif,0.007,0.395,0.541,0.130,713,42,117.646,0.087,1.720,0.581,0.794
7954,4U-U-Z4.tif,0.003,0.236,0.588,0.092,736,45,162.646,0.049,2.032,0.492,0.793
7955,4U-U-Z4.tif,0.013,0.655,0.374,0.206,446,41,97.696,0.136,1.288,0.777,0.675
7956,4U-U-Z4.tif,0.012,0.551,0.511,0.163,62,68,61.699,0.128,1.279,0.782,0.830
7957,4U-U-Z4.tif,0.003,0.220,0.705,0.095,506,43,125.538,0.047,2.162,0.463,0.833
7958,4U-U-Z4.tif,0.006,0.438,0.402,0.128,542,54,172.569,0.084,1.754,0.570,0.716
7959,4U-U-Z4.tif,0.005,0.300,0.744,0.107,108,44,101.889,0.082,1.265,0.791,0.884
7960,4U-U-Z4.tif,0.001,0.133,0.776,0.054,223,53,66.038,0.032,1.720,0.581,0.828
7961,4U-U-Z4.tif,0.006,0.347,0.674,0.126,953,44,118.811,0.088,1.425,0.702,0.829
7962,4U-U-Z4.tif,0.001,0.187,0.531,0.072,203,47,171.254,0.039,1.952,0.512,0.737
7963,4U-U-Z4.tif,0.011,0.475,0.619,0.166,315,56,5.711,0.107,1.606,0.623,0.851
7964,4U-U-Z4.tif,0.006,0.347,0.615,0.139,414,71,80.910,0.067,2.064,0.485,0.821
7965,4U-U-Z4.tif,0.013,0.526,0.574,0.174,32,77,71.565,0.123,1.352,0.740,0.805
7966,4U-U-Z4.tif,0.002,0.191,0.776,0.075,457,55,36.027,0.048,1.718,0.582,0.836
7967,4U-U-Z4.tif,0.002,0.200,0.487,0.073,177,61,77.005,0.039,2.113,0.473,0.675
7968,4U-U-Z4.tif,0.003,0.259,0.583,0.092,381,48,122.735,0.061,1.262,0.793,0.786
7969,4U-U-Z4.tif,0.005,0.336,0.611,0.116,903,50,154.654,0.079,1.567,0.638,0.813
7970,4U-U-Z4.tif,0.002,0.186,0.803,0.064,142,49,120.964,0.054,1.046,0.956,0.864
7971,4U-U-Z4.tif,0.001,0.133,0.841,0.057,6,59,60.945,0.033,1.475,0.678,0.876
7972,4U-U-Z4.tif,0.021,0.851,0.359,0.247,232,63,159.146,0.176,1.219,0.821,0.707
7973,4U-U-Z4.tif,0.001,0.153,0.699,0.059,502,51,131.186,0.039,1.450,0.690,0.804
7974,4U-U-Z4.tif,0.002,0.217,0.589,0.072,223,58,22.620,0.053,1.276,0.784,0.764
7975,4U-U-Z4.tif,0.003,0.209,0.755,0.079,611,52,123.690,0.055,1.582,0.632,0.845
7976,4U-U-Z4.tif,0.001,0.126,1.000,0.049,702,52,116.565,0.039,1.193,0.838,0.907
7977,4U-U-Z4.tif,0.006,0.400,0.462,0.145,732,71,29.476,0.069,2.463,0.406,0.745
7978,4U-U-Z4.tif,0.007,0.379,0.646,0.141,283,69,38.660,0.092,1.652,0.605,0.865
7979,4U-U-Z4.tif,0.001,0.169,0.589,0.063,940,53,127.875,0.039,1.589,0.629,0.759
7980,4U-U-Z4.tif,0.005,0.274,0.768,0.104,997,53,108.435,0.066,1.461,0.684,0.888
7981,4U-U-Z4.tif,0.005,0.364,0.506,0.142,85,54,125.538,0.066,2.572,0.389,0.789
7982,4U-U-Z4.tif,0.001,0.142,0.887,0.052,463,62,32.005,0.042,1.204,0.830,0.862
7983,4U-U-Z4.tif,0.003,0.324,0.389,0.108,875,60,165.256,0.064,1.877,0.533,0.658
7984,4U-U-Z4.tif,0.004,0.275,0.640,0.104,341,66,18.435,0.066,1.705,0.586,0.777
7985,4U-U-Z4.tif,0.001,0.152,0.728,0.055,472,58,143.130,0.044,1.303,0.767,0.800
7986,4U-U-Z4.tif,0.003,0.209,0.851,0.077,623,56,111.038,0.061,1.138,0.879,0.879
7987,4U-U-Z4.tif,0.004,0.348,0.440,0.106,50,77,81.027,0.072,1.431,0.699,0.741
7988,4U-U-Z4.tif,0.001,0.173,0.521,0.057,133,58,106.699,0.043,1.500,0.667,0.707
7989,4U-U-Z4.tif,0.009,0.530,0.409,0.202,483,63,157.620,0.084,2.826,0.354,0.724
7990,4U-U-Z4.tif,0.005,0.333,0.530,0.099,143,77,70.560,0.083,1.252,0.799,0.757
7991,4U-U-Z4.tif,0.001,0.167,0.640,0.064,458,73,70.017,0.044,1.630,0.613,0.752
7992,4U-U-Z4.tif,0.006,0.443,0.368,0.136,518,78,21.371,0.082,2.101,0.476,0.695
7993,4U-U-Z4.tif,0.002,0.158,0.792,0.059,560,72,68.199,0.039,1.351,0.740,0.867
7994,4U-U-Z4.tif,0.016,0.770,0.334,0.200,572,96,69.075,0.147,1.486,0.673,0.699
7995,4U-U-Z4.tif,0.003,0.279,0.522,0.087,699,64,145.305,0.069,1.149,0.871,0.770
7996,4U-U-Z4.tif,0.001,0.133,0.906,0.054,633,63,113.962,0.033,1.405,0.712,0.903
7997,4U-U-Z4.tif,0.008,0.439,0.522,0.148,821,78,21.801,0.086,1.742,0.574,0.796
7998,4U-U-Z4.tif,0.002,0.270,0.349,0.110,948,64,162.474,0.036,3.783,0.264,0.684
7999,4U-U-Z4.tif,0.001,0.142,0.717,0.057,100,65,163.301,0.033,1.865,0.536,0.768
8000,4U-U-Z4.tif,0.009,0.402,0.667,0.147,189,80,34.287,0.095,1.522,0.657,0.871
8001,4U-U-Z4.tif,0.007,0.448,0.467,0.149,326,66,141.009,0.082,1.940,0.515,0.800
8002,4U-U-Z4.tif,0.006,0.462,0.347,0.129,779,66,160.017,0.110,1.140,0.877,0.645
8003,4U-U-Z4.tif,0.003,0.253,0.518,0.079,2,67,146.310,0.058,1.417,0.706,0.806
8004,4U-U-Z4.tif,0.004,0.311,0.560,0.106,307,65,117.897,0.071,1.642,0.609,0.809
8005,4U-U-Z4.tif,0.009,0.431,0.614,0.158,55,82,29.249,0.094,1.962,0.510,0.831
8006,4U-U-Z4.tif,0.001,0.164,0.609,0.068,124,69,165.964,0.032,2.161,0.463,0.804
8007,4U-U-Z4.tif,0.003,0.253,0.566,0.096,160,83,76.759,0.055,1.893,0.528,0.782
8008,4U-U-Z4.tif,0.003,0.290,0.460,0.118,889,81,37.405,0.052,2.320,0.431,0.734
8009,4U-U-Z4.tif,0.009,0.497,0.483,0.176,968,76,165.530,0.105,1.469,0.681,0.742
8010,4U-U-Z4.tif,0.007,0.458,0.423,0.144,732,80,4.399,0.088,1.420,0.704,0.719
8011,4U-U-Z4.tif,0.002,0.155,0.793,0.062,1005,67,100.305,0.033,1.798,0.556,0.901
8012,4U-U-Z4.tif,0.015,0.587,0.534,0.206,459,89,34.114,0.114,1.928,0.519,0.777
8013,4U-U-Z4.tif,0.001,0.176,0.600,0.068,547,68,104.036,0.039,1.895,0.528,0.778
8014,4U-U-Z4.tif,0.008,0.379,0.691,0.129,651,91,80.134,0.091,1.434,0.697,0.831
8015,4U-U-Z4.tif,0.007,0.375,0.660,0.137,799,88,49.899,0.090,1.598,0.626,0.844
8016,4U-U-Z4.tif,0.004,0.281,0.635,0.103,916,69,154.799,0.060,1.712,0.584,0.863
8017,4U-U-Z4.tif,0.012,0.533,0.544,0.182,200,87,14.036,0.115,1.395,0.717,0.829
8018,4U-U-Z4.tif,0.010,0.469,0.548,0.140,392,93,64.440,0.114,1.094,0.914,0.829
8019,4U-U-Z4.tif,0.001,0.183,0.547,0.067,404,77,24.444,0.044,1.502,0.666,0.762
8020,4U-U-Z4.tif,0.006,0.408,0.451,0.139,598,69,146.310,0.087,1.771,0.565,0.695
8021,4U-U-Z4.tif,0.002,0.198,0.542,0.086,847,69,129.806,0.037,2.595,0.385,0.713
8022,4U-U-Z4.tif,0.002,0.245,0.393,0.072,877,80,57.529,0.050,1.297,0.771,0.738
8023,4U-U-Z4.tif,0.005,0.442,0.304,0.133,704,76,155.556,0.087,1.865,0.536,0.597
8024,4U-U-Z4.tif,0.003,0.250,0.623,0.091,427,87,75.964,0.066,1.462,0.684,0.788
8025,4U-U-Z4.tif,0.002,0.206,0.681,0.070,666,82,51.340,0.055,1.489,0.672,0.788
8026,4U-U-Z4.tif,0.001,0.130,0.883,0.052,937,72,122.005,0.033,1.449,0.690,0.876
8027,4U-U-Z4.tif,0.002,0.195,0.660,0.067,127,74,155.556,0.052,1.386,0.722,0.795
8028,4U-U-Z4.tif,0.002,0.272,0.320,0.087,619,79,161.565,0.059,1.176,0.851,0.539
8029,4U-U-Z4.tif,0.006,0.353,0.638,0.116,103,95,58.570,0.089,1.087,0.920,0.818
8030,4U-U-Z4.tif,0.007,0.484,0.356,0.136,897,101,75.964,0.097,1.417,0.706,0.688
8031,4U-U-Z4.tif,0.003,0.252,0.530,0.101,36,80,157.620,0.056,2.107,0.475,0.721
8032,4U-U-Z4.tif,0.016,0.550,0.644,0.185,346,85,143.471,0.140,1.287,0.777,0.853
8033,4U-U-Z4.tif,0.003,0.266,0.609,0.101,495,78,130.601,0.059,1.644,0.608,0.796
8034,4U-U-Z4.tif,0.004,0.324,0.433,0.107,676,78,124.509,0.076,1.291,0.775,0.665
8035,4U-U-Z4.tif,0.004,0.270,0.612,0.101,947,96,77.471,0.065,1.513,0.661,0.767
8036,4U-U-Z4.tif,0.002,0.159,0.814,0.063,119,81,164.745,0.043,1.428,0.700,0.824
8037,4U-U-Z4.tif,0.006,0.339,0.662,0.131,170,99,56.976,0.077,1.947,0.514,0.839
8038,4U-U-Z4.tif,0.002,0.161,0.825,0.063,923,79,127.875,0.043,1.555,0.643,0.842
8039,4U-U-Z4.tif,0.003,0.255,0.510,0.089,764,81,158.199,0.050,1.607,0.622,0.767
8040,4U-U-Z4.tif,0.006,0.333,0.713,0.119,867,99,56.310,0.077,1.503,0.665,0.885
8041,4U-U-Z4.tif,0.002,0.192,0.610,0.073,750,85,12.995,0.044,1.579,0.633,0.787
8042,4U-U-Z4.tif,0.002,0.194,0.689,0.075,73,90,36.027,0.049,1.534,0.652,0.819
8043,4U-U-Z4.tif,0.007,0.358,0.711,0.118,141,88,152.241,0.099,1.146,0.873,0.855
8044,4U-U-Z4.tif,0.001,0.147,0.709,0.051,437,82,130.601,0.041,1.378,0.726,0.800
8045,4U-U-Z4.tif,0.002,0.191,0.838,0.072,657,93,57.529,0.053,1.407,0.711,0.879
8046,4U-U-Z4.tif,0.004,0.301,0.616,0.116,966,82,115.346,0.066,1.911,0.523,0.812
8047,4U-U-Z4.tif,0.003,0.239,0.645,0.099,87,84,93.180,0.044,2.033,0.492,0.843
8048,4U-U-Z4.tif,0.014,0.583,0.509,0.222,515,108,23.385,0.099,2.487,0.402,0.776
8049,4U-U-Z4.tif,0.002,0.148,0.864,0.055,618,86,143.130,0.044,1.185,0.844,0.855
8050,4U-U-Z4.tif,0.005,0.312,0.643,0.122,224,89,172.235,0.064,2.017,0.496,0.842
8051,4U-U-Z4.tif,0.002,0.165,0.808,0.062,598,85,116.565,0.046,1.359,0.736,0.829
8052,4U-U-Z4.tif,0.002,0.189,0.776,0.075,690,85,126.027,0.053,1.352,0.740,0.849
8053,4U-U-Z4.tif,0.001,0.175,0.572,0.070,664,99,71.565,0.043,1.793,0.558,0.713
8054,4U-U-Z4.tif,0.004,0.268,0.623,0.096,850,87,103.241,0.060,1.838,0.544,0.822
8055,4U-U-Z4.tif,0.005,0.392,0.374,0.147,24,104,34.287,0.067,2.762,0.362,0.688
8056,4U-U-Z4.tif,0.004,0.309,0.522,0.106,797,88,152.103,0.078,1.487,0.672,0.724
8057,4U-U-Z4.tif,0.003,0.312,0.406,0.107,813,91,168.111,0.059,1.989,0.503,0.698
8058,4U-U-Z4.tif,0.008,0.450,0.488,0.175,246,118,61.821,0.072,2.583,0.387,0.790
8059,4U-U-Z4.tif,0.003,0.287,0.531,0.101,989,91,150.642,0.066,1.269,0.788,0.764
8060,4U-U-Z4.tif,0.016,0.580,0.596,0.193,427,92,149.036,0.133,1.498,0.667,0.838
8061,4U-U-Z4.tif,0.008,0.417,0.563,0.139,956,116,80.910,0.095,1.792,0.558,0.778
8062,4U-U-Z4.tif,0.023,0.660,0.660,0.220,264,92,126.870,0.164,1.188,0.842,0.882
8063,4U-U-Z4.tif,0.001,0.172,0.555,0.057,677,92,106.699,0.042,1.581,0.633,0.711
8064,4U-U-Z4.tif,0.006,0.352,0.575,0.138,928,92,118.610,0.067,2.151,0.465,0.811
8065,4U-U-Z4.tif,0.010,0.494,0.501,0.165,49,94,126.870,0.110,1.314,0.761,0.784
8066,4U-U-Z4.tif,0.005,0.361,0.517,0.134,735,97,160.821,0.079,1.894,0.528,0.720
8067,4U-U-Z4.tif,0.002,0.200,0.487,0.078,129,94,129.289,0.035,2.638,0.379,0.729
8068,4U-U-Z4.tif,0.013,0.575,0.510,0.183,723,94,96.911,0.116,1.659,0.603,0.818
8069,4U-U-Z4.tif,0.004,0.255,0.751,0.089,883,108,60.255,0.066,1.270,0.787,0.865
8070,4U-U-Z4.tif,0.021,0.662,0.612,0.214,321,95,101.889,0.165,1.328,0.753,0.834
8071,4U-U-Z4.tif,0.002,0.209,0.504,0.072,584,102,8.746,0.055,1.402,0.713,0.663
8072,4U-U-Z4.tif,0.006,0.407,0.473,0.165,692,115,36.870,0.063,3.095,0.323,0.767
8073,4U-U-Z4.tif,0.004,0.285,0.569,0.110,910,114,72.474,0.048,2.593,0.386,0.818
8074,4U-U-Z4.tif,0.005,0.339,0.493,0.113,103,116,75.964,0.073,1.418,0.705,0.701
8075,4U-U-Z4.tif,0.011,0.609,0.387,0.179,183,111,10.620,0.120,1.488,0.672,0.723
8076,4U-U-Z4.tif,0.005,0.401,0.409,0.156,330,96,137.862,0.066,2.529,0.395,0.728
8077,4U-U-Z4.tif,0.002,0.186,0.583,0.075,645,101,17.103,0.039,2.175,0.460,0.774
8078,4U-U-Z4.tif,0.001,0.155,0.603,0.067,302,109,80.538,0.027,2.766,0.362,0.826
8079,4U-U-Z4.tif,0.006,0.346,0.616,0.116,628,114,31.430,0.075,1.643,0.609,0.840
8080,4U-U-Z4.tif,0.002,0.180,0.779,0.069,76,98,118.610,0.045,1.576,0.634,0.830
8081,4U-U-Z4.tif,0.010,0.422,0.703,0.156,473,113,32.005,0.099,1.591,0.629,0.884
8082,4U-U-Z4.tif,0.002,0.213,0.640,0.078,759,109,50.711,0.053,1.455,0.687,0.784
8083,4U-U-Z4.tif,0.004,0.308,0.530,0.119,165,117,56.310,0.061,2.377,0.421,0.754
8084,4U-U-Z4.tif,0.002,0.167,0.789,0.064,600,99,120.964,0.039,1.351,0.740,0.885
8085,4U-U-Z4.tif,0.008,0.458,0.500,0.146,843,99,100.886,0.110,1.214,0.824,0.767
8086,4U-U-Z4.tif,0.004,0.281,0.601,0.096,808,115,30.964,0.071,1.280,0.781,0.794
8087,4U-U-Z4.tif,0.005,0.293,0.719,0.104,865,100,122.005,0.065,1.607,0.622,0.871
8088,4U-U-Z4.tif,0.002,0.228,0.556,0.083,236,113,53.130,0.054,1.562,0.640,0.752
8089,4U-U-Z4.tif,0.004,0.355,0.442,0.144,590,103,122.471,0.059,2.983,0.335,0.697
8090,4U-U-Z4.tif,0.001,0.143,0.815,0.060,825,102,123.690,0.034,1.970,0.508,0.822
8091,4U-U-Z4.tif,0.001,0.133,0.733,0.051,615,109,40.601,0.033,1.546,0.647,0.800
8092,4U-U-Z4.tif,0.003,0.228,0.607,0.076,769,116,59.744,0.053,1.462,0.684,0.794
8093,4U-U-Z4.tif,0.004,0.242,0.810,0.094,800,121,83.290,0.055,1.636,0.611,0.899
8094,4U-U-Z4.tif,0.002,0.147,0.950,0.057,6,107,150.945,0.039,1.235,0.810,0.939
8095,4U-U-Z4.tif,0.004,0.252,0.836,0.094,418,105,118.072,0.071,1.260,0.793,0.877
8096,4U-U-Z4.tif,0.013,0.639,0.408,0.202,557,105,150.642,0.128,1.463,0.684,0.715
8097,4U-U-Z4.tif,0.007,0.427,0.494,0.167,1007,105,97.595,0.072,2.460,0.406,0.776
8098,4U-U-Z4.tif,0.004,0.316,0.531,0.109,370,106,120.466,0.073,1.520,0.658,0.735
8099,4U-U-Z4.tif,0.009,0.488,0.461,0.144,965,122,17.745,0.096,1.526,0.655,0.764
8100,4U-U-Z4.tif,0.003,0.239,0.612,0.086,458,108,153.435,0.061,1.327,0.753,0.751
8101,4U-U-Z4.tif,0.004,0.300,0.535,0.104,496,123,57.995,0.068,1.797,0.557,0.775
8102,4U-U-Z4.tif,0.002,0.150,0.950,0.057,119,118,73.301,0.044,1.330,0.752,0.882
8103,4U-U-Z4.tif,0.008,0.472,0.451,0.168,751,108,113.199,0.089,1.862,0.537,0.770
8104,4U-U-Z4.tif,0.003,0.198,0.851,0.076,876,117,30.256,0.054,1.393,0.718,0.867
8105,4U-U-Z4.tif,0.011,0.531,0.473,0.179,29,118,169.380,0.108,1.743,0.574,0.771
8106,4U-U-Z4.tif,0.018,0.619,0.595,0.187,643,129,13.627,0.155,1.177,0.850,0.844
8107,4U-U-Z4.tif,0.010,0.493,0.530,0.174,122,121,169.046,0.101,2.029,0.493,0.784
8108,4U-U-Z4.tif,0.004,0.292,0.523,0.113,177,130,50.906,0.054,2.572,0.389,0.741
8109,4U-U-Z4.tif,0.002,0.178,0.707,0.069,775,114,151.390,0.044,1.503,0.665,0.855
8110,4U-U-Z4.tif,0.003,0.272,0.567,0.096,151,119,149.036,0.073,1.268,0.789,0.731
8111,4U-U-Z4.tif,0.007,0.355,0.702,0.130,221,136,62.354,0.084,1.573,0.636,0.853
8112,4U-U-Z4.tif,0.003,0.255,0.504,0.089,340,126,29.745,0.059,1.259,0.795,0.748
8113,4U-U-Z4.tif,0.017,0.647,0.518,0.243,518,153,52.352,0.124,1.915,0.522,0.849
8114,4U-U-Z4.tif,0.005,0.306,0.646,0.109,691,116,120.466,0.076,1.443,0.693,0.841
8115,4U-U-Z4.tif,0.002,0.234,0.542,0.096,476,117,113.629,0.048,2.263,0.442,0.732
8116,4U-U-Z4.tif,0.001,0.153,0.781,0.064,256,118,120.964,0.037,1.851,0.540,0.850
8117,4U-U-Z4.tif,0.004,0.316,0.527,0.133,381,119,138.366,0.056,2.756,0.363,0.789
8118,4U-U-Z4.tif,0.011,0.541,0.482,0.163,915,121,147.381,0.121,1.289,0.776,0.782
8119,4U-U-Z4.tif,0.002,0.204,0.456,0.063,86,122,127.875,0.054,1.250,0.800,0.641
8120,4U-U-Z4.tif,0.003,0.214,0.798,0.076,109,128,30.256,0.064,1.133,0.883,0.857
8121,4U-U-Z4.tif,0.009,0.439,0.605,0.131,210,120,104.621,0.117,1.130,0.885,0.817
8122,4U-U-Z4.tif,0.007,0.405,0.516,0.135,421,120,168.232,0.097,1.361,0.735,0.784
8123,4U-U-Z4.tif,0.003,0.231,0.786,0.080,264,124,164.055,0.069,1.163,0.860,0.849
8124,4U-U-Z4.tif,0.010,0.567,0.409,0.174,400,130,161.565,0.122,1.240,0.806,0.705
8125,4U-U-Z4.tif,0.010,0.405,0.800,0.134,889,122,109.179,0.116,1.108,0.903,0.898
8126,4U-U-Z4.tif,0.001,0.178,0.467,0.057,64,124,163.301,0.039,1.539,0.650,0.722
8127,4U-U-Z4.tif,0.008,0.386,0.635,0.148,699,137,15.068,0.086,1.605,0.623,0.810
8128,4U-U-Z4.tif,0.004,0.266,0.725,0.096,908,123,113.629,0.055,1.443,0.693,0.903
8129,4U-U-Z4.tif,0.004,0.250,0.705,0.087,983,131,34.695,0.061,1.370,0.730,0.866
8130,4U-U-Z4.tif,0.001,0.170,0.537,0.068,503,135,75.964,0.035,2.421,0.413,0.726
8131,4U-U-Z4.tif,0.001,0.154,0.575,0.067,785,124,145.008,0.030,2.903,0.345,0.699
8132,4U-U-Z4.tif,0.003,0.253,0.652,0.092,942,135,32.735,0.064,1.641,0.609,0.800
8133,4U-U-Z4.tif,0.003,0.209,0.938,0.075,451,124,107.103,0.061,1.166,0.857,0.915
8134,4U-U-Z4.tif,0.002,0.255,0.463,0.095,583,125,144.462,0.057,2.127,0.470,0.627
8135,4U-U-Z4.tif,0.018,0.630,0.585,0.211,619,161,74.876,0.148,1.374,0.728,0.835
8136,4U-U-Z4.tif,0.013,0.655,0.384,0.199,799,158,50.599,0.115,1.863,0.537,0.730
8137,4U-U-Z4.tif,0.005,0.331,0.590,0.106,861,125,117.897,0.088,1.292,0.774,0.766
8138,4U-U-Z4.tif,0.003,0.222,0.740,0.087,460,127,145.305,0.051,1.888,0.530,0.853
8139,4U-U-Z4.tif,0.005,0.336,0.567,0.118,8,138,10.784,0.080,1.522,0.657,0.734
8140,4U-U-Z4.tif,0.002,0.231,0.493,0.095,166,129,144.462,0.039,2.765,0.362,0.693
8141,4U-U-Z4.tif,0.002,0.200,0.745,0.067,296,129,145.008,0.058,1.117,0.895,0.812
8142,4U-U-Z4.tif,0.002,0.176,0.673,0.070,356,134,18.435,0.043,1.888,0.530,0.775
8143,4U-U-Z4.tif,0.009,0.397,0.701,0.143,547,129,105.642,0.103,1.281,0.781,0.855
8144,4U-U-Z4.tif,0.002,0.161,0.766,0.072,967,129,147.529,0.035,2.245,0.445,0.881
8145,4U-U-Z4.tif,0.003,0.265,0.525,0.111,779,130,122.905,0.053,2.446,0.409,0.758
8146,4U-U-Z4.tif,0.001,0.142,0.774,0.057,287,137,29.055,0.035,1.727,0.579,0.804
8147,4U-U-Z4.tif,0.002,0.142,0.963,0.054,574,137,23.962,0.044,1.238,0.808,0.872
8148,4U-U-Z4.tif,0.013,0.579,0.492,0.210,223,162,42.879,0.093,2.504,0.399,0.792
8149,4U-U-Z4.tif,0.011,0.553,0.464,0.219,604,167,61.504,0.079,2.867,0.349,0.827
8150,4U-U-Z4.tif,0.006,0.394,0.524,0.148,337,157,63.435,0.078,1.996,0.501,0.789
8151,4U-U-Z4.tif,0.002,0.159,0.814,0.064,442,143,59.036,0.035,1.908,0.524,0.850
8152,4U-U-Z4.tif,0.006,0.340,0.631,0.138,855,133,106.260,0.061,2.557,0.391,0.834
8153,4U-U-Z4.tif,0.007,0.420,0.528,0.133,983,137,138.366,0.093,1.593,0.628,0.738
8154,4U-U-Z4.tif,0.010,0.497,0.499,0.170,88,165,76.866,0.114,1.665,0.601,0.727
8155,4U-U-Z4.tif,0.007,0.340,0.706,0.121,305,137,149.931,0.084,1.411,0.709,0.862
8156,4U-U-Z4.tif,0.004,0.288,0.630,0.113,676,155,75.964,0.050,2.198,0.455,0.875
8157,4U-U-Z4.tif,0.006,0.294,0.862,0.106,726,148,38.660,0.083,1.125,0.889,0.931
8158,4U-U-Z4.tif,0.005,0.412,0.387,0.130,68,158,62.354,0.084,1.679,0.595,0.674
8159,4U-U-Z4.tif,0.031,0.866,0.528,0.308,874,191,79.695,0.176,1.791,0.558,0.864
8160,4U-U-Z4.tif,0.003,0.226,0.810,0.079,103,137,114.775,0.064,1.258,0.795,0.852
8161,4U-U-Z4.tif,0.004,0.236,0.807,0.079,182,138,123.690,0.070,1.159,0.863,0.861
8162,4U-U-Z4.tif,0.003,0.248,0.661,0.102,819,149,36.254,0.050,2.388,0.419,0.814
8163,4U-U-Z4.tif,0.005,0.347,0.541,0.131,260,160,67.751,0.069,2.114,0.473,0.758
8164,4U-U-Z4.tif,0.001,0.130,0.770,0.049,588,138,153.435,0.039,1.184,0.845,0.800
8165,4U-U-Z4.tif,0.005,0.274,0.806,0.101,742,138,119.358,0.066,1.255,0.797,0.930
8166,4U-U-Z4.tif,0.001,0.145,0.740,0.057,24,148,60.945,0.037,1.647,0.607,0.820
8167,4U-U-Z4.tif,0.006,0.467,0.372,0.121,700,140,149.931,0.101,1.252,0.799,0.729
8168,4U-U-Z4.tif,0.018,0.661,0.516,0.185,957,139,116.565,0.155,1.242,0.805,0.844
8169,4U-U-Z4.tif,0.010,0.526,0.467,0.163,278,140,122.619,0.121,1.366,0.732,0.769
8170,4U-U-Z4.tif,0.016,0.572,0.599,0.194,32,164,34.592,0.127,1.504,0.665,0.852
8171,4U-U-Z4.tif,0.005,0.347,0.558,0.141,446,150,20.556,0.069,1.921,0.521,0.803
8172,4U-U-Z4.tif,0.004,0.297,0.600,0.096,358,142,103.241,0.072,1.323,0.756,0.822
8173,4U-U-Z4.tif,0.011,0.492,0.558,0.158,156,143,110.323,0.116,1.248,0.801,0.837
8174,4U-U-Z4.tif,0.012,0.573,0.474,0.157,482,145,126.469,0.135,1.129,0.886,0.805
8175,4U-U-Z4.tif,0.003,0.241,0.638,0.086,581,143,116.565,0.064,1.172,0.853,0.782
8176,4U-U-Z4.tif,0.001,0.126,0.881,0.047,898,145,159.444,0.037,1.189,0.841,0.822
8177,4U-U-Z4.tif,0.002,0.167,0.817,0.064,913,143,109.983,0.044,1.441,0.694,0.876
8178,4U-U-Z4.tif,0.002,0.212,0.618,0.079,203,147,146.310,0.051,1.408,0.710,0.772
8179,4U-U-Z4.tif,0.006,0.470,0.358,0.145,768,149,155.376,0.088,1.713,0.584,0.705
8180,4U-U-Z4.tif,0.011,0.505,0.548,0.190,120,178,67.891,0.101,2.155,0.464,0.828
8181,4U-U-Z4.tif,0.017,0.668,0.470,0.239,518,155,165.324,0.114,1.936,0.517,0.805
8182,4U-U-Z4.tif,0.002,0.203,0.693,0.069,176,160,61.390,0.052,1.397,0.716,0.833
8183,4U-U-Z4.tif,0.002,0.225,0.602,0.087,903,150,145.305,0.050,1.895,0.528,0.751
8184,4U-U-Z4.tif,0.005,0.273,0.848,0.100,377,168,80.538,0.077,1.326,0.754,0.881
8185,4U-U-Z4.tif,0.001,0.150,0.831,0.063,188,152,142.125,0.037,1.869,0.535,0.845
8186,4U-U-Z4.tif,0.010,0.493,0.496,0.171,732,153,174.472,0.115,1.575,0.635,0.778
8187,4U-U-Z4.tif,0.001,0.150,0.577,0.057,827,152,119.055,0.043,1.198,0.835,0.694
8188,4U-U-Z4.tif,0.003,0.313,0.424,0.130,647,155,167.735,0.043,3.406,0.294,0.701
8189,4U-U-Z4.tif,0.003,0.289,0.510,0.104,680,155,147.995,0.069,1.551,0.645,0.727
8190,4U-U-Z4.tif,0.004,0.331,0.453,0.130,804,165,27.646,0.052,2.874,0.348,0.730
8191,4U-U-Z4.tif,0.002,0.180,0.838,0.072,935,153,98.746,0.044,1.619,0.618,0.861
8192,4U-U-Z4.tif,0.003,0.231,0.683,0.083,394,164,36.870,0.065,1.164,0.859,0.861
8193,4U-U-Z4.tif,0.002,0.158,0.813,0.063,570,161,15.255,0.043,1.439,0.695,0.809
8194,4U-U-Z4.tif,0.004,0.305,0.554,0.118,306,156,152.241,0.064,2.075,0.482,0.806
8195,4U-U-Z4.tif,0.023,0.776,0.485,0.232,427,158,157.694,0.182,1.291,0.775,0.806
8196,4U-U-Z4.tif,0.006,0.317,0.792,0.119,713,166,13.392,0.083,1.475,0.678,0.871
8197,4U-U-Z4.tif,0.007,0.361,0.650,0.127,179,164,162.350,0.081,1.593,0.628,0.828
8198,4U-U-Z4.tif,0.002,0.242,0.469,0.091,211,173,75.964,0.043,2.425,0.412,0.696
8199,4U-U-Z4.tif,0.002,0.245,0.361,0.085,913,163,14.931,0.043,2.436,0.410,0.579
8200,4U-U-Z4.tif,0.010,0.525,0.458,0.160,341,180,26.565,0.115,1.549,0.646,0.712
8201,4U-U-Z4.tif,0.001,0.128,0.809,0.054,101,167,45.000,0.034,1.508,0.663,0.864
8202,4U-U-Z4.tif,0.002,0.214,0.557,0.081,300,162,151.699,0.046,2.257,0.443,0.724
8203,4U-U-Z4.tif,0.003,0.237,0.771,0.087,413,161,124.695,0.059,1.651,0.606,0.844
8204,4U-U-Z4.tif,0.003,0.244,0.615,0.082,830,162,160.346,0.055,1.242,0.805,0.846
8205,4U-U-Z4.tif,0.002,0.192,0.832,0.079,259,161,146.310,0.049,1.733,0.577,0.895
8206,4U-U-Z4.tif,0.001,0.158,0.521,0.070,515,161,141.340,0.029,2.806,0.356,0.716
8207,4U-U-Z4.tif,0.002,0.187,0.792,0.068,248,166,165.964,0.053,1.337,0.748,0.816
8208,4U-U-Z4.tif,0.011,0.591,0.382,0.199,636,190,39.401,0.116,2.081,0.480,0.668
8209,4U-U-Z4.tif,0.001,0.152,0.811,0.054,406,164,135.000,0.039,1.424,0.702,0.875
8210,4U-U-Z4.tif,0.002,0.204,0.620,0.067,56,166,145.008,0.057,1.212,0.825,0.751
8211,4U-U-Z4.tif,0.008,0.478,0.466,0.168,224,188,51.633,0.087,2.350,0.426,0.729
8212,4U-U-Z4.tif,0.003,0.236,0.745,0.090,473,164,142.431,0.063,1.449,0.690,0.862
8213,4U-U-Z4.tif,0.002,0.216,0.564,0.070,619,169,161.565,0.055,1.308,0.765,0.762
8214,4U-U-Z4.tif,0.006,0.361,0.534,0.135,755,170,153.435,0.078,1.585,0.631,0.723
8215,4U-U-Z4.tif,0.005,0.300,0.735,0.116,812,171,5.440,0.071,1.585,0.631,0.849
8216,4U-U-Z4.tif,0.005,0.402,0.417,0.118,843,180,27.759,0.091,1.397,0.716,0.722
8217,4U-U-Z4.tif,0.004,0.242,0.758,0.094,102,183,69.444,0.055,1.672,0.598,0.886
8218,4U-U-Z4.tif,0.013,0.608,0.444,0.222,199,207,82.875,0.122,1.656,0.604,0.734
8219,4U-U-Z4.tif,0.007,0.394,0.551,0.122,393,167,108.435,0.098,1.213,0.825,0.786
8220,4U-U-Z4.tif,0.003,0.228,0.760,0.087,954,167,108.435,0.055,1.675,0.597,0.870
8221,4U-U-Z4.tif,0.020,0.582,0.731,0.183,986,193,41.348,0.158,1.133,0.883,0.900
8222,4U-U-Z4.tif,0.005,0.394,0.442,0.118,72,185,52.595,0.093,1.314,0.761,0.764
8223,4U-U-Z4.tif,0.020,0.765,0.433,0.237,125,206,59.265,0.153,1.454,0.688,0.786
8224,4U-U-Z4.tif,0.002,0.184,0.876,0.067,321,179,65.556,0.054,1.195,0.837,0.867
8225,4U-U-Z4.tif,0.009,0.366,0.812,0.132,691,174,163.072,0.099,1.287,0.777,0.903
8226,4U-U-Z4.tif,0.002,0.176,0.747,0.069,13,178,28.610,0.047,1.687,0.593,0.824
8227,4U-U-Z4.tif,0.019,0.674,0.523,0.255,548,176,6.203,0.121,1.881,0.532,0.831
8228,4U-U-Z4.tif,0.001,0.141,0.712,0.054,674,178,45.000,0.037,1.454,0.688,0.831
8229,4U-U-Z4.tif,0.001,0.144,0.846,0.052,833,171,147.995,0.039,1.242,0.805,0.920
8230,4U-U-Z4.tif,0.004,0.309,0.545,0.113,268,183,29.055,0.073,1.587,0.630,0.753
8231,4U-U-Z4.tif,0.002,0.230,0.556,0.089,791,175,172.875,0.047,1.987,0.503,0.762
8232,4U-U-Z4.tif,0.007,0.381,0.566,0.134,519,173,124.992,0.081,1.727,0.579,0.801
8233,4U-U-Z4.tif,0.003,0.203,0.897,0.075,914,173,126.027,0.058,1.247,0.802,0.894
8234,4U-U-Z4.tif,0.024,0.730,0.569,0.254,585,205,29.899,0.165,1.599,0.625,0.848
8235,4U-U-Z4.tif,0.002,0.184,0.674,0.076,246,176,149.744,0.039,2.289,0.437,0.779
8236,4U-U-Z4.tif,0.003,0.242,0.579,0.090,380,175,127.569,0.052,1.810,0.552,0.774
8237,4U-U-Z4.tif,0.009,0.530,0.411,0.162,17,190,9.782,0.120,1.146,0.873,0.670
8238,4U-U-Z4.tif,0.006,0.340,0.670,0.128,496,181,154.537,0.081,1.533,0.652,0.850
8239,4U-U-Z4.tif,0.003,0.295,0.503,0.106,650,181,158.749,0.064,1.893,0.528,0.732
8240,4U-U-Z4.tif,0.016,0.650,0.480,0.184,898,178,128.928,0.147,1.301,0.769,0.793
8241,4U-U-Z4.tif,0.002,0.226,0.550,0.084,62,191,66.801,0.053,1.633,0.612,0.759
8242,4U-U-Z4.tif,0.001,0.145,0.830,0.057,6,178,106.699,0.039,1.424,0.702,0.836
8243,4U-U-Z4.tif,0.002,0.198,0.706,0.079,258,191,56.310,0.046,1.912,0.523,0.816
8244,4U-U-Z4.tif,0.004,0.256,0.726,0.101,412,178,119.358,0.064,1.635,0.612,0.836
8245,4U-U-Z4.tif,0.002,0.187,0.564,0.070,301,179,128.660,0.038,2.103,0.476,0.689
8246,4U-U-Z4.tif,0.002,0.277,0.323,0.101,352,186,22.380,0.044,2.847,0.351,0.628
8247,4U-U-Z4.tif,0.002,0.186,0.847,0.067,732,186,34.992,0.050,1.226,0.815,0.911
8248,4U-U-Z4.tif,0.004,0.286,0.671,0.110,177,180,107.526,0.061,1.971,0.507,0.842
8249,4U-U-Z4.tif,0.005,0.279,0.765,0.101,289,181,112.380,0.072,1.336,0.748,0.863
8250,4U-U-Z4.tif,0.004,0.333,0.509,0.128,643,185,154.537,0.063,2.278,0.439,0.757
8251,4U-U-Z4.tif,0.005,0.286,0.708,0.099,720,197,56.310,0.073,1.362,0.734,0.847
8252,4U-U-Z4.tif,0.005,0.328,0.591,0.112,926,189,168.690,0.077,1.468,0.681,0.790
8253,4U-U-Z4.tif,0.011,0.508,0.520,0.170,966,210,65.095,0.108,1.665,0.601,0.825
8254,4U-U-Z4.tif,0.002,0.232,0.516,0.080,494,183,105.945,0.049,2.053,0.487,0.702
8255,4U-U-Z4.tif,0.004,0.277,0.577,0.111,853,183,110.225,0.051,2.522,0.396,0.800
8256,4U-U-Z4.tif,0.009,0.479,0.484,0.158,532,194,150.751,0.101,1.550,0.645,0.764
8257,4U-U-Z4.tif,0.003,0.214,0.757,0.081,786,194,28.301,0.052,1.545,0.647,0.839
8258,4U-U-Z4.tif,0.001,0.159,0.689,0.066,91,186,138.366,0.041,1.755,0.570,0.814
8259,4U-U-Z4.tif,0.003,0.203,0.786,0.072,461,186,122.471,0.059,1.134,0.882,0.829
8260,4U-U-Z4.tif,0.014,0.626,0.435,0.209,669,206,18.435,0.125,1.995,0.501,0.756
8261,4U-U-Z4.tif,0.002,0.195,0.570,0.070,776,188,141.340,0.054,1.140,0.878,0.708
8262,4U-U-Z4.tif,0.003,0.306,0.427,0.102,395,189,126.254,0.062,1.844,0.542,0.745
8263,4U-U-Z4.tif,0.004,0.279,0.575,0.118,449,193,142.595,0.052,2.404,0.416,0.797
8264,4U-U-Z4.tif,0.004,0.370,0.392,0.133,876,213,60.255,0.068,2.310,0.433,0.701
8265,4U-U-Z4.tif,0.002,0.161,0.751,0.062,242,193,153.435,0.042,1.676,0.597,0.836
8266,4U-U-Z4.tif,0.008,0.369,0.709,0.131,563,193,146.976,0.092,1.281,0.781,0.877
8267,4U-U-Z4.tif,0.004,0.308,0.578,0.110,213,208,53.130,0.072,1.764,0.567,0.774
8268,4U-U-Z4.tif,0.008,0.464,0.474,0.167,343,195,152.592,0.091,1.924,0.520,0.765
8269,4U-U-Z4.tif,0.001,0.165,0.682,0.064,412,195,160.017,0.039,1.779,0.562,0.778
8270,4U-U-Z4.tif,0.009,0.517,0.435,0.155,58,197,157.068,0.111,1.213,0.825,0.756
8271,4U-U-Z4.tif,0.002,0.169,0.844,0.059,35,200,21.801,0.050,1.039,0.963,0.863
8272,4U-U-Z4.tif,0.001,0.175,0.584,0.059,301,203,48.814,0.044,1.116,0.896,0.783
8273,4U-U-Z4.tif,0.010,0.508,0.493,0.160,474,215,46.397,0.107,1.490,0.671,0.768
8274,4U-U-Z4.tif,0.007,0.400,0.550,0.141,831,195,110.556,0.088,1.608,0.622,0.818
8275,4U-U-Z4.tif,0.002,0.217,0.654,0.080,105,209,74.055,0.055,1.608,0.622,0.771
8276,4U-U-Z4.tif,0.003,0.214,0.699,0.083,505,195,126.870,0.053,1.686,0.593,0.840
8277,4U-U-Z4.tif,0.005,0.377,0.475,0.144,725,209,17.745,0.081,2.166,0.462,0.669
8278,4U-U-Z4.tif,0.009,0.449,0.562,0.149,261,217,51.009,0.105,1.248,0.801,0.784
8279,4U-U-Z4.tif,0.006,0.381,0.537,0.124,155,201,167.196,0.092,1.495,0.669,0.750
8280,4U-U-Z4.tif,0.002,0.187,0.878,0.064,631,200,160.017,0.060,1.051,0.951,0.862
8281,4U-U-Z4.tif,0.004,0.260,0.710,0.101,229,198,112.380,0.051,2.096,0.477,0.884
8282,4U-U-Z4.tif,0.003,0.259,0.538,0.103,310,199,164.476,0.044,2.836,0.353,0.792
8283,4U-U-Z4.tif,0.004,0.331,0.503,0.126,986,198,151.189,0.062,2.393,0.418,0.780
8284,4U-U-Z4.tif,0.003,0.226,0.677,0.077,796,212,68.962,0.058,1.474,0.678,0.839
8285,4U-U-Z4.tif,0.017,0.652,0.492,0.184,441,233,81.384,0.157,1.126,0.888,0.774
8286,4U-U-Z4.tif,0.004,0.281,0.666,0.107,778,216,55.491,0.059,2.201,0.454,0.814
8287,4U-U-Z4.tif,0.003,0.276,0.574,0.100,845,218,83.660,0.065,1.769,0.565,0.752
8288,4U-U-Z4.tif,0.004,0.283,0.557,0.098,891,213,38.157,0.068,1.386,0.722,0.757
8289,4U-U-Z4.tif,0.001,0.142,0.887,0.052,253,201,108.435,0.043,1.101,0.908,0.879
8290,4U-U-Z4.tif,0.002,0.170,0.865,0.063,623,202,142.125,0.050,1.052,0.950,0.874
8291,4U-U-Z4.tif,0.008,0.397,0.646,0.140,924,214,11.310,0.096,1.499,0.667,0.797
8292,4U-U-Z4.tif,0.001,0.181,0.558,0.062,765,203,100.305,0.045,1.364,0.733,0.706
8293,4U-U-Z4.tif,0.010,0.498,0.513,0.160,643,231,63.435,0.119,1.282,0.780,0.786
8294,4U-U-Z4.tif,0.003,0.246,0.621,0.096,318,214,13.241,0.057,1.728,0.579,0.773
8295,4U-U-Z4.tif,0.001,0.150,0.781,0.062,660,206,116.565,0.036,1.870,0.535,0.829
8296,4U-U-Z4.tif,0.009,0.493,0.439,0.155,132,214,173.884,0.102,1.497,0.668,0.690
8297,4U-U-Z4.tif,0.005,0.308,0.598,0.116,168,214,174.560,0.066,1.831,0.546,0.797
8298,4U-U-Z4.tif,0.001,0.144,0.772,0.059,283,207,158.199,0.033,1.654,0.605,0.866
8299,4U-U-Z4.tif,0.002,0.183,0.581,0.082,521,208,160.346,0.035,2.724,0.367,0.779
8300,4U-U-Z4.tif,0.016,0.521,0.733,0.169,734,236,70.974,0.147,1.173,0.852,0.875
8301,4U-U-Z4.tif,0.002,0.192,0.661,0.070,749,207,128.660,0.052,1.332,0.751,0.790
8302,4U-U-Z4.tif,0.005,0.293,0.754,0.113,19,210,150.945,0.064,1.653,0.605,0.904
8303,4U-U-Z4.tif,0.002,0.203,0.619,0.091,49,210,154.983,0.034,3.132,0.319,0.832
8304,4U-U-Z4.tif,0.002,0.169,0.764,0.068,409,212,165.964,0.038,1.883,0.531,0.857
8305,4U-U-Z4.tif,0.003,0.191,0.901,0.070,785,220,38.660,0.058,1.212,0.825,0.896
8306,4U-U-Z4.tif,0.002,0.181,0.651,0.067,248,212,155.556,0.044,1.598,0.626,0.794
8307,4U-U-Z4.tif,0.003,0.213,0.707,0.083,557,225,82.405,0.044,1.942,0.515,0.862
8308,4U-U-Z4.tif,0.001,0.173,0.483,0.062,693,212,169.695,0.039,1.664,0.601,0.685
8309,4U-U-Z4.tif,0.005,0.341,0.560,0.124,806,211,122.276,0.080,1.587,0.630,0.747
8310,4U-U-Z4.tif,0.001,0.165,0.668,0.060,90,221,56.310,0.043,1.538,0.650,0.774
8311,4U-U-Z4.tif,0.012,0.592,0.415,0.182,207,211,104.036,0.110,1.837,0.544,0.784
8312,4U-U-Z4.tif,0.002,0.225,0.549,0.085,371,212,165.069,0.044,2.280,0.439,0.741
8313,4U-U-Z4.tif,0.002,0.194,0.760,0.080,506,218,15.945,0.042,2.007,0.498,0.882
8314,4U-U-Z4.tif,0.001,0.141,0.827,0.057,540,214,163.301,0.033,1.774,0.564,0.887
8315,4U-U-Z4.tif,0.006,0.364,0.588,0.133,600,214,131.634,0.086,1.858,0.538,0.822
8316,4U-U-Z4.tif,0.005,0.293,0.691,0.098,944,221,16.390,0.074,1.258,0.795,0.817
8317,4U-U-Z4.tif,0.002,0.180,0.915,0.074,38,213,131.987,0.050,1.251,0.799,0.963
8318,4U-U-Z4.tif,0.015,0.485,0.810,0.178,854,242,60.255,0.125,1.421,0.704,0.923
8319,4U-U-Z4.tif,0.004,0.272,0.671,0.098,486,231,73.610,0.066,1.449,0.690,0.831
8320,4U-U-Z4.tif,0.017,0.535,0.759,0.191,573,242,48.504,0.137,1.426,0.701,0.898
8321,4U-U-Z4.tif,0.012,0.519,0.538,0.160,343,215,95.906,0.116,1.490,0.671,0.778
8322,4U-U-Z4.tif,0.004,0.289,0.588,0.111,407,215,110.225,0.069,1.662,0.602,0.779
8323,4U-U-Z4.tif,0.017,0.582,0.649,0.200,893,222,159.075,0.135,1.441,0.694,0.874
8324,4U-U-Z4.tif,0.001,0.158,0.537,0.064,103,226,59.036,0.035,2.109,0.474,0.693
8325,4U-U-Z4.tif,0.001,0.133,0.841,0.054,160,225,66.038,0.033,1.535,0.652,0.848
8326,4U-U-Z4.tif,0.004,0.264,0.632,0.101,230,216,119.358,0.055,2.088,0.479,0.856
8327,4U-U-Z4.tif,0.008,0.443,0.536,0.160,673,217,149.036,0.094,1.514,0.661,0.793
8328,4U-U-Z4.tif,0.001,0.114,0.994,0.047,705,223,54.462,0.033,1.363,0.734,0.919
8329,4U-U-Z4.tif,0.013,0.526,0.585,0.205,967,250,66.194,0.103,2.175,0.460,0.839
8330,4U-U-Z4.tif,0.023,0.658,0.655,0.217,996,251,59.534,0.154,1.379,0.725,0.874
8331,4U-U-Z4.tif,0.008,0.382,0.703,0.130,18,222,143.616,0.103,1.096,0.912,0.859
8332,4U-U-Z4.tif,0.001,0.144,0.736,0.062,169,230,63.435,0.028,2.026,0.494,0.889
8333,4U-U-Z4.tif,0.003,0.241,0.579,0.084,190,220,101.310,0.050,1.802,0.555,0.819
8334,4U-U-Z4.tif,0.002,0.226,0.535,0.074,301,230,41.987,0.058,1.324,0.755,0.746
8335,4U-U-Z4.tif,0.010,0.494,0.495,0.180,503,235,23.429,0.104,1.673,0.598,0.780
8336,4U-U-Z4.tif,0.007,0.351,0.755,0.125,530,240,48.576,0.086,1.486,0.673,0.897
8337,4U-U-Z4.tif,0.009,0.411,0.651,0.150,781,236,8.427,0.092,1.705,0.586,0.856
8338,4U-U-Z4.tif,0.006,0.383,0.497,0.145,115,246,60.524,0.076,2.433,0.411,0.714
8339,4U-U-Z4.tif,0.005,0.270,0.802,0.087,626,225,145.305,0.077,1.047,0.955,0.893
8340,4U-U-Z4.tif,0.003,0.255,0.604,0.085,36,227,165.069,0.055,1.509,0.663,0.844
8341,4U-U-Z4.tif,0.003,0.298,0.355,0.093,316,224,135.000,0.061,1.388,0.720,0.578
8342,4U-U-Z4.tif,0.014,0.574,0.541,0.179,750,249,42.510,0.116,1.624,0.616,0.835
8343,4U-U-Z4.tif,0.009,0.455,0.531,0.154,256,242,34.824,0.105,1.585,0.631,0.793
8344,4U-U-Z4.tif,0.001,0.141,0.885,0.052,288,225,122.005,0.039,1.299,0.770,0.893
8345,4U-U-Z4.tif,0.008,0.455,0.492,0.151,402,225,109.093,0.092,1.776,0.563,0.763
8346,4U-U-Z4.tif,0.010,0.486,0.512,0.171,53,238,14.931,0.093,1.846,0.542,0.814
8347,4U-U-Z4.tif,0.004,0.311,0.489,0.101,96,245,67.620,0.073,1.485,0.673,0.691
8348,4U-U-Z4.tif,0.001,0.137,0.907,0.051,548,229,130.601,0.042,1.174,0.852,0.874
8349,4U-U-Z4.tif,0.005,0.289,0.715,0.098,706,232,128.157,0.071,1.299,0.770,0.865
8350,4U-U-Z4.tif,0.002,0.231,0.462,0.089,928,232,158.199,0.045,2.353,0.425,0.657
8351,4U-U-Z4.tif,0.006,0.333,0.713,0.115,168,244,35.218,0.083,1.248,0.801,0.860
8352,4U-U-Z4.tif,0.006,0.503,0.280,0.145,219,231,155.376,0.083,1.856,0.539,0.640
8353,4U-U-Z4.tif,0.004,0.294,0.614,0.118,498,233,100.784,0.061,2.176,0.460,0.810
8354,4U-U-Z4.tif,0.002,0.189,0.567,0.086,40,234,129.806,0.034,2.907,0.344,0.791
8355,4U-U-Z4.tif,0.006,0.339,0.709,0.129,144,238,140.194,0.080,1.567,0.638,0.836
8356,4U-U-Z4.tif,0.003,0.253,0.649,0.091,553,252,75.964,0.059,1.688,0.592,0.760
8357,4U-U-Z4.tif,0.008,0.423,0.550,0.133,18,247,7.125,0.087,1.638,0.610,0.821
8358,4U-U-Z4.tif,0.010,0.482,0.528,0.141,282,259,59.421,0.122,1.310,0.763,0.771
8359,4U-U-Z4.tif,0.001,0.169,0.643,0.072,644,237,157.380,0.038,2.039,0.490,0.780
8360,4U-U-Z4.tif,0.002,0.205,0.526,0.082,426,238,137.726,0.045,2.204,0.454,0.734
8361,4U-U-Z4.tif,0.002,0.174,0.871,0.064,799,238,149.036,0.044,1.213,0.825,0.945
8362,4U-U-Z4.tif,0.010,0.493,0.493,0.160,358,249,176.055,0.105,1.557,0.642,0.772
8363,4U-U-Z4.tif,0.010,0.449,0.617,0.168,506,243,156.801,0.089,2.113,0.473,0.850
8364,4U-U-Z4.tif,0.005,0.319,0.621,0.126,601,242,151.189,0.069,1.854,0.539,0.828
8365,4U-U-Z4.tif,0.001,0.153,0.683,0.061,740,241,174.806,0.033,1.935,0.517,0.785
8366,4U-U-Z4.tif,0.001,0.136,0.925,0.051,868,239,139.399,0.039,1.171,0.854,0.900
8367,4U-U-Z4.tif,0.003,0.264,0.508,0.089,182,247,172.875,0.055,1.791,0.558,0.769
8368,4U-U-Z4.tif,0.007,0.383,0.633,0.136,452,241,133.363,0.094,1.411,0.709,0.847
8369,4U-U-Z4.tif,0.002,0.187,0.792,0.063,687,247,15.255,0.055,1.058,0.945,0.844
8370,4U-U-Z4.tif,0.002,0.206,0.475,0.072,243,243,147.529,0.050,1.686,0.593,0.702
8371,4U-U-Z4.tif,0.001,0.200,0.439,0.064,471,248,30.964,0.050,1.100,0.909,0.652
8372,4U-U-Z4.tif,0.003,0.215,0.861,0.078,630,242,140.711,0.055,1.204,0.831,0.900
8373,4U-U-Z4.tif,0.001,0.131,0.954,0.054,900,242,156.038,0.039,1.401,0.714,0.869
8374,4U-U-Z4.tif,0.004,0.274,0.692,0.101,436,243,150.642,0.061,1.434,0.697,0.883
8375,4U-U-Z4.tif,0.001,0.137,0.826,0.056,594,252,78.690,0.033,1.697,0.589,0.854
8376,4U-U-Z4.tif,0.024,0.788,0.491,0.224,655,255,170.074,0.170,1.343,0.744,0.852
8377,4U-U-Z4.tif,0.005,0.297,0.734,0.111,117,246,147.095,0.067,1.697,0.589,0.870
8378,4U-U-Z4.tif,0.001,0.134,0.824,0.052,1009,250,32.005,0.036,1.619,0.618,0.830
8379,4U-U-Z4.tif,0.018,0.646,0.543,0.230,915,251,168.959,0.131,1.889,0.529,0.852
8380,4U-U-Z4.tif,0.018,0.556,0.718,0.202,74,254,168.996,0.143,1.448,0.691,0.879
8381,4U-U-Z4.tif,0.002,0.220,0.575,0.079,306,246,102.095,0.050,1.695,0.590,0.756
8382,4U-U-Z4.tif,0.003,0.229,0.706,0.092,535,255,32.735,0.043,2.277,0.439,0.902
8383,4U-U-Z4.tif,0.004,0.261,0.773,0.098,779,249,163.610,0.063,1.545,0.647,0.849
8384,4U-U-Z4.tif,0.002,0.159,0.853,0.066,986,247,138.366,0.043,1.627,0.614,0.877
8385,4U-U-Z4.tif,0.002,0.162,0.753,0.060,573,247,123.690,0.044,1.429,0.700,0.819
8386,4U-U-Z4.tif,0.005,0.278,0.768,0.103,320,251,154.799,0.072,1.327,0.754,0.872
8387,4U-U-Z4.tif,0.006,0.451,0.387,0.156,714,249,140.711,0.096,1.768,0.566,0.684
8388,4U-U-Z4.tif,0.005,0.335,0.565,0.122,12,256,174.806,0.077,1.929,0.518,0.748
8389,4U-U-Z4.tif,0.002,0.219,0.630,0.079,49,250,123.690,0.046,2.034,0.492,0.763
8390,4U-U-Z4.tif,0.007,0.386,0.573,0.136,834,271,58.241,0.095,1.357,0.737,0.819
8391,4U-U-Z4.tif,0.002,0.176,0.612,0.067,411,252,155.556,0.049,1.265,0.790,0.690
8392,4U-U-Z4.tif,0.003,0.272,0.547,0.109,596,252,149.534,0.054,2.532,0.395,0.721
8393,4U-U-Z4.tif,0.007,0.370,0.603,0.113,867,251,112.834,0.097,1.163,0.860,0.798
8394,4U-U-Z4.tif,0.003,0.267,0.523,0.101,135,254,157.620,0.053,2.062,0.485,0.775
8395,4U-U-Z4.tif,0.008,0.377,0.730,0.148,252,258,164.932,0.083,1.821,0.549,0.866
8396,4U-U-Z4.tif,0.003,0.245,0.640,0.086,633,252,140.194,0.061,1.220,0.820,0.815
8397,4U-U-Z4.tif,0.003,0.200,0.911,0.081,854,265,61.699,0.050,1.535,0.651,0.946
8398,4U-U-Z4.tif,0.002,0.214,0.424,0.083,168,262,36.870,0.039,2.559,0.391,0.671
8399,4U-U-Z4.tif,0.003,0.270,0.531,0.116,470,255,148.570,0.045,3.184,0.314,0.745
8400,4U-U-Z4.tif,0.001,0.180,0.578,0.066,806,253,131.634,0.043,1.580,0.633,0.772
8401,4U-U-Z4.tif,0.007,0.390,0.592,0.130,211,258,152.354,0.095,1.354,0.739,0.769
8402,4U-U-Z4.tif,0.005,0.291,0.683,0.109,580,255,139.086,0.070,1.558,0.642,0.842
8403,4U-U-Z4.tif,0.005,0.290,0.686,0.098,554,268,38.157,0.081,1.378,0.726,0.804
8404,4U-U-Z4.tif,0.003,0.233,0.647,0.092,777,257,122.735,0.047,2.168,0.461,0.852
8405,4U-U-Z4.tif,0.002,0.174,0.845,0.070,594,257,135.000,0.046,1.443,0.693,0.882
8406,4U-U-Z4.tif,0.004,0.288,0.630,0.128,976,257,149.036,0.059,2.489,0.402,0.851
8407,4U-U-Z4.tif,0.008,0.486,0.401,0.175,181,289,77.276,0.093,2.472,0.404,0.673
8408,4U-U-Z4.tif,0.003,0.235,0.761,0.094,442,260,159.444,0.055,1.752,0.571,0.859
8409,4U-U-Z4.tif,0.001,0.144,0.754,0.063,1006,259,164.745,0.028,2.351,0.425,0.891
8410,4U-U-Z4.tif,0.005,0.303,0.639,0.106,38,266,8.973,0.082,1.133,0.883,0.782
8411,4U-U-Z4.tif,0.011,0.450,0.681,0.165,345,260,119.982,0.088,1.959,0.511,0.889
8412,4U-U-Z4.tif,0.006,0.340,0.664,0.122,371,261,174.806,0.085,1.368,0.731,0.884
8413,4U-U-Z4.tif,0.012,0.423,0.824,0.150,965,285,72.897,0.112,1.298,0.770,0.910
8414,4U-U-Z4.tif,0.001,0.170,0.448,0.057,909,269,60.945,0.047,1.067,0.938,0.596
8415,4U-U-Z4.tif,0.002,0.169,0.710,0.067,65,262,124.992,0.039,1.780,0.562,0.835
8416,4U-U-Z4.tif,0.007,0.434,0.463,0.143,386,284,62.447,0.076,1.984,0.504,0.790
8417,4U-U-Z4.tif,0.002,0.158,0.767,0.064,514,262,160.017,0.040,1.823,0.549,0.794
8418,4U-U-Z4.tif,0.002,0.184,0.696,0.068,799,265,14.036,0.050,1.262,0.793,0.805
8419,4U-U-Z4.tif,0.005,0.359,0.472,0.144,123,263,147.529,0.053,3.067,0.326,0.798
8420,4U-U-Z4.tif,0.005,0.286,0.773,0.101,192,278,60.642,0.076,1.502,0.666,0.851
8421,4U-U-Z4.tif,0.004,0.257,0.712,0.087,1000,271,18.435,0.068,1.181,0.847,0.824
8422,4U-U-Z4.tif,0.009,0.427,0.615,0.148,529,277,15.068,0.100,1.594,0.627,0.829
8423,4U-U-Z4.tif,0.003,0.200,0.830,0.068,745,268,165.964,0.061,1.176,0.850,0.849
8424,4U-U-Z4.tif,0.003,0.255,0.669,0.106,6,264,98.973,0.047,2.318,0.431,0.864
8425,4U-U-Z4.tif,0.018,0.547,0.753,0.182,244,297,75.964,0.157,1.127,0.887,0.891
8426,4U-U-Z4.tif,0.017,0.613,0.576,0.197,498,267,125.910,0.143,1.224,0.817,0.818
8427,4U-U-Z4.tif,0.003,0.224,0.822,0.079,765,279,65.225,0.061,1.182,0.846,0.889
8428,4U-U-Z4.tif,0.004,0.252,0.698,0.083,269,267,126.870,0.072,1.042,0.960,0.826
8429,4U-U-Z4.tif,0.013,0.552,0.549,0.182,638,300,84.806,0.130,1.506,0.664,0.799
8430,4U-U-Z4.tif,0.005,0.342,0.543,0.124,216,287,57.724,0.074,1.726,0.579,0.819
8431,4U-U-Z4.tif,0.003,0.203,0.777,0.069,738,268,118.610,0.059,1.038,0.964,0.844
8432,4U-U-Z4.tif,0.005,0.311,0.625,0.104,942,286,71.565,0.071,1.478,0.677,0.813
8433,4U-U-Z4.tif,0.002,0.184,0.730,0.068,1017,280,75.964,0.044,1.560,0.641,0.833
8434,4U-U-Z4.tif,0.002,0.209,0.672,0.086,112,271,140.194,0.043,2.315,0.432,0.798
8435,4U-U-Z4.tif,0.013,0.481,0.702,0.160,695,289,30.964,0.112,1.474,0.678,0.875
8436,4U-U-Z4.tif,0.003,0.280,0.515,0.106,480,288,68.749,0.050,2.462,0.406,0.794
8437,4U-U-Z4.tif,0.009,0.419,0.656,0.149,569,270,94.236,0.094,1.553,0.644,0.847
8438,4U-U-Z4.tif,0.005,0.303,0.685,0.111,895,278,174.289,0.081,1.448,0.691,0.807
8439,4U-U-Z4.tif,0.007,0.437,0.458,0.148,46,292,41.987,0.082,1.927,0.519,0.778
8440,4U-U-Z4.tif,0.009,0.423,0.637,0.132,167,271,106.928,0.110,1.058,0.945,0.838
8441,4U-U-Z4.tif,0.004,0.308,0.494,0.098,408,285,51.843,0.074,1.288,0.776,0.764
8442,4U-U-Z4.tif,0.001,0.150,0.775,0.064,19,283,70.017,0.028,2.146,0.466,0.920
8443,4U-U-Z4.tif,0.008,0.394,0.629,0.141,977,292,38.660,0.087,1.669,0.599,0.818
8444,4U-U-Z4.tif,0.002,0.169,0.905,0.063,25,275,142.125,0.050,1.077,0.929,0.938
8445,4U-U-Z4.tif,0.004,0.250,0.739,0.096,612,283,13.241,0.059,1.760,0.568,0.829
8446,4U-U-Z4.tif,0.009,0.517,0.442,0.157,845,275,143.531,0.106,1.771,0.565,0.775
8447,4U-U-Z4.tif,0.001,0.145,0.885,0.063,35,275,127.875,0.039,1.562,0.640,0.883
8448,4U-U-Z4.tif,0.002,0.185,0.852,0.066,105,281,175.236,0.056,1.025,0.976,0.842
8449,4U-U-Z4.tif,0.007,0.387,0.600,0.131,752,275,123.024,0.089,1.385,0.722,0.834
8450,4U-U-Z4.tif,0.002,0.184,0.730,0.061,201,276,95.194,0.050,1.077,0.928,0.844
8451,4U-U-Z4.tif,0.005,0.355,0.493,0.143,329,276,105.642,0.059,2.402,0.416,0.795
8452,4U-U-Z4.tif,0.002,0.175,0.659,0.070,871,276,108.435,0.042,1.708,0.585,0.757
8453,4U-U-Z4.tif,0.002,0.187,0.705,0.066,283,278,131.634,0.050,1.149,0.871,0.812
8454,4U-U-Z4.tif,0.023,0.819,0.432,0.253,310,278,106.460,0.163,1.452,0.689,0.767
8455,4U-U-Z4.tif,0.012,0.609,0.400,0.197,585,311,59.859,0.116,1.802,0.555,0.696
8456,4U-U-Z4.tif,0.002,0.170,0.865,0.063,767,279,127.875,0.050,1.133,0.883,0.892
8457,4U-U-Z4.tif,0.006,0.325,0.664,0.127,894,280,124.380,0.070,2.015,0.496,0.834
8458,4U-U-Z4.tif,0.002,0.187,0.683,0.072,463,281,112.620,0.043,1.862,0.537,0.792
8459,4U-U-Z4.tif,0.007,0.375,0.596,0.130,532,281,126.384,0.084,1.539,0.650,0.827
8460,4U-U-Z4.tif,0.001,0.178,0.575,0.064,803,282,149.036,0.044,1.574,0.635,0.738
8461,4U-U-Z4.tif,0.010,0.495,0.504,0.151,995,281,109.093,0.116,1.290,0.775,0.775
8462,4U-U-Z4.tif,0.002,0.187,0.661,0.066,919,282,131.634,0.049,1.265,0.790,0.824
8463,4U-U-Z4.tif,0.005,0.302,0.647,0.117,18,298,45.000,0.073,1.676,0.597,0.856
8464,4U-U-Z4.tif,0.006,0.312,0.764,0.109,66,298,45.000,0.084,1.318,0.759,0.847
8465,4U-U-Z4.tif,0.004,0.264,0.681,0.103,100,286,154.799,0.060,1.997,0.501,0.880
8466,4U-U-Z4.tif,0.002,0.164,0.708,0.064,445,294,70.017,0.039,1.732,0.577,0.833
8467,4U-U-Z4.tif,0.005,0.340,0.555,0.112,797,283,101.310,0.088,1.492,0.670,0.736
8468,4U-U-Z4.tif,0.001,0.176,0.600,0.056,117,288,168.690,0.050,1.213,0.824,0.726
8469,4U-U-Z4.tif,0.003,0.230,0.748,0.086,551,298,63.435,0.055,1.577,0.634,0.881
8470,4U-U-Z4.tif,0.002,0.161,0.780,0.063,609,295,74.745,0.044,1.412,0.708,0.848
8471,4U-U-Z4.tif,0.001,0.169,0.509,0.056,660,288,168.690,0.042,1.468,0.681,0.650
8472,4U-U-Z4.tif,0.005,0.342,0.565,0.108,825,298,14.744,0.088,1.328,0.753,0.763
8473,4U-U-Z4.tif,0.007,0.347,0.760,0.129,185,303,39.806,0.085,1.442,0.694,0.862
8474,4U-U-Z4.tif,0.001,0.161,0.707,0.064,356,288,160.017,0.039,1.778,0.563,0.807
8475,4U-U-Z4.tif,0.001,0.134,0.888,0.055,407,286,126.870,0.035,1.643,0.609,0.875
8476,4U-U-Z4.tif,0.009,0.395,0.728,0.138,957,289,156.501,0.099,1.307,0.765,0.878
8477,4U-U-Z4.tif,0.003,0.255,0.651,0.095,615,301,54.462,0.069,1.371,0.730,0.819
8478,4U-U-Z4.tif,0.001,0.122,0.897,0.047,450,294,35.538,0.033,1.352,0.740,0.875
8479,4U-U-Z4.tif,0.003,0.370,0.286,0.117,469,304,41.186,0.079,1.563,0.640,0.575
8480,4U-U-Z4.tif,0.002,0.237,0.500,0.084,671,290,121.608,0.054,1.762,0.567,0.682
8481,4U-U-Z4.tif,0.003,0.241,0.573,0.085,430,306,75.069,0.054,1.784,0.560,0.760
8482,4U-U-Z4.tif,0.001,0.124,0.969,0.047,32,292,144.462,0.033,1.195,0.837,0.963
8483,4U-U-Z4.tif,0.003,0.299,0.362,0.123,81,314,79.695,0.037,4.156,0.241,0.667
8484,4U-U-Z4.tif,0.006,0.296,0.811,0.110,393,292,107.526,0.076,1.584,0.631,0.894
8485,4U-U-Z4.tif,0.037,0.938,0.532,0.316,712,301,148.523,0.183,1.730,0.578,0.825
8486,4U-U-Z4.tif,0.001,0.130,0.838,0.052,562,294,147.995,0.039,1.189,0.841,0.851
8487,4U-U-Z4.tif,0.005,0.300,0.727,0.115,908,297,163.301,0.072,1.558,0.642,0.860
8488,4U-U-Z4.tif,0.001,0.131,0.777,0.060,933,294,146.310,0.027,2.371,0.422,0.854
8489,4U-U-Z4.tif,0.007,0.383,0.598,0.142,156,299,144.462,0.085,1.888,0.530,0.813
8490,4U-U-Z4.tif,0.001,0.195,0.410,0.067,445,295,145.008,0.044,1.347,0.742,0.636
8491,4U-U-Z4.tif,0.003,0.239,0.759,0.099,218,297,160.560,0.053,1.951,0.512,0.880
8492,4U-U-Z4.tif,0.002,0.156,0.951,0.060,657,303,33.690,0.050,1.168,0.856,0.891
8493,4U-U-Z4.tif,0.014,0.667,0.400,0.211,765,328,56.725,0.130,1.649,0.607,0.772
8494,4U-U-Z4.tif,0.006,0.364,0.554,0.121,128,298,136.848,0.083,1.369,0.730,0.821
8495,4U-U-Z4.tif,0.008,0.360,0.736,0.122,263,302,144.162,0.092,1.216,0.822,0.874
8496,4U-U-Z4.tif,0.001,0.125,0.900,0.052,929,298,122.005,0.033,1.387,0.721,0.892
8497,4U-U-Z4.tif,0.009,0.447,0.576,0.150,359,305,156.251,0.114,1.204,0.830,0.750
8498,4U-U-Z4.tif,0.003,0.230,0.734,0.090,406,299,100.620,0.044,1.983,0.504,0.899
8499,4U-U-Z4.tif,0.025,0.762,0.531,0.278,859,341,56.310,0.142,2.092,0.478,0.850
8500,4U-U-Z4.tif,0.022,0.595,0.771,0.207,34,315,10.713,0.155,1.282,0.780,0.907
8501,4U-U-Z4.tif,0.002,0.222,0.418,0.079,456,301,146.310,0.043,2.072,0.483,0.675
8502,4U-U-Z4.tif,0.001,0.145,0.740,0.057,567,300,106.699,0.033,1.735,0.576,0.837
8503,4U-U-Z4.tif,0.009,0.423,0.620,0.144,610,305,147.529,0.108,1.327,0.754,0.808
8504,4U-U-Z4.tif,0.006,0.438,0.420,0.127,643,319,55.620,0.094,1.276,0.783,0.765
8505,4U-U-Z4.tif,0.003,0.213,0.707,0.083,100,313,53.130,0.047,1.927,0.519,0.804
8506,4U-U-Z4.tif,0.004,0.286,0.638,0.111,256,321,81.469,0.050,2.175,0.460,0.881
8507,4U-U-Z4.tif,0.002,0.198,0.774,0.084,828,301,148.392,0.047,1.859,0.538,0.856
8508,4U-U-Z4.tif,0.013,0.447,0.796,0.150,8,327,66.251,0.124,1.266,0.790,0.887
8509,4U-U-Z4.tif,0.010,0.438,0.674,0.138,108,307,151.390,0.116,1.161,0.861,0.861
8510,4U-U-Z4.tif,0.001,0.159,0.524,0.068,284,314,75.964,0.025,3.300,0.303,0.745
8511,4U-U-Z4.tif,0.008,0.375,0.743,0.144,969,303,130.365,0.083,1.936,0.517,0.891
8512,4U-U-Z4.tif,0.012,0.516,0.562,0.183,209,303,111.161,0.103,1.951,0.512,0.826
8513,4U-U-Z4.tif,0.001,0.141,0.827,0.052,340,307,18.435,0.039,1.213,0.825,0.896
8514,4U-U-Z4.tif,0.002,0.153,0.862,0.054,349,306,156.038,0.044,1.258,0.795,0.869
8515,4U-U-Z4.tif,0.001,0.130,0.906,0.047,513,311,35.538,0.039,1.230,0.813,0.860
8516,4U-U-Z4.tif,0.005,0.318,0.590,0.107,521,306,145.491,0.083,1.344,0.744,0.787
8517,4U-U-Z4.tif,0.005,0.318,0.672,0.124,440,306,122.276,0.072,1.594,0.628,0.844
8518,4U-U-Z4.tif,0.012,0.514,0.577,0.166,497,307,124.216,0.118,1.592,0.628,0.806
8519,4U-U-Z4.tif,0.005,0.303,0.639,0.108,990,312,165.256,0.072,1.448,0.690,0.826
8520,4U-U-Z4.tif,0.011,0.584,0.393,0.211,485,346,82.504,0.109,2.147,0.466,0.642
8521,4U-U-Z4.tif,0.001,0.142,0.642,0.059,539,315,21.801,0.034,1.786,0.560,0.756
8522,4U-U-Z4.tif,0.001,0.148,0.760,0.062,666,318,63.435,0.037,1.670,0.599,0.830
8523,4U-U-Z4.tif,0.016,0.688,0.412,0.246,803,352,79.695,0.116,2.568,0.389,0.761
8524,4U-U-Z4.tif,0.002,0.198,0.745,0.070,147,310,135.000,0.056,1.184,0.845,0.832
8525,4U-U-Z4.tif,0.004,0.247,0.824,0.087,228,311,161.565,0.070,1.216,0.822,0.868
8526,4U-U-Z4.tif,0.005,0.292,0.757,0.106,454,326,62.103,0.077,1.305,0.766,0.881
8527,4U-U-Z4.tif,0.002,0.192,0.641,0.068,691,309,104.036,0.047,1.570,0.637,0.775
8528,4U-U-Z4.tif,0.006,0.422,0.423,0.126,887,323,37.875,0.084,1.494,0.669,0.762
8529,4U-U-Z4.tif,0.001,0.134,0.972,0.049,598,311,153.435,0.043,1.069,0.936,0.893
8530,4U-U-Z4.tif,0.003,0.228,0.823,0.084,189,326,78.690,0.056,1.470,0.680,0.872
8531,4U-U-Z4.tif,0.005,0.419,0.391,0.154,550,311,145.176,0.067,2.533,0.395,0.703
8532,4U-U-Z4.tif,0.006,0.427,0.397,0.156,339,340,81.870,0.072,2.167,0.462,0.751
8533,4U-U-Z4.tif,0.002,0.200,0.683,0.083,787,312,97.595,0.039,2.429,0.412,0.847
8534,4U-U-Z4.tif,0.003,0.237,0.663,0.099,430,313,123.690,0.049,2.272,0.440,0.831
8535,4U-U-Z4.tif,0.004,0.348,0.446,0.133,577,331,41.634,0.067,2.355,0.425,0.734
8536,4U-U-Z4.tif,0.003,0.220,0.815,0.079,913,315,146.310,0.061,1.212,0.825,0.870
8537,4U-U-Z4.tif,0.021,0.637,0.666,0.212,677,315,98.973,0.138,1.460,0.685,0.888
8538,4U-U-Z4.tif,0.001,0.191,0.503,0.064,823,323,19.983,0.042,1.642,0.609,0.686
8539,4U-U-Z4.tif,0.015,0.654,0.435,0.193,703,340,19.983,0.130,1.486,0.673,0.765
8540,4U-U-Z4.tif,0.002,0.191,0.838,0.076,350,319,120.256,0.050,1.543,0.648,0.894
8541,4U-U-Z4.tif,0.003,0.225,0.707,0.086,606,319,129.806,0.051,2.014,0.497,0.828
8542,4U-U-Z4.tif,0.008,0.425,0.575,0.144,81,341,32.471,0.097,1.518,0.659,0.798
8543,4U-U-Z4.tif,0.016,0.570,0.600,0.204,150,320,108.925,0.136,1.416,0.706,0.801
8544,4U-U-Z4.tif,0.001,0.133,0.755,0.052,594,325,32.005,0.033,1.489,0.672,0.824
8545,4U-U-Z4.tif,0.001,0.139,0.850,0.051,934,323,167.471,0.041,1.298,0.770,0.827
8546,4U-U-Z4.tif,0.009,0.460,0.525,0.143,284,324,164.358,0.109,1.229,0.814,0.820
8547,4U-U-Z4.tif,0.002,0.186,0.572,0.079,945,325,12.095,0.033,2.728,0.367,0.770
8548,4U-U-Z4.tif,0.005,0.259,0.889,0.096,229,322,113.629,0.077,1.170,0.854,0.905
8549,4U-U-Z4.tif,0.010,0.617,0.332,0.176,540,322,104.470,0.115,1.465,0.683,0.673
8550,4U-U-Z4.tif,0.007,0.338,0.748,0.121,258,339,43.152,0.092,1.207,0.829,0.891
8551,4U-U-Z4.tif,0.002,0.172,0.787,0.069,360,323,151.390,0.044,1.614,0.620,0.836
8552,4U-U-Z4.tif,0.001,0.148,0.726,0.064,812,323,109.983,0.033,2.084,0.480,0.840
8553,4U-U-Z4.tif,0.001,0.158,0.567,0.063,656,335,74.745,0.032,2.320,0.431,0.733
8554,4U-U-Z4.tif,0.004,0.254,0.807,0.101,128,342,67.620,0.058,1.752,0.571,0.904
8555,4U-U-Z4.tif,0.010,0.438,0.626,0.165,875,344,36.870,0.096,1.818,0.550,0.849
8556,4U-U-Z4.tif,0.012,0.467,0.678,0.163,901,340,23.962,0.110,1.512,0.662,0.876
8557,4U-U-Z4.tif,0.007,0.410,0.556,0.139,498,351,83.157,0.097,1.625,0.615,0.764
8558,4U-U-Z4.tif,0.010,0.481,0.522,0.182,60,357,64.983,0.113,1.618,0.618,0.784
8559,4U-U-Z4.tif,0.005,0.364,0.495,0.119,951,347,68.199,0.071,1.900,0.526,0.794
8560,4U-U-Z4.tif,0.003,0.228,0.739,0.086,109,328,116.565,0.059,1.456,0.687,0.842
8561,4U-U-Z4.tif,0.003,0.217,0.783,0.084,173,338,31.608,0.057,1.433,0.698,0.874
8562,4U-U-Z4.tif,0.003,0.244,0.692,0.086,599,329,129.806,0.067,1.325,0.755,0.806
8563,4U-U-Z4.tif,0.013,0.563,0.513,0.216,974,337,5.856,0.094,2.372,0.422,0.830
8564,4U-U-Z4.tif,0.009,0.400,0.733,0.139,10,344,33.690,0.102,1.457,0.687,0.880
8565,4U-U-Z4.tif,0.008,0.403,0.655,0.134,379,352,70.821,0.108,1.298,0.770,0.834
8566,4U-U-Z4.tif,0.003,0.205,0.907,0.076,435,329,149.744,0.061,1.159,0.863,0.930
8567,4U-U-Z4.tif,0.005,0.325,0.545,0.119,187,332,158.199,0.065,2.108,0.474,0.786
8568,4U-U-Z4.tif,0.005,0.375,0.461,0.104,623,342,32.005,0.081,1.232,0.812,0.782
8569,4U-U-Z4.tif,0.001,0.123,0.878,0.047,355,336,20.556,0.037,1.206,0.829,0.824
8570,4U-U-Z4.tif,0.005,0.386,0.412,0.163,815,358,66.038,0.058,3.442,0.291,0.724
8571,4U-U-Z4.tif,0.003,0.226,0.741,0.078,277,335,140.711,0.065,1.067,0.937,0.857
8572,4U-U-Z4.tif,0.002,0.165,0.780,0.057,409,337,16.699,0.044,1.236,0.809,0.848
8573,4U-U-Z4.tif,0.003,0.257,0.647,0.098,522,348,63.435,0.061,1.618,0.618,0.821
8574,4U-U-Z4.tif,0.001,0.208,0.371,0.070,731,344,71.565,0.044,1.562,0.640,0.575
8575,4U-U-Z4.tif,0.001,0.152,0.596,0.052,577,338,32.005,0.044,1.115,0.897,0.774
8576,4U-U-Z4.tif,0.007,0.434,0.474,0.185,322,334,112.751,0.069,3.163,0.316,0.778
8577,4U-U-Z4.tif,0.001,0.125,0.851,0.047,836,341,54.462,0.033,1.346,0.743,0.864
8578,4U-U-Z4.tif,0.014,0.589,0.501,0.186,753,335,108.970,0.113,1.629,0.614,0.832
8579,4U-U-Z4.tif,0.002,0.245,0.387,0.087,853,335,108.435,0.039,2.504,0.399,0.731
8580,4U-U-Z4.tif,0.001,0.134,0.761,0.051,300,339,167.471,0.037,1.377,0.726,0.783
8581,4U-U-Z4.tif,0.002,0.217,0.622,0.086,646,337,135.000,0.049,1.734,0.577,0.828
8582,4U-U-Z4.tif,0.004,0.314,0.510,0.122,406,360,82.235,0.063,2.029,0.493,0.698
8583,4U-U-Z4.tif,0.002,0.191,0.545,0.070,588,339,161.565,0.043,1.720,0.581,0.722
8584,4U-U-Z4.tif,0.003,0.211,0.844,0.075,174,340,126.027,0.055,1.250,0.800,0.908
8585,4U-U-Z4.tif,0.003,0.256,0.633,0.098,1001,352,38.157,0.058,1.799,0.556,0.784
8586,4U-U-Z4.tif,0.002,0.233,0.548,0.084,357,344,156.801,0.054,1.715,0.583,0.750
8587,4U-U-Z4.tif,0.002,0.186,0.814,0.076,451,349,30.256,0.044,1.831,0.546,0.876
8588,4U-U-Z4.tif,0.005,0.312,0.608,0.113,704,341,150.945,0.072,1.562,0.640,0.874
8589,4U-U-Z4.tif,0.007,0.406,0.565,0.150,127,344,162.897,0.099,1.531,0.653,0.755
8590,4U-U-Z4.tif,0.001,0.137,0.806,0.051,288,345,167.471,0.039,1.334,0.750,0.816
8591,4U-U-Z4.tif,0.008,0.427,0.571,0.148,416,366,63.435,0.098,1.476,0.677,0.783
8592,4U-U-Z4.tif,0.002,0.161,0.780,0.059,838,352,68.199,0.046,1.173,0.853,0.815
8593,4U-U-Z4.tif,0.002,0.197,0.745,0.078,32,353,45.000,0.054,1.539,0.650,0.831
8594,4U-U-Z4.tif,0.003,0.301,0.390,0.092,636,359,72.646,0.073,1.258,0.795,0.606
8595,4U-U-Z4.tif,0.010,0.600,0.358,0.168,722,367,51.633,0.110,1.431,0.699,0.700
8596,4U-U-Z4.tif,0.012,0.595,0.434,0.179,237,344,107.879,0.121,1.779,0.562,0.722
8597,4U-U-Z4.tif,0.008,0.351,0.780,0.131,564,346,123.024,0.090,1.399,0.715,0.885
8598,4U-U-Z4.tif,0.002,0.174,0.681,0.063,105,345,127.875,0.049,1.399,0.715,0.777
8599,4U-U-Z4.tif,0.009,0.615,0.299,0.207,950,379,64.799,0.103,2.210,0.453,0.632
8600,4U-U-Z4.tif,0.005,0.303,0.712,0.113,346,365,67.166,0.068,1.857,0.538,0.875
8601,4U-U-Z4.tif,0.001,0.205,0.426,0.074,513,346,138.013,0.052,1.418,0.705,0.584
8602,4U-U-Z4.tif,0.001,0.202,0.365,0.059,393,347,111.801,0.048,1.356,0.737,0.609
8603,4U-U-Z4.tif,0.010,0.390,0.800,0.133,255,368,48.366,0.105,1.121,0.892,0.911
8604,4U-U-Z4.tif,0.002,0.145,0.975,0.052,289,348,108.435,0.044,1.134,0.882,0.885
8605,4U-U-Z4.tif,0.001,0.137,0.726,0.060,501,348,146.310,0.029,2.241,0.446,0.847
8606,4U-U-Z4.tif,0.001,0.148,0.812,0.060,20,350,146.310,0.039,1.361,0.735,0.879
8607,4U-U-Z4.tif,0.006,0.389,0.460,0.126,44,349,105.255,0.091,1.348,0.742,0.702
8608,4U-U-Z4.tif,0.021,0.700,0.531,0.202,604,383,55.008,0.163,1.227,0.815,0.841
8609,4U-U-Z4.tif,0.002,0.187,0.770,0.067,656,350,124.992,0.046,1.487,0.672,0.845
8610,4U-U-Z4.tif,0.005,0.317,0.625,0.123,775,371,79.695,0.066,2.131,0.469,0.829
8611,4U-U-Z4.tif,0.002,0.170,0.799,0.074,1013,359,48.013,0.039,1.964,0.509,0.897
8612,4U-U-Z4.tif,0.003,0.261,0.583,0.089,177,357,21.801,0.070,1.282,0.780,0.740
8613,4U-U-Z4.tif,0.006,0.306,0.760,0.113,207,364,39.094,0.078,1.439,0.695,0.886
8614,4U-U-Z4.tif,0.008,0.351,0.765,0.124,299,355,147.724,0.085,1.516,0.660,0.873
8615,4U-U-Z4.tif,0.007,0.398,0.553,0.131,470,373,75.379,0.094,1.507,0.664,0.747
8616,4U-U-Z4.tif,0.001,0.126,0.834,0.055,549,350,126.870,0.031,1.811,0.552,0.864
8617,4U-U-Z4.tif,0.004,0.235,0.802,0.086,689,350,129.806,0.058,1.457,0.686,0.892
8618,4U-U-Z4.tif,0.003,0.237,0.717,0.086,83,352,153.435,0.058,1.505,0.664,0.828
8619,4U-U-Z4.tif,0.005,0.309,0.661,0.126,197,351,113.199,0.067,1.889,0.529,0.849
8620,4U-U-Z4.tif,0.001,0.119,1.000,0.047,274,352,144.462,0.039,1.189,0.841,0.905
8621,4U-U-Z4.tif,0.005,0.283,0.802,0.111,447,369,63.435,0.071,1.493,0.670,0.899
8622,4U-U-Z4.tif,0.009,0.428,0.595,0.156,971,366,8.130,0.094,1.699,0.589,0.788
8623,4U-U-Z4.tif,0.001,0.126,0.834,0.059,74,359,41.186,0.027,2.250,0.444,0.875
8624,4U-U-Z4.tif,0.001,0.142,0.736,0.057,861,356,16.699,0.038,1.672,0.598,0.772
8625,4U-U-Z4.tif,0.019,0.708,0.476,0.203,888,355,147.171,0.155,1.076,0.929,0.824
8626,4U-U-Z4.tif,0.004,0.287,0.595,0.110,108,360,162.474,0.063,1.918,0.521,0.809
8627,4U-U-Z4.tif,0.005,0.308,0.638,0.107,143,353,124.509,0.079,1.492,0.670,0.793
8628,4U-U-Z4.tif,0.004,0.244,0.743,0.090,369,355,127.569,0.057,1.707,0.586,0.844
8629,4U-U-Z4.tif,0.008,0.394,0.622,0.149,785,353,141.009,0.091,1.556,0.643,0.839
8630,4U-U-Z4.tif,0.002,0.167,0.830,0.067,380,354,124.992,0.045,1.502,0.666,0.871
8631,4U-U-Z4.tif,0.006,0.339,0.619,0.121,672,357,140.528,0.085,1.441,0.694,0.831
8632,4U-U-Z4.tif,0.002,0.217,0.573,0.082,158,359,160.346,0.049,1.856,0.539,0.789
8633,4U-U-Z4.tif,0.002,0.250,0.395,0.079,928,357,114.775,0.047,1.717,0.582,0.691
8634,4U-U-Z4.tif,0.012,0.461,0.704,0.159,520,367,165.964,0.115,1.516,0.660,0.868
8635,4U-U-Z4.tif,0.019,0.914,0.284,0.237,864,368,144.462,0.150,1.392,0.718,0.727
8636,4U-U-Z4.tif,0.002,0.184,0.662,0.076,1006,359,120.256,0.040,2.326,0.430,0.766
8637,4U-U-Z4.tif,0.001,0.119,0.974,0.047,1012,360,144.462,0.035,1.294,0.773,0.900
8638,4U-U-Z4.tif,0.025,0.688,0.674,0.226,482,393,41.055,0.160,1.338,0.748,0.887
8639,4U-U-Z4.tif,0.003,0.257,0.649,0.102,585,376,53.746,0.054,1.857,0.538,0.825
8640,4U-U-Z4.tif,0.011,0.569,0.440,0.193,702,391,59.036,0.132,1.809,0.553,0.670
8641,4U-U-Z4.tif,0.003,0.237,0.615,0.094,105,362,130.236,0.053,1.971,0.507,0.784
8642,4U-U-Z4.tif,0.001,0.137,0.867,0.056,355,372,78.690,0.033,1.558,0.642,0.869
8643,4U-U-Z4.tif,0.002,0.261,0.454,0.110,651,363,143.130,0.039,3.386,0.295,0.711
8644,4U-U-Z4.tif,0.001,0.119,0.919,0.047,16,364,159.444,0.033,1.376,0.727,0.872
8645,4U-U-Z4.tif,0.003,0.214,0.807,0.076,89,377,59.744,0.063,1.148,0.871,0.847
8646,4U-U-Z4.tif,0.006,0.412,0.479,0.135,274,370,168.232,0.083,1.591,0.628,0.784
8647,4U-U-Z4.tif,0.001,0.152,0.695,0.064,944,364,109.983,0.032,2.125,0.471,0.824
8648,4U-U-Z4.tif,0.006,0.346,0.616,0.131,7,365,112.249,0.077,1.827,0.547,0.804
8649,4U-U-Z4.tif,0.002,0.172,0.825,0.070,70,376,51.340,0.045,1.657,0.604,0.848
8650,4U-U-Z4.tif,0.002,0.197,0.592,0.079,300,366,146.310,0.037,2.509,0.399,0.784
8651,4U-U-Z4.tif,0.003,0.263,0.525,0.094,420,379,40.236,0.068,1.339,0.747,0.704
8652,4U-U-Z4.tif,0.004,0.411,0.291,0.134,348,390,80.538,0.051,3.169,0.316,0.697
8653,4U-U-Z4.tif,0.003,0.333,0.293,0.094,811,380,40.236,0.076,1.134,0.882,0.556
8654,4U-U-Z4.tif,0.007,0.506,0.350,0.176,555,367,138.814,0.093,2.147,0.466,0.637
8655,4U-U-Z4.tif,0.004,0.241,0.809,0.086,970,367,116.565,0.071,1.087,0.920,0.857
8656,4U-U-Z4.tif,0.009,0.464,0.521,0.146,24,368,109.799,0.101,1.464,0.683,0.777
8657,4U-U-Z4.tif,0.005,0.294,0.711,0.111,78,387,69.775,0.069,1.697,0.589,0.866
8658,4U-U-Z4.tif,0.010,0.497,0.518,0.151,758,368,123.111,0.123,1.132,0.883,0.738
8659,4U-U-Z4.tif,0.001,0.137,0.746,0.056,65,369,101.310,0.033,1.742,0.574,0.822
8660,4U-U-Z4.tif,0.002,0.172,0.684,0.066,927,380,48.366,0.047,1.351,0.740,0.791
8661,4U-U-Z4.tif,0.005,0.272,0.784,0.099,992,371,123.690,0.074,1.267,0.789,0.881
8662,4U-U-Z4.tif,0.001,0.153,0.699,0.060,255,378,33.690,0.039,1.506,0.664,0.789
8663,4U-U-Z4.tif,0.002,0.195,0.640,0.076,313,380,30.256,0.047,1.764,0.567,0.776
8664,4U-U-Z4.tif,0.001,0.198,0.435,0.084,733,372,121.608,0.039,2.380,0.420,0.720
8665,4U-U-Z4.tif,0.003,0.231,0.704,0.084,323,386,58.392,0.061,1.508,0.663,0.843
8666,4U-U-Z4.tif,0.007,0.391,0.608,0.154,360,390,34.824,0.082,2.083,0.480,0.817
8667,4U-U-Z4.tif,0.006,0.403,0.456,0.144,91,377,147.529,0.083,1.796,0.557,0.731
8668,4U-U-Z4.tif,0.015,0.657,0.430,0.179,163,377,146.310,0.149,1.150,0.870,0.754
8669,4U-U-Z4.tif,0.003,0.217,0.743,0.086,397,388,63.435,0.055,1.717,0.582,0.856
8670,4U-U-Z4.tif,0.004,0.333,0.430,0.099,129,392,70.560,0.072,1.390,0.720,0.735
8671,4U-U-Z4.tif,0.002,0.183,0.718,0.077,268,375,111.038,0.044,1.647,0.607,0.829
8672,4U-U-Z4.tif,0.002,0.150,0.876,0.059,405,375,138.814,0.039,1.171,0.854,0.963
8673,4U-U-Z4.tif,0.001,0.119,0.947,0.044,668,375,119.745,0.038,1.161,0.861,0.864
8674,4U-U-Z4.tif,0.002,0.248,0.488,0.106,120,391,51.340,0.047,2.243,0.446,0.721
8675,4U-U-Z4.tif,0.016,0.652,0.463,0.195,968,376,99.728,0.145,1.399,0.715,0.779
8676,4U-U-Z4.tif,0.002,0.176,0.820,0.067,142,378,145.008,0.051,1.271,0.787,0.854
8677,4U-U-Z4.tif,0.005,0.390,0.447,0.164,837,377,137.726,0.058,2.967,0.337,0.782
8678,4U-U-Z4.tif,0.002,0.184,0.595,0.072,240,391,81.254,0.039,1.935,0.517,0.768
8679,4U-U-Z4.tif,0.003,0.289,0.387,0.081,457,380,151.699,0.064,1.208,0.828,0.672
8680,4U-U-Z4.tif,0.007,0.405,0.530,0.144,621,396,43.452,0.097,1.469,0.681,0.778
8681,4U-U-Z4.tif,0.002,0.198,0.600,0.074,923,379,131.987,0.050,1.530,0.653,0.729
8682,4U-U-Z4.tif,0.001,0.136,0.746,0.047,911,380,110.556,0.039,1.216,0.822,0.791
8683,4U-U-Z4.tif,0.014,0.532,0.633,0.186,636,406,34.160,0.128,1.643,0.609,0.851
8684,4U-U-Z4.tif,0.003,0.228,0.658,0.096,715,390,13.241,0.046,1.974,0.507,0.826
8685,4U-U-Z4.tif,0.005,0.318,0.623,0.113,947,401,67.166,0.066,1.714,0.584,0.819
8686,4U-U-Z4.tif,0.005,0.322,0.549,0.107,271,396,34.509,0.075,1.592,0.628,0.754
8687,4U-U-Z4.tif,0.005,0.333,0.585,0.116,430,396,31.430,0.076,1.798,0.556,0.767
8688,4U-U-Z4.tif,0.002,0.225,0.444,0.067,249,389,9.462,0.051,1.286,0.778,0.656
8689,4U-U-Z4.tif,0.008,0.361,0.765,0.124,550,397,20.854,0.099,1.238,0.808,0.873
8690,4U-U-Z4.tif,0.001,0.125,0.827,0.051,86,385,139.399,0.033,1.260,0.793,0.895
8691,4U-U-Z4.tif,0.009,0.424,0.617,0.131,663,390,146.976,0.105,1.237,0.808,0.877
8692,4U-U-Z4.tif,0.008,0.375,0.716,0.139,54,388,123.690,0.087,1.607,0.622,0.897
8693,4U-U-Z4.tif,0.001,0.122,0.974,0.047,96,392,35.538,0.037,1.323,0.756,0.894
8694,4U-U-Z4.tif,0.001,0.114,1.000,0.044,267,387,119.745,0.033,1.175,0.851,0.921
8695,4U-U-Z4.tif,0.008,0.349,0.792,0.130,512,400,27.646,0.087,1.488,0.672,0.910
8696,4U-U-Z4.tif,0.014,0.611,0.482,0.210,774,396,175.486,0.116,1.819,0.550,0.809
8697,4U-U-Z4.tif,0.002,0.208,0.721,0.075,75,388,126.027,0.053,1.308,0.765,0.868
8698,4U-U-Z4.tif,0.012,0.432,0.791,0.151,394,406,33.111,0.116,1.277,0.783,0.907
8699,4U-U-Z4.tif,0.006,0.391,0.528,0.138,605,391,126.870,0.095,1.564,0.640,0.739
8700,4U-U-Z4.tif,0.002,0.152,0.877,0.059,35,389,131.186,0.044,1.202,0.832,0.891
8701,4U-U-Z4.tif,0.003,0.224,0.693,0.072,318,391,147.529,0.061,1.132,0.883,0.831
8702,4U-U-Z4.tif,0.005,0.286,0.731,0.109,383,389,120.466,0.066,1.871,0.535,0.863
8703,4U-U-Z4.tif,0.001,0.153,0.650,0.059,532,397,41.186,0.035,1.855,0.539,0.727
8704,4U-U-Z4.tif,0.012,0.528,0.533,0.173,195,409,37.235,0.117,1.314,0.761,0.828
8705,4U-U-Z4.tif,0.003,0.317,0.379,0.090,449,390,132.510,0.068,1.425,0.702,0.697
8706,4U-U-Z4.tif,0.005,0.344,0.564,0.128,930,390,120.964,0.080,1.630,0.614,0.801
8707,4U-U-Z4.tif,0.002,0.215,0.559,0.097,467,391,137.291,0.035,3.259,0.307,0.768
8708,4U-U-Z4.tif,0.007,0.370,0.606,0.127,581,413,72.350,0.094,1.327,0.754,0.788
8709,4U-U-Z4.tif,0.006,0.348,0.622,0.111,4,398,5.711,0.088,1.430,0.699,0.787
8710,4U-U-Z4.tif,0.006,0.374,0.574,0.140,816,395,168.690,0.076,1.810,0.553,0.795
8711,4U-U-Z4.tif,0.003,0.384,0.294,0.121,332,408,43.152,0.068,2.351,0.425,0.562
8712,4U-U-Z4.tif,0.003,0.229,0.750,0.081,686,406,61.699,0.050,1.384,0.722,0.928
8713,4U-U-Z4.tif,0.007,0.436,0.471,0.160,895,401,174.094,0.073,2.374,0.421,0.785
8714,4U-U-Z4.tif,0.007,0.435,0.449,0.170,694,395,166.866,0.066,3.236,0.309,0.742
8715,4U-U-Z4.tif,0.003,0.261,0.644,0.090,119,395,100.620,0.066,1.310,0.763,0.780
8716,4U-U-Z4.tif,0.006,0.336,0.638,0.122,287,405,18.435,0.076,1.595,0.627,0.799
8717,4U-U-Z4.tif,0.001,0.136,0.925,0.052,724,396,161.565,0.033,1.500,0.667,0.918
8718,4U-U-Z4.tif,0.010,0.499,0.489,0.163,985,411,11.689,0.099,1.612,0.620,0.819
8719,4U-U-Z4.tif,0.001,0.142,0.793,0.052,138,403,18.435,0.037,1.498,0.667,0.800
8720,4U-U-Z4.tif,0.001,0.183,0.558,0.072,25,398,122.471,0.038,2.223,0.450,0.715
8721,4U-U-Z4.tif,0.002,0.165,0.835,0.064,220,410,70.017,0.043,1.383,0.723,0.876
8722,4U-U-Z4.tif,0.009,0.417,0.627,0.135,355,408,11.768,0.109,1.252,0.799,0.786
8723,4U-U-Z4.tif,0.004,0.274,0.590,0.109,860,413,45.000,0.062,1.665,0.601,0.789
8724,4U-U-Z4.tif,0.005,0.292,0.673,0.101,621,404,157.620,0.072,1.291,0.775,0.883
8725,4U-U-Z4.tif,0.002,0.183,0.763,0.074,853,400,116.565,0.043,1.719,0.582,0.870
8726,4U-U-Z4.tif,0.008,0.356,0.766,0.122,106,401,97.765,0.097,1.222,0.818,0.850
8727,4U-U-Z4.tif,0.018,0.687,0.491,0.254,156,401,114.341,0.125,2.090,0.478,0.806
8728,4U-U-Z4.tif,0.007,0.347,0.680,0.130,240,402,167.735,0.085,1.605,0.623,0.837
8729,4U-U-Z4.tif,0.004,0.284,0.599,0.101,945,403,139.399,0.067,1.606,0.623,0.760
8730,4U-U-Z4.tif,0.002,0.170,0.734,0.070,94,415,71.565,0.039,1.896,0.528,0.875
8731,4U-U-Z4.tif,0.010,0.559,0.401,0.171,736,433,75.069,0.116,1.563,0.640,0.709
8732,4U-U-Z4.tif,0.015,0.526,0.672,0.185,823,421,30.379,0.121,1.599,0.626,0.862
8733,4U-U-Z4.tif,0.003,0.276,0.544,0.111,470,420,32.905,0.047,2.619,0.382,0.773
8734,4U-U-Z4.tif,0.014,0.639,0.417,0.196,515,406,141.843,0.127,1.598,0.626,0.752
8735,4U-U-Z4.tif,0.002,0.211,0.426,0.090,315,410,10.620,0.028,4.027,0.248,0.752
8736,4U-U-Z4.tif,0.006,0.367,0.565,0.126,41,422,23.199,0.088,1.578,0.634,0.815
8737,4U-U-Z4.tif,0.002,0.167,0.735,0.067,78,412,9.462,0.033,2.046,0.489,0.857
8738,4U-U-Z4.tif,0.004,0.274,0.712,0.098,298,416,16.390,0.072,1.196,0.836,0.828
8739,4U-U-Z4.tif,0.012,0.559,0.468,0.167,492,438,80.538,0.118,1.448,0.691,0.771
8740,4U-U-Z4.tif,0.001,0.123,0.903,0.047,543,414,35.538,0.039,1.228,0.814,0.847
8741,4U-U-Z4.tif,0.002,0.223,0.612,0.075,560,412,162.897,0.058,1.312,0.762,0.780
8742,4U-U-Z4.tif,0.002,0.161,0.898,0.062,258,412,153.435,0.046,1.447,0.691,0.859
8743,4U-U-Z4.tif,0.011,0.494,0.556,0.150,752,430,36.027,0.127,1.042,0.960,0.817
8744,4U-U-Z4.tif,0.003,0.203,0.767,0.069,888,419,28.610,0.057,1.090,0.918,0.851
8745,4U-U-Z4.tif,0.010,0.470,0.553,0.170,581,415,155.095,0.096,2.028,0.493,0.782
8746,4U-U-Z4.tif,0.004,0.311,0.580,0.113,663,426,46.975,0.076,1.370,0.730,0.760
8747,4U-U-Z4.tif,0.003,0.248,0.655,0.084,200,412,101.310,0.064,1.325,0.755,0.806
8748,4U-U-Z4.tif,0.007,0.409,0.528,0.119,264,420,158.199,0.103,1.166,0.858,0.761
8749,4U-U-Z4.tif,0.003,0.217,0.743,0.092,912,414,147.265,0.044,2.235,0.447,0.868
8750,4U-U-Z4.tif,0.003,0.314,0.437,0.128,996,426,30.964,0.050,3.230,0.310,0.729
8751,4U-U-Z4.tif,0.005,0.296,0.789,0.113,144,433,75.964,0.066,1.679,0.595,0.900
8752,4U-U-Z4.tif,0.004,0.279,0.722,0.096,224,422,166.759,0.077,1.376,0.727,0.831
8753,4U-U-Z4.tif,0.003,0.245,0.640,0.080,387,419,15.945,0.066,1.215,0.823,0.811
8754,4U-U-Z4.tif,0.010,0.567,0.377,0.202,426,446,64.134,0.097,2.442,0.409,0.728
8755,4U-U-Z4.tif,0.002,0.214,0.491,0.086,449,414,153.435,0.042,2.490,0.402,0.702
8756,4U-U-Z4.tif,0.006,0.318,0.763,0.107,695,413,101.889,0.088,1.184,0.844,0.873
8757,4U-U-Z4.tif,0.007,0.406,0.511,0.144,335,417,147.529,0.082,1.723,0.580,0.714
8758,4U-U-Z4.tif,0.012,0.595,0.418,0.170,558,414,103.134,0.138,1.163,0.860,0.701
8759,4U-U-Z4.tif,0.003,0.258,0.498,0.084,860,429,78.690,0.045,1.967,0.508,0.809
8760,4U-U-Z4.tif,0.001,0.134,0.740,0.052,14,417,161.565,0.033,1.732,0.577,0.778
8761,4U-U-Z4.tif,0.003,0.203,0.841,0.077,83,415,111.038,0.052,1.589,0.629,0.863
8762,4U-U-Z4.tif,0.001,0.122,0.923,0.049,640,420,26.565,0.033,1.609,0.621,0.878
8763,4U-U-Z4.tif,0.001,0.136,0.801,0.051,704,421,40.601,0.039,1.138,0.879,0.839
8764,4U-U-Z4.tif,0.007,0.356,0.661,0.126,798,417,151.189,0.092,1.330,0.752,0.826
8765,4U-U-Z4.tif,0.001,0.133,0.862,0.052,93,424,57.995,0.037,1.372,0.729,0.860
8766,4U-U-Z4.tif,0.005,0.286,0.741,0.106,125,431,51.340,0.074,1.362,0.734,0.878
8767,4U-U-Z4.tif,0.012,0.519,0.549,0.193,409,450,70.017,0.098,2.167,0.461,0.821
8768,4U-U-Z4.tif,0.010,0.469,0.594,0.159,785,417,123.690,0.122,1.460,0.685,0.800
8769,4U-U-Z4.tif,0.003,0.239,0.632,0.076,927,424,30.256,0.066,1.200,0.833,0.772
8770,4U-U-Z4.tif,0.006,0.311,0.775,0.106,624,430,38.660,0.086,1.102,0.908,0.893
8771,4U-U-Z4.tif,0.002,0.192,0.558,0.084,867,427,31.608,0.037,2.711,0.369,0.715
8772,4U-U-Z4.tif,0.015,0.594,0.545,0.210,884,453,60.068,0.120,1.921,0.521,0.827
8773,4U-U-Z4.tif,0.002,0.209,0.625,0.087,986,419,108.435,0.044,2.059,0.486,0.804
8774,4U-U-Z4.tif,0.002,0.189,0.759,0.069,320,423,151.390,0.051,1.219,0.820,0.816
8775,4U-U-Z4.tif,0.001,0.145,0.812,0.054,379,425,23.962,0.039,1.332,0.751,0.849
8776,4U-U-Z4.tif,0.015,0.604,0.516,0.220,961,420,126.870,0.122,1.788,0.559,0.809
8777,4U-U-Z4.tif,0.001,0.184,0.528,0.086,470,421,135.000,0.035,2.616,0.382,0.734
8778,4U-U-Z4.tif,0.006,0.351,0.598,0.151,907,423,146.889,0.060,2.741,0.365,0.834
8779,4U-U-Z4.tif,0.018,0.611,0.606,0.198,43,447,19.440,0.136,1.415,0.707,0.860
8780,4U-U-Z4.tif,0.007,0.380,0.604,0.140,216,448,64.440,0.083,1.806,0.554,0.853
8781,4U-U-Z4.tif,0.005,0.395,0.383,0.117,261,445,81.870,0.075,1.664,0.601,0.724
8782,4U-U-Z4.tif,0.002,0.165,0.696,0.069,291,427,151.390,0.038,2.055,0.487,0.794
8783,4U-U-Z4.tif,0.007,0.383,0.560,0.150,22,427,126.027,0.068,2.409,0.415,0.829
8784,4U-U-Z4.tif,0.005,0.270,0.802,0.089,688,426,97.125,0.081,1.028,0.972,0.873
8785,4U-U-Z4.tif,0.001,0.178,0.491,0.059,190,427,138.814,0.040,1.774,0.564,0.719
8786,4U-U-Z4.tif,0.002,0.208,0.725,0.076,319,427,120.256,0.051,1.515,0.660,0.845
8787,4U-U-Z4.tif,0.001,0.122,0.923,0.047,384,427,125.538,0.038,1.238,0.808,0.878
8788,4U-U-Z4.tif,0.003,0.297,0.462,0.098,704,440,38.157,0.072,1.383,0.723,0.686
8789,4U-U-Z4.tif,0.019,0.605,0.667,0.194,574,459,55.408,0.155,1.262,0.793,0.870
8790,4U-U-Z4.tif,0.001,0.117,0.941,0.044,764,436,60.255,0.033,1.112,0.899,0.907
8791,4U-U-Z4.tif,0.002,0.147,0.922,0.057,234,440,73.301,0.042,1.421,0.704,0.867
8792,4U-U-Z4.tif,0.003,0.242,0.560,0.091,660,445,64.983,0.051,2.180,0.459,0.735
8793,4U-U-Z4.tif,0.002,0.150,0.916,0.052,93,431,108.435,0.047,1.031,0.970,0.871
8794,4U-U-Z4.tif,0.006,0.364,0.535,0.122,151,431,97.765,0.083,1.439,0.695,0.797
8795,4U-U-Z4.tif,0.005,0.298,0.749,0.106,327,445,27.897,0.077,1.312,0.762,0.868
8796,4U-U-Z4.tif,0.002,0.191,0.828,0.082,370,433,132.274,0.047,1.625,0.615,0.888
8797,4U-U-Z4.tif,0.003,0.252,0.511,0.092,745,432,147.265,0.050,2.201,0.454,0.762
8798,4U-U-Z4.tif,0.003,0.329,0.375,0.103,936,442,15.524,0.059,1.936,0.517,0.669
8799,4U-U-Z4.tif,0.010,0.455,0.629,0.145,102,454,37.304,0.116,1.236,0.809,0.872
8800,4U-U-Z4.tif,0.002,0.169,0.804,0.066,132,434,131.634,0.047,1.485,0.674,0.828
8801,4U-U-Z4.tif,0.001,0.122,0.871,0.052,718,437,18.435,0.028,1.831,0.546,0.895
8802,4U-U-Z4.tif,0.003,0.253,0.583,0.094,345,445,40.236,0.059,1.625,0.615,0.787
8803,4U-U-Z4.tif,0.003,0.209,0.834,0.079,381,444,24.775,0.059,1.403,0.713,0.861
8804,4U-U-Z4.tif,0.024,0.852,0.407,0.235,514,435,106.314,0.160,1.557,0.642,0.811
8805,4U-U-Z4.tif,0.017,0.692,0.449,0.218,840,464,42.955,0.134,1.510,0.662,0.792
8806,4U-U-Z4.tif,0.003,0.215,0.789,0.075,315,436,107.103,0.060,1.339,0.747,0.842
8807,4U-U-Z4.tif,0.002,0.183,0.775,0.073,468,436,102.995,0.043,1.745,0.573,0.861
8808,4U-U-Z4.tif,0.001,0.136,0.725,0.052,696,437,108.435,0.035,1.677,0.596,0.753
8809,4U-U-Z4.tif,0.001,0.130,0.906,0.052,536,438,147.995,0.038,1.443,0.693,0.860
8810,4U-U-Z4.tif,0.001,0.165,0.682,0.063,367,439,105.255,0.044,1.604,0.623,0.778
8811,4U-U-Z4.tif,0.001,0.130,0.906,0.052,473,441,161.565,0.033,1.364,0.733,0.889
8812,4U-U-Z4.tif,0.001,0.187,0.521,0.064,493,450,70.017,0.044,1.715,0.583,0.691
8813,4U-U-Z4.tif,0.003,0.237,0.703,0.086,675,450,26.565,0.062,1.424,0.702,0.812
8814,4U-U-Z4.tif,0.016,0.558,0.650,0.187,76,442,118.072,0.130,1.431,0.699,0.866
8815,4U-U-Z4.tif,0.001,0.117,0.968,0.047,196,441,159.444,0.028,1.518,0.659,0.933
8816,4U-U-Z4.tif,0.027,0.712,0.669,0.242,631,440,107.199,0.180,1.411,0.709,0.881
8817,4U-U-Z4.tif,0.001,0.150,0.798,0.064,731,442,149.036,0.035,1.896,0.527,0.847
8818,4U-U-Z4.tif,0.001,0.130,0.974,0.051,128,442,130.601,0.039,1.277,0.783,0.905
8819,4U-U-Z4.tif,0.004,0.336,0.489,0.113,272,446,165.964,0.070,1.486,0.673,0.757
8820,4U-U-Z4.tif,0.004,0.264,0.765,0.100,442,450,9.462,0.068,1.585,0.631,0.856
8821,4U-U-Z4.tif,0.002,0.189,0.638,0.082,783,443,160.346,0.036,2.546,0.393,0.851
8822,4U-U-Z4.tif,0.017,0.681,0.467,0.192,721,478,76.759,0.154,1.313,0.762,0.763
8823,4U-U-Z4.tif,0.003,0.298,0.484,0.118,955,444,127.405,0.054,2.405,0.416,0.736
8824,4U-U-Z4.tif,0.006,0.309,0.760,0.101,683,457,22.380,0.089,1.099,0.910,0.841
8825,4U-U-Z4.tif,0.002,0.176,0.710,0.070,701,447,135.000,0.039,2.029,0.493,0.789
8826,4U-U-Z4.tif,0.006,0.405,0.493,0.117,759,449,160.710,0.103,1.209,0.827,0.758
8827,4U-U-Z4.tif,0.003,0.309,0.422,0.113,817,445,104.036,0.062,1.871,0.534,0.648
8828,4U-U-Z4.tif,0.002,0.141,0.962,0.052,199,454,57.995,0.044,1.042,0.959,0.917
8829,4U-U-Z4.tif,0.004,0.311,0.564,0.112,267,446,101.310,0.065,1.984,0.504,0.779
8830,4U-U-Z4.tif,0.002,0.202,0.562,0.083,474,448,172.405,0.033,2.676,0.374,0.816
8831,4U-U-Z4.tif,0.025,0.848,0.431,0.260,885,461,158.875,0.195,1.303,0.768,0.720
8832,4U-U-Z4.tif,0.004,0.360,0.377,0.127,216,470,72.350,0.059,1.905,0.525,0.703
8833,4U-U-Z4.tif,0.004,0.269,0.631,0.103,662,449,115.201,0.052,2.170,0.461,0.851
8834,4U-U-Z4.tif,0.010,0.477,0.573,0.166,50,449,105.422,0.107,1.521,0.657,0.819
8835,4U-U-Z4.tif,0.008,0.423,0.591,0.158,370,461,20.323,0.092,1.894,0.528,0.810
8836,4U-U-Z4.tif,0.008,0.411,0.561,0.143,240,450,112.620,0.088,1.596,0.626,0.805
8837,4U-U-Z4.tif,0.033,0.926,0.490,0.267,316,463,165.677,0.193,1.220,0.820,0.846
8838,4U-U-Z4.tif,0.008,0.357,0.764,0.129,741,452,140.194,0.094,1.433,0.698,0.860
8839,4U-U-Z4.tif,0.003,0.219,0.662,0.070,127,454,141.340,0.063,1.149,0.870,0.765
8840,4U-U-Z4.tif,0.002,0.194,0.689,0.075,226,462,53.973,0.046,1.899,0.527,0.810
8841,4U-U-Z4.tif,0.005,0.311,0.628,0.118,427,466,37.405,0.067,1.927,0.519,0.809
8842,4U-U-Z4.tif,0.001,0.145,0.632,0.063,800,458,37.875,0.027,2.592,0.386,0.769
8843,4U-U-Z4.tif,0.008,0.432,0.560,0.148,457,478,68.199,0.097,1.553,0.644,0.806
8844,4U-U-Z4.tif,0.002,0.172,0.787,0.070,923,454,141.340,0.045,1.654,0.604,0.841
8845,4U-U-Z4.tif,0.003,0.203,0.777,0.076,548,454,120.256,0.054,1.488,0.672,0.844
8846,4U-U-Z4.tif,0.004,0.285,0.644,0.098,100,464,26.565,0.072,1.276,0.784,0.867
8847,4U-U-Z4.tif,0.003,0.304,0.420,0.090,194,457,142.431,0.062,1.228,0.815,0.706
8848,4U-U-Z4.tif,0.002,0.195,0.570,0.064,174,467,59.036,0.050,1.380,0.725,0.717
8849,4U-U-Z4.tif,0.003,0.242,0.735,0.096,298,457,120.964,0.054,1.629,0.614,0.853
8850,4U-U-Z4.tif,0.001,0.136,0.746,0.059,599,465,41.186,0.031,2.249,0.445,0.791
8851,4U-U-Z4.tif,0.006,0.324,0.739,0.115,857,471,35.218,0.090,1.269,0.788,0.846
8852,4U-U-Z4.tif,0.004,0.287,0.623,0.106,140,469,21.251,0.061,1.909,0.524,0.806
8853,4U-U-Z4.tif,0.005,0.375,0.409,0.116,491,458,115.346,0.066,1.709,0.585,0.702
8854,4U-U-Z4.tif,0.010,0.423,0.673,0.136,24,483,75.964,0.114,1.302,0.768,0.838
8855,4U-U-Z4.tif,0.004,0.265,0.628,0.119,969,460,146.310,0.046,2.896,0.345,0.844
8856,4U-U-Z4.tif,0.008,0.409,0.623,0.135,388,469,153.435,0.103,1.220,0.820,0.819
8857,4U-U-Z4.tif,0.003,0.236,0.588,0.079,9,462,114.775,0.050,1.733,0.577,0.827
8858,4U-U-Z4.tif,0.001,0.152,0.728,0.063,847,469,37.875,0.039,1.661,0.602,0.830
8859,4U-U-Z4.tif,0.001,0.120,1.000,0.045,375,465,165.964,0.039,1.112,0.900,0.884
8860,4U-U-Z4.tif,0.004,0.278,0.689,0.098,670,479,63.435,0.070,1.366,0.732,0.843
8861,4U-U-Z4.tif,0.006,0.441,0.396,0.160,574,480,26.565,0.087,1.968,0.508,0.622
8862,4U-U-Z4.tif,0.010,0.483,0.550,0.159,802,488,56.310,0.113,1.357,0.737,0.831
8863,4U-U-Z4.tif,0.027,0.856,0.460,0.244,944,465,115.408,0.178,1.448,0.691,0.807
8864,4U-U-Z4.tif,0.001,0.150,0.645,0.067,186,465,124.992,0.031,2.786,0.359,0.760
8865,4U-U-Z4.tif,0.001,0.134,0.782,0.047,607,465,110.556,0.041,1.082,0.924,0.796
8866,4U-U-Z4.tif,0.005,0.346,0.555,0.134,651,465,124.992,0.074,2.034,0.492,0.789
8867,4U-U-Z4.tif,0.002,0.172,0.697,0.064,264,466,120.964,0.044,1.314,0.761,0.800
8868,4U-U-Z4.tif,0.005,0.308,0.699,0.109,548,466,120.466,0.081,1.421,0.704,0.879
8869,4U-U-Z4.tif,0.003,0.261,0.471,0.086,556,466,116.565,0.066,1.434,0.697,0.654
8870,4U-U-Z4.tif,0.010,0.426,0.699,0.154,60,471,145.176,0.086,1.762,0.567,0.895
8871,4U-U-Z4.tif,0.004,0.322,0.475,0.113,473,486,60.945,0.060,2.263,0.442,0.692
8872,4U-U-Z4.tif,0.010,0.444,0.616,0.167,102,485,27.408,0.079,2.192,0.456,0.862
8873,4U-U-Z4.tif,0.002,0.184,0.696,0.072,289,478,22.620,0.047,1.790,0.559,0.816
8874,4U-U-Z4.tif,0.003,0.205,0.753,0.079,685,479,33.690,0.050,1.432,0.698,0.892
8875,4U-U-Z4.tif,0.003,0.284,0.486,0.108,748,473,165.256,0.050,2.213,0.452,0.746
8876,4U-U-Z4.tif,0.003,0.245,0.577,0.096,994,470,113.629,0.053,1.923,0.520,0.755
8877,4U-U-Z4.tif,0.003,0.287,0.494,0.099,269,482,19.440,0.061,1.526,0.655,0.773
8878,4U-U-Z4.tif,0.003,0.224,0.815,0.085,170,473,165.069,0.053,1.537,0.651,0.881
8879,4U-U-Z4.tif,0.002,0.219,0.555,0.094,372,476,6.710,0.028,3.287,0.304,0.886
8880,4U-U-Z4.tif,0.003,0.228,0.731,0.082,604,472,132.274,0.059,1.394,0.717,0.855
8881,4U-U-Z4.tif,0.006,0.390,0.482,0.129,881,472,109.983,0.077,1.649,0.606,0.808
8882,4U-U-Z4.tif,0.002,0.169,0.871,0.067,448,473,114.444,0.046,1.546,0.647,0.878
8883,4U-U-Z4.tif,0.002,0.198,0.561,0.066,249,475,138.366,0.050,1.223,0.818,0.768
8884,4U-U-Z4.tif,0.003,0.245,0.532,0.086,742,476,129.806,0.051,1.937,0.516,0.724
8885,4U-U-Z4.tif,0.001,0.126,0.834,0.047,146,476,159.444,0.033,1.292,0.774,0.843
8886,4U-U-Z4.tif,0.018,0.673,0.504,0.191,424,479,133.831,0.152,1.267,0.789,0.872
8887,4U-U-Z4.tif,0.007,0.410,0.522,0.133,847,479,155.556,0.083,1.643,0.609,0.828
8888,4U-U-Z4.tif,0.004,0.267,0.758,0.107,87,477,124.509,0.061,1.917,0.522,0.877
8889,4U-U-Z4.tif,0.001,0.126,0.834,0.047,204,485,69.444,0.038,1.327,0.754,0.824
8890,4U-U-Z4.tif,0.006,0.368,0.514,0.126,191,478,105.255,0.087,1.573,0.636,0.758
8891,4U-U-Z4.tif,0.002,0.169,0.723,0.059,297,478,138.814,0.048,1.163,0.860,0.806
8892,4U-U-Z4.tif,0.004,0.239,0.818,0.089,506,478,111.801,0.061,1.433,0.698,0.882
8893,4U-U-Z4.tif,0.002,0.176,0.783,0.068,129,482,165.964,0.044,1.699,0.588,0.837
8894,4U-U-Z4.tif,0.001,0.128,0.786,0.057,208,485,29.055,0.028,1.867,0.536,0.895
8895,4U-U-Z4.tif,0.002,0.189,0.535,0.072,288,481,112.620,0.044,1.696,0.590,0.699
8896,4U-U-Z4.tif,0.004,0.325,0.480,0.118,571,481,100.784,0.058,2.431,0.411,0.739
8897,4U-U-Z4.tif,0.005,0.380,0.398,0.157,707,483,161.565,0.061,2.749,0.364,0.735
8898,4U-U-Z4.tif,0.030,0.814,0.573,0.263,205,513,33.024,0.180,1.458,0.686,0.859
8899,4U-U-Z4.tif,0.002,0.175,0.708,0.075,275,484,162.897,0.033,2.136,0.468,0.851
8900,4U-U-Z4.tif,0.008,0.402,0.583,0.154,634,483,145.176,0.080,1.918,0.521,0.857
8901,4U-U-Z4.tif,0.001,0.176,0.575,0.067,824,494,65.556,0.038,2.035,0.492,0.740
8902,4U-U-Z4.tif,0.009,0.421,0.671,0.157,903,500,36.469,0.091,1.736,0.576,0.872
8903,4U-U-Z4.tif,0.003,0.255,0.581,0.082,178,498,70.346,0.065,1.381,0.724,0.736
8904,4U-U-Z4.tif,0.017,0.556,0.674,0.179,529,485,123.690,0.136,1.320,0.758,0.882
8905,4U-U-Z4.tif,0.003,0.225,0.797,0.094,607,485,151.928,0.058,1.741,0.575,0.876
8906,4U-U-Z4.tif,0.005,0.309,0.649,0.125,834,484,135.000,0.063,1.912,0.523,0.845
8907,4U-U-Z4.tif,0.012,0.627,0.391,0.193,978,517,70.017,0.129,1.650,0.606,0.718
8908,4U-U-Z4.tif,0.002,0.197,0.784,0.069,245,496,61.390,0.058,1.092,0.916,0.851
8909,4U-U-Z4.tif,0.001,0.200,0.468,0.082,403,486,132.274,0.042,2.229,0.449,0.632
8910,4U-U-Z4.tif,0.002,0.223,0.505,0.090,1003,485,127.569,0.039,2.898,0.345,0.737
8911,4U-U-Z4.tif,0.002,0.189,0.595,0.083,111,490,7.595,0.033,2.716,0.368,0.800
8912,4U-U-Z4.tif,0.008,0.450,0.512,0.149,298,487,128.991,0.108,1.560,0.641,0.764
8913,4U-U-Z4.tif,0.017,0.609,0.573,0.238,364,488,166.608,0.113,2.179,0.459,0.865
8914,4U-U-Z4.tif,0.018,0.580,0.661,0.194,756,511,34.592,0.135,1.406,0.711,0.882
8915,4U-U-Z4.tif,0.033,0.760,0.724,0.247,689,530,73.179,0.194,1.135,0.881,0.880
8916,4U-U-Z4.tif,0.017,0.672,0.465,0.245,49,503,170.961,0.118,2.138,0.468,0.777
8917,4U-U-Z4.tif,0.002,0.165,0.766,0.063,125,495,15.255,0.048,1.271,0.787,0.780
8918,4U-U-Z4.tif,0.003,0.230,0.679,0.087,40,490,108.435,0.061,1.600,0.625,0.767
8919,4U-U-Z4.tif,0.002,0.202,0.646,0.084,456,503,58.392,0.040,2.332,0.429,0.826
8920,4U-U-Z4.tif,0.002,0.156,0.780,0.063,557,497,37.875,0.042,1.632,0.613,0.862
8921,4U-U-Z4.tif,0.004,0.267,0.704,0.094,141,493,130.236,0.072,1.351,0.740,0.849
8922,4U-U-Z4.tif,0.012,0.481,0.643,0.158,165,491,110.323,0.119,1.443,0.693,0.839
8923,4U-U-Z4.tif,0.010,0.518,0.450,0.179,451,513,42.510,0.122,1.636,0.611,0.725
8924,4U-U-Z4.tif,0.003,0.235,0.671,0.094,490,491,118.072,0.051,1.753,0.571,0.870
8925,4U-U-Z4.tif,0.006,0.297,0.812,0.115,351,492,125.218,0.074,1.541,0.649,0.902
8926,4U-U-Z4.tif,0.002,0.205,0.726,0.069,480,493,151.390,0.061,1.126,0.888,0.847
8927,4U-U-Z4.tif,0.001,0.123,0.928,0.045,788,493,104.036,0.038,1.198,0.835,0.841
8928,4U-U-Z4.tif,0.007,0.368,0.688,0.153,99,494,149.744,0.074,2.072,0.483,0.897
8929,4U-U-Z4.tif,0.001,0.141,0.789,0.052,508,494,122.005,0.038,1.373,0.729,0.854
8930,4U-U-Z4.tif,0.001,0.154,0.719,0.055,585,502,36.870,0.039,1.420,0.704,0.769
8931,4U-U-Z4.tif,0.014,0.674,0.380,0.175,253,496,133.727,0.147,1.034,0.967,0.777
8932,4U-U-Z4.tif,0.004,0.322,0.545,0.103,719,505,15.524,0.079,1.027,0.974,0.727
8933,4U-U-Z4.tif,0.001,0.145,0.740,0.052,130,502,32.005,0.039,1.283,0.779,0.845
8934,4U-U-Z4.tif,0.008,0.427,0.546,0.133,184,497,119.745,0.104,1.198,0.835,0.799
8935,4U-U-Z4.tif,0.005,0.392,0.401,0.152,272,497,130.601,0.055,3.072,0.326,0.773
8936,4U-U-Z4.tif,0.006,0.326,0.684,0.121,804,504,177.397,0.071,1.746,0.573,0.851
8937,4U-U-Z4.tif,0.002,0.187,0.802,0.070,963,507,38.660,0.052,1.282,0.780,0.831
8938,4U-U-Z4.tif,0.008,0.454,0.490,0.150,328,523,61.557,0.094,1.511,0.662,0.797
8939,4U-U-Z4.tif,0.010,0.473,0.588,0.182,519,499,115.017,0.093,2.165,0.462,0.830
8940,4U-U-Z4.tif,0.004,0.356,0.445,0.126,605,500,156.801,0.062,2.237,0.447,0.718
8941,4U-U-Z4.tif,0.001,0.133,0.755,0.052,782,507,57.995,0.033,1.734,0.577,0.833
8942,4U-U-Z4.tif,0.084,1.400,0.535,0.474,594,555,15.489,0.285,2.001,0.500,0.831
8943,4U-U-Z4.tif,0.004,0.294,0.552,0.091,884,511,14.036,0.072,1.304,0.767,0.806
8944,4U-U-Z4.tif,0.001,0.156,0.764,0.067,1006,503,170.538,0.033,1.886,0.530,0.860
8945,4U-U-Z4.tif,0.009,0.455,0.544,0.148,917,514,164.932,0.113,1.185,0.844,0.816
8946,4U-U-Z4.tif,0.003,0.237,0.629,0.083,559,506,143.130,0.062,1.452,0.688,0.765
8947,4U-U-Z4.tif,0.002,0.164,0.906,0.062,582,513,63.435,0.049,1.330,0.752,0.871
8948,4U-U-Z4.tif,0.002,0.145,0.903,0.060,483,505,146.310,0.039,1.572,0.636,0.893
8949,4U-U-Z4.tif,0.005,0.298,0.663,0.096,802,505,103.241,0.084,1.075,0.930,0.831
8950,4U-U-Z4.tif,0.007,0.370,0.625,0.126,815,519,37.875,0.090,1.468,0.681,0.847
8951,4U-U-Z4.tif,0.008,0.466,0.469,0.151,399,530,56.889,0.091,1.858,0.538,0.752
8952,4U-U-Z4.tif,0.009,0.398,0.697,0.143,845,514,164.358,0.102,1.315,0.761,0.841
8953,4U-U-Z4.tif,0.007,0.344,0.735,0.131,30,513,157.751,0.085,1.645,0.608,0.880
8954,4U-U-Z4.tif,0.005,0.272,0.853,0.099,351,514,146.310,0.077,1.195,0.837,0.925
8955,4U-U-Z4.tif,0.010,0.403,0.770,0.148,421,515,158.199,0.092,1.747,0.572,0.896
8956,4U-U-Z4.tif,0.004,0.268,0.749,0.096,367,525,30.964,0.066,1.367,0.732,0.887
8957,4U-U-Z4.tif,0.002,0.228,0.514,0.083,600,514,172.405,0.055,1.413,0.708,0.711
8958,4U-U-Z4.tif,0.002,0.211,0.703,0.089,13,516,158.199,0.049,1.947,0.514,0.854
8959,4U-U-Z4.tif,0.002,0.198,0.697,0.072,319,514,112.620,0.054,1.470,0.680,0.791
8960,4U-U-Z4.tif,0.003,0.233,0.696,0.083,559,514,126.870,0.063,1.405,0.712,0.822
8961,4U-U-Z4.tif,0.001,0.130,0.815,0.054,888,524,66.038,0.032,1.827,0.547,0.867
8962,4U-U-Z4.tif,0.008,0.494,0.429,0.151,124,520,169.509,0.088,1.939,0.516,0.748
8963,4U-U-Z4.tif,0.012,0.612,0.393,0.172,583,548,82.648,0.143,1.174,0.852,0.707
8964,4U-U-Z4.tif,0.002,0.169,0.697,0.067,959,523,24.444,0.039,1.871,0.534,0.812
8965,4U-U-Z4.tif,0.004,0.261,0.776,0.106,335,520,152.103,0.057,1.960,0.510,0.885
8966,4U-U-Z4.tif,0.004,0.234,0.813,0.083,463,523,172.405,0.064,1.269,0.788,0.863
8967,4U-U-Z4.tif,0.004,0.342,0.481,0.108,54,525,156.038,0.082,1.328,0.753,0.673
8968,4U-U-Z4.tif,0.008,0.402,0.622,0.131,785,520,112.249,0.099,1.575,0.635,0.829
8969,4U-U-Z4.tif,0.004,0.255,0.727,0.099,108,527,160.560,0.057,1.817,0.550,0.873
8970,4U-U-Z4.tif,0.002,0.203,0.684,0.070,90,522,128.660,0.053,1.316,0.760,0.787
8971,4U-U-Z4.tif,0.002,0.231,0.564,0.075,721,524,162.897,0.058,1.510,0.662,0.742
8972,4U-U-Z4.tif,0.001,0.144,0.864,0.060,735,523,146.310,0.039,1.501,0.666,0.887
8973,4U-U-Z4.tif,0.012,0.473,0.692,0.175,794,546,28.179,0.103,1.700,0.588,0.842
8974,4U-U-Z4.tif,0.003,0.225,0.858,0.085,942,525,165.069,0.055,1.549,0.646,0.880
8975,4U-U-Z4.tif,0.005,0.320,0.568,0.099,480,540,70.560,0.084,1.166,0.858,0.761
8976,4U-U-Z4.tif,0.005,0.333,0.606,0.106,538,531,8.973,0.079,1.176,0.850,0.821
8977,4U-U-Z4.tif,0.002,0.186,0.825,0.067,830,526,145.008,0.053,1.199,0.834,0.872
8978,4U-U-Z4.tif,0.002,0.209,0.608,0.081,288,524,151.699,0.049,1.577,0.634,0.765
8979,4U-U-Z4.tif,0.005,0.310,0.647,0.113,390,524,104.036,0.061,1.988,0.503,0.856
8980,4U-U-Z4.tif,0.011,0.604,0.373,0.158,909,526,119.249,0.128,1.338,0.747,0.788
8981,4U-U-Z4.tif,0.012,0.515,0.560,0.155,236,553,67.068,0.119,1.180,0.848,0.817
8982,4U-U-Z4.tif,0.002,0.263,0.365,0.100,506,530,6.340,0.039,3.084,0.324,0.698
8983,4U-U-Z4.tif,0.006,0.395,0.453,0.138,172,543,36.870,0.094,1.582,0.632,0.725
8984,4U-U-Z4.tif,0.002,0.180,0.755,0.062,193,530,153.435,0.054,1.117,0.895,0.831
8985,4U-U-Z4.tif,0.005,0.279,0.741,0.096,216,527,103.241,0.078,1.188,0.842,0.837
8986,4U-U-Z4.tif,0.010,0.470,0.546,0.203,688,549,32.829,0.074,3.192,0.313,0.831
8987,4U-U-Z4.tif,0.003,0.245,0.704,0.090,847,543,79.380,0.068,1.292,0.774,0.793
8988,4U-U-Z4.tif,0.010,0.410,0.780,0.144,878,530,136.548,0.110,1.314,0.761,0.901
8989,4U-U-Z4.tif,0.004,0.274,0.651,0.107,993,527,101.889,0.055,1.985,0.504,0.837
8990,4U-U-Z4.tif,0.021,0.772,0.443,0.222,148,565,66.615,0.176,1.386,0.721,0.735
8991,4U-U-Z4.tif,0.004,0.389,0.320,0.136,255,538,14.036,0.061,2.538,0.394,0.656
8992,4U-U-Z4.tif,0.013,0.622,0.434,0.182,351,547,28.887,0.132,1.462,0.684,0.790
8993,4U-U-Z4.tif,0.007,0.359,0.640,0.141,25,552,59.421,0.078,1.785,0.560,0.858
8994,4U-U-Z4.tif,0.002,0.250,0.318,0.086,277,541,26.565,0.048,2.279,0.439,0.575
8995,4U-U-Z4.tif,0.004,0.320,0.549,0.110,430,532,107.526,0.081,1.420,0.704,0.755
8996,4U-U-Z4.tif,0.008,0.388,0.646,0.135,455,532,116.565,0.101,1.181,0.847,0.810
8997,4U-U-Z4.tif,0.013,0.504,0.641,0.159,753,532,123.690,0.132,1.029,0.972,0.867
8998,4U-U-Z4.tif,0.025,0.744,0.563,0.269,315,536,139.145,0.156,1.935,0.517,0.825
8999,4U-U-Z4.tif,0.007,0.360,0.635,0.134,830,533,109.179,0.077,1.706,0.586,0.850
9000,4U-U-Z4.tif,0.009,0.452,0.539,0.160,100,563,74.055,0.100,1.710,0.585,0.786
9001,4U-U-Z4.tif,0.004,0.322,0.468,0.106,507,554,81.027,0.072,1.901,0.526,0.676
9002,4U-U-Z4.tif,0.004,0.313,0.521,0.094,929,546,40.236,0.077,1.274,0.785,0.802
9003,4U-U-Z4.tif,0.003,0.267,0.528,0.098,81,553,73.610,0.053,2.272,0.440,0.733
9004,4U-U-Z4.tif,0.001,0.175,0.609,0.072,401,548,67.380,0.038,2.386,0.419,0.772
9005,4U-U-Z4.tif,0.002,0.153,0.894,0.054,70,537,113.962,0.044,1.132,0.883,0.917
9006,4U-U-Z4.tif,0.002,0.183,0.740,0.074,47,538,116.565,0.043,1.717,0.582,0.833
9007,4U-U-Z4.tif,0.007,0.427,0.511,0.150,546,538,151.557,0.088,1.598,0.626,0.812
9008,4U-U-Z4.tif,0.005,0.314,0.680,0.111,199,552,20.225,0.083,1.366,0.732,0.836
9009,4U-U-Z4.tif,0.008,0.368,0.708,0.134,863,563,80.538,0.084,1.647,0.607,0.864
9010,4U-U-Z4.tif,0.002,0.198,0.793,0.073,472,541,102.995,0.054,1.528,0.654,0.845
9011,4U-U-Z4.tif,0.003,0.252,0.542,0.104,532,541,122.005,0.051,1.921,0.520,0.783
9012,4U-U-Z4.tif,0.002,0.185,0.759,0.075,8,542,126.027,0.048,1.467,0.682,0.855
9013,4U-U-Z4.tif,0.004,0.274,0.717,0.091,384,543,115.017,0.078,1.077,0.928,0.832
9014,4U-U-Z4.tif,0.003,0.231,0.629,0.086,266,556,39.806,0.057,1.641,0.609,0.789
9015,4U-U-Z4.tif,0.005,0.306,0.659,0.124,906,549,159.146,0.063,1.997,0.501,0.857
9016,4U-U-Z4.tif,0.001,0.159,0.644,0.055,70,547,143.130,0.044,1.149,0.870,0.768
9017,4U-U-Z4.tif,0.003,0.245,0.704,0.089,712,553,7.125,0.067,1.233,0.811,0.787
9018,4U-U-Z4.tif,0.009,0.472,0.509,0.153,951,565,37.694,0.109,1.494,0.669,0.750
9019,4U-U-Z4.tif,0.009,0.473,0.532,0.185,441,553,153.435,0.079,2.574,0.389,0.809
9020,4U-U-Z4.tif,0.002,0.253,0.464,0.081,479,550,151.699,0.060,1.217,0.822,0.690
9021,4U-U-Z4.tif,0.004,0.362,0.388,0.105,122,550,132.879,0.086,1.293,0.773,0.655
9022,4U-U-Z4.tif,0.002,0.237,0.494,0.086,243,553,153.435,0.055,1.558,0.642,0.716
9023,4U-U-Z4.tif,0.006,0.333,0.700,0.138,411,554,163.740,0.071,1.991,0.502,0.885
9024,4U-U-Z4.tif,0.003,0.211,0.977,0.077,1002,550,111.038,0.062,1.167,0.857,0.923
9025,4U-U-Z4.tif,0.001,0.193,0.428,0.079,846,563,56.310,0.033,3.179,0.315,0.632
9026,4U-U-Z4.tif,0.005,0.322,0.635,0.113,779,552,140.906,0.068,1.596,0.627,0.822
9027,4U-U-Z4.tif,0.007,0.373,0.625,0.143,804,566,15.642,0.079,1.906,0.525,0.837
9028,4U-U-Z4.tif,0.010,0.478,0.552,0.175,525,553,118.179,0.103,1.716,0.583,0.838
9029,4U-U-Z4.tif,0.002,0.256,0.395,0.080,280,558,164.055,0.049,1.639,0.610,0.663
9030,4U-U-Z4.tif,0.011,0.497,0.542,0.180,676,569,23.429,0.099,1.575,0.635,0.793
9031,4U-U-Z4.tif,0.001,0.125,0.827,0.047,874,554,125.538,0.033,1.172,0.853,0.850
9032,4U-U-Z4.tif,0.002,0.222,0.604,0.082,108,566,42.274,0.054,1.839,0.544,0.736
9033,4U-U-Z4.tif,0.007,0.359,0.646,0.144,215,555,133.452,0.074,2.095,0.477,0.822
9034,4U-U-Z4.tif,0.002,0.206,0.600,0.077,392,558,158.962,0.044,1.972,0.507,0.766
9035,4U-U-Z4.tif,0.003,0.219,0.742,0.089,755,558,172.875,0.050,1.687,0.593,0.857
9036,4U-U-Z4.tif,0.015,0.711,0.379,0.240,26,576,15.945,0.111,2.028,0.493,0.786
9037,4U-U-Z4.tif,0.007,0.415,0.504,0.160,187,558,136.397,0.071,2.341,0.427,0.766
9038,4U-U-Z4.tif,0.007,0.400,0.521,0.128,264,578,59.036,0.089,1.563,0.640,0.811
9039,4U-U-Z4.tif,0.001,0.153,0.699,0.063,892,562,15.255,0.036,1.964,0.509,0.782
9040,4U-U-Z4.tif,0.001,0.133,0.776,0.059,973,562,21.801,0.028,2.219,0.451,0.878
9041,4U-U-Z4.tif,0.004,0.301,0.545,0.124,737,570,12.804,0.056,2.255,0.443,0.805
9042,4U-U-Z4.tif,0.004,0.287,0.678,0.108,362,566,165.256,0.070,1.409,0.710,0.821
9043,4U-U-Z4.tif,0.007,0.420,0.484,0.168,580,561,141.633,0.062,3.062,0.327,0.790
9044,4U-U-Z4.tif,0.006,0.388,0.540,0.166,938,560,111.448,0.069,2.560,0.391,0.818
9045,4U-U-Z4.tif,0.002,0.150,0.933,0.054,964,560,113.962,0.050,1.109,0.902,0.866
9046,4U-U-Z4.tif,0.007,0.366,0.658,0.130,874,578,36.384,0.083,1.634,0.612,0.821
9047,4U-U-Z4.tif,0.002,0.195,0.540,0.079,86,566,167.905,0.039,2.114,0.473,0.771
9048,4U-U-Z4.tif,0.002,0.173,0.800,0.062,240,564,169.695,0.053,1.193,0.838,0.818
9049,4U-U-Z4.tif,0.007,0.381,0.621,0.143,553,575,15.642,0.081,1.973,0.507,0.821
9050,4U-U-Z4.tif,0.007,0.401,0.513,0.132,648,573,16.928,0.094,1.379,0.725,0.726
9051,4U-U-Z4.tif,0.003,0.253,0.572,0.090,491,565,132.510,0.052,1.844,0.542,0.753
9052,4U-U-Z4.tif,0.006,0.350,0.573,0.116,974,569,177.274,0.093,1.251,0.799,0.767
9053,4U-U-Z4.tif,0.001,0.178,0.539,0.073,502,564,167.005,0.028,2.336,0.428,0.818
9054,4U-U-Z4.tif,0.004,0.316,0.562,0.122,831,586,71.565,0.059,2.217,0.451,0.810
9055,4U-U-Z4.tif,0.005,0.298,0.728,0.106,173,582,51.340,0.078,1.519,0.658,0.865
9056,4U-U-Z4.tif,0.005,0.314,0.599,0.118,275,578,27.759,0.075,1.639,0.610,0.785
9057,4U-U-Z4.tif,0.007,0.353,0.719,0.113,304,566,133.025,0.101,1.089,0.918,0.853
9058,4U-U-Z4.tif,0.004,0.410,0.274,0.168,701,575,11.310,0.044,4.639,0.216,0.661
9059,4U-U-Z4.tif,0.002,0.158,0.767,0.059,434,572,21.801,0.043,1.369,0.730,0.813
9060,4U-U-Z4.tif,0.005,0.308,0.667,0.106,481,569,128.660,0.076,1.345,0.744,0.867
9061,4U-U-Z4.tif,0.016,0.648,0.487,0.191,845,570,138.504,0.145,1.390,0.719,0.795
9062,4U-U-Z4.tif,0.011,0.478,0.631,0.167,898,578,172.405,0.107,1.660,0.602,0.827
9063,4U-U-Z4.tif,0.008,0.522,0.358,0.164,145,596,42.274,0.096,1.658,0.603,0.667
9064,4U-U-Z4.tif,0.029,0.871,0.479,0.223,442,606,57.095,0.202,1.162,0.861,0.849
9065,4U-U-Z4.tif,0.014,0.589,0.499,0.195,787,574,163.610,0.117,1.789,0.559,0.778
9066,4U-U-Z4.tif,0.004,0.239,0.792,0.090,126,572,132.510,0.064,1.330,0.752,0.869
9067,4U-U-Z4.tif,0.001,0.156,0.764,0.059,674,581,68.199,0.038,1.717,0.583,0.810
9068,4U-U-Z4.tif,0.002,0.206,0.636,0.083,988,583,53.130,0.047,1.926,0.519,0.772
9069,4U-U-Z4.tif,0.011,0.499,0.542,0.171,105,572,110.772,0.110,1.625,0.616,0.801
9070,4U-U-Z4.tif,0.004,0.233,0.843,0.085,429,587,75.069,0.064,1.333,0.750,0.889
9071,4U-U-Z4.tif,0.011,0.630,0.354,0.162,62,593,17.819,0.136,1.189,0.841,0.702
9072,4U-U-Z4.tif,0.006,0.421,0.411,0.160,255,573,95.906,0.066,3.126,0.320,0.735
9073,4U-U-Z4.tif,0.002,0.175,0.721,0.066,964,581,41.634,0.047,1.612,0.620,0.817
9074,4U-U-Z4.tif,0.004,0.272,0.673,0.104,228,576,122.005,0.056,1.990,0.502,0.832
9075,4U-U-Z4.tif,0.006,0.350,0.624,0.132,574,597,73.072,0.078,1.850,0.540,0.839
9076,4U-U-Z4.tif,0.003,0.250,0.560,0.095,713,579,10.008,0.053,1.795,0.557,0.748
9077,4U-U-Z4.tif,0.011,0.445,0.683,0.155,174,592,16.504,0.111,1.401,0.714,0.867
9078,4U-U-Z4.tif,0.001,0.123,0.853,0.049,210,577,153.435,0.034,1.608,0.622,0.800
9079,4U-U-Z4.tif,0.005,0.381,0.435,0.156,407,604,81.870,0.055,2.917,0.343,0.760
9080,4U-U-Z4.tif,0.003,0.290,0.406,0.090,513,589,52.431,0.060,1.419,0.705,0.641
9081,4U-U-Z4.tif,0.002,0.164,0.807,0.057,564,586,73.301,0.050,1.044,0.958,0.838
9082,4U-U-Z4.tif,0.002,0.187,0.607,0.064,763,583,19.983,0.046,1.251,0.799,0.752
9083,4U-U-Z4.tif,0.012,0.601,0.428,0.193,327,588,4.899,0.121,1.584,0.631,0.740
9084,4U-U-Z4.tif,0.009,0.413,0.686,0.139,618,582,6.843,0.105,1.191,0.839,0.864
9085,4U-U-Z4.tif,0.006,0.341,0.658,0.130,682,599,62.354,0.081,1.653,0.605,0.854
9086,4U-U-Z4.tif,0.013,0.481,0.716,0.187,9,606,40.236,0.101,1.939,0.516,0.885
9087,4U-U-Z4.tif,0.005,0.317,0.674,0.118,373,589,27.759,0.073,1.527,0.655,0.842
9088,4U-U-Z4.tif,0.003,0.192,0.935,0.072,268,592,67.380,0.050,1.289,0.776,0.938
9089,4U-U-Z4.tif,0.002,0.153,0.813,0.057,708,589,60.945,0.045,1.156,0.865,0.826
9090,4U-U-Z4.tif,0.003,0.236,0.786,0.082,976,582,132.274,0.066,1.263,0.792,0.833
9091,4U-U-Z4.tif,0.002,0.175,0.746,0.066,993,589,41.634,0.047,1.557,0.642,0.805
9092,4U-U-Z4.tif,0.001,0.176,0.588,0.067,397,591,55.008,0.037,2.171,0.461,0.780
9093,4U-U-Z4.tif,0.003,0.209,0.816,0.081,501,594,61.699,0.052,1.638,0.610,0.887
9094,4U-U-Z4.tif,0.007,0.353,0.665,0.136,733,599,46.637,0.076,1.888,0.530,0.838
9095,4U-U-Z4.tif,0.003,0.214,0.724,0.082,549,591,19.654,0.050,1.576,0.635,0.861
9096,4U-U-Z4.tif,0.006,0.329,0.748,0.126,642,592,23.199,0.077,1.591,0.629,0.891
9097,4U-U-Z4.tif,0.001,0.125,0.876,0.049,673,582,116.565,0.033,1.388,0.720,0.889
9098,4U-U-Z4.tif,0.002,0.187,0.618,0.072,278,595,67.380,0.042,1.959,0.511,0.781
9099,4U-U-Z4.tif,0.005,0.318,0.649,0.126,772,605,66.801,0.061,2.274,0.440,0.831
9100,4U-U-Z4.tif,0.010,0.432,0.701,0.144,897,584,130.365,0.110,1.389,0.720,0.869
9101,4U-U-Z4.tif,0.002,0.202,0.674,0.074,127,595,41.987,0.046,1.577,0.634,0.828
9102,4U-U-Z4.tif,0.009,0.431,0.608,0.158,959,585,102.095,0.095,1.738,0.576,0.823
9103,4U-U-Z4.tif,0.003,0.261,0.636,0.090,557,596,37.569,0.071,1.274,0.785,0.835
9104,4U-U-Z4.tif,0.003,0.268,0.549,0.085,528,587,104.931,0.073,1.163,0.860,0.720
9105,4U-U-Z4.tif,0.004,0.261,0.773,0.094,371,607,83.290,0.070,1.412,0.708,0.857
9106,4U-U-Z4.tif,0.003,0.287,0.397,0.085,869,598,14.931,0.071,1.286,0.778,0.642
9107,4U-U-Z4.tif,0.003,0.290,0.431,0.121,585,596,177.397,0.039,3.698,0.270,0.769
9108,4U-U-Z4.tif,0.005,0.414,0.354,0.144,123,593,94.399,0.076,2.202,0.454,0.649
9109,4U-U-Z4.tif,0.001,0.144,0.809,0.060,265,600,33.690,0.037,1.559,0.641,0.863
9110,4U-U-Z4.tif,0.003,0.237,0.683,0.089,819,596,158.199,0.059,1.553,0.644,0.811
9111,4U-U-Z4.tif,0.005,0.416,0.395,0.147,188,597,167.005,0.064,2.654,0.377,0.710
9112,4U-U-Z4.tif,0.012,0.548,0.491,0.170,419,595,114.905,0.114,1.630,0.613,0.800
9113,4U-U-Z4.tif,0.002,0.202,0.599,0.089,480,609,60.255,0.038,2.643,0.378,0.795
9114,4U-U-Z4.tif,0.012,0.579,0.432,0.173,47,596,127.235,0.118,1.642,0.609,0.755
9115,4U-U-Z4.tif,0.006,0.370,0.556,0.117,311,597,131.186,0.084,1.521,0.657,0.821
9116,4U-U-Z4.tif,0.013,0.594,0.474,0.199,702,605,173.660,0.138,1.694,0.590,0.756
9117,4U-U-Z4.tif,0.004,0.267,0.742,0.090,782,597,127.569,0.069,1.315,0.761,0.845
9118,4U-U-Z4.tif,0.012,0.514,0.549,0.175,154,608,12.724,0.102,1.605,0.623,0.812
9119,4U-U-Z4.tif,0.006,0.387,0.491,0.159,502,601,165.964,0.055,3.562,0.281,0.801
9120,4U-U-Z4.tif,0.013,0.583,0.465,0.210,637,604,173.991,0.121,1.636,0.611,0.736
9121,4U-U-Z4.tif,0.002,0.187,0.792,0.081,930,599,151.699,0.043,2.073,0.482,0.885
9122,4U-U-Z4.tif,0.005,0.359,0.449,0.107,84,616,34.509,0.090,1.270,0.787,0.729
9123,4U-U-Z4.tif,0.001,0.142,0.850,0.055,292,599,126.870,0.039,1.438,0.696,0.865
9124,4U-U-Z4.tif,0.006,0.471,0.358,0.176,335,629,69.864,0.080,2.567,0.390,0.694
9125,4U-U-Z4.tif,0.002,0.239,0.421,0.094,215,600,139.764,0.042,2.385,0.419,0.704
9126,4U-U-Z4.tif,0.003,0.213,0.809,0.084,276,614,66.801,0.055,1.570,0.637,0.873
9127,4U-U-Z4.tif,0.018,0.648,0.527,0.197,544,600,107.928,0.129,1.593,0.628,0.823
9128,4U-U-Z4.tif,0.005,0.386,0.394,0.111,748,619,69.775,0.085,1.449,0.690,0.668
9129,4U-U-Z4.tif,0.001,0.192,0.421,0.083,834,604,7.595,0.033,2.580,0.388,0.661
9130,4U-U-Z4.tif,0.025,0.664,0.707,0.209,373,608,144.638,0.175,1.033,0.968,0.900
9131,4U-U-Z4.tif,0.022,0.692,0.583,0.242,961,614,168.179,0.150,1.396,0.716,0.841
9132,4U-U-Z4.tif,0.006,0.330,0.734,0.117,999,616,41.186,0.092,1.263,0.792,0.873
9133,4U-U-Z4.tif,0.001,0.136,0.822,0.052,284,604,147.995,0.039,1.125,0.889,0.879
9134,4U-U-Z4.tif,0.004,0.272,0.727,0.098,25,612,16.390,0.076,1.217,0.822,0.808
9135,4U-U-Z4.tif,0.001,0.154,0.591,0.064,113,604,120.964,0.031,2.139,0.467,0.755
9136,4U-U-Z4.tif,0.002,0.197,0.647,0.074,624,610,26.565,0.033,2.088,0.479,0.880
9137,4U-U-Z4.tif,0.017,0.635,0.521,0.211,680,604,128.660,0.151,1.051,0.952,0.766
9138,4U-U-Z4.tif,0.008,0.449,0.518,0.154,809,629,55.176,0.076,2.049,0.488,0.832
9139,4U-U-Z4.tif,0.033,1.037,0.385,0.290,850,626,171.254,0.214,1.206,0.829,0.757
9140,4U-U-Z4.tif,0.003,0.245,0.596,0.098,915,604,106.390,0.049,2.230,0.448,0.783
9141,4U-U-Z4.tif,0.009,0.467,0.528,0.168,493,636,78.690,0.083,2.271,0.440,0.823
9142,4U-U-Z4.tif,0.003,0.233,0.604,0.091,185,607,115.017,0.055,2.108,0.474,0.775
9143,4U-U-Z4.tif,0.005,0.353,0.543,0.121,791,626,59.931,0.085,1.555,0.643,0.772
9144,4U-U-Z4.tif,0.004,0.392,0.339,0.146,230,633,70.201,0.055,3.249,0.308,0.639
9145,4U-U-Z4.tif,0.001,0.134,0.803,0.052,244,617,71.565,0.038,1.525,0.656,0.792
9146,4U-U-Z4.tif,0.003,0.367,0.314,0.139,906,608,123.690,0.047,3.547,0.282,0.669
9147,4U-U-Z4.tif,0.001,0.130,0.906,0.052,933,613,32.005,0.039,1.340,0.747,0.870
9148,4U-U-Z4.tif,0.016,0.683,0.440,0.258,146,609,106.113,0.103,2.624,0.381,0.816
9149,4U-U-Z4.tif,0.004,0.278,0.586,0.107,512,625,55.491,0.061,1.769,0.565,0.824
9150,4U-U-Z4.tif,0.006,0.381,0.545,0.123,574,614,169.695,0.083,1.704,0.587,0.805
9151,4U-U-Z4.tif,0.023,0.959,0.320,0.247,597,627,163.179,0.157,1.659,0.603,0.730
9152,4U-U-Z4.tif,0.002,0.156,0.780,0.059,767,619,68.199,0.039,1.545,0.647,0.862
9153,4U-U-Z4.tif,0.002,0.202,0.740,0.076,293,622,59.744,0.050,1.458,0.686,0.854
9154,4U-U-Z4.tif,0.002,0.161,0.869,0.057,206,613,150.945,0.050,1.024,0.977,0.855
9155,4U-U-Z4.tif,0.010,0.520,0.469,0.173,253,611,99.162,0.111,1.322,0.756,0.777
9156,4U-U-Z4.tif,0.002,0.187,0.727,0.070,281,620,38.660,0.048,1.338,0.748,0.822
9157,4U-U-Z4.tif,0.002,0.191,0.755,0.070,942,611,108.435,0.047,1.530,0.654,0.857
9158,4U-U-Z4.tif,0.001,0.119,0.947,0.049,70,617,26.565,0.033,1.326,0.754,0.864
9159,4U-U-Z4.tif,0.005,0.296,0.702,0.104,87,623,18.435,0.072,1.425,0.702,0.834
9160,4U-U-Z4.tif,0.003,0.194,0.872,0.075,314,612,126.027,0.055,1.397,0.716,0.882
9161,4U-U-Z4.tif,0.002,0.226,0.513,0.078,343,622,39.289,0.053,1.579,0.633,0.708
9162,4U-U-Z4.tif,0.004,0.261,0.709,0.096,707,613,103.241,0.066,1.579,0.633,0.822
9163,4U-U-Z4.tif,0.003,0.312,0.413,0.103,560,618,164.476,0.064,1.698,0.589,0.695
9164,4U-U-Z4.tif,0.001,0.200,0.458,0.084,412,615,113.199,0.038,2.375,0.421,0.701
9165,4U-U-Z4.tif,0.002,0.173,0.699,0.072,462,626,57.529,0.039,2.005,0.499,0.821
9166,4U-U-Z4.tif,0.006,0.355,0.593,0.127,723,625,17.650,0.078,1.665,0.601,0.790
9167,4U-U-Z4.tif,0.003,0.228,0.622,0.087,262,616,108.435,0.053,1.756,0.569,0.773
9168,4U-U-Z4.tif,0.004,0.303,0.521,0.111,33,636,69.775,0.065,1.687,0.593,0.741
9169,4U-U-Z4.tif,0.010,0.440,0.631,0.163,767,620,135.000,0.089,1.857,0.539,0.845
9170,4U-U-Z4.tif,0.002,0.209,0.443,0.094,106,620,151.928,0.030,4.071,0.246,0.761
9171,4U-U-Z4.tif,0.001,0.180,0.519,0.064,191,623,149.036,0.043,1.536,0.651,0.733
9172,4U-U-Z4.tif,0.007,0.367,0.608,0.145,469,621,127.304,0.069,2.365,0.423,0.830
9173,4U-U-Z4.tif,0.001,0.130,0.838,0.047,61,629,35.538,0.039,1.234,0.810,0.871
9174,4U-U-Z4.tif,0.006,0.353,0.624,0.133,449,623,128.290,0.078,1.811,0.552,0.828
9175,4U-U-Z4.tif,0.007,0.408,0.559,0.128,510,627,154.537,0.098,1.224,0.817,0.767
9176,4U-U-Z4.tif,0.007,0.369,0.613,0.129,16,646,70.017,0.088,1.509,0.663,0.841
9177,4U-U-Z4.tif,0.002,0.222,0.612,0.077,47,625,158.962,0.064,1.163,0.860,0.728
9178,4U-U-Z4.tif,0.016,0.625,0.518,0.208,162,624,127.476,0.145,1.626,0.615,0.788
9179,4U-U-Z4.tif,0.003,0.227,0.644,0.078,715,625,129.289,0.058,1.369,0.731,0.861
9180,4U-U-Z4.tif,0.003,0.283,0.541,0.113,300,628,165.964,0.045,2.705,0.370,0.817
9181,4U-U-Z4.tif,0.004,0.286,0.619,0.101,352,642,49.399,0.069,1.603,0.624,0.829
9182,4U-U-Z4.tif,0.008,0.387,0.668,0.141,750,650,69.444,0.090,1.649,0.607,0.865
9183,4U-U-Z4.tif,0.006,0.419,0.454,0.128,203,638,25.463,0.092,1.414,0.707,0.746
9184,4U-U-Z4.tif,0.001,0.184,0.438,0.056,826,631,11.310,0.047,1.180,0.847,0.639
9185,4U-U-Z4.tif,0.007,0.364,0.706,0.127,271,648,34.380,0.096,1.214,0.824,0.851
9186,4U-U-Z4.tif,0.002,0.228,0.563,0.074,725,630,153.435,0.059,1.183,0.846,0.762
9187,4U-U-Z4.tif,0.003,0.202,0.918,0.074,930,632,153.435,0.059,1.232,0.812,0.895
9188,4U-U-Z4.tif,0.001,0.134,0.740,0.047,325,635,20.556,0.043,1.167,0.857,0.753
9189,4U-U-Z4.tif,0.020,0.646,0.595,0.212,647,637,148.782,0.156,1.202,0.832,0.822
9190,4U-U-Z4.tif,0.011,0.502,0.550,0.204,50,661,51.582,0.101,2.242,0.446,0.852
9191,4U-U-Z4.tif,0.009,0.473,0.481,0.180,82,663,66.571,0.085,2.479,0.403,0.791
9192,4U-U-Z4.tif,0.001,0.180,0.460,0.064,233,633,120.964,0.044,1.643,0.609,0.678
9193,4U-U-Z4.tif,0.005,0.295,0.661,0.098,420,633,128.157,0.080,1.393,0.718,0.816
9194,4U-U-Z4.tif,0.005,0.345,0.486,0.109,500,633,130.914,0.081,1.300,0.769,0.752
9195,4U-U-Z4.tif,0.007,0.356,0.718,0.128,581,639,149.036,0.089,1.657,0.603,0.840
9196,4U-U-Z4.tif,0.024,0.681,0.654,0.219,893,669,61.504,0.155,1.373,0.729,0.886
9197,4U-U-Z4.tif,0.017,0.626,0.555,0.210,352,661,23.199,0.139,1.633,0.612,0.784
9198,4U-U-Z4.tif,0.001,0.173,0.546,0.078,554,635,140.711,0.029,3.447,0.290,0.735
9199,4U-U-Z4.tif,0.002,0.195,0.520,0.073,707,642,12.995,0.048,1.585,0.631,0.658
9200,4U-U-Z4.tif,0.004,0.320,0.453,0.094,44,652,69.444,0.073,1.318,0.759,0.735
9201,4U-U-Z4.tif,0.011,0.466,0.608,0.189,404,636,98.366,0.086,2.292,0.436,0.874
9202,4U-U-Z4.tif,0.001,0.142,0.831,0.060,916,636,146.310,0.036,1.775,0.564,0.863
9203,4U-U-Z4.tif,0.003,0.231,0.789,0.086,106,647,26.565,0.055,1.463,0.683,0.888
9204,4U-U-Z4.tif,0.002,0.164,0.962,0.064,304,648,70.017,0.044,1.347,0.743,0.925
9205,4U-U-Z4.tif,0.002,0.165,0.752,0.064,332,637,160.017,0.044,1.597,0.626,0.837
9206,4U-U-Z4.tif,0.021,0.593,0.748,0.210,949,673,60.068,0.146,1.463,0.684,0.901
9207,4U-U-Z4.tif,0.006,0.324,0.720,0.113,438,639,119.055,0.072,1.562,0.640,0.884
9208,4U-U-Z4.tif,0.009,0.380,0.749,0.133,831,655,24.444,0.098,1.363,0.734,0.889
9209,4U-U-Z4.tif,0.005,0.306,0.675,0.118,979,649,27.759,0.072,1.541,0.649,0.853
9210,4U-U-Z4.tif,0.003,0.281,0.467,0.116,575,661,84.560,0.039,3.314,0.302,0.802
9211,4U-U-Z4.tif,0.002,0.148,0.864,0.059,812,646,21.801,0.039,1.315,0.761,0.870
9212,4U-U-Z4.tif,0.017,0.555,0.694,0.178,305,652,171.119,0.147,1.270,0.787,0.891
9213,4U-U-Z4.tif,0.001,0.126,0.857,0.052,468,643,161.565,0.033,1.420,0.704,0.867
9214,4U-U-Z4.tif,0.008,0.447,0.522,0.149,199,644,141.009,0.088,2.021,0.495,0.750
9215,4U-U-Z4.tif,0.007,0.362,0.667,0.134,24,643,124.992,0.091,1.756,0.569,0.817
9216,4U-U-Z4.tif,0.009,0.437,0.592,0.153,531,651,154.359,0.107,1.445,0.692,0.808
9217,4U-U-Z4.tif,0.017,0.635,0.534,0.206,806,644,99.211,0.126,1.698,0.589,0.830
9218,4U-U-Z4.tif,0.004,0.250,0.851,0.096,866,659,59.036,0.068,1.417,0.706,0.915
9219,4U-U-Z4.tif,0.010,0.495,0.509,0.178,98,662,29.745,0.109,1.550,0.645,0.789
9220,4U-U-Z4.tif,0.004,0.255,0.786,0.087,760,649,145.305,0.071,1.139,0.878,0.879
9221,4U-U-Z4.tif,0.004,0.283,0.634,0.098,581,646,106.390,0.066,1.385,0.722,0.829
9222,4U-U-Z4.tif,0.002,0.181,0.821,0.075,239,647,126.027,0.046,1.683,0.594,0.871
9223,4U-U-Z4.tif,0.003,0.195,0.900,0.079,740,661,77.905,0.050,1.474,0.678,0.896
9224,4U-U-Z4.tif,0.001,0.133,0.927,0.052,928,647,122.005,0.039,1.326,0.754,0.887
9225,4U-U-Z4.tif,0.001,0.164,0.580,0.059,127,648,111.801,0.033,1.900,0.526,0.781
9226,4U-U-Z4.tif,0.003,0.237,0.696,0.079,465,652,167.905,0.066,1.081,0.925,0.772
9227,4U-U-Z4.tif,0.013,0.462,0.759,0.155,619,650,94.086,0.122,1.303,0.768,0.885
9228,4U-U-Z4.tif,0.013,0.501,0.632,0.197,645,650,120.141,0.101,2.016,0.496,0.904
9229,4U-U-Z4.tif,0.009,0.436,0.578,0.170,978,650,125.754,0.083,1.847,0.541,0.823
9230,4U-U-Z4.tif,0.002,0.186,0.671,0.072,40,651,98.746,0.043,1.581,0.633,0.792
9231,4U-U-Z4.tif,0.003,0.222,0.643,0.079,248,654,155.225,0.060,1.339,0.747,0.787
9232,4U-U-Z4.tif,0.011,0.469,0.612,0.175,837,669,28.179,0.088,2.035,0.491,0.844
9233,4U-U-Z4.tif,0.002,0.206,0.717,0.077,424,665,68.962,0.050,1.472,0.680,0.842
9234,4U-U-Z4.tif,0.011,0.643,0.344,0.261,283,654,155.056,0.095,2.968,0.337,0.679
9235,4U-U-Z4.tif,0.001,0.184,0.550,0.060,1012,660,33.690,0.049,1.262,0.792,0.731
9236,4U-U-Z4.tif,0.004,0.272,0.645,0.106,180,655,128.660,0.060,1.843,0.543,0.804
9237,4U-U-Z4.tif,0.002,0.220,0.556,0.090,345,670,79.380,0.042,2.169,0.461,0.789
9238,4U-U-Z4.tif,0.004,0.278,0.615,0.113,458,654,104.036,0.058,2.282,0.438,0.820
9239,4U-U-Z4.tif,0.009,0.490,0.491,0.177,526,655,126.158,0.086,2.359,0.424,0.780
9240,4U-U-Z4.tif,0.016,0.611,0.524,0.176,693,680,38.660,0.147,1.165,0.859,0.854
9241,4U-U-Z4.tif,0.008,0.428,0.529,0.171,588,686,69.228,0.079,2.265,0.442,0.816
9242,4U-U-Z4.tif,0.004,0.290,0.582,0.094,667,658,130.236,0.072,1.229,0.813,0.794
9243,4U-U-Z4.tif,0.003,0.239,0.665,0.089,1000,657,119.745,0.057,1.653,0.605,0.833
9244,4U-U-Z4.tif,0.001,0.130,0.861,0.049,271,660,153.435,0.039,1.292,0.774,0.844
9245,4U-U-Z4.tif,0.005,0.308,0.719,0.122,388,658,125.838,0.070,1.919,0.521,0.838
9246,4U-U-Z4.tif,0.004,0.237,0.805,0.092,242,659,122.735,0.058,1.609,0.622,0.881
9247,4U-U-Z4.tif,0.006,0.362,0.568,0.124,749,668,159.146,0.081,1.424,0.702,0.813
9248,4U-U-Z4.tif,0.002,0.214,0.516,0.092,221,660,122.735,0.040,2.402,0.416,0.713
9249,4U-U-Z4.tif,0.004,0.305,0.595,0.098,350,672,38.157,0.082,1.151,0.869,0.797
9250,4U-U-Z4.tif,0.002,0.164,0.976,0.060,719,660,123.690,0.050,1.100,0.909,0.926
9251,4U-U-Z4.tif,0.002,0.183,0.889,0.070,126,661,128.660,0.050,1.419,0.705,0.907
9252,4U-U-Z4.tif,0.002,0.195,0.690,0.070,152,661,108.435,0.048,1.521,0.657,0.817
9253,4U-U-Z4.tif,0.006,0.389,0.521,0.148,474,679,31.329,0.073,2.058,0.486,0.767
9254,4U-U-Z4.tif,0.009,0.467,0.536,0.179,506,693,79.380,0.086,2.297,0.435,0.823
9255,4U-U-Z4.tif,0.005,0.267,0.854,0.092,10,672,17.354,0.072,1.183,0.845,0.909
9256,4U-U-Z4.tif,0.003,0.250,0.614,0.100,416,662,99.462,0.044,2.559,0.391,0.824
9257,4U-U-Z4.tif,0.005,0.319,0.561,0.099,161,667,146.310,0.079,1.250,0.800,0.783
9258,4U-U-Z4.tif,0.002,0.167,0.735,0.063,434,671,37.875,0.046,1.325,0.755,0.831
9259,4U-U-Z4.tif,0.001,0.148,0.674,0.052,564,665,108.435,0.044,1.132,0.884,0.772
9260,4U-U-Z4.tif,0.002,0.281,0.342,0.103,252,679,25.201,0.058,2.243,0.446,0.532
9261,4U-U-Z4.tif,0.010,0.534,0.455,0.179,193,668,135.000,0.103,2.135,0.468,0.736
9262,4U-U-Z4.tif,0.002,0.178,0.851,0.070,445,667,108.435,0.044,1.569,0.637,0.893
9263,4U-U-Z4.tif,0.001,0.122,0.948,0.047,582,674,54.462,0.039,1.242,0.805,0.892
9264,4U-U-Z4.tif,0.001,0.194,0.497,0.080,909,671,15.945,0.031,3.291,0.304,0.760
9265,4U-U-Z4.tif,0.002,0.180,0.661,0.067,63,671,155.556,0.045,1.647,0.607,0.772
9266,4U-U-Z4.tif,0.008,0.380,0.662,0.146,966,674,160.201,0.077,2.158,0.463,0.879
9267,4U-U-Z4.tif,0.003,0.206,0.779,0.086,45,672,153.435,0.049,1.869,0.535,0.861
9268,4U-U-Z4.tif,0.006,0.301,0.804,0.120,80,674,164.055,0.072,1.733,0.577,0.891
9269,4U-U-Z4.tif,0.002,0.159,0.764,0.064,928,673,160.017,0.038,1.692,0.591,0.872
9270,4U-U-Z4.tif,0.002,0.275,0.398,0.095,777,686,54.462,0.060,1.669,0.599,0.661
9271,4U-U-Z4.tif,0.003,0.234,0.737,0.078,127,680,8.130,0.069,1.127,0.887,0.812
9272,4U-U-Z4.tif,0.002,0.172,0.813,0.060,864,679,33.690,0.050,1.120,0.893,0.829
9273,4U-U-Z4.tif,0.012,0.578,0.448,0.195,39,708,81.870,0.110,2.030,0.493,0.765
9274,4U-U-Z4.tif,0.002,0.156,0.905,0.055,109,680,36.870,0.049,1.100,0.909,0.879
9275,4U-U-Z4.tif,0.001,0.143,0.760,0.057,371,679,16.699,0.035,1.683,0.594,0.820
9276,4U-U-Z4.tif,0.001,0.121,0.917,0.047,824,680,35.538,0.028,1.563,0.640,0.933
9277,4U-U-Z4.tif,0.014,0.524,0.640,0.188,844,704,58.173,0.127,1.389,0.720,0.853
9278,4U-U-Z4.tif,0.003,0.278,0.507,0.100,242,676,99.462,0.052,1.909,0.524,0.744
9279,4U-U-Z4.tif,0.001,0.185,0.502,0.078,739,676,98.130,0.028,3.409,0.293,0.826
9280,4U-U-Z4.tif,0.002,0.150,0.933,0.059,60,678,158.199,0.043,1.405,0.712,0.880
9281,4U-U-Z4.tif,0.024,0.728,0.570,0.269,337,678,130.855,0.138,1.971,0.507,0.872
9282,4U-U-Z4.tif,0.007,0.355,0.745,0.126,522,677,127.875,0.089,1.362,0.734,0.879
9283,4U-U-Z4.tif,0.003,0.264,0.547,0.090,1001,684,10.620,0.057,1.767,0.566,0.741
9284,4U-U-Z4.tif,0.004,0.267,0.646,0.101,280,683,157.620,0.064,1.577,0.634,0.781
9285,4U-U-Z4.tif,0.002,0.181,0.872,0.063,422,689,74.745,0.058,1.043,0.959,0.833
9286,4U-U-Z4.tif,0.003,0.233,0.766,0.096,448,689,30.964,0.056,1.904,0.525,0.855
9287,4U-U-Z4.tif,0.001,0.261,0.275,0.086,674,691,45.000,0.044,2.760,0.362,0.560
9288,4U-U-Z4.tif,0.003,0.231,0.683,0.082,717,680,160.346,0.055,1.657,0.604,0.824
9289,4U-U-Z4.tif,0.002,0.144,0.938,0.052,880,680,161.565,0.039,1.187,0.843,0.911
9290,4U-U-Z4.tif,0.002,0.237,0.372,0.079,904,690,56.310,0.055,1.602,0.624,0.579
9291,4U-U-Z4.tif,0.003,0.196,0.924,0.082,934,678,132.274,0.054,1.427,0.701,0.959
9292,4U-U-Z4.tif,0.001,0.133,0.884,0.054,223,688,66.038,0.033,1.475,0.678,0.891
9293,4U-U-Z4.tif,0.002,0.198,0.658,0.077,569,679,111.038,0.050,1.753,0.570,0.773
9294,4U-U-Z4.tif,0.002,0.174,0.757,0.063,271,689,52.125,0.044,1.137,0.880,0.863
9295,4U-U-Z4.tif,0.005,0.328,0.612,0.131,377,701,56.976,0.074,1.792,0.558,0.834
9296,4U-U-Z4.tif,0.001,0.123,0.878,0.047,105,682,144.462,0.033,1.303,0.768,0.864
9297,4U-U-Z4.tif,0.004,0.253,0.705,0.094,761,692,40.236,0.070,1.293,0.773,0.856
9298,4U-U-Z4.tif,0.003,0.244,0.724,0.099,791,683,160.560,0.055,1.720,0.581,0.873
9299,4U-U-Z4.tif,0.024,0.697,0.628,0.218,965,681,110.726,0.186,1.069,0.936,0.852
9300,4U-U-Z4.tif,0.015,0.533,0.656,0.172,169,684,129.806,0.134,1.399,0.715,0.849
9301,4U-U-Z4.tif,0.003,0.250,0.654,0.094,196,682,110.556,0.055,1.825,0.548,0.870
9302,4U-U-Z4.tif,0.014,0.549,0.589,0.195,314,682,99.728,0.130,1.502,0.666,0.801
9303,4U-U-Z4.tif,0.003,0.202,0.824,0.077,82,690,21.038,0.050,1.641,0.609,0.889
9304,4U-U-Z4.tif,0.007,0.386,0.610,0.133,254,705,65.556,0.097,1.282,0.780,0.803
9305,4U-U-Z4.tif,0.006,0.359,0.549,0.111,631,687,159.775,0.093,1.181,0.847,0.785
9306,4U-U-Z4.tif,0.005,0.425,0.367,0.129,880,699,39.806,0.088,1.557,0.642,0.650
9307,4U-U-Z4.tif,0.003,0.209,0.755,0.075,749,684,107.103,0.050,1.562,0.640,0.829
9308,4U-U-Z4.tif,0.006,0.364,0.582,0.139,391,709,71.565,0.074,2.087,0.479,0.835
9309,4U-U-Z4.tif,0.003,0.241,0.665,0.083,460,689,172.405,0.060,1.226,0.815,0.786
9310,4U-U-Z4.tif,0.015,0.539,0.636,0.190,481,716,64.179,0.135,1.391,0.719,0.850
9311,4U-U-Z4.tif,0.014,0.563,0.575,0.205,115,720,66.194,0.109,1.940,0.515,0.886
9312,4U-U-Z4.tif,0.004,0.297,0.613,0.110,224,689,162.474,0.060,2.021,0.495,0.807
9313,4U-U-Z4.tif,0.003,0.294,0.508,0.094,427,702,49.764,0.077,1.104,0.906,0.693
9314,4U-U-Z4.tif,0.007,0.339,0.758,0.109,616,690,120.466,0.099,1.085,0.922,0.861
9315,4U-U-Z4.tif,0.002,0.163,0.791,0.060,12,696,33.690,0.044,1.096,0.912,0.833
9316,4U-U-Z4.tif,0.002,0.226,0.595,0.083,47,702,36.870,0.053,1.599,0.625,0.731
9317,4U-U-Z4.tif,0.008,0.408,0.616,0.143,99,714,67.380,0.089,1.789,0.559,0.810
9318,4U-U-Z4.tif,0.002,0.187,0.878,0.072,455,689,112.620,0.055,1.344,0.744,0.866
9319,4U-U-Z4.tif,0.005,0.333,0.614,0.119,722,691,146.310,0.082,1.551,0.645,0.799
9320,4U-U-Z4.tif,0.006,0.414,0.448,0.144,689,692,147.529,0.094,1.542,0.649,0.697
9321,4U-U-Z4.tif,0.002,0.191,0.776,0.067,870,690,124.992,0.054,1.150,0.870,0.865
9322,4U-U-Z4.tif,0.006,0.417,0.424,0.176,926,715,48.814,0.062,3.252,0.307,0.712
9323,4U-U-Z4.tif,0.011,0.461,0.652,0.179,283,723,79.380,0.099,2.002,0.500,0.856
9324,4U-U-Z4.tif,0.001,0.148,0.760,0.063,149,692,105.255,0.033,1.916,0.522,0.846
9325,4U-U-Z4.tif,0.002,0.223,0.421,0.077,577,701,21.038,0.046,2.339,0.428,0.582
9326,4U-U-Z4.tif,0.009,0.464,0.505,0.138,908,715,66.501,0.117,1.157,0.865,0.739
9327,4U-U-Z4.tif,0.005,0.268,0.803,0.094,753,702,20.556,0.074,1.196,0.836,0.884
9328,4U-U-Z4.tif,0.003,0.209,0.812,0.077,780,703,21.038,0.058,1.249,0.801,0.819
9329,4U-U-Z4.tif,0.001,0.126,0.857,0.052,1011,702,57.995,0.032,1.711,0.585,0.857
9330,4U-U-Z4.tif,0.006,0.312,0.768,0.118,596,713,52.595,0.074,1.673,0.598,0.881
9331,4U-U-Z4.tif,0.006,0.372,0.569,0.141,687,696,110.556,0.066,1.953,0.512,0.841
9332,4U-U-Z4.tif,0.005,0.325,0.559,0.127,135,719,72.350,0.067,2.139,0.468,0.793
9333,4U-U-Z4.tif,0.009,0.608,0.299,0.156,557,699,122.005,0.117,1.101,0.908,0.697
9334,4U-U-Z4.tif,0.004,0.267,0.720,0.096,946,698,103.241,0.068,1.506,0.664,0.831
9335,4U-U-Z4.tif,0.002,0.256,0.313,0.094,201,701,159.444,0.042,2.731,0.366,0.500
9336,4U-U-Z4.tif,0.003,0.308,0.361,0.133,413,699,114.444,0.034,4.830,0.207,0.756
9337,4U-U-Z4.tif,0.001,0.187,0.380,0.073,386,701,102.995,0.032,2.457,0.407,0.583
9338,4U-U-Z4.tif,0.002,0.194,0.537,0.078,811,711,45.000,0.037,2.201,0.454,0.721
9339,4U-U-Z4.tif,0.004,0.279,0.653,0.098,625,713,26.565,0.073,1.417,0.706,0.810
9340,4U-U-Z4.tif,0.006,0.320,0.687,0.133,326,707,150.255,0.074,1.908,0.524,0.867
9341,4U-U-Z4.tif,0.001,0.167,0.544,0.079,532,703,155.225,0.024,3.986,0.251,0.800
9342,4U-U-Z4.tif,0.008,0.383,0.695,0.126,648,708,142.125,0.097,1.261,0.793,0.859
9343,4U-U-Z4.tif,0.003,0.237,0.764,0.094,76,704,130.236,0.056,1.812,0.552,0.853
9344,4U-U-Z4.tif,0.002,0.180,0.897,0.064,455,715,59.036,0.050,1.189,0.841,0.899
9345,4U-U-Z4.tif,0.001,0.134,0.824,0.051,514,706,167.471,0.036,1.459,0.685,0.821
9346,4U-U-Z4.tif,0.005,0.400,0.381,0.140,790,724,48.180,0.070,2.379,0.420,0.708
9347,4U-U-Z4.tif,0.002,0.156,0.827,0.059,11,707,138.814,0.047,1.237,0.808,0.869
9348,4U-U-Z4.tif,0.003,0.209,0.860,0.075,401,714,36.027,0.061,1.166,0.857,0.896
9349,4U-U-Z4.tif,0.005,0.314,0.686,0.122,251,709,144.162,0.072,1.754,0.570,0.877
9350,4U-U-Z4.tif,0.002,0.189,0.663,0.067,697,710,155.556,0.049,1.409,0.710,0.785
9351,4U-U-Z4.tif,0.002,0.175,0.758,0.069,55,708,151.390,0.044,1.846,0.542,0.824
9352,4U-U-Z4.tif,0.005,0.333,0.530,0.111,228,712,153.435,0.078,1.423,0.703,0.733
9353,4U-U-Z4.tif,0.005,0.335,0.576,0.145,428,708,150.524,0.053,3.053,0.328,0.844
9354,4U-U-Z4.tif,0.002,0.180,0.850,0.072,868,714,22.620,0.044,1.668,0.599,0.889
9355,4U-U-Z4.tif,0.007,0.397,0.560,0.135,990,719,168.232,0.099,1.119,0.893,0.772
9356,4U-U-Z4.tif,0.001,0.153,0.797,0.060,296,717,56.310,0.043,1.492,0.670,0.845
9357,4U-U-Z4.tif,0.001,0.130,0.793,0.054,579,708,113.962,0.031,1.918,0.521,0.843
9358,4U-U-Z4.tif,0.003,0.216,0.817,0.076,606,720,59.744,0.060,1.296,0.772,0.873
9359,4U-U-Z4.tif,0.003,0.217,0.823,0.085,774,715,14.931,0.055,1.589,0.629,0.864
9360,4U-U-Z4.tif,0.002,0.185,0.631,0.059,734,716,21.801,0.050,1.099,0.910,0.792
9361,4U-U-Z4.tif,0.001,0.121,0.891,0.047,766,711,125.538,0.033,1.401,0.714,0.919
9362,4U-U-Z4.tif,0.006,0.312,0.725,0.127,890,724,17.650,0.075,1.613,0.620,0.859
9363,4U-U-Z4.tif,0.001,0.134,0.824,0.051,15,720,12.529,0.039,1.179,0.848,0.821
9364,4U-U-Z4.tif,0.002,0.167,0.871,0.062,141,719,169.695,0.044,1.329,0.753,0.883
9365,4U-U-Z4.tif,0.001,0.137,0.988,0.049,667,719,153.435,0.044,1.051,0.951,0.907
