 ,Label,Area,Perim.,Circ.,Feret,FeretX,FeretY,FeretAngle,MinFeret,AR,Round,Solidity
1,gcb8285.tif,0.121,1.990,0.383,0.746,541,7,13.392,0.328,2.865,0.349,0.637
2,gcb8285.tif,11.396,13.482,0.788,4.494,310,130,79.813,3.497,1.244,0.804,0.975
3,gcb8285.tif,0.131,1.844,0.486,0.700,254,30,57.095,0.335,2.001,0.500,0.794
4,gcb8285.tif,3.549,7.296,0.838,2.625,128,88,80.910,1.787,1.470,0.680,0.969
5,gcb8285.tif,0.358,3.040,0.487,1.126,643,48,72.121,0.557,2.117,0.472,0.789
6,gcb8285.tif,0.067,0.932,0.967,0.374,902,21,146.310,0.269,1.427,0.701,0.918
7,gcb8285.tif,0.068,1.522,0.369,0.681,261,40,66.038,0.185,3.883,0.258,0.731
8,gcb8285.tif,0.832,3.695,0.766,1.316,224,59,66.801,0.908,1.400,0.714,0.925
9,gcb8285.tif,0.742,3.735,0.668,1.526,399,67,76.908,0.656,2.491,0.401,0.945
10,gcb8285.tif,1.531,4.590,0.913,1.495,706,60,33.690,1.348,1.043,0.959,0.968
11,gcb8285.tif,0.383,2.612,0.706,1.031,174,52,50.440,0.628,1.695,0.590,0.871
12,gcb8285.tif,0.109,1.266,0.852,0.481,930,40,68.962,0.339,1.430,0.699,0.897
13,gcb8285.tif,0.146,1.490,0.825,0.615,525,32,141.843,0.342,1.865,0.536,0.904
14,gcb8285.tif,1.053,4.155,0.767,1.579,428,77,79.919,0.853,1.875,0.533,0.944
15,gcb8285.tif,0.124,1.620,0.595,0.665,824,41,98.973,0.276,2.375,0.421,0.832
16,gcb8285.tif,0.613,3.174,0.764,1.162,61,78,30.379,0.730,1.649,0.606,0.930
17,gcb8285.tif,0.949,5.099,0.459,1.682,168,78,170.538,1.015,2.016,0.496,0.725
18,gcb8285.tif,0.966,3.939,0.782,1.467,840,67,124.439,1.002,1.405,0.712,0.934
19,gcb8285.tif,1.432,5.168,0.674,2.015,245,68,112.166,1.016,2.031,0.492,0.915
20,gcb8285.tif,0.162,2.193,0.424,0.984,528,84,18.435,0.242,4.877,0.205,0.819
21,gcb8285.tif,0.067,1.030,0.792,0.443,719,86,51.340,0.235,2.105,0.475,0.862
22,gcb8285.tif,2.593,6.201,0.847,2.221,722,142,69.027,1.520,1.463,0.684,0.968
23,gcb8285.tif,0.994,3.789,0.870,1.271,926,117,67.620,1.066,1.196,0.836,0.949
24,gcb8285.tif,0.793,5.385,0.344,1.593,64,96,155.659,1.062,1.687,0.593,0.642
25,gcb8285.tif,0.099,1.148,0.946,0.437,708,84,108.435,0.311,1.296,0.771,0.907
26,gcb8285.tif,0.348,2.454,0.725,0.858,504,108,40.101,0.588,1.562,0.640,0.850
27,gcb8285.tif,0.503,2.621,0.920,0.949,406,114,56.889,0.726,1.328,0.753,0.951
28,gcb8285.tif,0.079,1.050,0.898,0.404,447,96,19.983,0.276,1.385,0.722,0.898
29,gcb8285.tif,2.449,6.459,0.738,2.147,683,152,86.309,1.521,1.427,0.701,0.947
30,gcb8285.tif,0.496,3.581,0.486,1.535,547,98,121.185,0.538,3.309,0.302,0.821
31,gcb8285.tif,0.330,2.658,0.586,0.988,450,104,143.531,0.542,1.878,0.533,0.823
32,gcb8285.tif,0.386,2.707,0.662,0.918,69,119,19.799,0.657,1.346,0.743,0.859
33,gcb8285.tif,0.173,1.937,0.580,0.788,496,109,105.255,0.311,2.976,0.336,0.855
34,gcb8285.tif,0.075,1.050,0.858,0.394,439,120,52.125,0.309,1.271,0.787,0.863
35,gcb8285.tif,0.156,1.766,0.630,0.712,435,125,112.834,0.361,2.400,0.417,0.819
36,gcb8285.tif,0.110,1.510,0.605,0.540,879,126,129.806,0.367,1.320,0.757,0.786
37,gcb8285.tif,1.172,5.970,0.413,1.871,507,138,168.275,1.124,2.167,0.461,0.658
38,gcb8285.tif,0.062,0.912,0.939,0.356,329,137,29.055,0.269,1.367,0.731,0.897
39,gcb8285.tif,0.797,6.190,0.261,1.642,480,131,98.471,1.199,1.677,0.596,0.526
40,gcb8285.tif,0.230,1.815,0.879,0.695,905,140,116.565,0.469,1.500,0.667,0.921
41,gcb8285.tif,1.985,5.815,0.738,1.840,104,175,34.287,1.617,1.049,0.953,0.920
42,gcb8285.tif,0.530,3.410,0.573,1.192,159,148,106.858,0.668,1.952,0.512,0.859
43,gcb8285.tif,0.241,1.884,0.854,0.740,571,153,127.405,0.488,1.543,0.648,0.924
44,gcb8285.tif,0.639,3.032,0.873,1.085,647,156,142.765,0.806,1.356,0.737,0.946
45,gcb8285.tif,0.057,0.961,0.781,0.386,604,157,100.305,0.242,1.706,0.586,0.828
46,gcb8285.tif,1.419,4.480,0.888,1.479,723,194,52.595,1.244,1.142,0.875,0.960
47,gcb8285.tif,0.474,3.357,0.529,1.323,193,181,19.855,0.571,2.717,0.368,0.777
48,gcb8285.tif,0.682,3.084,0.901,1.082,625,166,106.699,0.829,1.269,0.788,0.954
49,gcb8285.tif,0.791,3.642,0.749,1.284,535,181,156.194,0.943,1.372,0.729,0.909
50,gcb8285.tif,0.060,1.090,0.631,0.481,600,182,68.962,0.207,2.648,0.378,0.847
51,gcb8285.tif,0.160,1.746,0.660,0.700,930,170,110.225,0.343,2.193,0.456,0.856
52,gcb8285.tif,2.179,5.832,0.805,2.137,348,231,67.166,1.355,1.583,0.632,0.958
53,gcb8285.tif,0.050,0.920,0.744,0.394,518,182,37.875,0.195,2.292,0.436,0.824
54,gcb8285.tif,0.117,1.669,0.528,0.665,95,195,62.103,0.295,2.367,0.422,0.772
55,gcb8285.tif,0.124,1.514,0.681,0.604,237,196,76.759,0.276,2.413,0.414,0.893
56,gcb8285.tif,0.102,1.245,0.822,0.510,159,185,118.301,0.289,1.919,0.521,0.895
57,gcb8285.tif,0.182,1.689,0.800,0.649,329,204,64.799,0.411,1.645,0.608,0.899
58,gcb8285.tif,0.165,1.824,0.623,0.788,783,202,37.875,0.332,2.603,0.384,0.857
59,gcb8285.tif,0.050,0.806,0.971,0.309,587,191,153.435,0.207,1.370,0.730,0.933
60,gcb8285.tif,2.042,5.343,0.899,1.784,449,195,111.595,1.546,1.126,0.888,0.968
61,gcb8285.tif,0.204,2.953,0.294,1.369,244,235,79.824,0.244,6.184,0.162,0.834
62,gcb8285.tif,3.792,7.386,0.873,2.431,816,266,84.289,2.039,1.201,0.833,0.972
63,gcb8285.tif,2.385,7.363,0.553,2.190,525,197,96.340,1.591,1.333,0.750,0.850
64,gcb8285.tif,1.942,6.337,0.608,1.985,294,257,82.999,1.453,1.430,0.699,0.887
65,gcb8285.tif,0.054,0.863,0.907,0.361,184,202,163.301,0.207,1.784,0.561,0.891
66,gcb8285.tif,0.075,1.050,0.858,0.451,230,202,147.529,0.243,1.923,0.520,0.894
67,gcb8285.tif,1.720,4.948,0.882,1.682,25,202,99.462,1.375,1.244,0.804,0.964
68,gcb8285.tif,0.084,1.119,0.839,0.437,760,209,18.435,0.276,1.598,0.626,0.881
69,gcb8285.tif,2.135,5.860,0.781,2.127,589,206,136.975,1.358,1.612,0.620,0.946
70,gcb8285.tif,1.415,4.974,0.719,1.950,700,243,29.745,1.100,1.649,0.607,0.928
71,gcb8285.tif,0.209,2.115,0.587,0.915,179,212,100.886,0.311,3.115,0.321,0.904
72,gcb8285.tif,0.764,3.459,0.803,1.348,757,250,67.380,0.754,1.849,0.541,0.957
73,gcb8285.tif,1.512,4.842,0.810,1.702,895,267,77.093,1.137,1.499,0.667,0.947
74,gcb8285.tif,1.097,4.945,0.564,1.654,190,258,26.030,1.051,1.686,0.593,0.841
75,gcb8285.tif,0.082,1.591,0.409,0.700,998,233,110.225,0.201,4.386,0.228,0.754
76,gcb8285.tif,1.035,6.838,0.278,1.676,575,236,98.297,1.212,1.330,0.752,0.699
77,gcb8285.tif,0.183,1.758,0.743,0.705,867,238,101.310,0.372,1.921,0.521,0.890
78,gcb8285.tif,0.062,0.981,0.811,0.394,935,242,164.745,0.242,1.709,0.585,0.881
79,gcb8285.tif,0.053,0.981,0.686,0.352,736,258,11.310,0.263,1.230,0.813,0.786
80,gcb8285.tif,0.059,0.863,0.988,0.340,13,258,23.962,0.242,1.311,0.763,0.899
81,gcb8285.tif,0.107,1.412,0.677,0.604,709,253,113.629,0.294,2.258,0.443,0.861
82,gcb8285.tif,0.441,3.785,0.386,1.265,683,258,145.008,0.652,2.342,0.427,0.660
83,gcb8285.tif,0.075,1.058,0.844,0.437,722,261,18.435,0.262,1.705,0.587,0.875
84,gcb8285.tif,0.276,2.837,0.431,1.175,334,286,61.928,0.404,3.577,0.280,0.776
85,gcb8285.tif,0.321,2.405,0.698,0.976,497,257,157.068,0.485,2.068,0.483,0.904
86,gcb8285.tif,0.521,5.343,0.229,1.873,375,268,150.124,0.763,2.903,0.344,0.497
87,gcb8285.tif,0.886,3.536,0.891,1.239,254,294,30.141,0.968,1.281,0.781,0.954
88,gcb8285.tif,0.953,3.706,0.872,1.335,602,270,111.251,0.933,1.362,0.734,0.963
89,gcb8285.tif,0.791,3.597,0.768,1.330,632,309,65.433,0.774,1.747,0.572,0.932
90,gcb8285.tif,2.402,10.654,0.266,2.678,350,294,162.734,1.830,1.542,0.649,0.634
91,gcb8285.tif,2.132,5.889,0.772,2.102,743,335,62.592,1.407,1.514,0.660,0.945
92,gcb8285.tif,0.173,2.803,0.277,1.225,892,280,163.610,0.286,5.963,0.168,0.671
93,gcb8285.tif,0.053,0.806,1.000,0.297,702,293,144.462,0.242,1.043,0.959,0.946
94,gcb8285.tif,0.207,1.990,0.655,0.733,315,313,45.000,0.448,1.956,0.511,0.778
95,gcb8285.tif,0.349,3.320,0.397,1.324,491,336,74.876,0.481,3.732,0.268,0.702
96,gcb8285.tif,0.055,1.079,0.593,0.495,803,308,24.775,0.201,2.839,0.352,0.814
97,gcb8285.tif,0.892,4.387,0.582,1.620,885,302,101.070,0.823,2.280,0.439,0.846
98,gcb8285.tif,0.965,3.671,0.900,1.249,216,332,14.421,1.066,1.132,0.884,0.958
99,gcb8285.tif,0.060,1.030,0.708,0.374,452,320,33.690,0.276,1.105,0.905,0.781
100,gcb8285.tif,0.116,1.315,0.842,0.536,465,316,165.069,0.311,1.769,0.565,0.902
101,gcb8285.tif,0.462,3.052,0.623,1.177,818,313,130.236,0.660,2.158,0.463,0.805
102,gcb8285.tif,0.689,5.828,0.255,1.720,976,368,67.557,0.913,2.023,0.494,0.547
103,gcb8285.tif,0.388,3.300,0.448,1.290,796,327,97.696,0.545,3.075,0.325,0.697
104,gcb8285.tif,0.502,2.690,0.871,0.944,161,355,66.251,0.726,1.290,0.775,0.939
105,gcb8285.tif,0.800,3.378,0.881,1.149,681,329,111.161,0.992,1.080,0.926,0.952
106,gcb8285.tif,0.746,3.320,0.851,1.175,462,336,114.305,0.821,1.445,0.692,0.946
107,gcb8285.tif,0.916,3.924,0.748,1.323,199,342,109.855,0.968,1.389,0.720,0.923
108,gcb8285.tif,0.762,6.186,0.250,1.908,810,386,42.064,0.987,2.224,0.450,0.517
109,gcb8285.tif,1.690,8.727,0.279,1.970,613,412,52.125,1.673,1.228,0.814,0.697
110,gcb8285.tif,1.841,5.087,0.894,1.613,749,405,43.264,1.521,1.052,0.951,0.965
111,gcb8285.tif,0.277,1.994,0.876,0.796,666,369,124.380,0.511,1.572,0.636,0.943
112,gcb8285.tif,0.309,2.051,0.924,0.712,934,395,67.166,0.587,1.203,0.831,0.935
113,gcb8285.tif,0.225,1.815,0.856,0.695,284,402,26.565,0.464,1.544,0.648,0.913
114,gcb8285.tif,0.098,1.168,0.902,0.451,989,399,147.529,0.311,1.365,0.733,0.906
115,gcb8285.tif,0.053,1.070,0.576,0.480,77,407,30.256,0.201,2.930,0.341,0.772
116,gcb8285.tif,0.064,1.315,0.469,0.481,132,406,158.962,0.276,1.701,0.588,0.697
117,gcb8285.tif,0.393,4.062,0.299,1.458,317,412,143.673,0.673,2.706,0.369,0.524
118,gcb8285.tif,0.136,1.522,0.739,0.635,490,406,112.380,0.302,2.316,0.432,0.894
119,gcb8285.tif,0.180,2.393,0.396,0.951,979,440,70.907,0.350,3.587,0.279,0.651
120,gcb8285.tif,0.084,1.372,0.558,0.470,461,430,53.973,0.375,1.057,0.946,0.700
121,gcb8285.tif,0.570,2.901,0.851,1.060,39,448,70.974,0.691,1.506,0.664,0.945
122,gcb8285.tif,0.278,2.324,0.647,0.979,73,441,47.862,0.440,2.432,0.411,0.860
123,gcb8285.tif,0.204,2.178,0.541,0.686,309,420,139.086,0.499,1.609,0.622,0.770
124,gcb8285.tif,0.529,2.796,0.850,1.058,546,441,38.367,0.684,1.548,0.646,0.939
125,gcb8285.tif,0.162,1.579,0.818,0.635,658,424,157.620,0.386,1.654,0.605,0.910
126,gcb8285.tif,0.248,1.884,0.879,0.679,1008,444,75.256,0.484,1.375,0.727,0.931
127,gcb8285.tif,1.192,4.236,0.835,1.569,934,430,97.595,0.968,1.606,0.623,0.963
128,gcb8285.tif,0.266,2.483,0.543,0.944,97,433,156.251,0.448,2.388,0.419,0.805
129,gcb8285.tif,0.199,3.447,0.211,1.467,607,455,34.439,0.431,4.131,0.242,0.434
130,gcb8285.tif,5.653,9.058,0.866,3.094,862,515,69.744,2.346,1.293,0.774,0.974
131,gcb8285.tif,0.057,0.920,0.851,0.372,598,440,21.801,0.244,1.449,0.690,0.842
132,gcb8285.tif,0.141,1.424,0.873,0.575,658,437,147.265,0.346,1.601,0.624,0.929
133,gcb8285.tif,0.288,3.096,0.377,1.295,747,444,170.789,0.434,3.694,0.271,0.701
134,gcb8285.tif,1.223,5.245,0.559,2.015,302,447,120.964,1.026,2.004,0.499,0.857
135,gcb8285.tif,0.856,5.889,0.310,1.706,76,460,6.981,1.113,1.741,0.574,0.566
136,gcb8285.tif,1.914,5.180,0.897,1.673,987,490,51.710,1.521,1.031,0.970,0.967
137,gcb8285.tif,1.576,6.019,0.547,2.350,225,505,53.973,1.093,2.439,0.410,0.863
138,gcb8285.tif,0.057,1.257,0.456,0.563,499,454,169.380,0.168,3.916,0.255,0.744
139,gcb8285.tif,0.088,1.128,0.874,0.451,833,463,57.529,0.293,1.615,0.619,0.892
140,gcb8285.tif,2.037,8.147,0.386,2.137,709,514,75.964,1.346,1.684,0.594,0.875
141,gcb8285.tif,0.179,1.709,0.771,0.689,348,474,72.474,0.380,1.896,0.527,0.896
142,gcb8285.tif,1.833,9.417,0.260,1.882,452,457,97.386,1.759,1.062,0.941,0.715
143,gcb8285.tif,0.103,1.493,0.579,0.656,548,462,161.565,0.226,3.440,0.291,0.827
144,gcb8285.tif,0.603,2.926,0.885,1.040,781,492,68.552,0.795,1.244,0.804,0.942
145,gcb8285.tif,0.054,0.903,0.827,0.372,603,474,68.199,0.207,1.698,0.589,0.891
146,gcb8285.tif,1.265,8.326,0.229,2.439,603,487,172.674,1.308,2.366,0.423,0.508
147,gcb8285.tif,0.568,2.922,0.836,1.037,344,509,53.130,0.739,1.452,0.689,0.916
148,gcb8285.tif,0.641,2.975,0.911,1.058,162,487,128.367,0.831,1.291,0.775,0.951
149,gcb8285.tif,0.123,1.709,0.529,0.733,114,493,171.870,0.242,3.054,0.327,0.855
150,gcb8285.tif,0.961,4.119,0.712,1.320,398,542,83.991,1.002,1.325,0.754,0.928
151,gcb8285.tif,0.478,3.846,0.406,1.301,130,543,73.009,0.783,2.278,0.439,0.624
152,gcb8285.tif,0.093,1.266,0.731,0.470,582,523,17.103,0.316,1.687,0.593,0.804
153,gcb8285.tif,0.679,3.630,0.648,1.150,318,544,32.735,0.925,1.182,0.846,0.861
154,gcb8285.tif,0.061,0.973,0.809,0.418,214,522,155.556,0.207,1.863,0.537,0.919
155,gcb8285.tif,0.103,1.481,0.588,0.665,861,523,152.103,0.254,2.918,0.343,0.839
156,gcb8285.tif,2.476,6.079,0.842,2.136,601,550,9.310,1.555,1.405,0.712,0.964
157,gcb8285.tif,0.508,2.747,0.845,1.040,260,535,158.552,0.679,1.554,0.644,0.942
158,gcb8285.tif,0.223,2.617,0.410,0.956,345,545,12.529,0.422,2.768,0.361,0.690
159,gcb8285.tif,0.910,3.593,0.886,1.207,844,534,113.629,1.037,1.125,0.889,0.943
160,gcb8285.tif,0.091,1.119,0.911,0.443,4,551,38.660,0.318,1.433,0.698,0.916
161,gcb8285.tif,0.423,2.661,0.750,0.984,159,546,108.435,0.587,1.594,0.628,0.919
162,gcb8285.tif,0.051,0.814,0.974,0.326,929,548,147.995,0.242,1.356,0.737,0.905
163,gcb8285.tif,0.561,3.993,0.442,1.369,339,552,169.824,0.715,2.183,0.458,0.690
164,gcb8285.tif,1.002,4.281,0.687,1.383,114,589,77.005,0.933,1.491,0.671,0.919
165,gcb8285.tif,0.475,3.309,0.546,1.106,876,567,14.470,0.705,1.675,0.597,0.794
166,gcb8285.tif,1.119,4.146,0.818,1.531,196,600,61.699,0.949,1.601,0.624,0.955
167,gcb8285.tif,2.888,6.669,0.816,2.346,245,630,80.676,1.585,1.515,0.660,0.961
168,gcb8285.tif,0.053,1.197,0.461,0.514,41,565,109.654,0.193,3.476,0.288,0.772
169,gcb8285.tif,0.505,3.602,0.489,1.258,11,604,74.055,0.719,1.813,0.552,0.790
170,gcb8285.tif,0.316,2.141,0.868,0.853,582,575,158.629,0.518,1.650,0.606,0.943
171,gcb8285.tif,0.102,1.205,0.878,0.427,955,579,165.964,0.371,1.132,0.883,0.859
172,gcb8285.tif,0.485,2.987,0.683,1.303,50,610,68.199,0.555,2.477,0.404,0.945
173,gcb8285.tif,0.653,2.995,0.915,1.060,888,614,70.974,0.829,1.244,0.804,0.952
174,gcb8285.tif,4.525,8.110,0.864,2.602,275,646,39.611,2.209,1.146,0.873,0.973
175,gcb8285.tif,0.190,1.790,0.745,0.746,633,592,13.392,0.311,2.255,0.444,0.955
176,gcb8285.tif,0.549,3.878,0.459,1.261,4,609,170.538,0.841,1.804,0.554,0.681
177,gcb8285.tif,0.677,3.251,0.805,1.150,928,627,57.265,0.765,1.517,0.659,0.938
178,gcb8285.tif,3.104,9.833,0.403,2.478,585,667,67.011,1.929,1.241,0.806,0.855
179,gcb8285.tif,0.144,1.783,0.571,0.729,961,614,31.430,0.362,2.537,0.394,0.749
180,gcb8285.tif,3.861,7.500,0.862,2.641,83,676,83.991,1.998,1.331,0.751,0.968
181,gcb8285.tif,1.041,3.931,0.847,1.279,662,635,38.418,1.106,1.112,0.899,0.943
182,gcb8285.tif,0.436,2.515,0.866,0.881,787,621,168.690,0.656,1.362,0.734,0.942
183,gcb8285.tif,0.531,2.739,0.890,1.016,996,641,72.181,0.704,1.460,0.685,0.949
184,gcb8285.tif,0.399,2.589,0.748,1.020,958,633,28.301,0.553,1.890,0.529,0.908
185,gcb8285.tif,0.053,0.843,0.930,0.319,768,629,40.601,0.268,1.169,0.856,0.854
186,gcb8285.tif,0.073,1.062,0.812,0.418,539,634,65.556,0.242,1.807,0.554,0.904
187,gcb8285.tif,0.522,3.052,0.704,1.284,420,630,156.194,0.575,2.297,0.435,0.927
188,gcb8285.tif,3.172,6.747,0.876,2.265,23,639,111.477,1.775,1.271,0.787,0.972
189,gcb8285.tif,0.410,2.686,0.713,1.076,776,640,132.397,0.538,2.034,0.492,0.878
190,gcb8285.tif,0.381,2.776,0.621,1.046,914,668,82.405,0.622,1.688,0.592,0.846
191,gcb8285.tif,1.015,3.711,0.926,1.227,656,651,122.347,1.106,1.100,0.909,0.965
192,gcb8285.tif,1.336,4.805,0.727,1.816,753,708,68.806,0.992,1.915,0.522,0.928
193,gcb8285.tif,0.617,3.044,0.837,1.150,118,693,57.265,0.711,1.663,0.601,0.948
194,gcb8285.tif,0.528,2.682,0.922,0.912,454,693,37.304,0.795,1.111,0.900,0.952
195,gcb8285.tif,1.026,5.082,0.499,1.925,281,684,158.962,0.897,2.487,0.402,0.776
196,gcb8285.tif,2.412,6.368,0.748,2.336,589,715,7.651,1.377,1.742,0.574,0.937
197,gcb8285.tif,0.273,2.189,0.717,0.836,727,683,97.125,0.444,1.900,0.526,0.911
198,gcb8285.tif,0.954,3.614,0.918,1.182,356,715,52.125,1.090,1.073,0.932,0.957
199,gcb8285.tif,0.110,1.335,0.775,0.546,574,687,161.565,0.284,2.157,0.464,0.872
200,gcb8285.tif,0.139,1.588,0.691,0.664,254,714,38.660,0.313,2.300,0.435,0.859
201,gcb8285.tif,0.137,1.754,0.561,0.652,281,702,122.005,0.364,2.136,0.468,0.752
202,gcb8285.tif,0.067,0.940,0.950,0.372,822,715,21.801,0.269,1.376,0.727,0.896
203,gcb8285.tif,0.196,1.640,0.915,0.567,453,722,37.569,0.484,1.142,0.876,0.927
204,gcb8285.tif,0.061,0.940,0.865,0.374,317,712,146.310,0.232,1.740,0.575,0.857
205,gcb8288.tif,3.359,7.023,0.856,2.312,223,72,80.538,1.877,1.226,0.815,0.957
206,gcb8288.tif,0.063,1.090,0.669,0.495,906,10,114.775,0.207,2.675,0.374,0.883
207,gcb8288.tif,1.875,5.254,0.854,1.828,935,64,74.650,1.370,1.355,0.738,0.958
208,gcb8288.tif,0.248,1.953,0.818,0.735,42,31,41.186,0.506,1.496,0.669,0.900
209,gcb8288.tif,0.177,2.144,0.483,0.875,439,24,9.090,0.309,3.447,0.290,0.765
210,gcb8288.tif,0.127,1.315,0.920,0.470,552,28,36.027,0.394,1.197,0.836,0.898
211,gcb8288.tif,0.076,1.021,0.921,0.403,537,30,59.036,0.276,1.425,0.702,0.914
212,gcb8288.tif,1.396,5.734,0.534,1.946,643,32,173.884,1.223,1.373,0.728,0.846
213,gcb8288.tif,0.106,1.384,0.698,0.570,290,26,104.036,0.285,2.327,0.430,0.840
214,gcb8288.tif,3.217,7.416,0.735,2.664,753,102,80.293,1.797,1.462,0.684,0.937
215,gcb8288.tif,0.965,4.278,0.663,1.662,72,27,106.928,0.912,1.714,0.584,0.904
216,gcb8288.tif,0.519,2.702,0.894,0.956,171,55,77.471,0.691,1.363,0.733,0.952
217,gcb8288.tif,0.405,3.870,0.340,1.672,267,35,108.060,0.456,4.513,0.222,0.741
218,gcb8288.tif,0.080,1.245,0.648,0.518,841,35,126.870,0.247,2.054,0.487,0.865
219,gcb8288.tif,0.099,1.278,0.763,0.529,1002,36,101.310,0.242,2.200,0.455,0.912
220,gcb8288.tif,0.160,1.677,0.715,0.604,430,37,113.629,0.439,1.482,0.675,0.800
221,gcb8288.tif,1.216,7.065,0.306,1.752,455,74,22.011,1.295,1.294,0.773,0.730
222,gcb8288.tif,0.989,3.792,0.864,1.227,870,79,57.653,1.071,1.057,0.946,0.956
223,gcb8288.tif,0.112,1.893,0.394,0.798,801,77,72.350,0.257,3.906,0.256,0.696
224,gcb8288.tif,1.822,5.510,0.754,2.070,714,60,104.500,1.180,1.739,0.575,0.955
225,gcb8288.tif,0.807,3.524,0.817,1.282,46,65,104.036,0.861,1.535,0.651,0.943
226,gcb8288.tif,5.934,13.161,0.430,3.202,502,70,119.055,2.708,1.226,0.816,0.897
227,gcb8288.tif,1.214,7.431,0.276,1.920,322,73,120.256,1.392,1.537,0.651,0.636
228,gcb8288.tif,0.713,3.610,0.687,1.117,814,107,68.199,0.928,1.091,0.916,0.888
229,gcb8288.tif,0.622,2.963,0.891,1.055,242,85,148.392,0.806,1.278,0.783,0.940
230,gcb8288.tif,0.531,5.099,0.257,1.981,798,81,96.009,0.709,3.686,0.271,0.491
231,gcb8288.tif,0.141,1.514,0.773,0.618,905,82,116.565,0.311,2.087,0.479,0.891
232,gcb8288.tif,0.122,1.551,0.637,0.665,175,85,117.897,0.290,2.651,0.377,0.813
233,gcb8288.tif,0.499,2.722,0.847,1.023,990,118,78.311,0.622,1.672,0.598,0.945
234,gcb8288.tif,0.121,1.278,0.929,0.480,284,102,59.744,0.346,1.225,0.817,0.935
235,gcb8288.tif,0.183,2.629,0.332,0.798,401,99,4.970,0.574,1.150,0.869,0.565
236,gcb8288.tif,0.651,3.475,0.677,1.137,612,125,70.463,0.760,1.521,0.658,0.926
237,gcb8288.tif,2.148,5.501,0.892,1.898,432,106,123.111,1.584,1.189,0.841,0.968
238,gcb8288.tif,0.144,1.412,0.910,0.495,110,119,12.095,0.415,1.107,0.904,0.913
239,gcb8288.tif,0.215,2.129,0.596,0.874,320,117,161.565,0.385,2.352,0.425,0.849
240,gcb8288.tif,0.056,0.883,0.904,0.367,388,122,41.186,0.235,1.635,0.611,0.895
241,gcb8288.tif,0.158,1.493,0.888,0.527,396,124,148.392,0.415,1.149,0.870,0.926
242,gcb8288.tif,2.673,6.308,0.844,2.089,197,180,55.784,1.698,1.247,0.802,0.950
243,gcb8288.tif,0.131,1.433,0.804,0.604,357,131,13.241,0.311,1.794,0.558,0.902
244,gcb8288.tif,0.129,1.404,0.822,0.563,253,142,79.380,0.311,1.761,0.568,0.908
245,gcb8288.tif,0.225,2.023,0.690,0.773,590,137,153.435,0.426,1.993,0.502,0.874
246,gcb8288.tif,0.531,3.012,0.736,1.198,395,144,123.232,0.631,1.946,0.514,0.907
247,gcb8288.tif,0.074,0.993,0.944,0.374,886,156,56.310,0.276,1.208,0.828,0.932
248,gcb8288.tif,0.125,1.453,0.747,0.615,244,162,51.843,0.329,1.941,0.515,0.890
249,gcb8288.tif,4.361,8.033,0.849,2.743,614,225,70.880,2.073,1.311,0.763,0.972
250,gcb8288.tif,2.602,6.105,0.877,2.153,919,212,84.472,1.657,1.301,0.769,0.966
251,gcb8288.tif,0.056,0.920,0.833,0.394,943,150,127.875,0.220,1.970,0.508,0.847
252,gcb8288.tif,0.359,2.238,0.902,0.813,695,177,77.735,0.587,1.339,0.747,0.941
253,gcb8288.tif,0.977,4.042,0.752,1.467,386,155,105.018,1.040,1.360,0.735,0.896
254,gcb8288.tif,0.050,0.794,1.000,0.319,42,166,102.529,0.207,1.436,0.697,0.903
255,gcb8288.tif,0.263,2.304,0.622,0.963,309,169,158.962,0.442,2.313,0.432,0.810
256,gcb8288.tif,0.957,3.861,0.806,1.297,427,166,138.240,1.005,1.225,0.816,0.936
257,gcb8288.tif,1.376,4.505,0.852,1.552,849,214,78.440,1.175,1.329,0.752,0.958
258,gcb8288.tif,3.209,6.946,0.836,2.219,756,228,52.595,1.935,1.102,0.908,0.951
259,gcb8288.tif,2.781,6.605,0.801,2.273,279,238,81.254,1.758,1.347,0.742,0.953
260,gcb8288.tif,0.110,1.225,0.920,0.470,963,174,107.103,0.346,1.388,0.720,0.898
261,gcb8288.tif,0.051,1.050,0.585,0.455,728,176,171.254,0.190,2.737,0.365,0.782
262,gcb8288.tif,0.063,0.932,0.916,0.361,105,191,73.301,0.242,1.435,0.697,0.898
263,gcb8288.tif,0.128,1.657,0.585,0.686,466,181,130.914,0.318,2.324,0.430,0.778
264,gcb8288.tif,0.063,0.932,0.916,0.352,215,185,168.690,0.242,1.300,0.769,0.891
265,gcb8288.tif,1.339,5.262,0.608,1.983,324,217,22.543,1.114,1.864,0.537,0.827
266,gcb8288.tif,0.333,2.198,0.867,0.748,976,207,56.310,0.622,1.221,0.819,0.922
267,gcb8288.tif,2.130,6.450,0.643,2.566,239,274,85.365,1.362,1.802,0.555,0.887
268,gcb8288.tif,0.147,2.112,0.414,0.847,960,206,101.768,0.275,3.988,0.251,0.734
269,gcb8288.tif,0.066,0.932,0.950,0.346,167,209,143.130,0.276,1.139,0.878,0.887
270,gcb8288.tif,0.899,3.565,0.889,1.252,428,247,83.660,0.933,1.289,0.776,0.956
271,gcb8288.tif,4.018,8.171,0.756,2.790,330,273,41.987,1.953,1.455,0.687,0.946
272,gcb8288.tif,0.174,1.620,0.835,0.623,580,216,109.440,0.399,1.659,0.603,0.901
273,gcb8288.tif,2.724,7.451,0.617,2.413,472,282,60.866,1.875,1.329,0.753,0.884
274,gcb8288.tif,0.135,1.522,0.732,0.591,876,224,159.444,0.346,1.965,0.509,0.859
275,gcb8288.tif,0.235,2.430,0.501,1.080,527,225,129.806,0.354,3.547,0.282,0.829
276,gcb8288.tif,0.183,2.023,0.561,0.870,974,231,6.843,0.311,3.088,0.324,0.879
277,gcb8288.tif,0.330,2.247,0.821,0.864,778,251,36.870,0.560,1.589,0.629,0.922
278,gcb8288.tif,0.067,0.981,0.873,0.374,868,239,146.310,0.262,1.470,0.680,0.875
279,gcb8288.tif,0.443,2.523,0.875,0.912,756,246,127.304,0.660,1.396,0.716,0.937
280,gcb8288.tif,0.951,3.898,0.786,1.496,817,288,83.367,0.879,1.727,0.579,0.948
281,gcb8288.tif,1.690,7.372,0.391,2.144,837,307,69.228,1.242,1.844,0.542,0.756
282,gcb8288.tif,1.175,5.292,0.527,1.492,661,285,42.184,1.205,1.248,0.801,0.884
283,gcb8288.tif,0.762,3.452,0.804,1.085,984,258,149.349,1.000,1.052,0.950,0.924
284,gcb8288.tif,0.123,1.559,0.636,0.623,574,255,160.560,0.335,2.171,0.461,0.802
285,gcb8288.tif,1.193,4.195,0.852,1.524,917,300,86.100,1.002,1.476,0.678,0.956
286,gcb8288.tif,0.976,3.723,0.884,1.223,94,262,137.291,1.106,1.045,0.957,0.957
287,gcb8288.tif,0.607,3.032,0.829,1.065,614,258,103.134,0.772,1.320,0.757,0.924
288,gcb8288.tif,0.565,3.895,0.468,1.515,506,304,55.222,0.691,2.261,0.442,0.803
289,gcb8288.tif,1.160,7.387,0.267,1.707,777,279,144.058,1.132,1.691,0.591,0.713
290,gcb8288.tif,0.955,3.659,0.897,1.252,972,315,83.660,1.071,1.165,0.858,0.951
291,gcb8288.tif,0.130,1.315,0.946,0.481,577,295,68.962,0.380,1.252,0.798,0.924
292,gcb8288.tif,0.733,3.228,0.885,1.080,74,316,82.648,0.929,1.120,0.893,0.942
293,gcb8288.tif,0.099,1.254,0.792,0.540,747,285,140.194,0.269,2.071,0.483,0.883
294,gcb8288.tif,0.355,2.474,0.728,0.867,481,288,113.499,0.661,1.409,0.709,0.855
295,gcb8288.tif,3.573,7.116,0.887,2.323,325,328,22.751,1.970,1.110,0.901,0.979
296,gcb8288.tif,0.056,0.932,0.812,0.403,996,302,30.964,0.216,2.013,0.497,0.879
297,gcb8288.tif,0.080,1.079,0.864,0.427,912,315,14.036,0.276,1.552,0.644,0.870
298,gcb8288.tif,0.063,1.185,0.567,0.518,462,315,143.130,0.200,3.389,0.295,0.757
299,gcb8288.tif,3.504,7.064,0.882,2.282,667,373,54.866,2.067,1.072,0.932,0.973
300,gcb8288.tif,4.327,8.085,0.832,2.910,403,396,60.086,2.106,1.380,0.724,0.969
301,gcb8288.tif,0.135,1.896,0.472,0.831,985,324,106.928,0.233,4.236,0.236,0.834
302,gcb8288.tif,0.102,1.343,0.707,0.558,221,339,21.801,0.278,2.166,0.462,0.846
303,gcb8288.tif,0.187,2.011,0.583,0.691,830,348,36.870,0.471,1.478,0.676,0.826
304,gcb8288.tif,0.342,2.601,0.635,0.977,929,362,81.870,0.484,2.106,0.475,0.873
305,gcb8288.tif,1.109,4.598,0.659,1.662,966,335,93.576,0.899,1.934,0.517,0.922
306,gcb8288.tif,0.420,2.494,0.849,0.888,8,362,76.504,0.651,1.381,0.724,0.925
307,gcb8288.tif,0.487,3.003,0.679,1.145,596,352,151.113,0.623,1.978,0.506,0.893
308,gcb8288.tif,0.285,3.228,0.344,1.382,723,349,143.130,0.430,4.120,0.243,0.692
309,gcb8288.tif,1.890,6.983,0.487,2.101,816,386,36.304,1.524,1.300,0.769,0.834
310,gcb8288.tif,0.148,1.775,0.591,0.615,483,368,51.843,0.429,1.628,0.614,0.790
311,gcb8288.tif,2.230,5.587,0.898,1.886,243,411,81.573,1.555,1.202,0.832,0.970
312,gcb8288.tif,0.219,2.262,0.537,0.990,208,388,77.905,0.311,3.439,0.291,0.888
313,gcb8288.tif,0.805,3.573,0.792,1.316,314,366,103.671,0.838,1.627,0.615,0.934
314,gcb8288.tif,3.312,7.113,0.823,2.600,581,368,94.574,1.671,1.591,0.629,0.967
315,gcb8288.tif,0.070,1.010,0.869,0.422,9,382,34.992,0.244,1.837,0.544,0.887
316,gcb8288.tif,6.019,9.542,0.831,3.403,502,375,99.941,2.202,1.536,0.651,0.976
317,gcb8288.tif,0.080,1.090,0.845,0.449,54,377,157.380,0.242,1.924,0.520,0.899
318,gcb8288.tif,3.323,6.902,0.877,2.170,730,438,80.838,2.070,1.018,0.982,0.971
319,gcb8288.tif,0.064,0.940,0.916,0.361,71,380,163.301,0.276,1.306,0.765,0.871
320,gcb8288.tif,0.081,1.197,0.713,0.480,35,388,30.256,0.276,1.767,0.566,0.866
321,gcb8288.tif,0.233,2.282,0.562,0.949,867,413,79.509,0.346,3.013,0.332,0.890
322,gcb8288.tif,0.062,0.989,0.797,0.403,25,398,59.036,0.244,1.553,0.644,0.832
323,gcb8288.tif,0.072,1.107,0.734,0.449,915,399,22.620,0.276,1.560,0.641,0.839
324,gcb8288.tif,0.097,1.323,0.694,0.538,4,406,45.000,0.281,2.117,0.472,0.818
325,gcb8288.tif,1.770,5.690,0.687,1.752,792,443,67.989,1.555,1.089,0.918,0.890
326,gcb8288.tif,4.125,8.464,0.723,2.881,449,479,79.634,2.079,1.305,0.766,0.936
327,gcb8288.tif,0.093,1.343,0.649,0.523,51,402,172.405,0.276,1.984,0.504,0.839
328,gcb8288.tif,0.146,1.473,0.844,0.563,13,410,42.510,0.412,1.393,0.718,0.910
329,gcb8288.tif,0.191,2.373,0.426,0.788,379,407,142.125,0.440,1.972,0.507,0.734
330,gcb8288.tif,0.380,2.552,0.733,0.982,180,430,50.711,0.613,1.700,0.588,0.888
331,gcb8288.tif,0.533,2.722,0.903,0.978,894,437,57.995,0.726,1.254,0.797,0.954
332,gcb8288.tif,0.062,1.245,0.503,0.518,90,426,36.870,0.210,2.962,0.338,0.738
333,gcb8288.tif,0.092,1.257,0.731,0.526,866,417,113.199,0.249,2.262,0.442,0.865
334,gcb8288.tif,0.977,5.950,0.347,1.852,13,473,81.416,0.967,1.886,0.530,0.754
335,gcb8288.tif,0.134,1.363,0.904,0.495,638,420,102.095,0.380,1.334,0.750,0.892
336,gcb8288.tif,0.050,0.912,0.758,0.374,308,429,146.310,0.216,1.747,0.572,0.857
337,gcb8288.tif,0.156,1.611,0.757,0.631,90,430,99.462,0.346,1.722,0.581,0.916
338,gcb8288.tif,0.082,1.128,0.815,0.437,834,431,108.435,0.276,1.669,0.599,0.857
339,gcb8288.tif,0.054,1.136,0.523,0.346,952,438,36.870,0.276,1.301,0.768,0.763
340,gcb8288.tif,1.724,5.535,0.707,2.157,735,486,54.782,1.160,1.791,0.558,0.934
341,gcb8288.tif,0.208,3.089,0.274,1.169,220,436,108.970,0.358,4.257,0.235,0.648
342,gcb8288.tif,0.067,1.030,0.792,0.391,333,451,45.000,0.287,1.331,0.751,0.818
343,gcb8288.tif,0.578,4.473,0.363,1.106,275,474,75.530,0.858,1.467,0.682,0.783
344,gcb8288.tif,0.172,2.055,0.512,0.881,176,444,101.310,0.298,3.654,0.274,0.807
345,gcb8288.tif,0.057,0.883,0.924,0.346,690,457,36.870,0.240,1.483,0.675,0.897
346,gcb8288.tif,0.226,2.336,0.520,0.712,66,458,157.166,0.582,1.272,0.786,0.727
347,gcb8288.tif,1.766,5.009,0.885,1.642,649,453,120.343,1.417,1.135,0.881,0.965
348,gcb8288.tif,0.068,1.249,0.548,0.570,792,455,14.036,0.138,3.849,0.260,0.942
349,gcb8288.tif,0.056,0.855,0.966,0.326,357,455,147.995,0.242,1.198,0.835,0.931
350,gcb8288.tif,0.084,1.530,0.449,0.623,894,459,109.440,0.226,3.535,0.283,0.761
351,gcb8288.tif,0.053,0.863,0.887,0.340,39,468,23.962,0.240,1.426,0.701,0.880
352,gcb8288.tif,0.127,1.404,0.807,0.563,193,466,100.620,0.311,1.819,0.550,0.910
353,gcb8288.tif,2.431,10.419,0.281,3.853,382,479,145.597,1.207,3.463,0.289,0.680
354,gcb8288.tif,0.602,4.669,0.347,1.417,782,485,12.680,0.794,1.951,0.513,0.703
355,gcb8288.tif,0.086,1.119,0.863,0.418,55,484,65.556,0.295,1.460,0.685,0.878
356,gcb8288.tif,0.063,0.903,0.975,0.346,17,487,36.870,0.276,1.055,0.948,0.914
357,gcb8288.tif,0.216,1.787,0.851,0.671,535,495,34.509,0.507,1.287,0.777,0.921
358,gcb8288.tif,0.140,1.824,0.528,0.740,242,501,52.595,0.309,3.259,0.307,0.748
359,gcb8288.tif,0.301,2.210,0.775,0.789,340,510,61.189,0.613,1.302,0.768,0.895
360,gcb8288.tif,0.359,3.076,0.477,1.225,833,535,73.610,0.444,3.285,0.304,0.805
361,gcb8288.tif,0.060,1.205,0.517,0.510,222,510,28.301,0.228,3.126,0.320,0.730
362,gcb8288.tif,1.096,4.126,0.809,1.569,32,551,82.405,0.909,1.741,0.574,0.948
363,gcb8288.tif,0.057,0.863,0.967,0.319,325,513,40.601,0.276,1.027,0.974,0.881
364,gcb8288.tif,2.201,5.633,0.872,1.898,509,561,79.509,1.559,1.202,0.832,0.964
365,gcb8288.tif,3.232,7.113,0.803,2.538,171,508,96.254,1.647,1.559,0.641,0.961
366,gcb8288.tif,0.301,2.589,0.564,1.045,997,509,145.784,0.484,2.478,0.404,0.820
367,gcb8288.tif,0.382,2.287,0.918,0.777,641,511,122.276,0.691,1.115,0.897,0.936
368,gcb8288.tif,0.064,0.981,0.842,0.422,299,529,34.992,0.244,1.806,0.554,0.893
369,gcb8288.tif,2.797,6.673,0.789,2.184,387,585,85.462,1.624,1.289,0.776,0.958
370,gcb8288.tif,2.246,6.560,0.656,2.116,552,567,38.367,1.685,1.179,0.848,0.884
371,gcb8288.tif,0.696,3.536,0.700,1.412,83,561,68.459,0.679,2.155,0.464,0.917
372,gcb8288.tif,1.060,4.659,0.614,1.858,347,524,99.638,0.795,2.445,0.409,0.918
373,gcb8288.tif,3.549,7.153,0.872,2.464,118,599,75.379,1.895,1.304,0.767,0.974
374,gcb8288.tif,2.572,6.255,0.826,2.199,932,533,98.130,1.521,1.442,0.693,0.966
375,gcb8288.tif,0.090,1.176,0.813,0.437,631,537,108.435,0.311,1.303,0.767,0.877
376,gcb8288.tif,0.062,1.111,0.633,0.481,315,554,68.962,0.190,2.922,0.342,0.860
377,gcb8288.tif,0.068,0.981,0.889,0.394,978,550,37.875,0.269,1.480,0.676,0.884
378,gcb8288.tif,2.274,5.648,0.896,1.960,990,608,80.870,1.486,1.316,0.760,0.971
379,gcb8288.tif,0.075,1.294,0.564,0.575,722,566,32.735,0.212,3.191,0.313,0.787
380,gcb8288.tif,0.756,3.211,0.921,1.085,261,586,59.349,0.898,1.181,0.847,0.956
381,gcb8288.tif,0.445,3.236,0.535,1.104,742,595,69.864,0.631,2.112,0.473,0.792
382,gcb8288.tif,1.932,10.143,0.236,2.196,462,570,114.146,1.560,1.375,0.727,0.692
383,gcb8288.tif,0.197,2.132,0.545,0.850,31,596,63.435,0.382,2.793,0.358,0.784
384,gcb8288.tif,2.228,5.685,0.866,1.997,597,630,59.886,1.518,1.324,0.756,0.968
385,gcb8288.tif,0.422,4.102,0.315,1.423,864,590,150.945,0.780,2.095,0.477,0.516
386,gcb8288.tif,0.610,2.987,0.860,1.085,835,616,59.349,0.760,1.415,0.707,0.958
387,gcb8288.tif,0.184,2.319,0.430,0.990,327,602,12.095,0.296,3.947,0.253,0.753
388,gcb8288.tif,0.712,4.574,0.427,1.834,443,597,132.709,0.654,3.044,0.329,0.760
389,gcb8288.tif,2.386,5.835,0.881,1.919,527,599,113.334,1.624,1.130,0.885,0.968
390,gcb8288.tif,0.528,5.258,0.240,1.495,864,602,146.310,0.880,1.995,0.501,0.497
391,gcb8288.tif,0.850,3.544,0.850,1.290,63,601,97.696,0.864,1.462,0.684,0.950
392,gcb8288.tif,0.133,1.982,0.424,0.867,404,612,23.499,0.246,4.609,0.217,0.723
393,gcb8288.tif,0.734,3.280,0.858,1.134,95,616,142.431,0.889,1.288,0.776,0.949
394,gcb8288.tif,0.195,1.648,0.900,0.575,125,615,122.735,0.479,1.178,0.849,0.906
395,gcb8288.tif,3.771,7.333,0.881,2.517,841,706,81.314,2.004,1.246,0.802,0.971
396,gcb8288.tif,0.921,4.013,0.718,1.398,737,669,50.013,0.881,1.612,0.620,0.909
397,gcb8288.tif,0.110,1.746,0.453,0.682,796,662,59.534,0.282,2.992,0.334,0.760
398,gcb8288.tif,1.970,5.432,0.839,1.846,913,696,51.843,1.499,1.208,0.828,0.964
399,gcb8288.tif,2.867,7.028,0.729,2.129,407,710,54.246,1.866,1.137,0.879,0.957
400,gcb8288.tif,0.838,3.357,0.935,1.106,72,665,165.530,1.002,1.067,0.937,0.958
401,gcb8288.tif,1.277,4.293,0.870,1.553,230,656,110.854,1.095,1.410,0.709,0.960
402,gcb8288.tif,0.081,1.254,0.649,0.546,333,659,145.305,0.219,2.682,0.373,0.829
403,gcb8288.tif,0.098,1.168,0.902,0.433,55,674,28.610,0.346,1.245,0.803,0.896
404,gcb8288.tif,1.174,7.081,0.294,1.601,511,674,147.339,1.324,1.423,0.703,0.688
405,gcb8288.tif,2.153,5.705,0.831,1.925,180,722,68.962,1.555,1.217,0.822,0.960
406,gcb8288.tif,0.326,3.195,0.401,1.390,689,674,145.125,0.384,4.414,0.227,0.769
407,gcb8288.tif,0.073,1.188,0.648,0.514,990,684,109.654,0.230,2.215,0.451,0.841
408,gcb8288.tif,0.732,3.850,0.621,1.477,917,711,10.784,0.698,2.381,0.420,0.870
409,gcb8288.tif,0.156,1.539,0.830,0.567,372,701,127.569,0.415,1.321,0.757,0.891
410,gcb8291.tif,0.057,0.883,0.924,0.342,602,3,135.000,0.263,1.292,0.774,0.873
411,gcb8291.tif,0.611,2.987,0.861,1.040,563,3,111.448,0.795,1.293,0.773,0.939
412,gcb8291.tif,0.739,6.544,0.217,1.586,87,51,78.690,1.216,1.304,0.767,0.515
413,gcb8291.tif,0.586,5.653,0.231,1.744,452,10,123.690,1.122,1.609,0.621,0.472
414,gcb8291.tif,0.259,2.564,0.496,1.053,366,11,113.199,0.477,2.568,0.389,0.750
415,gcb8291.tif,0.082,1.176,0.748,0.464,661,27,63.435,0.283,1.750,0.571,0.841
416,gcb8291.tif,0.646,5.161,0.305,1.507,739,25,143.393,0.926,2.097,0.477,0.599
417,gcb8291.tif,0.316,2.970,0.451,1.323,790,21,109.855,0.357,4.181,0.239,0.859
418,gcb8291.tif,0.135,1.717,0.575,0.712,482,44,39.094,0.332,2.378,0.420,0.796
419,gcb8291.tif,1.054,3.898,0.872,1.316,968,32,103.671,1.065,1.231,0.812,0.952
420,gcb8291.tif,0.166,1.542,0.877,0.563,931,35,132.510,0.449,1.175,0.851,0.914
421,gcb8291.tif,1.049,4.399,0.681,1.552,386,59,16.821,1.037,1.448,0.691,0.895
422,gcb8291.tif,2.909,6.385,0.897,2.146,201,106,75.069,1.745,1.216,0.822,0.972
423,gcb8291.tif,0.230,2.279,0.558,0.831,502,73,73.072,0.426,2.315,0.432,0.786
424,gcb8291.tif,0.211,1.844,0.781,0.712,446,57,129.094,0.440,1.721,0.581,0.892
425,gcb8291.tif,0.149,2.226,0.378,0.904,635,76,43.452,0.328,3.451,0.290,0.665
426,gcb8291.tif,2.305,5.783,0.866,2.034,881,115,69.102,1.555,1.298,0.770,0.964
427,gcb8291.tif,0.601,4.599,0.357,1.867,938,59,128.991,0.562,4.550,0.220,0.675
428,gcb8291.tif,0.090,1.775,0.357,0.667,756,79,68.749,0.278,2.948,0.339,0.622
429,gcb8291.tif,0.873,5.840,0.322,2.259,470,68,150.690,0.895,3.147,0.318,0.576
430,gcb8291.tif,0.207,1.962,0.675,0.652,163,90,57.995,0.518,1.380,0.725,0.846
431,gcb8291.tif,0.270,2.767,0.443,1.192,255,76,150.461,0.382,3.487,0.287,0.737
432,gcb8291.tif,0.404,2.995,0.565,1.027,363,74,109.654,0.602,1.846,0.542,0.826
433,gcb8291.tif,0.319,2.454,0.665,1.012,293,87,172.147,0.518,1.939,0.516,0.853
434,gcb8291.tif,0.990,7.244,0.237,2.346,379,106,9.324,0.911,3.112,0.321,0.561
435,gcb8291.tif,0.064,1.205,0.558,0.518,256,97,53.130,0.220,2.325,0.430,0.777
436,gcb8291.tif,2.439,6.068,0.832,2.092,774,139,59.199,1.610,1.310,0.763,0.964
437,gcb8291.tif,0.103,1.286,0.780,0.514,626,100,70.346,0.276,1.912,0.523,0.887
438,gcb8291.tif,1.505,6.125,0.504,1.804,305,140,53.569,1.186,1.505,0.664,0.834
439,gcb8291.tif,0.371,2.971,0.529,0.881,601,95,101.310,0.742,1.220,0.820,0.790
440,gcb8291.tif,0.060,0.883,0.962,0.342,552,98,135.000,0.242,1.169,0.855,0.901
441,gcb8291.tif,0.339,3.581,0.332,1.323,273,134,70.145,0.571,2.849,0.351,0.574
442,gcb8291.tif,0.189,2.356,0.427,0.951,263,127,70.907,0.379,3.067,0.326,0.671
443,gcb8291.tif,0.147,2.100,0.419,0.841,401,111,9.462,0.295,3.702,0.270,0.689
444,gcb8291.tif,2.702,8.631,0.456,2.743,130,146,19.120,1.741,1.306,0.765,0.830
445,gcb8291.tif,0.072,0.981,0.936,0.374,742,109,123.690,0.293,1.302,0.768,0.889
446,gcb8291.tif,0.054,0.940,0.764,0.422,864,112,145.008,0.195,2.093,0.478,0.891
447,gcb8291.tif,1.798,5.656,0.706,2.032,359,114,138.447,1.382,1.350,0.741,0.905
448,gcb8291.tif,2.233,5.648,0.880,1.902,479,166,70.907,1.555,1.213,0.824,0.967
449,gcb8291.tif,0.439,2.710,0.752,1.012,414,124,7.853,0.618,1.653,0.605,0.920
450,gcb8291.tif,2.320,5.998,0.810,2.136,17,183,80.690,1.450,1.481,0.675,0.961
451,gcb8291.tif,0.177,1.611,0.855,0.646,351,141,74.476,0.346,1.817,0.550,0.937
452,gcb8291.tif,1.895,5.624,0.753,2.020,198,184,77.152,1.174,1.789,0.559,0.937
453,gcb8291.tif,2.579,7.008,0.660,2.508,225,209,78.071,1.621,1.486,0.673,0.900
454,gcb8291.tif,0.055,0.843,0.972,0.340,1000,140,156.038,0.242,1.373,0.728,0.885
455,gcb8291.tif,0.307,2.316,0.719,0.956,257,146,130.601,0.474,2.136,0.468,0.895
456,gcb8291.tif,3.789,7.394,0.871,2.383,701,147,106.858,2.104,1.101,0.908,0.968
457,gcb8291.tif,1.237,4.488,0.772,1.534,59,190,67.479,1.157,1.239,0.807,0.921
458,gcb8291.tif,0.401,2.575,0.760,0.990,883,154,102.095,0.518,1.935,0.517,0.933
459,gcb8291.tif,1.776,5.250,0.810,1.861,352,164,121.329,1.263,1.398,0.715,0.943
460,gcb8291.tif,0.090,1.168,0.825,0.449,623,176,112.620,0.295,1.529,0.654,0.882
461,gcb8291.tif,0.124,1.404,0.792,0.572,163,186,25.017,0.325,1.785,0.560,0.900
462,gcb8291.tif,0.431,2.434,0.915,0.853,800,186,121.759,0.709,1.185,0.844,0.941
463,gcb8291.tif,0.219,2.682,0.382,1.023,476,216,78.311,0.484,2.816,0.355,0.692
464,gcb8291.tif,0.111,1.470,0.646,0.623,313,202,33.690,0.288,2.436,0.410,0.809
465,gcb8291.tif,0.067,1.099,0.696,0.470,760,192,162.897,0.229,2.141,0.467,0.836
466,gcb8291.tif,0.094,1.421,0.587,0.605,549,209,30.964,0.264,2.361,0.424,0.790
467,gcb8291.tif,0.202,2.206,0.521,0.951,414,204,160.907,0.340,3.279,0.305,0.809
468,gcb8291.tif,0.094,1.217,0.801,0.495,533,204,155.225,0.289,1.735,0.576,0.868
469,gcb8291.tif,0.860,3.455,0.905,1.192,107,235,60.461,0.958,1.245,0.803,0.953
470,gcb8291.tif,0.754,3.202,0.923,1.080,67,230,50.194,0.968,1.107,0.903,0.960
471,gcb8291.tif,0.189,2.381,0.418,0.901,174,223,32.471,0.450,2.676,0.374,0.657
472,gcb8291.tif,0.467,4.497,0.290,1.121,979,235,56.310,0.933,1.232,0.812,0.610
473,gcb8291.tif,0.088,1.315,0.643,0.546,294,225,71.565,0.240,2.423,0.413,0.846
474,gcb8291.tif,0.221,2.097,0.632,0.912,442,212,142.696,0.367,2.795,0.358,0.849
475,gcb8291.tif,4.832,8.545,0.831,2.928,582,216,101.575,2.177,1.364,0.733,0.971
476,gcb8291.tif,1.172,7.948,0.233,1.746,505,265,62.928,1.381,1.407,0.711,0.628
477,gcb8291.tif,0.085,1.283,0.648,0.470,159,219,107.103,0.295,1.933,0.517,0.793
478,gcb8291.tif,0.560,3.752,0.500,1.198,407,251,56.768,0.821,1.617,0.618,0.714
479,gcb8291.tif,0.131,1.347,0.910,0.518,923,224,143.130,0.346,1.335,0.749,0.932
480,gcb8291.tif,0.061,1.148,0.581,0.461,430,242,77.005,0.227,2.189,0.457,0.791
481,gcb8291.tif,0.130,1.680,0.579,0.699,294,235,98.531,0.242,2.944,0.340,0.897
482,gcb8291.tif,0.660,3.105,0.861,1.093,946,267,71.565,0.760,1.418,0.705,0.950
483,gcb8291.tif,2.037,5.908,0.734,2.145,637,304,87.230,1.193,1.778,0.563,0.938
484,gcb8291.tif,1.587,4.932,0.820,1.848,692,299,69.193,1.137,1.639,0.610,0.961
485,gcb8291.tif,0.584,3.558,0.580,1.166,749,282,78.024,0.762,1.547,0.646,0.859
486,gcb8291.tif,0.165,1.611,0.798,0.637,816,252,102.529,0.346,1.821,0.549,0.917
487,gcb8291.tif,0.541,3.570,0.534,0.984,233,264,108.435,0.861,1.204,0.831,0.808
488,gcb8291.tif,3.332,6.909,0.877,2.355,419,329,75.556,1.832,1.271,0.787,0.976
489,gcb8291.tif,1.623,7.033,0.412,2.659,758,333,62.103,1.111,2.917,0.343,0.705
490,gcb8291.tif,0.064,1.156,0.606,0.538,307,268,135.000,0.195,3.211,0.311,0.824
491,gcb8291.tif,1.134,5.237,0.520,2.054,456,326,77.367,0.774,2.740,0.365,0.878
492,gcb8291.tif,1.808,5.070,0.884,1.777,989,319,76.504,1.313,1.357,0.737,0.966
493,gcb8291.tif,0.853,5.788,0.320,1.547,524,279,150.573,1.044,1.457,0.686,0.730
494,gcb8291.tif,0.664,5.033,0.329,1.596,723,319,85.030,0.864,1.795,0.557,0.720
495,gcb8291.tif,0.634,3.654,0.597,1.467,482,328,74.982,0.633,2.508,0.399,0.863
496,gcb8291.tif,0.062,0.892,0.982,0.328,86,290,161.565,0.276,1.164,0.859,0.881
497,gcb8291.tif,0.066,1.185,0.588,0.518,855,290,126.870,0.218,2.541,0.394,0.791
498,gcb8291.tif,1.207,4.195,0.862,1.421,370,337,85.815,1.102,1.273,0.786,0.956
499,gcb8291.tif,0.056,1.038,0.654,0.451,167,301,147.529,0.219,2.423,0.413,0.803
500,gcb8291.tif,0.060,1.266,0.468,0.546,223,308,145.305,0.229,3.292,0.304,0.699
501,gcb8291.tif,0.728,3.170,0.911,1.065,309,338,76.866,0.933,1.137,0.880,0.948
502,gcb8291.tif,1.847,8.913,0.292,2.005,56,359,54.118,1.693,1.199,0.834,0.720
503,gcb8291.tif,0.051,0.863,0.867,0.346,680,319,143.130,0.242,1.521,0.657,0.860
504,gcb8291.tif,0.165,1.884,0.583,0.809,574,321,160.017,0.288,3.102,0.322,0.857
505,gcb8291.tif,0.293,2.951,0.422,1.306,2,348,37.476,0.349,4.644,0.215,0.768
506,gcb8291.tif,1.839,5.323,0.816,1.908,189,325,95.194,1.269,1.534,0.652,0.958
507,gcb8291.tif,4.650,8.448,0.819,2.588,548,401,55.886,2.395,1.028,0.972,0.961
508,gcb8291.tif,0.456,2.735,0.766,0.978,793,332,122.005,0.657,1.495,0.669,0.898
509,gcb8291.tif,0.099,1.225,0.830,0.437,894,337,161.565,0.371,1.146,0.873,0.838
510,gcb8291.tif,0.155,1.990,0.492,0.796,448,337,124.380,0.352,2.656,0.377,0.781
511,gcb8291.tif,2.729,6.519,0.807,2.392,841,337,100.823,1.590,1.506,0.664,0.941
512,gcb8291.tif,0.431,3.521,0.437,1.006,391,357,15.945,0.745,1.448,0.691,0.822
513,gcb8291.tif,2.675,6.560,0.781,2.341,125,403,58.891,1.659,1.410,0.709,0.937
514,gcb8291.tif,0.137,1.640,0.642,0.605,775,357,59.036,0.403,1.661,0.602,0.752
515,gcb8291.tif,0.264,3.061,0.354,1.258,935,343,164.055,0.454,3.587,0.279,0.671
516,gcb8291.tif,0.576,2.853,0.888,0.949,656,358,169.509,0.855,1.068,0.936,0.938
517,gcb8291.tif,0.611,3.015,0.845,1.051,762,384,80.538,0.760,1.339,0.747,0.946
518,gcb8291.tif,2.330,5.913,0.838,2.146,247,417,75.069,1.417,1.485,0.673,0.967
519,gcb8291.tif,0.287,2.120,0.801,0.807,322,358,133.264,0.536,1.500,0.667,0.920
520,gcb8291.tif,0.107,1.315,0.782,0.529,779,365,168.690,0.311,1.689,0.592,0.870
521,gcb8291.tif,0.608,3.101,0.794,1.113,294,370,143.842,0.726,1.622,0.616,0.921
522,gcb8291.tif,0.078,1.197,0.681,0.498,439,375,33.690,0.263,2.076,0.482,0.833
523,gcb8291.tif,3.279,7.268,0.780,2.658,364,443,77.229,1.792,1.546,0.647,0.957
524,gcb8291.tif,2.908,9.107,0.441,3.271,668,460,74.055,1.513,2.022,0.495,0.807
525,gcb8291.tif,0.639,4.623,0.376,1.299,903,369,115.201,0.754,1.958,0.511,0.800
526,gcb8291.tif,0.072,0.981,0.936,0.404,67,371,160.017,0.242,1.586,0.630,0.916
527,gcb8291.tif,0.141,1.559,0.729,0.546,420,384,18.435,0.448,1.160,0.862,0.855
528,gcb8291.tif,1.690,5.107,0.814,1.904,478,378,101.514,1.185,1.636,0.611,0.955
529,gcb8291.tif,0.567,2.828,0.891,0.930,965,405,58.671,0.831,1.088,0.919,0.945
530,gcb8291.tif,0.518,2.946,0.750,1.132,74,402,31.264,0.674,1.737,0.576,0.906
531,gcb8291.tif,0.380,3.561,0.376,1.476,442,384,110.556,0.484,3.497,0.286,0.714
532,gcb8291.tif,0.072,1.119,0.719,0.449,289,385,112.620,0.229,2.202,0.454,0.870
533,gcb8291.tif,0.057,0.940,0.815,0.394,814,392,142.125,0.225,1.920,0.521,0.835
534,gcb8291.tif,0.604,3.708,0.552,1.267,701,395,101.004,0.690,1.876,0.533,0.825
535,gcb8291.tif,0.230,2.727,0.389,1.058,825,404,128.367,0.489,3.434,0.291,0.664
536,gcb8291.tif,0.063,0.961,0.862,0.394,998,415,127.875,0.263,1.709,0.585,0.841
537,gcb8291.tif,0.750,5.380,0.326,1.484,315,427,155.225,1.001,1.344,0.744,0.703
538,gcb8291.tif,0.082,1.197,0.723,0.461,514,429,77.005,0.276,1.677,0.596,0.857
539,gcb8291.tif,0.062,0.932,0.898,0.386,206,419,116.565,0.242,1.608,0.622,0.889
540,gcb8291.tif,0.221,2.385,0.488,1.005,882,426,153.435,0.402,2.656,0.376,0.764
541,gcb8291.tif,1.100,6.653,0.312,2.164,912,465,38.517,1.043,2.014,0.497,0.657
542,gcb8291.tif,0.086,1.058,0.965,0.418,275,432,155.556,0.311,1.341,0.746,0.906
543,gcb8291.tif,0.585,4.805,0.318,2.074,23,442,10.561,0.500,5.238,0.191,0.757
544,gcb8291.tif,0.199,2.621,0.365,1.072,380,460,69.228,0.373,3.810,0.262,0.746
545,gcb8291.tif,0.214,2.430,0.455,1.076,424,433,137.603,0.363,3.533,0.283,0.763
546,gcb8291.tif,0.139,1.599,0.680,0.626,115,434,96.340,0.380,1.754,0.570,0.820
547,gcb8291.tif,0.054,1.030,0.637,0.437,550,442,18.435,0.207,2.472,0.404,0.776
548,gcb8291.tif,0.060,1.128,0.590,0.480,734,453,59.744,0.247,2.343,0.427,0.746
549,gcb8291.tif,1.665,4.793,0.910,1.601,769,441,103.736,1.348,1.164,0.859,0.967
550,gcb8291.tif,0.179,1.677,0.800,0.604,220,443,103.241,0.479,1.138,0.878,0.888
551,gcb8291.tif,0.293,2.434,0.621,0.777,990,450,159.146,0.592,1.448,0.690,0.802
552,gcb8291.tif,0.091,1.518,0.495,0.643,284,463,53.746,0.249,3.073,0.325,0.745
553,gcb8291.tif,0.059,0.961,0.797,0.372,119,451,111.801,0.242,1.557,0.642,0.860
554,gcb8291.tif,2.073,5.478,0.868,1.818,157,503,81.254,1.545,1.178,0.849,0.957
555,gcb8291.tif,0.764,3.191,0.944,1.060,823,453,109.026,0.968,1.059,0.944,0.960
556,gcb8291.tif,0.837,6.759,0.230,1.444,20,498,78.959,1.205,1.252,0.798,0.594
557,gcb8291.tif,1.140,5.409,0.490,1.762,470,460,101.310,1.139,1.839,0.544,0.711
558,gcb8291.tif,2.990,7.276,0.710,2.342,370,467,111.644,1.744,1.414,0.707,0.910
559,gcb8291.tif,0.208,1.689,0.916,0.597,417,472,169.992,0.449,1.276,0.784,0.930
560,gcb8291.tif,2.839,6.592,0.821,2.257,923,526,64.612,1.781,1.186,0.843,0.954
561,gcb8291.tif,0.264,2.014,0.818,0.788,193,492,74.745,0.449,1.684,0.594,0.934
562,gcb8291.tif,0.536,4.220,0.378,1.425,650,479,157.166,0.688,2.635,0.379,0.620
563,gcb8291.tif,0.801,4.741,0.448,1.713,427,493,138.270,0.849,2.548,0.392,0.715
564,gcb8291.tif,0.276,1.925,0.936,0.729,551,496,148.570,0.553,1.306,0.765,0.947
565,gcb8291.tif,0.293,2.365,0.658,0.802,655,499,172.569,0.587,1.259,0.794,0.828
566,gcb8291.tif,0.053,0.855,0.904,0.326,829,500,147.995,0.242,1.118,0.894,0.889
567,gcb8291.tif,1.200,4.090,0.901,1.335,70,523,10.437,1.222,1.055,0.948,0.954
568,gcb8291.tif,1.132,4.033,0.875,1.301,175,526,16.991,1.158,1.115,0.897,0.950
569,gcb8291.tif,2.136,5.682,0.832,1.842,297,503,113.199,1.627,1.103,0.906,0.949
570,gcb8291.tif,0.070,1.099,0.733,0.481,738,507,111.038,0.222,2.417,0.414,0.849
571,gcb8291.tif,0.598,3.728,0.541,1.381,540,519,121.701,0.700,2.277,0.439,0.798
572,gcb8291.tif,0.110,1.245,0.890,0.518,475,521,143.130,0.313,1.731,0.578,0.906
573,gcb8291.tif,0.825,3.459,0.867,1.241,975,558,77.125,0.829,1.465,0.682,0.960
574,gcb8291.tif,0.069,1.030,0.821,0.416,792,525,94.764,0.242,1.593,0.628,0.866
575,gcb8291.tif,0.184,1.717,0.784,0.635,505,543,22.380,0.424,1.515,0.660,0.888
576,gcb8291.tif,0.053,1.266,0.412,0.495,267,546,65.225,0.218,2.883,0.347,0.682
577,gcb8291.tif,0.663,5.469,0.278,1.369,146,534,100.176,0.856,1.604,0.623,0.718
578,gcb8291.tif,0.455,5.339,0.201,1.903,475,587,74.197,0.551,4.973,0.201,0.530
579,gcb8291.tif,0.219,2.063,0.645,0.821,438,535,104.621,0.380,2.333,0.429,0.891
580,gcb8291.tif,1.638,6.271,0.523,1.972,853,595,78.887,1.178,1.845,0.542,0.877
581,gcb8291.tif,0.954,5.934,0.340,1.400,389,567,15.751,1.102,1.316,0.760,0.790
582,gcb8291.tif,0.240,1.795,0.936,0.634,184,547,119.358,0.532,1.186,0.843,0.926
583,gcb8291.tif,0.783,5.279,0.353,1.977,265,553,143.531,0.709,3.213,0.311,0.699
584,gcb8291.tif,0.192,1.709,0.827,0.660,749,549,96.009,0.380,1.700,0.588,0.912
585,gcb8291.tif,0.204,2.914,0.302,1.314,96,550,116.565,0.347,5.098,0.196,0.631
586,gcb8291.tif,1.800,5.869,0.657,1.891,326,590,30.784,1.463,1.414,0.707,0.846
587,gcb8291.tif,2.694,6.491,0.804,2.397,78,553,95.793,1.555,1.571,0.636,0.963
588,gcb8291.tif,0.182,1.754,0.741,0.691,446,561,143.130,0.415,1.697,0.589,0.881
589,gcb8291.tif,1.783,9.482,0.249,2.298,30,627,77.845,1.567,1.574,0.635,0.621
590,gcb8291.tif,1.250,4.293,0.853,1.502,613,573,156.975,1.095,1.347,0.742,0.951
591,gcb8291.tif,0.140,1.628,0.662,0.709,206,578,43.025,0.318,2.381,0.420,0.870
592,gcb8291.tif,0.198,2.918,0.293,1.200,165,572,168.366,0.352,4.290,0.233,0.611
593,gcb8291.tif,1.721,6.711,0.480,1.903,887,625,74.197,1.309,1.654,0.605,0.862
594,gcb8291.tif,0.091,1.412,0.572,0.572,966,583,25.017,0.282,2.314,0.432,0.749
595,gcb8291.tif,0.328,2.552,0.634,0.855,387,577,104.036,0.553,1.588,0.630,0.896
596,gcb8291.tif,1.935,10.199,0.234,2.290,227,580,95.194,1.662,1.517,0.659,0.643
597,gcb8291.tif,0.137,2.304,0.325,0.968,530,597,34.824,0.259,4.986,0.201,0.667
598,gcb8291.tif,0.276,2.454,0.576,0.864,703,584,126.870,0.549,1.428,0.700,0.815
599,gcb8291.tif,0.356,2.902,0.531,1.021,277,587,156.038,0.581,2.000,0.500,0.749
600,gcb8291.tif,0.069,1.111,0.705,0.503,690,587,105.945,0.173,2.738,0.365,0.935
601,gcb8291.tif,1.177,4.456,0.745,1.688,803,597,112.891,1.002,1.672,0.598,0.933
602,gcb8291.tif,6.519,9.743,0.863,3.428,122,694,75.403,2.566,1.333,0.750,0.976
603,gcb8291.tif,8.749,14.227,0.543,3.872,614,601,103.416,3.274,1.324,0.755,0.915
604,gcb8291.tif,1.451,5.245,0.663,1.937,324,631,15.524,1.210,1.680,0.595,0.897
605,gcb8291.tif,3.448,7.276,0.818,2.352,745,673,79.846,1.962,1.137,0.879,0.962
606,gcb8291.tif,1.118,5.242,0.511,1.672,972,649,60.255,1.141,1.663,0.601,0.804
607,gcb8291.tif,2.134,6.149,0.709,2.288,415,671,64.983,1.244,1.991,0.502,0.925
608,gcb8291.tif,0.332,2.914,0.491,1.145,660,610,118.887,0.506,2.617,0.382,0.779
609,gcb8291.tif,0.067,1.266,0.525,0.529,252,627,78.690,0.201,2.929,0.341,0.806
610,gcb8291.tif,1.097,4.042,0.844,1.320,59,621,96.009,1.208,1.047,0.955,0.949
611,gcb8291.tif,2.158,6.258,0.692,2.285,443,684,69.647,1.344,1.805,0.554,0.897
612,gcb8291.tif,0.050,0.989,0.644,0.374,19,636,146.310,0.231,1.776,0.563,0.764
613,gcb8291.tif,0.167,1.916,0.572,0.700,508,656,69.775,0.334,2.246,0.445,0.883
614,gcb8291.tif,0.664,5.225,0.306,1.348,685,639,112.620,0.968,1.268,0.789,0.695
615,gcb8291.tif,0.184,1.950,0.608,0.810,245,660,50.194,0.367,2.429,0.412,0.863
616,gcb8291.tif,1.194,4.094,0.895,1.393,901,682,66.615,1.207,1.129,0.886,0.957
617,gcb8291.tif,0.209,2.767,0.343,1.194,276,680,67.891,0.390,3.739,0.267,0.665
618,gcb8291.tif,0.133,1.583,0.665,0.646,307,651,164.476,0.261,2.670,0.375,0.881
619,gcb8291.tif,0.178,2.141,0.488,0.901,12,681,85.601,0.276,3.673,0.272,0.828
620,gcb8291.tif,1.409,6.898,0.372,2.378,132,705,35.538,1.157,2.454,0.408,0.644
621,gcb8291.tif,2.815,6.324,0.884,2.025,317,685,154.747,1.866,1.061,0.943,0.968
622,gcb8291.tif,0.848,4.204,0.603,1.749,181,714,60.396,0.774,2.311,0.433,0.900
623,gcb8291.tif,1.414,4.618,0.833,1.571,857,677,140.356,1.257,1.210,0.826,0.957
624,gcb8291.tif,0.370,2.931,0.542,1.073,783,704,75.069,0.579,1.742,0.574,0.808
625,gcb8291.tif,0.118,2.169,0.316,0.951,979,685,19.093,0.289,4.066,0.246,0.602
626,gcb8291.tif,0.424,2.494,0.856,0.951,383,676,109.093,0.616,1.604,0.624,0.945
627,gcb8291.tif,0.086,1.156,0.808,0.416,550,680,175.236,0.346,1.118,0.895,0.842
628,gcb8291.tif,0.119,1.412,0.752,0.591,258,685,20.556,0.311,1.719,0.582,0.873
629,gcb8291.tif,0.210,2.422,0.450,1.016,673,699,35.311,0.399,3.122,0.320,0.710
630,gcb8291.tif,0.136,1.461,0.801,0.536,964,691,14.931,0.398,1.397,0.716,0.867
631,gcb8291.tif,0.190,2.808,0.303,1.226,923,717,68.499,0.300,4.826,0.207,0.646
632,gcb8291.tif,0.073,1.058,0.817,0.404,63,688,109.983,0.306,1.284,0.779,0.836
633,gcb8291.tif,0.603,3.105,0.786,1.085,816,717,67.521,0.845,1.229,0.813,0.921
634,gcb8291.tif,0.498,3.561,0.493,1.058,709,698,128.367,0.847,1.526,0.655,0.704
635,gcb8291.tif,0.177,1.648,0.817,0.591,942,712,69.444,0.449,1.265,0.790,0.897
636,gcb8291.tif,0.173,1.551,0.905,0.563,25,701,132.510,0.448,1.234,0.810,0.915
637,gcb8294.tif,0.528,2.808,0.841,1.026,963,4,122.619,0.712,1.440,0.694,0.942
638,gcb8294.tif,0.333,3.216,0.405,1.169,633,5,161.030,0.528,2.464,0.406,0.720
639,gcb8294.tif,0.117,1.335,0.825,0.470,404,4,126.027,0.405,1.127,0.887,0.867
640,gcb8294.tif,0.088,1.128,0.874,0.433,732,6,151.390,0.316,1.370,0.730,0.865
641,gcb8294.tif,0.235,2.906,0.350,1.114,503,12,119.745,0.443,3.144,0.318,0.676
642,gcb8294.tif,0.091,1.559,0.469,0.605,540,27,59.036,0.254,2.673,0.374,0.749
643,gcb8294.tif,0.164,2.263,0.401,0.855,848,15,165.964,0.401,2.746,0.364,0.640
644,gcb8294.tif,0.476,3.472,0.497,1.518,690,49,48.691,0.531,2.718,0.368,0.846
645,gcb8294.tif,2.369,10.765,0.257,2.474,102,88,77.905,1.759,1.598,0.626,0.707
646,gcb8294.tif,0.192,2.161,0.517,0.973,373,28,16.504,0.327,3.165,0.316,0.861
647,gcb8294.tif,0.125,1.294,0.941,0.498,580,26,123.690,0.367,1.403,0.713,0.921
648,gcb8294.tif,0.471,3.024,0.647,1.132,761,59,58.736,0.680,1.747,0.573,0.879
649,gcb8294.tif,0.764,3.406,0.828,1.258,389,59,52.815,0.863,1.485,0.673,0.938
650,gcb8294.tif,0.603,3.435,0.642,1.225,726,65,73.610,0.691,1.798,0.556,0.918
651,gcb8294.tif,0.093,1.128,0.921,0.420,660,32,99.462,0.311,1.339,0.747,0.891
652,gcb8294.tif,1.621,6.285,0.516,1.938,446,33,93.066,1.210,1.881,0.532,0.838
653,gcb8294.tif,0.102,1.274,0.786,0.470,993,45,36.027,0.325,1.378,0.726,0.842
654,gcb8294.tif,0.148,1.872,0.531,0.729,948,56,84.560,0.377,1.924,0.520,0.752
655,gcb8294.tif,0.060,0.952,0.827,0.394,1006,38,164.745,0.207,1.915,0.522,0.901
656,gcb8294.tif,1.763,6.922,0.462,1.943,788,93,84.898,1.530,1.321,0.757,0.795
657,gcb8294.tif,0.604,2.906,0.899,1.021,565,65,66.038,0.819,1.257,0.795,0.949
658,gcb8294.tif,0.666,3.386,0.730,1.275,524,71,57.171,0.852,1.384,0.722,0.879
659,gcb8294.tif,4.344,9.848,0.563,3.231,583,124,48.468,2.120,1.495,0.669,0.852
660,gcb8294.tif,0.054,1.168,0.495,0.489,668,50,171.870,0.187,3.438,0.291,0.703
661,gcb8294.tif,0.948,7.534,0.210,1.837,322,50,101.944,1.453,1.391,0.719,0.455
662,gcb8294.tif,0.279,2.584,0.526,0.912,842,57,127.304,0.636,1.519,0.658,0.787
663,gcb8294.tif,1.988,7.463,0.449,2.222,45,59,105.333,1.436,1.594,0.627,0.792
664,gcb8294.tif,0.213,1.787,0.837,0.637,916,64,167.471,0.442,1.436,0.696,0.904
665,gcb8294.tif,0.127,1.470,0.737,0.623,137,81,33.690,0.301,2.158,0.463,0.862
666,gcb8294.tif,0.170,2.617,0.311,0.748,393,77,146.310,0.466,1.658,0.603,0.617
667,gcb8294.tif,1.754,8.680,0.293,2.598,508,131,40.684,1.504,2.222,0.450,0.591
668,gcb8294.tif,0.074,1.087,0.787,0.465,380,79,131.987,0.244,2.075,0.482,0.879
669,gcb8294.tif,0.197,2.043,0.593,0.802,672,85,172.569,0.380,2.351,0.425,0.840
670,gcb8294.tif,0.515,5.168,0.242,1.946,702,92,6.116,0.518,5.332,0.188,0.645
671,gcb8294.tif,0.242,2.638,0.438,1.128,643,105,49.970,0.391,3.584,0.279,0.741
672,gcb8294.tif,0.140,1.518,0.761,0.643,84,82,126.254,0.318,2.243,0.446,0.873
673,gcb8294.tif,0.133,1.441,0.802,0.575,306,90,147.265,0.355,1.752,0.571,0.871
674,gcb8294.tif,0.448,4.652,0.260,1.836,434,111,19.799,0.544,5.024,0.199,0.614
675,gcb8294.tif,0.250,1.835,0.931,0.646,862,92,105.524,0.518,1.225,0.816,0.937
676,gcb8294.tif,0.788,4.367,0.519,1.499,103,120,25.974,0.923,1.429,0.700,0.767
677,gcb8294.tif,0.450,2.931,0.659,1.012,371,125,82.147,0.720,1.454,0.688,0.847
678,gcb8294.tif,0.654,3.841,0.557,1.303,399,132,68.199,0.731,1.846,0.542,0.862
679,gcb8294.tif,0.644,3.475,0.670,1.364,730,111,8.746,0.716,1.952,0.512,0.907
680,gcb8294.tif,0.064,0.961,0.878,0.347,927,97,95.711,0.276,1.247,0.802,0.850
681,gcb8294.tif,0.078,1.315,0.564,0.495,563,98,114.775,0.293,1.605,0.623,0.778
682,gcb8294.tif,0.171,1.701,0.742,0.681,696,100,156.038,0.380,1.786,0.560,0.905
683,gcb8294.tif,0.063,1.067,0.699,0.416,959,104,175.236,0.251,1.819,0.550,0.774
684,gcb8294.tif,0.162,1.717,0.692,0.746,294,105,166.608,0.346,2.318,0.431,0.886
685,gcb8294.tif,0.176,1.864,0.635,0.686,266,106,130.914,0.419,2.042,0.490,0.782
686,gcb8294.tif,0.201,1.945,0.666,0.773,785,117,26.565,0.358,2.347,0.426,0.896
687,gcb8294.tif,0.609,6.133,0.203,2.678,617,135,19.604,0.413,8.200,0.122,0.653
688,gcb8294.tif,1.305,5.758,0.495,1.932,310,151,47.175,1.233,1.342,0.745,0.830
689,gcb8294.tif,0.972,3.882,0.811,1.427,204,152,83.047,0.879,1.643,0.609,0.943
690,gcb8294.tif,1.060,3.996,0.834,1.389,829,113,95.711,1.016,1.373,0.729,0.946
691,gcb8294.tif,0.773,4.224,0.544,1.231,229,119,128.157,1.015,1.351,0.740,0.790
692,gcb8294.tif,1.980,6.280,0.631,2.056,441,172,65.158,1.543,1.340,0.747,0.870
693,gcb8294.tif,0.350,2.385,0.773,0.912,131,142,65.376,0.563,1.637,0.611,0.914
694,gcb8294.tif,0.246,2.825,0.387,0.930,858,141,48.013,0.692,1.348,0.742,0.623
695,gcb8294.tif,0.141,1.481,0.807,0.527,758,133,31.608,0.380,1.405,0.712,0.887
696,gcb8294.tif,0.100,1.421,0.625,0.558,973,140,68.199,0.335,1.804,0.554,0.753
697,gcb8294.tif,1.441,4.928,0.746,1.727,547,175,70.115,1.188,1.453,0.688,0.927
698,gcb8294.tif,0.265,2.083,0.768,0.867,490,131,113.499,0.435,2.120,0.472,0.927
699,gcb8294.tif,0.246,2.189,0.645,0.798,959,153,72.350,0.471,1.572,0.636,0.846
700,gcb8294.tif,0.363,2.601,0.675,1.049,796,132,107.241,0.534,2.067,0.484,0.888
701,gcb8294.tif,0.537,5.095,0.260,1.314,272,139,116.565,0.894,1.644,0.608,0.556
702,gcb8294.tif,0.511,4.741,0.286,1.363,13,168,30.466,1.011,1.395,0.717,0.535
703,gcb8294.tif,0.307,3.443,0.325,1.051,647,169,62.592,0.619,1.929,0.518,0.596
704,gcb8294.tif,0.552,3.637,0.524,1.559,476,188,77.196,0.511,3.205,0.312,0.886
705,gcb8294.tif,1.198,4.126,0.884,1.403,737,174,37.999,1.113,1.245,0.803,0.959
706,gcb8294.tif,0.682,3.426,0.730,1.271,603,149,112.380,0.824,1.635,0.611,0.906
707,gcb8294.tif,0.441,2.486,0.896,0.930,381,150,111.801,0.622,1.479,0.676,0.956
708,gcb8294.tif,0.760,3.389,0.831,1.217,236,185,55.408,0.875,1.308,0.764,0.944
709,gcb8294.tif,0.079,1.148,0.752,0.470,47,158,162.897,0.242,1.910,0.524,0.852
710,gcb8294.tif,0.456,4.451,0.289,1.878,73,163,173.660,0.523,4.770,0.210,0.688
711,gcb8294.tif,0.066,1.010,0.810,0.394,856,170,74.745,0.276,1.434,0.697,0.840
712,gcb8294.tif,1.671,5.420,0.715,1.707,340,163,121.759,1.417,1.209,0.827,0.931
713,gcb8294.tif,0.110,1.685,0.486,0.748,831,177,33.690,0.278,2.664,0.375,0.776
714,gcb8294.tif,1.361,4.500,0.845,1.547,185,169,113.703,1.175,1.326,0.754,0.949
715,gcb8294.tif,1.140,6.496,0.340,1.579,580,170,113.199,1.210,1.325,0.754,0.766
716,gcb8294.tif,0.220,1.807,0.846,0.615,144,190,38.157,0.518,1.061,0.942,0.918
717,gcb8294.tif,0.362,2.446,0.760,0.867,928,176,94.574,0.553,1.549,0.645,0.892
718,gcb8294.tif,1.191,4.342,0.794,1.540,845,221,80.961,1.030,1.523,0.657,0.934
719,gcb8294.tif,0.672,5.006,0.337,2.022,761,211,19.983,0.579,4.400,0.227,0.715
720,gcb8294.tif,0.963,3.841,0.820,1.399,245,224,57.095,0.918,1.560,0.641,0.950
721,gcb8294.tif,0.546,3.659,0.512,1.334,537,189,106.557,0.691,1.879,0.532,0.799
722,gcb8294.tif,0.105,1.571,0.535,0.665,400,190,117.897,0.240,3.347,0.299,0.772
723,gcb8294.tif,0.656,3.271,0.770,1.290,223,230,82.304,0.661,2.008,0.498,0.941
724,gcb8294.tif,0.396,2.381,0.879,0.888,1008,194,103.496,0.660,1.360,0.735,0.927
725,gcb8294.tif,1.201,5.803,0.448,1.567,723,242,75.964,1.175,1.499,0.667,0.845
726,gcb8294.tif,0.423,2.572,0.803,0.901,5,200,122.471,0.657,1.288,0.776,0.916
727,gcb8294.tif,2.781,6.368,0.862,2.122,776,256,59.676,1.725,1.179,0.848,0.970
728,gcb8294.tif,1.214,4.077,0.918,1.393,101,242,66.615,1.106,1.227,0.815,0.967
729,gcb8294.tif,1.300,5.080,0.633,1.662,295,252,86.424,1.168,1.401,0.714,0.892
730,gcb8294.tif,0.713,3.346,0.800,1.248,163,207,131.634,0.778,1.670,0.599,0.921
731,gcb8294.tif,0.067,0.961,0.911,0.394,27,208,127.875,0.263,1.533,0.652,0.882
732,gcb8294.tif,0.678,3.944,0.548,1.419,597,235,34.077,0.842,1.982,0.505,0.781
733,gcb8294.tif,0.090,1.225,0.750,0.491,871,227,39.289,0.293,1.849,0.541,0.852
734,gcb8294.tif,0.260,2.825,0.410,1.189,27,245,54.462,0.382,4.063,0.246,0.714
735,gcb8294.tif,0.241,1.905,0.836,0.700,562,222,159.775,0.484,1.422,0.703,0.902
736,gcb8294.tif,0.102,1.160,0.949,0.422,948,218,124.992,0.346,1.079,0.927,0.939
737,gcb8294.tif,0.269,1.974,0.867,0.700,377,224,122.905,0.553,1.195,0.837,0.922
738,gcb8294.tif,0.294,2.120,0.821,0.746,449,228,166.608,0.587,1.383,0.723,0.904
739,gcb8294.tif,0.225,2.413,0.484,0.922,130,251,77.005,0.407,2.681,0.373,0.782
740,gcb8294.tif,0.115,1.628,0.544,0.660,327,229,173.991,0.276,2.852,0.351,0.784
741,gcb8294.tif,0.111,1.510,0.612,0.587,247,234,118.072,0.356,1.946,0.514,0.769
742,gcb8294.tif,0.066,1.030,0.778,0.427,896,237,14.036,0.207,2.060,0.485,0.887
743,gcb8294.tif,0.136,1.807,0.524,0.765,557,239,161.565,0.307,3.106,0.322,0.760
744,gcb8294.tif,0.190,1.599,0.933,0.558,232,244,158.199,0.484,1.135,0.881,0.924
745,gcb8294.tif,0.250,2.031,0.760,0.689,659,254,17.526,0.572,1.282,0.780,0.858
746,gcb8294.tif,1.145,4.192,0.819,1.574,62,287,81.158,1.002,1.514,0.660,0.950
747,gcb8294.tif,1.579,5.258,0.717,1.848,310,292,69.193,1.344,1.360,0.735,0.915
748,gcb8294.tif,0.127,2.589,0.237,1.049,468,245,162.759,0.280,5.773,0.173,0.552
749,gcb8294.tif,0.781,3.357,0.871,1.161,351,275,53.471,0.943,1.205,0.830,0.936
750,gcb8294.tif,0.230,2.410,0.499,1.100,634,246,133.727,0.320,4.113,0.243,0.793
751,gcb8294.tif,0.147,1.620,0.704,0.695,433,254,174.289,0.290,2.474,0.404,0.888
752,gcb8294.tif,0.062,1.551,0.325,0.637,900,251,167.471,0.202,3.791,0.264,0.619
753,gcb8294.tif,0.135,1.539,0.716,0.557,8,253,119.745,0.391,1.287,0.777,0.825
754,gcb8294.tif,1.254,6.910,0.330,2.416,255,253,106.621,0.941,2.909,0.344,0.732
755,gcb8294.tif,0.330,2.641,0.594,0.896,398,255,152.447,0.671,1.353,0.739,0.773
756,gcb8294.tif,1.404,8.820,0.227,2.032,544,267,138.447,1.482,1.717,0.582,0.574
757,gcb8294.tif,1.027,5.400,0.443,1.700,455,264,127.569,1.057,1.725,0.580,0.745
758,gcb8294.tif,1.090,6.841,0.293,2.684,172,290,11.889,0.751,4.644,0.215,0.698
759,gcb8294.tif,0.454,2.735,0.762,0.956,898,264,102.529,0.729,1.402,0.713,0.875
760,gcb8294.tif,0.313,2.759,0.516,1.119,854,297,81.119,0.461,2.746,0.364,0.782
761,gcb8294.tif,0.400,2.727,0.676,1.085,363,292,52.765,0.537,2.227,0.449,0.860
762,gcb8294.tif,0.063,0.952,0.877,0.356,977,276,60.945,0.268,1.327,0.754,0.869
763,gcb8294.tif,0.482,2.719,0.820,0.973,83,298,73.496,0.675,1.444,0.693,0.930
764,gcb8294.tif,0.432,4.102,0.323,1.598,783,316,68.429,0.610,3.513,0.285,0.595
765,gcb8294.tif,0.259,2.523,0.512,1.008,804,275,120.964,0.487,2.409,0.415,0.742
766,gcb8294.tif,1.072,6.856,0.287,2.359,700,290,169.019,1.124,2.265,0.441,0.592
767,gcb8294.tif,0.090,1.156,0.842,0.464,927,289,26.565,0.314,1.559,0.641,0.852
768,gcb8294.tif,0.721,3.271,0.847,1.093,671,310,55.305,0.958,1.114,0.898,0.939
769,gcb8294.tif,2.288,6.125,0.766,2.170,430,286,127.235,1.557,1.454,0.688,0.935
770,gcb8294.tif,0.166,1.530,0.891,0.557,977,299,150.255,0.433,1.322,0.756,0.900
771,gcb8294.tif,2.190,5.628,0.869,1.928,181,298,104.534,1.451,1.290,0.775,0.962
772,gcb8294.tif,0.159,1.775,0.634,0.777,542,301,147.724,0.322,2.676,0.374,0.861
773,gcb8294.tif,0.491,2.629,0.892,0.940,911,322,36.027,0.709,1.321,0.757,0.943
774,gcb8294.tif,0.051,0.863,0.867,0.367,58,305,138.814,0.220,1.726,0.580,0.869
775,gcb8294.tif,0.385,2.682,0.672,1.026,382,331,57.381,0.572,1.969,0.508,0.834
776,gcb8294.tif,0.332,2.422,0.711,0.988,791,323,36.469,0.513,2.109,0.474,0.885
777,gcb8294.tif,0.685,3.239,0.821,1.215,297,310,165.174,0.821,1.456,0.687,0.927
778,gcb8294.tif,0.096,1.180,0.862,0.451,565,308,147.529,0.276,1.384,0.723,0.920
779,gcb8294.tif,0.147,2.060,0.435,0.667,591,317,21.251,0.449,1.617,0.618,0.693
780,gcb8294.tif,0.548,3.374,0.605,1.215,624,307,104.826,0.726,1.601,0.624,0.863
781,gcb8294.tif,0.644,2.975,0.914,1.065,35,309,103.134,0.795,1.307,0.765,0.957
782,gcb8294.tif,0.122,1.921,0.415,0.656,343,315,161.565,0.370,2.244,0.446,0.639
783,gcb8294.tif,0.635,3.501,0.652,1.306,530,313,127.476,0.744,1.807,0.553,0.864
784,gcb8294.tif,0.799,3.642,0.757,1.207,227,314,103.241,0.923,1.388,0.721,0.913
785,gcb8294.tif,0.084,1.470,0.486,0.587,715,316,151.928,0.273,3.055,0.327,0.690
786,gcb8294.tif,1.172,4.379,0.768,1.534,951,364,75.651,1.071,1.421,0.704,0.925
787,gcb8294.tif,0.074,1.050,0.844,0.404,983,326,19.983,0.276,1.376,0.727,0.892
788,gcb8294.tif,0.107,1.470,0.625,0.546,125,332,18.435,0.346,1.750,0.572,0.773
789,gcb8294.tif,0.076,1.030,0.906,0.394,287,329,127.875,0.294,1.376,0.727,0.877
790,gcb8294.tif,0.534,3.630,0.509,1.301,561,362,50.389,0.642,2.219,0.451,0.819
791,gcb8294.tif,0.075,1.824,0.284,0.712,869,344,14.036,0.212,4.456,0.224,0.615
792,gcb8294.tif,0.057,1.010,0.707,0.418,403,348,65.556,0.224,2.088,0.479,0.821
793,gcb8294.tif,3.089,6.644,0.879,2.180,412,375,25.346,1.864,1.111,0.900,0.970
794,gcb8294.tif,0.208,2.304,0.492,0.956,659,361,49.399,0.370,3.026,0.330,0.755
795,gcb8294.tif,4.598,10.675,0.507,3.443,308,362,144.395,2.129,1.824,0.548,0.837
796,gcb8294.tif,0.069,1.205,0.599,0.518,372,344,143.130,0.231,2.686,0.372,0.773
797,gcb8294.tif,1.980,5.624,0.787,1.761,272,346,105.945,1.511,1.141,0.877,0.935
798,gcb8294.tif,0.259,2.609,0.478,0.881,991,371,78.690,0.525,2.067,0.484,0.711
799,gcb8294.tif,0.062,0.981,0.811,0.361,646,354,163.301,0.276,1.166,0.858,0.860
800,gcb8294.tif,0.162,1.551,0.849,0.514,863,354,132.274,0.449,1.032,0.969,0.907
801,gcb8294.tif,2.141,8.591,0.365,2.592,26,429,73.740,1.297,2.254,0.444,0.806
802,gcb8294.tif,0.233,2.638,0.421,0.951,909,360,160.907,0.480,2.497,0.400,0.693
803,gcb8294.tif,0.222,1.974,0.717,0.755,622,367,15.945,0.446,1.665,0.601,0.871
804,gcb8294.tif,0.498,3.777,0.439,1.301,108,369,129.611,0.587,2.418,0.414,0.815
805,gcb8294.tif,0.527,3.455,0.554,1.051,749,397,80.538,0.726,1.576,0.635,0.849
806,gcb8294.tif,0.909,3.789,0.796,1.334,973,413,73.443,1.002,1.301,0.768,0.934
807,gcb8294.tif,0.812,6.167,0.268,1.534,103,379,104.349,1.093,1.415,0.707,0.653
808,gcb8294.tif,0.241,3.126,0.310,1.008,820,412,59.036,0.505,2.485,0.402,0.643
809,gcb8294.tif,0.414,3.814,0.358,1.596,603,406,17.650,0.493,3.991,0.251,0.707
810,gcb8294.tif,0.301,2.413,0.649,0.943,695,395,171.573,0.518,1.762,0.567,0.854
811,gcb8294.tif,0.287,2.609,0.529,0.982,655,417,50.711,0.555,1.832,0.546,0.808
812,gcb8294.tif,1.309,4.281,0.897,1.509,541,397,110.095,1.210,1.230,0.813,0.963
813,gcb8294.tif,1.647,9.930,0.210,2.572,121,446,30.700,1.435,2.079,0.481,0.560
814,gcb8294.tif,0.087,1.217,0.740,0.481,143,399,158.962,0.242,1.908,0.524,0.901
815,gcb8294.tif,0.054,0.912,0.812,0.346,834,400,143.130,0.263,1.333,0.750,0.849
816,gcb8294.tif,0.257,2.926,0.377,1.166,849,403,168.024,0.413,3.471,0.288,0.728
817,gcb8294.tif,0.225,2.060,0.665,0.773,1005,428,79.695,0.460,1.686,0.593,0.851
818,gcb8294.tif,1.152,4.493,0.717,1.423,323,420,150.945,1.210,1.195,0.837,0.884
819,gcb8294.tif,1.463,5.336,0.646,1.878,76,416,102.758,1.236,1.507,0.664,0.877
820,gcb8294.tif,1.380,7.985,0.272,1.906,682,417,112.380,1.435,1.102,0.908,0.682
821,gcb8294.tif,0.109,1.404,0.693,0.591,278,426,20.556,0.309,2.063,0.485,0.863
822,gcb8294.tif,3.867,12.449,0.314,2.884,444,434,134.029,2.185,1.409,0.710,0.789
823,gcb8294.tif,0.086,1.665,0.390,0.510,405,424,151.699,0.313,2.033,0.492,0.720
824,gcb8294.tif,0.112,2.145,0.306,0.591,425,429,20.556,0.346,1.679,0.596,0.696
825,gcb8294.tif,1.843,5.176,0.864,1.878,613,484,77.242,1.313,1.414,0.707,0.963
826,gcb8294.tif,0.377,2.328,0.875,0.864,980,435,143.130,0.655,1.266,0.790,0.934
827,gcb8294.tif,0.099,1.433,0.607,0.470,193,435,126.027,0.380,1.127,0.887,0.806
828,gcb8294.tif,0.059,1.099,0.609,0.495,756,444,24.775,0.201,2.753,0.363,0.810
829,gcb8294.tif,0.103,1.274,0.795,0.495,159,441,167.905,0.311,1.546,0.647,0.864
830,gcb8294.tif,0.522,4.237,0.365,1.473,291,475,50.711,0.834,2.058,0.486,0.660
831,gcb8294.tif,0.349,4.127,0.257,1.137,405,450,160.463,0.720,1.841,0.543,0.539
832,gcb8294.tif,1.481,4.606,0.877,1.574,256,443,98.842,1.210,1.287,0.777,0.962
833,gcb8294.tif,1.152,4.305,0.781,1.468,532,446,116.565,0.992,1.511,0.662,0.924
834,gcb8294.tif,0.220,2.474,0.451,1.023,801,451,11.689,0.346,3.508,0.285,0.803
835,gcb8294.tif,0.671,6.447,0.203,1.618,834,466,160.017,1.237,1.472,0.679,0.436
836,gcb8294.tif,0.061,1.343,0.424,0.591,928,450,159.444,0.203,3.832,0.261,0.699
837,gcb8294.tif,1.687,8.562,0.289,2.725,937,490,15.446,1.658,1.693,0.591,0.570
838,gcb8294.tif,0.056,0.961,0.764,0.403,926,464,30.964,0.242,1.590,0.629,0.855
839,gcb8294.tif,0.574,4.510,0.355,1.159,725,473,169.695,0.920,1.523,0.656,0.662
840,gcb8294.tif,1.440,8.378,0.258,1.979,804,459,102.095,1.357,1.478,0.676,0.675
841,gcb8294.tif,0.202,1.824,0.763,0.759,406,470,149.931,0.382,2.095,0.477,0.909
842,gcb8294.tif,0.457,3.248,0.545,1.222,836,482,151.260,0.628,2.207,0.453,0.768
843,gcb8294.tif,0.703,5.661,0.276,1.521,53,523,68.682,1.020,1.575,0.635,0.593
844,gcb8294.tif,0.484,2.719,0.822,1.016,155,489,144.689,0.669,1.543,0.648,0.930
845,gcb8294.tif,0.733,3.841,0.624,1.418,323,515,46.975,0.843,1.866,0.536,0.823
846,gcb8294.tif,0.125,1.527,0.676,0.664,916,500,38.660,0.269,2.774,0.360,0.854
847,gcb8294.tif,0.259,2.653,0.463,1.125,639,494,169.380,0.376,3.655,0.274,0.817
848,gcb8294.tif,0.264,2.552,0.509,1.040,690,494,164.578,0.455,2.773,0.361,0.770
849,gcb8294.tif,1.675,4.972,0.852,1.619,974,494,106.113,1.348,1.163,0.860,0.954
850,gcb8294.tif,2.043,5.454,0.863,1.882,138,549,82.614,1.563,1.201,0.833,0.960
851,gcb8294.tif,0.276,2.161,0.742,0.824,560,510,33.024,0.464,1.825,0.548,0.902
852,gcb8294.tif,0.082,1.412,0.519,0.570,10,496,104.036,0.242,2.846,0.351,0.780
853,gcb8294.tif,0.066,1.107,0.673,0.427,531,503,14.036,0.249,1.670,0.599,0.769
854,gcb8294.tif,0.116,1.864,0.419,0.758,724,498,155.772,0.298,2.315,0.432,0.752
855,gcb8294.tif,1.967,5.592,0.790,1.805,358,554,84.508,1.478,1.271,0.787,0.940
856,gcb8294.tif,2.662,6.137,0.888,2.115,213,503,94.686,1.659,1.264,0.791,0.973
857,gcb8294.tif,0.098,1.315,0.712,0.503,253,508,15.945,0.276,1.835,0.545,0.845
858,gcb8294.tif,0.061,1.030,0.722,0.404,547,516,70.017,0.259,1.466,0.682,0.823
859,gcb8294.tif,0.492,2.690,0.854,0.984,298,507,108.435,0.645,1.535,0.651,0.937
860,gcb8294.tif,0.326,2.520,0.645,0.835,606,515,155.556,0.639,1.329,0.753,0.860
861,gcb8294.tif,0.054,1.021,0.647,0.464,897,514,26.565,0.193,2.700,0.370,0.849
862,gcb8294.tif,0.086,1.217,0.730,0.518,545,522,143.130,0.257,2.189,0.457,0.847
863,gcb8294.tif,0.522,2.987,0.735,1.173,106,522,103.627,0.650,1.833,0.546,0.934
864,gcb8294.tif,0.862,3.541,0.864,1.159,734,525,107.354,1.044,1.076,0.929,0.936
865,gcb8294.tif,0.699,3.317,0.798,1.085,463,554,59.349,0.911,1.117,0.895,0.911
866,gcb8294.tif,0.263,3.133,0.336,1.116,562,529,163.811,0.469,2.878,0.347,0.649
867,gcb8294.tif,0.085,1.375,0.563,0.591,398,545,69.444,0.232,3.186,0.314,0.793
868,gcb8294.tif,0.752,4.611,0.445,1.535,271,530,97.765,0.853,2.036,0.491,0.732
869,gcb8294.tif,1.662,5.018,0.830,1.744,914,575,56.310,1.307,1.349,0.741,0.955
870,gcb8294.tif,0.912,3.846,0.775,1.484,169,576,77.905,0.933,1.646,0.608,0.928
871,gcb8294.tif,0.701,3.150,0.888,1.091,421,538,100.954,0.898,1.181,0.847,0.942
872,gcb8294.tif,0.073,1.412,0.459,0.570,33,547,14.036,0.242,3.084,0.324,0.705
873,gcb8294.tif,0.063,1.079,0.684,0.427,629,550,14.036,0.207,2.049,0.488,0.862
874,gcb8294.tif,1.404,4.810,0.763,1.552,308,592,73.179,1.300,1.188,0.842,0.934
875,gcb8294.tif,0.592,5.395,0.256,2.218,509,557,175.533,0.464,6.624,0.151,0.636
876,gcb8294.tif,1.130,7.546,0.249,2.460,707,550,114.044,1.242,1.745,0.573,0.612
877,gcb8294.tif,0.161,2.137,0.444,0.912,778,552,142.696,0.315,3.926,0.255,0.682
878,gcb8294.tif,1.931,5.820,0.716,2.046,127,557,105.680,1.375,1.401,0.714,0.936
879,gcb8294.tif,0.685,4.517,0.422,1.380,886,599,67.932,0.807,1.548,0.646,0.770
880,gcb8294.tif,0.056,1.099,0.584,0.394,991,566,164.745,0.242,1.787,0.559,0.764
881,gcb8294.tif,0.387,2.462,0.802,0.864,741,567,143.130,0.603,1.452,0.689,0.922
882,gcb8294.tif,0.281,2.865,0.430,1.076,499,565,132.397,0.547,2.631,0.380,0.681
883,gcb8294.tif,0.131,1.551,0.687,0.684,570,565,135.000,0.318,2.163,0.462,0.876
884,gcb8294.tif,0.577,3.699,0.530,1.031,50,566,103.570,0.864,1.142,0.876,0.850
885,gcb8294.tif,0.370,2.555,0.713,0.842,837,591,70.821,0.622,1.418,0.705,0.873
886,gcb8294.tif,0.602,3.032,0.823,1.073,238,571,104.931,0.795,1.311,0.763,0.932
887,gcb8294.tif,0.141,1.375,0.936,0.514,861,582,42.274,0.415,1.116,0.896,0.929
888,gcb8294.tif,0.072,1.156,0.674,0.470,606,574,143.973,0.264,1.923,0.520,0.769
889,gcb8294.tif,0.960,3.732,0.866,1.217,470,598,34.592,1.097,1.049,0.953,0.944
890,gcb8294.tif,0.998,3.988,0.789,1.509,533,616,69.905,0.896,1.690,0.592,0.941
891,gcb8294.tif,0.903,7.076,0.227,1.515,193,578,124.778,1.173,1.299,0.770,0.636
892,gcb8294.tif,0.180,1.953,0.594,0.782,945,594,45.000,0.447,1.827,0.547,0.805
893,gcb8294.tif,0.104,1.763,0.420,0.604,670,596,76.759,0.346,1.884,0.531,0.664
894,gcb8294.tif,0.122,1.803,0.471,0.665,688,601,81.027,0.300,2.714,0.368,0.713
895,gcb8294.tif,2.147,5.990,0.752,2.028,562,644,76.201,1.521,1.337,0.748,0.935
896,gcb8294.tif,0.161,1.925,0.547,0.623,863,598,33.690,0.454,1.505,0.665,0.746
897,gcb8294.tif,0.679,3.553,0.676,1.222,342,593,118.740,0.800,1.759,0.569,0.837
898,gcb8294.tif,2.200,5.668,0.860,1.946,777,593,106.504,1.521,1.222,0.818,0.959
899,gcb8294.tif,0.053,0.871,0.870,0.328,298,600,18.435,0.244,1.223,0.817,0.863
900,gcb8294.tif,0.150,1.530,0.807,0.579,451,611,72.646,0.385,1.598,0.626,0.881
901,gcb8294.tif,2.214,8.237,0.410,2.134,36,596,114.905,1.728,1.068,0.936,0.838
902,gcb8294.tif,0.054,0.855,0.925,0.326,958,605,57.995,0.242,1.183,0.845,0.909
903,gcb8294.tif,0.644,3.423,0.690,1.390,103,603,124.875,0.619,2.339,0.428,0.918
904,gcb8294.tif,0.234,2.238,0.587,0.844,280,619,34.992,0.543,1.454,0.688,0.808
905,gcb8294.tif,0.493,4.175,0.356,1.743,678,627,13.761,0.558,4.071,0.246,0.703
906,gcb8294.tif,0.103,1.294,0.770,0.470,616,613,126.027,0.372,1.142,0.876,0.856
907,gcb8294.tif,0.289,2.715,0.493,0.995,301,623,159.677,0.489,2.298,0.435,0.748
908,gcb8294.tif,0.057,0.932,0.829,0.374,506,627,56.310,0.259,1.384,0.722,0.850
909,gcb8294.tif,0.062,0.892,0.982,0.356,13,620,119.055,0.269,1.354,0.739,0.889
910,gcb8294.tif,0.104,1.335,0.733,0.558,395,636,21.801,0.276,2.072,0.483,0.870
911,gcb8294.tif,0.881,6.153,0.292,1.612,913,666,30.964,1.216,1.550,0.645,0.549
912,gcb8294.tif,0.054,0.952,0.745,0.404,889,637,19.983,0.173,2.283,0.438,0.891
913,gcb8294.tif,0.067,0.961,0.911,0.342,371,634,135.000,0.309,1.055,0.948,0.855
914,gcb8294.tif,2.167,5.672,0.847,1.908,502,641,137.936,1.470,1.221,0.819,0.961
915,gcb8294.tif,0.104,1.433,0.636,0.570,617,636,165.964,0.311,2.097,0.477,0.809
916,gcb8294.tif,0.057,0.892,0.906,0.328,722,640,18.435,0.263,1.290,0.775,0.865
917,gcb8294.tif,0.346,3.276,0.405,1.046,418,645,7.595,0.620,1.728,0.579,0.753
918,gcb8294.tif,0.093,1.400,0.597,0.604,484,644,23.629,0.247,2.821,0.354,0.804
919,gcb8294.tif,0.123,1.335,0.867,0.514,638,635,132.274,0.364,1.442,0.694,0.892
920,gcb8294.tif,0.837,4.583,0.501,1.668,689,643,145.981,0.872,2.035,0.492,0.826
921,gcb8294.tif,0.102,1.490,0.575,0.592,741,640,173.290,0.276,2.318,0.431,0.825
922,gcb8294.tif,1.440,7.232,0.346,1.776,750,647,127.093,1.359,1.242,0.805,0.828
923,gcb8294.tif,0.074,1.030,0.877,0.416,26,651,138.366,0.278,1.523,0.657,0.873
924,gcb8294.tif,0.079,2.031,0.240,0.767,68,668,54.162,0.247,3.918,0.255,0.552
925,gcb8294.tif,0.072,1.156,0.674,0.470,294,652,162.897,0.257,2.040,0.490,0.811
926,gcb8294.tif,0.786,3.406,0.851,1.279,256,683,51.582,0.850,1.544,0.648,0.954
927,gcb8294.tif,0.106,1.217,0.902,0.489,591,662,45.000,0.342,1.410,0.709,0.904
928,gcb8294.tif,0.764,3.464,0.801,1.121,330,655,123.690,0.953,1.215,0.823,0.923
929,gcb8294.tif,0.179,1.697,0.781,0.563,819,667,42.510,0.497,1.153,0.867,0.855
930,gcb8294.tif,0.258,3.032,0.353,0.960,366,680,30.256,0.649,1.451,0.689,0.602
931,gcb8294.tif,0.289,2.120,0.808,0.740,474,677,52.595,0.612,1.152,0.868,0.893
932,gcb8294.tif,0.216,1.852,0.792,0.712,50,661,129.094,0.440,1.641,0.609,0.883
933,gcb8294.tif,0.646,5.567,0.262,1.256,432,696,58.496,1.049,1.361,0.735,0.666
934,gcb8294.tif,0.225,2.103,0.638,0.842,310,666,109.179,0.415,2.298,0.435,0.881
935,gcb8294.tif,0.064,0.981,0.842,0.346,943,676,53.130,0.276,1.169,0.856,0.871
936,gcb8294.tif,0.660,4.493,0.411,1.324,225,671,97.496,0.861,1.641,0.609,0.754
937,gcb8294.tif,1.631,6.098,0.551,1.847,266,699,162.582,1.499,1.119,0.893,0.866
938,gcb8294.tif,0.055,1.107,0.563,0.495,885,673,155.225,0.186,2.998,0.334,0.736
939,gcb8294.tif,0.497,2.894,0.745,1.017,966,703,80.218,0.696,1.555,0.643,0.893
940,gcb8294.tif,0.545,4.045,0.418,1.668,82,686,5.947,0.540,3.512,0.285,0.756
941,gcb8294.tif,0.085,1.090,0.896,0.418,725,676,114.444,0.276,1.508,0.663,0.916
942,gcb8294.tif,0.050,1.079,0.542,0.437,927,680,18.435,0.173,2.425,0.412,0.771
943,gcb8294.tif,0.192,2.434,0.408,0.798,545,689,162.350,0.495,1.822,0.549,0.617
944,gcb8294.tif,1.188,7.458,0.268,2.628,573,719,28.250,1.126,2.844,0.352,0.512
945,gcb8294.tif,0.305,2.141,0.835,0.798,582,684,162.350,0.518,1.459,0.685,0.924
946,gcb8294.tif,0.141,1.522,0.764,0.591,690,698,69.444,0.346,1.655,0.604,0.894
947,gcb8294.tif,0.552,3.683,0.511,1.223,892,689,132.709,0.803,1.743,0.574,0.736
948,gcb8294.tif,0.447,4.330,0.299,1.619,500,705,16.113,0.590,3.307,0.302,0.688
949,gcb8294.tif,0.283,2.263,0.694,0.836,1001,722,82.875,0.570,1.542,0.649,0.833
950,gcb8294.tif,0.153,2.206,0.395,0.944,73,701,156.251,0.263,4.824,0.207,0.736
951,gcb8294.tif,0.063,0.940,0.899,0.346,468,718,36.870,0.293,1.203,0.832,0.848
952,gcb8294.tif,0.094,1.266,0.740,0.536,969,718,14.931,0.268,2.123,0.471,0.873
953,gcb8297.tif,0.219,2.267,0.534,0.913,183,16,29.476,0.389,2.842,0.352,0.796
954,gcb8297.tif,0.061,0.912,0.921,0.356,669,12,60.945,0.259,1.445,0.692,0.887
955,gcb8297.tif,1.391,7.040,0.353,2.268,944,72,82.117,1.069,2.449,0.408,0.702
956,gcb8297.tif,0.062,0.912,0.939,0.374,682,16,33.690,0.269,1.429,0.700,0.881
957,gcb8297.tif,1.127,4.281,0.773,1.496,906,54,83.367,1.064,1.443,0.693,0.913
958,gcb8297.tif,0.057,0.883,0.924,0.367,768,13,131.186,0.268,1.407,0.711,0.889
959,gcb8297.tif,0.725,3.305,0.834,1.225,603,15,106.390,0.863,1.445,0.692,0.945
960,gcb8297.tif,0.149,1.734,0.624,0.712,116,16,129.094,0.342,2.304,0.434,0.842
961,gcb8297.tif,2.548,9.641,0.345,2.474,701,17,102.095,1.762,1.398,0.715,0.778
962,gcb8297.tif,0.154,1.559,0.797,0.615,559,36,51.843,0.366,1.758,0.569,0.872
963,gcb8297.tif,0.250,2.747,0.416,1.036,524,27,154.290,0.474,3.064,0.326,0.675
964,gcb8297.tif,0.374,2.316,0.876,0.809,94,25,109.983,0.645,1.240,0.806,0.933
965,gcb8297.tif,0.060,0.940,0.848,0.394,793,34,37.875,0.220,1.793,0.558,0.877
966,gcb8297.tif,0.829,3.585,0.810,1.241,503,26,102.875,0.933,1.274,0.785,0.922
967,gcb8297.tif,0.295,2.092,0.847,0.761,638,42,39.472,0.525,1.452,0.689,0.932
968,gcb8297.tif,1.220,7.773,0.254,2.299,626,76,42.563,1.432,1.898,0.527,0.570
969,gcb8297.tif,0.092,1.225,0.770,0.465,31,39,138.013,0.308,1.631,0.613,0.824
970,gcb8297.tif,0.321,2.425,0.686,0.997,814,66,75.964,0.503,2.047,0.489,0.895
971,gcb8297.tif,0.193,1.787,0.762,0.652,15,40,122.005,0.426,1.651,0.606,0.893
972,gcb8297.tif,0.107,1.433,0.658,0.588,571,40,139.764,0.325,2.044,0.489,0.800
973,gcb8297.tif,0.062,1.128,0.614,0.374,855,50,56.310,0.311,1.144,0.874,0.776
974,gcb8297.tif,0.102,1.481,0.581,0.671,339,43,145.491,0.236,3.192,0.313,0.829
975,gcb8297.tif,0.118,1.481,0.677,0.540,869,57,50.194,0.364,1.492,0.670,0.868
976,gcb8297.tif,0.496,2.612,0.913,0.897,384,73,74.358,0.726,1.194,0.837,0.950
977,gcb8297.tif,0.172,1.856,0.628,0.807,529,66,43.264,0.386,2.208,0.453,0.852
978,gcb8297.tif,0.050,0.822,0.932,0.328,337,60,71.565,0.235,1.425,0.702,0.866
979,gcb8297.tif,1.472,6.179,0.485,2.055,532,94,19.654,1.298,1.636,0.611,0.771
980,gcb8297.tif,0.081,1.372,0.542,0.540,406,69,50.194,0.245,2.306,0.434,0.727
981,gcb8297.tif,0.371,2.299,0.883,0.809,839,79,70.017,0.587,1.297,0.771,0.947
982,gcb8297.tif,0.438,2.670,0.773,0.997,999,85,75.964,0.648,1.522,0.657,0.902
983,gcb8297.tif,0.088,1.217,0.750,0.503,105,63,15.945,0.242,2.169,0.461,0.881
984,gcb8297.tif,0.079,1.070,0.865,0.386,56,63,169.695,0.276,1.324,0.755,0.880
985,gcb8297.tif,0.844,5.388,0.365,1.567,79,64,138.576,1.205,1.440,0.694,0.631
986,gcb8297.tif,0.792,4.847,0.423,1.457,752,61,112.306,1.029,1.448,0.690,0.706
987,gcb8297.tif,0.226,2.971,0.321,1.060,182,63,109.026,0.427,3.116,0.321,0.691
988,gcb8297.tif,0.629,4.053,0.481,1.367,20,107,69.274,0.872,1.854,0.539,0.716
989,gcb8297.tif,0.088,1.245,0.716,0.503,60,70,105.945,0.276,1.742,0.574,0.860
990,gcb8297.tif,3.292,12.010,0.287,3.687,296,108,10.257,2.004,1.649,0.606,0.696
991,gcb8297.tif,0.806,5.250,0.368,1.585,458,89,159.590,1.078,1.806,0.554,0.597
992,gcb8297.tif,0.258,3.391,0.282,1.382,821,75,143.130,0.383,4.640,0.216,0.656
993,gcb8297.tif,0.548,3.110,0.712,1.085,270,77,112.479,0.739,1.427,0.701,0.878
994,gcb8297.tif,0.850,5.247,0.388,1.902,603,82,160.907,0.742,3.089,0.324,0.733
995,gcb8297.tif,0.579,3.073,0.771,1.150,666,87,147.265,0.751,1.632,0.613,0.931
996,gcb8297.tif,0.064,1.099,0.671,0.470,212,99,53.973,0.216,2.308,0.433,0.812
997,gcb8297.tif,0.063,1.254,0.506,0.481,590,97,21.038,0.273,1.905,0.525,0.707
998,gcb8297.tif,0.782,3.435,0.833,1.182,943,125,74.745,0.968,1.229,0.814,0.943
999,gcb8297.tif,0.139,1.453,0.825,0.567,92,111,37.569,0.355,1.681,0.595,0.892
1000,gcb8297.tif,0.262,2.675,0.459,1.155,111,127,51.072,0.367,3.817,0.262,0.807
1001,gcb8297.tif,0.124,1.640,0.580,0.656,225,119,71.565,0.304,2.622,0.381,0.779
1002,gcb8297.tif,0.519,3.061,0.697,1.016,457,103,144.689,0.826,1.210,0.826,0.872
1003,gcb8297.tif,0.085,1.824,0.320,0.657,850,102,176.987,0.276,3.298,0.303,0.628
1004,gcb8297.tif,0.473,3.696,0.435,1.271,962,136,67.620,0.790,2.125,0.471,0.669
1005,gcb8297.tif,0.069,0.981,0.905,0.403,532,106,149.036,0.257,1.582,0.632,0.899
1006,gcb8297.tif,0.456,3.256,0.541,1.037,362,127,29.982,0.735,1.648,0.607,0.789
1007,gcb8297.tif,1.186,8.257,0.219,1.902,564,155,65.298,1.229,1.688,0.592,0.682
1008,gcb8297.tif,0.232,3.455,0.244,1.194,1004,107,112.109,0.401,4.073,0.246,0.558
1009,gcb8297.tif,0.238,1.835,0.886,0.712,36,127,60.945,0.486,1.516,0.660,0.930
1010,gcb8297.tif,2.012,10.841,0.215,2.330,618,114,110.854,1.726,1.323,0.756,0.642
1011,gcb8297.tif,0.055,0.851,0.953,0.309,514,116,153.435,0.269,1.117,0.896,0.876
1012,gcb8297.tif,0.056,0.892,0.887,0.356,721,115,119.055,0.244,1.453,0.688,0.862
1013,gcb8297.tif,0.228,2.442,0.481,0.915,666,118,169.114,0.468,2.461,0.406,0.706
1014,gcb8297.tif,0.088,1.107,0.906,0.433,780,122,151.390,0.294,1.518,0.659,0.886
1015,gcb8297.tif,2.276,5.973,0.802,2.290,527,187,84.806,1.282,1.780,0.562,0.966
1016,gcb8297.tif,0.213,2.287,0.511,0.892,372,140,35.538,0.436,2.581,0.388,0.698
1017,gcb8297.tif,1.082,4.428,0.694,1.625,484,165,66.161,1.054,1.634,0.612,0.896
1018,gcb8297.tif,0.942,3.789,0.825,1.400,924,123,105.751,0.968,1.403,0.713,0.938
1019,gcb8297.tif,0.253,2.425,0.541,0.968,62,125,145.176,0.432,2.510,0.398,0.788
1020,gcb8297.tif,0.122,1.530,0.654,0.618,221,135,26.565,0.289,2.404,0.416,0.854
1021,gcb8297.tif,0.141,1.599,0.692,0.597,90,131,10.008,0.343,1.900,0.526,0.831
1022,gcb8297.tif,0.053,0.969,0.703,0.328,207,131,18.435,0.276,1.119,0.894,0.779
1023,gcb8297.tif,0.087,1.237,0.716,0.464,272,127,116.565,0.299,1.675,0.597,0.844
1024,gcb8297.tif,0.201,2.568,0.382,0.739,288,129,100.784,0.449,1.856,0.539,0.740
1025,gcb8297.tif,0.262,1.982,0.837,0.660,326,148,42.879,0.587,1.060,0.944,0.901
1026,gcb8297.tif,0.096,1.245,0.774,0.498,984,146,56.310,0.293,1.676,0.597,0.909
1027,gcb8297.tif,0.230,2.149,0.627,0.864,38,158,36.870,0.412,2.282,0.438,0.835
1028,gcb8297.tif,0.883,5.262,0.401,1.630,243,142,111.125,1.002,2.185,0.458,0.742
1029,gcb8297.tif,0.053,1.010,0.648,0.386,880,154,63.435,0.244,1.648,0.607,0.759
1030,gcb8297.tif,0.327,3.325,0.372,1.166,835,162,11.976,0.503,2.871,0.348,0.714
1031,gcb8297.tif,3.487,13.027,0.258,4.037,24,221,32.057,1.975,2.549,0.392,0.604
1032,gcb8297.tif,0.113,2.011,0.353,0.722,898,169,73.301,0.303,2.581,0.387,0.706
1033,gcb8297.tif,0.441,3.121,0.568,1.256,291,155,172.093,0.531,2.592,0.386,0.816
1034,gcb8297.tif,0.111,1.824,0.420,0.563,217,167,47.490,0.449,1.116,0.896,0.664
1035,gcb8297.tif,0.282,2.373,0.629,0.855,384,184,75.964,0.532,1.687,0.593,0.801
1036,gcb8297.tif,3.291,11.980,0.288,3.407,162,166,143.246,1.963,2.103,0.476,0.659
1037,gcb8297.tif,0.639,4.810,0.347,1.739,916,167,139.028,0.912,1.872,0.534,0.635
1038,gcb8297.tif,0.423,3.602,0.410,1.342,819,203,55.491,0.622,2.744,0.364,0.642
1039,gcb8297.tif,0.773,6.101,0.261,1.735,831,211,54.728,0.985,2.284,0.438,0.563
1040,gcb8297.tif,2.206,9.849,0.286,1.995,291,188,165.964,1.762,1.201,0.833,0.815
1041,gcb8297.tif,1.769,6.292,0.561,2.033,656,227,54.689,1.457,1.393,0.718,0.827
1042,gcb8297.tif,0.116,1.628,0.549,0.652,140,182,147.995,0.294,2.478,0.403,0.789
1043,gcb8297.tif,0.290,2.215,0.744,0.804,921,185,115.463,0.556,1.477,0.677,0.888
1044,gcb8297.tif,0.356,2.742,0.595,1.177,709,187,93.366,0.415,2.756,0.363,0.906
1045,gcb8297.tif,1.532,7.240,0.367,2.118,593,242,61.763,1.250,1.682,0.594,0.764
1046,gcb8297.tif,0.056,0.892,0.887,0.346,801,192,143.130,0.244,1.311,0.763,0.862
1047,gcb8297.tif,0.104,1.217,0.882,0.464,16,195,116.565,0.311,1.464,0.683,0.888
1048,gcb8297.tif,0.443,3.480,0.460,1.393,886,203,150.255,0.534,3.281,0.305,0.751
1049,gcb8297.tif,1.107,7.247,0.265,1.860,398,204,138.013,1.295,1.613,0.620,0.636
1050,gcb8297.tif,0.105,1.254,0.840,0.495,989,212,24.775,0.334,1.524,0.656,0.854
1051,gcb8297.tif,0.620,4.542,0.378,1.516,931,245,65.772,0.708,2.247,0.445,0.764
1052,gcb8297.tif,0.125,2.097,0.358,0.740,463,209,142.595,0.430,1.634,0.612,0.619
1053,gcb8297.tif,0.093,1.444,0.561,0.612,694,227,73.610,0.224,2.901,0.345,0.830
1054,gcb8297.tif,1.177,6.983,0.303,2.119,355,213,114.057,1.312,1.895,0.528,0.564
1055,gcb8297.tif,0.123,1.921,0.419,0.686,112,216,139.086,0.336,2.364,0.423,0.696
1056,gcb8297.tif,0.930,4.082,0.702,1.559,42,219,102.804,0.896,1.805,0.554,0.920
1057,gcb8297.tif,0.195,2.275,0.473,0.997,999,244,56.310,0.371,3.627,0.276,0.744
1058,gcb8297.tif,0.689,3.725,0.624,1.506,394,226,121.866,0.705,2.277,0.439,0.892
1059,gcb8297.tif,0.482,3.191,0.596,1.091,660,230,169.046,0.617,1.859,0.538,0.860
1060,gcb8297.tif,0.451,2.511,0.900,0.940,250,256,72.897,0.678,1.422,0.703,0.944
1061,gcb8297.tif,0.057,1.225,0.480,0.495,884,236,167.905,0.241,2.067,0.484,0.658
1062,gcb8297.tif,0.121,1.384,0.792,0.523,215,243,172.405,0.346,1.358,0.736,0.863
1063,gcb8297.tif,0.102,1.461,0.597,0.570,880,254,75.964,0.306,2.043,0.489,0.794
1064,gcb8297.tif,0.281,2.405,0.610,0.963,637,267,68.962,0.448,2.094,0.478,0.853
1065,gcb8297.tif,0.455,5.149,0.216,1.625,320,244,141.911,0.793,2.523,0.396,0.546
1066,gcb8297.tif,0.265,2.471,0.546,0.976,624,268,67.068,0.464,2.308,0.433,0.822
1067,gcb8297.tif,0.130,1.697,0.568,0.729,591,248,148.570,0.298,3.036,0.329,0.790
1068,gcb8297.tif,0.115,1.392,0.743,0.491,703,250,129.289,0.380,1.320,0.757,0.869
1069,gcb8297.tif,3.895,15.264,0.210,4.057,954,251,110.442,1.909,2.177,0.459,0.651
1070,gcb8297.tif,0.110,1.444,0.662,0.570,116,256,104.036,0.311,1.941,0.515,0.860
1071,gcb8297.tif,0.056,0.903,0.864,0.346,196,258,126.870,0.237,1.487,0.672,0.887
1072,gcb8297.tif,1.685,5.046,0.832,1.760,291,260,109.502,1.264,1.384,0.723,0.955
1073,gcb8297.tif,0.133,1.677,0.592,0.712,921,260,129.094,0.339,2.543,0.393,0.787
1074,gcb8297.tif,1.056,4.286,0.722,1.398,450,301,81.469,1.049,1.373,0.728,0.910
1075,gcb8297.tif,0.191,2.011,0.594,0.867,421,285,66.501,0.353,2.684,0.373,0.856
1076,gcb8297.tif,0.050,0.765,1.000,0.297,185,269,35.538,0.242,1.052,0.950,0.933
1077,gcb8297.tif,1.981,5.343,0.872,1.804,551,276,143.569,1.539,1.130,0.885,0.959
1078,gcb8297.tif,0.094,1.648,0.436,0.557,882,268,7.125,0.329,1.823,0.549,0.661
1079,gcb8297.tif,0.054,0.981,0.702,0.418,808,283,65.556,0.210,2.142,0.467,0.804
1080,gcb8297.tif,0.156,1.599,0.768,0.597,198,280,10.008,0.402,1.436,0.696,0.876
1081,gcb8297.tif,0.592,5.026,0.295,1.833,491,273,134.236,0.720,3.403,0.294,0.587
1082,gcb8297.tif,0.412,4.160,0.299,1.269,649,300,29.358,0.709,2.236,0.447,0.619
1083,gcb8297.tif,1.523,8.872,0.243,1.761,342,296,164.055,1.549,1.180,0.847,0.737
1084,gcb8297.tif,0.438,4.749,0.244,1.553,598,321,57.724,0.696,2.940,0.340,0.564
1085,gcb8297.tif,0.233,2.645,0.418,1.132,328,324,77.661,0.313,4.624,0.216,0.777
1086,gcb8297.tif,1.445,9.341,0.208,2.262,198,330,18.712,1.401,1.949,0.513,0.550
1087,gcb8297.tif,0.262,2.951,0.377,1.051,72,318,46.332,0.462,2.692,0.371,0.684
1088,gcb8297.tif,0.106,1.363,0.718,0.546,808,302,124.695,0.318,2.099,0.476,0.795
1089,gcb8297.tif,0.433,2.515,0.861,0.909,847,302,98.746,0.622,1.389,0.720,0.936
1090,gcb8297.tif,0.691,5.641,0.273,1.443,21,304,106.699,1.037,1.315,0.760,0.628
1091,gcb8297.tif,0.312,2.173,0.830,0.790,633,305,113.199,0.553,1.403,0.713,0.935
1092,gcb8297.tif,0.147,1.933,0.494,0.643,876,309,143.746,0.464,1.810,0.552,0.680
1093,gcb8297.tif,0.555,3.268,0.653,1.252,433,307,96.340,0.678,1.763,0.567,0.885
1094,gcb8297.tif,0.230,2.685,0.402,1.149,120,344,83.089,0.311,4.638,0.216,0.816
1095,gcb8297.tif,0.139,1.522,0.752,0.588,455,324,40.236,0.355,1.740,0.575,0.853
1096,gcb8297.tif,0.130,1.746,0.537,0.705,720,317,11.310,0.305,2.342,0.427,0.804
1097,gcb8297.tif,0.093,1.323,0.669,0.541,572,327,26.565,0.283,2.248,0.445,0.792
1098,gcb8297.tif,0.092,1.738,0.383,0.722,657,329,16.699,0.243,3.556,0.281,0.684
1099,gcb8297.tif,0.326,2.955,0.469,1.005,864,350,63.435,0.657,1.424,0.702,0.745
1100,gcb8297.tif,0.054,1.030,0.637,0.427,235,325,104.036,0.207,2.025,0.494,0.841
1101,gcb8297.tif,2.615,6.157,0.867,2.137,599,331,112.834,1.639,1.301,0.769,0.966
1102,gcb8297.tif,1.181,4.677,0.679,1.561,464,376,84.920,1.162,1.319,0.758,0.888
1103,gcb8297.tif,0.202,1.962,0.659,0.700,249,333,122.905,0.484,1.542,0.649,0.805
1104,gcb8297.tif,0.904,5.018,0.451,1.410,827,334,107.103,1.029,1.241,0.806,0.792
1105,gcb8297.tif,0.511,2.828,0.803,1.093,416,335,108.435,0.645,1.709,0.585,0.936
1106,gcb8297.tif,1.064,3.988,0.841,1.471,897,378,80.538,0.933,1.544,0.648,0.954
1107,gcb8297.tif,0.825,4.962,0.421,1.316,357,357,13.671,0.922,1.518,0.659,0.821
1108,gcb8297.tif,0.053,0.912,0.794,0.367,301,350,41.186,0.235,1.790,0.559,0.822
1109,gcb8297.tif,0.190,2.971,0.270,0.765,509,345,108.435,0.463,1.825,0.548,0.684
1110,gcb8297.tif,0.359,2.580,0.678,0.901,106,368,57.529,0.669,1.266,0.790,0.854
1111,gcb8297.tif,0.173,1.812,0.663,0.615,32,366,51.843,0.440,1.410,0.709,0.822
1112,gcb8297.tif,0.179,1.685,0.793,0.623,57,356,160.560,0.449,1.308,0.765,0.872
1113,gcb8297.tif,2.634,6.568,0.767,2.229,533,354,119.745,1.680,1.296,0.771,0.943
1114,gcb8297.tif,0.362,2.609,0.668,0.842,342,377,70.821,0.657,1.293,0.773,0.857
1115,gcb8297.tif,1.798,8.427,0.318,2.058,223,409,49.086,1.641,1.153,0.868,0.746
1116,gcb8297.tif,0.656,3.064,0.877,1.098,789,357,102.724,0.795,1.367,0.732,0.950
1117,gcb8297.tif,1.322,8.436,0.233,2.022,185,359,109.983,1.244,1.583,0.632,0.673
1118,gcb8297.tif,0.297,3.040,0.404,1.031,927,380,39.560,0.580,2.076,0.482,0.711
1119,gcb8297.tif,0.428,3.093,0.562,1.132,390,392,77.661,0.575,2.247,0.445,0.800
1120,gcb8297.tif,0.136,2.060,0.403,0.809,107,382,19.983,0.334,3.178,0.315,0.679
1121,gcb8297.tif,0.509,4.798,0.278,1.956,389,420,57.995,0.582,4.428,0.226,0.566
1122,gcb8297.tif,0.888,5.506,0.368,1.444,645,404,42.089,1.068,1.288,0.776,0.802
1123,gcb8297.tif,0.248,2.784,0.403,0.821,986,372,112.249,0.513,1.511,0.662,0.747
1124,gcb8297.tif,0.816,4.278,0.560,1.739,579,376,110.956,0.834,2.249,0.445,0.851
1125,gcb8297.tif,0.414,2.767,0.680,0.888,873,403,76.504,0.699,1.105,0.905,0.857
1126,gcb8297.tif,1.303,4.436,0.832,1.489,358,379,111.801,1.237,1.230,0.813,0.942
1127,gcb8297.tif,1.327,4.598,0.789,1.555,692,420,53.130,1.124,1.357,0.737,0.929
1128,gcb8297.tif,0.161,2.459,0.335,0.870,909,395,6.843,0.461,2.195,0.456,0.628
1129,gcb8297.tif,0.964,3.817,0.831,1.334,823,422,73.443,1.071,1.256,0.796,0.936
1130,gcb8297.tif,0.974,3.890,0.809,1.432,152,428,81.674,0.911,1.591,0.628,0.946
1131,gcb8297.tif,0.070,1.010,0.869,0.416,899,402,41.634,0.269,1.572,0.636,0.874
1132,gcb8297.tif,0.080,1.352,0.550,0.526,1005,394,113.199,0.278,2.419,0.413,0.724
1133,gcb8297.tif,0.433,2.649,0.776,1.008,926,415,30.964,0.649,1.595,0.627,0.912
1134,gcb8297.tif,0.090,1.372,0.598,0.470,121,399,126.027,0.308,1.635,0.612,0.824
1135,gcb8297.tif,0.799,6.556,0.234,2.418,231,460,59.036,0.974,2.966,0.337,0.462
1136,gcb8297.tif,0.217,1.876,0.776,0.740,414,401,127.405,0.437,1.754,0.570,0.899
1137,gcb8297.tif,0.774,3.320,0.882,1.173,19,404,103.627,0.864,1.370,0.730,0.954
1138,gcb8297.tif,0.183,1.921,0.622,0.656,299,404,108.435,0.474,1.279,0.782,0.803
1139,gcb8297.tif,0.096,1.303,0.707,0.527,330,407,121.608,0.247,2.335,0.428,0.833
1140,gcb8297.tif,0.273,2.275,0.664,0.881,653,416,11.310,0.470,1.802,0.555,0.848
1141,gcb8297.tif,0.570,2.848,0.882,1.040,96,436,74.578,0.726,1.437,0.696,0.949
1142,gcb8297.tif,0.107,1.596,0.530,0.682,480,420,30.466,0.294,2.362,0.423,0.769
1143,gcb8297.tif,0.258,1.896,0.902,0.712,748,422,39.094,0.514,1.365,0.733,0.943
1144,gcb8297.tif,0.061,0.952,0.844,0.374,267,411,146.310,0.276,1.313,0.762,0.857
1145,gcb8297.tif,0.141,2.043,0.424,0.897,281,413,105.642,0.250,4.617,0.217,0.744
1146,gcb8297.tif,0.187,1.775,0.748,0.649,612,415,115.201,0.462,1.421,0.704,0.882
1147,gcb8297.tif,0.879,4.701,0.500,1.662,184,416,106.928,0.835,1.880,0.532,0.832
1148,gcb8297.tif,0.050,0.961,0.683,0.394,51,421,164.745,0.207,2.159,0.463,0.808
1149,gcb8297.tif,0.158,2.413,0.340,0.874,318,443,71.565,0.451,2.069,0.483,0.601
1150,gcb8297.tif,0.479,3.049,0.647,0.930,396,431,158.199,0.820,1.051,0.951,0.835
1151,gcb8297.tif,0.559,2.885,0.844,1.073,847,449,75.069,0.742,1.399,0.715,0.936
1152,gcb8297.tif,0.104,1.921,0.354,0.667,443,420,158.749,0.316,2.121,0.471,0.699
1153,gcb8297.tif,0.486,3.822,0.418,1.283,478,421,94.635,0.745,2.060,0.486,0.639
1154,gcb8297.tif,0.053,0.961,0.715,0.394,720,432,52.125,0.219,1.774,0.564,0.800
1155,gcb8297.tif,0.158,2.060,0.467,0.819,954,425,117.646,0.391,2.127,0.470,0.733
1156,gcb8297.tif,0.281,2.100,0.800,0.729,487,435,174.560,0.574,1.245,0.803,0.899
1157,gcb8297.tif,0.566,3.667,0.529,1.121,555,428,123.690,0.759,1.699,0.588,0.798
1158,gcb8297.tif,2.059,6.988,0.530,2.341,763,496,81.511,1.417,1.575,0.635,0.873
1159,gcb8297.tif,0.140,1.355,0.956,0.510,45,441,28.301,0.380,1.216,0.822,0.936
1160,gcb8297.tif,0.075,1.510,0.415,0.572,365,440,25.017,0.239,3.020,0.331,0.689
1161,gcb8297.tif,0.066,1.225,0.550,0.495,351,435,167.905,0.248,2.248,0.445,0.738
1162,gcb8297.tif,0.066,0.981,0.858,0.418,707,440,24.444,0.242,1.708,0.585,0.873
1163,gcb8297.tif,0.691,3.829,0.593,1.606,285,479,71.175,0.567,3.072,0.326,0.907
1164,gcb8297.tif,0.337,2.247,0.838,0.773,1003,435,100.305,0.645,1.234,0.811,0.902
1165,gcb8297.tif,0.156,2.695,0.271,0.968,676,439,145.176,0.439,2.319,0.431,0.548
1166,gcb8297.tif,0.553,3.593,0.538,1.372,249,471,40.914,0.671,2.626,0.381,0.770
1167,gcb8297.tif,0.625,3.024,0.858,0.995,920,444,110.323,0.829,1.188,0.842,0.941
1168,gcb8297.tif,1.041,3.841,0.887,1.335,150,481,68.749,1.002,1.274,0.785,0.962
1169,gcb8297.tif,0.301,2.471,0.619,0.960,720,445,120.256,0.536,1.955,0.511,0.837
1170,gcb8297.tif,0.050,0.863,0.846,0.340,87,448,156.038,0.242,1.231,0.813,0.857
1171,gcb8297.tif,1.281,8.452,0.225,2.109,296,505,55.008,1.150,1.916,0.522,0.671
1172,gcb8297.tif,1.160,5.820,0.430,2.124,650,453,158.025,0.993,2.250,0.444,0.765
1173,gcb8297.tif,0.106,1.498,0.595,0.671,835,456,145.491,0.258,2.928,0.341,0.805
1174,gcb8297.tif,0.674,6.081,0.229,1.901,922,499,36.870,0.888,2.989,0.335,0.539
1175,gcb8297.tif,0.165,1.706,0.712,0.682,828,463,120.466,0.391,1.854,0.539,0.836
1176,gcb8297.tif,0.474,2.719,0.806,0.983,49,494,79.875,0.725,1.358,0.736,0.905
1177,gcb8297.tif,0.148,1.921,0.504,0.579,73,469,162.646,0.464,1.388,0.721,0.763
1178,gcb8297.tif,0.074,1.461,0.436,0.518,471,474,143.130,0.346,1.852,0.540,0.642
1179,gcb8297.tif,0.081,1.030,0.962,0.386,884,477,116.565,0.311,1.150,0.870,0.895
1180,gcb8297.tif,0.130,1.559,0.673,0.611,188,479,132.709,0.379,1.650,0.606,0.842
1181,gcb8297.tif,0.053,0.843,0.930,0.328,566,484,18.435,0.242,1.242,0.805,0.854
1182,gcb8297.tif,0.484,3.548,0.483,1.290,810,479,110.376,0.726,2.269,0.441,0.782
1183,gcb8297.tif,0.972,3.939,0.787,1.382,425,488,143.130,1.037,1.225,0.817,0.930
1184,gcb8297.tif,0.176,2.048,0.526,0.682,384,486,120.466,0.513,1.357,0.737,0.754
1185,gcb8297.tif,0.338,4.347,0.225,1.792,210,487,109.134,0.414,6.672,0.150,0.596
1186,gcb8297.tif,0.152,1.807,0.584,0.722,81,489,106.699,0.325,2.585,0.387,0.825
1187,gcb8297.tif,0.060,0.961,0.813,0.394,792,499,37.875,0.244,1.615,0.619,0.855
1188,gcb8297.tif,0.061,0.952,0.844,0.404,165,495,160.017,0.207,1.986,0.504,0.895
1189,gcb8297.tif,0.090,1.372,0.598,0.527,978,506,31.608,0.293,2.179,0.459,0.765
1190,gcb8297.tif,0.275,2.646,0.493,0.836,768,505,172.875,0.573,1.549,0.645,0.763
1191,gcb8297.tif,0.064,1.185,0.577,0.427,22,509,14.036,0.263,1.742,0.574,0.740
1192,gcb8297.tif,0.808,5.299,0.362,1.826,142,512,150.524,0.906,2.060,0.485,0.678
1193,gcb8297.tif,0.125,1.591,0.622,0.637,97,507,139.399,0.373,1.697,0.589,0.814
1194,gcb8297.tif,0.106,1.363,0.718,0.514,581,518,47.726,0.332,1.664,0.601,0.840
1195,gcb8297.tif,2.033,6.130,0.680,1.932,694,509,100.305,1.464,1.340,0.746,0.932
1196,gcb8297.tif,0.074,1.257,0.589,0.541,477,510,116.565,0.250,2.419,0.413,0.770
1197,gcb8297.tif,0.198,2.870,0.302,1.026,757,512,135.000,0.481,2.638,0.379,0.615
1198,gcb8297.tif,0.319,3.110,0.414,1.121,559,513,123.690,0.641,1.768,0.566,0.696
1199,gcb8297.tif,0.144,1.905,0.501,0.712,975,513,104.036,0.367,2.094,0.478,0.759
1200,gcb8297.tif,0.441,2.678,0.772,0.940,985,518,143.973,0.670,1.454,0.688,0.887
1201,gcb8297.tif,0.198,2.296,0.473,0.951,778,525,19.093,0.341,3.595,0.278,0.769
1202,gcb8297.tif,0.059,1.352,0.403,0.540,739,519,129.806,0.208,3.407,0.294,0.662
1203,gcb8297.tif,0.179,1.815,0.683,0.637,384,520,102.529,0.464,1.484,0.674,0.824
1204,gcb8297.tif,2.910,6.905,0.767,2.397,427,527,114.717,1.628,1.566,0.639,0.952
1205,gcb8297.tif,0.055,0.961,0.748,0.386,652,534,63.435,0.224,1.934,0.517,0.844
1206,gcb8297.tif,0.050,1.136,0.488,0.404,96,525,109.983,0.229,1.845,0.542,0.694
1207,gcb8297.tif,0.241,1.982,0.772,0.746,56,534,166.608,0.466,1.541,0.649,0.902
1208,gcb8297.tif,0.312,2.658,0.554,0.824,361,533,146.976,0.610,1.478,0.677,0.791
1209,gcb8297.tif,1.554,8.869,0.248,1.785,284,571,42.647,1.498,1.204,0.831,0.747
1210,gcb8297.tif,2.640,6.218,0.858,2.148,811,590,78.871,1.618,1.359,0.736,0.966
1211,gcb8297.tif,0.239,3.236,0.287,1.155,742,552,38.928,0.514,2.654,0.377,0.522
1212,gcb8297.tif,0.665,4.058,0.508,1.335,133,534,111.251,0.661,2.188,0.457,0.872
1213,gcb8297.tif,0.069,1.352,0.476,0.464,158,541,26.565,0.263,2.110,0.474,0.725
1214,gcb8297.tif,0.996,6.533,0.293,1.618,209,558,19.983,1.141,1.534,0.652,0.709
1215,gcb8297.tif,0.196,3.334,0.221,1.345,79,571,64.093,0.284,6.567,0.152,0.570
1216,gcb8297.tif,0.062,1.400,0.398,0.422,400,549,55.008,0.346,1.105,0.905,0.642
1217,gcb8297.tif,0.199,1.881,0.708,0.705,62,562,78.690,0.484,1.383,0.723,0.856
1218,gcb8297.tif,0.182,2.088,0.523,0.831,197,566,73.072,0.341,2.739,0.365,0.804
1219,gcb8297.tif,0.210,2.397,0.460,0.904,491,543,96.582,0.447,2.948,0.339,0.697
1220,gcb8297.tif,0.090,1.176,0.813,0.451,11,544,122.471,0.307,1.568,0.638,0.862
1221,gcb8297.tif,0.764,3.630,0.729,1.217,531,555,173.480,0.985,1.149,0.871,0.916
1222,gcb8297.tif,0.096,1.176,0.868,0.451,173,555,32.471,0.318,1.571,0.636,0.874
1223,gcb8297.tif,2.674,6.401,0.820,2.238,902,547,98.881,1.543,1.460,0.685,0.960
1224,gcb8297.tif,0.246,2.577,0.466,0.809,993,558,160.017,0.615,1.276,0.783,0.699
1225,gcb8297.tif,1.907,5.449,0.807,2.019,112,555,96.882,1.313,1.523,0.656,0.950
1226,gcb8297.tif,0.306,3.297,0.353,1.290,581,592,82.304,0.353,4.852,0.206,0.745
1227,gcb8297.tif,0.184,2.336,0.424,0.874,952,556,108.435,0.437,2.491,0.401,0.657
1228,gcb8297.tif,0.102,1.197,0.891,0.498,160,558,146.310,0.294,1.739,0.575,0.909
1229,gcb8297.tif,2.067,6.533,0.609,2.022,655,559,123.147,1.394,1.362,0.734,0.876
1230,gcb8297.tif,0.205,1.726,0.867,0.656,29,560,108.435,0.441,1.554,0.643,0.903
1231,gcb8297.tif,0.080,1.058,0.898,0.443,516,572,128.660,0.269,1.770,0.565,0.893
1232,gcb8297.tif,0.553,2.958,0.794,1.067,617,599,60.945,0.726,1.354,0.738,0.932
1233,gcb8297.tif,0.388,3.785,0.340,1.085,71,573,99.162,0.645,1.936,0.516,0.764
1234,gcb8297.tif,0.139,2.174,0.368,0.810,477,592,39.806,0.318,3.285,0.304,0.655
1235,gcb8297.tif,1.320,4.354,0.875,1.500,153,618,75.324,1.140,1.285,0.778,0.958
1236,gcb8297.tif,0.107,2.100,0.306,0.802,983,576,97.431,0.242,4.447,0.225,0.632
1237,gcb8297.tif,0.091,1.559,0.469,0.595,392,596,54.462,0.325,1.995,0.501,0.685
1238,gcb8297.tif,1.002,6.935,0.262,1.630,505,587,111.125,1.314,1.491,0.671,0.618
1239,gcb8297.tif,0.053,0.912,0.794,0.356,534,589,119.055,0.264,1.245,0.803,0.815
1240,gcb8297.tif,0.134,1.599,0.657,0.646,712,591,164.476,0.294,2.487,0.402,0.872
1241,gcb8297.tif,0.082,1.861,0.299,0.612,556,593,163.610,0.298,2.690,0.372,0.613
1242,gcb8297.tif,0.104,1.559,0.537,0.604,847,600,13.241,0.311,2.453,0.408,0.731
1243,gcb8297.tif,1.388,4.557,0.840,1.569,318,594,97.595,1.175,1.302,0.768,0.950
1244,gcb8297.tif,0.094,1.502,0.526,0.567,701,595,142.431,0.284,2.254,0.444,0.778
1245,gcb8297.tif,0.137,2.565,0.262,0.930,457,614,41.987,0.269,4.095,0.244,0.641
1246,gcb8297.tif,0.283,2.784,0.459,1.113,33,597,115.769,0.458,2.751,0.363,0.726
1247,gcb8297.tif,0.118,1.942,0.394,0.789,543,621,61.189,0.309,2.984,0.335,0.688
1248,gcb8297.tif,0.118,1.778,0.470,0.798,794,609,17.650,0.257,3.432,0.291,0.798
1249,gcb8297.tif,0.576,5.833,0.213,1.816,826,604,111.194,0.760,3.057,0.327,0.543
1250,gcb8297.tif,0.690,3.415,0.744,1.200,197,640,78.366,0.838,1.349,0.741,0.898
1251,gcb8297.tif,0.172,2.226,0.436,0.788,719,608,164.745,0.440,2.111,0.474,0.686
1252,gcb8297.tif,0.530,2.747,0.883,1.008,92,612,120.964,0.733,1.411,0.709,0.941
1253,gcb8297.tif,0.369,4.486,0.230,1.294,227,637,34.114,0.719,2.795,0.358,0.487
1254,gcb8297.tif,0.871,5.707,0.336,1.246,684,643,33.690,1.087,1.046,0.956,0.839
1255,gcb8297.tif,0.063,0.903,0.975,0.367,119,616,131.186,0.269,1.351,0.740,0.938
1256,gcb8297.tif,1.103,6.227,0.358,1.765,368,619,130.236,1.197,1.867,0.535,0.652
1257,gcb8297.tif,0.562,2.865,0.861,1.051,801,648,80.538,0.726,1.428,0.700,0.942
1258,gcb8297.tif,0.130,2.088,0.375,0.729,13,641,84.560,0.380,2.519,0.397,0.677
1259,gcb8297.tif,0.491,2.975,0.697,1.132,137,631,167.661,0.603,1.970,0.508,0.888
1260,gcb8297.tif,0.096,1.225,0.800,0.470,924,631,17.103,0.317,1.548,0.646,0.838
1261,gcb8297.tif,0.191,2.621,0.350,1.037,445,644,29.982,0.406,3.659,0.273,0.667
1262,gcb8297.tif,0.180,2.291,0.432,1.008,887,634,5.906,0.242,4.688,0.213,0.853
1263,gcb8297.tif,0.118,1.433,0.724,0.518,560,643,36.870,0.369,1.458,0.686,0.850
1264,gcb8297.tif,0.193,1.982,0.619,0.767,520,642,125.838,0.445,2.001,0.500,0.804
1265,gcb8297.tif,1.907,5.901,0.688,1.816,884,643,111.194,1.451,1.289,0.776,0.933
1266,gcb8297.tif,0.105,1.441,0.636,0.591,135,645,159.444,0.263,2.452,0.408,0.826
1267,gcb8297.tif,0.170,1.551,0.886,0.540,718,645,129.806,0.468,1.035,0.966,0.896
1268,gcb8297.tif,0.069,1.596,0.342,0.495,15,651,155.225,0.355,2.010,0.498,0.595
1269,gcb8297.tif,0.056,0.903,0.864,0.346,439,645,143.130,0.273,1.234,0.811,0.879
1270,gcb8297.tif,0.107,1.461,0.633,0.604,754,647,156.371,0.273,2.674,0.374,0.822
1271,gcb8297.tif,0.051,0.843,0.909,0.328,114,651,18.435,0.242,1.324,0.755,0.869
1272,gcb8297.tif,0.357,2.951,0.515,1.076,589,649,137.603,0.586,1.847,0.541,0.806
1273,gcb8297.tif,0.253,3.098,0.332,0.748,376,669,56.310,0.571,1.303,0.768,0.724
1274,gcb8297.tif,0.147,1.835,0.548,0.746,863,651,103.392,0.323,2.625,0.381,0.815
1275,gcb8297.tif,0.240,2.756,0.397,0.866,29,661,151.390,0.617,1.706,0.586,0.650
1276,gcb8297.tif,0.518,4.134,0.381,1.699,445,657,94.667,0.457,4.043,0.247,0.815
1277,gcb8297.tif,0.277,2.451,0.580,0.695,141,667,174.289,0.619,1.175,0.851,0.838
1278,gcb8297.tif,0.867,4.547,0.527,1.434,557,699,74.624,1.073,1.370,0.730,0.792
1279,gcb8297.tif,0.783,3.422,0.841,1.177,314,666,130.236,0.864,1.260,0.794,0.956
1280,gcb8297.tif,1.103,4.114,0.819,1.439,405,703,65.898,1.067,1.380,0.725,0.945
1281,gcb8297.tif,1.287,4.402,0.835,1.623,266,667,116.565,1.032,1.566,0.639,0.955
1282,gcb8297.tif,0.405,3.512,0.412,1.324,731,670,164.876,0.544,2.994,0.334,0.698
1283,gcb8297.tif,0.053,1.128,0.519,0.394,940,669,105.255,0.269,1.725,0.580,0.657
1284,gcb8297.tif,0.078,1.030,0.920,0.416,20,674,138.366,0.293,1.407,0.711,0.890
1285,gcb8297.tif,0.282,3.121,0.363,1.214,599,708,85.101,0.433,3.254,0.307,0.711
1286,gcb8297.tif,0.626,5.992,0.219,2.102,621,704,25.301,0.734,4.489,0.223,0.574
1287,gcb8297.tif,0.260,2.051,0.778,0.824,950,699,33.024,0.464,1.878,0.532,0.908
1288,gcb8297.tif,0.189,1.738,0.785,0.664,721,709,51.340,0.464,1.407,0.711,0.888
1289,gcb8297.tif,0.094,1.168,0.869,0.464,708,697,153.435,0.311,1.506,0.664,0.898
1290,gcb8297.tif,0.055,1.087,0.584,0.437,308,699,108.435,0.207,2.233,0.448,0.793
1291,gcb8297.tif,0.090,1.453,0.533,0.612,685,714,16.390,0.272,2.403,0.416,0.781
1292,gcb8297.tif,0.059,0.961,0.797,0.367,444,713,131.186,0.268,1.435,0.697,0.875
1293,gcb8297.tif,0.068,0.981,0.889,0.361,994,725,163.301,0.276,1.286,0.778,0.891
1294,gcb8300.tif,1.156,6.821,0.312,2.092,940,5,149.199,1.497,1.447,0.691,0.606
1295,gcb8300.tif,0.221,2.039,0.668,0.867,236,8,113.499,0.401,2.411,0.415,0.867
1296,gcb8300.tif,2.749,6.536,0.809,2.352,409,8,100.154,1.636,1.451,0.689,0.954
1297,gcb8300.tif,0.128,1.485,0.728,0.646,829,10,164.476,0.242,2.460,0.407,0.939
1298,gcb8300.tif,0.085,1.205,0.734,0.404,493,13,160.017,0.339,1.228,0.814,0.811
1299,gcb8300.tif,0.115,1.559,0.593,0.563,866,11,100.620,0.324,1.929,0.518,0.777
1300,gcb8300.tif,0.634,3.064,0.849,0.997,788,35,33.690,0.825,1.179,0.848,0.943
1301,gcb8300.tif,0.517,2.983,0.730,1.060,904,44,70.974,0.718,1.570,0.637,0.895
1302,gcb8300.tif,0.050,1.030,0.594,0.437,505,20,161.565,0.208,2.373,0.421,0.737
1303,gcb8300.tif,0.754,3.398,0.820,1.214,206,19,94.899,0.795,1.436,0.696,0.946
1304,gcb8300.tif,0.051,1.185,0.460,0.495,337,28,24.775,0.208,2.623,0.381,0.699
1305,gcb8300.tif,0.602,3.076,0.799,1.182,932,22,105.255,0.670,1.809,0.553,0.944
1306,gcb8300.tif,0.153,1.717,0.651,0.634,830,40,29.358,0.382,1.687,0.593,0.813
1307,gcb8300.tif,0.055,0.863,0.927,0.326,245,32,122.005,0.263,1.185,0.844,0.885
1308,gcb8300.tif,0.113,1.404,0.723,0.591,266,38,20.556,0.311,1.878,0.532,0.892
1309,gcb8300.tif,0.786,3.561,0.779,1.334,462,69,73.443,0.820,1.653,0.605,0.929
1310,gcb8300.tif,0.866,3.533,0.872,1.301,644,71,79.287,0.926,1.444,0.692,0.952
1311,gcb8300.tif,0.079,1.481,0.451,0.563,504,38,100.620,0.276,2.023,0.494,0.746
1312,gcb8300.tif,0.447,2.707,0.766,0.978,361,41,122.005,0.684,1.452,0.689,0.927
1313,gcb8300.tif,0.811,3.516,0.824,1.241,7,75,77.125,0.856,1.472,0.679,0.939
1314,gcb8300.tif,0.213,2.316,0.498,0.836,869,45,150.255,0.498,1.861,0.537,0.743
1315,gcb8300.tif,0.091,1.449,0.543,0.546,111,51,18.435,0.292,2.451,0.408,0.738
1316,gcb8300.tif,0.349,3.607,0.337,1.134,982,44,127.569,0.653,1.773,0.564,0.681
1317,gcb8300.tif,2.766,12.295,0.230,3.420,299,68,165.964,1.797,2.066,0.484,0.653
1318,gcb8300.tif,1.020,6.898,0.269,1.547,519,93,66.297,1.222,1.206,0.829,0.712
1319,gcb8300.tif,1.471,6.142,0.490,1.707,230,97,58.241,1.259,1.479,0.676,0.843
1320,gcb8300.tif,1.070,5.026,0.532,1.585,814,53,106.460,1.146,1.565,0.639,0.846
1321,gcb8300.tif,0.301,3.081,0.398,1.330,906,56,155.433,0.394,4.481,0.223,0.721
1322,gcb8300.tif,0.076,1.070,0.838,0.422,97,68,55.008,0.276,1.387,0.721,0.914
1323,gcb8300.tif,0.078,1.176,0.705,0.518,219,70,53.130,0.240,2.494,0.401,0.855
1324,gcb8300.tif,0.899,3.743,0.806,1.427,894,61,96.953,0.829,1.710,0.585,0.954
1325,gcb8300.tif,0.090,1.677,0.400,0.595,947,64,144.462,0.295,2.514,0.398,0.641
1326,gcb8300.tif,1.101,4.106,0.821,1.444,151,64,101.041,1.002,1.429,0.700,0.950
1327,gcb8300.tif,2.292,9.396,0.326,2.415,856,66,99.058,1.617,1.384,0.722,0.808
1328,gcb8300.tif,0.054,1.766,0.216,0.595,1003,69,125.538,0.291,3.162,0.316,0.464
1329,gcb8300.tif,0.061,1.608,0.296,0.529,92,85,78.690,0.285,2.416,0.414,0.540
1330,gcb8300.tif,0.068,1.001,0.853,0.403,389,70,120.964,0.260,1.645,0.608,0.884
1331,gcb8300.tif,0.073,1.237,0.598,0.489,435,79,8.130,0.207,1.967,0.508,0.871
1332,gcb8300.tif,2.594,7.399,0.595,2.291,586,138,78.690,1.645,1.401,0.714,0.904
1333,gcb8300.tif,0.374,2.841,0.582,1.055,652,79,121.608,0.555,2.116,0.473,0.798
1334,gcb8300.tif,0.816,4.016,0.635,1.286,967,80,126.254,1.021,1.142,0.876,0.861
1335,gcb8300.tif,0.450,2.958,0.647,1.159,188,110,63.435,0.609,1.720,0.581,0.889
1336,gcb8300.tif,0.196,2.462,0.406,0.915,629,82,100.886,0.421,2.518,0.397,0.699
1337,gcb8300.tif,0.449,3.972,0.358,1.159,267,116,72.646,0.833,1.582,0.632,0.638
1338,gcb8300.tif,0.061,0.961,0.829,0.361,1016,84,106.699,0.242,1.388,0.720,0.864
1339,gcb8300.tif,0.079,1.001,0.988,0.356,308,85,119.055,0.311,1.058,0.945,0.923
1340,gcb8300.tif,0.959,3.838,0.818,1.398,920,125,81.469,0.935,1.523,0.656,0.947
1341,gcb8300.tif,1.437,4.655,0.833,1.496,411,92,130.314,1.348,1.076,0.929,0.947
1342,gcb8300.tif,0.118,2.292,0.283,0.686,709,91,139.086,0.355,2.425,0.412,0.619
1343,gcb8300.tif,0.069,1.176,0.629,0.461,104,106,77.005,0.235,2.239,0.447,0.811
1344,gcb8300.tif,0.278,3.366,0.309,1.207,460,110,23.629,0.535,2.702,0.370,0.599
1345,gcb8300.tif,0.316,2.730,0.533,0.901,289,116,32.471,0.649,1.635,0.612,0.748
1346,gcb8300.tif,2.318,6.410,0.709,2.297,558,96,96.911,1.456,1.529,0.654,0.928
1347,gcb8300.tif,0.059,0.912,0.885,0.346,1013,105,53.130,0.260,1.421,0.704,0.845
1348,gcb8300.tif,0.133,1.962,0.433,0.748,107,115,56.310,0.364,2.435,0.411,0.675
1349,gcb8300.tif,1.027,7.330,0.240,2.246,203,158,36.870,1.264,1.904,0.525,0.496
1350,gcb8300.tif,0.180,2.356,0.408,0.949,643,108,100.491,0.291,4.073,0.246,0.768
1351,gcb8300.tif,0.396,2.624,0.723,1.017,950,108,99.782,0.553,1.639,0.610,0.916
1352,gcb8300.tif,0.554,5.409,0.238,1.447,774,138,33.311,1.044,1.441,0.694,0.504
1353,gcb8300.tif,0.487,2.604,0.903,0.922,477,138,77.005,0.657,1.370,0.730,0.952
1354,gcb8300.tif,0.300,3.362,0.333,1.381,606,149,58.299,0.433,4.198,0.238,0.680
1355,gcb8300.tif,0.150,2.666,0.266,1.055,671,132,31.608,0.312,4.343,0.230,0.606
1356,gcb8300.tif,0.307,2.422,0.658,1.008,975,116,120.964,0.477,2.197,0.455,0.870
1357,gcb8300.tif,0.545,3.984,0.431,1.376,816,116,118.496,0.869,1.775,0.563,0.734
1358,gcb8300.tif,0.082,1.197,0.723,0.491,278,118,129.289,0.273,1.951,0.512,0.817
1359,gcb8300.tif,1.017,5.437,0.432,1.476,367,118,106.314,1.169,1.149,0.871,0.807
1360,gcb8300.tif,0.069,1.372,0.462,0.541,504,132,63.435,0.245,2.968,0.337,0.699
1361,gcb8300.tif,0.564,3.968,0.450,1.499,164,124,115.974,0.754,2.501,0.400,0.747
1362,gcb8300.tif,0.642,3.898,0.531,1.303,697,127,158.199,0.843,1.758,0.569,0.779
1363,gcb8300.tif,0.736,3.935,0.597,1.252,395,126,140.599,0.977,1.156,0.865,0.868
1364,gcb8300.tif,1.163,5.552,0.474,1.717,879,133,139.899,1.043,1.829,0.547,0.799
1365,gcb8300.tif,0.072,1.001,0.898,0.418,96,134,155.556,0.242,1.730,0.578,0.889
1366,gcb8300.tif,0.182,1.717,0.773,0.643,124,149,53.746,0.453,1.428,0.700,0.886
1367,gcb8300.tif,0.722,4.350,0.480,1.593,241,177,65.659,0.710,2.499,0.400,0.864
1368,gcb8300.tif,0.073,1.168,0.671,0.422,926,140,124.992,0.264,1.745,0.573,0.836
1369,gcb8300.tif,0.073,1.050,0.830,0.394,681,151,74.745,0.264,1.525,0.656,0.847
1370,gcb8300.tif,1.173,4.562,0.708,1.634,153,143,103.449,0.995,1.696,0.590,0.921
1371,gcb8300.tif,0.603,3.105,0.786,1.113,311,151,154.231,0.790,1.251,0.800,0.927
1372,gcb8300.tif,0.144,1.925,0.490,0.722,663,163,73.301,0.380,2.137,0.468,0.722
1373,gcb8300.tif,1.199,6.438,0.363,1.683,947,190,70.821,1.289,1.271,0.787,0.732
1374,gcb8300.tif,0.945,6.251,0.304,1.994,988,146,123.690,0.958,1.849,0.541,0.716
1375,gcb8300.tif,0.061,0.989,0.782,0.346,512,149,126.870,0.276,1.180,0.847,0.850
1376,gcb8300.tif,0.370,3.302,0.427,1.279,728,178,51.582,0.562,3.104,0.322,0.742
1377,gcb8300.tif,0.064,0.940,0.916,0.340,762,148,113.962,0.293,1.156,0.865,0.857
1378,gcb8300.tif,0.117,1.335,0.825,0.498,105,164,56.310,0.327,1.546,0.647,0.879
1379,gcb8300.tif,0.084,1.384,0.549,0.579,708,151,162.646,0.236,2.701,0.370,0.809
1380,gcb8300.tif,0.053,1.038,0.613,0.491,847,151,140.711,0.195,2.691,0.372,0.800
1381,gcb8300.tif,0.265,2.296,0.632,0.874,261,176,71.565,0.476,2.111,0.474,0.833
1382,gcb8300.tif,0.315,2.874,0.480,0.907,814,175,40.365,0.622,1.634,0.612,0.771
1383,gcb8300.tif,0.279,2.238,0.701,0.798,225,182,72.350,0.510,1.581,0.633,0.880
1384,gcb8300.tif,5.431,16.453,0.252,3.512,476,259,76.921,2.590,1.340,0.746,0.812
1385,gcb8300.tif,0.062,1.030,0.736,0.403,647,171,59.036,0.242,1.451,0.689,0.874
1386,gcb8300.tif,0.204,1.750,0.838,0.637,871,179,49.399,0.484,1.217,0.822,0.927
1387,gcb8300.tif,1.500,7.411,0.343,2.319,56,170,118.474,1.209,2.164,0.462,0.692
1388,gcb8300.tif,0.073,1.001,0.913,0.367,207,169,131.186,0.276,1.198,0.835,0.897
1389,gcb8300.tif,0.984,5.311,0.438,1.779,326,215,65.925,1.153,1.476,0.677,0.745
1390,gcb8300.tif,0.262,3.521,0.265,1.398,818,197,39.987,0.499,3.711,0.269,0.533
1391,gcb8300.tif,0.099,1.323,0.712,0.567,673,174,142.431,0.269,2.278,0.439,0.869
1392,gcb8300.tif,0.365,3.504,0.374,1.188,692,175,171.634,0.553,2.240,0.446,0.737
1393,gcb8300.tif,0.115,1.502,0.639,0.514,376,182,19.654,0.346,1.498,0.667,0.821
1394,gcb8300.tif,0.282,2.307,0.665,0.883,297,178,120.579,0.557,1.491,0.671,0.844
1395,gcb8300.tif,0.945,4.652,0.549,1.569,867,198,7.595,0.864,2.124,0.471,0.780
1396,gcb8300.tif,0.097,1.148,0.923,0.404,434,179,109.983,0.335,1.208,0.828,0.895
1397,gcb8300.tif,0.324,3.334,0.366,1.329,400,184,152.103,0.471,3.773,0.265,0.682
1398,gcb8300.tif,0.103,1.278,0.791,0.527,534,183,121.608,0.279,1.988,0.503,0.910
1399,gcb8300.tif,0.305,2.218,0.778,0.790,661,192,156.801,0.596,1.388,0.721,0.890
1400,gcb8300.tif,0.364,2.307,0.860,0.886,29,189,110.556,0.587,1.510,0.662,0.937
1401,gcb8300.tif,0.191,1.608,0.929,0.570,187,207,75.964,0.484,1.123,0.890,0.914
1402,gcb8300.tif,0.127,1.835,0.472,0.744,268,211,68.199,0.299,2.903,0.344,0.719
1403,gcb8300.tif,0.641,3.199,0.788,1.175,283,191,118.072,0.806,1.496,0.668,0.917
1404,gcb8300.tif,0.079,1.136,0.768,0.449,991,194,112.620,0.281,1.686,0.593,0.820
1405,gcb8300.tif,0.090,1.775,0.357,0.646,934,198,164.476,0.311,2.968,0.337,0.630
1406,gcb8300.tif,0.075,1.168,0.693,0.437,238,203,18.435,0.304,1.469,0.681,0.787
1407,gcb8300.tif,0.367,3.521,0.372,1.311,684,217,18.435,0.649,2.355,0.425,0.606
1408,gcb8300.tif,0.106,1.205,0.920,0.481,388,203,111.038,0.342,1.312,0.762,0.904
1409,gcb8300.tif,1.444,7.362,0.335,2.285,614,220,3.468,1.452,2.043,0.489,0.664
1410,gcb8300.tif,1.545,6.777,0.423,1.919,218,257,66.666,1.367,1.485,0.673,0.746
1411,gcb8300.tif,1.938,5.417,0.830,1.830,799,257,79.114,1.479,1.229,0.814,0.946
1412,gcb8300.tif,0.116,1.775,0.462,0.665,970,207,117.897,0.289,2.700,0.370,0.719
1413,gcb8300.tif,0.057,1.030,0.679,0.433,931,219,61.390,0.216,2.276,0.439,0.821
1414,gcb8300.tif,0.534,3.821,0.459,1.569,337,219,7.595,0.531,3.708,0.270,0.776
1415,gcb8300.tif,0.054,0.863,0.907,0.340,63,214,113.962,0.242,1.368,0.731,0.874
1416,gcb8300.tif,0.757,3.516,0.770,1.308,176,257,77.800,0.795,1.727,0.579,0.922
1417,gcb8300.tif,0.103,2.206,0.265,0.699,248,222,98.531,0.278,2.883,0.347,0.642
1418,gcb8300.tif,1.256,4.937,0.648,1.473,873,228,140.711,1.287,1.163,0.860,0.873
1419,gcb8300.tif,1.562,4.756,0.868,1.675,933,268,68.199,1.247,1.295,0.772,0.959
1420,gcb8300.tif,1.057,4.684,0.605,1.447,692,266,49.844,1.253,1.175,0.851,0.833
1421,gcb8300.tif,0.137,1.470,0.799,0.572,742,225,115.017,0.341,1.779,0.562,0.868
1422,gcb8300.tif,0.356,3.029,0.488,0.867,320,242,23.499,0.700,1.260,0.794,0.788
1423,gcb8300.tif,0.139,2.336,0.319,0.850,50,233,116.565,0.330,3.481,0.287,0.634
1424,gcb8300.tif,0.199,1.819,0.758,0.742,583,234,152.241,0.389,1.983,0.504,0.898
1425,gcb8300.tif,1.100,6.927,0.288,2.058,662,294,82.278,1.178,1.995,0.501,0.575
1426,gcb8300.tif,0.377,2.902,0.563,1.258,535,237,127.185,0.438,2.983,0.335,0.886
1427,gcb8300.tif,1.277,6.703,0.357,1.943,266,238,95.102,1.165,1.847,0.541,0.747
1428,gcb8300.tif,0.719,4.664,0.415,1.563,301,282,71.966,0.691,2.239,0.447,0.771
1429,gcb8300.tif,0.082,2.243,0.206,0.816,338,253,36.384,0.308,3.081,0.325,0.483
1430,gcb8300.tif,0.070,1.001,0.883,0.394,730,245,142.125,0.311,1.204,0.831,0.881
1431,gcb8300.tif,0.121,1.807,0.464,0.765,669,247,108.435,0.246,3.738,0.268,0.759
1432,gcb8300.tif,1.379,6.418,0.421,2.262,851,247,124.418,1.134,2.209,0.453,0.741
1433,gcb8300.tif,0.263,1.982,0.840,0.733,104,250,98.130,0.507,1.488,0.672,0.905
1434,gcb8300.tif,0.050,0.920,0.744,0.319,330,260,49.399,0.269,1.087,0.920,0.808
1435,gcb8300.tif,3.381,7.476,0.760,2.508,716,327,78.071,1.857,1.369,0.730,0.956
1436,gcb8300.tif,0.080,1.119,0.803,0.433,609,268,61.390,0.309,1.417,0.706,0.870
1437,gcb8300.tif,0.887,4.530,0.543,1.233,349,273,168.690,1.106,1.094,0.914,0.853
1438,gcb8300.tif,0.574,3.475,0.598,1.207,620,258,103.241,0.820,1.436,0.696,0.846
1439,gcb8300.tif,0.319,2.161,0.858,0.742,145,282,62.241,0.553,1.313,0.761,0.929
1440,gcb8300.tif,0.105,1.286,0.799,0.481,475,263,111.038,0.311,1.481,0.675,0.876
1441,gcb8300.tif,1.126,5.263,0.511,1.938,500,278,158.009,0.979,2.175,0.460,0.816
1442,gcb8300.tif,0.183,1.599,0.897,0.612,226,268,163.610,0.415,1.449,0.690,0.924
1443,gcb8300.tif,0.348,2.897,0.520,0.949,762,271,123.111,0.537,1.742,0.574,0.823
1444,gcb8300.tif,0.628,4.045,0.482,1.279,568,296,38.418,0.815,1.875,0.533,0.781
1445,gcb8300.tif,0.148,1.982,0.474,0.777,990,293,69.146,0.349,2.829,0.354,0.707
1446,gcb8300.tif,1.567,5.865,0.572,2.047,186,293,168.311,1.155,1.806,0.554,0.832
1447,gcb8300.tif,0.076,1.599,0.375,0.595,962,284,35.538,0.262,3.029,0.330,0.604
1448,gcb8300.tif,0.076,1.099,0.795,0.427,124,275,104.036,0.276,1.720,0.581,0.859
1449,gcb8300.tif,0.153,2.154,0.414,0.759,904,287,30.069,0.329,2.604,0.384,0.751
1450,gcb8300.tif,0.147,1.579,0.740,0.635,78,279,112.380,0.355,2.044,0.489,0.875
1451,gcb8300.tif,0.211,2.719,0.359,0.973,786,292,16.504,0.390,3.251,0.308,0.717
1452,gcb8300.tif,0.084,1.225,0.700,0.461,471,288,102.995,0.311,1.573,0.636,0.795
1453,gcb8300.tif,0.064,1.050,0.735,0.465,108,299,41.987,0.244,2.087,0.479,0.850
1454,gcb8300.tif,0.087,1.160,0.815,0.503,977,291,105.945,0.207,2.236,0.447,0.942
1455,gcb8300.tif,0.211,2.649,0.378,1.057,23,292,101.310,0.347,3.875,0.258,0.741
1456,gcb8300.tif,0.250,2.531,0.489,0.901,820,309,32.471,0.546,1.875,0.533,0.736
1457,gcb8300.tif,0.647,4.640,0.378,1.567,30,296,104.036,0.747,2.295,0.436,0.702
1458,gcb8300.tif,0.276,2.865,0.422,0.997,522,298,146.310,0.530,2.171,0.461,0.715
1459,gcb8300.tif,0.062,1.001,0.779,0.404,663,303,19.983,0.230,1.865,0.536,0.852
1460,gcb8300.tif,0.512,3.789,0.448,1.117,938,306,158.199,0.795,1.532,0.653,0.702
1461,gcb8300.tif,0.743,6.418,0.227,2.387,750,315,2.490,0.691,4.627,0.216,0.592
1462,gcb8300.tif,0.160,2.043,0.482,0.780,608,301,167.196,0.319,3.067,0.326,0.755
1463,gcb8300.tif,0.389,3.895,0.322,1.516,104,305,155.772,0.472,4.075,0.245,0.662
1464,gcb8300.tif,0.115,1.433,0.702,0.503,372,316,74.055,0.346,1.541,0.649,0.857
1465,gcb8300.tif,1.464,9.410,0.208,2.741,638,382,84.936,1.601,2.209,0.453,0.453
1466,gcb8300.tif,0.124,1.628,0.589,0.671,191,307,124.509,0.348,2.154,0.464,0.776
1467,gcb8300.tif,0.208,2.108,0.587,0.790,349,328,66.801,0.428,2.015,0.496,0.800
1468,gcb8300.tif,0.318,3.602,0.308,1.367,855,319,16.144,0.497,3.530,0.283,0.594
1469,gcb8300.tif,0.211,1.758,0.860,0.665,173,314,117.897,0.448,1.504,0.665,0.929
1470,gcb8300.tif,0.113,1.636,0.532,0.597,554,324,10.008,0.368,1.870,0.535,0.696
1471,gcb8300.tif,0.079,1.030,0.934,0.374,841,316,146.310,0.306,1.234,0.811,0.892
1472,gcb8300.tif,0.273,2.189,0.717,0.850,488,319,116.565,0.474,1.792,0.558,0.889
1473,gcb8300.tif,0.869,5.295,0.390,1.389,757,361,84.289,1.157,1.118,0.894,0.720
1474,gcb8300.tif,0.123,1.636,0.577,0.510,1011,334,61.699,0.449,1.107,0.904,0.741
1475,gcb8300.tif,0.060,0.961,0.813,0.391,585,322,135.000,0.263,1.471,0.680,0.870
1476,gcb8300.tif,1.404,8.494,0.245,2.067,911,323,110.556,1.237,1.682,0.594,0.706
1477,gcb8300.tif,0.459,4.111,0.341,1.188,401,347,8.366,0.824,1.540,0.650,0.619
1478,gcb8300.tif,0.866,4.960,0.442,1.771,636,326,107.021,0.900,2.185,0.458,0.710
1479,gcb8300.tif,0.159,1.933,0.534,0.700,536,335,20.225,0.434,1.597,0.626,0.792
1480,gcb8300.tif,0.898,7.106,0.224,1.710,862,384,75.964,0.973,2.109,0.474,0.641
1481,gcb8300.tif,0.193,1.884,0.685,0.765,961,346,18.435,0.373,2.103,0.476,0.888
1482,gcb8300.tif,0.128,1.493,0.720,0.597,241,337,100.008,0.311,2.089,0.479,0.870
1483,gcb8300.tif,0.082,1.225,0.690,0.498,681,339,146.310,0.283,1.969,0.508,0.807
1484,gcb8300.tif,0.398,2.779,0.647,1.091,841,369,79.046,0.484,2.148,0.466,0.907
1485,gcb8300.tif,0.072,1.001,0.898,0.403,991,338,120.964,0.276,1.532,0.653,0.896
1486,gcb8300.tif,0.130,1.933,0.438,0.798,174,349,17.650,0.274,3.755,0.266,0.739
1487,gcb8300.tif,0.069,1.274,0.536,0.527,508,351,31.608,0.225,2.509,0.399,0.763
1488,gcb8300.tif,0.111,1.832,0.416,0.740,364,362,52.595,0.314,2.734,0.366,0.715
1489,gcb8300.tif,0.155,1.620,0.744,0.623,441,346,146.310,0.398,1.616,0.619,0.847
1490,gcb8300.tif,2.374,11.773,0.215,4.005,298,401,28.334,1.527,3.717,0.269,0.481
1491,gcb8300.tif,0.079,1.274,0.610,0.433,334,358,28.610,0.303,1.345,0.744,0.805
1492,gcb8300.tif,0.146,1.518,0.794,0.558,211,353,158.199,0.412,1.434,0.697,0.853
1493,gcb8300.tif,0.060,1.225,0.500,0.422,99,354,124.992,0.276,1.323,0.756,0.725
1494,gcb8300.tif,0.469,4.298,0.319,1.314,697,355,116.565,0.879,1.693,0.591,0.623
1495,gcb8300.tif,0.806,4.830,0.434,1.547,164,362,150.573,0.968,1.852,0.540,0.709
1496,gcb8300.tif,0.996,4.989,0.503,1.500,587,357,104.676,1.056,1.470,0.680,0.855
1497,gcb8300.tif,0.075,1.286,0.572,0.514,144,370,19.654,0.207,2.738,0.365,0.834
1498,gcb8300.tif,0.350,2.353,0.794,0.892,669,374,144.462,0.556,1.678,0.596,0.907
1499,gcb8300.tif,0.713,3.251,0.848,1.190,817,370,115.821,0.815,1.513,0.661,0.945
1500,gcb8300.tif,0.115,1.278,0.883,0.495,87,371,114.775,0.311,1.600,0.625,0.932
1501,gcb8300.tif,0.057,0.903,0.883,0.346,547,379,36.870,0.268,1.218,0.821,0.889
1502,gcb8300.tif,1.901,9.251,0.279,2.400,725,414,22.874,1.728,1.607,0.622,0.632
1503,gcb8300.tif,0.663,3.162,0.833,1.200,55,414,78.366,0.752,1.618,0.618,0.944
1504,gcb8300.tif,0.230,1.787,0.907,0.623,115,384,146.310,0.536,1.100,0.909,0.913
1505,gcb8300.tif,0.127,1.539,0.672,0.567,887,393,52.431,0.383,1.452,0.689,0.797
1506,gcb8300.tif,1.257,5.466,0.529,1.963,626,391,153.886,1.187,1.464,0.683,0.804
1507,gcb8300.tif,0.668,3.191,0.824,1.091,268,413,79.046,0.847,1.296,0.772,0.922
1508,gcb8300.tif,0.441,3.003,0.614,1.140,984,382,104.036,0.618,2.042,0.490,0.853
1509,gcb8300.tif,0.803,4.746,0.448,1.425,222,384,104.036,0.898,1.744,0.573,0.796
1510,gcb8300.tif,0.140,2.117,0.392,0.727,543,394,25.346,0.339,2.776,0.360,0.674
1511,gcb8300.tif,0.097,1.628,0.459,0.657,901,390,176.987,0.276,2.913,0.343,0.714
1512,gcb8300.tif,0.688,3.093,0.904,1.128,165,391,117.350,0.829,1.340,0.746,0.958
1513,gcb8300.tif,0.460,3.464,0.482,1.282,396,391,104.036,0.613,2.719,0.368,0.779
1514,gcb8300.tif,0.617,4.244,0.431,1.279,859,392,108.925,0.966,1.212,0.825,0.734
1515,gcb8300.tif,0.818,6.105,0.276,1.733,932,395,113.499,0.866,2.523,0.396,0.661
1516,gcb8300.tif,0.834,7.118,0.207,1.492,339,394,103.392,1.143,1.162,0.860,0.644
1517,gcb8300.tif,0.055,0.843,0.972,0.340,611,400,23.962,0.242,1.382,0.724,0.902
1518,gcb8300.tif,0.392,2.629,0.712,0.930,89,426,68.199,0.716,1.230,0.813,0.836
1519,gcb8300.tif,0.677,3.769,0.599,1.320,109,445,83.991,0.820,1.584,0.631,0.875
1520,gcb8300.tif,0.516,3.036,0.704,1.222,904,407,118.740,0.628,2.004,0.499,0.902
1521,gcb8300.tif,0.235,2.292,0.563,0.881,971,412,138.180,0.425,2.104,0.475,0.799
1522,gcb8300.tif,1.696,5.336,0.748,1.695,603,418,140.793,1.464,1.134,0.882,0.916
1523,gcb8300.tif,1.074,4.261,0.743,1.369,780,445,47.045,1.175,1.060,0.943,0.891
1524,gcb8300.tif,0.309,3.598,0.300,1.114,827,424,7.125,0.679,2.214,0.452,0.536
1525,gcb8300.tif,0.762,4.053,0.583,1.447,352,445,49.844,0.953,1.376,0.727,0.833
1526,gcb8300.tif,0.608,2.995,0.852,1.072,695,444,69.228,0.795,1.340,0.746,0.943
1527,gcb8300.tif,0.357,2.528,0.702,0.881,188,430,168.690,0.614,1.412,0.708,0.852
1528,gcb8300.tif,0.113,1.502,0.632,0.637,242,427,167.471,0.276,2.453,0.408,0.809
1529,gcb8300.tif,0.166,1.847,0.611,0.712,264,429,119.055,0.415,1.520,0.658,0.813
1530,gcb8300.tif,0.725,3.415,0.781,1.175,873,463,61.928,0.901,1.315,0.760,0.913
1531,gcb8300.tif,0.171,2.430,0.363,0.864,34,433,106.260,0.464,2.424,0.413,0.624
1532,gcb8300.tif,0.168,2.353,0.382,0.856,561,435,133.363,0.391,2.679,0.373,0.631
1533,gcb8300.tif,0.078,1.217,0.659,0.489,172,446,45.000,0.306,1.590,0.629,0.850
1534,gcb8300.tif,0.374,3.236,0.449,1.235,292,443,107.928,0.593,2.428,0.412,0.752
1535,gcb8300.tif,0.313,2.922,0.460,1.121,707,465,33.690,0.529,2.546,0.393,0.749
1536,gcb8300.tif,0.074,1.392,0.480,0.518,749,455,36.870,0.278,1.967,0.508,0.729
1537,gcb8300.tif,1.487,7.109,0.370,1.946,230,500,73.496,1.466,1.360,0.735,0.701
1538,gcb8300.tif,0.161,1.795,0.629,0.635,178,457,22.380,0.449,1.463,0.684,0.801
1539,gcb8300.tif,0.201,1.905,0.695,0.695,18,450,116.565,0.415,1.558,0.642,0.857
1540,gcb8300.tif,1.216,7.102,0.303,2.216,441,481,10.784,1.230,1.995,0.501,0.607
1541,gcb8300.tif,1.480,5.263,0.671,1.906,769,452,94.160,1.238,1.409,0.710,0.903
1542,gcb8300.tif,1.684,4.814,0.913,1.543,356,460,145.954,1.451,1.022,0.979,0.967
1543,gcb8300.tif,0.153,2.719,0.260,0.777,650,480,69.146,0.518,1.704,0.587,0.557
1544,gcb8300.tif,0.069,1.205,0.599,0.470,91,461,162.897,0.242,1.984,0.504,0.789
1545,gcb8300.tif,0.124,1.502,0.692,0.612,632,469,16.390,0.313,2.175,0.460,0.849
1546,gcb8300.tif,0.303,3.607,0.293,1.376,835,463,141.116,0.458,4.318,0.232,0.624
1547,gcb8300.tif,0.153,2.117,0.429,0.699,102,468,171.469,0.437,1.779,0.562,0.709
1548,gcb8300.tif,0.160,2.141,0.439,0.909,594,470,8.746,0.276,4.081,0.245,0.793
1549,gcb8300.tif,0.124,1.481,0.711,0.563,42,473,10.620,0.340,1.780,0.562,0.832
1550,gcb8300.tif,0.195,2.031,0.593,0.836,566,470,7.125,0.433,2.147,0.466,0.801
1551,gcb8300.tif,0.099,1.620,0.475,0.597,674,466,169.992,0.254,2.644,0.378,0.787
1552,gcb8300.tif,0.337,2.336,0.776,0.806,173,473,149.036,0.654,1.272,0.786,0.877
1553,gcb8300.tif,0.133,1.562,0.682,0.579,797,472,162.646,0.317,1.948,0.513,0.851
1554,gcb8300.tif,0.159,1.669,0.717,0.649,413,471,115.201,0.403,1.851,0.540,0.842
1555,gcb8300.tif,2.043,5.469,0.858,1.725,709,484,122.735,1.590,1.028,0.973,0.951
1556,gcb8300.tif,0.638,3.912,0.524,1.601,591,511,32.661,0.678,2.706,0.370,0.807
1557,gcb8300.tif,0.381,4.697,0.217,1.792,979,482,146.004,0.455,5.579,0.179,0.583
1558,gcb8300.tif,1.138,4.094,0.853,1.500,269,483,97.943,1.037,1.430,0.699,0.953
1559,gcb8300.tif,0.154,1.539,0.818,0.587,834,499,61.928,0.386,1.555,0.643,0.878
1560,gcb8300.tif,0.727,3.369,0.805,1.246,85,485,109.440,0.754,1.670,0.599,0.946
1561,gcb8300.tif,0.123,1.608,0.598,0.612,874,486,106.390,0.317,2.123,0.471,0.814
1562,gcb8300.tif,0.100,1.355,0.686,0.572,39,488,115.017,0.251,2.371,0.422,0.862
1563,gcb8300.tif,0.588,2.918,0.867,0.984,554,516,71.565,0.795,1.232,0.812,0.951
1564,gcb8300.tif,0.217,2.007,0.678,0.705,635,489,101.310,0.489,1.329,0.753,0.850
1565,gcb8300.tif,1.400,6.398,0.430,2.542,792,496,97.028,0.950,2.946,0.339,0.783
1566,gcb8300.tif,1.926,9.502,0.268,2.459,922,563,70.292,1.861,1.612,0.620,0.632
1567,gcb8300.tif,0.235,2.649,0.421,0.918,478,499,109.799,0.547,2.162,0.463,0.620
1568,gcb8300.tif,0.061,0.924,0.897,0.386,110,500,116.565,0.207,1.738,0.576,0.936
1569,gcb8300.tif,0.591,2.946,0.856,1.098,963,532,77.276,0.726,1.497,0.668,0.943
1570,gcb8300.tif,0.053,1.400,0.337,0.495,663,517,77.905,0.242,2.070,0.483,0.647
1571,gcb8300.tif,0.364,3.093,0.479,1.237,248,506,125.910,0.517,2.780,0.360,0.731
1572,gcb8300.tif,0.189,2.629,0.343,0.973,12,507,96.116,0.404,2.580,0.388,0.677
1573,gcb8300.tif,0.814,3.487,0.842,1.283,154,507,94.635,0.829,1.527,0.655,0.949
1574,gcb8300.tif,0.118,1.335,0.834,0.491,188,511,140.711,0.350,1.445,0.692,0.884
1575,gcb8300.tif,2.219,7.155,0.545,2.362,207,511,110.556,1.587,1.628,0.614,0.855
1576,gcb8300.tif,0.825,3.544,0.825,1.279,524,547,71.075,0.890,1.430,0.699,0.949
1577,gcb8300.tif,0.140,1.530,0.750,0.591,56,533,69.444,0.369,1.760,0.568,0.857
1578,gcb8300.tif,0.187,1.770,0.752,0.719,628,534,54.782,0.422,1.672,0.598,0.892
1579,gcb8300.tif,0.408,2.670,0.720,0.978,73,519,147.995,0.694,1.338,0.747,0.881
1580,gcb8300.tif,0.128,1.930,0.431,0.759,670,532,30.069,0.351,2.204,0.454,0.682
1581,gcb8300.tif,0.604,3.381,0.664,1.358,757,558,75.256,0.595,2.485,0.402,0.913
1582,gcb8300.tif,0.207,1.970,0.669,0.712,597,524,140.906,0.495,1.566,0.639,0.824
1583,gcb8300.tif,0.251,3.452,0.265,0.915,558,524,169.114,0.732,1.118,0.894,0.615
1584,gcb8300.tif,0.057,0.892,0.906,0.356,505,533,60.945,0.244,1.501,0.666,0.865
1585,gcb8300.tif,0.057,1.079,0.619,0.443,644,534,51.340,0.247,1.662,0.602,0.787
1586,gcb8300.tif,0.359,3.191,0.444,1.049,464,536,17.241,0.607,1.784,0.560,0.724
1587,gcb8300.tif,0.460,2.707,0.789,0.961,674,548,37.694,0.709,1.265,0.790,0.904
1588,gcb8300.tif,0.322,2.275,0.783,0.810,875,534,129.806,0.594,1.474,0.679,0.899
1589,gcb8300.tif,0.376,3.187,0.465,0.978,712,539,147.995,0.643,1.739,0.575,0.743
1590,gcb8300.tif,0.896,6.035,0.309,1.535,317,582,82.235,1.037,1.222,0.818,0.748
1591,gcb8300.tif,0.857,5.665,0.336,2.160,936,548,172.648,0.684,3.795,0.264,0.700
1592,gcb8300.tif,0.205,2.267,0.502,0.853,633,552,21.371,0.414,2.300,0.435,0.738
1593,gcb8300.tif,0.480,2.882,0.726,1.008,5,567,30.964,0.733,1.385,0.722,0.872
1594,gcb8300.tif,0.099,1.628,0.470,0.597,112,561,79.992,0.276,2.410,0.415,0.748
1595,gcb8300.tif,0.847,3.882,0.706,1.467,820,589,74.982,0.794,2.042,0.490,0.902
1596,gcb8300.tif,2.993,8.909,0.474,2.495,521,591,30.828,1.905,1.170,0.855,0.847
1597,gcb8300.tif,0.051,0.863,0.867,0.346,489,558,53.130,0.242,1.463,0.684,0.915
1598,gcb8300.tif,0.564,3.061,0.756,1.140,286,552,104.036,0.726,1.627,0.615,0.915
1599,gcb8300.tif,0.234,2.552,0.452,1.005,854,555,139.185,0.461,2.820,0.355,0.710
1600,gcb8300.tif,0.476,3.260,0.564,1.271,43,560,157.620,0.555,2.383,0.420,0.857
1601,gcb8300.tif,0.167,1.893,0.586,0.700,154,569,20.225,0.411,1.937,0.516,0.769
1602,gcb8300.tif,0.225,3.403,0.244,1.080,259,593,82.648,0.605,2.132,0.469,0.514
1603,gcb8300.tif,0.055,0.892,0.868,0.361,472,567,16.699,0.242,1.377,0.726,0.844
1604,gcb8300.tif,0.854,5.624,0.339,1.350,180,605,76.675,1.057,1.404,0.712,0.771
1605,gcb8300.tif,0.115,1.559,0.593,0.652,605,579,32.005,0.318,2.204,0.454,0.803
1606,gcb8300.tif,0.358,3.411,0.387,1.399,436,571,147.095,0.441,3.893,0.257,0.702
1607,gcb8300.tif,0.413,4.200,0.294,1.204,486,571,140.826,0.760,1.763,0.567,0.655
1608,gcb8300.tif,0.166,1.893,0.582,0.740,388,586,37.405,0.345,2.284,0.438,0.803
1609,gcb8300.tif,0.107,1.539,0.570,0.592,9,575,96.710,0.305,2.124,0.471,0.786
1610,gcb8300.tif,0.183,2.442,0.385,0.930,337,585,15.068,0.384,3.251,0.308,0.655
1611,gcb8300.tif,0.088,1.245,0.716,0.495,734,582,12.095,0.276,1.716,0.583,0.855
1612,gcb8300.tif,0.073,1.119,0.731,0.420,20,580,9.462,0.242,1.598,0.626,0.859
1613,gcb8300.tif,0.130,1.404,0.830,0.591,122,582,159.444,0.311,2.003,0.499,0.924
1614,gcb8300.tif,0.051,0.912,0.776,0.356,852,591,60.945,0.242,1.434,0.697,0.869
1615,gcb8300.tif,0.330,3.253,0.391,1.162,381,618,67.249,0.526,2.468,0.405,0.760
1616,gcb8300.tif,0.156,1.974,0.505,0.748,310,600,33.690,0.411,2.108,0.474,0.728
1617,gcb8300.tif,2.316,5.848,0.851,2.079,415,646,68.552,1.509,1.351,0.740,0.961
1618,gcb8300.tif,0.154,2.365,0.346,0.930,751,594,138.013,0.378,2.880,0.347,0.622
1619,gcb8300.tif,0.448,3.061,0.601,1.065,729,624,76.866,0.691,1.624,0.616,0.840
1620,gcb8300.tif,0.185,2.039,0.559,0.796,46,599,145.620,0.444,1.658,0.603,0.801
1621,gcb8300.tif,0.948,4.167,0.686,1.434,353,638,74.624,0.917,1.449,0.690,0.888
1622,gcb8300.tif,0.278,2.039,0.841,0.739,261,607,169.216,0.557,1.282,0.780,0.894
1623,gcb8300.tif,0.075,1.001,0.943,0.394,300,602,142.125,0.307,1.277,0.783,0.900
1624,gcb8300.tif,0.142,1.571,0.724,0.615,134,602,128.157,0.387,1.824,0.548,0.844
1625,gcb8300.tif,1.133,4.859,0.603,1.391,837,631,26.565,1.224,1.108,0.903,0.890
1626,gcb8300.tif,1.666,9.829,0.217,2.289,522,607,118.887,1.382,1.627,0.614,0.685
1627,gcb8300.tif,0.056,0.843,0.993,0.340,158,614,156.038,0.242,1.345,0.744,0.895
1628,gcb8300.tif,0.190,1.689,0.837,0.611,699,624,42.709,0.468,1.339,0.747,0.911
1629,gcb8300.tif,0.314,2.499,0.632,1.073,464,613,123.179,0.438,2.723,0.367,0.861
1630,gcb8300.tif,0.104,1.197,0.912,0.470,779,617,126.027,0.318,1.538,0.650,0.911
1631,gcb8300.tif,0.297,4.144,0.218,0.920,39,635,34.287,0.690,1.542,0.648,0.594
1632,gcb8300.tif,1.186,7.594,0.258,2.525,70,688,70.821,1.270,1.965,0.509,0.553
1633,gcb8300.tif,0.691,4.835,0.372,1.612,368,660,59.036,0.802,2.269,0.441,0.727
1634,gcb8300.tif,0.316,2.719,0.538,0.956,668,621,130.601,0.538,2.210,0.453,0.791
1635,gcb8300.tif,0.067,1.156,0.629,0.510,447,636,61.699,0.201,3.008,0.332,0.824
1636,gcb8300.tif,0.107,1.384,0.705,0.536,202,641,75.069,0.276,2.154,0.464,0.887
1637,gcb8300.tif,0.086,1.551,0.449,0.635,924,627,157.620,0.229,2.879,0.347,0.783
1638,gcb8300.tif,0.293,1.974,0.944,0.712,150,627,119.055,0.553,1.214,0.824,0.946
1639,gcb8300.tif,0.410,2.666,0.724,1.060,68,664,70.974,0.585,1.872,0.534,0.896
1640,gcb8300.tif,0.287,2.649,0.513,1.017,737,643,9.782,0.471,2.151,0.465,0.791
1641,gcb8300.tif,1.292,5.095,0.625,1.814,261,638,120.964,1.057,1.614,0.620,0.888
1642,gcb8300.tif,0.730,5.661,0.286,1.295,812,674,80.789,0.996,1.390,0.719,0.706
1643,gcb8300.tif,0.098,1.539,0.520,0.604,715,648,13.241,0.311,2.248,0.445,0.742
1644,gcb8300.tif,0.085,2.068,0.249,0.810,498,642,140.194,0.294,3.742,0.267,0.502
1645,gcb8300.tif,0.258,2.723,0.437,1.026,421,668,57.381,0.431,2.549,0.392,0.741
1646,gcb8300.tif,0.590,5.837,0.218,1.922,451,687,52.306,0.869,2.576,0.388,0.509
1647,gcb8300.tif,0.130,1.510,0.717,0.546,768,651,18.435,0.359,1.596,0.626,0.848
1648,gcb8300.tif,0.059,1.274,0.453,0.420,886,655,80.538,0.227,1.862,0.537,0.705
1649,gcb8300.tif,0.115,1.734,0.479,0.759,458,657,30.069,0.264,3.300,0.303,0.762
1650,gcb8300.tif,0.116,1.424,0.718,0.546,654,653,18.435,0.311,1.768,0.566,0.898
1651,gcb8300.tif,1.518,7.052,0.384,2.677,127,680,23.587,0.998,3.570,0.280,0.744
1652,gcb8300.tif,0.364,2.641,0.656,0.979,383,671,42.138,0.548,1.851,0.540,0.858
1653,gcb8300.tif,0.066,0.940,0.933,0.394,837,651,142.125,0.244,1.650,0.606,0.887
1654,gcb8300.tif,0.621,4.497,0.386,1.743,3,652,140.631,0.777,2.575,0.388,0.674
1655,gcb8300.tif,1.143,7.859,0.233,1.768,342,706,85.515,1.403,1.354,0.738,0.590
1656,gcb8300.tif,1.398,8.872,0.223,2.060,935,655,112.694,1.471,1.321,0.757,0.620
1657,gcb8300.tif,0.808,3.817,0.697,1.299,738,660,118.610,0.878,1.548,0.646,0.886
1658,gcb8300.tif,0.199,2.393,0.438,0.927,780,658,116.565,0.421,2.803,0.357,0.715
1659,gcb8300.tif,0.325,3.069,0.433,1.037,441,685,60.018,0.678,2.009,0.498,0.687
1660,gcb8300.tif,0.112,1.461,0.661,0.536,704,662,104.931,0.369,1.584,0.631,0.797
1661,gcb8300.tif,1.626,4.842,0.872,1.722,223,714,79.592,1.244,1.401,0.714,0.965
1662,gcb8300.tif,0.064,1.225,0.540,0.480,665,672,30.256,0.237,2.135,0.468,0.766
1663,gcb8300.tif,0.252,2.520,0.499,0.973,638,668,163.496,0.478,2.179,0.459,0.792
1664,gcb8300.tif,0.053,0.826,0.968,0.346,591,674,36.870,0.207,1.395,0.717,0.967
1665,gcb8300.tif,0.136,1.392,0.883,0.498,689,679,33.690,0.387,1.312,0.762,0.912
1666,gcb8300.tif,0.143,3.000,0.200,1.012,605,675,172.147,0.312,3.694,0.271,0.584
1667,gcb8300.tif,0.338,3.467,0.353,0.885,989,674,141.340,0.691,1.122,0.891,0.727
1668,gcb8300.tif,0.050,1.070,0.550,0.481,524,676,158.962,0.184,3.221,0.310,0.792
1669,gcb8300.tif,0.109,2.410,0.235,0.872,581,678,146.310,0.263,4.425,0.226,0.565
1670,gcb8300.tif,0.497,4.493,0.309,1.419,663,680,124.077,0.779,2.003,0.499,0.706
1671,gcb8300.tif,1.163,4.082,0.877,1.376,713,686,141.116,1.124,1.192,0.839,0.956
1672,gcb8300.tif,0.147,1.729,0.617,0.732,371,707,70.710,0.285,2.949,0.339,0.831
1673,gcb8300.tif,0.144,2.117,0.405,0.788,386,704,37.875,0.375,2.758,0.363,0.674
1674,gcb8300.tif,0.345,2.169,0.922,0.719,614,706,54.782,0.657,1.054,0.949,0.937
1675,gcb8300.tif,0.488,3.952,0.393,1.484,507,693,152.241,0.610,3.063,0.327,0.705
1676,gcb8300.tif,0.395,2.580,0.746,0.920,426,713,34.287,0.629,1.517,0.659,0.895
1677,gcb8300.tif,0.369,2.874,0.562,0.875,985,723,170.910,0.622,1.289,0.775,0.826
1678,gcb8303.tif,0.110,1.363,0.743,0.557,483,2,119.745,0.318,1.740,0.575,0.864
1679,gcb8303.tif,2.188,10.858,0.233,2.366,871,60,28.811,1.988,1.122,0.892,0.679
1680,gcb8303.tif,0.482,2.629,0.877,0.940,232,12,126.027,0.709,1.359,0.736,0.941
1681,gcb8303.tif,1.445,7.109,0.359,1.888,716,50,23.749,1.530,1.138,0.878,0.700
1682,gcb8303.tif,0.170,1.835,0.633,0.665,160,12,98.973,0.415,1.583,0.632,0.845
1683,gcb8303.tif,0.393,2.515,0.781,1.012,853,15,97.853,0.518,1.936,0.517,0.932
1684,gcb8303.tif,0.471,2.592,0.880,0.944,781,42,66.251,0.691,1.356,0.737,0.945
1685,gcb8303.tif,0.233,1.896,0.814,0.722,46,41,73.301,0.449,1.582,0.632,0.918
1686,gcb8303.tif,0.180,1.945,0.599,0.712,494,40,67.166,0.424,1.571,0.637,0.823
1687,gcb8303.tif,0.214,1.807,0.823,0.699,669,28,8.531,0.415,1.657,0.603,0.918
1688,gcb8303.tif,0.367,2.230,0.927,0.798,189,45,72.350,0.587,1.280,0.781,0.952
1689,gcb8303.tif,0.853,5.307,0.380,1.595,312,67,60.101,1.265,1.124,0.890,0.651
1690,gcb8303.tif,0.082,1.070,0.904,0.404,68,28,160.017,0.276,1.395,0.717,0.908
1691,gcb8303.tif,0.350,2.258,0.862,0.850,280,50,63.435,0.585,1.489,0.672,0.929
1692,gcb8303.tif,0.621,3.064,0.831,1.149,949,60,74.291,0.710,1.645,0.608,0.946
1693,gcb8303.tif,1.072,3.939,0.869,1.333,569,33,121.218,1.071,1.202,0.832,0.958
1694,gcb8303.tif,0.320,2.112,0.902,0.742,223,52,27.759,0.622,1.022,0.979,0.931
1695,gcb8303.tif,0.155,2.638,0.280,0.790,522,38,113.199,0.558,1.372,0.729,0.526
1696,gcb8303.tif,0.082,1.070,0.904,0.386,683,38,116.565,0.311,1.164,0.859,0.890
1697,gcb8303.tif,0.106,2.194,0.277,0.740,477,54,37.405,0.269,2.520,0.397,0.724
1698,gcb8303.tif,0.078,1.148,0.740,0.427,252,53,75.964,0.242,1.666,0.600,0.878
1699,gcb8303.tif,0.314,2.132,0.868,0.765,607,41,108.435,0.553,1.365,0.733,0.936
1700,gcb8303.tif,1.211,4.456,0.766,1.521,89,44,111.318,1.148,1.373,0.728,0.926
1701,gcb8303.tif,0.357,2.572,0.678,0.922,793,47,102.995,0.537,1.818,0.550,0.870
1702,gcb8303.tif,0.451,2.592,0.844,0.951,833,48,109.093,0.687,1.345,0.743,0.932
1703,gcb8303.tif,0.056,0.863,0.947,0.328,754,61,71.565,0.242,1.170,0.855,0.895
1704,gcb8303.tif,0.061,0.940,0.865,0.374,707,54,123.690,0.244,1.598,0.626,0.864
1705,gcb8303.tif,0.551,2.885,0.831,1.040,540,84,68.552,0.795,1.269,0.788,0.933
1706,gcb8303.tif,0.153,1.542,0.808,0.652,177,57,122.005,0.366,1.857,0.538,0.921
1707,gcb8303.tif,0.626,3.723,0.567,1.393,1002,58,97.125,0.749,2.070,0.483,0.845
1708,gcb8303.tif,0.478,2.584,0.899,0.907,964,86,72.255,0.691,1.236,0.809,0.947
1709,gcb8303.tif,0.090,1.148,0.854,0.464,43,63,116.565,0.276,1.482,0.675,0.909
1710,gcb8303.tif,0.073,0.981,0.951,0.394,806,65,127.875,0.269,1.482,0.675,0.917
1711,gcb8303.tif,1.037,7.345,0.241,2.677,197,97,11.165,0.949,3.464,0.289,0.584
1712,gcb8303.tif,0.381,2.535,0.745,0.984,911,96,71.565,0.535,2.010,0.498,0.922
1713,gcb8303.tif,0.830,3.723,0.752,1.258,53,95,15.945,0.989,1.184,0.844,0.900
1714,gcb8303.tif,0.156,1.930,0.528,0.604,442,81,23.629,0.462,1.451,0.689,0.762
1715,gcb8303.tif,0.353,2.388,0.779,0.922,895,95,77.005,0.518,1.798,0.556,0.938
1716,gcb8303.tif,0.082,1.030,0.976,0.394,752,71,105.255,0.276,1.326,0.754,0.914
1717,gcb8303.tif,0.110,1.217,0.932,0.465,850,72,131.987,0.359,1.343,0.745,0.906
1718,gcb8303.tif,0.196,1.689,0.863,0.575,158,84,32.735,0.484,1.127,0.888,0.919
1719,gcb8303.tif,0.288,2.023,0.884,0.719,417,73,125.218,0.553,1.251,0.800,0.943
1720,gcb8303.tif,0.660,3.621,0.633,1.444,355,114,68.962,0.648,2.418,0.414,0.919
1721,gcb8303.tif,0.786,3.723,0.712,1.376,389,114,78.408,0.864,1.419,0.705,0.908
1722,gcb8303.tif,0.430,2.779,0.699,1.065,930,106,76.866,0.550,1.949,0.513,0.908
1723,gcb8303.tif,0.689,3.251,0.819,1.226,333,79,111.501,0.795,1.544,0.648,0.950
1724,gcb8303.tif,0.128,1.294,0.958,0.498,696,78,123.690,0.367,1.389,0.720,0.918
1725,gcb8303.tif,0.053,0.843,0.930,0.346,508,86,36.870,0.220,1.562,0.640,0.889
1726,gcb8303.tif,0.348,2.169,0.928,0.809,838,79,109.983,0.587,1.316,0.760,0.948
1727,gcb8303.tif,2.237,8.441,0.395,2.285,455,84,110.353,1.645,1.622,0.617,0.817
1728,gcb8303.tif,0.828,3.464,0.867,1.226,553,114,68.499,0.927,1.332,0.751,0.949
1729,gcb8303.tif,0.523,4.040,0.403,1.668,632,134,76.827,0.577,3.131,0.319,0.771
1730,gcb8303.tif,0.567,2.929,0.831,1.117,516,89,111.801,0.657,1.683,0.594,0.951
1731,gcb8303.tif,0.808,3.499,0.830,1.182,279,116,37.875,0.952,1.166,0.858,0.942
1732,gcb8303.tif,2.397,5.933,0.856,2.020,664,92,102.848,1.622,1.210,0.827,0.966
1733,gcb8303.tif,0.739,3.260,0.874,1.098,965,121,61.821,0.927,1.160,0.862,0.942
1734,gcb8303.tif,0.072,0.989,0.920,0.361,42,99,163.301,0.276,1.230,0.813,0.889
1735,gcb8303.tif,0.711,4.493,0.442,1.469,159,125,41.186,0.825,2.109,0.474,0.789
1736,gcb8303.tif,0.380,2.828,0.597,1.190,316,97,115.821,0.481,2.695,0.371,0.891
1737,gcb8303.tif,0.540,3.024,0.742,1.073,817,97,93.691,0.786,1.235,0.810,0.900
1738,gcb8303.tif,0.257,1.864,0.929,0.623,874,102,160.560,0.586,1.027,0.974,0.935
1739,gcb8303.tif,0.479,2.666,0.847,1.037,566,124,53.130,0.586,1.789,0.559,0.940
1740,gcb8303.tif,0.835,3.487,0.863,1.258,419,137,74.055,0.864,1.414,0.707,0.963
1741,gcb8303.tif,0.161,1.803,0.623,0.761,18,118,39.472,0.342,2.291,0.436,0.821
1742,gcb8303.tif,1.328,5.859,0.486,2.081,699,155,54.462,1.256,1.816,0.551,0.757
1743,gcb8303.tif,0.499,2.857,0.769,1.117,95,106,111.801,0.637,1.719,0.582,0.928
1744,gcb8303.tif,0.270,1.994,0.853,0.719,124,123,35.218,0.546,1.325,0.755,0.930
1745,gcb8303.tif,0.399,2.388,0.879,0.837,201,110,128.290,0.691,1.128,0.886,0.944
1746,gcb8303.tif,0.066,0.981,0.858,0.416,784,108,131.634,0.269,1.517,0.659,0.873
1747,gcb8303.tif,0.336,2.624,0.612,0.912,929,110,114.624,0.545,1.507,0.664,0.873
1748,gcb8303.tif,0.590,3.007,0.820,1.149,72,114,105.709,0.670,1.770,0.565,0.946
1749,gcb8303.tif,0.539,2.946,0.780,1.051,891,114,99.462,0.712,1.579,0.633,0.915
1750,gcb8303.tif,0.531,2.808,0.847,0.930,30,142,68.199,0.773,1.162,0.861,0.926
1751,gcb8303.tif,0.147,1.685,0.650,0.665,375,119,117.897,0.396,1.680,0.595,0.823
1752,gcb8303.tif,0.689,3.883,0.574,1.192,588,152,73.142,0.927,1.414,0.707,0.824
1753,gcb8303.tif,0.586,5.466,0.247,2.137,12,121,104.036,0.535,5.346,0.187,0.661
1754,gcb8303.tif,1.308,4.342,0.872,1.425,289,164,67.166,1.244,1.065,0.939,0.955
1755,gcb8303.tif,0.867,4.884,0.457,1.956,225,179,72.525,0.874,2.342,0.427,0.780
1756,gcb8303.tif,0.370,2.299,0.880,0.816,491,149,53.616,0.622,1.197,0.836,0.942
1757,gcb8303.tif,0.102,1.225,0.850,0.480,556,133,149.744,0.308,1.602,0.624,0.876
1758,gcb8303.tif,0.082,1.050,0.939,0.403,847,134,149.036,0.311,1.235,0.810,0.908
1759,gcb8303.tif,0.162,1.583,0.815,0.634,966,143,29.358,0.366,1.765,0.566,0.919
1760,gcb8303.tif,1.226,4.224,0.864,1.486,191,136,107.592,1.071,1.395,0.717,0.959
1761,gcb8303.tif,0.091,1.294,0.681,0.464,750,144,26.565,0.318,1.414,0.707,0.817
1762,gcb8303.tif,0.596,3.475,0.620,1.206,770,144,152.700,0.780,1.660,0.602,0.811
1763,gcb8303.tif,0.168,1.852,0.617,0.816,649,141,143.616,0.283,3.120,0.321,0.862
1764,gcb8303.tif,1.501,5.161,0.708,1.894,698,178,38.333,1.217,1.490,0.671,0.907
1765,gcb8303.tif,0.207,2.173,0.550,0.930,954,141,105.068,0.347,3.094,0.323,0.861
1766,gcb8303.tif,0.803,5.365,0.350,1.743,373,142,103.761,0.932,2.560,0.391,0.678
1767,gcb8303.tif,0.166,2.695,0.287,0.930,92,144,138.013,0.431,2.998,0.334,0.572
1768,gcb8303.tif,0.150,1.599,0.739,0.665,825,146,152.103,0.391,1.731,0.578,0.854
1769,gcb8303.tif,0.201,1.677,0.897,0.623,432,156,19.440,0.448,1.425,0.702,0.918
1770,gcb8303.tif,0.063,0.973,0.841,0.394,855,158,74.745,0.207,1.700,0.588,0.906
1771,gcb8303.tif,0.574,3.524,0.581,1.104,975,179,69.864,0.777,1.679,0.596,0.821
1772,gcb8303.tif,0.476,2.682,0.833,0.997,45,178,75.964,0.611,1.652,0.605,0.936
1773,gcb8303.tif,2.142,10.157,0.261,3.111,624,219,49.054,1.561,2.313,0.432,0.626
1774,gcb8303.tif,0.717,3.332,0.811,1.113,398,156,126.158,0.929,1.120,0.893,0.932
1775,gcb8303.tif,1.835,5.262,0.833,1.938,496,211,78.690,1.348,1.461,0.685,0.947
1776,gcb8303.tif,0.098,1.217,0.831,0.443,246,158,128.660,0.355,1.341,0.746,0.850
1777,gcb8303.tif,0.161,2.311,0.379,0.997,1013,157,104.036,0.249,4.767,0.210,0.808
1778,gcb8303.tif,0.637,3.158,0.802,1.102,447,185,41.186,0.824,1.370,0.730,0.903
1779,gcb8303.tif,0.054,0.892,0.850,0.367,530,159,131.186,0.220,1.771,0.564,0.849
1780,gcb8303.tif,0.485,2.918,0.716,1.188,757,159,98.366,0.587,2.056,0.486,0.930
1781,gcb8303.tif,1.308,6.617,0.375,2.025,41,202,36.674,1.093,2.362,0.423,0.737
1782,gcb8303.tif,0.051,0.834,0.927,0.326,259,168,57.995,0.240,1.364,0.733,0.896
1783,gcb8303.tif,0.651,3.081,0.862,1.149,878,192,74.291,0.773,1.488,0.672,0.940
1784,gcb8303.tif,0.872,3.699,0.800,1.227,302,176,147.653,1.020,1.206,0.830,0.919
1785,gcb8303.tif,1.327,4.981,0.672,1.765,559,167,113.051,1.023,1.832,0.546,0.913
1786,gcb8303.tif,0.287,2.388,0.631,0.970,600,169,94.086,0.380,2.685,0.372,0.911
1787,gcb8303.tif,0.277,2.043,0.834,0.813,142,170,102.265,0.449,1.820,0.549,0.939
1788,gcb8303.tif,0.319,2.279,0.772,0.780,835,183,167.196,0.611,1.164,0.859,0.894
1789,gcb8303.tif,0.141,1.542,0.745,0.656,429,173,108.435,0.311,2.173,0.460,0.908
1790,gcb8303.tif,0.481,2.670,0.849,0.968,665,201,55.176,0.671,1.464,0.683,0.938
1791,gcb8303.tif,0.219,2.034,0.664,0.875,774,183,9.090,0.346,2.525,0.396,0.906
1792,gcb8303.tif,0.266,2.112,0.750,0.841,102,204,80.538,0.419,2.135,0.468,0.910
1793,gcb8303.tif,2.427,7.822,0.498,2.810,293,183,106.429,1.594,1.751,0.571,0.799
1794,gcb8303.tif,0.293,2.210,0.753,0.870,245,184,96.843,0.449,1.835,0.545,0.914
1795,gcb8303.tif,0.896,5.299,0.401,1.572,903,225,56.659,1.002,1.584,0.631,0.785
1796,gcb8303.tif,0.055,0.883,0.885,0.342,742,187,135.000,0.247,1.358,0.736,0.876
1797,gcb8303.tif,0.620,3.459,0.651,1.434,945,226,74.624,0.674,2.353,0.425,0.934
1798,gcb8303.tif,0.379,2.422,0.811,0.875,461,213,80.910,0.622,1.347,0.743,0.920
1799,gcb8303.tif,0.282,2.071,0.825,0.804,268,210,64.537,0.481,1.616,0.619,0.929
1800,gcb8303.tif,0.161,1.551,0.843,0.595,722,204,54.462,0.415,1.498,0.668,0.894
1801,gcb8303.tif,0.582,2.918,0.859,1.009,397,196,141.953,0.838,1.149,0.870,0.938
1802,gcb8303.tif,0.493,2.584,0.928,0.867,189,215,66.501,0.726,1.135,0.881,0.953
1803,gcb8303.tif,1.346,5.331,0.595,1.994,691,195,117.897,1.039,2.044,0.489,0.855
1804,gcb8303.tif,0.074,1.038,0.863,0.394,845,206,74.745,0.278,1.432,0.698,0.861
1805,gcb8303.tif,0.282,2.002,0.883,0.742,368,198,117.759,0.553,1.305,0.766,0.933
1806,gcb8303.tif,0.164,1.551,0.855,0.527,18,213,58.392,0.432,1.187,0.842,0.910
1807,gcb8303.tif,0.941,4.396,0.612,1.527,511,223,5.194,1.093,1.543,0.648,0.790
1808,gcb8303.tif,0.908,3.711,0.828,1.410,981,241,78.690,0.898,1.589,0.629,0.948
1809,gcb8303.tif,0.465,2.641,0.837,0.944,731,229,66.251,0.692,1.375,0.727,0.924
1810,gcb8303.tif,0.216,2.649,0.387,0.759,110,226,59.931,0.565,1.236,0.809,0.733
1811,gcb8303.tif,0.107,1.217,0.912,0.491,92,210,129.289,0.342,1.459,0.685,0.914
1812,gcb8303.tif,0.125,1.433,0.768,0.536,262,210,104.931,0.347,1.652,0.605,0.854
1813,gcb8303.tif,0.771,3.605,0.746,1.252,648,212,129.401,0.915,1.347,0.742,0.881
1814,gcb8303.tif,0.222,1.913,0.763,0.759,167,211,120.069,0.448,1.863,0.537,0.873
1815,gcb8303.tif,0.668,3.182,0.828,1.166,62,214,101.976,0.760,1.520,0.658,0.943
1816,gcb8303.tif,0.529,3.716,0.481,1.403,745,245,37.999,0.739,2.054,0.487,0.788
1817,gcb8303.tif,0.067,0.981,0.873,0.386,130,221,169.695,0.242,1.418,0.705,0.889
1818,gcb8303.tif,0.966,3.875,0.809,1.434,327,260,74.624,0.893,1.587,0.630,0.939
1819,gcb8303.tif,0.297,2.376,0.662,0.940,389,221,162.897,0.510,1.738,0.575,0.860
1820,gcb8303.tif,0.312,2.149,0.848,0.796,919,240,55.620,0.562,1.406,0.711,0.930
1821,gcb8303.tif,0.122,1.326,0.870,0.541,361,222,116.565,0.311,1.669,0.599,0.932
1822,gcb8303.tif,0.176,1.750,0.721,0.733,962,222,98.130,0.311,2.349,0.426,0.930
1823,gcb8303.tif,0.216,2.324,0.503,0.773,184,223,116.565,0.552,1.500,0.667,0.721
1824,gcb8303.tif,0.059,0.952,0.811,0.404,32,224,109.983,0.207,2.077,0.482,0.899
1825,gcb8303.tif,0.159,2.275,0.386,0.929,217,226,135.000,0.350,3.792,0.264,0.647
1826,gcb8303.tif,0.351,2.287,0.843,0.855,864,226,104.036,0.585,1.501,0.666,0.926
1827,gcb8303.tif,0.321,2.141,0.881,0.729,456,231,148.570,0.649,1.039,0.963,0.931
1828,gcb8303.tif,1.249,4.350,0.829,1.569,565,273,82.405,1.047,1.505,0.665,0.951
1829,gcb8303.tif,0.250,2.198,0.649,0.855,610,253,75.964,0.469,1.865,0.536,0.843
1830,gcb8303.tif,0.381,2.678,0.667,1.031,998,259,76.430,0.548,2.001,0.500,0.881
1831,gcb8303.tif,0.187,2.169,0.501,0.835,159,231,114.444,0.386,2.184,0.458,0.783
1832,gcb8303.tif,0.085,1.107,0.869,0.437,86,244,71.565,0.293,1.410,0.709,0.887
1833,gcb8303.tif,0.072,1.050,0.817,0.437,132,237,18.435,0.242,1.794,0.557,0.882
1834,gcb8303.tif,0.547,3.113,0.709,1.194,519,232,112.109,0.726,1.564,0.640,0.892
1835,gcb8303.tif,0.537,2.840,0.837,1.065,797,263,76.866,0.657,1.634,0.612,0.946
1836,gcb8303.tif,1.795,5.582,0.724,1.970,638,239,111.615,1.232,1.612,0.620,0.913
1837,gcb8303.tif,0.842,3.732,0.760,1.284,194,275,66.194,1.013,1.109,0.902,0.896
1838,gcb8303.tif,0.404,2.356,0.914,0.821,246,264,75.379,0.657,1.213,0.825,0.942
1839,gcb8303.tif,0.359,2.328,0.834,0.912,385,259,37.304,0.610,1.498,0.667,0.930
1840,gcb8303.tif,0.690,3.182,0.857,1.188,833,241,98.366,0.760,1.582,0.632,0.951
1841,gcb8303.tif,1.006,3.927,0.819,1.308,113,279,77.800,1.037,1.251,0.799,0.939
1842,gcb8303.tif,0.141,1.530,0.756,0.615,263,243,128.157,0.360,1.762,0.567,0.864
1843,gcb8303.tif,0.745,3.243,0.890,1.141,895,246,125.134,0.898,1.199,0.834,0.956
1844,gcb8303.tif,0.080,1.111,0.815,0.464,138,245,116.565,0.242,1.966,0.509,0.918
1845,gcb8303.tif,0.694,3.158,0.874,1.098,420,245,102.724,0.880,1.233,0.811,0.945
1846,gcb8303.tif,0.822,4.832,0.442,1.793,342,293,64.916,0.730,3.081,0.325,0.732
1847,gcb8303.tif,3.722,12.925,0.280,3.389,475,252,110.283,2.012,2.160,0.463,0.710
1848,gcb8303.tif,0.597,3.113,0.774,1.159,671,281,72.646,0.696,1.611,0.621,0.922
1849,gcb8303.tif,0.069,1.030,0.821,0.422,732,258,34.992,0.263,1.808,0.553,0.872
1850,gcb8303.tif,0.282,2.560,0.540,1.027,154,255,132.274,0.471,2.296,0.436,0.805
1851,gcb8303.tif,0.142,1.628,0.674,0.646,953,261,164.476,0.368,2.026,0.494,0.791
1852,gcb8303.tif,0.099,1.274,0.767,0.540,299,259,140.194,0.269,2.151,0.465,0.888
1853,gcb8303.tif,0.076,1.087,0.813,0.465,758,258,138.013,0.244,1.986,0.503,0.871
1854,gcb8303.tif,2.895,7.699,0.614,2.365,709,329,78.198,1.934,1.242,0.805,0.871
1855,gcb8303.tif,1.914,8.940,0.301,2.316,588,271,142.275,1.608,1.598,0.626,0.750
1856,gcb8303.tif,0.361,2.299,0.857,0.920,394,269,145.713,0.610,1.493,0.670,0.944
1857,gcb8303.tif,0.270,1.974,0.871,0.744,750,267,111.801,0.506,1.518,0.659,0.926
1858,gcb8303.tif,0.222,2.275,0.539,0.982,501,289,39.289,0.406,2.878,0.347,0.769
1859,gcb8303.tif,0.164,1.551,0.855,0.572,811,269,115.017,0.415,1.459,0.686,0.910
1860,gcb8303.tif,0.053,0.892,0.831,0.374,870,276,146.310,0.220,1.893,0.528,0.854
1861,gcb8303.tif,0.057,0.952,0.794,0.394,1012,282,37.875,0.229,1.759,0.569,0.865
1862,gcb8303.tif,0.589,2.943,0.854,1.103,361,303,57.804,0.709,1.561,0.641,0.939
1863,gcb8303.tif,0.665,3.044,0.902,1.005,213,283,139.185,0.898,1.074,0.931,0.953
1864,gcb8303.tif,0.096,1.315,0.695,0.546,795,279,124.695,0.262,2.276,0.439,0.838
1865,gcb8303.tif,0.903,4.033,0.697,1.545,958,322,79.695,0.888,1.738,0.575,0.917
1866,gcb8303.tif,0.144,1.640,0.675,0.665,20,299,81.027,0.310,2.217,0.451,0.864
1867,gcb8303.tif,0.067,0.952,0.927,0.386,197,290,63.435,0.242,1.606,0.622,0.918
1868,gcb8303.tif,1.974,6.336,0.618,2.399,274,348,78.366,1.382,1.475,0.678,0.863
1869,gcb8303.tif,0.239,2.307,0.564,0.958,254,307,64.359,0.408,2.496,0.401,0.806
1870,gcb8303.tif,0.490,2.707,0.840,0.976,516,284,112.932,0.683,1.441,0.694,0.921
1871,gcb8303.tif,0.402,2.376,0.895,0.875,51,284,99.090,0.587,1.417,0.706,0.947
1872,gcb8303.tif,0.302,1.994,0.955,0.700,896,287,147.095,0.587,1.117,0.896,0.949
1873,gcb8303.tif,0.897,4.638,0.524,1.711,981,323,43.363,0.961,1.836,0.545,0.770
1874,gcb8303.tif,0.583,3.443,0.618,1.188,675,322,81.634,0.772,1.542,0.648,0.829
1875,gcb8303.tif,0.732,3.833,0.626,1.328,96,316,38.660,0.809,1.690,0.592,0.854
1876,gcb8303.tif,0.066,0.952,0.910,0.361,142,290,106.699,0.242,1.396,0.716,0.909
1877,gcb8303.tif,0.705,3.565,0.697,1.363,383,315,30.466,0.838,1.634,0.612,0.901
1878,gcb8303.tif,0.063,1.176,0.575,0.481,74,294,111.038,0.242,1.983,0.504,0.791
1879,gcb8303.tif,0.084,1.070,0.917,0.403,427,297,149.036,0.311,1.303,0.768,0.909
1880,gcb8303.tif,0.474,2.727,0.801,1.031,854,300,129.560,0.658,1.558,0.642,0.908
1881,gcb8303.tif,0.161,1.502,0.898,0.541,174,313,63.435,0.415,1.272,0.786,0.912
1882,gcb8303.tif,0.556,2.946,0.806,1.126,206,305,107.879,0.674,1.688,0.592,0.926
1883,gcb8303.tif,0.348,2.425,0.742,0.944,320,307,113.749,0.553,1.721,0.581,0.908
1884,gcb8303.tif,1.388,6.450,0.419,1.908,760,312,144.583,1.104,1.903,0.525,0.779
1885,gcb8303.tif,0.248,2.302,0.589,1.005,933,307,93.945,0.311,3.113,0.321,0.929
1886,gcb8303.tif,0.068,0.961,0.927,0.356,466,318,60.945,0.273,1.250,0.800,0.898
1887,gcb8303.tif,2.753,6.706,0.769,2.151,816,326,156.318,1.788,1.173,0.853,0.943
1888,gcb8303.tif,0.413,3.280,0.483,1.213,231,310,109.983,0.583,2.086,0.479,0.819
1889,gcb8303.tif,0.359,2.258,0.886,0.835,440,333,65.556,0.587,1.415,0.707,0.939
1890,gcb8303.tif,0.062,0.952,0.861,0.394,1012,325,74.745,0.207,1.820,0.550,0.904
1891,gcb8303.tif,0.613,2.995,0.858,0.984,899,344,71.565,0.829,1.153,0.867,0.937
1892,gcb8303.tif,1.094,4.989,0.552,1.687,116,322,124.992,1.082,1.489,0.672,0.806
1893,gcb8303.tif,0.645,3.081,0.854,1.134,599,326,142.431,0.782,1.495,0.669,0.942
1894,gcb8303.tif,0.454,2.658,0.807,1.031,287,349,39.560,0.603,1.756,0.570,0.920
1895,gcb8303.tif,0.234,1.807,0.901,0.665,13,330,117.897,0.484,1.247,0.802,0.945
1896,gcb8303.tif,0.196,1.953,0.645,0.671,640,331,101.889,0.415,1.657,0.604,0.852
1897,gcb8303.tif,0.111,1.461,0.654,0.575,61,348,57.265,0.302,1.913,0.523,0.830
1898,gcb8303.tif,0.700,3.239,0.838,1.130,364,339,113.429,0.881,1.303,0.768,0.929
1899,gcb8303.tif,0.079,1.274,0.610,0.510,446,338,118.301,0.269,2.098,0.477,0.786
1900,gcb8303.tif,0.751,3.309,0.862,1.169,720,368,55.840,0.897,1.286,0.778,0.949
1901,gcb8303.tif,1.003,5.486,0.419,1.595,148,370,29.899,1.100,1.527,0.655,0.727
1902,gcb8303.tif,0.068,0.981,0.889,0.386,1005,351,79.695,0.242,1.501,0.666,0.884
1903,gcb8303.tif,0.073,1.315,0.530,0.514,688,346,19.654,0.207,2.554,0.392,0.787
1904,gcb8303.tif,0.223,1.717,0.951,0.595,78,343,125.538,0.518,1.126,0.888,0.933
1905,gcb8303.tif,1.226,8.290,0.224,2.469,199,344,136.701,1.295,2.113,0.473,0.574
1906,gcb8303.tif,0.879,3.553,0.875,1.237,590,345,125.910,0.977,1.265,0.791,0.948
1907,gcb8303.tif,0.079,1.079,0.851,0.443,304,358,38.660,0.269,1.736,0.576,0.886
1908,gcb8303.tif,0.503,2.714,0.858,0.958,662,354,154.359,0.657,1.419,0.705,0.945
1909,gcb8303.tif,0.319,2.137,0.877,0.755,550,350,105.945,0.622,1.210,0.826,0.924
1910,gcb8303.tif,0.599,3.182,0.744,1.239,759,384,67.011,0.680,1.956,0.511,0.939
1911,gcb8303.tif,0.437,2.641,0.787,1.005,930,352,93.945,0.606,1.663,0.601,0.921
1912,gcb8303.tif,1.022,4.077,0.773,1.490,435,356,93.991,0.968,1.449,0.690,0.942
1913,gcb8303.tif,0.608,2.926,0.892,1.009,319,382,51.953,0.829,1.180,0.848,0.948
1914,gcb8303.tif,0.945,3.662,0.885,1.268,898,359,107.447,0.996,1.265,0.790,0.952
1915,gcb8303.tif,0.965,3.968,0.770,1.455,791,360,94.086,0.879,1.670,0.599,0.923
1916,gcb8303.tif,0.061,0.932,0.881,0.372,34,364,111.801,0.239,1.603,0.624,0.879
1917,gcb8303.tif,0.168,1.522,0.913,0.557,116,379,60.255,0.415,1.296,0.772,0.919
1918,gcb8303.tif,0.571,3.366,0.633,1.271,189,369,157.620,0.713,1.723,0.580,0.820
1919,gcb8303.tif,0.111,1.217,0.943,0.449,47,379,67.380,0.346,1.253,0.798,0.921
1920,gcb8303.tif,0.946,3.732,0.854,1.398,819,408,81.469,0.875,1.603,0.624,0.957
1921,gcb8303.tif,0.060,1.099,0.621,0.481,1003,382,68.962,0.220,2.265,0.442,0.794
1922,gcb8303.tif,0.053,0.912,0.794,0.372,743,380,68.199,0.210,1.966,0.509,0.830
1923,gcb8303.tif,0.250,2.901,0.373,1.241,642,371,102.875,0.352,4.217,0.237,0.740
1924,gcb8303.tif,1.200,5.872,0.437,2.257,878,372,117.350,0.839,3.373,0.297,0.733
1925,gcb8303.tif,0.758,4.016,0.591,1.438,604,408,54.782,0.872,1.405,0.712,0.842
1926,gcb8303.tif,0.438,2.580,0.827,0.953,663,395,43.531,0.660,1.399,0.715,0.930
1927,gcb8303.tif,0.240,2.181,0.634,0.898,850,398,67.380,0.417,2.482,0.403,0.857
1928,gcb8303.tif,0.180,1.640,0.843,0.612,88,379,106.390,0.415,1.547,0.647,0.907
1929,gcb8303.tif,0.166,1.680,0.739,0.671,951,398,78.111,0.346,2.010,0.498,0.903
1930,gcb8303.tif,0.107,1.205,0.930,0.449,917,397,22.620,0.367,1.124,0.889,0.891
1931,gcb8303.tif,0.363,2.397,0.794,0.922,113,389,102.995,0.553,1.792,0.558,0.925
1932,gcb8303.tif,0.461,2.747,0.768,1.053,684,420,66.801,0.663,1.660,0.602,0.892
1933,gcb8303.tif,0.110,1.323,0.789,0.575,54,393,122.735,0.281,2.252,0.444,0.880
1934,gcb8303.tif,0.099,1.315,0.721,0.546,214,396,145.305,0.318,1.907,0.524,0.843
1935,gcb8303.tif,0.541,3.602,0.524,1.467,185,396,124.439,0.594,2.834,0.353,0.818
1936,gcb8303.tif,0.410,2.808,0.653,1.076,503,397,132.397,0.583,2.029,0.493,0.823
1937,gcb8303.tif,0.626,3.809,0.542,1.476,41,398,110.556,0.652,2.282,0.438,0.862
1938,gcb8303.tif,0.129,1.502,0.719,0.612,75,399,106.390,0.346,1.761,0.568,0.861
1939,gcb8303.tif,0.050,0.952,0.695,0.418,471,408,24.444,0.197,2.460,0.407,0.857
1940,gcb8303.tif,0.060,0.924,0.880,0.356,925,411,60.945,0.242,1.428,0.700,0.901
1941,gcb8303.tif,0.639,3.142,0.813,1.235,863,404,107.928,0.698,1.794,0.557,0.945
1942,gcb8303.tif,0.195,1.913,0.668,0.783,364,405,138.576,0.411,2.197,0.455,0.827
1943,gcb8303.tif,0.385,2.368,0.862,0.842,657,429,70.821,0.622,1.358,0.736,0.933
1944,gcb8303.tif,0.148,1.815,0.565,0.758,430,418,24.228,0.306,2.704,0.370,0.821
1945,gcb8303.tif,1.228,4.753,0.683,1.792,543,411,129.523,1.037,1.926,0.519,0.871
1946,gcb8303.tif,0.190,1.933,0.638,0.761,579,416,129.472,0.475,1.575,0.635,0.848
1947,gcb8303.tif,0.954,4.249,0.664,1.308,605,421,167.800,1.031,1.313,0.761,0.879
1948,gcb8303.tif,1.278,5.184,0.597,1.809,153,418,118.523,1.174,1.741,0.574,0.830
1949,gcb8303.tif,0.241,1.994,0.762,0.709,84,425,133.025,0.518,1.200,0.833,0.894
1950,gcb8303.tif,0.134,1.611,0.647,0.679,844,424,104.744,0.288,2.627,0.381,0.875
1951,gcb8303.tif,1.140,6.405,0.349,2.029,907,466,42.930,1.135,1.706,0.586,0.706
1952,gcb8303.tif,1.072,5.397,0.463,1.700,436,429,142.431,1.177,1.483,0.674,0.728
1953,gcb8303.tif,0.105,1.441,0.636,0.623,289,442,56.310,0.259,2.760,0.362,0.846
1954,gcb8303.tif,0.051,0.843,0.909,0.319,515,432,167.471,0.242,1.313,0.762,0.860
1955,gcb8303.tif,0.121,1.306,0.888,0.510,710,442,61.699,0.346,1.468,0.681,0.918
1956,gcb8303.tif,0.059,0.912,0.885,0.356,245,440,60.945,0.269,1.273,0.786,0.875
1957,gcb8303.tif,0.610,4.525,0.374,1.727,338,434,160.115,0.759,2.377,0.421,0.694
1958,gcb8303.tif,2.188,7.928,0.437,2.325,770,494,48.013,1.440,1.723,0.580,0.811
1959,gcb8303.tif,0.625,3.570,0.616,1.304,661,458,32.005,0.793,1.633,0.613,0.831
1960,gcb8303.tif,0.113,1.208,0.976,0.443,885,438,128.660,0.346,1.121,0.892,0.950
1961,gcb8303.tif,0.705,3.150,0.892,1.111,266,439,95.356,0.864,1.255,0.797,0.950
1962,gcb8303.tif,0.096,1.208,0.822,0.495,422,440,102.095,0.242,1.976,0.506,0.925
1963,gcb8303.tif,2.080,9.263,0.305,2.133,701,489,49.600,1.728,1.284,0.779,0.735
1964,gcb8303.tif,0.154,1.591,0.765,0.660,953,462,83.991,0.311,2.162,0.463,0.899
1965,gcb8303.tif,1.043,3.821,0.897,1.363,205,468,30.466,1.100,1.184,0.845,0.957
1966,gcb8303.tif,1.031,3.801,0.897,1.239,313,484,67.011,1.134,1.039,0.963,0.953
1967,gcb8303.tif,0.685,3.789,0.600,1.306,482,483,52.524,0.919,1.347,0.743,0.795
1968,gcb8303.tif,0.782,3.406,0.847,1.256,641,451,97.907,0.860,1.484,0.674,0.944
1969,gcb8303.tif,1.043,6.504,0.310,2.213,857,452,128.660,1.023,2.548,0.392,0.633
1970,gcb8303.tif,0.122,1.315,0.886,0.491,105,454,129.289,0.371,1.389,0.720,0.895
1971,gcb8303.tif,0.107,1.294,0.806,0.437,34,469,71.565,0.380,1.107,0.903,0.887
1972,gcb8303.tif,0.123,1.596,0.607,0.637,75,474,40.601,0.296,2.415,0.414,0.805
1973,gcb8303.tif,0.818,3.752,0.730,1.350,544,470,13.325,0.865,1.647,0.607,0.915
1974,gcb8303.tif,0.140,1.355,0.956,0.470,399,472,36.027,0.415,1.069,0.936,0.936
1975,gcb8303.tif,0.069,1.119,0.695,0.465,58,462,131.987,0.278,1.551,0.645,0.817
1976,gcb8303.tif,0.787,4.997,0.396,1.355,141,462,127.747,1.087,1.319,0.758,0.711
1977,gcb8303.tif,0.284,2.353,0.645,0.940,891,462,107.103,0.464,2.059,0.486,0.864
1978,gcb8303.tif,1.370,6.585,0.397,2.238,452,463,98.881,1.073,1.876,0.533,0.787
1979,gcb8303.tif,1.587,4.805,0.864,1.762,600,514,78.690,1.140,1.511,0.662,0.968
1980,gcb8303.tif,0.422,2.580,0.796,0.968,797,485,34.824,0.634,1.540,0.649,0.930
1981,gcb8303.tif,0.554,3.841,0.472,1.484,233,505,65.225,0.678,2.612,0.383,0.751
1982,gcb8303.tif,0.205,1.717,0.875,0.649,361,486,64.799,0.449,1.299,0.770,0.920
1983,gcb8303.tif,0.523,2.730,0.882,0.968,928,474,124.824,0.760,1.270,0.788,0.946
1984,gcb8303.tif,0.209,2.336,0.481,0.885,409,497,51.340,0.448,2.416,0.414,0.690
1985,gcb8303.tif,0.301,2.189,0.789,0.870,51,478,96.843,0.484,1.809,0.553,0.918
1986,gcb8303.tif,0.171,1.591,0.848,0.605,94,493,59.036,0.415,1.498,0.668,0.926
1987,gcb8303.tif,0.135,1.640,0.631,0.679,626,480,104.744,0.291,2.778,0.360,0.843
1988,gcb8303.tif,0.136,1.433,0.834,0.567,288,481,127.569,0.362,1.592,0.628,0.898
1989,gcb8303.tif,0.899,3.769,0.796,1.261,499,481,99.462,0.946,1.382,0.724,0.934
1990,gcb8303.tif,1.029,3.850,0.873,1.439,199,482,114.102,1.037,1.394,0.717,0.959
1991,gcb8303.tif,0.187,2.376,0.417,0.990,845,483,102.095,0.346,3.999,0.250,0.724
1992,gcb8303.tif,1.498,5.196,0.697,1.938,13,485,111.991,1.035,1.888,0.530,0.928
1993,gcb8303.tif,0.190,2.270,0.463,0.968,73,486,92.045,0.276,3.318,0.301,0.846
1994,gcb8303.tif,0.398,2.425,0.850,0.944,103,513,66.251,0.587,1.632,0.613,0.945
1995,gcb8303.tif,0.100,1.225,0.840,0.498,574,501,56.310,0.302,1.798,0.556,0.884
1996,gcb8303.tif,0.081,1.160,0.759,0.470,788,488,107.103,0.242,2.165,0.462,0.872
1997,gcb8303.tif,0.172,1.620,0.824,0.631,980,490,99.462,0.380,1.681,0.595,0.911
1998,gcb8303.tif,0.472,2.869,0.720,1.065,328,498,103.134,0.617,1.860,0.538,0.907
1999,gcb8303.tif,0.727,3.398,0.792,1.308,270,505,102.200,0.747,1.811,0.552,0.929
2000,gcb8303.tif,0.269,1.974,0.867,0.671,128,507,124.509,0.573,1.165,0.858,0.916
2001,gcb8303.tif,0.433,2.889,0.653,1.065,176,506,103.134,0.507,2.197,0.455,0.902
2002,gcb8303.tif,0.701,5.164,0.330,1.627,297,552,77.735,0.844,2.137,0.468,0.698
2003,gcb8303.tif,1.167,4.060,0.889,1.438,749,507,125.218,1.140,1.181,0.846,0.965
2004,gcb8303.tif,0.152,1.473,0.878,0.579,150,507,107.354,0.346,1.628,0.614,0.927
2005,gcb8303.tif,1.592,5.147,0.755,1.946,421,563,83.884,1.065,1.914,0.523,0.935
2006,gcb8303.tif,1.234,4.261,0.854,1.359,574,546,82.694,1.230,1.100,0.909,0.942
2007,gcb8303.tif,0.966,4.342,0.644,1.553,860,518,159.146,0.909,1.846,0.542,0.867
2008,gcb8303.tif,0.370,2.980,0.524,1.246,475,513,123.690,0.487,2.851,0.351,0.844
2009,gcb8303.tif,0.226,1.913,0.775,0.739,621,517,169.216,0.484,1.500,0.667,0.875
2010,gcb8303.tif,0.663,3.378,0.730,1.233,918,522,168.690,0.760,1.509,0.663,0.922
2011,gcb8303.tif,0.228,1.827,0.859,0.679,378,514,104.744,0.449,1.513,0.661,0.929
2012,gcb8303.tif,0.393,2.601,0.730,0.943,684,541,81.573,0.622,1.539,0.650,0.896
2013,gcb8303.tif,0.092,1.176,0.835,0.427,909,514,104.036,0.325,1.300,0.769,0.865
2014,gcb8303.tif,0.088,1.274,0.684,0.563,191,516,137.490,0.240,2.624,0.381,0.841
2015,gcb8303.tif,0.094,1.217,0.801,0.491,238,520,129.289,0.310,1.598,0.626,0.863
2016,gcb8303.tif,0.116,1.323,0.832,0.461,791,523,102.995,0.402,1.067,0.937,0.851
2017,gcb8303.tif,0.204,1.709,0.879,0.623,116,525,109.440,0.449,1.341,0.746,0.924
2018,gcb8303.tif,0.296,2.112,0.834,0.821,531,535,157.751,0.518,1.554,0.644,0.934
2019,gcb8303.tif,0.647,3.036,0.883,1.130,616,531,113.429,0.759,1.506,0.664,0.955
2020,gcb8303.tif,0.897,3.654,0.844,1.363,916,535,120.466,0.968,1.414,0.707,0.954
2021,gcb8303.tif,0.389,2.511,0.776,0.930,224,561,68.199,0.656,1.493,0.670,0.879
2022,gcb8303.tif,1.351,4.704,0.767,1.661,459,590,77.989,1.105,1.603,0.624,0.938
2023,gcb8303.tif,0.574,2.885,0.867,1.051,660,574,80.538,0.760,1.311,0.763,0.934
2024,gcb8303.tif,0.277,1.994,0.876,0.732,953,564,70.710,0.518,1.436,0.697,0.934
2025,gcb8303.tif,0.765,3.435,0.815,1.271,346,549,112.380,0.836,1.588,0.630,0.931
2026,gcb8303.tif,0.315,2.169,0.842,0.809,587,556,160.017,0.570,1.422,0.703,0.930
2027,gcb8303.tif,0.487,2.918,0.719,0.983,745,550,169.875,0.744,1.228,0.814,0.893
2028,gcb8303.tif,0.171,2.783,0.277,1.188,816,583,81.634,0.207,6.952,0.144,0.737
2029,gcb8303.tif,0.123,1.421,0.766,0.495,70,553,155.225,0.386,1.272,0.786,0.834
2030,gcb8303.tif,0.103,1.505,0.570,0.631,863,550,99.462,0.229,3.346,0.299,0.835
2031,gcb8303.tif,1.222,4.123,0.903,1.434,706,591,74.624,1.165,1.248,0.801,0.962
2032,gcb8303.tif,0.055,0.952,0.761,0.433,514,552,151.390,0.186,2.567,0.390,0.885
2033,gcb8303.tif,0.054,1.168,0.495,0.514,785,568,70.346,0.175,3.479,0.287,0.776
2034,gcb8303.tif,0.752,3.630,0.717,1.398,249,595,81.469,0.797,1.795,0.557,0.914
2035,gcb8303.tif,0.371,2.291,0.890,0.904,141,575,43.452,0.618,1.394,0.717,0.958
2036,gcb8303.tif,0.554,2.828,0.871,1.040,27,586,74.578,0.726,1.406,0.711,0.946
2037,gcb8303.tif,0.303,2.201,0.787,0.810,543,577,39.806,0.570,1.379,0.725,0.909
2038,gcb8303.tif,0.943,3.740,0.848,1.271,170,562,112.380,1.082,1.146,0.872,0.940
2039,gcb8303.tif,0.936,3.875,0.784,1.398,885,601,81.469,0.980,1.451,0.689,0.925
2040,gcb8303.tif,0.202,3.024,0.277,1.222,776,562,98.130,0.346,5.050,0.198,0.656
2041,gcb8303.tif,0.857,3.585,0.838,1.209,578,568,149.036,0.968,1.241,0.806,0.946
2042,gcb8303.tif,0.184,2.483,0.375,1.023,499,572,168.311,0.355,3.798,0.263,0.671
2043,gcb8303.tif,2.311,6.809,0.626,2.263,316,571,97.017,1.519,1.578,0.634,0.882
2044,gcb8303.tif,0.139,1.412,0.873,0.529,673,586,78.690,0.380,1.371,0.729,0.889
2045,gcb8303.tif,0.100,1.396,0.647,0.612,796,589,73.610,0.239,2.814,0.355,0.894
2046,gcb8303.tif,0.050,0.785,1.000,0.309,431,574,153.435,0.207,1.357,0.737,0.933
2047,gcb8303.tif,0.211,2.226,0.536,0.898,953,597,67.380,0.445,2.223,0.450,0.796
2048,gcb8303.tif,0.085,1.119,0.851,0.449,488,588,67.380,0.276,1.528,0.655,0.893
2049,gcb8303.tif,0.290,2.483,0.592,0.897,854,576,105.642,0.579,1.582,0.632,0.795
2050,gcb8303.tif,0.780,3.361,0.868,1.182,982,609,74.745,0.864,1.280,0.781,0.955
2051,gcb8303.tif,0.279,2.083,0.809,0.807,60,577,99.866,0.449,1.824,0.548,0.930
2052,gcb8303.tif,0.067,1.119,0.671,0.495,623,579,155.225,0.194,2.910,0.344,0.855
2053,gcb8303.tif,0.081,1.148,0.775,0.480,1007,579,120.256,0.244,2.177,0.459,0.872
2054,gcb8303.tif,0.152,1.444,0.913,0.546,144,597,71.565,0.346,1.451,0.689,0.944
2055,gcb8303.tif,0.727,3.228,0.877,1.159,732,615,79.695,0.880,1.277,0.783,0.951
2056,gcb8303.tif,0.941,4.765,0.521,1.844,916,583,102.995,0.759,2.777,0.360,0.842
2057,gcb8303.tif,0.122,1.583,0.611,0.667,104,602,68.749,0.276,2.560,0.391,0.868
2058,gcb8303.tif,0.107,1.286,0.817,0.470,272,587,126.027,0.380,1.214,0.823,0.861
2059,gcb8303.tif,0.637,5.203,0.296,1.873,402,591,150.124,0.912,2.680,0.373,0.549
2060,gcb8303.tif,0.911,3.829,0.781,1.316,491,596,156.801,0.977,1.278,0.782,0.911
2061,gcb8303.tif,0.660,3.841,0.562,1.316,633,629,76.329,0.841,1.718,0.582,0.855
2062,gcb8303.tif,0.066,1.116,0.663,0.386,825,595,100.305,0.306,1.364,0.733,0.780
2063,gcb8303.tif,0.356,3.834,0.304,1.589,460,596,135.881,0.454,4.300,0.233,0.665
2064,gcb8303.tif,1.103,4.025,0.856,1.364,160,597,98.746,1.102,1.242,0.805,0.955
2065,gcb8303.tif,0.270,2.649,0.483,0.944,361,602,156.251,0.477,2.479,0.403,0.737
2066,gcb8303.tif,1.653,5.628,0.656,2.037,585,658,75.256,1.118,1.872,0.534,0.920
2067,gcb8303.tif,0.502,3.002,0.699,1.207,611,636,76.759,0.518,2.502,0.400,0.927
2068,gcb8303.tif,0.204,2.333,0.472,1.005,777,605,139.185,0.363,3.909,0.256,0.731
2069,gcb8303.tif,0.511,2.670,0.901,0.913,838,606,150.524,0.773,1.142,0.875,0.947
2070,gcb8303.tif,0.094,1.461,0.555,0.605,237,622,59.036,0.286,2.833,0.353,0.709
2071,gcb8303.tif,0.475,2.612,0.875,0.961,253,630,52.306,0.711,1.299,0.770,0.945
2072,gcb8303.tif,2.691,7.679,0.573,2.975,823,607,92.663,1.339,2.142,0.467,0.908
2073,gcb8303.tif,0.534,3.634,0.508,1.432,38,609,98.326,0.619,2.211,0.452,0.829
2074,gcb8303.tif,0.176,1.677,0.784,0.691,703,609,126.870,0.355,2.034,0.492,0.905
2075,gcb8303.tif,0.278,2.071,0.815,0.850,421,612,116.565,0.495,1.794,0.557,0.932
2076,gcb8303.tif,0.149,1.559,0.772,0.563,880,617,10.620,0.380,1.527,0.655,0.859
2077,gcb8303.tif,0.386,2.376,0.858,0.867,537,633,23.499,0.637,1.358,0.736,0.943
2078,gcb8303.tif,0.063,0.932,0.916,0.367,981,622,41.186,0.263,1.400,0.714,0.898
2079,gcb8303.tif,0.356,2.730,0.600,1.159,347,647,63.435,0.426,2.867,0.349,0.891
2080,gcb8303.tif,0.050,0.989,0.644,0.386,726,620,169.695,0.207,2.012,0.497,0.808
2081,gcb8303.tif,1.305,4.541,0.796,1.702,673,618,95.826,0.991,1.758,0.569,0.948
2082,gcb8303.tif,1.249,7.146,0.307,2.354,381,687,86.634,1.142,2.660,0.376,0.643
2083,gcb8303.tif,0.553,2.934,0.807,1.098,404,619,114.146,0.696,1.586,0.631,0.936
2084,gcb8303.tif,0.180,1.620,0.864,0.597,83,620,100.008,0.415,1.426,0.701,0.915
2085,gcb8303.tif,0.485,4.028,0.375,1.352,887,653,57.529,0.882,1.812,0.552,0.649
2086,gcb8303.tif,0.297,2.161,0.800,0.836,288,621,119.745,0.515,1.674,0.597,0.929
2087,gcb8303.tif,0.293,2.425,0.625,0.915,447,631,169.114,0.509,1.884,0.531,0.832
2088,gcb8303.tif,0.251,1.913,0.861,0.646,268,629,105.524,0.553,1.094,0.914,0.921
2089,gcb8303.tif,0.301,2.088,0.867,0.777,736,634,159.146,0.538,1.406,0.711,0.921
2090,gcb8303.tif,0.490,2.653,0.874,0.927,856,655,63.435,0.726,1.254,0.798,0.938
2091,gcb8303.tif,0.396,2.499,0.798,0.855,502,656,75.964,0.733,1.171,0.854,0.885
2092,gcb8303.tif,0.242,2.083,0.702,0.813,649,634,102.265,0.397,2.185,0.458,0.890
2093,gcb8303.tif,0.070,1.225,0.590,0.498,478,635,146.310,0.276,1.722,0.581,0.792
2094,gcb8303.tif,0.107,1.197,0.943,0.437,997,639,108.435,0.344,1.289,0.776,0.909
2095,gcb8303.tif,0.099,1.197,0.870,0.480,631,652,59.744,0.309,1.641,0.609,0.907
2096,gcb8303.tif,1.231,6.042,0.424,1.802,914,686,57.529,1.128,1.425,0.702,0.810
2097,gcb8303.tif,0.941,3.703,0.862,1.284,544,643,113.806,0.962,1.362,0.734,0.953
2098,gcb8303.tif,0.227,1.844,0.839,0.712,53,663,60.945,0.464,1.517,0.659,0.905
2099,gcb8303.tif,0.055,0.863,0.927,0.346,226,645,126.870,0.244,1.508,0.663,0.885
2100,gcb8303.tif,0.423,2.543,0.821,0.885,296,649,141.340,0.733,1.130,0.885,0.919
2101,gcb8303.tif,0.146,1.738,0.606,0.705,980,647,101.310,0.325,2.363,0.423,0.830
2102,gcb8303.tif,0.540,3.024,0.742,1.149,724,648,105.709,0.657,1.815,0.551,0.924
2103,gcb8303.tif,1.456,4.822,0.787,1.784,775,648,98.915,1.064,1.706,0.586,0.943
2104,gcb8303.tif,0.395,3.260,0.467,1.274,452,685,77.471,0.583,2.487,0.402,0.763
2105,gcb8303.tif,0.164,1.701,0.711,0.689,1005,671,72.474,0.330,2.235,0.447,0.898
2106,gcb8303.tif,0.068,1.197,0.597,0.495,89,669,77.905,0.256,2.237,0.447,0.745
2107,gcb8303.tif,0.288,2.129,0.798,0.796,327,672,34.380,0.527,1.471,0.680,0.908
2108,gcb8303.tif,1.414,4.677,0.812,1.685,602,704,74.539,1.142,1.487,0.672,0.931
2109,gcb8303.tif,0.363,2.267,0.888,0.842,392,661,109.179,0.617,1.360,0.735,0.937
2110,gcb8303.tif,0.561,2.808,0.895,1.055,277,663,121.608,0.758,1.397,0.716,0.949
2111,gcb8303.tif,0.447,2.645,0.803,1.021,854,690,66.038,0.603,1.656,0.604,0.944
2112,gcb8303.tif,0.250,1.876,0.891,0.712,60,683,60.945,0.518,1.367,0.731,0.935
2113,gcb8303.tif,0.937,4.129,0.691,1.630,880,665,111.125,0.812,2.209,0.453,0.923
2114,gcb8303.tif,1.415,7.667,0.303,2.264,220,681,164.055,1.242,2.070,0.483,0.635
2115,gcb8303.tif,0.064,0.981,0.842,0.394,261,676,52.125,0.240,1.676,0.597,0.864
2116,gcb8303.tif,0.367,2.572,0.696,1.023,969,698,78.311,0.510,2.145,0.466,0.895
2117,gcb8303.tif,0.502,2.848,0.777,1.058,475,672,128.367,0.729,1.408,0.710,0.905
2118,gcb8303.tif,0.939,3.703,0.860,1.324,512,707,74.876,0.933,1.419,0.705,0.953
2119,gcb8303.tif,0.293,2.759,0.483,1.085,97,700,67.521,0.492,2.374,0.421,0.773
2120,gcb8303.tif,0.764,3.524,0.773,1.369,333,704,42.955,0.770,1.676,0.597,0.936
2121,gcb8303.tif,0.073,1.424,0.451,0.592,84,694,83.290,0.207,3.137,0.319,0.748
2122,gcb8303.tif,0.187,1.611,0.907,0.618,310,678,116.565,0.415,1.469,0.681,0.946
2123,gcb8303.tif,0.233,2.023,0.715,0.790,572,683,113.199,0.454,1.899,0.527,0.857
2124,gcb8303.tif,0.585,3.125,0.753,1.200,990,684,101.634,0.670,1.841,0.543,0.909
2125,gcb8303.tif,0.110,1.266,0.862,0.546,160,692,108.435,0.276,1.904,0.525,0.925
2126,gcb8303.tif,0.508,2.776,0.828,0.997,205,720,75.964,0.738,1.376,0.727,0.915
2127,gcb8303.tif,0.104,1.245,0.842,0.491,52,693,129.289,0.316,1.556,0.642,0.874
2128,gcb8303.tif,0.111,1.217,0.943,0.451,550,702,32.471,0.367,1.268,0.789,0.921
2129,gcb8303.tif,0.225,2.011,0.698,0.824,458,695,123.024,0.413,2.178,0.459,0.868
2130,gcb8303.tif,0.122,1.343,0.848,0.527,852,695,121.608,0.367,1.435,0.697,0.895
2131,gcb8303.tif,0.468,2.552,0.903,0.922,951,721,77.005,0.691,1.295,0.772,0.947
2132,gcb8303.tif,0.195,1.660,0.887,0.605,701,697,120.964,0.449,1.331,0.751,0.924
2133,gcb8303.tif,0.385,3.487,0.397,1.509,777,712,20.095,0.481,3.832,0.261,0.729
2134,gcb8303.tif,0.295,2.051,0.881,0.732,139,721,70.710,0.587,1.271,0.787,0.918
2135,gcb8303.tif,0.113,1.567,0.580,0.691,584,701,126.870,0.269,2.936,0.341,0.815
2136,gcb8303.tif,0.136,1.335,0.960,0.495,112,703,114.775,0.380,1.237,0.808,0.927
2137,gcb8303.tif,0.088,1.099,0.920,0.403,238,704,120.964,0.311,1.254,0.797,0.897
2138,gcb8303.tif,0.113,1.384,0.745,0.575,184,708,122.735,0.313,2.059,0.486,0.876
2139,gcb8306.tif,0.111,1.294,0.833,0.470,512,10,36.027,0.339,1.407,0.711,0.894
2140,gcb8306.tif,0.722,3.479,0.750,1.334,283,42,73.443,0.745,1.759,0.569,0.934
2141,gcb8306.tif,0.165,2.678,0.289,1.091,524,37,79.046,0.329,4.757,0.210,0.603
2142,gcb8306.tif,0.140,1.461,0.822,0.611,668,6,132.709,0.342,1.895,0.528,0.903
2143,gcb8306.tif,0.257,2.247,0.639,0.881,724,27,48.180,0.462,2.218,0.451,0.824
2144,gcb8306.tif,0.410,3.142,0.522,1.175,783,8,114.305,0.580,2.385,0.419,0.761
2145,gcb8306.tif,0.164,1.669,0.738,0.667,109,29,68.749,0.360,2.040,0.490,0.904
2146,gcb8306.tif,0.085,1.197,0.744,0.470,49,12,107.103,0.267,1.891,0.529,0.855
2147,gcb8306.tif,0.288,2.730,0.485,0.951,960,27,19.093,0.584,1.748,0.572,0.705
2148,gcb8306.tif,0.549,2.808,0.876,1.020,545,37,28.301,0.780,1.255,0.797,0.939
2149,gcb8306.tif,0.127,1.481,0.725,0.615,249,32,51.843,0.335,2.108,0.474,0.865
2150,gcb8306.tif,0.396,2.633,0.719,1.065,811,36,35.754,0.568,1.887,0.530,0.915
2151,gcb8306.tif,0.776,4.525,0.476,1.777,301,19,103.496,0.857,2.418,0.414,0.787
2152,gcb8306.tif,0.147,1.958,0.481,0.541,326,32,26.565,0.476,1.253,0.798,0.794
2153,gcb8306.tif,0.056,1.058,0.630,0.356,22,20,119.055,0.302,1.206,0.829,0.790
2154,gcb8306.tif,0.199,1.908,0.688,0.809,177,20,109.983,0.339,2.476,0.404,0.915
2155,gcb8306.tif,0.079,1.119,0.791,0.403,396,30,59.036,0.310,1.219,0.821,0.874
2156,gcb8306.tif,0.246,2.339,0.565,1.006,348,21,105.945,0.344,3.181,0.314,0.886
2157,gcb8306.tif,2.010,8.094,0.386,2.816,638,62,6.340,1.571,2.378,0.421,0.643
2158,gcb8306.tif,0.424,2.425,0.906,0.824,855,42,56.976,0.711,1.113,0.899,0.940
2159,gcb8306.tif,0.097,1.449,0.579,0.529,595,23,101.310,0.276,2.093,0.478,0.775
2160,gcb8306.tif,0.297,2.108,0.841,0.761,740,33,129.472,0.538,1.445,0.692,0.894
2161,gcb8306.tif,0.078,1.128,0.767,0.470,116,33,126.027,0.269,1.913,0.523,0.855
2162,gcb8306.tif,1.843,5.811,0.686,2.023,55,34,97.853,1.479,1.336,0.748,0.919
2163,gcb8306.tif,0.172,1.945,0.571,0.767,462,34,97.765,0.415,2.236,0.447,0.793
2164,gcb8306.tif,0.168,1.640,0.787,0.635,335,52,67.620,0.380,1.668,0.599,0.919
2165,gcb8306.tif,0.441,2.975,0.626,1.150,492,63,57.265,0.642,1.799,0.556,0.870
2166,gcb8306.tif,0.146,1.490,0.825,0.591,222,36,110.556,0.364,1.693,0.591,0.884
2167,gcb8306.tif,0.626,3.487,0.647,1.348,594,72,67.380,0.807,1.647,0.607,0.865
2168,gcb8306.tif,0.084,1.225,0.700,0.427,258,42,165.964,0.330,1.431,0.699,0.773
2169,gcb8306.tif,0.219,1.815,0.833,0.712,138,56,50.906,0.440,1.562,0.640,0.927
2170,gcb8306.tif,0.074,1.160,0.692,0.461,763,41,167.005,0.207,2.386,0.419,0.861
2171,gcb8306.tif,0.191,3.003,0.266,0.956,255,42,102.529,0.410,2.974,0.336,0.629
2172,gcb8306.tif,0.111,1.404,0.708,0.510,865,51,28.301,0.340,1.668,0.600,0.830
2173,gcb8306.tif,2.108,6.858,0.563,2.230,830,107,77.471,1.760,1.453,0.688,0.838
2174,gcb8306.tif,0.060,0.961,0.813,0.361,190,48,163.301,0.242,1.429,0.700,0.862
2175,gcb8306.tif,0.219,2.149,0.595,0.842,910,70,70.821,0.415,2.283,0.438,0.828
2176,gcb8306.tif,0.086,1.979,0.276,0.777,266,70,69.146,0.275,3.342,0.299,0.595
2177,gcb8306.tif,0.349,3.191,0.430,1.114,576,85,82.875,0.508,2.519,0.397,0.798
2178,gcb8306.tif,0.146,1.717,0.621,0.722,24,77,73.301,0.295,2.724,0.367,0.847
2179,gcb8306.tif,1.014,4.126,0.748,1.458,460,94,58.570,0.988,1.519,0.658,0.915
2180,gcb8306.tif,0.107,1.286,0.817,0.470,205,61,126.027,0.341,1.300,0.769,0.887
2181,gcb8306.tif,0.570,3.598,0.553,1.073,501,89,56.821,0.809,1.542,0.649,0.821
2182,gcb8306.tif,0.788,3.898,0.652,1.348,235,63,112.620,0.852,1.469,0.681,0.901
2183,gcb8306.tif,0.081,1.315,0.590,0.558,774,78,68.199,0.201,3.065,0.326,0.840
2184,gcb8306.tif,0.153,1.824,0.578,0.744,624,84,68.199,0.325,2.864,0.349,0.810
2185,gcb8306.tif,0.305,2.210,0.784,0.875,87,90,80.910,0.484,1.769,0.565,0.912
2186,gcb8306.tif,0.256,2.117,0.717,0.722,326,65,106.699,0.527,1.468,0.681,0.851
2187,gcb8306.tif,0.111,1.363,0.751,0.527,802,79,58.392,0.327,1.733,0.577,0.849
2188,gcb8306.tif,0.277,2.100,0.789,0.816,932,68,143.616,0.535,1.571,0.637,0.899
2189,gcb8306.tif,0.375,2.800,0.601,1.021,276,75,156.038,0.561,1.910,0.524,0.828
2190,gcb8306.tif,0.208,2.267,0.508,0.901,668,71,147.529,0.400,3.022,0.331,0.715
2191,gcb8306.tif,1.040,3.829,0.891,1.269,538,105,60.642,1.139,1.083,0.923,0.959
2192,gcb8306.tif,0.210,1.758,0.855,0.691,638,92,53.130,0.436,1.606,0.623,0.924
2193,gcb8306.tif,0.420,2.564,0.804,0.984,785,76,108.435,0.586,1.653,0.605,0.932
2194,gcb8306.tif,0.570,3.374,0.629,1.106,373,94,14.470,0.788,1.518,0.659,0.883
2195,gcb8306.tif,0.355,2.413,0.765,0.944,658,79,113.749,0.587,1.493,0.670,0.915
2196,gcb8306.tif,1.523,5.783,0.572,2.105,587,134,60.489,1.165,1.751,0.571,0.893
2197,gcb8306.tif,0.066,1.315,0.478,0.557,155,86,7.125,0.207,2.784,0.359,0.743
2198,gcb8306.tif,0.147,1.559,0.759,0.563,344,86,100.620,0.415,1.414,0.707,0.840
2199,gcb8306.tif,0.060,0.981,0.780,0.386,416,89,169.695,0.226,1.841,0.543,0.840
2200,gcb8306.tif,0.638,5.014,0.319,1.951,86,139,67.068,0.845,2.651,0.377,0.676
2201,gcb8306.tif,0.737,4.200,0.525,1.323,271,92,146.725,0.886,1.756,0.570,0.797
2202,gcb8306.tif,0.203,1.689,0.894,0.612,28,96,16.390,0.449,1.278,0.783,0.929
2203,gcb8306.tif,0.235,2.186,0.619,0.765,725,91,108.435,0.531,1.476,0.678,0.824
2204,gcb8306.tif,1.361,8.092,0.261,1.997,471,100,149.886,1.441,1.483,0.674,0.670
2205,gcb8306.tif,0.536,3.357,0.598,1.291,748,131,74.476,0.645,2.288,0.437,0.808
2206,gcb8306.tif,0.629,3.024,0.865,1.065,196,101,144.246,0.824,1.303,0.767,0.947
2207,gcb8306.tif,0.061,0.961,0.829,0.372,699,109,68.199,0.242,1.496,0.668,0.872
2208,gcb8306.tif,2.817,11.174,0.284,2.885,122,100,145.739,1.870,1.433,0.698,0.778
2209,gcb8306.tif,0.203,1.945,0.674,0.790,639,102,156.801,0.375,2.324,0.430,0.856
2210,gcb8306.tif,0.418,3.162,0.525,1.188,235,107,98.366,0.580,2.287,0.437,0.823
2211,gcb8306.tif,0.102,1.412,0.639,0.498,839,108,123.690,0.318,1.705,0.586,0.810
2212,gcb8306.tif,0.213,1.766,0.856,0.682,356,122,30.466,0.459,1.536,0.651,0.920
2213,gcb8306.tif,0.320,2.624,0.584,1.051,621,138,62.592,0.508,2.463,0.406,0.822
2214,gcb8306.tif,1.017,4.537,0.621,1.431,780,148,52.853,1.071,1.481,0.675,0.828
2215,gcb8306.tif,0.148,1.990,0.470,0.773,313,117,153.435,0.327,2.859,0.350,0.727
2216,gcb8306.tif,0.391,2.975,0.555,0.968,643,119,124.824,0.657,1.310,0.763,0.816
2217,gcb8306.tif,0.701,5.071,0.343,2.055,961,176,70.346,0.634,4.090,0.245,0.728
2218,gcb8306.tif,0.136,1.473,0.788,0.591,818,121,110.556,0.339,1.872,0.534,0.901
2219,gcb8306.tif,1.646,7.074,0.413,2.551,851,133,144.372,1.115,2.868,0.349,0.744
2220,gcb8306.tif,0.072,1.498,0.401,0.449,277,126,112.620,0.364,1.090,0.917,0.635
2221,gcb8306.tif,0.616,3.024,0.847,1.067,358,128,114.905,0.795,1.335,0.749,0.940
2222,gcb8306.tif,0.078,1.188,0.691,0.489,667,128,98.130,0.207,2.183,0.458,0.884
2223,gcb8306.tif,0.369,2.466,0.763,0.864,529,147,36.870,0.585,1.416,0.706,0.902
2224,gcb8306.tif,0.118,1.982,0.378,0.735,390,130,131.186,0.375,2.197,0.455,0.629
2225,gcb8306.tif,0.059,1.010,0.722,0.418,803,143,65.556,0.216,2.014,0.497,0.860
2226,gcb8306.tif,0.167,1.775,0.667,0.604,115,133,113.629,0.449,1.423,0.703,0.807
2227,gcb8306.tif,0.086,1.234,0.710,0.461,324,145,12.995,0.290,1.727,0.579,0.823
2228,gcb8306.tif,0.122,1.775,0.486,0.634,263,139,150.642,0.334,2.138,0.468,0.718
2229,gcb8306.tif,0.221,2.344,0.505,0.813,748,150,12.265,0.418,2.345,0.426,0.755
2230,gcb8306.tif,0.127,1.473,0.733,0.595,689,142,144.462,0.340,1.874,0.534,0.872
2231,gcb8306.tif,0.094,1.283,0.721,0.495,490,147,114.775,0.304,1.771,0.565,0.819
2232,gcb8306.tif,0.050,0.855,0.863,0.361,450,150,106.699,0.173,2.027,0.493,0.923
2233,gcb8306.tif,0.127,1.372,0.845,0.527,418,161,31.608,0.359,1.609,0.622,0.883
2234,gcb8306.tif,0.057,0.892,0.906,0.374,508,153,123.690,0.244,1.530,0.654,0.865
2235,gcb8306.tif,0.367,2.376,0.816,0.855,664,177,75.964,0.618,1.453,0.688,0.907
2236,gcb8306.tif,0.567,4.387,0.370,1.258,181,188,69.075,0.756,1.750,0.571,0.707
2237,gcb8306.tif,0.254,2.129,0.705,0.758,120,177,43.152,0.528,1.428,0.700,0.859
2238,gcb8306.tif,1.102,4.134,0.810,1.419,710,163,124.077,1.140,1.123,0.891,0.927
2239,gcb8306.tif,1.263,4.224,0.890,1.367,842,162,106.144,1.244,1.052,0.951,0.957
2240,gcb8306.tif,0.069,1.197,0.608,0.455,325,165,171.254,0.240,2.052,0.487,0.768
2241,gcb8306.tif,0.076,1.136,0.744,0.510,387,172,28.301,0.240,2.323,0.431,0.848
2242,gcb8306.tif,0.124,1.335,0.876,0.470,798,175,36.027,0.399,1.074,0.931,0.889
2243,gcb8306.tif,0.251,1.824,0.948,0.646,977,173,164.476,0.545,1.166,0.858,0.929
2244,gcb8306.tif,0.057,1.237,0.471,0.536,92,187,75.069,0.173,3.344,0.299,0.762
2245,gcb8306.tif,0.313,2.759,0.516,0.901,259,187,32.471,0.597,1.769,0.565,0.790
2246,gcb8306.tif,3.838,15.226,0.208,4.158,424,243,21.448,2.052,1.841,0.543,0.666
2247,gcb8306.tif,0.116,1.375,0.770,0.570,751,175,165.964,0.275,2.078,0.481,0.894
2248,gcb8306.tif,0.220,2.060,0.651,0.864,288,191,36.870,0.378,2.566,0.390,0.870
2249,gcb8306.tif,0.066,1.021,0.791,0.427,161,187,75.964,0.207,2.083,0.480,0.887
2250,gcb8306.tif,0.062,0.981,0.811,0.352,21,180,168.690,0.242,1.405,0.712,0.846
2251,gcb8306.tif,0.226,1.844,0.834,0.646,193,184,164.476,0.518,1.277,0.783,0.896
2252,gcb8306.tif,0.603,5.828,0.223,1.465,619,219,70.710,0.921,1.822,0.549,0.585
2253,gcb8306.tif,0.193,2.149,0.526,0.804,120,180,154.537,0.450,1.897,0.527,0.738
2254,gcb8306.tif,0.340,2.198,0.885,0.780,341,185,102.804,0.617,1.258,0.795,0.925
2255,gcb8306.tif,0.484,2.629,0.879,0.944,225,220,66.251,0.703,1.353,0.739,0.939
2256,gcb8306.tif,0.104,1.392,0.674,0.615,773,207,38.157,0.281,2.578,0.388,0.857
2257,gcb8306.tif,0.285,2.161,0.768,0.788,154,208,15.255,0.471,1.769,0.565,0.898
2258,gcb8306.tif,0.088,1.128,0.874,0.449,269,197,157.380,0.278,1.652,0.605,0.892
2259,gcb8306.tif,1.770,6.833,0.476,2.380,969,260,62.319,1.195,2.333,0.429,0.798
2260,gcb8306.tif,0.419,3.170,0.524,1.103,867,203,122.196,0.646,1.917,0.522,0.758
2261,gcb8306.tif,0.174,1.746,0.719,0.604,19,204,113.629,0.468,1.222,0.819,0.823
2262,gcb8306.tif,0.270,2.661,0.479,0.988,778,223,36.469,0.610,1.598,0.626,0.722
2263,gcb8306.tif,0.064,1.010,0.795,0.403,142,217,59.036,0.232,1.811,0.552,0.844
2264,gcb8306.tif,0.092,1.803,0.355,0.634,290,220,29.358,0.309,2.030,0.493,0.700
2265,gcb8306.tif,0.134,1.433,0.819,0.518,569,210,126.870,0.412,1.238,0.808,0.885
2266,gcb8306.tif,0.343,2.820,0.542,1.169,809,242,71.030,0.433,2.984,0.335,0.834
2267,gcb8306.tif,4.177,10.087,0.516,2.853,828,291,78.826,2.292,1.314,0.761,0.879
2268,gcb8306.tif,0.092,1.266,0.721,0.510,253,212,151.699,0.270,2.046,0.489,0.851
2269,gcb8306.tif,0.516,3.732,0.466,1.162,676,214,120.379,0.777,1.694,0.590,0.779
2270,gcb8306.tif,1.021,4.171,0.737,1.434,940,254,74.624,1.002,1.513,0.661,0.911
2271,gcb8306.tif,0.150,2.255,0.372,0.807,162,240,80.134,0.331,2.943,0.340,0.672
2272,gcb8306.tif,1.744,6.646,0.496,2.458,493,280,62.354,1.175,2.071,0.483,0.833
2273,gcb8306.tif,0.312,2.120,0.871,0.712,585,237,60.945,0.645,1.019,0.981,0.927
2274,gcb8306.tif,0.339,2.901,0.506,1.252,916,254,83.660,0.409,3.322,0.301,0.859
2275,gcb8306.tif,0.061,1.384,0.400,0.579,62,238,72.646,0.181,4.051,0.247,0.713
2276,gcb8306.tif,3.378,9.496,0.471,3.441,749,223,123.530,1.752,2.201,0.454,0.786
2277,gcb8306.tif,0.326,2.528,0.641,0.976,38,223,112.932,0.505,2.079,0.481,0.854
2278,gcb8306.tif,0.466,2.682,0.814,0.930,630,244,48.013,0.738,1.232,0.812,0.923
2279,gcb8306.tif,0.595,3.817,0.513,1.393,474,262,60.255,0.830,1.688,0.592,0.784
2280,gcb8306.tif,0.165,2.284,0.397,0.940,95,230,143.973,0.351,3.869,0.258,0.633
2281,gcb8306.tif,0.086,1.274,0.666,0.557,178,243,60.255,0.247,2.562,0.390,0.828
2282,gcb8306.tif,0.813,7.009,0.208,1.547,223,231,119.427,1.126,1.605,0.623,0.587
2283,gcb8306.tif,1.721,8.737,0.283,2.991,265,234,139.686,1.558,2.451,0.408,0.546
2284,gcb8306.tif,1.091,4.114,0.810,1.545,15,232,100.305,0.933,1.530,0.654,0.953
2285,gcb8306.tif,0.515,2.730,0.868,1.005,592,253,40.815,0.738,1.371,0.729,0.936
2286,gcb8306.tif,0.818,3.418,0.880,1.207,84,235,103.241,0.898,1.330,0.752,0.949
2287,gcb8306.tif,0.055,1.038,0.641,0.394,165,241,142.125,0.244,1.714,0.583,0.814
2288,gcb8306.tif,0.257,1.925,0.871,0.689,392,246,162.474,0.518,1.354,0.738,0.919
2289,gcb8306.tif,0.553,3.056,0.744,1.144,550,275,64.983,0.660,1.804,0.554,0.911
2290,gcb8306.tif,1.626,5.486,0.679,2.004,655,289,32.320,1.236,1.721,0.581,0.887
2291,gcb8306.tif,0.110,1.367,0.739,0.546,893,263,71.565,0.276,1.996,0.501,0.898
2292,gcb8306.tif,0.220,2.316,0.515,0.898,618,260,157.380,0.384,2.852,0.351,0.754
2293,gcb8306.tif,0.346,2.243,0.865,0.802,591,266,7.431,0.635,1.175,0.851,0.908
2294,gcb8306.tif,0.139,1.433,0.848,0.572,376,263,154.983,0.373,1.641,0.610,0.906
2295,gcb8306.tif,0.592,4.180,0.426,1.085,438,270,142.765,0.922,1.258,0.795,0.789
2296,gcb8306.tif,2.160,6.678,0.609,2.287,507,282,153.048,1.509,1.664,0.601,0.824
2297,gcb8306.tif,0.517,3.541,0.518,1.210,684,294,36.870,0.652,2.014,0.497,0.754
2298,gcb8306.tif,0.278,2.560,0.533,1.037,79,274,143.130,0.480,2.532,0.395,0.791
2299,gcb8306.tif,0.059,0.932,0.846,0.403,971,280,30.964,0.216,1.970,0.508,0.899
2300,gcb8306.tif,0.761,3.898,0.629,1.576,213,297,26.003,0.763,1.995,0.501,0.891
2301,gcb8306.tif,0.125,1.470,0.730,0.558,151,279,158.199,0.352,1.807,0.553,0.837
2302,gcb8306.tif,2.450,9.105,0.371,2.523,572,315,23.405,1.468,1.939,0.516,0.789
2303,gcb8306.tif,0.355,2.446,0.745,0.977,1006,275,98.130,0.484,2.090,0.479,0.914
2304,gcb8306.tif,0.597,2.963,0.855,1.051,57,307,80.538,0.829,1.260,0.794,0.932
2305,gcb8306.tif,0.437,2.462,0.906,0.874,380,277,108.435,0.695,1.255,0.797,0.936
2306,gcb8306.tif,0.351,2.698,0.606,1.085,924,298,30.651,0.513,2.242,0.446,0.841
2307,gcb8306.tif,1.395,4.953,0.714,1.656,856,331,66.644,1.221,1.419,0.705,0.911
2308,gcb8306.tif,0.081,1.176,0.737,0.480,7,288,120.256,0.270,1.785,0.560,0.850
2309,gcb8306.tif,0.506,3.861,0.427,1.683,728,289,160.821,0.481,4.248,0.235,0.806
2310,gcb8306.tif,0.104,1.306,0.765,0.575,464,289,147.265,0.301,1.991,0.502,0.921
2311,gcb8306.tif,0.084,1.754,0.341,0.660,968,305,42.879,0.279,2.778,0.360,0.596
2312,gcb8306.tif,0.416,2.710,0.711,1.023,170,293,101.689,0.548,1.981,0.505,0.887
2313,gcb8306.tif,0.117,1.579,0.590,0.570,643,303,14.036,0.380,1.444,0.693,0.757
2314,gcb8306.tif,0.119,1.355,0.817,0.526,824,300,113.199,0.307,1.757,0.569,0.889
2315,gcb8306.tif,0.897,3.577,0.881,1.198,246,304,146.768,0.968,1.160,0.862,0.952
2316,gcb8306.tif,1.064,4.729,0.598,1.598,72,345,68.429,0.963,1.616,0.619,0.879
2317,gcb8306.tif,1.290,4.974,0.655,1.870,405,353,62.488,1.049,1.991,0.502,0.888
2318,gcb8306.tif,0.260,2.853,0.402,0.883,133,328,59.421,0.599,1.433,0.698,0.741
2319,gcb8306.tif,1.630,5.987,0.572,2.058,691,366,82.278,1.377,1.826,0.548,0.815
2320,gcb8306.tif,0.106,1.274,0.823,0.495,725,315,24.775,0.325,1.595,0.627,0.864
2321,gcb8306.tif,0.364,2.356,0.824,0.875,452,317,170.910,0.566,1.578,0.634,0.924
2322,gcb8306.tif,0.756,4.178,0.544,1.779,503,362,82.185,0.625,3.102,0.322,0.890
2323,gcb8306.tif,0.064,0.961,0.878,0.394,288,321,37.875,0.244,1.645,0.608,0.893
2324,gcb8306.tif,0.165,1.669,0.744,0.664,626,331,51.340,0.411,1.725,0.580,0.887
2325,gcb8306.tif,0.369,3.012,0.511,0.930,318,338,41.987,0.777,1.485,0.673,0.746
2326,gcb8306.tif,0.376,2.906,0.560,0.901,727,335,32.471,0.662,1.480,0.676,0.805
2327,gcb8306.tif,0.109,1.237,0.892,0.464,669,332,63.435,0.346,1.298,0.770,0.901
2328,gcb8306.tif,1.029,5.897,0.372,1.630,789,326,147.995,1.208,1.477,0.677,0.705
2329,gcb8306.tif,0.127,1.803,0.489,0.570,39,324,165.964,0.415,1.327,0.753,0.760
2330,gcb8306.tif,0.105,1.225,0.880,0.470,980,331,17.103,0.316,1.527,0.655,0.884
2331,gcb8306.tif,0.210,2.462,0.436,0.767,296,325,125.838,0.510,1.512,0.662,0.746
2332,gcb8306.tif,0.127,1.576,0.641,0.570,380,325,104.036,0.355,1.595,0.627,0.835
2333,gcb8306.tif,0.570,3.162,0.716,1.256,538,332,172.093,0.635,2.053,0.487,0.922
2334,gcb8306.tif,0.468,4.864,0.249,1.258,154,364,74.055,0.945,1.461,0.684,0.515
2335,gcb8306.tif,0.067,0.932,0.967,0.340,968,342,66.038,0.276,1.114,0.898,0.911
2336,gcb8306.tif,1.240,5.776,0.467,1.874,21,348,157.218,1.059,1.853,0.540,0.784
2337,gcb8306.tif,0.900,4.074,0.682,1.484,528,335,114.775,1.037,1.232,0.812,0.894
2338,gcb8306.tif,0.142,1.852,0.521,0.646,463,343,15.524,0.403,1.846,0.542,0.741
2339,gcb8306.tif,0.666,3.642,0.631,1.209,866,369,59.036,0.927,1.385,0.722,0.861
2340,gcb8306.tif,0.238,1.827,0.895,0.667,104,357,68.749,0.484,1.299,0.770,0.934
2341,gcb8306.tif,0.664,4.802,0.362,1.861,284,339,111.801,0.618,3.693,0.271,0.708
2342,gcb8306.tif,0.632,3.182,0.784,1.190,442,341,115.821,0.823,1.381,0.724,0.927
2343,gcb8306.tif,1.937,5.383,0.840,1.979,906,344,102.095,1.313,1.487,0.672,0.958
2344,gcb8306.tif,0.564,3.772,0.498,1.284,725,365,23.806,0.758,1.570,0.637,0.819
2345,gcb8306.tif,0.542,2.901,0.810,1.053,409,357,138.991,0.772,1.218,0.821,0.927
2346,gcb8306.tif,0.258,2.385,0.570,0.915,973,361,169.114,0.455,2.277,0.439,0.774
2347,gcb8306.tif,0.417,2.592,0.779,0.983,622,354,100.125,0.572,1.785,0.560,0.925
2348,gcb8306.tif,0.183,1.770,0.733,0.712,941,357,104.036,0.346,2.254,0.444,0.903
2349,gcb8306.tif,6.950,16.676,0.314,3.756,192,456,25.622,3.267,1.070,0.935,0.782
2350,gcb8306.tif,0.156,1.628,0.742,0.557,305,362,150.255,0.460,1.013,0.987,0.856
2351,gcb8306.tif,0.738,3.536,0.742,1.237,560,386,35.910,0.820,1.542,0.649,0.903
2352,gcb8306.tif,0.381,2.633,0.691,1.023,5,389,78.311,0.540,2.000,0.500,0.895
2353,gcb8306.tif,0.525,2.914,0.778,1.057,184,392,78.690,0.726,1.553,0.644,0.904
2354,gcb8306.tif,0.392,2.837,0.612,1.009,333,364,128.047,0.606,1.918,0.521,0.790
2355,gcb8306.tif,0.127,1.893,0.444,0.591,25,383,69.444,0.470,1.272,0.786,0.709
2356,gcb8306.tif,0.055,0.883,0.885,0.356,321,377,60.945,0.237,1.615,0.619,0.893
2357,gcb8306.tif,0.503,3.610,0.485,1.023,469,398,78.311,0.819,1.232,0.812,0.790
2358,gcb8306.tif,0.370,2.279,0.896,0.809,377,395,70.017,0.622,1.240,0.806,0.947
2359,gcb8306.tif,2.643,7.317,0.620,2.432,506,389,157.443,1.704,1.445,0.692,0.854
2360,gcb8306.tif,0.510,3.841,0.434,1.425,779,379,112.834,0.587,2.735,0.366,0.780
2361,gcb8306.tif,0.082,1.087,0.876,0.418,946,386,24.444,0.308,1.373,0.728,0.857
2362,gcb8306.tif,0.411,4.111,0.306,1.065,48,384,103.134,0.760,1.352,0.739,0.711
2363,gcb8306.tif,0.084,1.050,0.953,0.403,317,384,120.964,0.311,1.258,0.795,0.921
2364,gcb8306.tif,1.815,5.046,0.896,1.745,408,385,97.970,1.382,1.237,0.808,0.965
2365,gcb8306.tif,0.084,1.343,0.582,0.514,152,386,132.274,0.289,2.039,0.490,0.745
2366,gcb8306.tif,0.171,1.815,0.651,0.682,748,403,59.534,0.460,1.499,0.667,0.849
2367,gcb8306.tif,0.245,1.856,0.893,0.712,83,388,104.036,0.449,1.551,0.645,0.936
2368,gcb8306.tif,0.551,5.022,0.274,1.661,562,392,167.989,0.657,3.212,0.311,0.694
2369,gcb8306.tif,0.075,1.294,0.564,0.443,731,399,51.340,0.325,1.302,0.768,0.754
2370,gcb8306.tif,0.214,2.169,0.571,0.875,845,414,80.910,0.362,2.617,0.382,0.880
2371,gcb8306.tif,0.062,0.903,0.956,0.356,362,390,119.055,0.242,1.391,0.719,0.920
2372,gcb8306.tif,0.134,1.530,0.718,0.546,628,402,18.435,0.421,1.378,0.726,0.812
2373,gcb8306.tif,0.086,1.343,0.599,0.615,961,391,128.157,0.244,2.978,0.336,0.787
2374,gcb8306.tif,0.098,1.689,0.431,0.722,437,415,73.301,0.221,4.099,0.244,0.742
2375,gcb8306.tif,0.807,4.453,0.512,1.812,8,397,124.902,0.695,2.761,0.362,0.872
2376,gcb8306.tif,0.214,2.520,0.423,0.940,129,415,36.027,0.492,2.247,0.445,0.746
2377,gcb8306.tif,0.184,1.689,0.810,0.623,993,413,70.560,0.423,1.497,0.668,0.898
2378,gcb8306.tif,0.180,1.669,0.814,0.671,936,399,145.491,0.386,1.775,0.564,0.907
2379,gcb8306.tif,0.786,3.671,0.733,1.290,477,442,69.624,0.934,1.499,0.667,0.890
2380,gcb8306.tif,0.062,1.050,0.708,0.451,582,416,32.471,0.235,2.117,0.472,0.825
2381,gcb8306.tif,0.072,1.441,0.434,0.480,98,421,59.744,0.273,2.014,0.497,0.741
2382,gcb8306.tif,0.471,3.020,0.648,1.320,152,437,42.879,0.504,2.669,0.375,0.912
2383,gcb8306.tif,0.087,1.090,0.921,0.403,337,420,59.036,0.311,1.170,0.855,0.918
2384,gcb8306.tif,0.607,3.415,0.654,1.334,647,412,143.427,0.661,2.165,0.462,0.885
2385,gcb8306.tif,0.423,2.934,0.617,1.180,598,417,174.958,0.553,2.164,0.462,0.868
2386,gcb8306.tif,0.774,5.461,0.326,1.567,359,414,104.036,1.054,1.723,0.580,0.645
2387,gcb8306.tif,0.509,2.722,0.863,0.934,744,416,128.991,0.795,1.131,0.885,0.941
2388,gcb8306.tif,0.072,1.128,0.708,0.437,300,416,108.435,0.276,1.549,0.646,0.828
2389,gcb8306.tif,0.215,2.808,0.343,1.040,893,416,111.448,0.436,3.128,0.320,0.686
2390,gcb8306.tif,0.229,1.758,0.932,0.643,923,416,126.254,0.518,1.213,0.824,0.934
2391,gcb8306.tif,0.160,1.620,0.767,0.597,4,437,79.992,0.407,1.469,0.681,0.873
2392,gcb8306.tif,0.196,1.689,0.863,0.604,965,420,103.241,0.449,1.171,0.854,0.914
2393,gcb8306.tif,0.140,2.218,0.357,0.963,128,425,111.038,0.270,4.872,0.205,0.707
2394,gcb8306.tif,0.150,1.620,0.721,0.691,64,426,126.870,0.333,2.176,0.460,0.884
2395,gcb8306.tif,0.331,2.413,0.714,0.963,168,452,68.962,0.525,1.863,0.537,0.881
2396,gcb8306.tif,0.230,1.827,0.868,0.729,107,428,121.430,0.460,1.623,0.616,0.939
2397,gcb8306.tif,0.540,3.130,0.692,1.237,621,433,144.090,0.627,2.028,0.493,0.884
2398,gcb8306.tif,0.246,2.686,0.428,1.037,504,435,150.018,0.408,3.268,0.306,0.675
2399,gcb8306.tif,4.134,12.902,0.312,4.094,255,472,168.311,2.568,1.575,0.635,0.635
2400,gcb8306.tif,0.067,1.079,0.722,0.451,391,437,122.471,0.232,2.235,0.447,0.812
2401,gcb8306.tif,0.471,3.699,0.432,1.593,80,439,114.341,0.514,3.288,0.304,0.826
2402,gcb8306.tif,0.100,1.315,0.729,0.557,571,440,119.745,0.263,2.271,0.440,0.880
2403,gcb8306.tif,0.057,1.245,0.464,0.481,830,446,21.038,0.210,2.660,0.376,0.711
2404,gcb8306.tif,0.152,2.137,0.417,0.746,498,464,76.608,0.358,2.445,0.409,0.677
2405,gcb8306.tif,0.402,2.543,0.782,0.888,744,443,103.496,0.691,1.284,0.779,0.925
2406,gcb8306.tif,1.616,6.162,0.535,2.229,761,481,18.997,1.179,1.908,0.524,0.868
2407,gcb8306.tif,0.362,2.360,0.817,0.875,36,446,99.090,0.518,1.643,0.608,0.937
2408,gcb8306.tif,1.597,5.434,0.680,1.796,602,497,78.906,1.317,1.239,0.807,0.898
2409,gcb8306.tif,0.092,1.315,0.669,0.541,998,446,116.565,0.278,2.209,0.453,0.865
2410,gcb8306.tif,0.362,2.710,0.619,0.976,653,463,22.932,0.587,1.629,0.614,0.867
2411,gcb8306.tif,1.157,6.898,0.306,2.197,464,514,70.710,1.037,2.067,0.484,0.709
2412,gcb8306.tif,0.180,1.990,0.572,0.763,901,476,84.806,0.422,2.022,0.495,0.742
2413,gcb8306.tif,0.469,2.934,0.685,0.988,526,481,53.531,0.742,1.325,0.755,0.913
2414,gcb8306.tif,0.388,3.093,0.510,1.226,371,485,49.574,0.577,2.194,0.456,0.794
2415,gcb8306.tif,0.211,2.270,0.515,0.922,140,488,77.005,0.357,3.418,0.293,0.801
2416,gcb8306.tif,0.313,2.238,0.785,0.842,825,466,160.821,0.520,1.644,0.608,0.914
2417,gcb8306.tif,0.898,4.844,0.481,1.526,198,477,166.908,0.906,1.691,0.592,0.848
2418,gcb8306.tif,0.327,2.707,0.561,0.930,398,466,111.801,0.587,1.653,0.605,0.859
2419,gcb8306.tif,0.092,1.107,0.942,0.427,438,466,104.036,0.311,1.352,0.739,0.895
2420,gcb8306.tif,0.111,1.306,0.818,0.514,848,477,160.346,0.276,1.728,0.579,0.912
2421,gcb8306.tif,2.004,9.421,0.284,2.744,32,543,49.086,1.669,1.652,0.605,0.644
2422,gcb8306.tif,1.910,6.742,0.528,2.214,864,482,112.964,1.259,1.824,0.548,0.883
2423,gcb8306.tif,0.499,2.682,0.872,0.976,649,484,157.068,0.726,1.284,0.779,0.953
2424,gcb8306.tif,1.884,9.213,0.279,2.456,931,488,129.289,1.568,1.349,0.741,0.741
2425,gcb8306.tif,0.282,2.149,0.767,0.798,175,483,94.970,0.484,1.638,0.610,0.911
2426,gcb8306.tif,1.194,4.566,0.720,1.706,692,532,83.019,0.988,1.784,0.560,0.907
2427,gcb8306.tif,0.579,3.760,0.515,1.241,1004,486,102.875,0.723,1.838,0.544,0.838
2428,gcb8306.tif,0.319,2.365,0.717,0.896,511,488,117.553,0.565,1.677,0.596,0.875
2429,gcb8306.tif,2.763,9.091,0.420,2.734,379,504,163.856,1.771,1.373,0.728,0.778
2430,gcb8306.tif,0.248,1.884,0.879,0.712,569,490,129.094,0.505,1.414,0.707,0.918
2431,gcb8306.tif,0.090,1.355,0.613,0.612,719,491,163.610,0.216,3.244,0.308,0.857
2432,gcb8306.tif,0.620,3.125,0.798,1.106,196,519,38.660,0.898,1.173,0.852,0.946
2433,gcb8306.tif,1.449,7.023,0.369,2.025,754,527,27.440,1.282,1.897,0.527,0.724
2434,gcb8306.tif,0.110,2.080,0.319,0.798,20,494,107.650,0.291,3.939,0.254,0.594
2435,gcb8306.tif,0.088,1.274,0.684,0.481,832,507,68.962,0.287,1.856,0.539,0.804
2436,gcb8306.tif,0.096,1.412,0.602,0.623,81,509,33.690,0.256,2.834,0.353,0.821
2437,gcb8306.tif,0.063,1.079,0.684,0.422,616,507,34.992,0.272,1.555,0.643,0.791
2438,gcb8306.tif,0.174,1.950,0.576,0.700,634,502,147.095,0.412,1.962,0.510,0.749
2439,gcb8306.tif,0.172,2.011,0.535,0.773,251,515,26.565,0.409,2.271,0.440,0.706
2440,gcb8306.tif,0.554,5.083,0.269,1.177,126,536,40.236,0.937,1.414,0.707,0.667
2441,gcb8306.tif,1.066,5.085,0.518,1.620,717,505,123.690,1.021,1.527,0.655,0.868
2442,gcb8306.tif,0.293,2.051,0.874,0.705,487,509,101.310,0.583,1.207,0.828,0.919
2443,gcb8306.tif,1.494,8.390,0.267,2.942,565,511,139.764,1.178,2.928,0.341,0.548
2444,gcb8306.tif,0.177,1.551,0.924,0.527,629,511,121.608,0.484,1.035,0.967,0.919
2445,gcb8306.tif,0.302,2.397,0.661,0.872,221,516,146.310,0.637,1.413,0.708,0.853
2446,gcb8306.tif,0.199,1.787,0.785,0.712,319,532,75.964,0.415,1.836,0.545,0.905
2447,gcb8306.tif,0.087,1.205,0.754,0.514,649,525,42.274,0.244,2.197,0.455,0.864
2448,gcb8306.tif,0.174,1.787,0.686,0.712,463,515,104.036,0.346,2.071,0.483,0.893
2449,gcb8306.tif,0.262,2.939,0.380,1.162,819,534,22.751,0.501,2.868,0.349,0.608
2450,gcb8306.tif,0.119,1.441,0.723,0.540,788,532,50.194,0.342,1.659,0.603,0.862
2451,gcb8306.tif,0.122,1.421,0.758,0.546,214,523,108.435,0.359,1.587,0.630,0.843
2452,gcb8306.tif,0.098,1.274,0.758,0.557,357,524,150.255,0.293,1.893,0.528,0.886
2453,gcb8306.tif,0.073,1.001,0.913,0.404,910,525,109.983,0.242,1.508,0.663,0.917
2454,gcb8306.tif,0.091,1.139,0.879,0.464,98,528,116.565,0.276,1.681,0.595,0.916
2455,gcb8306.tif,0.122,1.611,0.590,0.681,543,547,66.038,0.282,2.748,0.364,0.864
2456,gcb8306.tif,2.116,5.567,0.858,1.966,839,585,79.875,1.483,1.300,0.769,0.956
2457,gcb8306.tif,0.131,1.953,0.433,0.744,473,534,158.199,0.296,2.782,0.359,0.690
2458,gcb8306.tif,0.107,1.176,0.976,0.437,143,536,161.565,0.346,1.252,0.799,0.909
2459,gcb8306.tif,1.500,4.753,0.834,1.731,270,585,63.947,1.205,1.471,0.680,0.954
2460,gcb8306.tif,0.053,0.952,0.728,0.394,370,544,15.255,0.207,1.867,0.536,0.822
2461,gcb8306.tif,0.705,3.239,0.844,1.053,215,543,138.991,0.918,1.127,0.887,0.931
2462,gcb8306.tif,0.945,5.857,0.346,2.139,698,541,121.122,0.792,3.027,0.330,0.742
2463,gcb8306.tif,1.199,5.938,0.427,2.058,177,543,130.914,0.930,2.171,0.461,0.810
2464,gcb8306.tif,0.244,2.198,0.634,0.874,768,542,161.565,0.479,2.266,0.441,0.836
2465,gcb8306.tif,0.496,3.533,0.499,1.098,342,542,118.179,0.760,1.498,0.668,0.790
2466,gcb8306.tif,0.751,3.679,0.697,1.227,495,556,170.272,0.968,1.236,0.809,0.875
2467,gcb8306.tif,0.345,2.442,0.727,0.864,881,563,53.130,0.562,1.578,0.634,0.863
2468,gcb8306.tif,0.094,1.148,0.900,0.437,48,557,71.565,0.311,1.409,0.710,0.903
2469,gcb8306.tif,0.494,2.897,0.740,1.114,678,545,119.745,0.721,1.507,0.664,0.913
2470,gcb8306.tif,0.383,2.316,0.898,0.798,86,569,72.350,0.651,1.213,0.824,0.943
2471,gcb8306.tif,0.760,5.966,0.268,1.738,804,549,107.354,1.083,2.213,0.452,0.567
2472,gcb8306.tif,0.109,1.323,0.780,0.498,472,559,33.690,0.335,1.552,0.644,0.867
2473,gcb8306.tif,0.770,4.468,0.485,1.407,940,588,65.323,0.870,1.835,0.545,0.824
2474,gcb8306.tif,0.356,3.972,0.283,1.652,756,552,127.349,0.475,3.729,0.268,0.626
2475,gcb8306.tif,0.133,1.461,0.780,0.592,161,556,96.710,0.346,1.633,0.612,0.884
2476,gcb8306.tif,0.541,3.337,0.610,1.279,305,601,71.075,0.624,2.347,0.426,0.810
2477,gcb8306.tif,0.350,3.081,0.463,1.009,99,587,38.047,0.668,1.781,0.561,0.724
2478,gcb8306.tif,0.467,4.537,0.285,1.457,390,568,112.306,0.734,2.228,0.449,0.591
2479,gcb8306.tif,0.111,1.404,0.708,0.558,911,583,68.199,0.285,2.081,0.480,0.853
2480,gcb8306.tif,1.339,5.564,0.543,1.891,539,569,120.784,1.341,1.548,0.646,0.779
2481,gcb8306.tif,1.312,6.415,0.401,2.447,863,629,53.616,0.796,3.655,0.274,0.800
2482,gcb8306.tif,0.068,1.245,0.551,0.449,438,572,157.380,0.273,1.720,0.582,0.797
2483,gcb8306.tif,0.837,3.760,0.744,1.410,462,570,126.027,0.845,1.690,0.592,0.918
2484,gcb8306.tif,0.057,0.855,0.986,0.326,599,573,147.995,0.242,1.176,0.850,0.941
2485,gcb8306.tif,0.136,1.628,0.645,0.695,367,593,63.435,0.308,2.523,0.396,0.867
2486,gcb8306.tif,0.517,2.788,0.836,0.961,226,599,52.306,0.752,1.237,0.808,0.927
2487,gcb8306.tif,0.122,1.355,0.834,0.514,792,592,70.346,0.346,1.483,0.674,0.899
2488,gcb8306.tif,0.097,1.547,0.508,0.540,686,593,50.194,0.321,1.773,0.564,0.726
2489,gcb8306.tif,0.107,1.294,0.806,0.526,977,583,113.199,0.306,1.808,0.553,0.870
2490,gcb8306.tif,0.140,1.628,0.662,0.540,667,598,39.806,0.371,1.383,0.723,0.851
2491,gcb8306.tif,0.195,1.795,0.759,0.719,843,601,35.218,0.433,1.795,0.557,0.872
2492,gcb8306.tif,0.069,1.010,0.854,0.386,265,589,116.565,0.278,1.400,0.714,0.853
2493,gcb8306.tif,0.113,1.343,0.790,0.557,602,591,119.745,0.335,1.687,0.593,0.864
2494,gcb8306.tif,1.468,6.759,0.404,2.444,927,593,123.465,1.143,2.102,0.476,0.772
2495,gcb8306.tif,0.257,2.055,0.764,0.821,383,593,104.621,0.401,2.103,0.475,0.919
2496,gcb8306.tif,0.113,1.294,0.851,0.480,799,595,149.744,0.345,1.433,0.698,0.900
2497,gcb8306.tif,0.166,1.652,0.765,0.656,351,612,71.565,0.346,2.012,0.497,0.921
2498,gcb8306.tif,0.119,1.461,0.703,0.575,168,614,57.265,0.367,1.639,0.610,0.851
2499,gcb8306.tif,0.190,2.296,0.453,0.773,588,600,116.565,0.468,2.015,0.496,0.745
2500,gcb8306.tif,0.271,2.316,0.635,0.988,233,623,36.469,0.426,2.603,0.384,0.878
2501,gcb8306.tif,0.069,0.981,0.905,0.394,481,616,37.875,0.278,1.403,0.713,0.879
2502,gcb8306.tif,0.079,1.070,0.865,0.433,37,609,118.610,0.271,1.609,0.621,0.892
2503,gcb8306.tif,0.136,1.812,0.521,0.643,389,620,36.254,0.355,2.078,0.481,0.800
2504,gcb8306.tif,0.066,0.932,0.950,0.374,976,616,33.690,0.269,1.455,0.687,0.917
2505,gcb8306.tif,0.548,3.089,0.722,1.194,897,642,67.891,0.633,1.959,0.510,0.892
2506,gcb8306.tif,0.451,4.102,0.337,1.106,256,635,38.660,0.922,1.176,0.850,0.622
2507,gcb8306.tif,0.610,3.093,0.802,1.130,179,612,113.429,0.760,1.448,0.690,0.940
2508,gcb8306.tif,0.110,1.278,0.846,0.514,733,619,19.654,0.276,1.884,0.531,0.925
2509,gcb8306.tif,0.364,2.914,0.539,0.988,58,636,36.469,0.667,1.690,0.592,0.774
2510,gcb8306.tif,0.075,1.119,0.755,0.480,472,621,149.744,0.254,1.859,0.538,0.846
2511,gcb8306.tif,0.948,4.192,0.678,1.530,154,621,96.483,0.898,1.761,0.568,0.897
2512,gcb8306.tif,0.093,1.099,0.969,0.418,843,629,24.444,0.311,1.288,0.776,0.918
2513,gcb8306.tif,0.294,2.100,0.837,0.705,613,643,78.690,0.587,1.135,0.881,0.921
2514,gcb8306.tif,0.056,0.912,0.848,0.382,752,627,174.806,0.207,1.787,0.560,0.862
2515,gcb8306.tif,0.601,2.975,0.853,1.106,361,625,104.470,0.732,1.550,0.645,0.941
2516,gcb8306.tif,0.091,1.188,0.808,0.443,540,625,141.340,0.276,1.388,0.721,0.894
2517,gcb8306.tif,0.327,2.173,0.871,0.777,321,627,122.276,0.583,1.296,0.771,0.943
2518,gcb8306.tif,1.054,3.858,0.890,1.258,405,631,127.185,1.144,1.116,0.896,0.950
2519,gcb8306.tif,0.104,1.530,0.557,0.618,990,629,116.565,0.263,2.799,0.357,0.784
2520,gcb8306.tif,0.111,1.245,0.900,0.461,921,643,77.005,0.346,1.309,0.764,0.882
2521,gcb8306.tif,0.149,1.990,0.473,0.835,567,636,155.556,0.325,3.104,0.322,0.765
2522,gcb8306.tif,2.382,6.285,0.758,2.177,789,689,54.039,1.482,1.459,0.685,0.932
2523,gcb8306.tif,0.250,1.868,0.899,0.700,737,637,110.225,0.449,1.448,0.691,0.952
2524,gcb8306.tif,0.639,3.357,0.712,1.236,492,639,116.565,0.741,1.749,0.572,0.906
2525,gcb8306.tif,0.186,2.597,0.347,0.807,836,666,80.134,0.464,2.098,0.477,0.615
2526,gcb8306.tif,0.776,3.341,0.874,1.226,109,645,111.501,0.864,1.399,0.715,0.957
2527,gcb8306.tif,0.462,3.000,0.645,1.144,647,653,154.983,0.561,2.111,0.474,0.869
2528,gcb8306.tif,0.343,2.564,0.655,1.051,441,676,62.592,0.491,2.255,0.443,0.889
2529,gcb8306.tif,0.076,1.079,0.825,0.422,300,660,55.008,0.293,1.453,0.688,0.853
2530,gcb8306.tif,0.213,1.738,0.885,0.667,563,654,158.749,0.449,1.478,0.677,0.927
2531,gcb8306.tif,0.068,1.038,0.794,0.418,4,655,155.556,0.251,1.668,0.600,0.838
2532,gcb8306.tif,0.094,1.257,0.750,0.526,475,659,113.199,0.260,2.238,0.447,0.903
2533,gcb8306.tif,0.663,3.984,0.525,1.534,272,701,67.479,0.712,2.164,0.462,0.885
2534,gcb8306.tif,0.198,1.689,0.873,0.605,981,663,149.036,0.449,1.329,0.753,0.925
2535,gcb8306.tif,0.834,5.490,0.348,1.776,208,667,142.907,0.970,1.964,0.509,0.671
2536,gcb8306.tif,0.104,1.412,0.655,0.563,308,663,100.620,0.316,1.967,0.508,0.784
2537,gcb8306.tif,0.168,2.129,0.467,0.758,869,664,133.152,0.448,1.927,0.519,0.721
2538,gcb8306.tif,0.056,0.892,0.887,0.326,534,675,57.995,0.269,1.263,0.792,0.879
2539,gcb8306.tif,0.259,1.876,0.925,0.643,638,684,53.746,0.553,1.068,0.937,0.937
2540,gcb8306.tif,1.911,7.232,0.459,2.501,143,702,168.845,1.543,1.622,0.617,0.727
2541,gcb8306.tif,0.338,3.627,0.323,1.027,575,695,19.654,0.667,1.639,0.610,0.619
2542,gcb8306.tif,0.720,3.504,0.737,1.290,679,710,82.304,0.898,1.388,0.721,0.897
2543,gcb8306.tif,0.242,1.905,0.840,0.667,550,682,158.749,0.514,1.264,0.791,0.896
2544,gcb8306.tif,0.601,3.426,0.643,1.274,970,713,77.471,0.661,1.921,0.521,0.859
2545,gcb8306.tif,0.091,1.119,0.911,0.437,935,691,71.565,0.276,1.507,0.663,0.921
2546,gcb8306.tif,0.762,3.533,0.767,1.271,409,700,22.380,0.844,1.596,0.627,0.911
2547,gcb8306.tif,1.207,5.737,0.461,1.802,463,688,147.529,1.165,1.835,0.545,0.812
2548,gcb8306.tif,0.087,1.754,0.356,0.679,287,683,104.744,0.292,3.248,0.308,0.603
2549,gcb8306.tif,0.461,3.256,0.546,1.162,855,700,22.751,0.714,1.760,0.568,0.770
2550,gcb8306.tif,0.620,3.076,0.823,1.169,97,686,108.970,0.724,1.619,0.618,0.953
2551,gcb8306.tif,0.358,2.584,0.674,0.983,952,714,79.875,0.518,2.138,0.468,0.896
2552,gcb8306.tif,0.276,2.071,0.808,0.700,637,696,20.225,0.606,1.134,0.882,0.909
2553,gcb8306.tif,0.398,3.024,0.547,1.085,507,688,127.235,0.630,1.906,0.525,0.788
2554,gcb8306.tif,0.105,1.510,0.579,0.510,582,704,28.301,0.346,1.562,0.640,0.793
2555,gcb8306.tif,0.104,1.286,0.789,0.470,220,695,126.027,0.371,1.217,0.822,0.883
2556,gcb8306.tif,0.068,1.165,0.631,0.427,765,708,75.964,0.273,1.524,0.656,0.786
2557,gcb8306.tif,0.125,1.335,0.884,0.464,915,701,153.435,0.415,1.009,0.991,0.886
2558,gcb8306.tif,0.062,0.903,0.956,0.356,439,702,150.945,0.242,1.374,0.728,0.920
2559,gcb8306.tif,0.226,1.795,0.880,0.691,548,701,126.870,0.464,1.478,0.676,0.920
2560,gcb8306.tif,0.139,1.384,0.909,0.503,80,702,105.945,0.380,1.275,0.784,0.921
2561,gcb8306.tif,0.158,1.669,0.711,0.656,728,708,161.565,0.404,1.602,0.624,0.854
2562,gcb8306.tif,0.098,1.335,0.691,0.546,931,719,71.565,0.267,2.199,0.455,0.837
2563,gcb8306.tif,0.240,1.835,0.895,0.637,313,707,130.601,0.518,1.176,0.850,0.935
2564,gcb8306.tif,0.268,1.994,0.846,0.746,374,709,166.608,0.471,1.588,0.630,0.920
2565,gcb8306.tif,0.056,1.070,0.616,0.437,992,716,108.435,0.173,2.594,0.385,0.862
2566,gcb8309.tif,0.217,1.864,0.786,0.755,233,23,74.055,0.426,1.873,0.534,0.905
2567,gcb8309.tif,0.391,2.307,0.922,0.796,943,19,34.380,0.691,1.127,0.887,0.945
2568,gcb8309.tif,1.065,5.828,0.394,1.620,310,8,168.930,1.186,1.512,0.661,0.783
2569,gcb8309.tif,1.119,5.383,0.485,1.891,83,58,71.896,1.054,1.874,0.534,0.789
2570,gcb8309.tif,0.246,1.982,0.787,0.789,510,20,28.811,0.479,1.751,0.571,0.912
2571,gcb8309.tif,0.090,1.461,0.527,0.495,660,11,167.905,0.311,1.446,0.691,0.746
2572,gcb8309.tif,0.325,2.250,0.806,0.836,808,28,60.255,0.587,1.408,0.710,0.927
2573,gcb8309.tif,1.996,10.120,0.245,3.233,200,100,79.531,1.203,3.161,0.316,0.698
2574,gcb8309.tif,0.658,3.610,0.634,1.295,407,24,170.789,0.783,1.782,0.561,0.844
2575,gcb8309.tif,0.152,2.157,0.410,0.892,357,29,35.538,0.348,3.407,0.294,0.668
2576,gcb8309.tif,0.536,3.219,0.650,1.140,608,47,75.964,0.705,1.781,0.562,0.836
2577,gcb8309.tif,1.119,4.411,0.723,1.500,167,16,97.943,1.059,1.304,0.767,0.907
2578,gcb8309.tif,0.525,3.268,0.618,1.284,472,17,113.806,0.649,2.168,0.461,0.854
2579,gcb8309.tif,0.432,3.728,0.391,1.346,966,25,131.878,0.590,2.566,0.390,0.682
2580,gcb8309.tif,0.832,4.741,0.465,1.526,536,66,76.908,1.070,1.450,0.690,0.746
2581,gcb8309.tif,2.541,10.113,0.312,3.462,501,122,75.548,1.242,3.294,0.304,0.757
2582,gcb8309.tif,0.834,3.622,0.798,1.352,770,26,122.471,0.891,1.527,0.655,0.938
2583,gcb8309.tif,0.616,3.073,0.820,1.055,22,29,121.608,0.896,1.155,0.866,0.915
2584,gcb8309.tif,0.091,1.294,0.681,0.541,999,43,63.435,0.262,2.187,0.457,0.859
2585,gcb8309.tif,0.182,1.999,0.571,0.719,357,50,54.782,0.367,2.227,0.449,0.794
2586,gcb8309.tif,0.079,1.583,0.395,0.692,957,36,92.862,0.173,3.366,0.297,0.786
2587,gcb8309.tif,0.454,3.186,0.562,1.335,395,38,100.437,0.481,3.074,0.325,0.888
2588,gcb8309.tif,0.124,1.490,0.703,0.618,823,39,116.565,0.327,2.099,0.476,0.842
2589,gcb8309.tif,0.498,2.966,0.711,1.125,231,73,79.380,0.656,1.805,0.554,0.889
2590,gcb8309.tif,0.079,1.266,0.618,0.526,15,44,113.199,0.262,2.244,0.446,0.835
2591,gcb8309.tif,0.480,2.926,0.705,1.155,432,71,51.072,0.647,1.916,0.522,0.884
2592,gcb8309.tif,0.119,1.481,0.684,0.634,464,45,119.358,0.303,2.333,0.429,0.866
2593,gcb8309.tif,0.096,1.229,0.795,0.470,126,46,107.103,0.242,1.856,0.539,0.936
2594,gcb8309.tif,0.059,1.058,0.656,0.437,375,59,71.565,0.210,2.365,0.423,0.797
2595,gcb8309.tif,0.598,3.895,0.496,1.398,597,74,39.987,0.731,2.251,0.444,0.759
2596,gcb8309.tif,0.517,3.105,0.674,1.173,105,53,103.627,0.654,1.805,0.554,0.890
2597,gcb8309.tif,0.480,3.728,0.434,1.342,148,54,124.509,0.709,2.008,0.498,0.715
2598,gcb8309.tif,0.361,3.826,0.310,1.563,291,58,144.904,0.454,4.357,0.230,0.628
2599,gcb8309.tif,0.119,1.335,0.842,0.514,630,72,19.654,0.311,1.602,0.624,0.917
2600,gcb8309.tif,0.134,2.149,0.364,0.664,366,81,38.660,0.491,1.368,0.731,0.576
2601,gcb8309.tif,0.436,2.601,0.810,0.964,784,73,165.466,0.689,1.484,0.674,0.924
2602,gcb8309.tif,0.674,3.305,0.775,1.141,547,95,54.866,0.866,1.342,0.745,0.925
2603,gcb8309.tif,0.386,2.658,0.686,1.085,756,69,149.349,0.562,1.925,0.519,0.886
2604,gcb8309.tif,0.841,4.509,0.520,1.745,79,70,97.970,0.724,2.657,0.376,0.845
2605,gcb8309.tif,0.363,2.828,0.570,0.978,48,86,32.005,0.663,1.714,0.583,0.789
2606,gcb8309.tif,1.015,4.077,0.767,1.559,301,71,102.804,0.855,1.797,0.556,0.947
2607,gcb8309.tif,1.195,4.444,0.760,1.601,260,76,122.661,1.124,1.423,0.703,0.933
2608,gcb8309.tif,0.059,1.050,0.667,0.422,642,76,124.992,0.263,1.588,0.630,0.845
2609,gcb8309.tif,0.184,1.628,0.872,0.634,684,76,119.358,0.414,1.560,0.641,0.922
2610,gcb8309.tif,0.187,1.766,0.755,0.623,422,77,109.440,0.480,1.371,0.730,0.846
2611,gcb8309.tif,0.070,1.289,0.533,0.579,139,80,107.354,0.173,3.411,0.293,0.915
2612,gcb8309.tif,0.096,1.315,0.695,0.558,989,83,111.801,0.263,2.320,0.431,0.874
2613,gcb8309.tif,0.085,1.070,0.930,0.418,118,98,65.556,0.276,1.453,0.688,0.922
2614,gcb8309.tif,0.651,4.338,0.435,1.707,522,92,121.759,0.658,3.068,0.326,0.763
2615,gcb8309.tif,0.336,2.141,0.920,0.806,576,114,59.036,0.586,1.376,0.726,0.951
2616,gcb8309.tif,0.147,1.591,0.729,0.646,667,97,164.476,0.336,2.001,0.500,0.869
2617,gcb8309.tif,0.319,3.919,0.261,1.642,97,96,120.343,0.384,5.725,0.175,0.636
2618,gcb8309.tif,0.546,2.943,0.792,1.072,704,101,159.228,0.767,1.451,0.689,0.910
2619,gcb8309.tif,0.407,2.515,0.809,0.915,461,123,79.114,0.622,1.511,0.662,0.932
2620,gcb8309.tif,0.545,3.280,0.636,1.085,971,99,142.765,0.822,1.244,0.804,0.844
2621,gcb8309.tif,0.085,1.176,0.770,0.418,24,101,155.556,0.344,1.264,0.791,0.835
2622,gcb8309.tif,0.189,1.827,0.710,0.755,49,99,105.945,0.346,2.285,0.438,0.893
2623,gcb8309.tif,0.469,3.671,0.438,1.149,378,133,83.089,0.669,2.076,0.482,0.721
2624,gcb8309.tif,0.117,2.068,0.344,0.783,230,105,131.424,0.363,2.908,0.344,0.643
2625,gcb8309.tif,0.401,2.446,0.843,0.881,405,130,78.690,0.622,1.420,0.704,0.933
2626,gcb8309.tif,0.549,3.187,0.680,1.194,343,140,67.891,0.681,1.865,0.536,0.885
2627,gcb8309.tif,0.268,2.181,0.707,0.886,795,116,20.556,0.449,2.030,0.493,0.903
2628,gcb8309.tif,0.179,1.611,0.867,0.575,184,117,32.735,0.449,1.224,0.817,0.935
2629,gcb8309.tif,0.880,6.305,0.278,1.439,663,114,155.898,1.289,1.368,0.731,0.643
2630,gcb8309.tif,0.054,0.903,0.827,0.372,62,112,111.801,0.207,1.722,0.581,0.882
2631,gcb8309.tif,0.958,5.041,0.474,1.870,951,112,117.512,0.836,2.398,0.417,0.792
2632,gcb8309.tif,1.252,6.100,0.423,2.366,152,182,83.290,0.760,3.321,0.301,0.836
2633,gcb8309.tif,0.953,7.249,0.228,1.748,218,116,108.435,1.422,1.131,0.884,0.546
2634,gcb8309.tif,0.471,3.777,0.414,1.073,497,128,165.069,0.826,1.395,0.717,0.708
2635,gcb8309.tif,0.407,2.629,0.740,0.896,471,141,27.553,0.698,1.296,0.772,0.882
2636,gcb8309.tif,0.111,1.404,0.708,0.546,302,120,108.435,0.276,1.826,0.548,0.894
2637,gcb8309.tif,0.337,2.413,0.727,1.002,444,122,133.603,0.489,2.116,0.473,0.925
2638,gcb8309.tif,1.375,7.406,0.315,2.195,616,122,118.179,1.262,2.044,0.489,0.693
2639,gcb8309.tif,0.093,1.588,0.464,0.527,852,132,31.608,0.320,1.928,0.519,0.746
2640,gcb8309.tif,0.475,2.763,0.783,1.119,176,126,98.881,0.518,2.092,0.478,0.952
2641,gcb8309.tif,0.066,1.128,0.649,0.464,221,135,26.565,0.218,2.439,0.410,0.815
2642,gcb8309.tif,0.117,1.433,0.717,0.536,424,129,104.931,0.311,1.511,0.662,0.875
2643,gcb8309.tif,0.166,1.669,0.749,0.637,781,130,102.529,0.360,1.924,0.520,0.885
2644,gcb8309.tif,0.136,1.453,0.811,0.588,797,130,130.236,0.367,1.620,0.617,0.916
2645,gcb8309.tif,0.339,2.616,0.623,1.091,189,131,100.954,0.415,2.937,0.340,0.907
2646,gcb8309.tif,0.356,2.911,0.528,1.151,688,160,48.652,0.512,2.586,0.387,0.800
2647,gcb8309.tif,0.351,2.543,0.682,1.016,63,149,17.819,0.465,2.411,0.415,0.883
2648,gcb8309.tif,0.331,2.307,0.781,0.888,572,146,166.504,0.525,1.744,0.573,0.907
2649,gcb8309.tif,0.247,1.884,0.875,0.665,737,151,27.897,0.553,1.115,0.897,0.910
2650,gcb8309.tif,2.234,10.352,0.262,3.608,290,161,9.372,1.624,3.257,0.307,0.552
2651,gcb8309.tif,0.068,0.973,0.904,0.374,102,153,56.310,0.276,1.247,0.802,0.905
2652,gcb8309.tif,0.072,1.001,0.898,0.374,541,156,56.310,0.309,1.201,0.833,0.882
2653,gcb8309.tif,0.748,3.496,0.769,1.294,789,150,145.886,0.870,1.545,0.647,0.915
2654,gcb8309.tif,0.092,1.274,0.712,0.540,558,162,50.194,0.261,2.269,0.441,0.842
2655,gcb8309.tif,0.613,4.016,0.477,1.492,762,195,76.608,0.619,2.945,0.340,0.833
2656,gcb8309.tif,0.070,1.030,0.835,0.418,1006,164,65.556,0.240,1.844,0.542,0.881
2657,gcb8309.tif,0.368,2.299,0.875,0.842,396,157,109.179,0.587,1.394,0.718,0.952
2658,gcb8309.tif,0.054,0.961,0.732,0.394,137,158,105.255,0.207,2.188,0.457,0.857
2659,gcb8309.tif,0.051,1.107,0.526,0.514,441,158,132.274,0.194,2.876,0.348,0.754
2660,gcb8309.tif,0.510,2.653,0.910,0.951,74,186,70.907,0.691,1.334,0.750,0.953
2661,gcb8309.tif,0.074,1.058,0.831,0.437,845,164,161.565,0.251,1.838,0.544,0.867
2662,gcb8309.tif,0.533,3.748,0.476,1.495,456,187,33.690,0.616,2.736,0.366,0.763
2663,gcb8309.tif,0.107,1.208,0.925,0.464,171,166,153.435,0.311,1.457,0.686,0.928
2664,gcb8309.tif,0.793,3.703,0.727,1.215,576,164,104.826,0.855,1.438,0.695,0.924
2665,gcb8309.tif,6.582,17.623,0.266,4.274,144,187,173.967,3.432,1.304,0.767,0.659
2666,gcb8309.tif,0.123,1.433,0.753,0.579,516,176,17.354,0.311,1.701,0.588,0.880
2667,gcb8309.tif,0.147,1.660,0.670,0.689,701,174,162.474,0.325,2.223,0.450,0.879
2668,gcb8309.tif,0.739,3.496,0.760,1.350,655,203,50.194,0.796,1.620,0.617,0.941
2669,gcb8309.tif,0.051,0.834,0.927,0.309,982,174,116.565,0.242,1.206,0.829,0.887
2670,gcb8309.tif,0.110,1.315,0.799,0.546,816,179,145.305,0.294,1.940,0.516,0.893
2671,gcb8309.tif,0.371,2.739,0.622,0.858,287,180,130.101,0.657,1.134,0.882,0.851
2672,gcb8309.tif,1.383,6.337,0.433,2.310,498,180,111.961,1.222,1.752,0.571,0.773
2673,gcb8309.tif,0.127,1.315,0.920,0.481,632,184,158.962,0.369,1.337,0.748,0.910
2674,gcb8309.tif,0.732,3.300,0.845,1.169,392,216,71.030,0.827,1.450,0.690,0.944
2675,gcb8309.tif,0.164,1.542,0.864,0.591,612,199,69.444,0.380,1.545,0.647,0.916
2676,gcb8309.tif,0.359,2.934,0.525,1.182,690,188,164.745,0.472,2.739,0.365,0.843
2677,gcb8309.tif,0.258,2.198,0.671,0.746,776,190,166.608,0.493,1.520,0.658,0.847
2678,gcb8309.tif,0.146,1.657,0.667,0.665,116,187,152.103,0.379,2.007,0.498,0.816
2679,gcb8309.tif,1.593,5.014,0.796,1.649,424,192,123.024,1.361,1.240,0.807,0.915
2680,gcb8309.tif,0.562,2.934,0.821,1.057,338,192,101.310,0.771,1.399,0.715,0.924
2681,gcb8309.tif,0.072,1.217,0.608,0.514,533,195,160.346,0.219,2.851,0.351,0.822
2682,gcb8309.tif,0.227,2.304,0.537,0.892,991,215,35.538,0.429,2.146,0.466,0.777
2683,gcb8309.tif,0.147,1.481,0.841,0.575,624,209,32.735,0.404,1.414,0.707,0.875
2684,gcb8309.tif,0.179,1.591,0.889,0.635,70,208,22.380,0.380,1.673,0.598,0.932
2685,gcb8309.tif,0.155,1.824,0.587,0.789,804,199,151.189,0.350,2.381,0.420,0.839
2686,gcb8309.tif,0.965,4.387,0.630,1.303,844,219,21.801,1.140,1.035,0.966,0.887
2687,gcb8309.tif,0.225,1.835,0.837,0.691,749,218,53.130,0.470,1.501,0.666,0.913
2688,gcb8309.tif,0.257,2.353,0.583,0.842,683,207,160.821,0.488,2.009,0.498,0.788
2689,gcb8309.tif,0.131,1.856,0.479,0.806,47,225,59.036,0.251,3.891,0.257,0.783
2690,gcb8309.tif,0.479,3.283,0.558,1.155,292,210,141.072,0.728,1.783,0.561,0.784
2691,gcb8309.tif,0.053,0.863,0.887,0.346,676,212,126.870,0.229,1.596,0.627,0.880
2692,gcb8309.tif,2.251,10.992,0.234,2.511,330,234,145.654,2.000,1.340,0.746,0.667
2693,gcb8309.tif,0.758,3.300,0.875,1.180,104,216,121.827,0.907,1.258,0.795,0.947
2694,gcb8309.tif,1.483,8.968,0.232,3.631,259,323,87.818,0.744,5.715,0.175,0.686
2695,gcb8309.tif,0.073,1.021,0.877,0.433,390,231,61.390,0.242,1.809,0.553,0.931
2696,gcb8309.tif,0.935,5.897,0.338,2.009,619,273,63.435,0.991,2.455,0.407,0.604
2697,gcb8309.tif,0.333,2.520,0.660,0.988,661,224,143.531,0.538,1.692,0.591,0.873
2698,gcb8309.tif,0.405,3.216,0.492,1.182,829,223,105.255,0.573,2.541,0.394,0.711
2699,gcb8309.tif,0.829,3.792,0.724,1.477,752,266,79.216,0.779,1.945,0.514,0.925
2700,gcb8309.tif,0.271,2.511,0.540,0.915,398,241,10.886,0.473,2.229,0.449,0.760
2701,gcb8309.tif,1.121,4.289,0.766,1.477,563,231,100.784,1.074,1.363,0.733,0.921
2702,gcb8309.tif,0.260,1.986,0.830,0.758,988,251,65.772,0.484,1.351,0.740,0.938
2703,gcb8309.tif,0.135,1.599,0.663,0.635,539,251,67.620,0.313,2.222,0.450,0.859
2704,gcb8309.tif,0.061,0.932,0.881,0.356,477,235,119.055,0.276,1.367,0.732,0.864
2705,gcb8309.tif,0.282,2.767,0.462,1.137,795,269,70.463,0.416,3.189,0.314,0.775
2706,gcb8309.tif,0.160,1.611,0.775,0.563,75,252,42.510,0.415,1.276,0.784,0.887
2707,gcb8309.tif,0.625,3.935,0.507,1.301,288,240,106.991,0.776,1.668,0.599,0.828
2708,gcb8309.tif,0.141,1.453,0.839,0.546,731,255,71.565,0.364,1.593,0.628,0.894
2709,gcb8309.tif,0.718,4.485,0.448,1.497,464,243,108.853,0.742,2.165,0.462,0.813
2710,gcb8309.tif,0.385,2.376,0.856,0.907,816,268,72.255,0.587,1.463,0.684,0.933
2711,gcb8309.tif,0.555,4.129,0.409,1.593,39,290,86.269,0.566,3.473,0.288,0.774
2712,gcb8309.tif,0.112,1.315,0.816,0.480,495,253,30.256,0.346,1.260,0.794,0.883
2713,gcb8309.tif,0.515,2.719,0.875,0.912,870,259,24.624,0.795,1.141,0.876,0.929
2714,gcb8309.tif,0.125,1.599,0.616,0.611,527,249,132.709,0.353,1.898,0.527,0.833
2715,gcb8309.tif,0.436,2.825,0.686,0.940,444,277,72.897,0.716,1.342,0.745,0.870
2716,gcb8309.tif,0.235,2.100,0.670,0.883,855,251,120.579,0.367,2.581,0.387,0.889
2717,gcb8309.tif,0.358,3.093,0.471,1.283,647,291,62.745,0.510,2.973,0.336,0.730
2718,gcb8309.tif,0.679,6.295,0.215,2.316,593,326,88.290,0.869,2.672,0.374,0.504
2719,gcb8309.tif,0.158,1.542,0.833,0.527,73,260,121.608,0.446,1.138,0.878,0.877
2720,gcb8309.tif,0.294,2.002,0.921,0.759,93,280,59.931,0.553,1.357,0.737,0.943
2721,gcb8309.tif,0.450,2.918,0.665,1.141,490,289,54.866,0.645,1.692,0.591,0.859
2722,gcb8309.tif,1.094,4.074,0.828,1.467,323,263,105.018,1.060,1.340,0.746,0.942
2723,gcb8309.tif,0.102,1.197,0.891,0.464,123,267,116.565,0.311,1.408,0.710,0.924
2724,gcb8309.tif,0.112,1.412,0.707,0.557,422,283,60.255,0.332,1.663,0.601,0.870
2725,gcb8309.tif,0.331,2.767,0.543,0.913,806,278,150.524,0.630,1.792,0.558,0.724
2726,gcb8309.tif,0.085,1.571,0.432,0.700,389,276,122.905,0.223,3.386,0.295,0.759
2727,gcb8309.tif,1.841,5.083,0.896,1.716,369,326,80.727,1.485,1.138,0.879,0.957
2728,gcb8309.tif,0.346,2.258,0.853,0.874,111,278,108.435,0.553,1.587,0.630,0.937
2729,gcb8309.tif,0.220,1.803,0.849,0.679,719,283,165.256,0.489,1.345,0.743,0.889
2730,gcb8309.tif,0.463,2.670,0.817,0.997,608,283,104.036,0.649,1.567,0.638,0.935
2731,gcb8309.tif,0.607,3.354,0.678,1.153,422,299,171.384,0.857,1.228,0.815,0.852
2732,gcb8309.tif,2.387,10.662,0.264,2.254,200,345,54.360,1.862,1.290,0.775,0.800
2733,gcb8309.tif,0.648,5.201,0.301,1.453,84,288,108.004,0.898,1.874,0.534,0.598
2734,gcb8309.tif,0.245,2.002,0.767,0.837,292,290,141.710,0.440,1.949,0.513,0.926
2735,gcb8309.tif,0.739,4.074,0.560,1.496,757,333,83.367,0.863,1.781,0.561,0.843
2736,gcb8309.tif,1.074,5.348,0.472,1.639,139,338,65.056,1.196,1.543,0.648,0.782
2737,gcb8309.tif,0.176,1.571,0.894,0.575,959,309,32.735,0.417,1.352,0.739,0.927
2738,gcb8309.tif,0.109,1.355,0.744,0.518,40,311,53.130,0.332,1.525,0.656,0.863
2739,gcb8309.tif,0.383,2.727,0.648,1.121,274,302,146.310,0.506,2.495,0.401,0.866
2740,gcb8309.tif,1.917,8.811,0.310,3.120,22,306,94.447,1.071,3.286,0.304,0.776
2741,gcb8309.tif,0.740,3.300,0.854,1.226,839,340,68.499,0.817,1.497,0.668,0.953
2742,gcb8309.tif,0.084,2.031,0.255,0.646,667,309,105.524,0.375,2.447,0.409,0.526
2743,gcb8309.tif,0.407,2.413,0.879,0.881,919,309,101.310,0.657,1.270,0.787,0.927
2744,gcb8309.tif,0.629,4.123,0.465,1.269,696,344,60.642,0.814,1.616,0.619,0.800
2745,gcb8309.tif,1.707,6.137,0.569,1.882,524,320,135.744,1.456,1.126,0.888,0.853
2746,gcb8309.tif,1.517,9.437,0.214,2.715,880,314,132.421,1.729,2.192,0.456,0.477
2747,gcb8309.tif,0.302,2.483,0.616,0.977,55,345,81.870,0.498,2.202,0.454,0.827
2748,gcb8309.tif,1.312,7.910,0.264,2.253,480,320,110.659,1.587,1.689,0.592,0.572
2749,gcb8309.tif,0.078,1.030,0.920,0.386,251,331,63.435,0.309,1.229,0.814,0.890
2750,gcb8309.tif,1.090,5.710,0.420,1.637,264,324,134.145,1.051,1.426,0.701,0.841
2751,gcb8309.tif,2.203,10.578,0.247,3.695,645,343,155.113,1.394,3.319,0.301,0.527
2752,gcb8309.tif,0.947,4.770,0.523,1.458,431,363,58.570,1.198,1.281,0.781,0.799
2753,gcb8309.tif,0.189,2.092,0.542,0.886,342,329,159.444,0.316,3.358,0.298,0.836
2754,gcb8309.tif,2.059,7.729,0.433,1.964,594,382,61.631,1.696,1.108,0.903,0.824
2755,gcb8309.tif,0.868,3.679,0.806,1.286,716,334,120.700,0.915,1.437,0.696,0.931
2756,gcb8309.tif,0.303,2.791,0.489,1.149,859,365,83.089,0.403,3.164,0.316,0.797
2757,gcb8309.tif,0.107,1.473,0.622,0.635,144,346,22.380,0.259,2.809,0.356,0.841
2758,gcb8309.tif,0.377,2.405,0.820,0.897,814,364,74.358,0.622,1.536,0.651,0.908
2759,gcb8309.tif,1.072,4.045,0.824,1.346,965,374,60.803,1.106,1.159,0.863,0.938
2760,gcb8309.tif,0.103,1.303,0.760,0.518,929,345,126.870,0.283,1.925,0.519,0.847
2761,gcb8309.tif,0.079,1.363,0.533,0.437,325,357,71.565,0.339,1.497,0.668,0.721
2762,gcb8309.tif,0.113,1.412,0.715,0.518,143,350,126.870,0.346,1.534,0.652,0.872
2763,gcb8309.tif,0.556,3.435,0.593,1.031,343,373,50.440,0.819,1.369,0.730,0.820
2764,gcb8309.tif,0.293,2.653,0.522,1.162,254,361,157.249,0.380,3.301,0.303,0.884
2765,gcb8309.tif,0.920,4.212,0.651,1.502,167,409,66.975,0.919,1.633,0.612,0.902
2766,gcb8309.tif,0.466,3.194,0.574,1.334,1005,369,106.557,0.507,2.981,0.335,0.872
2767,gcb8309.tif,0.949,4.318,0.640,1.425,129,370,104.036,0.965,1.612,0.620,0.872
2768,gcb8309.tif,0.129,1.636,0.605,0.538,245,385,45.000,0.408,1.296,0.772,0.806
2769,gcb8309.tif,0.081,1.315,0.590,0.546,648,386,55.305,0.268,2.266,0.441,0.782
2770,gcb8309.tif,0.134,1.803,0.517,0.719,549,375,144.782,0.350,2.098,0.477,0.789
2771,gcb8309.tif,0.074,1.197,0.650,0.451,824,376,147.529,0.300,1.641,0.609,0.790
2772,gcb8309.tif,0.067,1.128,0.661,0.465,458,378,131.987,0.277,1.777,0.563,0.794
2773,gcb8309.tif,0.480,3.219,0.582,1.301,650,395,169.287,0.617,2.148,0.466,0.857
2774,gcb8309.tif,0.110,1.493,0.619,0.604,858,384,103.241,0.276,2.355,0.425,0.852
2775,gcb8309.tif,0.265,2.527,0.522,1.082,278,415,73.301,0.331,3.511,0.285,0.869
2776,gcb8309.tif,0.591,3.369,0.654,1.145,972,388,118.887,0.853,1.507,0.664,0.818
2777,gcb8309.tif,0.265,2.727,0.448,0.836,582,397,7.125,0.635,1.262,0.793,0.695
2778,gcb8309.tif,0.385,2.885,0.580,1.141,337,418,54.866,0.572,2.061,0.485,0.845
2779,gcb8309.tif,0.910,4.830,0.490,1.572,429,392,123.341,0.947,1.953,0.512,0.773
2780,gcb8309.tif,0.431,3.125,0.555,1.279,956,391,108.925,0.484,3.090,0.324,0.852
2781,gcb8309.tif,0.849,5.184,0.397,1.427,475,397,173.047,1.071,1.298,0.770,0.765
2782,gcb8309.tif,0.510,3.341,0.574,1.410,50,412,11.310,0.530,2.623,0.381,0.881
2783,gcb8309.tif,0.057,1.030,0.679,0.386,9,402,26.565,0.259,1.514,0.661,0.800
2784,gcb8309.tif,0.070,1.042,0.816,0.418,236,408,65.556,0.242,1.754,0.570,0.894
2785,gcb8309.tif,0.379,2.747,0.630,1.053,910,402,156.801,0.537,2.191,0.456,0.821
2786,gcb8309.tif,0.760,3.352,0.849,1.239,825,400,120.141,0.834,1.411,0.709,0.958
2787,gcb8309.tif,0.370,3.012,0.513,1.190,349,432,64.179,0.503,3.098,0.323,0.769
2788,gcb8309.tif,0.263,2.963,0.376,1.082,535,415,16.699,0.449,2.824,0.354,0.638
2789,gcb8309.tif,0.594,3.459,0.624,1.380,746,438,67.932,0.587,2.582,0.387,0.904
2790,gcb8309.tif,0.541,2.946,0.783,1.198,777,401,123.232,0.634,1.905,0.525,0.942
2791,gcb8309.tif,0.553,3.300,0.638,1.320,35,403,96.009,0.587,2.487,0.402,0.902
2792,gcb8309.tif,4.201,14.052,0.267,4.003,264,508,63.877,2.339,2.155,0.464,0.636
2793,gcb8309.tif,0.064,1.090,0.681,0.470,413,404,107.103,0.193,2.770,0.361,0.871
2794,gcb8309.tif,0.134,1.433,0.819,0.572,860,420,64.983,0.346,1.738,0.575,0.922
2795,gcb8309.tif,0.934,5.564,0.379,1.639,641,430,18.435,0.929,1.892,0.529,0.757
2796,gcb8309.tif,0.075,1.257,0.598,0.536,222,408,104.931,0.207,2.997,0.334,0.846
2797,gcb8309.tif,0.064,0.981,0.842,0.418,14,421,65.556,0.240,1.811,0.552,0.885
2798,gcb8309.tif,0.648,3.536,0.652,1.425,376,451,67.166,0.685,2.199,0.455,0.911
2799,gcb8309.tif,0.850,3.817,0.733,1.269,709,446,60.642,0.987,1.245,0.803,0.913
2800,gcb8309.tif,0.211,2.885,0.319,1.126,77,415,107.879,0.437,3.213,0.311,0.530
2801,gcb8309.tif,0.064,0.989,0.828,0.374,588,416,123.690,0.267,1.513,0.661,0.837
2802,gcb8309.tif,0.210,2.002,0.659,0.824,882,436,56.976,0.415,2.214,0.452,0.871
2803,gcb8309.tif,0.339,2.975,0.482,1.153,67,418,98.616,0.475,2.965,0.337,0.753
2804,gcb8309.tif,1.594,5.328,0.706,1.886,516,473,81.573,1.384,1.195,0.837,0.890
2805,gcb8309.tif,0.161,1.746,0.665,0.681,235,421,156.038,0.387,1.951,0.513,0.808
2806,gcb8309.tif,1.167,4.505,0.722,1.540,162,439,9.039,1.128,1.392,0.718,0.891
2807,gcb8309.tif,0.153,1.657,0.700,0.712,268,435,29.055,0.324,2.407,0.416,0.880
2808,gcb8309.tif,0.439,3.394,0.479,1.355,905,426,160.641,0.618,2.579,0.388,0.788
2809,gcb8309.tif,4.788,15.705,0.244,3.797,550,451,139.059,2.538,1.437,0.696,0.728
2810,gcb8309.tif,0.338,2.922,0.497,1.114,637,433,150.255,0.560,2.122,0.471,0.752
2811,gcb8309.tif,0.076,1.225,0.640,0.498,772,436,146.310,0.244,2.351,0.425,0.790
2812,gcb8309.tif,0.431,2.649,0.772,1.027,336,436,132.274,0.635,1.690,0.592,0.928
2813,gcb8309.tif,0.777,4.082,0.586,1.496,825,437,96.633,0.807,2.077,0.481,0.821
2814,gcb8309.tif,0.639,3.202,0.783,1.114,266,445,150.255,0.864,1.159,0.863,0.917
2815,gcb8309.tif,0.248,1.962,0.811,0.806,619,443,120.964,0.448,1.835,0.545,0.914
2816,gcb8309.tif,0.404,2.763,0.665,1.076,217,444,95.528,0.507,2.203,0.454,0.914
2817,gcb8309.tif,0.318,2.454,0.663,0.888,100,456,13.496,0.587,1.697,0.589,0.820
2818,gcb8309.tif,0.705,4.106,0.525,1.274,887,448,130.601,0.902,1.543,0.648,0.768
2819,gcb8309.tif,0.911,4.542,0.555,1.541,450,480,47.726,0.929,1.865,0.536,0.828
2820,gcb8309.tif,0.365,3.179,0.454,1.334,781,479,53.427,0.485,3.110,0.322,0.778
2821,gcb8309.tif,0.142,1.363,0.961,0.491,997,459,39.289,0.415,1.185,0.844,0.922
2822,gcb8309.tif,0.327,2.992,0.459,0.973,659,461,163.496,0.562,1.864,0.537,0.746
2823,gcb8309.tif,0.080,1.225,0.670,0.449,127,456,112.620,0.276,1.468,0.681,0.817
2824,gcb8309.tif,0.519,2.722,0.881,0.927,708,457,116.565,0.760,1.147,0.872,0.944
2825,gcb8309.tif,0.192,1.787,0.757,0.742,744,456,117.759,0.371,2.091,0.478,0.912
2826,gcb8309.tif,0.595,4.286,0.407,1.418,163,492,46.975,0.941,1.571,0.636,0.665
2827,gcb8309.tif,0.112,1.347,0.778,0.514,861,476,70.346,0.311,1.732,0.577,0.887
2828,gcb8309.tif,0.915,5.779,0.344,1.662,90,466,163.072,1.152,1.633,0.612,0.643
2829,gcb8309.tif,0.097,1.266,0.759,0.546,991,465,124.695,0.270,2.186,0.458,0.885
2830,gcb8309.tif,0.473,4.204,0.336,1.458,874,466,95.440,0.691,2.030,0.493,0.687
2831,gcb8309.tif,0.811,3.740,0.728,1.162,357,469,112.751,1.002,1.097,0.911,0.893
2832,gcb8309.tif,0.523,2.926,0.768,1.085,401,492,30.651,0.751,1.543,0.648,0.899
2833,gcb8309.tif,0.594,3.740,0.533,1.258,527,509,74.055,0.850,1.620,0.617,0.832
2834,gcb8309.tif,0.878,5.449,0.371,1.672,848,474,97.125,1.131,1.753,0.571,0.648
2835,gcb8309.tif,0.408,4.347,0.272,1.400,646,479,164.249,0.678,2.664,0.375,0.545
2836,gcb8309.tif,0.118,1.372,0.789,0.588,498,476,130.236,0.291,2.221,0.450,0.884
2837,gcb8309.tif,0.502,2.747,0.835,0.978,8,495,32.005,0.735,1.340,0.747,0.925
2838,gcb8309.tif,0.314,2.263,0.770,0.913,797,482,119.476,0.464,2.064,0.485,0.905
2839,gcb8309.tif,0.406,2.698,0.701,1.106,440,516,75.530,0.565,1.967,0.508,0.892
2840,gcb8309.tif,0.419,2.698,0.723,0.990,972,513,77.905,0.617,1.679,0.596,0.872
2841,gcb8309.tif,0.250,1.925,0.847,0.759,203,487,149.931,0.476,1.611,0.621,0.923
2842,gcb8309.tif,0.127,1.645,0.588,0.758,487,486,133.152,0.220,3.650,0.274,0.883
2843,gcb8309.tif,0.400,2.776,0.652,0.961,726,509,52.306,0.642,1.718,0.582,0.838
2844,gcb8309.tif,0.374,2.466,0.773,0.997,54,508,33.690,0.594,1.798,0.556,0.926
2845,gcb8309.tif,0.113,1.335,0.800,0.567,544,495,142.431,0.316,1.864,0.536,0.905
2846,gcb8309.tif,0.389,2.690,0.676,0.973,905,523,73.496,0.691,1.453,0.688,0.846
2847,gcb8309.tif,0.168,1.571,0.858,0.646,424,497,105.524,0.346,1.764,0.567,0.934
2848,gcb8309.tif,0.164,1.766,0.659,0.735,763,498,131.186,0.380,2.036,0.491,0.873
2849,gcb8309.tif,0.143,1.542,0.757,0.643,157,502,143.746,0.371,1.724,0.580,0.906
2850,gcb8309.tif,0.187,2.336,0.432,1.026,240,501,147.381,0.305,3.899,0.256,0.768
2851,gcb8309.tif,0.259,1.856,0.946,0.637,297,502,130.601,0.553,1.058,0.945,0.937
2852,gcb8309.tif,0.088,1.188,0.787,0.449,39,517,67.380,0.276,1.630,0.613,0.897
2853,gcb8309.tif,0.129,1.404,0.822,0.557,458,522,82.875,0.311,1.727,0.579,0.900
2854,gcb8309.tif,0.262,1.953,0.861,0.682,469,529,59.534,0.518,1.285,0.778,0.926
2855,gcb8309.tif,0.426,2.870,0.650,0.958,529,530,25.641,0.640,1.613,0.620,0.816
2856,gcb8309.tif,0.642,5.254,0.293,1.731,556,557,63.947,0.873,2.230,0.448,0.687
2857,gcb8309.tif,0.050,0.814,0.951,0.319,216,523,40.601,0.242,1.324,0.756,0.894
2858,gcb8309.tif,0.986,4.411,0.637,1.662,347,540,16.928,0.847,1.917,0.522,0.921
2859,gcb8309.tif,0.050,0.814,0.951,0.297,791,525,35.538,0.242,1.122,0.891,0.884
2860,gcb8309.tif,0.792,3.317,0.904,1.141,811,521,125.134,0.929,1.198,0.835,0.953
2861,gcb8309.tif,0.115,1.294,0.860,0.526,139,523,156.801,0.332,1.601,0.625,0.881
2862,gcb8309.tif,0.133,1.502,0.739,0.604,401,521,103.241,0.311,1.906,0.525,0.888
2863,gcb8309.tif,0.060,1.225,0.500,0.514,1008,523,160.346,0.221,3.140,0.318,0.649
2864,gcb8309.tif,0.102,1.197,0.891,0.491,766,532,39.289,0.314,1.638,0.611,0.895
2865,gcb8309.tif,0.307,4.005,0.240,1.576,923,553,37.875,0.559,3.447,0.290,0.471
2866,gcb8309.tif,0.797,6.133,0.266,1.362,43,557,54.293,1.083,1.218,0.821,0.742
2867,gcb8309.tif,0.524,2.820,0.829,1.016,274,539,17.819,0.691,1.468,0.681,0.930
2868,gcb8309.tif,0.203,2.511,0.405,0.853,495,528,121.759,0.501,1.680,0.595,0.701
2869,gcb8309.tif,0.301,2.376,0.670,1.006,163,556,74.055,0.457,2.329,0.429,0.898
2870,gcb8309.tif,0.505,2.584,0.951,0.901,227,530,122.471,0.760,1.104,0.906,0.961
2871,gcb8309.tif,1.655,8.559,0.284,2.015,424,533,120.964,1.597,1.244,0.804,0.681
2872,gcb8309.tif,1.439,7.863,0.293,2.297,591,602,83.089,1.082,2.119,0.472,0.767
2873,gcb8309.tif,2.696,7.500,0.602,2.787,109,615,72.688,1.611,1.944,0.514,0.854
2874,gcb8309.tif,0.801,4.701,0.456,1.891,181,590,71.896,0.661,2.958,0.338,0.803
2875,gcb8309.tif,0.119,1.384,0.784,0.498,522,538,123.690,0.366,1.362,0.734,0.870
2876,gcb8309.tif,0.253,2.515,0.503,1.060,1010,570,70.974,0.386,3.314,0.302,0.811
2877,gcb8309.tif,0.154,1.579,0.776,0.541,257,543,116.565,0.415,1.220,0.820,0.860
2878,gcb8309.tif,0.131,1.384,0.862,0.495,620,555,12.095,0.377,1.308,0.765,0.891
2879,gcb8309.tif,0.088,1.197,0.776,0.470,1004,559,72.897,0.268,1.753,0.570,0.846
2880,gcb8309.tif,0.456,3.838,0.389,1.098,357,563,24.146,0.691,1.741,0.574,0.703
2881,gcb8309.tif,0.087,1.547,0.458,0.503,773,563,74.055,0.352,1.801,0.555,0.676
2882,gcb8309.tif,0.368,2.218,0.940,0.777,294,564,32.276,0.657,1.165,0.858,0.946
2883,gcb8309.tif,0.872,5.226,0.401,1.934,789,550,131.379,0.815,2.931,0.341,0.753
2884,gcb8309.tif,0.554,3.309,0.636,1.377,330,551,107.526,0.623,2.369,0.422,0.907
2885,gcb8309.tif,0.054,1.058,0.603,0.470,895,563,53.973,0.205,2.862,0.349,0.763
2886,gcb8309.tif,0.571,3.044,0.774,1.182,205,588,74.745,0.675,1.756,0.570,0.931
2887,gcb8309.tif,0.198,2.023,0.609,0.824,865,570,33.024,0.361,2.555,0.391,0.856
2888,gcb8309.tif,0.060,1.205,0.517,0.489,530,561,8.130,0.173,3.100,0.323,0.794
2889,gcb8309.tif,0.063,1.087,0.673,0.394,755,566,37.875,0.247,1.583,0.632,0.809
2890,gcb8309.tif,0.158,1.551,0.824,0.618,317,579,63.435,0.382,1.744,0.573,0.901
2891,gcb8309.tif,0.072,1.286,0.544,0.503,632,564,105.945,0.207,2.690,0.372,0.828
2892,gcb8309.tif,0.142,1.416,0.891,0.510,7,578,61.699,0.380,1.181,0.847,0.926
2893,gcb8309.tif,0.105,1.188,0.935,0.451,79,576,57.529,0.346,1.255,0.797,0.921
2894,gcb8309.tif,0.094,1.257,0.750,0.510,499,573,28.301,0.264,2.107,0.475,0.888
2895,gcb8309.tif,0.435,2.483,0.886,0.886,718,567,110.556,0.695,1.241,0.806,0.938
2896,gcb8309.tif,0.903,6.352,0.281,2.572,985,567,96.170,0.603,5.192,0.193,0.727
2897,gcb8309.tif,0.141,1.905,0.488,0.758,758,577,24.228,0.306,2.948,0.339,0.774
2898,gcb8309.tif,0.331,2.808,0.527,0.995,906,579,20.323,0.618,2.071,0.483,0.760
2899,gcb8309.tif,1.166,4.261,0.807,1.432,531,575,160.253,1.188,1.145,0.873,0.919
2900,gcb8309.tif,0.407,3.691,0.376,1.476,278,581,163.686,0.572,3.342,0.299,0.737
2901,gcb8309.tif,1.059,4.289,0.723,1.423,380,610,60.945,1.164,1.176,0.850,0.925
2902,gcb8309.tif,0.683,3.352,0.764,1.249,465,609,75.579,0.760,1.565,0.639,0.921
2903,gcb8309.tif,0.844,3.817,0.728,1.291,236,598,15.524,1.021,1.288,0.777,0.889
2904,gcb8309.tif,0.560,3.101,0.732,1.153,493,611,81.384,0.657,1.774,0.564,0.902
2905,gcb8309.tif,0.728,5.885,0.264,1.465,852,618,70.710,1.133,1.373,0.728,0.595
2906,gcb8309.tif,0.368,2.767,0.603,1.189,946,607,54.462,0.448,2.898,0.345,0.902
2907,gcb8309.tif,1.394,6.858,0.372,2.009,653,641,86.055,1.197,1.925,0.519,0.751
2908,gcb8309.tif,0.263,2.178,0.696,0.832,145,606,41.634,0.475,1.919,0.521,0.822
2909,gcb8309.tif,1.219,6.568,0.355,1.861,691,638,74.932,1.184,1.292,0.774,0.727
2910,gcb8309.tif,0.166,2.006,0.518,0.897,967,617,74.358,0.277,3.746,0.267,0.894
2911,gcb8309.tif,0.121,1.542,0.637,0.682,904,593,120.466,0.257,2.898,0.345,0.886
2912,gcb8309.tif,0.418,2.564,0.799,0.956,286,621,77.471,0.605,1.627,0.615,0.926
2913,gcb8309.tif,0.205,2.742,0.343,1.153,665,596,98.616,0.294,4.755,0.210,0.741
2914,gcb8309.tif,1.093,6.287,0.347,2.144,755,597,110.772,1.190,2.031,0.492,0.595
2915,gcb8309.tif,0.229,1.893,0.804,0.719,922,598,125.218,0.482,1.502,0.666,0.893
2916,gcb8309.tif,1.142,8.212,0.213,1.970,570,601,111.615,1.235,1.715,0.583,0.612
2917,gcb8309.tif,0.743,4.761,0.412,1.922,292,638,37.694,0.712,3.376,0.296,0.751
2918,gcb8309.tif,0.394,2.397,0.862,0.913,609,603,119.476,0.622,1.408,0.710,0.944
2919,gcb8309.tif,0.760,5.018,0.379,1.812,888,605,145.098,0.825,2.522,0.397,0.710
2920,gcb8309.tif,0.365,2.584,0.688,0.909,226,604,98.746,0.622,1.488,0.672,0.874
2921,gcb8309.tif,0.682,3.430,0.728,1.308,199,605,102.200,0.690,2.040,0.490,0.914
2922,gcb8309.tif,0.574,4.245,0.400,1.825,531,610,127.304,0.525,3.741,0.267,0.765
2923,gcb8309.tif,0.124,1.608,0.604,0.635,340,612,157.620,0.366,1.782,0.561,0.768
2924,gcb8309.tif,0.133,1.815,0.506,0.732,737,631,70.710,0.348,2.164,0.462,0.740
2925,gcb8309.tif,0.121,1.412,0.760,0.536,145,618,14.931,0.340,1.575,0.635,0.856
2926,gcb8309.tif,0.408,3.098,0.535,1.306,254,617,142.524,0.462,3.274,0.305,0.823
2927,gcb8309.tif,0.136,1.562,0.701,0.623,824,614,109.440,0.307,2.208,0.453,0.887
2928,gcb8309.tif,1.181,5.055,0.581,1.762,481,631,154.440,1.059,1.524,0.656,0.866
2929,gcb8309.tif,0.556,3.032,0.761,1.051,152,639,9.462,0.773,1.461,0.684,0.888
2930,gcb8309.tif,2.156,5.607,0.861,1.837,237,627,106.390,1.579,1.146,0.872,0.955
2931,gcb8309.tif,0.131,1.798,0.510,0.755,467,627,105.945,0.302,3.233,0.309,0.789
2932,gcb8309.tif,0.167,1.481,0.957,0.540,109,629,129.806,0.440,1.230,0.813,0.927
2933,gcb8309.tif,0.119,1.660,0.544,0.744,436,629,111.801,0.254,3.408,0.293,0.844
2934,gcb8309.tif,0.843,3.459,0.886,1.141,415,632,125.134,1.005,1.075,0.930,0.956
2935,gcb8309.tif,0.124,1.453,0.739,0.615,673,632,128.157,0.342,1.651,0.606,0.900
2936,gcb8309.tif,0.198,1.824,0.749,0.719,737,634,125.218,0.415,1.828,0.547,0.885
2937,gcb8309.tif,1.257,7.672,0.268,2.007,833,635,92.961,1.247,1.667,0.600,0.685
2938,gcb8309.tif,0.050,0.912,0.758,0.374,395,638,123.690,0.201,2.042,0.490,0.832
2939,gcb8309.tif,0.170,1.571,0.864,0.597,94,660,79.992,0.380,1.491,0.671,0.919
2940,gcb8309.tif,0.160,1.559,0.827,0.592,372,645,96.710,0.398,1.472,0.679,0.884
2941,gcb8309.tif,1.463,8.869,0.234,1.961,307,701,75.719,1.474,1.480,0.676,0.649
2942,gcb8309.tif,0.348,2.483,0.709,0.888,633,653,166.504,0.622,1.521,0.658,0.870
2943,gcb8309.tif,0.551,2.909,0.817,1.119,357,684,81.119,0.622,1.764,0.567,0.951
2944,gcb8309.tif,0.088,1.079,0.954,0.386,803,659,26.565,0.340,1.107,0.903,0.914
2945,gcb8309.tif,0.277,2.011,0.861,0.758,913,656,155.772,0.537,1.472,0.679,0.915
2946,gcb8309.tif,0.215,1.913,0.738,0.732,475,675,70.710,0.457,1.748,0.572,0.880
2947,gcb8309.tif,0.333,3.256,0.395,1.023,113,668,168.311,0.640,1.799,0.556,0.631
2948,gcb8309.tif,0.057,0.883,0.924,0.326,741,666,32.005,0.242,1.175,0.851,0.897
2949,gcb8309.tif,1.938,6.096,0.655,1.858,494,711,71.565,1.635,1.083,0.923,0.860
2950,gcb8309.tif,0.359,2.348,0.819,0.898,657,675,22.620,0.587,1.438,0.696,0.904
2951,gcb8309.tif,0.754,3.504,0.771,1.182,901,661,105.255,0.867,1.436,0.696,0.924
2952,gcb8309.tif,1.201,4.802,0.655,1.765,581,665,113.051,1.155,1.674,0.597,0.880
2953,gcb8309.tif,0.601,3.199,0.738,1.275,759,687,32.829,0.667,1.968,0.508,0.920
2954,gcb8309.tif,0.199,1.803,0.771,0.646,948,674,164.476,0.464,1.324,0.755,0.881
2955,gcb8309.tif,0.621,3.288,0.722,1.291,715,671,105.524,0.680,1.952,0.512,0.922
2956,gcb8309.tif,0.363,2.282,0.876,0.821,553,672,112.249,0.553,1.376,0.727,0.962
2957,gcb8309.tif,1.262,7.407,0.289,1.938,619,673,140.064,1.541,1.141,0.877,0.650
2958,gcb8309.tif,0.055,0.989,0.705,0.386,209,686,79.695,0.235,1.725,0.580,0.814
2959,gcb8309.tif,0.096,1.352,0.657,0.567,391,688,52.431,0.259,2.340,0.427,0.842
2960,gcb8309.tif,0.762,3.838,0.650,1.258,935,683,127.185,0.994,1.364,0.733,0.857
2961,gcb8309.tif,0.066,1.001,0.823,0.433,378,680,118.610,0.229,2.067,0.484,0.873
2962,gcb8309.tif,0.084,1.087,0.889,0.451,979,683,147.529,0.269,1.825,0.548,0.892
2963,gcb8309.tif,0.401,4.033,0.310,1.093,855,688,124.695,0.835,1.477,0.677,0.576
2964,gcb8309.tif,0.253,2.071,0.741,0.700,369,689,122.905,0.587,1.159,0.863,0.880
2965,gcb8309.tif,0.085,1.298,0.633,0.557,974,689,97.125,0.207,2.848,0.351,0.871
2966,gcb8309.tif,0.462,2.800,0.741,1.114,741,690,97.125,0.587,1.919,0.521,0.925
2967,gcb8309.tif,0.668,4.070,0.506,1.126,390,705,162.121,0.915,1.121,0.892,0.851
2968,gcb8309.tif,0.288,2.324,0.670,0.853,820,698,121.759,0.529,1.832,0.546,0.809
2969,gcb8309.tif,0.092,1.254,0.735,0.567,676,704,142.431,0.244,2.590,0.386,0.885
2970,gcb8309.tif,0.062,0.912,0.939,0.340,182,706,156.038,0.276,1.155,0.866,0.889
2971,gcb8309.tif,0.136,1.433,0.834,0.514,168,715,160.346,0.371,1.399,0.715,0.887
2972,gcb8309.tif,0.072,1.010,0.883,0.394,317,717,15.255,0.273,1.498,0.668,0.876
2973,gcb8324.tif,2.835,6.540,0.833,2.009,875,53,49.185,1.900,1.021,0.979,0.959
2974,gcb8324.tif,0.104,1.384,0.682,0.481,205,20,21.038,0.380,1.305,0.766,0.833
2975,gcb8324.tif,0.105,1.864,0.380,0.729,839,31,58.570,0.318,2.859,0.350,0.624
2976,gcb8324.tif,0.168,2.312,0.396,0.990,364,17,119.249,0.313,4.475,0.223,0.705
2977,gcb8324.tif,0.116,1.384,0.760,0.587,186,28,28.072,0.325,1.976,0.506,0.898
2978,gcb8324.tif,0.609,3.138,0.777,1.204,442,45,39.174,0.697,1.824,0.548,0.916
2979,gcb8324.tif,0.081,1.176,0.737,0.437,935,27,161.565,0.311,1.530,0.654,0.814
2980,gcb8324.tif,0.265,2.080,0.770,0.748,242,28,146.310,0.527,1.403,0.713,0.883
2981,gcb8324.tif,0.076,1.099,0.795,0.481,521,28,158.962,0.242,1.963,0.509,0.901
2982,gcb8324.tif,0.381,3.940,0.308,1.324,195,37,7.496,0.622,2.539,0.394,0.634
2983,gcb8324.tif,0.086,1.128,0.850,0.465,487,29,131.987,0.293,1.692,0.591,0.873
2984,gcb8324.tif,0.232,2.564,0.443,1.031,762,37,166.430,0.355,3.304,0.303,0.778
2985,gcb8324.tif,0.355,2.564,0.678,1.017,927,50,9.782,0.478,2.075,0.482,0.912
2986,gcb8324.tif,0.051,1.010,0.633,0.433,988,50,61.390,0.201,2.410,0.415,0.843
2987,gcb8324.tif,0.066,1.030,0.778,0.433,141,48,28.610,0.240,1.934,0.517,0.853
2988,gcb8324.tif,0.936,3.651,0.883,1.233,158,52,168.690,1.071,1.056,0.947,0.953
2989,gcb8324.tif,0.117,1.473,0.678,0.623,670,59,70.560,0.260,2.645,0.378,0.879
2990,gcb8324.tif,0.174,2.112,0.491,0.798,792,45,162.350,0.311,2.905,0.344,0.783
2991,gcb8324.tif,0.057,0.863,0.967,0.346,194,45,143.130,0.242,1.392,0.718,0.897
2992,gcb8324.tif,0.061,0.952,0.844,0.367,620,53,48.814,0.276,1.313,0.762,0.857
2993,gcb8324.tif,0.315,3.415,0.340,1.200,255,46,131.496,0.484,3.104,0.322,0.647
2994,gcb8324.tif,1.088,4.814,0.590,1.858,32,47,99.638,0.896,2.365,0.423,0.872
2995,gcb8324.tif,0.222,3.273,0.261,1.306,692,76,37.476,0.405,4.338,0.231,0.588
2996,gcb8324.tif,0.211,2.813,0.336,1.227,463,55,147.653,0.355,4.705,0.213,0.633
2997,gcb8324.tif,0.082,1.217,0.699,0.546,531,56,161.565,0.242,2.590,0.386,0.873
2998,gcb8324.tif,0.099,1.217,0.841,0.495,70,55,114.775,0.295,1.731,0.578,0.892
2999,gcb8324.tif,0.333,3.040,0.453,1.006,120,66,15.945,0.553,1.961,0.510,0.759
3000,gcb8324.tif,0.081,1.286,0.617,0.558,857,60,111.801,0.226,2.763,0.362,0.845
3001,gcb8324.tif,0.090,1.400,0.574,0.480,289,62,149.744,0.302,1.536,0.651,0.794
3002,gcb8324.tif,0.811,4.020,0.631,1.467,717,109,74.982,0.786,2.065,0.484,0.839
3003,gcb8324.tif,2.196,5.490,0.916,1.772,911,119,69.444,1.624,1.046,0.956,0.971
3004,gcb8324.tif,0.107,1.225,0.900,0.481,121,75,158.962,0.342,1.419,0.705,0.900
3005,gcb8324.tif,0.067,1.225,0.560,0.526,181,87,23.199,0.252,2.479,0.403,0.732
3006,gcb8324.tif,0.074,1.237,0.608,0.529,696,83,101.310,0.207,2.508,0.399,0.873
3007,gcb8324.tif,4.976,8.574,0.851,3.001,57,161,54.846,2.224,1.350,0.741,0.970
3008,gcb8324.tif,0.125,2.275,0.304,0.956,341,92,130.601,0.318,5.362,0.187,0.525
3009,gcb8324.tif,0.197,1.986,0.628,0.773,453,103,116.565,0.407,1.908,0.524,0.831
3010,gcb8324.tif,0.171,2.409,0.370,1.051,211,111,9.462,0.250,4.555,0.220,0.797
3011,gcb8324.tif,0.668,3.007,0.928,1.031,488,130,39.560,0.898,1.092,0.915,0.963
3012,gcb8324.tif,0.210,2.178,0.557,0.907,265,111,139.635,0.396,2.619,0.382,0.786
3013,gcb8324.tif,1.390,4.534,0.850,1.608,312,158,81.347,1.196,1.364,0.733,0.951
3014,gcb8324.tif,0.055,0.843,0.972,0.309,360,121,26.565,0.269,1.120,0.893,0.876
3015,gcb8324.tif,0.106,1.433,0.651,0.597,515,134,79.992,0.268,2.524,0.396,0.832
3016,gcb8324.tif,0.807,5.237,0.370,2.218,809,133,4.467,0.644,3.952,0.253,0.814
3017,gcb8324.tif,0.248,3.202,0.304,1.355,874,125,174.144,0.380,4.933,0.203,0.673
3018,gcb8324.tif,0.498,2.894,0.747,1.134,598,119,127.569,0.635,1.883,0.531,0.911
3019,gcb8324.tif,3.443,7.215,0.831,2.531,955,126,94.699,1.855,1.305,0.766,0.961
3020,gcb8324.tif,2.376,5.917,0.853,1.925,228,179,68.962,1.617,1.164,0.859,0.965
3021,gcb8324.tif,1.304,4.350,0.866,1.571,574,130,129.644,1.128,1.422,0.703,0.960
3022,gcb8324.tif,1.269,4.239,0.888,1.473,730,140,140.711,1.209,1.130,0.885,0.966
3023,gcb8324.tif,0.060,0.961,0.813,0.346,482,142,36.870,0.276,1.302,0.768,0.862
3024,gcb8324.tif,0.490,2.601,0.910,0.855,885,149,14.036,0.773,1.058,0.945,0.939
3025,gcb8324.tif,1.519,4.712,0.860,1.676,694,184,75.677,1.244,1.314,0.761,0.957
3026,gcb8324.tif,0.240,2.434,0.509,0.755,503,139,105.945,0.585,1.531,0.653,0.742
3027,gcb8324.tif,0.082,1.058,0.924,0.403,789,151,30.964,0.293,1.399,0.715,0.896
3028,gcb8324.tif,0.266,1.925,0.903,0.649,843,162,64.799,0.576,1.061,0.943,0.933
3029,gcb8324.tif,0.081,1.148,0.775,0.427,282,158,75.964,0.276,1.518,0.659,0.855
3030,gcb8324.tif,0.096,1.217,0.811,0.470,658,150,162.897,0.276,1.761,0.568,0.884
3031,gcb8324.tif,0.097,1.217,0.821,0.464,484,162,63.435,0.306,1.553,0.644,0.905
3032,gcb8324.tif,0.103,1.286,0.780,0.558,172,154,158.199,0.276,2.046,0.489,0.901
3033,gcb8324.tif,0.100,1.628,0.476,0.691,914,168,53.130,0.281,3.255,0.307,0.680
3034,gcb8324.tif,0.229,1.795,0.894,0.695,295,154,116.565,0.489,1.398,0.715,0.925
3035,gcb8324.tif,0.054,0.834,0.970,0.326,644,163,57.995,0.242,1.186,0.843,0.909
3036,gcb8324.tif,0.086,1.542,0.454,0.656,416,157,161.565,0.242,3.058,0.327,0.754
3037,gcb8324.tif,0.361,3.577,0.354,1.376,259,191,51.116,0.697,2.177,0.459,0.632
3038,gcb8324.tif,1.371,8.862,0.219,2.971,311,217,33.136,1.284,2.715,0.368,0.473
3039,gcb8324.tif,0.135,2.011,0.419,0.733,793,168,98.130,0.376,2.115,0.473,0.651
3040,gcb8324.tif,1.268,4.652,0.737,1.565,484,176,133.210,1.094,1.467,0.682,0.901
3041,gcb8324.tif,4.237,9.307,0.615,2.841,705,237,41.055,2.162,1.254,0.797,0.907
3042,gcb8324.tif,0.185,2.149,0.504,0.918,65,179,160.201,0.315,3.488,0.287,0.791
3043,gcb8324.tif,0.498,4.729,0.280,1.453,590,220,71.996,0.969,1.595,0.627,0.536
3044,gcb8324.tif,4.315,8.156,0.815,2.869,455,266,80.991,2.203,1.248,0.801,0.949
3045,gcb8324.tif,2.989,13.194,0.216,4.528,204,185,128.182,1.786,2.684,0.373,0.481
3046,gcb8324.tif,3.478,7.483,0.780,2.772,343,257,54.130,1.761,1.614,0.620,0.944
3047,gcb8324.tif,0.386,2.572,0.733,0.949,276,191,100.491,0.555,1.870,0.535,0.910
3048,gcb8324.tif,0.183,2.665,0.323,1.098,811,195,167.276,0.289,5.417,0.185,0.695
3049,gcb8324.tif,1.262,4.273,0.869,1.476,908,196,110.556,1.152,1.284,0.779,0.954
3050,gcb8324.tif,0.073,1.001,0.913,0.346,98,200,126.870,0.311,1.044,0.958,0.891
3051,gcb8324.tif,0.278,2.710,0.476,1.181,664,219,20.556,0.429,3.249,0.308,0.785
3052,gcb8324.tif,0.069,1.136,0.675,0.480,947,204,120.256,0.235,2.390,0.418,0.800
3053,gcb8324.tif,4.167,11.289,0.411,3.259,501,297,55.804,2.055,1.551,0.645,0.836
3054,gcb8324.tif,0.424,3.691,0.391,1.425,63,232,22.834,0.549,3.304,0.303,0.667
3055,gcb8324.tif,0.051,1.010,0.633,0.420,634,220,9.462,0.202,2.480,0.403,0.741
3056,gcb8324.tif,0.184,1.824,0.695,0.689,417,238,72.474,0.424,1.783,0.561,0.804
3057,gcb8324.tif,0.671,3.243,0.802,1.249,311,227,104.421,0.709,1.786,0.560,0.948
3058,gcb8324.tif,1.844,5.242,0.843,1.777,795,283,76.504,1.344,1.351,0.740,0.952
3059,gcb8324.tif,1.280,4.305,0.868,1.502,851,238,113.025,1.140,1.285,0.778,0.958
3060,gcb8324.tif,0.437,2.966,0.624,1.085,679,267,59.349,0.712,1.541,0.649,0.830
3061,gcb8324.tif,0.353,2.963,0.506,1.103,904,242,122.196,0.525,2.423,0.413,0.813
3062,gcb8324.tif,0.904,5.746,0.344,1.555,44,280,53.130,1.124,1.520,0.658,0.697
3063,gcb8324.tif,0.219,2.144,0.597,0.907,567,271,72.255,0.344,2.951,0.339,0.891
3064,gcb8324.tif,0.067,1.030,0.792,0.403,977,249,120.964,0.276,1.475,0.678,0.855
3065,gcb8324.tif,0.205,1.787,0.809,0.667,596,254,111.251,0.481,1.338,0.748,0.891
3066,gcb8324.tif,0.283,3.324,0.322,1.352,80,265,175.601,0.445,4.541,0.220,0.641
3067,gcb8324.tif,0.127,1.453,0.754,0.529,893,277,78.690,0.380,1.337,0.748,0.876
3068,gcb8324.tif,3.138,6.914,0.825,2.222,349,294,15.333,1.929,1.153,0.867,0.958
3069,gcb8324.tif,0.215,1.864,0.777,0.712,432,287,60.945,0.451,1.509,0.663,0.872
3070,gcb8324.tif,0.060,1.107,0.612,0.491,337,282,50.711,0.211,2.795,0.358,0.800
3071,gcb8324.tif,0.221,2.601,0.410,1.008,827,271,112.166,0.477,2.570,0.389,0.657
3072,gcb8324.tif,0.086,1.139,0.832,0.437,134,286,71.565,0.276,1.626,0.615,0.889
3073,gcb8324.tif,0.104,1.225,0.870,0.498,646,281,146.310,0.316,1.658,0.603,0.892
3074,gcb8324.tif,1.311,4.322,0.882,1.535,915,325,82.235,1.106,1.378,0.726,0.961
3075,gcb8324.tif,5.456,8.827,0.880,2.762,435,350,31.701,2.606,1.020,0.981,0.972
3076,gcb8324.tif,0.067,1.001,0.838,0.394,942,286,105.255,0.242,1.540,0.649,0.889
3077,gcb8324.tif,1.985,5.355,0.870,1.816,576,338,68.806,1.396,1.310,0.763,0.962
3078,gcb8324.tif,0.061,0.981,0.795,0.404,210,301,70.017,0.226,1.937,0.516,0.857
3079,gcb8324.tif,0.134,1.815,0.510,0.712,87,299,14.036,0.296,2.616,0.382,0.812
3080,gcb8324.tif,0.107,1.266,0.843,0.526,880,298,23.199,0.294,1.890,0.529,0.905
3081,gcb8324.tif,0.087,1.352,0.600,0.540,796,293,129.806,0.288,2.072,0.483,0.760
3082,gcb8324.tif,0.084,1.139,0.809,0.464,657,303,26.565,0.273,1.689,0.592,0.881
3083,gcb8324.tif,0.053,0.940,0.747,0.374,276,305,56.310,0.231,1.834,0.545,0.815
3084,gcb8324.tif,0.780,3.944,0.630,1.363,696,297,120.466,0.860,1.763,0.567,0.863
3085,gcb8324.tif,0.183,1.697,0.797,0.623,36,315,56.310,0.464,1.354,0.738,0.890
3086,gcb8324.tif,0.096,1.286,0.726,0.557,227,306,7.125,0.238,2.445,0.409,0.870
3087,gcb8324.tif,1.179,4.904,0.616,1.809,821,326,6.582,1.057,1.754,0.570,0.851
3088,gcb8324.tif,0.051,0.932,0.743,0.340,534,304,113.962,0.242,1.460,0.685,0.835
3089,gcb8324.tif,1.045,4.053,0.799,1.522,646,340,39.472,0.947,1.607,0.622,0.943
3090,gcb8324.tif,0.084,1.050,0.953,0.404,874,312,19.983,0.276,1.389,0.720,0.915
3091,gcb8324.tif,0.102,1.323,0.729,0.527,414,324,58.392,0.318,1.730,0.578,0.846
3092,gcb8324.tif,0.054,0.863,0.907,0.346,762,314,143.130,0.244,1.418,0.705,0.874
3093,gcb8324.tif,3.689,7.760,0.770,2.596,228,314,99.964,1.895,1.362,0.734,0.955
3094,gcb8324.tif,1.022,7.023,0.260,2.348,175,324,122.989,1.459,1.970,0.508,0.513
3095,gcb8324.tif,0.142,1.766,0.572,0.722,619,321,163.301,0.276,2.963,0.337,0.856
3096,gcb8324.tif,0.416,2.405,0.903,0.847,747,322,101.768,0.657,1.282,0.780,0.946
3097,gcb8324.tif,0.060,0.961,0.813,0.394,288,335,74.745,0.242,1.737,0.576,0.840
3098,gcb8324.tif,0.054,0.912,0.812,0.367,549,329,131.186,0.244,1.514,0.661,0.849
3099,gcb8324.tif,3.655,7.220,0.881,2.465,865,400,84.369,2.072,1.142,0.876,0.966
3100,gcb8324.tif,0.133,1.803,0.512,0.541,150,331,153.435,0.447,1.077,0.928,0.760
3101,gcb8324.tif,0.130,1.982,0.416,0.842,315,332,160.821,0.290,3.692,0.271,0.744
3102,gcb8324.tif,0.149,1.384,0.980,0.498,957,343,56.310,0.415,1.143,0.875,0.933
3103,gcb8324.tif,0.240,2.100,0.684,0.729,398,334,148.570,0.547,1.345,0.744,0.857
3104,gcb8324.tif,1.060,4.871,0.562,1.716,657,357,18.800,1.001,2.037,0.491,0.770
3105,gcb8324.tif,0.115,1.502,0.639,0.656,23,338,161.565,0.276,2.626,0.381,0.853
3106,gcb8324.tif,0.226,1.970,0.731,0.689,908,356,72.474,0.520,1.431,0.699,0.844
3107,gcb8324.tif,0.078,1.245,0.629,0.485,125,348,94.086,0.256,1.952,0.512,0.823
3108,gcb8324.tif,0.519,3.944,0.420,1.569,164,395,82.405,0.624,3.315,0.302,0.739
3109,gcb8324.tif,0.567,3.214,0.690,1.316,141,390,76.329,0.622,2.158,0.463,0.918
3110,gcb8324.tif,0.693,6.275,0.221,2.572,276,363,173.830,0.565,6.250,0.160,0.624
3111,gcb8324.tif,0.068,1.058,0.764,0.433,724,358,118.610,0.284,1.740,0.575,0.809
3112,gcb8324.tif,0.162,2.373,0.362,0.977,67,370,8.130,0.334,3.703,0.270,0.680
3113,gcb8324.tif,0.148,1.787,0.583,0.667,911,379,68.749,0.311,2.076,0.482,0.889
3114,gcb8324.tif,0.204,2.120,0.571,0.667,110,383,68.749,0.539,1.277,0.783,0.774
3115,gcb8324.tif,0.060,1.021,0.719,0.449,489,372,22.620,0.207,2.194,0.456,0.893
3116,gcb8324.tif,1.593,5.245,0.728,1.720,757,413,67.557,1.348,1.199,0.834,0.908
3117,gcb8324.tif,0.100,1.502,0.559,0.623,735,386,70.560,0.267,2.916,0.343,0.804
3118,gcb8324.tif,1.652,5.331,0.730,1.888,406,373,124.563,1.279,1.463,0.683,0.924
3119,gcb8324.tif,0.084,1.384,0.549,0.612,647,377,16.390,0.222,3.176,0.315,0.782
3120,gcb8324.tif,0.099,1.306,0.730,0.526,60,387,66.801,0.306,1.780,0.562,0.874
3121,gcb8324.tif,0.607,3.093,0.797,1.149,936,373,105.709,0.746,1.548,0.646,0.931
3122,gcb8324.tif,3.897,7.369,0.902,2.362,659,383,110.556,2.143,1.080,0.926,0.975
3123,gcb8324.tif,0.122,1.930,0.411,0.856,830,387,133.363,0.254,3.839,0.261,0.750
3124,gcb8324.tif,1.413,4.652,0.820,1.506,906,387,99.246,1.293,1.102,0.908,0.937
3125,gcb8324.tif,0.074,1.176,0.672,0.498,566,402,56.310,0.227,2.535,0.394,0.805
3126,gcb8324.tif,0.387,2.946,0.560,1.137,57,393,109.537,0.537,2.325,0.430,0.819
3127,gcb8324.tif,0.257,2.491,0.520,1.037,342,419,53.130,0.383,3.309,0.302,0.807
3128,gcb8324.tif,0.197,3.195,0.242,1.215,489,398,104.826,0.322,4.740,0.211,0.624
3129,gcb8324.tif,0.276,2.316,0.646,0.913,283,409,150.524,0.525,1.901,0.526,0.821
3130,gcb8324.tif,0.832,3.475,0.866,1.361,397,408,113.962,0.843,1.624,0.616,0.960
3131,gcb8324.tif,0.116,1.706,0.500,0.727,808,409,154.654,0.340,2.047,0.488,0.749
3132,gcb8324.tif,3.604,14.716,0.209,4.199,786,411,95.194,2.140,2.296,0.436,0.588
3133,gcb8324.tif,0.594,3.607,0.573,1.162,455,421,149.621,0.790,1.658,0.603,0.808
3134,gcb8324.tif,0.050,0.932,0.726,0.356,526,426,60.945,0.225,1.666,0.600,0.792
3135,gcb8324.tif,0.110,1.473,0.636,0.643,985,428,36.254,0.305,2.470,0.405,0.844
3136,gcb8324.tif,4.906,15.366,0.261,4.236,312,425,123.690,2.562,1.396,0.716,0.731
3137,gcb8324.tif,0.385,2.356,0.870,0.837,816,425,128.290,0.667,1.265,0.790,0.924
3138,gcb8324.tif,0.164,1.729,0.687,0.700,234,434,20.225,0.366,2.005,0.499,0.864
3139,gcb8324.tif,1.129,7.301,0.266,2.475,68,426,125.910,1.074,3.258,0.307,0.533
3140,gcb8324.tif,0.406,3.883,0.338,1.479,845,455,37.405,0.627,3.204,0.312,0.650
3141,gcb8324.tif,0.070,1.294,0.528,0.546,714,430,108.435,0.219,2.678,0.373,0.761
3142,gcb8324.tif,0.668,5.238,0.306,2.101,931,468,36.304,0.759,3.305,0.303,0.625
3143,gcb8324.tif,0.254,3.538,0.255,1.535,435,439,144.162,0.323,5.909,0.169,0.665
3144,gcb8324.tif,0.437,2.747,0.728,1.037,379,440,119.982,0.604,1.987,0.503,0.867
3145,gcb8324.tif,0.994,3.723,0.901,1.256,584,472,58.496,1.071,1.138,0.879,0.960
3146,gcb8324.tif,2.498,6.031,0.863,2.146,990,508,75.069,1.543,1.400,0.714,0.963
3147,gcb8324.tif,0.768,4.070,0.582,1.261,888,491,80.538,0.933,1.437,0.696,0.852
3148,gcb8324.tif,0.510,2.730,0.860,0.995,846,462,110.323,0.682,1.415,0.707,0.938
3149,gcb8324.tif,0.411,2.417,0.884,0.920,257,479,34.287,0.657,1.399,0.715,0.952
3150,gcb8324.tif,0.250,3.334,0.282,1.411,536,485,30.964,0.378,5.154,0.194,0.606
3151,gcb8324.tif,0.130,1.599,0.639,0.623,520,477,33.690,0.354,1.949,0.513,0.810
3152,gcb8324.tif,0.978,4.370,0.643,1.258,386,507,52.815,1.037,1.126,0.888,0.930
3153,gcb8324.tif,0.795,3.467,0.831,1.299,928,510,64.799,0.802,1.606,0.623,0.943
3154,gcb8324.tif,0.316,2.710,0.541,1.017,488,485,9.782,0.485,2.408,0.415,0.814
3155,gcb8324.tif,0.051,0.892,0.812,0.328,201,481,161.565,0.242,1.391,0.719,0.851
3156,gcb8324.tif,0.054,0.932,0.777,0.382,214,481,95.194,0.207,1.619,0.618,0.857
3157,gcb8324.tif,0.068,1.139,0.659,0.449,79,496,67.380,0.220,2.316,0.432,0.832
3158,gcb8324.tif,0.061,1.254,0.487,0.433,432,492,28.610,0.244,1.862,0.537,0.729
3159,gcb8324.tif,0.207,2.707,0.354,1.144,224,502,25.017,0.346,3.957,0.253,0.684
3160,gcb8324.tif,3.676,7.487,0.824,2.427,592,533,28.025,2.031,1.040,0.962,0.953
3161,gcb8324.tif,0.326,2.889,0.491,1.192,563,500,16.858,0.398,3.787,0.264,0.795
3162,gcb8324.tif,0.066,0.973,0.873,0.374,954,489,123.690,0.242,1.553,0.644,0.902
3163,gcb8324.tif,0.751,4.928,0.389,1.882,665,502,7.386,0.596,3.821,0.262,0.772
3164,gcb8324.tif,2.710,6.937,0.707,2.176,726,496,133.069,1.743,1.201,0.833,0.927
3165,gcb8324.tif,0.075,1.234,0.621,0.451,418,498,175.601,0.277,1.612,0.620,0.741
3166,gcb8324.tif,0.050,0.883,0.808,0.346,458,495,126.870,0.216,1.754,0.570,0.840
3167,gcb8324.tif,0.073,1.188,0.648,0.503,481,494,105.945,0.226,2.529,0.395,0.830
3168,gcb8324.tif,2.461,9.880,0.317,2.092,247,556,67.671,1.871,1.133,0.883,0.807
3169,gcb8324.tif,0.158,1.502,0.878,0.588,530,499,130.236,0.415,1.398,0.715,0.926
3170,gcb8324.tif,0.115,1.433,0.702,0.575,39,501,147.265,0.330,1.965,0.509,0.817
3171,gcb8324.tif,0.296,2.120,0.828,0.755,508,508,105.945,0.553,1.354,0.739,0.932
3172,gcb8324.tif,0.051,0.892,0.812,0.328,565,517,71.565,0.273,1.142,0.875,0.819
3173,gcb8324.tif,0.234,1.795,0.913,0.595,305,510,125.538,0.553,1.062,0.942,0.922
3174,gcb8324.tif,3.620,8.581,0.618,2.634,368,547,19.148,2.157,1.061,0.943,0.883
3175,gcb8324.tif,0.057,0.932,0.829,0.367,524,524,138.814,0.269,1.369,0.731,0.842
3176,gcb8324.tif,0.310,2.198,0.808,0.773,989,532,169.695,0.612,1.341,0.746,0.878
3177,gcb8324.tif,0.930,3.971,0.741,1.453,446,529,108.004,0.857,1.783,0.561,0.906
3178,gcb8324.tif,0.953,3.961,0.763,1.398,818,569,81.469,1.041,1.307,0.765,0.921
3179,gcb8324.tif,4.761,15.435,0.251,3.772,290,639,86.849,2.143,1.564,0.639,0.757
3180,gcb8324.tif,0.066,1.021,0.791,0.394,341,538,37.875,0.276,1.344,0.744,0.887
3181,gcb8324.tif,0.059,1.156,0.550,0.546,72,531,145.305,0.198,3.341,0.299,0.778
3182,gcb8324.tif,1.966,5.286,0.884,1.747,56,535,114.538,1.521,1.117,0.896,0.963
3183,gcb8324.tif,0.646,4.714,0.365,1.934,856,539,138.621,0.620,3.847,0.260,0.736
3184,gcb8324.tif,0.638,5.242,0.292,2.071,493,573,27.848,0.526,4.655,0.215,0.695
3185,gcb8324.tif,0.207,2.589,0.387,1.008,352,542,112.166,0.429,3.464,0.289,0.665
3186,gcb8324.tif,0.303,2.483,0.618,0.883,546,560,30.579,0.532,1.700,0.588,0.858
3187,gcb8324.tif,0.709,3.182,0.880,1.132,178,577,77.661,0.829,1.339,0.747,0.949
3188,gcb8324.tif,0.087,1.266,0.684,0.557,17,547,150.255,0.268,2.330,0.429,0.849
3189,gcb8324.tif,0.764,3.426,0.818,1.194,711,556,157.891,0.932,1.356,0.737,0.934
3190,gcb8324.tif,0.066,1.286,0.499,0.529,792,551,101.310,0.207,3.215,0.311,0.748
3191,gcb8324.tif,0.872,6.057,0.299,2.538,92,554,150.642,0.638,4.699,0.213,0.739
3192,gcb8324.tif,1.118,7.677,0.238,2.887,482,618,42.089,0.789,4.919,0.203,0.679
3193,gcb8324.tif,0.236,2.641,0.426,1.080,901,565,172.648,0.354,3.729,0.268,0.775
3194,gcb8324.tif,0.476,5.068,0.233,1.210,242,568,126.870,0.994,1.150,0.869,0.596
3195,gcb8324.tif,0.059,0.912,0.885,0.352,674,570,11.310,0.242,1.441,0.694,0.867
3196,gcb8324.tif,2.066,6.882,0.548,1.979,858,570,106.220,1.530,1.269,0.788,0.875
3197,gcb8324.tif,0.081,1.225,0.680,0.481,993,572,111.038,0.263,2.000,0.500,0.829
3198,gcb8324.tif,0.139,1.689,0.610,0.667,355,577,158.749,0.311,2.399,0.417,0.826
3199,gcb8324.tif,0.172,1.783,0.680,0.637,195,579,102.529,0.464,1.282,0.780,0.802
3200,gcb8324.tif,0.117,1.404,0.746,0.570,436,588,14.036,0.311,1.849,0.541,0.883
3201,gcb8324.tif,0.066,1.128,0.649,0.433,487,579,118.610,0.251,2.002,0.500,0.797
3202,gcb8324.tif,1.003,3.882,0.837,1.350,710,583,166.675,1.002,1.278,0.782,0.953
3203,gcb8324.tif,0.100,1.286,0.762,0.510,1005,593,61.699,0.295,1.736,0.576,0.870
3204,gcb8324.tif,0.469,3.507,0.479,1.301,771,586,169.287,0.547,3.117,0.321,0.759
3205,gcb8324.tif,0.072,1.030,0.849,0.361,477,586,106.699,0.276,1.304,0.767,0.882
3206,gcb8324.tif,0.066,0.952,0.910,0.374,415,593,33.690,0.242,1.474,0.679,0.902
3207,gcb8324.tif,0.945,3.605,0.913,1.217,213,615,34.592,1.037,1.159,0.863,0.963
3208,gcb8324.tif,0.793,3.337,0.895,1.117,62,624,68.199,0.997,1.090,0.918,0.943
3209,gcb8324.tif,0.209,2.402,0.455,0.956,171,615,40.601,0.417,2.621,0.382,0.748
3210,gcb8324.tif,0.174,2.071,0.511,0.821,671,600,157.751,0.355,2.946,0.339,0.818
3211,gcb8324.tif,2.048,5.486,0.855,1.819,434,649,75.700,1.584,1.121,0.892,0.954
3212,gcb8324.tif,0.146,1.657,0.667,0.570,92,609,165.964,0.433,1.369,0.730,0.795
3213,gcb8324.tif,0.244,2.821,0.385,0.867,251,619,175.426,0.522,1.908,0.524,0.774
3214,gcb8324.tif,3.863,7.391,0.889,2.415,791,610,99.058,2.143,1.100,0.909,0.970
3215,gcb8324.tif,0.053,0.981,0.686,0.420,117,619,170.538,0.201,2.226,0.449,0.830
3216,gcb8324.tif,0.356,2.825,0.560,1.065,827,618,125.754,0.538,2.353,0.425,0.784
3217,gcb8324.tif,1.546,6.743,0.427,2.259,137,619,96.147,1.050,2.363,0.423,0.829
3218,gcb8324.tif,0.070,1.111,0.718,0.461,663,624,167.005,0.207,2.412,0.415,0.894
3219,gcb8324.tif,0.170,1.763,0.686,0.712,701,641,50.906,0.364,2.177,0.459,0.845
3220,gcb8324.tif,0.158,2.621,0.288,1.012,743,654,82.147,0.282,4.577,0.218,0.655
3221,gcb8324.tif,1.514,4.635,0.886,1.511,91,672,79.461,1.312,1.127,0.887,0.961
3222,gcb8324.tif,0.211,2.376,0.470,0.997,264,629,104.036,0.358,3.099,0.323,0.808
3223,gcb8324.tif,0.068,1.010,0.839,0.404,41,633,160.017,0.262,1.540,0.649,0.857
3224,gcb8324.tif,1.177,4.175,0.849,1.376,226,637,128.884,1.154,1.151,0.869,0.956
3225,gcb8324.tif,0.466,2.604,0.863,0.944,939,660,66.251,0.671,1.399,0.715,0.941
3226,gcb8324.tif,0.107,1.596,0.530,0.623,295,644,123.690,0.293,2.073,0.482,0.783
3227,gcb8324.tif,1.766,10.203,0.213,2.971,376,712,33.136,1.896,1.992,0.502,0.517
3228,gcb8324.tif,0.125,1.640,0.586,0.695,583,645,116.565,0.292,2.869,0.349,0.808
3229,gcb8324.tif,0.878,4.900,0.459,1.938,816,696,58.861,0.814,2.421,0.413,0.777
3230,gcb8324.tif,0.106,2.178,0.282,0.841,527,663,9.462,0.244,4.330,0.231,0.643
3231,gcb8324.tif,0.115,1.441,0.694,0.635,553,658,157.620,0.294,2.307,0.433,0.853
3232,gcb8324.tif,0.521,2.763,0.857,1.006,857,656,105.945,0.657,1.519,0.658,0.946
3233,gcb8324.tif,0.301,3.757,0.268,1.193,39,667,169.992,0.568,2.946,0.339,0.598
3234,gcb8324.tif,0.100,1.539,0.532,0.618,722,667,26.565,0.318,2.247,0.445,0.730
3235,gcb8324.tif,0.122,1.579,0.614,0.652,380,675,57.995,0.293,2.231,0.448,0.872
3236,gcb8324.tif,1.161,4.643,0.677,1.583,453,665,126.119,1.215,1.292,0.774,0.861
3237,gcb8324.tif,1.936,7.532,0.429,1.825,674,711,71.222,1.590,1.201,0.833,0.850
3238,gcb8324.tif,1.117,4.350,0.741,1.457,213,706,67.694,1.136,1.341,0.746,0.878
3239,gcb8324.tif,0.204,1.990,0.648,0.802,264,670,172.569,0.432,2.138,0.468,0.840
3240,gcb8324.tif,2.238,9.125,0.338,2.318,880,703,2.564,1.565,1.483,0.674,0.797
3241,gcb8324.tif,0.940,3.789,0.823,1.253,535,713,65.556,1.037,1.155,0.866,0.927
3242,gcb8324.tif,0.185,2.063,0.547,0.881,512,706,78.690,0.346,2.618,0.382,0.871
3243,gcb8324.tif,0.055,1.001,0.689,0.420,1001,694,80.538,0.173,2.276,0.439,0.868
3244,gcb8324.tif,0.053,0.871,0.870,0.340,578,697,66.038,0.244,1.435,0.697,0.838
3245,gcb8324.tif,0.059,1.038,0.682,0.451,190,710,122.471,0.211,2.374,0.421,0.810
3246,gcb8327.tif,0.259,3.644,0.245,1.611,519,31,35.395,0.319,6.598,0.152,0.616
3247,gcb8327.tif,1.052,3.976,0.836,1.383,865,42,77.005,1.002,1.361,0.734,0.952
3248,gcb8327.tif,0.087,1.128,0.862,0.422,185,18,34.992,0.318,1.462,0.684,0.874
3249,gcb8327.tif,0.133,1.844,0.490,0.765,502,18,18.435,0.324,2.866,0.349,0.735
3250,gcb8327.tif,4.588,15.693,0.234,3.618,82,12,107.223,2.292,1.981,0.505,0.695
3251,gcb8327.tif,0.588,3.158,0.740,1.125,588,35,10.620,0.831,1.473,0.679,0.893
3252,gcb8327.tif,0.528,3.558,0.524,1.535,332,50,35.838,0.484,3.449,0.290,0.876
3253,gcb8327.tif,0.105,1.852,0.385,0.758,1005,21,114.228,0.239,3.705,0.270,0.733
3254,gcb8327.tif,0.510,3.843,0.434,1.659,623,29,144.324,0.488,4.102,0.244,0.768
3255,gcb8327.tif,0.504,3.049,0.681,1.248,112,30,131.634,0.571,2.324,0.430,0.896
3256,gcb8327.tif,0.187,1.803,0.725,0.691,776,29,143.130,0.396,1.868,0.535,0.858
3257,gcb8327.tif,0.951,5.063,0.466,1.465,965,30,109.290,1.037,1.531,0.653,0.805
3258,gcb8327.tif,0.436,3.634,0.415,1.509,192,46,15.945,0.472,3.916,0.255,0.793
3259,gcb8327.tif,2.102,5.575,0.850,1.828,429,84,74.650,1.500,1.203,0.831,0.958
3260,gcb8327.tif,0.067,0.989,0.859,0.386,797,34,153.435,0.283,1.331,0.751,0.836
3261,gcb8327.tif,0.073,1.079,0.787,0.394,682,36,127.875,0.298,1.193,0.838,0.841
3262,gcb8327.tif,1.918,6.012,0.667,1.978,736,91,70.615,1.505,1.348,0.742,0.895
3263,gcb8327.tif,0.508,3.150,0.643,1.085,300,40,149.349,0.832,1.360,0.736,0.844
3264,gcb8327.tif,0.222,1.999,0.699,0.748,165,58,33.690,0.439,1.971,0.507,0.842
3265,gcb8327.tif,2.108,5.864,0.770,1.977,608,50,143.531,1.590,1.159,0.863,0.945
3266,gcb8327.tif,0.696,4.111,0.518,1.303,939,51,111.801,0.796,1.860,0.537,0.818
3267,gcb8327.tif,0.296,2.002,0.928,0.686,685,57,139.086,0.587,1.128,0.887,0.936
3268,gcb8327.tif,0.125,1.363,0.848,0.495,148,67,12.095,0.360,1.402,0.713,0.886
3269,gcb8327.tif,0.182,2.572,0.345,1.065,395,59,103.134,0.271,5.061,0.198,0.752
3270,gcb8327.tif,0.054,1.010,0.663,0.418,791,73,65.556,0.216,1.984,0.504,0.804
3271,gcb8327.tif,3.485,12.604,0.276,2.733,848,142,80.538,2.274,1.199,0.834,0.729
3272,gcb8327.tif,0.076,1.087,0.813,0.422,39,74,34.992,0.269,1.596,0.627,0.853
3273,gcb8327.tif,0.051,0.981,0.671,0.416,488,74,41.634,0.216,2.118,0.472,0.804
3274,gcb8327.tif,0.720,6.248,0.232,2.129,781,112,48.289,0.824,3.789,0.264,0.593
3275,gcb8327.tif,0.134,1.444,0.806,0.546,908,71,124.695,0.346,1.512,0.661,0.903
3276,gcb8327.tif,2.786,6.609,0.802,2.282,556,129,57.995,1.699,1.348,0.742,0.936
3277,gcb8327.tif,0.248,3.110,0.323,1.279,976,96,38.418,0.402,4.620,0.216,0.645
3278,gcb8327.tif,0.116,1.579,0.584,0.541,139,77,153.435,0.367,1.563,0.640,0.776
3279,gcb8327.tif,1.654,4.891,0.869,1.719,50,81,105.154,1.264,1.370,0.730,0.960
3280,gcb8327.tif,0.153,1.697,0.667,0.727,316,94,25.346,0.328,2.460,0.407,0.850
3281,gcb8327.tif,2.886,11.929,0.255,2.399,336,156,78.366,2.155,1.103,0.907,0.747
3282,gcb8327.tif,0.064,1.234,0.532,0.498,959,91,146.310,0.220,2.567,0.390,0.720
3283,gcb8327.tif,0.863,3.553,0.860,1.274,148,128,77.471,0.943,1.393,0.718,0.941
3284,gcb8327.tif,0.054,0.883,0.866,0.372,412,94,111.801,0.207,1.921,0.521,0.891
3285,gcb8327.tif,0.180,1.942,0.601,0.623,921,101,160.560,0.464,1.450,0.690,0.803
3286,gcb8327.tif,1.322,6.145,0.440,1.987,609,105,139.939,1.199,1.769,0.565,0.725
3287,gcb8327.tif,0.133,2.137,0.365,0.719,720,111,144.782,0.391,2.638,0.379,0.631
3288,gcb8327.tif,0.064,1.050,0.735,0.433,731,108,151.390,0.242,1.604,0.623,0.857
3289,gcb8327.tif,0.092,1.188,0.818,0.480,944,114,120.256,0.299,1.681,0.595,0.890
3290,gcb8327.tif,0.051,1.323,0.369,0.514,671,116,137.726,0.255,2.723,0.367,0.562
3291,gcb8327.tif,0.749,4.881,0.395,1.363,470,153,59.534,0.894,1.786,0.560,0.773
3292,gcb8327.tif,0.141,1.461,0.829,0.605,10,120,149.036,0.364,1.723,0.581,0.901
3293,gcb8327.tif,0.055,1.128,0.543,0.437,455,129,71.565,0.207,2.390,0.418,0.748
3294,gcb8327.tif,2.787,8.950,0.437,2.889,37,148,173.130,1.839,1.656,0.604,0.776
3295,gcb8327.tif,0.054,1.128,0.531,0.437,441,138,161.565,0.240,2.258,0.443,0.709
3296,gcb8327.tif,0.063,0.961,0.862,0.356,187,144,29.055,0.247,1.438,0.696,0.869
3297,gcb8327.tif,0.405,3.794,0.353,1.496,594,141,139.686,0.548,3.322,0.301,0.679
3298,gcb8327.tif,0.334,3.644,0.316,1.690,636,177,49.145,0.336,6.852,0.146,0.745
3299,gcb8327.tif,0.342,3.142,0.435,1.204,226,163,39.174,0.587,2.361,0.423,0.688
3300,gcb8327.tif,0.147,2.695,0.254,1.020,534,147,118.301,0.340,4.422,0.226,0.618
3301,gcb8327.tif,0.103,1.783,0.406,0.615,443,154,141.843,0.342,1.864,0.537,0.642
3302,gcb8327.tif,0.252,3.150,0.319,1.274,361,182,49.399,0.387,4.468,0.224,0.615
3303,gcb8327.tif,0.073,0.973,0.968,0.374,921,155,123.690,0.242,1.355,0.738,0.938
3304,gcb8327.tif,0.158,1.502,0.878,0.575,180,163,147.265,0.433,1.352,0.740,0.907
3305,gcb8327.tif,0.478,2.572,0.907,0.883,789,166,120.579,0.751,1.186,0.843,0.941
3306,gcb8327.tif,1.477,4.557,0.894,1.500,294,166,128.454,1.279,1.140,0.877,0.968
3307,gcb8327.tif,0.722,3.207,0.883,1.116,727,167,106.189,0.933,1.165,0.859,0.945
3308,gcb8327.tif,0.769,3.651,0.725,1.376,383,206,64.722,0.822,1.768,0.566,0.903
3309,gcb8327.tif,0.084,1.090,0.883,0.422,449,171,124.992,0.276,1.441,0.694,0.915
3310,gcb8327.tif,0.233,2.108,0.658,0.798,123,175,175.030,0.472,1.720,0.581,0.828
3311,gcb8327.tif,0.082,1.050,0.939,0.404,42,185,70.017,0.276,1.308,0.764,0.914
3312,gcb8327.tif,0.980,5.564,0.398,1.524,512,175,122.969,1.179,1.391,0.719,0.741
3313,gcb8327.tif,0.773,3.553,0.769,1.342,243,179,145.491,0.869,1.687,0.593,0.913
3314,gcb8327.tif,0.381,2.336,0.877,0.767,473,192,35.838,0.712,1.039,0.962,0.929
3315,gcb8327.tif,0.543,3.922,0.444,1.609,564,179,165.069,0.459,4.144,0.241,0.830
3316,gcb8327.tif,1.668,5.258,0.758,1.793,64,177,117.553,1.375,1.278,0.783,0.929
3317,gcb8327.tif,0.118,1.669,0.534,0.699,616,188,171.469,0.263,2.969,0.337,0.802
3318,gcb8327.tif,0.123,1.611,0.595,0.705,811,192,11.310,0.242,3.045,0.328,0.884
3319,gcb8327.tif,0.062,1.176,0.564,0.461,359,186,102.995,0.227,1.981,0.505,0.770
3320,gcb8327.tif,2.453,6.068,0.837,2.073,400,237,53.130,1.572,1.300,0.769,0.962
3321,gcb8327.tif,0.050,0.883,0.808,0.374,343,199,33.690,0.216,1.821,0.549,0.866
3322,gcb8327.tif,0.565,4.834,0.304,1.970,39,193,105.255,0.544,4.361,0.229,0.635
3323,gcb8327.tif,1.420,4.574,0.853,1.595,614,198,119.899,1.249,1.265,0.791,0.955
3324,gcb8327.tif,0.570,4.460,0.360,1.864,748,209,10.685,0.456,5.048,0.198,0.763
3325,gcb8327.tif,0.475,3.138,0.606,1.053,499,202,113.199,0.790,1.550,0.645,0.801
3326,gcb8327.tif,0.229,2.393,0.503,0.758,888,223,43.152,0.508,1.674,0.597,0.743
3327,gcb8327.tif,0.268,2.825,0.421,1.286,533,230,36.254,0.326,4.374,0.229,0.806
3328,gcb8327.tif,0.290,2.943,0.421,1.091,232,221,10.954,0.518,2.690,0.372,0.703
3329,gcb8327.tif,0.203,2.552,0.392,1.067,916,240,60.945,0.370,4.063,0.246,0.671
3330,gcb8327.tif,1.222,4.354,0.810,1.625,290,222,150.709,1.106,1.287,0.777,0.942
3331,gcb8327.tif,0.665,3.142,0.847,1.151,746,249,48.652,0.825,1.396,0.717,0.942
3332,gcb8327.tif,0.203,2.063,0.599,0.881,283,225,101.310,0.360,2.566,0.390,0.850
3333,gcb8327.tif,0.395,3.121,0.510,0.990,552,232,119.249,0.676,1.465,0.683,0.745
3334,gcb8327.tif,0.051,1.176,0.466,0.394,987,237,15.255,0.235,1.777,0.563,0.711
3335,gcb8327.tif,0.732,3.418,0.787,1.290,947,244,172.304,0.760,1.737,0.576,0.940
3336,gcb8327.tif,0.957,3.789,0.837,1.376,252,274,78.408,0.962,1.463,0.684,0.945
3337,gcb8327.tif,2.013,9.868,0.260,2.088,101,296,77.574,1.728,1.195,0.837,0.719
3338,gcb8327.tif,0.066,1.412,0.414,0.635,71,245,22.380,0.195,3.935,0.254,0.738
3339,gcb8327.tif,0.595,4.204,0.423,1.603,473,241,172.569,0.646,3.312,0.302,0.782
3340,gcb8327.tif,0.096,1.294,0.717,0.470,801,244,17.103,0.311,1.422,0.703,0.851
3341,gcb8327.tif,0.800,3.467,0.836,1.249,784,278,75.579,0.885,1.393,0.718,0.949
3342,gcb8327.tif,3.140,8.533,0.542,2.428,182,249,114.376,2.027,1.295,0.772,0.848
3343,gcb8327.tif,1.303,5.001,0.655,1.515,410,290,55.222,1.365,1.040,0.961,0.886
3344,gcb8327.tif,0.172,1.766,0.693,0.671,54,253,124.509,0.436,1.667,0.600,0.830
3345,gcb8327.tif,3.537,8.527,0.611,2.646,276,312,40.764,1.960,1.222,0.819,0.900
3346,gcb8327.tif,0.080,1.283,0.611,0.546,593,259,145.305,0.230,2.723,0.367,0.788
3347,gcb8327.tif,0.271,2.523,0.535,0.874,726,264,161.565,0.484,2.053,0.487,0.833
3348,gcb8327.tif,3.992,12.148,0.340,2.791,961,338,68.199,2.246,1.295,0.772,0.840
3349,gcb8327.tif,1.033,5.515,0.427,1.922,659,264,142.306,1.127,1.792,0.558,0.724
3350,gcb8327.tif,0.757,3.671,0.706,1.253,746,307,65.556,0.898,1.245,0.803,0.902
3351,gcb8327.tif,2.466,6.239,0.796,1.964,570,286,151.631,1.722,1.058,0.945,0.939
3352,gcb8327.tif,0.093,1.188,0.829,0.461,650,280,102.995,0.276,1.733,0.577,0.886
3353,gcb8327.tif,0.053,1.058,0.589,0.404,826,291,70.017,0.219,2.098,0.477,0.752
3354,gcb8327.tif,0.074,1.119,0.743,0.470,768,295,72.897,0.242,2.063,0.485,0.879
3355,gcb8327.tif,0.064,1.217,0.547,0.526,543,295,23.199,0.210,2.578,0.388,0.783
3356,gcb8327.tif,0.081,1.375,0.539,0.529,258,314,78.690,0.276,2.271,0.440,0.773
3357,gcb8327.tif,0.217,2.520,0.430,0.979,43,305,137.862,0.415,3.111,0.321,0.677
3358,gcb8327.tif,1.452,4.566,0.875,1.466,851,344,81.870,1.307,1.104,0.905,0.956
3359,gcb8327.tif,0.098,1.274,0.758,0.546,870,302,124.695,0.293,2.135,0.468,0.850
3360,gcb8327.tif,1.468,7.807,0.303,2.688,890,377,72.031,1.479,2.186,0.457,0.615
3361,gcb8327.tif,0.050,1.217,0.426,0.374,138,305,123.690,0.303,1.278,0.783,0.618
3362,gcb8327.tif,0.715,5.767,0.270,2.222,750,324,15.333,0.727,4.556,0.220,0.576
3363,gcb8327.tif,0.590,5.173,0.277,2.013,334,314,129.428,0.674,4.390,0.228,0.616
3364,gcb8327.tif,0.143,1.953,0.472,0.739,453,310,100.784,0.345,2.527,0.396,0.727
3365,gcb8327.tif,0.111,1.542,0.587,0.681,644,328,66.038,0.251,3.011,0.332,0.853
3366,gcb8327.tif,0.124,1.803,0.480,0.691,263,319,143.130,0.300,2.866,0.349,0.710
3367,gcb8327.tif,0.063,1.225,0.530,0.526,554,318,113.199,0.208,3.028,0.330,0.809
3368,gcb8327.tif,0.076,1.197,0.671,0.461,128,326,12.995,0.276,1.770,0.565,0.805
3369,gcb8327.tif,0.486,4.557,0.294,1.953,492,326,166.701,0.465,5.831,0.172,0.662
3370,gcb8327.tif,1.617,5.277,0.730,1.886,282,332,166.218,1.231,1.535,0.652,0.938
3371,gcb8327.tif,0.989,6.752,0.273,2.765,672,363,18.208,0.673,4.869,0.205,0.698
3372,gcb8327.tif,0.395,3.838,0.337,1.643,377,357,22.249,0.423,4.303,0.232,0.750
3373,gcb8327.tif,0.190,1.950,0.628,0.777,563,339,147.724,0.431,2.203,0.454,0.811
3374,gcb8327.tif,4.788,8.877,0.763,2.887,252,346,121.787,2.288,1.182,0.846,0.932
3375,gcb8327.tif,0.125,1.835,0.468,0.821,950,345,157.751,0.240,4.040,0.248,0.795
3376,gcb8327.tif,2.380,6.125,0.797,2.087,506,346,96.654,1.517,1.379,0.725,0.958
3377,gcb8327.tif,0.758,3.769,0.671,1.323,585,369,19.855,0.767,1.763,0.567,0.894
3378,gcb8327.tif,1.330,4.301,0.904,1.477,918,399,79.216,1.175,1.230,0.813,0.964
3379,gcb8327.tif,1.218,4.338,0.813,1.470,35,360,119.578,1.148,1.346,0.743,0.930
3380,gcb8327.tif,1.494,4.907,0.780,1.661,985,405,77.989,1.165,1.331,0.751,0.948
3381,gcb8327.tif,0.214,2.060,0.633,0.689,660,359,107.526,0.484,1.320,0.758,0.829
3382,gcb8327.tif,0.051,1.128,0.508,0.403,217,365,149.036,0.288,1.415,0.707,0.677
3383,gcb8327.tif,0.076,1.050,0.871,0.404,555,374,70.017,0.276,1.508,0.663,0.883
3384,gcb8327.tif,2.385,5.855,0.874,1.972,827,369,101.113,1.572,1.249,0.801,0.963
3385,gcb8327.tif,0.055,1.058,0.616,0.416,314,381,41.634,0.244,1.921,0.520,0.780
3386,gcb8327.tif,0.056,1.225,0.470,0.470,635,381,36.027,0.220,2.375,0.421,0.734
3387,gcb8327.tif,0.196,1.640,0.915,0.623,205,391,56.310,0.464,1.340,0.747,0.934
3388,gcb8327.tif,0.054,0.932,0.777,0.372,546,376,111.801,0.235,1.692,0.591,0.826
3389,gcb8327.tif,0.091,1.551,0.474,0.637,756,379,139.399,0.247,2.812,0.356,0.738
3390,gcb8327.tif,0.216,2.247,0.538,0.858,446,380,139.899,0.489,1.999,0.500,0.748
3391,gcb8327.tif,0.775,6.063,0.265,2.594,544,393,2.291,0.587,5.230,0.191,0.672
3392,gcb8327.tif,0.380,2.601,0.706,0.810,874,389,129.806,0.691,1.116,0.896,0.865
3393,gcb8327.tif,2.578,7.504,0.575,2.481,225,390,102.875,1.640,1.463,0.683,0.904
3394,gcb8327.tif,2.053,7.549,0.453,2.097,336,390,98.531,1.530,1.406,0.711,0.834
3395,gcb8327.tif,0.140,1.734,0.584,0.719,194,391,125.218,0.318,2.603,0.384,0.830
3396,gcb8327.tif,3.082,6.620,0.884,2.231,405,398,106.189,1.832,1.174,0.852,0.966
3397,gcb8327.tif,1.152,4.957,0.589,1.555,946,405,126.870,1.079,1.572,0.636,0.824
3398,gcb8327.tif,0.070,1.254,0.563,0.503,481,411,164.055,0.235,2.518,0.397,0.752
3399,gcb8327.tif,0.715,4.114,0.531,1.458,509,444,36.327,0.809,1.970,0.508,0.756
3400,gcb8327.tif,3.110,11.929,0.275,3.673,722,418,94.316,2.149,1.741,0.575,0.640
3401,gcb8327.tif,0.074,1.274,0.573,0.451,20,432,32.471,0.276,1.574,0.635,0.765
3402,gcb8327.tif,2.238,5.693,0.868,1.921,563,427,98.276,1.555,1.257,0.796,0.959
3403,gcb8327.tif,0.053,1.087,0.559,0.491,751,429,140.711,0.220,2.420,0.413,0.759
3404,gcb8327.tif,0.211,2.247,0.526,0.944,144,434,156.251,0.355,3.166,0.316,0.808
3405,gcb8327.tif,1.328,4.350,0.882,1.506,43,475,80.754,1.175,1.296,0.772,0.959
3406,gcb8327.tif,0.715,3.214,0.870,1.058,599,436,141.633,0.925,1.021,0.979,0.942
3407,gcb8327.tif,0.064,0.981,0.842,0.386,639,442,63.435,0.260,1.516,0.660,0.864
3408,gcb8327.tif,0.762,3.341,0.858,1.145,269,468,61.113,0.863,1.307,0.765,0.942
3409,gcb8327.tif,3.038,12.644,0.239,2.607,887,484,14.589,1.894,1.361,0.735,0.790
3410,gcb8327.tif,0.082,1.392,0.534,0.572,750,442,115.017,0.226,2.821,0.354,0.807
3411,gcb8327.tif,0.204,1.815,0.779,0.700,520,453,20.225,0.447,1.556,0.643,0.891
3412,gcb8327.tif,0.072,1.128,0.708,0.437,800,448,161.565,0.276,1.610,0.621,0.811
3413,gcb8327.tif,2.712,7.814,0.558,2.276,779,452,138.077,1.699,1.374,0.728,0.883
3414,gcb8327.tif,0.179,1.787,0.705,0.652,1,472,57.995,0.489,1.318,0.759,0.831
3415,gcb8327.tif,0.102,1.245,0.822,0.491,372,456,129.289,0.330,1.532,0.653,0.876
3416,gcb8327.tif,0.220,2.417,0.473,0.995,184,460,159.677,0.389,2.868,0.349,0.768
3417,gcb8327.tif,3.194,6.808,0.866,2.274,479,464,114.228,1.822,1.220,0.820,0.969
3418,gcb8327.tif,0.118,1.237,0.971,0.451,389,465,122.471,0.380,1.119,0.894,0.930
3419,gcb8327.tif,1.503,4.635,0.879,1.488,589,495,30.735,1.366,1.025,0.976,0.956
3420,gcb8327.tif,0.079,1.148,0.752,0.464,453,480,63.435,0.260,1.923,0.520,0.874
3421,gcb8327.tif,0.085,1.803,0.328,0.806,416,485,30.964,0.196,5.453,0.183,0.664
3422,gcb8327.tif,0.287,2.813,0.455,1.155,532,478,128.928,0.456,2.843,0.352,0.762
3423,gcb8327.tif,2.668,9.352,0.383,3.108,632,517,171.690,1.789,2.002,0.499,0.739
3424,gcb8327.tif,0.130,1.551,0.680,0.558,860,488,21.801,0.335,1.819,0.550,0.832
3425,gcb8327.tif,0.548,2.820,0.866,0.995,134,486,110.323,0.743,1.347,0.742,0.948
3426,gcb8327.tif,0.921,5.291,0.413,2.099,61,490,159.775,0.750,3.751,0.267,0.757
3427,gcb8327.tif,0.076,1.237,0.628,0.529,739,488,101.310,0.207,2.625,0.381,0.853
3428,gcb8327.tif,0.794,5.538,0.325,1.987,314,490,103.069,0.933,2.497,0.401,0.609
3429,gcb8327.tif,3.124,6.743,0.863,2.375,422,560,81.634,1.797,1.255,0.797,0.960
3430,gcb8327.tif,0.530,3.882,0.442,1.661,337,495,102.011,0.527,3.986,0.251,0.796
3431,gcb8327.tif,0.068,1.001,0.853,0.372,234,508,68.199,0.274,1.259,0.794,0.864
3432,gcb8327.tif,2.018,7.937,0.403,2.199,553,511,149.808,1.442,1.362,0.734,0.835
3433,gcb8327.tif,0.228,1.835,0.851,0.740,775,502,142.595,0.448,1.693,0.591,0.934
3434,gcb8327.tif,0.296,2.552,0.572,1.021,12,518,23.962,0.464,2.617,0.382,0.829
3435,gcb8327.tif,1.029,5.189,0.480,1.362,867,508,144.293,1.131,1.211,0.826,0.870
3436,gcb8327.tif,0.443,3.305,0.510,0.982,979,509,129.289,0.772,1.475,0.678,0.756
3437,gcb8327.tif,0.070,1.502,0.393,0.626,851,525,83.660,0.207,3.947,0.253,0.715
3438,gcb8327.tif,0.115,1.372,0.765,0.575,750,520,32.735,0.318,1.944,0.514,0.873
3439,gcb8327.tif,0.605,3.125,0.779,1.181,364,544,69.444,0.691,1.758,0.569,0.932
3440,gcb8327.tif,0.063,1.079,0.684,0.449,44,530,67.380,0.242,1.944,0.514,0.841
3441,gcb8327.tif,0.128,1.665,0.579,0.637,124,519,130.601,0.342,1.934,0.517,0.833
3442,gcb8327.tif,1.035,3.944,0.837,1.301,763,557,79.287,1.136,1.120,0.893,0.937
3443,gcb8327.tif,0.365,2.296,0.871,0.740,61,524,127.405,0.691,1.011,0.989,0.922
3444,gcb8327.tif,0.123,1.315,0.894,0.514,9,538,70.346,0.346,1.384,0.722,0.912
3445,gcb8327.tif,0.578,2.914,0.855,1.026,652,529,122.619,0.782,1.337,0.748,0.943
3446,gcb8327.tif,0.097,1.588,0.482,0.604,153,538,23.629,0.324,2.367,0.422,0.669
3447,gcb8327.tif,0.498,2.670,0.878,0.982,294,533,140.711,0.709,1.373,0.728,0.943
3448,gcb8327.tif,0.609,3.740,0.547,1.509,850,531,110.095,0.726,2.198,0.455,0.857
3449,gcb8327.tif,1.745,6.592,0.505,2.559,834,535,106.477,1.121,2.689,0.372,0.831
3450,gcb8327.tif,0.672,4.810,0.365,1.705,620,586,72.300,0.634,3.193,0.313,0.704
3451,gcb8327.tif,0.539,2.869,0.822,1.073,976,549,14.931,0.691,1.586,0.630,0.943
3452,gcb8327.tif,0.051,1.645,0.239,0.612,147,557,73.610,0.199,4.641,0.215,0.528
3453,gcb8327.tif,3.013,10.268,0.359,2.504,451,605,50.599,1.662,1.561,0.641,0.861
3454,gcb8327.tif,0.433,3.524,0.439,1.403,20,553,9.926,0.559,3.282,0.305,0.748
3455,gcb8327.tif,0.096,1.139,0.925,0.443,5,554,38.660,0.327,1.313,0.762,0.925
3456,gcb8327.tif,0.273,2.060,0.810,0.712,112,546,104.036,0.587,1.128,0.887,0.905
3457,gcb8327.tif,0.250,2.206,0.644,0.836,71,548,119.745,0.430,2.184,0.458,0.867
3458,gcb8327.tif,0.282,2.141,0.773,0.835,540,560,24.444,0.486,1.822,0.549,0.911
3459,gcb8327.tif,2.117,5.570,0.857,1.888,880,596,55.437,1.554,1.179,0.848,0.962
3460,gcb8327.tif,1.392,4.391,0.908,1.519,170,551,107.199,1.175,1.274,0.785,0.966
3461,gcb8327.tif,0.092,1.262,0.725,0.481,393,552,111.038,0.318,1.538,0.650,0.819
3462,gcb8327.tif,0.087,1.449,0.521,0.514,276,571,42.274,0.316,2.071,0.483,0.709
3463,gcb8327.tif,0.183,1.999,0.575,0.824,89,563,146.976,0.345,2.946,0.339,0.771
3464,gcb8327.tif,0.073,1.217,0.618,0.461,670,564,167.005,0.309,1.769,0.565,0.735
3465,gcb8327.tif,1.475,5.591,0.593,2.051,963,563,122.619,1.279,1.634,0.612,0.858
3466,gcb8327.tif,3.874,13.067,0.285,4.338,780,683,71.421,2.041,2.074,0.482,0.726
3467,gcb8327.tif,0.076,1.079,0.825,0.404,1008,564,109.983,0.298,1.361,0.735,0.842
3468,gcb8327.tif,0.051,0.940,0.730,0.374,244,565,123.690,0.244,1.653,0.605,0.796
3469,gcb8327.tif,0.385,4.062,0.293,1.618,377,566,160.017,0.442,5.340,0.187,0.654
3470,gcb8327.tif,0.079,1.424,0.488,0.604,139,567,103.241,0.207,2.686,0.372,0.805
3471,gcb8327.tif,0.054,0.883,0.866,0.374,115,576,33.690,0.229,1.647,0.607,0.857
3472,gcb8327.tif,4.479,8.090,0.860,2.650,486,629,39.710,2.224,1.137,0.880,0.970
3473,gcb8327.tif,0.153,1.571,0.778,0.664,724,576,128.660,0.364,1.885,0.531,0.908
3474,gcb8327.tif,2.258,5.929,0.807,1.995,698,633,75.964,1.553,1.272,0.786,0.954
3475,gcb8327.tif,0.213,1.815,0.811,0.689,220,599,72.474,0.441,1.618,0.618,0.901
3476,gcb8327.tif,0.050,0.794,1.000,0.295,638,584,159.444,0.242,1.068,0.937,0.894
3477,gcb8327.tif,0.619,3.073,0.823,1.037,334,589,143.130,0.871,1.182,0.846,0.937
3478,gcb8327.tif,0.278,2.776,0.454,1.200,811,588,138.504,0.489,2.796,0.358,0.760
3479,gcb8327.tif,0.127,1.778,0.503,0.765,143,589,108.435,0.251,3.639,0.275,0.831
3480,gcb8327.tif,0.190,1.685,0.840,0.626,57,592,96.340,0.474,1.276,0.783,0.886
3481,gcb8327.tif,0.088,1.099,0.920,0.440,620,599,135.000,0.306,1.430,0.699,0.902
3482,gcb8327.tif,0.469,2.719,0.798,0.978,893,618,32.005,0.707,1.424,0.702,0.927
3483,gcb8327.tif,0.928,3.651,0.875,1.324,128,602,97.496,0.968,1.344,0.744,0.952
3484,gcb8327.tif,0.180,1.738,0.750,0.684,869,617,45.000,0.440,1.500,0.667,0.888
3485,gcb8327.tif,0.374,4.057,0.285,1.752,247,605,165.141,0.456,4.909,0.204,0.601
3486,gcb8327.tif,1.241,4.195,0.886,1.421,937,646,71.565,1.175,1.201,0.833,0.955
3487,gcb8327.tif,0.106,1.384,0.698,0.558,849,619,21.801,0.325,1.802,0.555,0.856
3488,gcb8327.tif,1.580,4.740,0.884,1.603,162,650,52.883,1.348,1.092,0.916,0.966
3489,gcb8327.tif,0.287,2.857,0.441,1.073,213,611,104.931,0.486,2.622,0.381,0.729
3490,gcb8327.tif,0.170,1.916,0.580,0.790,656,611,113.199,0.329,2.735,0.366,0.845
3491,gcb8327.tif,1.575,4.908,0.822,1.710,738,617,98.130,1.294,1.325,0.754,0.951
3492,gcb8327.tif,0.658,3.822,0.566,1.465,803,658,70.710,0.655,2.608,0.383,0.847
3493,gcb8327.tif,0.106,1.266,0.834,0.518,23,633,53.130,0.318,1.729,0.578,0.913
3494,gcb8327.tif,1.914,5.574,0.774,1.979,262,679,77.905,1.243,1.621,0.617,0.942
3495,gcb8327.tif,0.633,3.430,0.676,1.324,241,661,74.876,0.639,2.208,0.453,0.911
3496,gcb8327.tif,0.905,5.177,0.424,1.625,548,669,66.161,0.942,1.840,0.544,0.789
3497,gcb8327.tif,0.140,1.453,0.832,0.557,467,630,150.255,0.386,1.438,0.696,0.907
3498,gcb8327.tif,1.355,7.190,0.329,2.015,37,631,120.964,1.364,1.588,0.630,0.658
3499,gcb8327.tif,0.119,1.608,0.580,0.656,662,635,161.565,0.288,2.498,0.400,0.826
3500,gcb8327.tif,0.609,3.300,0.703,1.192,96,634,106.858,0.706,1.894,0.528,0.872
3501,gcb8327.tif,0.143,2.157,0.387,0.700,903,654,57.095,0.402,1.932,0.518,0.716
3502,gcb8327.tif,0.115,1.812,0.439,0.570,429,655,75.964,0.382,1.725,0.580,0.711
3503,gcb8327.tif,0.068,1.030,0.807,0.367,853,640,138.814,0.307,1.132,0.883,0.864
3504,gcb8327.tif,0.225,2.235,0.565,0.788,613,641,105.255,0.449,1.664,0.601,0.807
3505,gcb8327.tif,0.246,2.491,0.498,1.037,208,642,126.870,0.450,2.855,0.350,0.773
3506,gcb8327.tif,0.930,4.131,0.685,1.511,461,689,79.461,0.865,1.973,0.507,0.869
3507,gcb8327.tif,2.188,5.897,0.791,2.042,675,647,113.962,1.457,1.412,0.708,0.942
3508,gcb8327.tif,0.244,3.541,0.244,1.355,822,674,37.747,0.426,4.303,0.232,0.560
3509,gcb8327.tif,0.106,1.542,0.562,0.591,118,660,20.556,0.308,2.413,0.414,0.748
3510,gcb8327.tif,0.080,1.119,0.803,0.451,526,662,57.529,0.288,1.555,0.643,0.876
3511,gcb8327.tif,1.629,4.972,0.828,1.829,877,656,112.203,1.189,1.518,0.659,0.954
3512,gcb8327.tif,0.455,2.897,0.681,1.072,76,688,69.228,0.622,1.815,0.551,0.906
3513,gcb8327.tif,2.157,5.640,0.852,1.956,935,709,57.995,1.451,1.291,0.775,0.965
3514,gcb8327.tif,0.112,1.473,0.650,0.597,908,677,79.992,0.311,2.025,0.494,0.828
3515,gcb8327.tif,0.142,1.648,0.657,0.691,381,661,126.870,0.336,2.138,0.468,0.850
3516,gcb8327.tif,0.062,1.205,0.537,0.518,139,662,126.870,0.195,2.963,0.338,0.770
3517,gcb8327.tif,3.532,12.113,0.303,4.308,483,716,20.179,1.699,2.768,0.361,0.667
3518,gcb8327.tif,0.050,0.794,1.000,0.297,125,666,144.462,0.242,1.144,0.874,0.884
3519,gcb8327.tif,0.085,1.237,0.696,0.491,976,678,39.289,0.317,1.618,0.618,0.845
3520,gcb8327.tif,0.350,2.226,0.887,0.798,113,699,85.030,0.622,1.295,0.772,0.924
3521,gcb8327.tif,0.067,1.274,0.518,0.451,995,681,175.601,0.276,1.653,0.605,0.742
3522,gcb8327.tif,0.642,4.148,0.469,1.458,346,679,143.673,0.772,1.858,0.538,0.807
3523,gcb8327.tif,0.100,2.002,0.314,0.761,434,683,129.472,0.352,2.734,0.366,0.556
3524,gcb8327.tif,0.207,1.953,0.680,0.646,296,702,74.476,0.518,1.135,0.881,0.828
3525,gcb8327.tif,0.098,1.461,0.576,0.546,51,694,34.695,0.311,1.642,0.609,0.808
3526,gcb8327.tif,0.179,1.746,0.738,0.604,779,695,166.759,0.495,1.292,0.774,0.857
3527,gcb8327.tif,0.096,1.392,0.619,0.514,129,705,42.274,0.309,1.760,0.568,0.784
3528,gcb8327.tif,0.061,0.961,0.829,0.356,765,703,60.945,0.276,1.327,0.754,0.850
3529,gcb8327.tif,0.059,0.920,0.868,0.346,278,710,36.870,0.254,1.393,0.718,0.831
3530,gcb8327.tif,0.063,0.969,0.847,0.352,740,707,168.690,0.283,1.291,0.774,0.828
3531,gcb8327.tif,0.106,1.257,0.845,0.514,462,714,42.274,0.342,1.447,0.691,0.942
3532,gcb8327.tif,0.051,1.128,0.508,0.470,45,715,17.103,0.219,2.423,0.413,0.683
3533,gcb8330.tif,0.070,1.079,0.761,0.372,866,3,111.801,0.276,1.215,0.823,0.861
3534,gcb8330.tif,0.066,1.021,0.791,0.418,705,5,155.556,0.235,1.899,0.527,0.880
3535,gcb8330.tif,0.316,2.764,0.521,1.037,85,7,126.870,0.538,2.170,0.461,0.805
3536,gcb8330.tif,2.449,6.002,0.854,1.960,267,63,80.870,1.601,1.227,0.815,0.962
3537,gcb8330.tif,0.177,2.759,0.292,1.119,726,14,8.881,0.287,4.566,0.219,0.722
3538,gcb8330.tif,0.097,1.188,0.861,0.480,222,13,120.256,0.302,1.633,0.612,0.905
3539,gcb8330.tif,0.098,1.208,0.843,0.470,372,31,72.897,0.276,1.622,0.616,0.901
3540,gcb8330.tif,0.076,1.335,0.539,0.510,948,24,151.699,0.276,2.111,0.474,0.766
3541,gcb8330.tif,0.795,5.026,0.396,1.979,714,47,16.220,0.761,3.296,0.303,0.693
3542,gcb8330.tif,3.684,7.284,0.872,2.387,817,26,92.490,2.039,1.180,0.848,0.968
3543,gcb8330.tif,0.111,1.363,0.751,0.558,919,34,158.199,0.329,1.919,0.521,0.877
3544,gcb8330.tif,0.080,1.168,0.737,0.481,992,49,68.962,0.262,2.005,0.499,0.854
3545,gcb8330.tif,1.213,5.938,0.432,1.566,639,53,157.964,1.293,1.157,0.864,0.807
3546,gcb8330.tif,0.057,0.924,0.844,0.386,114,44,26.565,0.207,1.631,0.613,0.906
3547,gcb8330.tif,0.063,0.989,0.813,0.394,308,46,37.875,0.263,1.481,0.675,0.848
3548,gcb8330.tif,0.180,2.031,0.549,0.722,685,43,163.301,0.430,2.149,0.465,0.759
3549,gcb8330.tif,0.153,2.060,0.453,0.758,616,44,114.228,0.366,2.157,0.464,0.734
3550,gcb8330.tif,0.118,1.404,0.754,0.527,896,57,58.392,0.364,1.500,0.667,0.865
3551,gcb8330.tif,0.562,3.162,0.707,1.215,5,53,165.174,0.672,1.802,0.555,0.883
3552,gcb8330.tif,0.113,1.424,0.703,0.604,945,54,166.759,0.276,2.466,0.406,0.880
3553,gcb8330.tif,0.586,2.848,0.908,1.031,317,52,103.570,0.726,1.415,0.707,0.953
3554,gcb8330.tif,0.898,3.846,0.763,1.528,461,82,37.648,0.788,1.977,0.506,0.942
3555,gcb8330.tif,0.053,1.257,0.418,0.470,561,62,36.027,0.216,2.948,0.339,0.672
3556,gcb8330.tif,0.085,1.266,0.665,0.495,937,73,77.905,0.276,1.818,0.550,0.850
3557,gcb8330.tif,0.295,2.092,0.847,0.790,859,83,66.801,0.546,1.452,0.689,0.936
3558,gcb8330.tif,0.098,1.294,0.734,0.503,766,63,105.945,0.335,1.573,0.636,0.816
3559,gcb8330.tif,0.074,1.461,0.436,0.612,240,65,106.390,0.226,3.095,0.323,0.709
3560,gcb8330.tif,0.068,1.286,0.517,0.461,621,80,77.005,0.242,1.844,0.542,0.765
3561,gcb8330.tif,3.285,7.069,0.826,2.276,147,88,149.931,1.898,1.142,0.875,0.956
3562,gcb8330.tif,0.177,1.530,0.948,0.570,425,76,165.964,0.415,1.287,0.777,0.931
3563,gcb8330.tif,1.819,7.439,0.413,2.241,525,107,26.565,1.272,1.864,0.536,0.831
3564,gcb8330.tif,0.420,2.515,0.835,0.930,262,77,158.199,0.619,1.480,0.676,0.936
3565,gcb8330.tif,1.316,6.893,0.348,2.062,594,134,81.327,1.168,1.980,0.505,0.662
3566,gcb8330.tif,2.757,6.246,0.888,2.076,913,79,108.435,1.762,1.195,0.837,0.965
3567,gcb8330.tif,0.447,3.607,0.431,1.507,43,79,126.607,0.603,2.932,0.341,0.739
3568,gcb8330.tif,2.594,10.667,0.286,2.877,232,84,151.280,2.015,1.106,0.904,0.652
3569,gcb8330.tif,1.157,7.313,0.272,1.642,110,130,81.529,1.229,1.438,0.695,0.711
3570,gcb8330.tif,0.693,6.113,0.233,2.566,680,153,62.745,0.644,5.431,0.184,0.595
3571,gcb8330.tif,1.623,6.736,0.449,2.002,726,142,68.749,1.414,1.591,0.629,0.807
3572,gcb8330.tif,0.192,1.982,0.615,0.819,661,102,27.646,0.390,2.149,0.465,0.832
3573,gcb8330.tif,1.119,5.788,0.420,1.543,836,117,34.046,1.121,1.219,0.820,0.831
3574,gcb8330.tif,1.606,4.867,0.852,1.574,359,91,98.842,1.388,1.136,0.880,0.945
3575,gcb8330.tif,2.569,6.149,0.854,2.153,478,152,71.274,1.596,1.312,0.762,0.965
3576,gcb8330.tif,1.371,4.928,0.709,1.886,973,155,81.573,1.106,1.639,0.610,0.913
3577,gcb8330.tif,0.256,2.287,0.614,0.944,306,115,23.749,0.425,2.448,0.409,0.868
3578,gcb8330.tif,0.597,3.234,0.717,1.267,139,105,101.004,0.647,2.071,0.483,0.924
3579,gcb8330.tif,0.240,2.218,0.613,0.796,803,112,145.620,0.515,1.654,0.604,0.814
3580,gcb8330.tif,1.404,5.119,0.674,1.613,39,160,80.134,1.210,1.286,0.778,0.914
3581,gcb8330.tif,0.082,1.323,0.592,0.575,76,128,57.265,0.230,2.720,0.368,0.826
3582,gcb8330.tif,1.101,4.770,0.608,1.777,515,114,116.565,1.062,1.497,0.668,0.885
3583,gcb8330.tif,0.899,4.086,0.677,1.531,537,121,151.699,0.927,1.682,0.595,0.905
3584,gcb8330.tif,0.301,3.179,0.374,1.301,183,149,39.611,0.456,3.912,0.256,0.616
3585,gcb8330.tif,0.239,2.296,0.570,0.907,79,145,17.745,0.520,1.865,0.536,0.772
3586,gcb8330.tif,1.827,7.756,0.382,2.353,287,194,60.046,1.428,2.009,0.498,0.681
3587,gcb8330.tif,0.072,1.237,0.588,0.527,116,134,121.608,0.225,3.050,0.328,0.759
3588,gcb8330.tif,0.511,4.229,0.359,1.553,397,138,159.146,0.574,3.216,0.311,0.727
3589,gcb8330.tif,2.126,7.842,0.434,2.013,766,182,50.572,1.693,1.122,0.891,0.796
3590,gcb8330.tif,0.615,2.938,0.895,1.006,834,136,105.945,0.795,1.245,0.803,0.955
3591,gcb8330.tif,0.079,1.303,0.584,0.588,998,155,49.764,0.205,3.459,0.289,0.810
3592,gcb8330.tif,0.075,1.441,0.455,0.514,68,156,47.726,0.263,1.994,0.502,0.720
3593,gcb8330.tif,0.170,1.942,0.565,0.788,698,144,105.255,0.347,2.672,0.374,0.811
3594,gcb8330.tif,0.411,3.887,0.342,1.572,211,147,146.659,0.514,3.383,0.296,0.661
3595,gcb8330.tif,0.162,1.502,0.905,0.557,928,162,60.255,0.433,1.288,0.776,0.913
3596,gcb8330.tif,0.063,1.156,0.595,0.470,577,159,36.027,0.230,2.239,0.447,0.752
3597,gcb8330.tif,1.069,4.062,0.814,1.342,90,189,78.111,1.106,1.245,0.803,0.936
3598,gcb8330.tif,0.063,1.010,0.780,0.394,559,164,52.125,0.269,1.333,0.750,0.862
3599,gcb8330.tif,0.720,3.133,0.922,1.040,178,167,164.578,0.898,1.128,0.886,0.958
3600,gcb8330.tif,2.250,6.732,0.624,2.188,584,175,164.427,1.588,1.287,0.777,0.892
3601,gcb8330.tif,0.691,5.450,0.292,2.282,56,163,122.005,0.602,5.187,0.193,0.637
3602,gcb8330.tif,0.067,1.050,0.762,0.418,268,176,65.556,0.276,1.681,0.595,0.842
3603,gcb8330.tif,0.105,1.498,0.588,0.643,712,166,143.746,0.257,2.966,0.337,0.800
3604,gcb8330.tif,0.086,1.176,0.781,0.503,249,174,164.055,0.258,2.189,0.457,0.878
3605,gcb8330.tif,0.547,2.840,0.852,1.006,478,200,74.055,0.726,1.382,0.724,0.936
3606,gcb8330.tif,0.336,3.394,0.366,1.388,735,183,161.114,0.597,2.787,0.359,0.646
3607,gcb8330.tif,4.050,8.786,0.659,2.741,830,253,76.139,2.203,1.374,0.728,0.892
3608,gcb8330.tif,0.105,1.335,0.741,0.546,204,192,34.695,0.305,1.963,0.510,0.850
3609,gcb8330.tif,0.160,2.344,0.366,0.934,153,187,141.009,0.364,2.535,0.394,0.620
3610,gcb8330.tif,0.192,1.787,0.757,0.671,569,206,55.491,0.468,1.382,0.724,0.885
3611,gcb8330.tif,0.281,2.508,0.561,1.055,881,198,148.392,0.440,2.912,0.343,0.817
3612,gcb8330.tif,0.391,3.276,0.457,1.269,764,231,60.642,0.550,2.833,0.353,0.709
3613,gcb8330.tif,0.134,1.502,0.745,0.634,654,210,29.358,0.339,2.092,0.478,0.882
3614,gcb8330.tif,0.070,0.981,0.920,0.356,195,206,150.945,0.295,1.129,0.885,0.881
3615,gcb8330.tif,0.140,2.002,0.438,0.819,556,227,62.354,0.309,3.412,0.293,0.707
3616,gcb8330.tif,1.551,4.777,0.854,1.702,137,208,102.907,1.139,1.489,0.671,0.962
3617,gcb8330.tif,2.179,5.510,0.902,1.858,25,265,80.362,1.510,1.222,0.818,0.970
3618,gcb8330.tif,3.585,7.846,0.732,2.348,651,232,147.011,2.135,1.057,0.946,0.951
3619,gcb8330.tif,0.106,1.481,0.609,0.557,389,235,60.255,0.348,1.700,0.588,0.754
3620,gcb8330.tif,0.118,2.353,0.268,0.767,450,224,125.838,0.458,2.317,0.432,0.522
3621,gcb8330.tif,0.909,3.789,0.796,1.425,576,225,104.036,0.898,1.615,0.619,0.942
3622,gcb8330.tif,0.240,2.658,0.427,1.049,625,257,72.759,0.372,3.140,0.318,0.793
3623,gcb8330.tif,0.113,1.798,0.441,0.746,552,233,103.392,0.207,3.729,0.268,0.805
3624,gcb8330.tif,0.064,1.038,0.752,0.433,371,247,61.390,0.220,2.019,0.495,0.850
3625,gcb8330.tif,0.573,3.202,0.702,1.246,509,246,160.560,0.663,1.898,0.527,0.920
3626,gcb8330.tif,0.281,2.031,0.855,0.796,269,262,55.620,0.513,1.610,0.621,0.933
3627,gcb8330.tif,0.503,3.024,0.691,1.221,476,274,64.885,0.626,2.073,0.482,0.913
3628,gcb8330.tif,0.534,3.927,0.435,1.437,862,269,27.181,0.752,2.023,0.494,0.666
3629,gcb8330.tif,0.062,1.030,0.736,0.356,409,247,119.055,0.276,1.198,0.835,0.825
3630,gcb8330.tif,0.589,5.368,0.257,1.943,171,265,174.898,0.568,4.705,0.213,0.656
3631,gcb8330.tif,0.238,1.965,0.773,0.807,71,262,9.866,0.380,2.076,0.482,0.934
3632,gcb8330.tif,0.530,4.542,0.323,1.825,549,262,127.304,0.525,5.074,0.197,0.683
3633,gcb8330.tif,0.092,1.245,0.745,0.489,627,262,98.130,0.276,1.870,0.535,0.842
3634,gcb8330.tif,1.353,5.767,0.511,1.535,486,276,172.235,1.320,1.050,0.952,0.879
3635,gcb8330.tif,0.479,3.666,0.448,1.301,754,284,16.991,0.622,2.551,0.392,0.779
3636,gcb8330.tif,0.090,1.726,0.378,0.729,132,283,31.430,0.297,3.301,0.303,0.573
3637,gcb8330.tif,0.375,3.972,0.299,1.248,862,275,4.764,0.677,2.291,0.436,0.580
3638,gcb8330.tif,2.070,11.159,0.209,3.157,28,362,84.976,1.412,2.347,0.426,0.667
3639,gcb8330.tif,1.285,4.298,0.874,1.399,320,303,32.905,1.220,1.130,0.885,0.957
3640,gcb8330.tif,0.118,2.149,0.322,0.765,151,284,18.435,0.386,2.848,0.351,0.577
3641,gcb8330.tif,0.070,1.079,0.761,0.394,966,279,164.745,0.276,1.491,0.671,0.843
3642,gcb8330.tif,0.054,0.834,0.970,0.328,232,278,108.435,0.207,1.456,0.687,0.928
3643,gcb8330.tif,0.236,2.287,0.568,0.898,94,304,67.380,0.487,1.937,0.516,0.815
3644,gcb8330.tif,1.505,5.405,0.647,2.041,658,309,28.301,1.051,2.013,0.497,0.919
3645,gcb8330.tif,2.325,6.100,0.785,2.230,183,347,77.471,1.486,1.594,0.627,0.943
3646,gcb8330.tif,0.419,2.739,0.702,1.026,530,307,32.619,0.652,1.644,0.608,0.862
3647,gcb8330.tif,0.386,3.688,0.356,1.342,586,309,34.509,0.521,3.550,0.282,0.669
3648,gcb8330.tif,0.079,1.030,0.934,0.374,771,290,123.690,0.311,1.108,0.903,0.904
3649,gcb8330.tif,0.066,1.099,0.684,0.480,390,293,120.256,0.216,2.605,0.384,0.840
3650,gcb8330.tif,0.236,2.120,0.661,0.821,112,319,67.751,0.484,1.816,0.551,0.880
3651,gcb8330.tif,2.077,5.623,0.825,2.013,134,299,101.889,1.313,1.590,0.629,0.961
3652,gcb8330.tif,0.167,1.962,0.546,0.777,280,300,147.724,0.320,2.853,0.351,0.787
3653,gcb8330.tif,2.643,6.145,0.879,2.053,793,352,53.902,1.700,1.185,0.844,0.966
3654,gcb8330.tif,3.233,6.930,0.846,2.383,700,367,60.461,1.850,1.306,0.765,0.965
3655,gcb8330.tif,0.085,1.636,0.398,0.495,84,322,65.225,0.352,1.811,0.552,0.676
3656,gcb8330.tif,0.992,3.895,0.822,1.417,627,309,102.680,0.935,1.508,0.663,0.945
3657,gcb8330.tif,1.453,8.149,0.275,1.804,435,315,126.431,1.577,1.344,0.744,0.672
3658,gcb8330.tif,1.646,7.122,0.408,2.070,519,358,33.425,1.312,1.808,0.553,0.825
3659,gcb8330.tif,0.099,1.421,0.617,0.514,918,331,70.346,0.371,1.359,0.736,0.765
3660,gcb8330.tif,0.472,2.523,0.931,0.836,305,323,150.255,0.760,1.070,0.934,0.948
3661,gcb8330.tif,0.062,1.217,0.527,0.526,347,330,23.199,0.199,3.003,0.333,0.738
3662,gcb8330.tif,0.134,1.530,0.718,0.623,371,323,109.440,0.350,1.687,0.593,0.839
3663,gcb8330.tif,0.103,1.551,0.537,0.637,104,324,102.529,0.264,2.408,0.415,0.831
3664,gcb8330.tif,0.348,2.943,0.504,1.134,587,356,52.431,0.482,2.732,0.366,0.764
3665,gcb8330.tif,0.308,2.929,0.451,1.295,751,367,80.789,0.351,4.178,0.239,0.860
3666,gcb8330.tif,0.074,1.030,0.877,0.437,385,331,108.435,0.242,1.842,0.543,0.899
3667,gcb8330.tif,0.198,2.381,0.439,0.773,886,334,116.565,0.548,1.435,0.697,0.683
3668,gcb8330.tif,0.050,0.924,0.739,0.394,82,345,74.745,0.173,2.571,0.389,0.875
3669,gcb8330.tif,3.937,7.509,0.878,2.563,339,410,86.135,2.073,1.230,0.813,0.971
3670,gcb8330.tif,0.196,2.353,0.445,0.912,280,338,142.696,0.367,2.941,0.340,0.682
3671,gcb8330.tif,0.358,3.924,0.292,1.559,409,337,102.804,0.443,4.104,0.244,0.690
3672,gcb8330.tif,0.174,1.905,0.604,0.758,73,340,114.228,0.400,2.428,0.412,0.818
3673,gcb8330.tif,0.122,1.697,0.531,0.740,776,346,127.405,0.279,3.297,0.303,0.747
3674,gcb8330.tif,0.066,1.079,0.709,0.465,864,346,138.013,0.216,2.331,0.429,0.840
3675,gcb8330.tif,1.646,5.152,0.779,1.850,808,393,57.200,1.263,1.462,0.684,0.930
3676,gcb8330.tif,0.056,1.042,0.650,0.374,245,351,123.690,0.240,1.723,0.580,0.839
3677,gcb8330.tif,0.111,1.734,0.464,0.567,382,351,142.431,0.413,1.411,0.709,0.686
3678,gcb8330.tif,0.170,1.717,0.722,0.671,633,366,34.509,0.441,1.584,0.631,0.861
3679,gcb8330.tif,0.734,3.202,0.900,1.116,936,355,106.189,0.864,1.289,0.776,0.956
3680,gcb8330.tif,0.076,1.058,0.857,0.386,58,368,63.435,0.306,1.283,0.779,0.859
3681,gcb8330.tif,0.195,2.385,0.430,0.920,892,358,124.287,0.383,3.369,0.297,0.653
3682,gcb8330.tif,0.091,1.257,0.721,0.491,156,360,129.289,0.346,1.244,0.804,0.817
3683,gcb8330.tif,0.156,1.706,0.676,0.671,13,361,124.509,0.374,1.681,0.595,0.826
3684,gcb8330.tif,0.156,2.235,0.394,0.867,493,376,23.499,0.339,3.053,0.328,0.726
3685,gcb8330.tif,1.475,4.684,0.845,1.598,80,367,111.571,1.259,1.222,0.818,0.951
3686,gcb8330.tif,0.141,1.942,0.470,0.732,192,379,19.290,0.371,2.544,0.393,0.722
3687,gcb8330.tif,0.094,1.274,0.730,0.510,151,383,28.301,0.294,1.864,0.537,0.840
3688,gcb8330.tif,0.093,1.576,0.471,0.595,120,375,125.538,0.277,2.845,0.351,0.709
3689,gcb8330.tif,0.054,1.160,0.502,0.495,384,389,77.905,0.159,3.641,0.275,0.796
3690,gcb8330.tif,5.007,8.936,0.788,3.133,256,468,83.032,2.212,1.362,0.734,0.948
3691,gcb8330.tif,0.072,1.128,0.708,0.420,224,386,99.462,0.264,1.690,0.592,0.833
3692,gcb8330.tif,0.074,1.001,0.928,0.374,659,389,146.310,0.294,1.238,0.808,0.899
3693,gcb8330.tif,0.171,1.864,0.618,0.667,726,389,111.251,0.366,2.090,0.478,0.797
3694,gcb8330.tif,3.554,8.082,0.684,2.413,853,452,51.981,2.073,1.175,0.851,0.950
3695,gcb8330.tif,0.116,1.315,0.842,0.464,178,397,116.565,0.380,1.163,0.860,0.894
3696,gcb8330.tif,0.142,1.562,0.732,0.623,626,408,33.690,0.313,2.129,0.470,0.875
3697,gcb8330.tif,1.750,8.688,0.291,2.984,20,412,166.608,1.233,2.487,0.402,0.614
3698,gcb8330.tif,0.904,6.813,0.245,1.676,968,448,75.677,1.193,1.585,0.631,0.562
3699,gcb8330.tif,0.059,0.973,0.777,0.403,597,409,30.964,0.229,1.884,0.531,0.860
3700,gcb8330.tif,0.066,1.099,0.684,0.437,159,410,18.435,0.207,1.780,0.562,0.873
3701,gcb8330.tif,0.073,1.107,0.747,0.418,798,406,114.444,0.290,1.542,0.648,0.836
3702,gcb8330.tif,0.220,2.174,0.584,0.912,662,410,142.696,0.383,2.655,0.377,0.834
3703,gcb8330.tif,0.301,2.247,0.749,0.855,462,431,14.036,0.522,1.594,0.627,0.883
3704,gcb8330.tif,0.385,3.472,0.401,1.134,106,429,127.569,0.673,1.911,0.523,0.668
3705,gcb8330.tif,9.372,17.306,0.393,3.883,611,534,60.698,3.317,1.088,0.919,0.919
3706,gcb8330.tif,0.062,0.944,0.876,0.372,208,430,158.199,0.207,1.691,0.591,0.937
3707,gcb8330.tif,1.180,4.037,0.910,1.380,784,433,112.068,1.140,1.200,0.833,0.962
3708,gcb8330.tif,0.375,4.185,0.269,1.453,157,437,151.607,0.784,2.417,0.414,0.497
3709,gcb8330.tif,0.054,0.871,0.890,0.319,368,436,139.399,0.263,1.143,0.875,0.826
3710,gcb8330.tif,0.257,2.543,0.499,1.117,531,453,21.801,0.402,3.264,0.306,0.840
3711,gcb8330.tif,0.051,0.814,0.974,0.297,694,445,35.538,0.242,1.147,0.872,0.896
3712,gcb8330.tif,2.120,6.600,0.611,2.107,383,448,138.991,1.506,1.181,0.847,0.864
3713,gcb8330.tif,0.116,1.343,0.807,0.480,725,453,59.744,0.373,1.321,0.757,0.855
3714,gcb8330.tif,1.659,5.867,0.606,2.058,298,483,40.914,1.422,1.315,0.760,0.846
3715,gcb8330.tif,0.187,1.896,0.655,0.788,451,468,74.745,0.335,2.524,0.396,0.890
3716,gcb8330.tif,0.191,1.689,0.842,0.656,147,450,108.435,0.415,1.539,0.650,0.914
3717,gcb8330.tif,0.063,1.303,0.469,0.546,44,453,145.305,0.247,2.641,0.379,0.702
3718,gcb8330.tif,0.057,0.863,0.967,0.309,358,453,116.565,0.276,1.113,0.898,0.897
3719,gcb8330.tif,0.492,3.052,0.664,1.162,869,475,30.379,0.539,2.323,0.431,0.897
3720,gcb8330.tif,0.102,1.225,0.850,0.498,474,468,33.690,0.293,1.787,0.560,0.899
3721,gcb8330.tif,1.046,3.935,0.849,1.301,218,464,100.713,1.171,1.073,0.932,0.956
3722,gcb8330.tif,2.363,5.924,0.846,2.108,736,528,79.611,1.486,1.411,0.709,0.960
3723,gcb8330.tif,2.133,5.587,0.859,1.960,129,469,99.130,1.451,1.345,0.743,0.962
3724,gcb8330.tif,0.737,3.292,0.855,1.132,71,501,58.736,0.894,1.215,0.823,0.946
3725,gcb8330.tif,1.579,4.874,0.835,1.779,183,522,82.185,1.106,1.575,0.635,0.960
3726,gcb8330.tif,0.072,1.050,0.817,0.374,350,481,33.690,0.309,1.164,0.859,0.876
3727,gcb8330.tif,0.091,1.128,0.897,0.427,955,480,165.964,0.311,1.363,0.734,0.894
3728,gcb8330.tif,2.790,6.646,0.794,2.306,885,542,60.362,1.682,1.362,0.734,0.961
3729,gcb8330.tif,0.131,2.218,0.336,0.682,845,486,120.466,0.443,1.437,0.696,0.593
3730,gcb8330.tif,2.553,6.361,0.793,2.122,378,487,120.324,1.733,1.216,0.822,0.949
3731,gcb8330.tif,0.232,2.092,0.665,0.798,337,493,94.970,0.415,1.972,0.507,0.872
3732,gcb8330.tif,0.050,0.924,0.739,0.386,524,494,153.435,0.197,2.039,0.490,0.866
3733,gcb8330.tif,0.057,0.883,0.924,0.319,48,496,130.601,0.276,1.073,0.932,0.881
3734,gcb8330.tif,0.119,1.453,0.711,0.570,349,511,75.964,0.325,1.859,0.538,0.837
3735,gcb8330.tif,3.950,7.972,0.781,2.550,217,550,32.829,2.122,1.132,0.884,0.944
3736,gcb8330.tif,0.165,1.677,0.736,0.631,309,521,80.538,0.415,1.536,0.651,0.863
3737,gcb8330.tif,0.178,2.589,0.334,1.005,471,526,49.185,0.364,3.371,0.297,0.612
3738,gcb8330.tif,0.958,3.890,0.795,1.453,782,545,71.996,0.863,1.704,0.587,0.942
3739,gcb8330.tif,0.115,1.970,0.371,0.637,340,528,49.399,0.362,2.497,0.401,0.596
3740,gcb8330.tif,3.032,7.564,0.666,2.628,54,574,50.870,1.843,1.256,0.796,0.932
3741,gcb8330.tif,0.105,1.481,0.602,0.618,43,535,63.435,0.283,2.630,0.380,0.796
3742,gcb8330.tif,0.644,5.127,0.308,1.997,161,552,30.114,0.725,3.737,0.268,0.620
3743,gcb8330.tif,3.240,8.066,0.626,2.803,914,597,59.642,1.633,1.934,0.517,0.860
3744,gcb8330.tif,2.202,6.981,0.568,2.210,829,525,99.904,1.518,1.616,0.619,0.897
3745,gcb8330.tif,0.850,3.728,0.769,1.411,423,563,59.036,0.827,1.804,0.554,0.916
3746,gcb8330.tif,1.111,4.134,0.816,1.479,644,563,37.405,1.020,1.447,0.691,0.957
3747,gcb8330.tif,0.442,4.326,0.297,1.735,333,534,135.807,0.586,4.442,0.225,0.650
3748,gcb8330.tif,0.733,5.399,0.316,2.341,540,552,8.489,0.535,5.610,0.178,0.737
3749,gcb8330.tif,0.136,2.398,0.297,0.898,149,539,112.620,0.350,3.440,0.291,0.560
3750,gcb8330.tif,0.435,2.503,0.872,0.912,298,559,37.304,0.684,1.346,0.743,0.935
3751,gcb8330.tif,0.086,1.099,0.895,0.465,751,539,131.987,0.293,1.692,0.591,0.911
3752,gcb8330.tif,0.088,1.156,0.831,0.437,479,549,18.435,0.294,1.540,0.650,0.860
3753,gcb8330.tif,1.701,5.168,0.800,1.779,728,543,114.075,1.417,1.141,0.876,0.940
3754,gcb8330.tif,0.063,1.010,0.780,0.394,623,553,37.875,0.263,1.626,0.615,0.828
3755,gcb8330.tif,0.154,2.646,0.277,0.949,506,552,169.509,0.359,3.151,0.317,0.625
3756,gcb8330.tif,0.263,2.617,0.482,1.151,972,572,41.348,0.373,3.504,0.285,0.810
3757,gcb8330.tif,0.075,1.168,0.693,0.503,382,552,164.055,0.229,2.432,0.411,0.875
3758,gcb8330.tif,0.160,2.117,0.449,0.866,603,568,28.610,0.371,2.788,0.359,0.717
3759,gcb8330.tif,0.127,1.539,0.672,0.635,189,559,157.620,0.298,2.360,0.424,0.855
3760,gcb8330.tif,0.070,1.030,0.835,0.394,405,561,127.875,0.293,1.352,0.740,0.855
3761,gcb8330.tif,0.072,1.058,0.804,0.437,162,562,161.565,0.273,1.735,0.576,0.828
3762,gcb8330.tif,0.067,1.323,0.480,0.567,134,575,52.431,0.244,3.262,0.307,0.675
3763,gcb8330.tif,0.338,2.141,0.927,0.742,497,584,62.241,0.622,1.143,0.875,0.942
3764,gcb8330.tif,0.376,3.389,0.411,1.444,560,577,11.041,0.399,4.524,0.221,0.783
3765,gcb8330.tif,1.494,4.643,0.871,1.552,184,566,101.560,1.307,1.170,0.855,0.959
3766,gcb8330.tif,0.518,2.791,0.836,1.037,296,585,36.870,0.699,1.471,0.680,0.942
3767,gcb8330.tif,0.348,2.417,0.748,0.867,788,566,113.499,0.583,1.395,0.717,0.887
3768,gcb8330.tif,0.660,5.503,0.274,2.208,2,619,50.080,0.618,4.854,0.206,0.613
3769,gcb8330.tif,0.155,1.835,0.579,0.789,122,573,118.811,0.308,3.105,0.322,0.812
3770,gcb8330.tif,0.059,1.050,0.667,0.420,271,577,9.462,0.207,1.945,0.514,0.838
3771,gcb8330.tif,1.600,4.782,0.880,1.630,354,576,111.125,1.283,1.236,0.809,0.962
3772,gcb8330.tif,2.427,10.505,0.276,2.365,216,618,25.067,1.963,1.387,0.721,0.749
3773,gcb8330.tif,3.221,7.028,0.819,2.496,972,651,68.051,1.698,1.488,0.672,0.954
3774,gcb8330.tif,0.959,7.505,0.214,2.503,436,616,17.684,0.930,3.485,0.287,0.638
3775,gcb8330.tif,0.699,3.297,0.808,1.051,604,599,170.538,0.939,1.104,0.906,0.921
3776,gcb8330.tif,0.063,1.010,0.780,0.418,224,590,114.444,0.273,1.474,0.678,0.815
3777,gcb8330.tif,1.603,7.402,0.368,2.475,300,602,144.090,1.429,1.711,0.584,0.669
3778,gcb8330.tif,0.725,3.573,0.713,1.182,41,597,127.875,0.968,1.146,0.872,0.885
3779,gcb8330.tif,2.570,6.123,0.861,2.044,102,651,71.259,1.643,1.239,0.807,0.963
3780,gcb8330.tif,0.559,4.485,0.349,1.836,154,602,160.201,0.640,3.647,0.274,0.629
3781,gcb8330.tif,0.155,1.461,0.914,0.529,666,616,78.690,0.415,1.233,0.811,0.906
3782,gcb8330.tif,0.067,1.396,0.431,0.623,676,626,70.560,0.168,4.882,0.205,0.778
3783,gcb8330.tif,1.100,4.514,0.678,1.320,781,617,137.121,1.126,1.121,0.892,0.939
3784,gcb8330.tif,0.106,1.412,0.670,0.526,421,618,156.801,0.323,1.958,0.511,0.813
3785,gcb8330.tif,0.074,1.010,0.913,0.418,515,627,24.444,0.276,1.462,0.684,0.886
3786,gcb8330.tif,1.973,5.339,0.870,1.808,712,625,116.075,1.476,1.206,0.829,0.957
3787,gcb8330.tif,0.133,1.815,0.506,0.691,442,625,143.130,0.377,2.431,0.411,0.687
3788,gcb8330.tif,0.136,1.893,0.478,0.866,556,625,151.390,0.253,3.945,0.253,0.803
3789,gcb8330.tif,0.116,1.315,0.842,0.518,497,638,53.130,0.350,1.548,0.646,0.894
3790,gcb8330.tif,0.133,1.384,0.870,0.491,382,631,129.289,0.415,1.158,0.864,0.884
3791,gcb8330.tif,2.750,9.238,0.405,2.190,509,655,6.340,1.901,1.074,0.931,0.847
3792,gcb8330.tif,1.317,4.424,0.846,1.543,643,679,74.407,1.203,1.229,0.814,0.949
3793,gcb8330.tif,1.298,4.379,0.851,1.447,300,678,56.689,1.244,1.108,0.902,0.955
3794,gcb8330.tif,0.302,2.730,0.509,1.153,423,644,171.384,0.406,3.390,0.295,0.789
3795,gcb8330.tif,0.072,1.070,0.786,0.404,819,643,160.017,0.242,1.770,0.565,0.882
3796,gcb8330.tif,0.251,2.181,0.663,0.881,484,678,64.440,0.435,2.226,0.449,0.857
3797,gcb8330.tif,0.063,0.961,0.862,0.394,365,657,142.125,0.229,1.817,0.550,0.876
3798,gcb8330.tif,0.178,1.562,0.916,0.575,382,673,57.265,0.449,1.229,0.814,0.934
3799,gcb8330.tif,0.082,1.128,0.815,0.422,773,671,55.008,0.306,1.476,0.678,0.852
3800,gcb8330.tif,0.075,1.058,0.844,0.433,953,667,151.390,0.276,1.488,0.672,0.881
3801,gcb8330.tif,0.050,0.961,0.683,0.372,53,667,111.801,0.207,1.496,0.668,0.800
3802,gcb8330.tif,0.820,3.406,0.889,1.159,569,690,17.354,1.002,1.110,0.901,0.954
3803,gcb8330.tif,0.056,0.863,0.947,0.326,274,668,122.005,0.263,1.249,0.800,0.895
3804,gcb8330.tif,0.998,4.180,0.718,1.638,690,668,117.646,0.806,2.064,0.484,0.940
3805,gcb8330.tif,0.090,1.185,0.802,0.498,428,683,33.690,0.269,1.932,0.518,0.867
3806,gcb8330.tif,0.131,1.616,0.632,0.604,395,684,166.759,0.408,1.352,0.740,0.783
3807,gcb8330.tif,0.050,1.030,0.594,0.440,85,679,135.000,0.232,2.249,0.445,0.771
3808,gcb8330.tif,0.214,2.678,0.375,0.842,109,695,19.179,0.463,1.828,0.547,0.706
3809,gcb8330.tif,0.068,1.197,0.597,0.541,187,684,153.435,0.212,2.844,0.352,0.803
3810,gcb8330.tif,0.069,1.030,0.821,0.422,489,686,145.008,0.288,1.514,0.660,0.859
3811,gcb8330.tif,0.082,1.119,0.827,0.480,758,688,149.744,0.262,2.002,0.499,0.885
3812,gcb8330.tif,0.117,1.326,0.836,0.527,822,696,31.608,0.311,1.721,0.581,0.925
3813,gcb8330.tif,0.080,1.372,0.534,0.557,12,699,172.875,0.251,2.273,0.440,0.753
3814,gcb8330.tif,0.830,3.829,0.711,1.398,312,713,8.531,0.796,1.874,0.534,0.896
3815,gcb8330.tif,0.075,1.021,0.906,0.394,626,708,127.875,0.306,1.232,0.812,0.900
3816,gcb8330.tif,0.069,1.234,0.572,0.540,733,723,50.194,0.195,3.405,0.294,0.748
3817,gcb8330.tif,0.111,2.132,0.307,0.901,876,719,4.399,0.191,5.221,0.192,0.727
3818,gcb8333.tif,0.102,1.421,0.632,0.615,415,13,38.157,0.244,2.854,0.350,0.817
3819,gcb8333.tif,0.069,0.989,0.889,0.386,555,6,169.695,0.262,1.464,0.683,0.866
3820,gcb8333.tif,0.228,1.758,0.928,0.635,45,23,67.620,0.484,1.281,0.781,0.941
3821,gcb8333.tif,0.115,1.783,0.453,0.729,213,9,121.430,0.258,3.219,0.311,0.765
3822,gcb8333.tif,2.374,9.303,0.345,2.585,243,84,81.545,1.668,1.505,0.664,0.738
3823,gcb8333.tif,1.008,3.858,0.851,1.286,635,37,30.700,1.082,1.197,0.835,0.938
3824,gcb8333.tif,0.553,2.966,0.790,1.111,484,44,84.644,0.691,1.708,0.585,0.906
3825,gcb8333.tif,0.220,1.884,0.778,0.767,737,14,144.162,0.416,1.900,0.526,0.891
3826,gcb8333.tif,0.279,2.132,0.772,0.855,150,40,75.964,0.449,1.886,0.530,0.923
3827,gcb8333.tif,1.083,4.741,0.606,1.648,985,16,99.660,0.890,1.949,0.513,0.874
3828,gcb8333.tif,0.189,1.620,0.904,0.591,591,23,110.556,0.449,1.294,0.773,0.924
3829,gcb8333.tif,1.235,4.859,0.657,1.576,287,32,142.125,1.231,1.195,0.837,0.894
3830,gcb8333.tif,0.092,1.197,0.807,0.480,573,25,120.256,0.278,1.840,0.543,0.895
3831,gcb8333.tif,0.173,1.697,0.755,0.591,609,33,159.444,0.435,1.489,0.672,0.871
3832,gcb8333.tif,0.069,1.058,0.777,0.394,558,34,127.875,0.293,1.456,0.687,0.817
3833,gcb8333.tif,0.266,2.051,0.795,0.692,695,36,177.138,0.576,1.113,0.898,0.897
3834,gcb8333.tif,0.404,3.052,0.544,0.930,438,59,58.671,0.826,1.266,0.790,0.754
3835,gcb8333.tif,0.183,1.901,0.635,0.665,874,49,27.897,0.440,1.731,0.578,0.783
3836,gcb8333.tif,0.080,1.156,0.752,0.491,1008,37,140.711,0.244,1.972,0.507,0.859
3837,gcb8333.tif,0.128,2.149,0.348,0.866,721,60,61.390,0.326,3.828,0.261,0.605
3838,gcb8333.tif,0.136,1.551,0.712,0.588,333,39,93.366,0.346,1.581,0.633,0.870
3839,gcb8333.tif,0.392,3.570,0.386,1.382,531,41,126.870,0.565,3.068,0.326,0.633
3840,gcb8333.tif,0.915,3.875,0.766,1.352,159,45,122.471,1.002,1.424,0.702,0.910
3841,gcb8333.tif,0.228,2.491,0.462,1.053,650,65,41.009,0.370,3.335,0.300,0.745
3842,gcb8333.tif,0.082,1.050,0.939,0.394,415,47,127.875,0.294,1.342,0.745,0.908
3843,gcb8333.tif,0.601,4.131,0.442,1.085,736,48,120.651,0.939,1.143,0.875,0.795
3844,gcb8333.tif,0.096,1.274,0.740,0.541,603,62,63.435,0.275,2.184,0.458,0.856
3845,gcb8333.tif,0.394,2.336,0.908,0.798,907,71,72.350,0.678,1.191,0.840,0.936
3846,gcb8333.tif,0.110,1.669,0.496,0.592,210,67,83.290,0.332,1.844,0.542,0.730
3847,gcb8333.tif,1.053,7.485,0.236,2.813,532,110,37.011,0.970,3.687,0.271,0.560
3848,gcb8333.tif,0.074,1.294,0.555,0.563,393,59,132.510,0.269,2.747,0.364,0.743
3849,gcb8333.tif,0.719,3.468,0.751,1.275,268,94,57.171,0.740,1.821,0.549,0.911
3850,gcb8333.tif,0.117,1.363,0.791,0.558,325,70,21.801,0.335,1.838,0.544,0.875
3851,gcb8333.tif,1.275,8.200,0.238,3.209,905,131,48.930,0.864,4.667,0.214,0.555
3852,gcb8333.tif,1.146,6.084,0.389,2.440,472,65,142.481,1.016,2.594,0.386,0.684
3853,gcb8333.tif,0.672,3.142,0.856,1.103,355,91,57.804,0.820,1.319,0.758,0.940
3854,gcb8333.tif,0.345,2.365,0.776,0.901,699,68,147.529,0.611,1.455,0.687,0.909
3855,gcb8333.tif,0.266,2.189,0.698,0.773,621,67,100.305,0.553,1.253,0.798,0.834
3856,gcb8333.tif,0.226,1.827,0.850,0.700,927,68,110.225,0.449,1.542,0.649,0.924
3857,gcb8333.tif,1.412,5.877,0.514,2.285,122,135,86.532,1.069,2.094,0.478,0.834
3858,gcb8333.tif,1.054,7.370,0.244,2.929,963,150,72.848,0.938,4.580,0.218,0.522
3859,gcb8333.tif,0.078,1.168,0.715,0.498,307,71,123.690,0.260,2.197,0.455,0.850
3860,gcb8333.tif,0.319,3.000,0.445,1.114,782,73,172.875,0.617,2.095,0.477,0.682
3861,gcb8333.tif,0.196,1.620,0.938,0.546,836,71,108.435,0.484,1.083,0.923,0.927
3862,gcb8333.tif,0.070,1.010,0.869,0.374,877,81,33.690,0.310,1.124,0.890,0.868
3863,gcb8333.tif,0.072,1.458,0.424,0.664,186,97,38.660,0.163,5.142,0.194,0.755
3864,gcb8333.tif,0.539,2.995,0.754,1.093,893,111,34.695,0.772,1.436,0.696,0.911
3865,gcb8333.tif,0.100,1.453,0.597,0.572,474,95,25.017,0.258,2.567,0.390,0.796
3866,gcb8333.tif,0.344,3.179,0.428,1.065,720,115,54.246,0.730,1.419,0.705,0.703
3867,gcb8333.tif,0.525,2.788,0.850,0.934,683,117,51.009,0.819,1.103,0.906,0.928
3868,gcb8333.tif,0.496,2.710,0.848,0.956,202,96,102.529,0.691,1.405,0.712,0.937
3869,gcb8333.tif,0.189,2.572,0.358,0.960,759,112,30.256,0.479,2.442,0.410,0.588
3870,gcb8333.tif,1.115,6.779,0.305,1.803,798,153,77.829,1.313,1.462,0.684,0.609
3871,gcb8333.tif,0.113,1.807,0.437,0.788,146,125,74.745,0.227,4.023,0.249,0.802
3872,gcb8333.tif,1.261,4.204,0.897,1.376,487,107,128.884,1.244,1.078,0.928,0.958
3873,gcb8333.tif,0.578,3.789,0.506,1.085,301,137,52.765,0.883,1.401,0.714,0.774
3874,gcb8333.tif,0.768,4.994,0.387,1.917,834,158,56.023,0.773,3.262,0.307,0.656
3875,gcb8333.tif,0.744,3.320,0.848,1.193,999,151,79.992,0.829,1.426,0.701,0.947
3876,gcb8333.tif,0.603,3.096,0.791,1.113,46,125,115.769,0.726,1.541,0.649,0.927
3877,gcb8333.tif,0.763,4.632,0.447,1.943,211,172,51.499,0.583,4.051,0.247,0.800
3878,gcb8333.tif,0.117,1.591,0.581,0.695,591,127,116.565,0.262,2.993,0.334,0.856
3879,gcb8333.tif,0.134,1.648,0.619,0.700,750,145,57.095,0.285,2.611,0.383,0.827
3880,gcb8333.tif,0.146,1.974,0.470,0.758,21,130,114.228,0.378,2.421,0.413,0.722
3881,gcb8333.tif,0.595,3.073,0.792,1.128,315,157,49.970,0.747,1.463,0.683,0.921
3882,gcb8333.tif,0.504,2.633,0.914,0.901,186,135,122.471,0.760,1.133,0.883,0.949
3883,gcb8333.tif,0.752,3.280,0.879,1.085,873,136,127.235,0.933,1.122,0.891,0.951
3884,gcb8333.tif,0.070,1.010,0.869,0.386,786,136,153.435,0.302,1.260,0.794,0.849
3885,gcb8333.tif,0.236,1.868,0.852,0.700,382,136,110.225,0.449,1.564,0.640,0.925
3886,gcb8333.tif,1.853,5.575,0.749,1.894,545,186,51.667,1.347,1.376,0.727,0.933
3887,gcb8333.tif,0.432,2.690,0.751,0.983,463,170,79.875,0.617,1.662,0.602,0.907
3888,gcb8333.tif,0.804,3.671,0.749,1.256,519,181,82.093,0.968,1.241,0.806,0.920
3889,gcb8333.tif,0.263,2.638,0.475,1.016,706,146,144.689,0.409,2.924,0.342,0.765
3890,gcb8333.tif,0.210,1.893,0.737,0.671,273,148,145.491,0.479,1.506,0.664,0.880
3891,gcb8333.tif,0.306,2.756,0.506,0.984,780,176,18.435,0.639,1.663,0.601,0.721
3892,gcb8333.tif,0.190,2.951,0.274,1.040,804,175,21.448,0.445,3.147,0.318,0.510
3893,gcb8333.tif,0.165,1.807,0.634,0.759,67,164,149.931,0.397,2.188,0.457,0.849
3894,gcb8333.tif,0.183,1.754,0.746,0.635,370,164,112.380,0.465,1.327,0.754,0.848
3895,gcb8333.tif,0.244,2.247,0.607,0.864,754,165,106.260,0.460,2.129,0.470,0.770
3896,gcb8333.tif,0.074,0.989,0.951,0.361,942,178,73.301,0.309,1.155,0.866,0.873
3897,gcb8333.tif,0.424,3.524,0.429,1.358,171,172,165.256,0.558,2.516,0.397,0.760
3898,gcb8333.tif,0.528,2.983,0.745,0.978,400,174,122.005,0.843,1.107,0.903,0.869
3899,gcb8333.tif,0.763,4.500,0.473,1.852,991,174,98.584,0.668,2.692,0.372,0.863
3900,gcb8333.tif,0.201,2.161,0.540,0.875,856,180,99.090,0.372,2.475,0.404,0.804
3901,gcb8333.tif,0.305,2.471,0.627,0.806,729,186,149.036,0.606,1.395,0.717,0.820
3902,gcb8333.tif,0.185,2.011,0.575,0.777,259,194,20.854,0.380,2.544,0.393,0.785
3903,gcb8333.tif,1.354,7.478,0.304,3.133,278,202,6.968,0.769,5.005,0.200,0.715
3904,gcb8333.tif,0.057,0.961,0.781,0.346,132,198,36.870,0.273,1.221,0.819,0.865
3905,gcb8333.tif,1.149,4.281,0.788,1.574,955,190,98.842,0.947,1.680,0.595,0.941
3906,gcb8333.tif,0.125,1.335,0.884,0.527,1012,191,121.608,0.355,1.522,0.657,0.921
3907,gcb8333.tif,0.056,0.883,0.904,0.356,378,205,60.945,0.242,1.540,0.649,0.904
3908,gcb8333.tif,1.618,4.874,0.856,1.719,50,247,74.846,1.234,1.408,0.710,0.960
3909,gcb8333.tif,0.110,1.490,0.622,0.591,678,216,69.444,0.306,2.237,0.447,0.840
3910,gcb8333.tif,0.327,2.356,0.741,0.930,920,226,58.671,0.583,1.679,0.596,0.898
3911,gcb8333.tif,0.080,1.527,0.431,0.588,572,217,49.764,0.253,2.887,0.346,0.724
3912,gcb8333.tif,0.825,6.211,0.269,2.028,728,234,171.180,1.238,1.683,0.594,0.500
3913,gcb8333.tif,1.765,8.289,0.323,3.122,198,236,5.080,1.162,2.688,0.372,0.705
3914,gcb8333.tif,0.153,1.485,0.871,0.567,702,224,52.431,0.380,1.395,0.717,0.941
3915,gcb8333.tif,0.091,1.372,0.606,0.567,385,212,127.569,0.245,2.601,0.385,0.784
3916,gcb8333.tif,0.543,3.866,0.457,1.342,850,215,101.889,0.880,1.863,0.537,0.707
3917,gcb8333.tif,0.140,1.375,0.928,0.546,106,229,34.695,0.380,1.405,0.712,0.940
3918,gcb8333.tif,0.305,2.885,0.460,0.837,140,242,51.710,0.630,1.371,0.729,0.743
3919,gcb8333.tif,0.063,1.283,0.484,0.563,554,236,42.510,0.195,3.016,0.332,0.726
3920,gcb8333.tif,0.074,1.306,0.545,0.579,28,226,107.354,0.203,3.195,0.313,0.861
3921,gcb8333.tif,0.210,1.970,0.680,0.832,652,245,48.366,0.358,2.569,0.389,0.880
3922,gcb8333.tif,3.483,7.072,0.875,2.428,340,228,94.899,1.866,1.294,0.773,0.973
3923,gcb8333.tif,1.739,6.300,0.550,2.105,651,264,29.511,1.487,1.280,0.781,0.838
3924,gcb8333.tif,0.109,1.266,0.852,0.518,707,231,143.130,0.325,1.588,0.630,0.919
3925,gcb8333.tif,0.096,1.323,0.686,0.557,929,230,150.255,0.288,2.249,0.445,0.825
3926,gcb8333.tif,0.413,3.556,0.411,1.227,755,234,122.347,0.675,2.271,0.440,0.680
3927,gcb8333.tif,1.289,4.330,0.864,1.492,120,282,84.685,1.175,1.260,0.793,0.943
3928,gcb8333.tif,1.063,6.902,0.280,2.684,571,264,11.889,0.819,3.918,0.255,0.668
3929,gcb8333.tif,0.056,0.940,0.798,0.386,409,244,116.565,0.242,1.750,0.571,0.855
3930,gcb8333.tif,0.056,1.303,0.416,0.586,815,244,135.000,0.187,4.212,0.237,0.639
3931,gcb8333.tif,1.418,4.773,0.782,1.727,923,252,109.885,1.106,1.596,0.626,0.942
3932,gcb8333.tif,2.004,5.282,0.903,1.728,799,302,78.465,1.542,1.127,0.887,0.962
3933,gcb8333.tif,0.069,1.030,0.821,0.403,453,261,30.964,0.276,1.576,0.634,0.847
3934,gcb8333.tif,0.357,3.073,0.475,0.978,833,259,122.005,0.668,1.632,0.613,0.734
3935,gcb8333.tif,0.344,2.328,0.798,0.850,964,256,116.565,0.613,1.409,0.709,0.893
3936,gcb8333.tif,0.353,2.612,0.651,1.057,298,287,78.690,0.484,2.368,0.422,0.888
3937,gcb8333.tif,0.166,1.620,0.795,0.595,487,272,35.538,0.435,1.447,0.691,0.883
3938,gcb8333.tif,0.057,1.010,0.707,0.403,48,264,149.036,0.242,1.402,0.713,0.828
3939,gcb8333.tif,1.078,4.704,0.612,1.749,717,263,119.604,0.981,1.734,0.577,0.890
3940,gcb8333.tif,0.474,2.796,0.762,0.958,995,277,25.641,0.782,1.068,0.936,0.886
3941,gcb8333.tif,1.260,7.118,0.313,1.856,224,277,155.821,1.462,1.289,0.776,0.627
3942,gcb8333.tif,0.129,1.579,0.650,0.591,205,268,159.444,0.346,1.899,0.527,0.844
3943,gcb8333.tif,0.063,1.058,0.710,0.437,857,274,18.435,0.232,2.243,0.446,0.797
3944,gcb8333.tif,0.063,0.932,0.916,0.374,982,283,33.690,0.269,1.374,0.728,0.922
3945,gcb8333.tif,0.775,3.357,0.864,1.200,374,311,78.366,0.875,1.393,0.718,0.945
3946,gcb8333.tif,0.279,2.678,0.490,1.023,661,285,168.311,0.461,2.663,0.375,0.737
3947,gcb8333.tif,0.129,1.551,0.674,0.646,750,281,164.476,0.276,2.311,0.433,0.896
3948,gcb8333.tif,0.258,3.236,0.310,0.973,79,293,163.496,0.608,1.698,0.589,0.588
3949,gcb8333.tif,0.127,1.433,0.775,0.557,220,303,82.875,0.346,1.587,0.630,0.883
3950,gcb8333.tif,0.462,2.535,0.904,0.912,161,313,52.696,0.684,1.288,0.776,0.949
3951,gcb8333.tif,0.385,3.745,0.345,1.361,844,309,23.962,0.541,2.894,0.346,0.692
3952,gcb8333.tif,0.074,1.343,0.516,0.572,122,296,115.017,0.216,2.571,0.389,0.816
3953,gcb8333.tif,1.058,6.792,0.288,1.736,431,340,58.841,1.131,1.710,0.585,0.676
3954,gcb8333.tif,0.719,6.162,0.238,1.809,647,322,28.523,1.054,2.267,0.441,0.516
3955,gcb8333.tif,1.026,4.111,0.763,1.582,892,298,121.608,0.951,1.730,0.578,0.932
3956,gcb8333.tif,0.085,1.303,0.628,0.470,547,300,107.103,0.328,1.520,0.658,0.807
3957,gcb8333.tif,0.079,1.470,0.459,0.643,351,304,143.746,0.228,4.230,0.236,0.677
3958,gcb8333.tif,3.270,7.937,0.652,2.813,475,305,95.641,1.866,1.376,0.727,0.912
3959,gcb8333.tif,0.070,1.176,0.640,0.495,487,313,24.775,0.219,2.784,0.359,0.776
3960,gcb8333.tif,0.474,4.554,0.287,1.662,505,307,159.305,0.745,2.544,0.393,0.510
3961,gcb8333.tif,0.076,1.156,0.719,0.480,406,320,59.744,0.269,1.933,0.517,0.810
3962,gcb8333.tif,0.546,3.089,0.719,1.132,279,343,77.661,0.653,1.770,0.565,0.920
3963,gcb8333.tif,0.404,2.543,0.784,0.990,61,313,119.249,0.579,1.748,0.572,0.921
3964,gcb8333.tif,0.069,0.932,1.000,0.356,1008,313,119.055,0.276,1.178,0.849,0.928
3965,gcb8333.tif,0.067,0.952,0.927,0.346,829,322,53.130,0.276,1.210,0.826,0.896
3966,gcb8333.tif,0.225,1.746,0.925,0.595,343,316,125.538,0.528,1.111,0.900,0.919
3967,gcb8333.tif,0.066,0.932,0.950,0.356,703,324,60.945,0.273,1.304,0.767,0.902
3968,gcb8333.tif,1.563,9.875,0.201,2.229,802,387,82.875,1.693,1.339,0.747,0.521
3969,gcb8333.tif,0.252,2.686,0.439,1.020,223,324,118.301,0.458,2.708,0.369,0.713
3970,gcb8333.tif,2.700,8.985,0.420,2.526,6,392,49.994,1.737,1.280,0.781,0.846
3971,gcb8333.tif,0.066,0.920,0.975,0.361,691,329,163.301,0.269,1.348,0.742,0.894
3972,gcb8333.tif,1.161,6.369,0.360,2.092,702,353,172.405,1.190,2.060,0.485,0.587
3973,gcb8333.tif,0.064,1.018,0.782,0.394,246,329,127.875,0.244,1.648,0.607,0.812
3974,gcb8333.tif,0.711,4.090,0.534,1.214,882,331,94.899,0.882,1.370,0.730,0.852
3975,gcb8333.tif,0.137,1.579,0.692,0.631,101,338,170.538,0.311,2.269,0.441,0.839
3976,gcb8333.tif,1.783,9.116,0.270,2.330,656,395,57.724,1.435,1.792,0.558,0.698
3977,gcb8333.tif,0.106,1.636,0.499,0.563,374,349,42.510,0.354,1.856,0.539,0.739
3978,gcb8333.tif,0.055,1.038,0.641,0.374,919,349,56.310,0.273,1.382,0.724,0.742
3979,gcb8333.tif,0.060,1.001,0.749,0.394,633,351,37.875,0.240,1.732,0.578,0.855
3980,gcb8333.tif,0.139,1.375,0.920,0.498,979,359,56.310,0.380,1.169,0.855,0.928
3981,gcb8333.tif,0.060,1.205,0.517,0.422,310,348,145.008,0.269,1.754,0.570,0.714
3982,gcb8333.tif,0.785,3.516,0.798,1.189,415,351,144.462,0.898,1.272,0.786,0.930
3983,gcb8333.tif,0.666,3.113,0.864,1.126,952,379,72.121,0.795,1.414,0.707,0.949
3984,gcb8333.tif,0.640,3.585,0.626,1.290,587,350,97.696,0.776,1.750,0.571,0.847
3985,gcb8333.tif,0.142,1.433,0.870,0.523,547,368,82.405,0.380,1.265,0.790,0.898
3986,gcb8333.tif,0.190,1.925,0.644,0.788,917,375,74.745,0.380,2.286,0.438,0.876
3987,gcb8333.tif,0.941,3.674,0.876,1.316,995,400,76.329,0.933,1.421,0.704,0.955
3988,gcb8333.tif,0.156,2.178,0.415,0.875,85,370,9.090,0.361,2.995,0.334,0.653
3989,gcb8333.tif,0.674,3.162,0.847,1.144,124,396,64.983,0.795,1.401,0.714,0.945
3990,gcb8333.tif,1.418,7.601,0.308,1.933,175,417,65.726,1.555,1.163,0.860,0.623
3991,gcb8333.tif,2.433,9.583,0.333,2.572,698,411,30.700,1.859,1.570,0.637,0.675
3992,gcb8333.tif,0.836,5.201,0.388,1.380,895,406,67.932,1.091,1.195,0.837,0.786
3993,gcb8333.tif,0.051,0.806,0.994,0.326,622,373,122.005,0.207,1.361,0.735,0.956
3994,gcb8333.tif,0.503,4.913,0.262,1.695,249,376,129.207,0.739,2.968,0.337,0.580
3995,gcb8333.tif,0.270,2.437,0.571,1.023,391,392,11.689,0.384,3.225,0.310,0.851
3996,gcb8333.tif,0.099,1.197,0.870,0.480,829,395,59.744,0.318,1.428,0.700,0.892
3997,gcb8333.tif,1.581,5.063,0.775,1.818,603,390,98.746,1.291,1.317,0.759,0.927
3998,gcb8333.tif,0.076,1.363,0.517,0.604,518,401,23.629,0.197,3.521,0.284,0.800
3999,gcb8333.tif,0.949,4.738,0.532,1.648,630,395,99.660,0.914,2.067,0.484,0.825
4000,gcb8333.tif,2.308,7.284,0.547,2.099,858,399,107.241,1.796,1.087,0.920,0.852
4001,gcb8333.tif,0.062,1.001,0.779,0.404,448,405,19.983,0.222,1.984,0.504,0.839
4002,gcb8333.tif,1.274,8.004,0.250,1.764,771,401,124.624,1.417,1.139,0.878,0.655
4003,gcb8333.tif,0.146,2.157,0.393,0.796,1003,424,55.620,0.342,2.976,0.336,0.709
4004,gcb8333.tif,0.475,2.624,0.867,0.995,964,409,110.323,0.622,1.566,0.639,0.949
4005,gcb8333.tif,1.242,4.586,0.742,1.596,242,417,107.650,1.106,1.353,0.739,0.911
4006,gcb8333.tif,0.064,1.079,0.697,0.449,989,418,112.620,0.230,2.083,0.480,0.824
4007,gcb8333.tif,0.081,1.640,0.379,0.712,518,428,14.036,0.217,4.562,0.219,0.673
4008,gcb8333.tif,0.139,1.657,0.634,0.712,539,424,157.166,0.284,2.760,0.362,0.832
4009,gcb8333.tif,1.027,6.646,0.292,2.149,147,469,27.801,1.235,1.840,0.544,0.578
4010,gcb8333.tif,0.066,0.932,0.950,0.356,458,428,150.945,0.276,1.313,0.762,0.909
4011,gcb8333.tif,0.090,1.156,0.842,0.464,562,433,26.565,0.294,1.639,0.610,0.857
4012,gcb8333.tif,0.102,1.363,0.686,0.541,79,441,63.435,0.283,2.084,0.480,0.867
4013,gcb8333.tif,0.411,2.804,0.656,0.944,685,456,66.251,0.660,1.588,0.630,0.853
4014,gcb8333.tif,0.050,1.010,0.618,0.403,213,441,59.036,0.215,2.077,0.482,0.800
4015,gcb8333.tif,0.113,1.444,0.683,0.572,994,446,64.983,0.311,2.023,0.494,0.868
4016,gcb8333.tif,0.287,2.023,0.880,0.739,930,433,100.784,0.518,1.413,0.708,0.934
4017,gcb8333.tif,0.285,3.130,0.366,0.866,121,436,118.610,0.675,1.349,0.741,0.656
4018,gcb8333.tif,0.055,0.883,0.885,0.328,280,440,18.435,0.242,1.320,0.757,0.885
4019,gcb8333.tif,0.273,2.380,0.607,0.949,710,439,169.509,0.390,2.684,0.373,0.863
4020,gcb8333.tif,0.061,0.952,0.844,0.367,89,447,41.186,0.273,1.363,0.734,0.872
4021,gcb8333.tif,0.097,1.274,0.749,0.464,314,439,116.565,0.380,1.233,0.811,0.818
4022,gcb8333.tif,0.081,1.783,0.321,0.656,954,440,108.435,0.262,3.434,0.291,0.560
4023,gcb8333.tif,0.965,6.727,0.268,1.613,274,496,80.134,1.102,1.296,0.772,0.724
4024,gcb8333.tif,0.097,1.197,0.849,0.470,806,458,17.103,0.311,1.518,0.659,0.866
4025,gcb8333.tif,0.164,1.778,0.650,0.722,483,473,73.301,0.311,2.221,0.450,0.893
4026,gcb8333.tif,1.038,4.411,0.670,1.467,15,495,74.982,0.968,1.489,0.672,0.912
4027,gcb8333.tif,0.131,1.726,0.554,0.637,169,466,12.529,0.360,1.942,0.515,0.759
4028,gcb8333.tif,1.308,5.383,0.567,1.689,838,461,120.763,1.297,1.332,0.751,0.851
4029,gcb8333.tif,0.585,4.436,0.374,1.613,900,506,80.134,0.657,3.066,0.326,0.703
4030,gcb8333.tif,0.719,5.564,0.292,2.023,512,519,82.147,0.769,3.426,0.292,0.584
4031,gcb8333.tif,0.050,0.903,0.772,0.367,558,462,131.186,0.229,1.552,0.644,0.875
4032,gcb8333.tif,0.180,1.758,0.733,0.637,461,463,102.529,0.380,1.724,0.580,0.904
4033,gcb8333.tif,2.012,9.213,0.298,2.484,212,532,68.791,1.382,1.857,0.539,0.751
4034,gcb8333.tif,0.204,2.267,0.499,0.913,629,480,29.476,0.391,3.043,0.329,0.720
4035,gcb8333.tif,0.076,1.913,0.262,0.742,88,471,152.241,0.291,2.818,0.355,0.508
4036,gcb8333.tif,0.129,1.315,0.938,0.498,771,476,146.310,0.379,1.316,0.760,0.919
4037,gcb8333.tif,0.256,2.247,0.636,0.732,977,474,109.290,0.583,1.328,0.753,0.808
4038,gcb8333.tif,0.203,2.376,0.452,0.918,127,489,19.799,0.364,2.785,0.359,0.723
4039,gcb8333.tif,0.953,7.052,0.241,2.033,477,477,107.819,1.353,1.747,0.572,0.517
4040,gcb8333.tif,0.061,1.128,0.602,0.480,997,478,120.256,0.230,2.246,0.445,0.823
4041,gcb8333.tif,0.834,3.467,0.871,1.246,59,516,70.560,0.854,1.448,0.690,0.950
4042,gcb8333.tif,1.175,4.911,0.612,1.552,171,483,106.821,1.033,1.553,0.644,0.896
4043,gcb8333.tif,0.666,3.125,0.858,1.103,682,484,122.196,0.783,1.416,0.706,0.943
4044,gcb8333.tif,0.139,1.884,0.490,0.798,728,487,162.350,0.303,3.450,0.290,0.732
4045,gcb8333.tif,0.602,3.024,0.827,1.085,752,491,149.349,0.824,1.240,0.807,0.926
4046,gcb8333.tif,0.221,1.982,0.707,0.789,975,519,61.189,0.417,2.049,0.488,0.856
4047,gcb8333.tif,0.625,4.245,0.435,1.173,92,524,13.627,0.961,1.274,0.785,0.764
4048,gcb8333.tif,0.708,6.332,0.222,2.257,275,551,49.970,0.970,3.211,0.311,0.433
4049,gcb8333.tif,0.059,0.952,0.811,0.391,266,509,45.000,0.263,1.509,0.662,0.860
4050,gcb8333.tif,0.063,0.961,0.862,0.416,403,501,138.366,0.244,1.799,0.556,0.876
4051,gcb8333.tif,1.003,4.387,0.655,1.535,525,533,35.838,1.026,1.422,0.703,0.884
4052,gcb8333.tif,0.080,1.042,0.927,0.394,888,519,52.125,0.276,1.258,0.795,0.918
4053,gcb8333.tif,0.336,4.180,0.241,1.213,783,521,160.017,0.660,2.461,0.406,0.552
4054,gcb8333.tif,1.677,8.623,0.283,1.985,575,564,54.926,1.612,1.271,0.786,0.688
4055,gcb8333.tif,1.100,6.821,0.297,1.965,301,568,66.140,1.135,2.008,0.498,0.612
4056,gcb8333.tif,0.117,1.286,0.889,0.481,405,519,158.962,0.346,1.337,0.748,0.899
4057,gcb8333.tif,0.196,2.215,0.502,0.709,369,525,133.025,0.440,1.655,0.604,0.812
4058,gcb8333.tif,0.103,1.335,0.724,0.526,869,529,23.199,0.282,2.098,0.477,0.856
4059,gcb8333.tif,0.252,2.157,0.680,0.872,761,524,146.310,0.474,2.123,0.471,0.854
4060,gcb8333.tif,1.316,4.488,0.821,1.608,68,573,81.347,1.140,1.402,0.713,0.937
4061,gcb8333.tif,0.154,2.226,0.391,0.842,710,539,19.179,0.366,2.916,0.343,0.653
4062,gcb8333.tif,0.349,2.304,0.826,0.798,869,532,94.970,0.606,1.303,0.768,0.894
4063,gcb8333.tif,0.191,2.235,0.481,0.949,190,535,146.889,0.367,3.030,0.330,0.755
4064,gcb8333.tif,1.404,4.680,0.806,1.756,145,584,79.796,1.110,1.563,0.640,0.948
4065,gcb8333.tif,0.840,5.307,0.375,1.314,461,538,125.362,1.171,1.347,0.742,0.740
4066,gcb8333.tif,0.073,1.197,0.639,0.495,105,546,24.775,0.237,2.422,0.413,0.792
4067,gcb8333.tif,2.220,5.839,0.818,2.136,413,539,99.310,1.313,1.662,0.602,0.962
4068,gcb8333.tif,0.986,4.412,0.637,1.547,659,541,113.703,0.953,1.743,0.574,0.875
4069,gcb8333.tif,0.137,1.754,0.561,0.682,843,540,120.466,0.368,2.307,0.434,0.719
4070,gcb8333.tif,0.217,1.982,0.695,0.700,6,543,147.095,0.484,1.533,0.652,0.843
4071,gcb8333.tif,1.336,7.712,0.282,2.234,884,596,50.648,1.125,2.496,0.401,0.633
4072,gcb8333.tif,0.051,1.010,0.633,0.451,778,555,57.529,0.200,2.681,0.373,0.775
4073,gcb8333.tif,0.631,4.942,0.324,1.652,321,596,74.219,0.691,3.153,0.317,0.654
4074,gcb8333.tif,1.636,5.221,0.754,1.977,176,551,95.013,1.180,1.581,0.633,0.942
4075,gcb8333.tif,0.529,3.814,0.457,1.344,87,593,72.031,0.700,2.536,0.394,0.740
4076,gcb8333.tif,0.115,1.335,0.809,0.540,553,568,39.806,0.342,1.552,0.644,0.897
4077,gcb8333.tif,0.161,1.588,0.804,0.591,963,573,69.444,0.415,1.295,0.772,0.874
4078,gcb8333.tif,0.771,5.405,0.332,1.957,266,558,132.138,0.800,2.932,0.341,0.694
4079,gcb8333.tif,1.076,7.195,0.261,2.457,722,567,176.775,1.240,2.621,0.382,0.537
4080,gcb8333.tif,1.391,5.978,0.489,2.156,37,563,96.442,0.943,2.484,0.403,0.863
4081,gcb8333.tif,0.192,1.994,0.608,0.788,313,589,74.745,0.373,2.198,0.455,0.819
4082,gcb8333.tif,0.506,4.913,0.264,1.850,567,598,32.800,0.587,3.974,0.252,0.603
4083,gcb8333.tif,0.535,3.524,0.541,1.344,265,568,107.969,0.636,2.198,0.455,0.823
4084,gcb8333.tif,0.275,2.454,0.573,0.934,929,570,141.009,0.519,1.825,0.548,0.817
4085,gcb8333.tif,0.064,1.205,0.558,0.491,947,573,140.711,0.228,2.317,0.432,0.766
4086,gcb8333.tif,0.216,2.931,0.316,1.231,124,573,128.157,0.338,5.127,0.195,0.645
4087,gcb8333.tif,0.144,1.925,0.490,0.788,371,585,15.255,0.307,3.247,0.308,0.759
4088,gcb8333.tif,0.067,1.010,0.825,0.361,113,578,106.699,0.276,1.258,0.795,0.855
4089,gcb8333.tif,1.037,3.882,0.865,1.383,975,578,102.995,0.933,1.422,0.703,0.961
4090,gcb8333.tif,0.201,1.798,0.780,0.637,840,582,130.601,0.484,1.084,0.923,0.901
4091,gcb8333.tif,0.174,2.471,0.359,0.936,620,583,94.236,0.353,3.059,0.327,0.674
4092,gcb8333.tif,0.051,0.855,0.884,0.346,458,592,53.130,0.242,1.406,0.711,0.905
4093,gcb8333.tif,0.154,1.599,0.757,0.635,862,601,67.620,0.371,1.922,0.520,0.854
4094,gcb8333.tif,0.128,1.461,0.752,0.591,520,592,20.556,0.318,2.008,0.498,0.856
4095,gcb8333.tif,0.771,3.312,0.884,1.117,724,588,111.801,0.864,1.253,0.798,0.959
4096,gcb8333.tif,0.085,1.380,0.559,0.498,584,590,123.690,0.315,1.729,0.578,0.747
4097,gcb8333.tif,1.690,5.420,0.723,1.834,482,630,47.291,1.397,1.302,0.768,0.925
4098,gcb8333.tif,0.076,1.119,0.767,0.451,641,592,122.471,0.242,1.891,0.529,0.901
4099,gcb8333.tif,0.242,1.884,0.858,0.664,114,594,128.660,0.541,1.213,0.824,0.902
4100,gcb8333.tif,0.321,2.348,0.732,0.939,776,602,173.660,0.449,2.129,0.470,0.913
4101,gcb8333.tif,0.061,1.107,0.624,0.437,905,604,18.435,0.242,1.796,0.557,0.791
4102,gcb8333.tif,2.018,5.282,0.909,1.716,368,646,71.200,1.564,1.064,0.940,0.967
4103,gcb8333.tif,0.060,0.952,0.827,0.394,653,605,15.255,0.207,1.784,0.560,0.893
4104,gcb8333.tif,0.104,1.714,0.444,0.604,925,619,66.371,0.364,2.025,0.494,0.690
4105,gcb8333.tif,0.362,2.609,0.668,1.076,829,606,132.397,0.518,2.339,0.427,0.868
4106,gcb8333.tif,0.598,2.897,0.896,0.978,306,631,57.995,0.829,1.142,0.875,0.947
4107,gcb8333.tif,0.851,4.197,0.608,1.492,85,650,76.608,0.989,1.568,0.638,0.862
4108,gcb8333.tif,0.116,1.412,0.730,0.529,208,609,101.310,0.346,1.565,0.639,0.829
4109,gcb8333.tif,0.059,1.213,0.499,0.437,633,612,161.565,0.240,2.043,0.490,0.721
4110,gcb8333.tif,0.141,2.410,0.305,0.727,859,612,154.654,0.407,2.464,0.406,0.640
4111,gcb8333.tif,0.284,2.161,0.765,0.810,279,630,50.194,0.539,1.597,0.626,0.872
4112,gcb8333.tif,0.228,2.270,0.556,0.915,772,614,100.886,0.380,2.877,0.348,0.840
4113,gcb8333.tif,0.338,2.670,0.596,1.125,797,647,79.380,0.449,2.580,0.388,0.861
4114,gcb8333.tif,0.380,2.759,0.627,1.085,143,632,22.479,0.553,2.064,0.484,0.858
4115,gcb8333.tif,0.779,4.957,0.398,1.499,817,619,115.974,0.961,1.636,0.611,0.764
4116,gcb8333.tif,0.057,0.932,0.829,0.372,523,630,68.199,0.207,1.635,0.612,0.897
4117,gcb8333.tif,0.468,2.592,0.875,0.853,214,644,58.241,0.760,1.011,0.989,0.937
4118,gcb8333.tif,0.459,2.552,0.885,0.930,712,623,105.068,0.691,1.390,0.720,0.933
4119,gcb8333.tif,0.230,2.931,0.337,1.265,739,654,55.008,0.329,4.912,0.204,0.698
4120,gcb8333.tif,0.160,1.685,0.708,0.691,831,627,143.130,0.342,2.387,0.419,0.843
4121,gcb8333.tif,1.994,9.767,0.263,3.158,972,628,113.199,1.142,3.411,0.293,0.695
4122,gcb8333.tif,0.134,1.636,0.628,0.563,644,627,100.620,0.415,1.637,0.611,0.772
4123,gcb8333.tif,1.111,6.519,0.328,1.707,583,653,21.371,1.239,1.269,0.788,0.696
4124,gcb8333.tif,0.149,1.933,0.502,0.705,120,631,168.690,0.380,1.740,0.575,0.769
4125,gcb8333.tif,0.344,2.189,0.902,0.758,503,649,46.848,0.628,1.165,0.858,0.934
4126,gcb8333.tif,0.059,0.903,0.901,0.340,729,633,113.962,0.239,1.458,0.686,0.891
4127,gcb8333.tif,0.449,3.619,0.431,1.145,927,644,174.806,0.699,1.895,0.528,0.705
4128,gcb8333.tif,0.091,1.481,0.520,0.579,862,651,72.646,0.274,2.698,0.371,0.741
4129,gcb8333.tif,1.641,7.492,0.367,2.187,880,638,121.430,1.534,1.744,0.573,0.671
4130,gcb8333.tif,0.097,1.392,0.627,0.623,117,657,56.310,0.259,2.589,0.386,0.844
4131,gcb8333.tif,2.170,5.538,0.889,1.916,184,697,82.747,1.486,1.269,0.788,0.967
4132,gcb8333.tif,0.281,3.244,0.335,1.173,263,642,135.000,0.550,2.824,0.354,0.617
4133,gcb8333.tif,0.765,5.103,0.369,1.323,394,678,70.145,1.044,1.194,0.838,0.777
4134,gcb8333.tif,0.150,1.660,0.686,0.649,425,643,115.201,0.346,2.039,0.490,0.872
4135,gcb8333.tif,0.059,0.871,0.969,0.328,62,644,108.435,0.269,1.253,0.798,0.867
4136,gcb8333.tif,0.090,1.343,0.624,0.540,99,656,50.194,0.311,1.970,0.508,0.794
4137,gcb8333.tif,0.161,1.905,0.559,0.761,298,650,177.397,0.367,2.315,0.432,0.789
4138,gcb8333.tif,0.070,1.070,0.773,0.455,333,648,171.254,0.207,2.221,0.450,0.894
4139,gcb8333.tif,0.608,4.013,0.474,1.279,642,689,71.075,0.722,1.852,0.540,0.848
4140,gcb8333.tif,0.745,3.679,0.692,1.372,576,656,130.914,0.837,1.672,0.598,0.884
4141,gcb8333.tif,0.182,1.754,0.741,0.604,864,670,13.241,0.480,1.224,0.817,0.852
4142,gcb8333.tif,0.112,1.237,0.922,0.481,941,674,68.962,0.311,1.480,0.676,0.926
4143,gcb8333.tif,0.818,4.013,0.638,1.210,474,690,36.870,0.989,1.324,0.755,0.855
4144,gcb8333.tif,0.113,1.559,0.587,0.595,252,676,35.538,0.302,2.371,0.422,0.731
4145,gcb8333.tif,0.053,1.225,0.440,0.455,967,676,81.254,0.242,2.221,0.450,0.672
4146,gcb8333.tif,0.061,0.961,0.829,0.372,74,666,158.199,0.263,1.429,0.700,0.843
4147,gcb8333.tif,0.425,3.688,0.393,1.153,351,666,98.616,0.683,1.946,0.514,0.685
4148,gcb8333.tif,0.235,2.471,0.484,1.085,211,700,52.765,0.352,3.881,0.258,0.807
4149,gcb8333.tif,0.131,1.754,0.536,0.759,778,675,120.069,0.334,2.541,0.394,0.783
4150,gcb8333.tif,0.574,3.447,0.608,1.400,958,675,105.751,0.622,2.216,0.451,0.919
4151,gcb8333.tif,0.439,4.053,0.336,1.377,81,677,162.474,0.697,2.618,0.382,0.623
4152,gcb8333.tif,0.214,2.002,0.670,0.853,679,699,68.629,0.382,2.513,0.398,0.886
4153,gcb8333.tif,0.070,1.030,0.835,0.391,831,678,135.000,0.276,1.455,0.687,0.868
4154,gcb8333.tif,0.053,0.883,0.847,0.367,45,687,41.186,0.242,1.769,0.565,0.846
4155,gcb8333.tif,1.370,8.464,0.240,1.770,254,685,141.340,1.486,1.229,0.813,0.661
4156,gcb8333.tif,0.122,1.363,0.823,0.536,945,701,75.069,0.324,1.693,0.591,0.876
4157,gcb8333.tif,0.445,3.211,0.543,1.210,810,717,53.130,0.634,2.285,0.438,0.758
4158,gcb8333.tif,0.515,2.727,0.870,0.888,134,714,76.504,0.826,1.064,0.939,0.929
4159,gcb8333.tif,0.144,1.660,0.659,0.699,835,697,98.531,0.276,2.564,0.390,0.896
4160,gcb8333.tif,0.068,1.018,0.826,0.386,590,705,169.695,0.276,1.347,0.742,0.844
4161,gcb8333.tif,0.078,0.981,1.000,0.372,616,706,111.801,0.276,1.209,0.827,0.922
4162,gcb8333.tif,0.070,0.952,0.976,0.346,64,713,126.870,0.276,1.115,0.897,0.915
4163,gcb8336.tif,1.139,3.939,0.923,1.358,16,40,75.256,1.071,1.224,0.817,0.968
4164,gcb8336.tif,0.554,3.170,0.693,1.207,809,6,113.629,0.617,2.060,0.485,0.897
4165,gcb8336.tif,0.093,1.188,0.829,0.427,656,15,14.036,0.276,1.418,0.705,0.902
4166,gcb8336.tif,0.106,1.453,0.633,0.612,129,18,16.390,0.276,2.201,0.454,0.844
4167,gcb8336.tif,0.860,3.614,0.827,1.328,157,14,128.660,0.907,1.450,0.689,0.943
4168,gcb8336.tif,0.051,0.989,0.659,0.372,970,13,111.801,0.207,1.834,0.545,0.804
4169,gcb8336.tif,0.063,0.989,0.813,0.374,625,20,146.310,0.269,1.414,0.707,0.848
4170,gcb8336.tif,0.155,1.925,0.527,0.605,783,35,59.036,0.484,1.024,0.976,0.751
4171,gcb8336.tif,0.104,1.306,0.765,0.527,114,30,31.608,0.302,1.846,0.542,0.866
4172,gcb8336.tif,0.088,1.645,0.410,0.597,952,28,10.008,0.272,2.459,0.407,0.692
4173,gcb8336.tif,0.051,1.058,0.576,0.394,398,26,142.125,0.272,1.210,0.827,0.723
4174,gcb8336.tif,3.283,11.304,0.323,3.395,46,55,175.914,1.974,1.415,0.707,0.730
4175,gcb8336.tif,0.147,1.734,0.614,0.652,212,33,122.005,0.404,1.957,0.511,0.786
4176,gcb8336.tif,0.133,2.088,0.382,0.813,939,36,167.735,0.307,3.385,0.295,0.657
4177,gcb8336.tif,0.239,2.609,0.441,1.145,446,52,28.887,0.326,4.410,0.227,0.762
4178,gcb8336.tif,0.893,6.271,0.285,1.861,323,60,21.801,1.166,1.528,0.655,0.597
4179,gcb8336.tif,0.090,1.225,0.750,0.470,881,46,53.973,0.318,1.433,0.698,0.829
4180,gcb8336.tif,0.112,2.051,0.335,0.788,911,36,127.875,0.340,3.259,0.307,0.591
4181,gcb8336.tif,0.355,3.182,0.440,1.119,844,54,8.881,0.501,2.458,0.407,0.745
4182,gcb8336.tif,1.229,6.381,0.379,1.649,510,85,56.976,1.465,1.253,0.798,0.675
4183,gcb8336.tif,1.765,8.538,0.304,2.265,366,108,68.523,1.628,1.529,0.654,0.646
4184,gcb8336.tif,0.586,2.963,0.839,1.058,699,71,38.367,0.782,1.360,0.735,0.936
4185,gcb8336.tif,0.090,1.168,0.825,0.437,252,48,108.435,0.311,1.537,0.651,0.872
4186,gcb8336.tif,1.561,5.754,0.592,1.797,730,52,127.972,1.468,1.074,0.931,0.878
4187,gcb8336.tif,0.051,0.822,0.954,0.295,214,54,110.556,0.263,1.087,0.920,0.869
4188,gcb8336.tif,1.797,8.526,0.311,2.624,771,81,167.062,1.511,1.808,0.553,0.660
4189,gcb8336.tif,0.713,3.524,0.721,1.175,161,58,118.072,0.943,1.195,0.837,0.900
4190,gcb8336.tif,0.571,3.064,0.764,1.053,586,90,48.991,0.815,1.304,0.767,0.878
4191,gcb8336.tif,0.333,2.483,0.679,0.997,491,68,123.690,0.527,1.937,0.516,0.906
4192,gcb8336.tif,0.069,1.274,0.536,0.514,631,70,160.346,0.219,2.765,0.362,0.739
4193,gcb8336.tif,0.468,2.523,0.924,0.867,976,100,66.501,0.726,1.100,0.909,0.947
4194,gcb8336.tif,0.053,0.981,0.686,0.403,961,89,59.036,0.242,1.384,0.723,0.800
4195,gcb8336.tif,0.547,3.036,0.746,1.128,50,107,40.030,0.736,1.621,0.617,0.882
4196,gcb8336.tif,0.162,1.620,0.778,0.667,553,102,68.749,0.353,2.093,0.478,0.913
4197,gcb8336.tif,0.831,5.267,0.377,1.981,375,128,42.879,0.747,3.481,0.287,0.675
4198,gcb8336.tif,0.473,3.524,0.478,1.080,517,86,140.194,0.739,1.478,0.676,0.830
4199,gcb8336.tif,3.312,8.561,0.568,2.691,141,87,102.609,1.696,1.405,0.712,0.913
4200,gcb8336.tif,0.098,1.449,0.586,0.495,240,89,167.905,0.305,1.654,0.605,0.808
4201,gcb8336.tif,0.074,1.030,0.877,0.361,421,93,16.699,0.311,1.109,0.902,0.861
4202,gcb8336.tif,1.720,5.173,0.808,1.756,309,98,126.193,1.346,1.282,0.780,0.951
4203,gcb8336.tif,1.544,5.323,0.685,1.837,108,145,73.610,1.220,1.526,0.655,0.900
4204,gcb8336.tif,0.059,0.981,0.764,0.386,187,107,63.435,0.237,1.629,0.614,0.824
4205,gcb8336.tif,0.076,1.079,0.825,0.391,1012,96,135.000,0.307,1.260,0.794,0.859
4206,gcb8336.tif,1.626,4.842,0.872,1.608,483,143,81.347,1.313,1.197,0.836,0.958
4207,gcb8336.tif,0.928,4.099,0.694,1.194,612,110,157.891,1.106,1.086,0.921,0.923
4208,gcb8336.tif,0.514,2.641,0.925,0.940,905,97,107.103,0.726,1.268,0.788,0.953
4209,gcb8336.tif,0.281,2.218,0.717,0.874,804,111,18.435,0.518,1.753,0.571,0.879
4210,gcb8336.tif,0.345,2.405,0.750,0.867,217,126,66.501,0.558,1.669,0.599,0.900
4211,gcb8336.tif,0.055,1.266,0.431,0.461,595,107,12.995,0.242,2.442,0.409,0.697
4212,gcb8336.tif,2.547,6.348,0.794,2.175,723,103,107.571,1.583,1.334,0.750,0.948
4213,gcb8336.tif,0.806,3.625,0.771,1.268,988,138,72.553,0.956,1.212,0.825,0.921
4214,gcb8336.tif,0.117,1.441,0.708,0.529,243,121,78.690,0.346,1.706,0.586,0.845
4215,gcb8336.tif,0.056,0.952,0.778,0.394,194,124,74.745,0.207,1.822,0.549,0.879
4216,gcb8336.tif,0.928,3.910,0.763,1.489,960,115,111.801,0.832,1.904,0.525,0.932
4217,gcb8336.tif,0.382,3.093,0.502,1.076,516,145,47.603,0.629,1.862,0.537,0.712
4218,gcb8336.tif,1.732,5.208,0.802,1.739,827,164,69.044,1.312,1.353,0.739,0.946
4219,gcb8336.tif,0.109,1.294,0.815,0.449,396,130,67.380,0.380,1.008,0.992,0.863
4220,gcb8336.tif,0.426,2.567,0.813,0.990,773,151,77.905,0.518,1.837,0.544,0.958
4221,gcb8336.tif,0.284,2.686,0.495,0.907,552,149,40.365,0.597,1.559,0.642,0.743
4222,gcb8336.tif,1.179,4.863,0.626,1.766,644,180,59.421,0.950,1.925,0.519,0.873
4223,gcb8336.tif,2.798,8.456,0.492,2.503,278,208,83.660,1.751,1.413,0.708,0.830
4224,gcb8336.tif,1.490,4.854,0.795,1.707,230,139,111.371,1.174,1.421,0.704,0.951
4225,gcb8336.tif,0.312,2.373,0.696,0.960,990,161,59.744,0.503,2.137,0.468,0.864
4226,gcb8336.tif,0.777,3.524,0.787,1.222,385,144,151.260,0.999,1.080,0.926,0.921
4227,gcb8336.tif,0.144,1.766,0.582,0.671,883,160,78.111,0.329,2.401,0.416,0.773
4228,gcb8336.tif,0.410,3.130,0.525,0.963,29,162,21.038,0.622,1.572,0.636,0.823
4229,gcb8336.tif,0.195,1.689,0.858,0.667,315,146,158.749,0.415,1.535,0.651,0.931
4230,gcb8336.tif,0.084,1.714,0.358,0.810,84,149,140.194,0.211,4.936,0.203,0.660
4231,gcb8336.tif,2.576,6.186,0.846,2.102,504,207,62.592,1.705,1.209,0.827,0.961
4232,gcb8336.tif,2.920,10.303,0.346,3.137,62,154,139.467,1.874,1.834,0.545,0.684
4233,gcb8336.tif,0.373,2.434,0.790,0.788,359,170,37.875,0.657,1.156,0.865,0.900
4234,gcb8336.tif,0.352,2.296,0.840,0.816,459,154,143.616,0.634,1.262,0.793,0.923
4235,gcb8336.tif,0.166,1.893,0.582,0.695,569,176,84.289,0.432,1.928,0.519,0.757
4236,gcb8336.tif,3.923,8.704,0.651,2.993,160,238,58.696,1.982,1.633,0.612,0.899
4237,gcb8336.tif,0.060,0.961,0.813,0.403,556,162,120.964,0.244,1.703,0.587,0.855
4238,gcb8336.tif,0.062,1.139,0.601,0.495,624,176,77.905,0.173,2.753,0.363,0.881
4239,gcb8336.tif,1.186,5.518,0.489,1.811,861,210,66.371,1.119,1.840,0.543,0.760
4240,gcb8336.tif,0.850,5.270,0.385,2.028,787,168,134.310,0.761,3.295,0.304,0.719
4241,gcb8336.tif,0.107,1.559,0.556,0.643,679,166,126.254,0.318,1.967,0.509,0.789
4242,gcb8336.tif,0.072,1.148,0.684,0.394,48,175,37.875,0.324,1.221,0.819,0.779
4243,gcb8336.tif,0.078,1.176,0.705,0.461,734,177,12.995,0.242,2.013,0.497,0.850
4244,gcb8336.tif,1.672,6.523,0.494,1.946,752,178,123.408,1.331,1.452,0.689,0.840
4245,gcb8336.tif,0.110,1.433,0.673,0.591,837,184,20.556,0.270,2.362,0.423,0.852
4246,gcb8336.tif,0.061,0.920,0.904,0.356,1005,176,119.055,0.263,1.282,0.780,0.857
4247,gcb8336.tif,0.635,3.231,0.765,1.258,348,184,164.055,0.732,1.816,0.551,0.924
4248,gcb8336.tif,0.494,2.783,0.802,1.020,470,213,61.699,0.691,1.385,0.722,0.937
4249,gcb8336.tif,1.910,7.269,0.454,2.028,205,226,8.820,1.527,1.141,0.876,0.802
4250,gcb8336.tif,0.533,4.692,0.304,1.736,561,192,95.711,0.666,3.721,0.269,0.548
4251,gcb8336.tif,0.069,0.989,0.889,0.361,1010,201,16.699,0.278,1.264,0.791,0.859
4252,gcb8336.tif,0.266,2.641,0.480,1.006,68,197,105.945,0.473,2.516,0.397,0.725
4253,gcb8336.tif,0.102,1.315,0.738,0.470,411,199,143.973,0.346,1.262,0.793,0.846
4254,gcb8336.tif,0.281,2.157,0.758,0.788,541,221,74.745,0.553,1.382,0.724,0.887
4255,gcb8336.tif,0.128,1.588,0.637,0.518,657,201,126.870,0.410,1.209,0.827,0.787
4256,gcb8336.tif,0.068,1.030,0.807,0.372,980,209,68.199,0.276,1.345,0.743,0.844
4257,gcb8336.tif,0.085,1.079,0.916,0.443,457,205,141.340,0.293,1.555,0.643,0.899
4258,gcb8336.tif,0.551,2.926,0.808,1.072,947,206,110.772,0.691,1.464,0.683,0.934
4259,gcb8336.tif,0.722,4.488,0.451,1.371,683,235,33.690,0.936,1.717,0.582,0.711
4260,gcb8336.tif,1.259,7.969,0.249,1.907,360,219,136.469,1.526,1.265,0.791,0.591
4261,gcb8336.tif,0.066,1.079,0.709,0.437,595,215,161.565,0.218,2.206,0.453,0.846
4262,gcb8336.tif,0.068,1.185,0.609,0.394,898,213,127.875,0.311,1.257,0.795,0.755
4263,gcb8336.tif,0.705,4.323,0.474,1.291,476,237,15.524,0.885,1.636,0.611,0.769
4264,gcb8336.tif,0.214,1.970,0.692,0.824,580,240,56.976,0.378,2.364,0.423,0.886
4265,gcb8336.tif,0.875,3.492,0.902,1.225,102,225,106.390,0.987,1.220,0.820,0.954
4266,gcb8336.tif,3.173,11.871,0.283,3.926,598,337,80.372,1.672,2.511,0.398,0.606
4267,gcb8336.tif,0.133,1.579,0.668,0.612,868,233,16.390,0.302,2.072,0.483,0.857
4268,gcb8336.tif,0.592,2.885,0.894,0.960,265,248,30.256,0.850,1.104,0.906,0.946
4269,gcb8336.tif,0.139,1.608,0.673,0.540,445,230,129.806,0.440,1.209,0.827,0.820
4270,gcb8336.tif,0.192,2.589,0.361,1.102,937,231,131.186,0.327,4.544,0.220,0.658
4271,gcb8336.tif,0.085,1.225,0.710,0.422,999,233,124.992,0.340,1.305,0.766,0.776
4272,gcb8336.tif,0.223,2.491,0.452,0.892,25,252,35.538,0.530,2.018,0.496,0.656
4273,gcb8336.tif,0.637,3.956,0.511,1.502,147,236,113.025,0.829,1.632,0.613,0.802
4274,gcb8336.tif,0.299,2.788,0.483,1.126,296,268,72.121,0.430,3.231,0.309,0.758
4275,gcb8336.tif,0.103,1.433,0.629,0.592,520,241,173.290,0.276,2.087,0.479,0.843
4276,gcb8336.tif,0.057,1.001,0.719,0.451,802,237,122.471,0.201,2.522,0.397,0.873
4277,gcb8336.tif,0.067,1.294,0.502,0.485,702,242,175.914,0.270,2.106,0.475,0.700
4278,gcb8336.tif,1.414,6.406,0.433,1.567,193,283,75.964,1.402,1.127,0.887,0.827
4279,gcb8336.tif,0.067,1.018,0.811,0.386,962,247,10.305,0.269,1.274,0.785,0.848
4280,gcb8336.tif,1.059,4.204,0.753,1.443,782,284,73.301,1.002,1.527,0.655,0.931
4281,gcb8336.tif,0.081,1.148,0.775,0.465,827,246,131.987,0.294,1.717,0.582,0.877
4282,gcb8336.tif,0.208,2.023,0.638,0.824,465,251,123.024,0.393,2.277,0.439,0.855
4283,gcb8336.tif,0.118,1.481,0.677,0.575,888,262,32.735,0.370,1.498,0.668,0.832
4284,gcb8336.tif,1.143,6.609,0.329,1.779,687,255,114.075,1.130,1.675,0.597,0.704
4285,gcb8336.tif,0.092,1.237,0.755,0.495,237,268,65.225,0.276,1.788,0.559,0.870
4286,gcb8336.tif,0.974,6.679,0.274,1.936,641,302,55.176,1.125,2.130,0.469,0.626
4287,gcb8336.tif,0.067,1.217,0.568,0.498,732,256,123.690,0.251,2.080,0.481,0.783
4288,gcb8336.tif,0.118,2.373,0.264,0.744,974,256,158.199,0.412,1.930,0.518,0.547
4289,gcb8336.tif,0.675,3.765,0.598,1.544,349,258,139.538,0.684,2.274,0.440,0.895
4290,gcb8336.tif,0.061,0.932,0.881,0.356,29,259,119.055,0.242,1.363,0.733,0.911
4291,gcb8336.tif,0.801,3.426,0.858,1.241,441,259,102.875,0.841,1.481,0.675,0.952
4292,gcb8336.tif,2.287,5.692,0.887,1.867,510,263,128.991,1.659,1.037,0.965,0.968
4293,gcb8336.tif,0.437,2.564,0.836,0.949,1004,265,100.491,0.622,1.582,0.632,0.925
4294,gcb8336.tif,0.986,4.074,0.747,1.393,320,267,113.385,1.035,1.445,0.692,0.907
4295,gcb8336.tif,1.632,4.863,0.868,1.728,817,317,78.465,1.244,1.406,0.711,0.964
4296,gcb8336.tif,0.422,2.992,0.592,0.997,393,276,146.310,0.754,1.318,0.759,0.805
4297,gcb8336.tif,0.222,1.933,0.747,0.773,294,274,100.305,0.415,1.967,0.508,0.888
4298,gcb8336.tif,0.139,1.925,0.470,0.821,170,279,157.751,0.278,3.836,0.261,0.771
4299,gcb8336.tif,0.396,2.486,0.806,0.930,725,308,68.199,0.574,1.677,0.596,0.922
4300,gcb8336.tif,0.296,2.218,0.757,0.883,579,283,120.579,0.535,1.643,0.609,0.892
4301,gcb8336.tif,2.165,5.995,0.757,2.114,923,344,78.690,1.417,1.536,0.651,0.948
4302,gcb8336.tif,0.503,4.925,0.260,1.383,215,315,12.995,0.924,1.853,0.540,0.489
4303,gcb8336.tif,1.401,4.546,0.852,1.530,135,294,96.483,1.278,1.223,0.818,0.944
4304,gcb8336.tif,0.850,4.969,0.433,1.736,167,303,95.711,0.984,1.432,0.698,0.712
4305,gcb8336.tif,0.316,2.564,0.605,0.956,391,306,167.471,0.516,1.804,0.554,0.833
4306,gcb8336.tif,0.503,4.167,0.364,1.388,271,319,18.886,0.717,2.533,0.395,0.661
4307,gcb8336.tif,0.165,1.812,0.631,0.712,433,310,157.166,0.352,2.300,0.435,0.789
4308,gcb8336.tif,2.081,6.027,0.720,1.985,651,314,148.523,1.576,1.102,0.908,0.907
4309,gcb8336.tif,1.738,5.269,0.787,1.837,505,313,131.186,1.472,1.201,0.833,0.943
4310,gcb8336.tif,0.073,1.168,0.671,0.404,346,323,19.983,0.326,1.277,0.783,0.762
4311,gcb8336.tif,0.107,1.294,0.806,0.540,224,321,140.194,0.294,1.956,0.511,0.887
4312,gcb8336.tif,0.060,1.001,0.749,0.394,790,332,52.125,0.260,1.443,0.693,0.833
4313,gcb8336.tif,2.264,6.128,0.758,2.122,365,328,120.324,1.583,1.196,0.836,0.951
4314,gcb8336.tif,0.056,0.875,0.922,0.326,976,327,147.995,0.242,1.088,0.919,0.913
4315,gcb8336.tif,1.197,4.301,0.813,1.620,412,370,56.310,1.100,1.427,0.701,0.952
4316,gcb8336.tif,0.361,3.760,0.321,1.284,577,363,66.194,0.540,3.227,0.310,0.707
4317,gcb8336.tif,1.139,4.045,0.875,1.421,880,335,94.185,1.071,1.316,0.760,0.954
4318,gcb8336.tif,0.119,1.441,0.723,0.527,776,351,58.392,0.380,1.468,0.681,0.855
4319,gcb8336.tif,1.612,4.859,0.858,1.662,610,385,73.072,1.338,1.241,0.806,0.951
4320,gcb8336.tif,0.079,1.107,0.808,0.403,270,342,149.036,0.306,1.352,0.740,0.841
4321,gcb8336.tif,0.479,2.779,0.779,1.085,810,369,67.521,0.622,1.680,0.595,0.941
4322,gcb8336.tif,1.481,4.952,0.759,1.749,112,345,119.604,1.239,1.434,0.697,0.917
4323,gcb8336.tif,0.422,3.553,0.420,1.080,158,377,82.648,0.715,1.892,0.529,0.738
4324,gcb8336.tif,0.197,1.717,0.839,0.656,989,366,71.565,0.415,1.465,0.683,0.930
4325,gcb8336.tif,0.780,4.815,0.423,1.814,470,358,139.635,0.717,2.998,0.334,0.746
4326,gcb8336.tif,0.248,2.494,0.502,1.039,227,366,3.814,0.380,2.886,0.346,0.806
4327,gcb8336.tif,0.074,1.001,0.928,0.403,569,372,59.036,0.276,1.391,0.719,0.912
4328,gcb8336.tif,0.091,1.913,0.312,0.767,285,366,97.765,0.217,4.274,0.234,0.682
4329,gcb8336.tif,1.194,4.632,0.700,1.654,62,367,100.840,1.034,1.521,0.657,0.914
4330,gcb8336.tif,0.268,2.255,0.661,0.988,420,391,53.531,0.405,2.671,0.374,0.903
4331,gcb8336.tif,0.879,5.270,0.398,1.985,807,417,54.926,0.799,2.935,0.341,0.743
4332,gcb8336.tif,0.290,2.788,0.469,1.149,891,379,164.291,0.469,2.632,0.380,0.784
4333,gcb8336.tif,0.478,4.588,0.285,1.943,220,374,128.501,0.464,4.889,0.205,0.686
4334,gcb8336.tif,0.080,1.315,0.582,0.572,254,390,64.983,0.246,2.725,0.367,0.793
4335,gcb8336.tif,0.580,4.842,0.311,1.917,412,407,33.977,0.808,3.120,0.320,0.589
4336,gcb8336.tif,0.278,2.336,0.641,0.909,855,382,98.746,0.449,2.225,0.450,0.849
4337,gcb8336.tif,0.961,3.760,0.854,1.267,881,386,101.004,0.968,1.260,0.793,0.956
4338,gcb8336.tif,0.388,2.560,0.744,0.949,573,412,56.889,0.626,1.502,0.666,0.871
4339,gcb8336.tif,0.190,2.646,0.341,1.026,753,390,147.381,0.379,3.034,0.330,0.688
4340,gcb8336.tif,0.122,1.905,0.422,0.719,528,403,35.218,0.347,2.084,0.480,0.671
4341,gcb8336.tif,0.069,1.030,0.821,0.394,921,393,164.745,0.276,1.328,0.753,0.841
4342,gcb8336.tif,0.467,3.708,0.427,1.145,204,422,5.194,0.792,1.499,0.667,0.710
4343,gcb8336.tif,2.779,6.396,0.854,2.137,356,400,104.036,1.726,1.195,0.837,0.960
4344,gcb8336.tif,0.117,1.588,0.583,0.557,394,405,172.875,0.392,1.682,0.594,0.734
4345,gcb8336.tif,5.692,9.686,0.762,3.261,601,400,105.362,2.516,1.218,0.821,0.959
4346,gcb8336.tif,0.295,3.671,0.275,1.249,473,411,14.421,0.552,2.686,0.372,0.561
4347,gcb8336.tif,0.222,3.236,0.267,1.227,89,435,57.653,0.433,3.176,0.315,0.561
4348,gcb8336.tif,0.324,3.138,0.413,1.117,927,406,111.801,0.585,1.994,0.501,0.716
4349,gcb8336.tif,0.511,4.616,0.301,1.348,510,427,22.620,0.862,1.529,0.654,0.623
4350,gcb8336.tif,0.300,2.874,0.456,0.864,438,414,126.870,0.571,1.696,0.590,0.838
4351,gcb8336.tif,0.436,2.523,0.860,0.949,914,419,100.491,0.622,1.440,0.694,0.938
4352,gcb8336.tif,0.268,2.247,0.666,0.767,671,421,125.838,0.587,1.428,0.700,0.813
4353,gcb8336.tif,0.064,0.940,0.916,0.352,782,421,101.310,0.276,1.212,0.825,0.864
4354,gcb8336.tif,0.098,1.481,0.561,0.665,230,441,62.103,0.245,3.263,0.306,0.812
4355,gcb8336.tif,2.035,5.616,0.811,1.966,745,483,79.875,1.346,1.455,0.687,0.956
4356,gcb8336.tif,0.561,5.702,0.217,1.672,459,437,7.125,0.667,2.747,0.364,0.659
4357,gcb8336.tif,0.050,1.010,0.618,0.386,849,433,169.695,0.230,1.716,0.583,0.771
4358,gcb8336.tif,0.217,1.925,0.737,0.804,205,431,154.537,0.382,2.079,0.481,0.892
4359,gcb8336.tif,1.685,5.665,0.660,1.995,851,491,75.964,1.215,1.573,0.636,0.930
4360,gcb8336.tif,0.419,2.483,0.855,0.898,1002,435,112.620,0.640,1.435,0.697,0.936
4361,gcb8336.tif,0.091,1.306,0.668,0.527,786,436,148.392,0.311,1.763,0.567,0.817
4362,gcb8336.tif,0.053,0.822,0.976,0.313,968,443,173.660,0.242,1.122,0.891,0.871
4363,gcb8336.tif,1.367,5.348,0.601,1.625,245,442,119.291,1.330,1.157,0.865,0.866
4364,gcb8336.tif,0.201,2.966,0.287,1.282,814,442,104.036,0.269,5.752,0.174,0.706
4365,gcb8336.tif,0.633,3.182,0.785,1.153,952,444,98.616,0.795,1.404,0.712,0.926
4366,gcb8336.tif,3.451,14.028,0.220,3.589,877,445,113.850,2.167,1.545,0.647,0.633
4367,gcb8336.tif,0.162,1.608,0.789,0.618,14,449,116.565,0.402,1.511,0.662,0.880
4368,gcb8336.tif,0.112,1.412,0.707,0.529,237,466,78.690,0.372,1.467,0.682,0.825
4369,gcb8336.tif,0.493,4.603,0.293,1.685,682,452,115.514,0.554,3.664,0.273,0.627
4370,gcb8336.tif,0.414,2.555,0.798,0.983,799,481,79.875,0.553,1.865,0.536,0.925
4371,gcb8336.tif,0.084,1.099,0.870,0.443,697,466,38.660,0.294,1.492,0.670,0.892
4372,gcb8336.tif,0.651,3.003,0.907,1.031,196,457,103.570,0.847,1.229,0.814,0.948
4373,gcb8336.tif,2.013,5.498,0.837,1.892,422,514,80.538,1.430,1.325,0.755,0.960
4374,gcb8336.tif,0.068,1.067,0.752,0.422,391,477,34.992,0.230,1.951,0.513,0.826
4375,gcb8336.tif,0.091,1.596,0.448,0.605,988,470,120.964,0.278,2.391,0.418,0.717
4376,gcb8336.tif,0.524,2.690,0.910,0.949,94,498,56.889,0.770,1.239,0.807,0.947
4377,gcb8336.tif,0.666,3.113,0.864,1.149,655,509,68.839,0.779,1.507,0.663,0.947
4378,gcb8336.tif,0.085,1.197,0.744,0.451,927,482,122.471,0.295,1.450,0.690,0.850
4379,gcb8336.tif,0.164,1.706,0.707,0.615,372,483,128.157,0.435,1.416,0.706,0.856
4380,gcb8336.tif,1.161,4.468,0.731,1.710,450,530,75.964,0.879,2.008,0.498,0.937
4381,gcb8336.tif,0.063,1.107,0.649,0.394,815,492,52.125,0.276,1.464,0.683,0.803
4382,gcb8336.tif,0.068,1.001,0.853,0.372,391,483,111.801,0.242,1.388,0.721,0.912
4383,gcb8336.tif,0.730,3.219,0.885,1.130,280,515,66.571,0.853,1.327,0.753,0.945
4384,gcb8336.tif,0.070,1.001,0.883,0.356,711,497,60.945,0.276,1.098,0.911,0.908
4385,gcb8336.tif,0.850,3.614,0.818,1.182,158,494,127.875,0.968,1.173,0.852,0.937
4386,gcb8336.tif,0.226,1.962,0.737,0.806,616,506,30.964,0.440,1.876,0.533,0.904
4387,gcb8336.tif,0.369,2.816,0.585,1.053,1004,492,113.199,0.546,2.203,0.454,0.860
4388,gcb8336.tif,0.099,1.559,0.512,0.591,203,503,20.556,0.261,2.831,0.353,0.738
4389,gcb8336.tif,0.070,1.010,0.869,0.374,595,494,123.690,0.293,1.346,0.743,0.881
4390,gcb8336.tif,1.413,4.729,0.794,1.710,112,545,75.964,1.190,1.470,0.680,0.943
4391,gcb8336.tif,0.107,1.266,0.843,0.541,737,498,153.435,0.294,1.951,0.513,0.918
4392,gcb8336.tif,0.064,1.429,0.397,0.495,760,502,167.905,0.264,2.373,0.421,0.675
4393,gcb8336.tif,2.029,5.661,0.796,1.886,812,502,98.427,1.403,1.362,0.734,0.958
4394,gcb8336.tif,0.677,4.957,0.346,1.284,233,508,113.806,1.061,1.336,0.749,0.664
4395,gcb8336.tif,1.570,7.249,0.376,2.756,541,588,82.073,1.113,2.686,0.372,0.684
4396,gcb8336.tif,0.568,3.394,0.620,1.314,518,513,144.638,0.646,2.252,0.444,0.848
4397,gcb8336.tif,0.060,0.961,0.813,0.361,702,517,16.699,0.263,1.389,0.720,0.847
4398,gcb8336.tif,2.509,10.633,0.279,2.572,307,516,120.700,1.978,1.054,0.949,0.626
4399,gcb8336.tif,0.098,1.197,0.859,0.461,23,517,167.005,0.308,1.561,0.640,0.877
4400,gcb8336.tif,0.214,2.312,0.502,0.773,616,526,169.695,0.449,1.871,0.534,0.797
4401,gcb8336.tif,0.144,1.510,0.796,0.595,400,537,35.538,0.371,1.699,0.589,0.890
4402,gcb8336.tif,0.116,1.559,0.599,0.612,519,543,73.610,0.303,2.242,0.446,0.782
4403,gcb8336.tif,0.096,1.539,0.507,0.541,738,526,116.565,0.346,1.784,0.561,0.724
4404,gcb8336.tif,0.096,1.278,0.736,0.510,672,529,151.699,0.242,2.138,0.468,0.904
4405,gcb8336.tif,1.026,3.780,0.902,1.294,649,532,124.114,1.091,1.194,0.838,0.957
4406,gcb8336.tif,0.064,1.042,0.747,0.404,594,532,109.983,0.235,1.919,0.521,0.837
4407,gcb8336.tif,0.135,1.530,0.724,0.595,193,538,144.462,0.350,1.674,0.597,0.873
4408,gcb8336.tif,1.519,4.908,0.792,1.743,135,587,76.239,1.210,1.456,0.687,0.953
4409,gcb8336.tif,2.619,6.336,0.820,2.137,401,600,75.964,1.659,1.174,0.852,0.958
4410,gcb8336.tif,0.129,1.697,0.563,0.681,441,545,113.962,0.362,2.081,0.481,0.750
4411,gcb8336.tif,0.073,1.217,0.618,0.437,459,550,18.435,0.283,1.915,0.522,0.782
4412,gcb8336.tif,0.854,6.889,0.226,2.440,135,607,52.481,1.104,3.168,0.316,0.465
4413,gcb8336.tif,1.244,4.436,0.795,1.662,272,555,110.695,1.055,1.582,0.632,0.943
4414,gcb8336.tif,0.080,1.343,0.557,0.546,362,558,108.435,0.251,2.229,0.449,0.784
4415,gcb8336.tif,1.579,5.737,0.603,2.006,474,560,132.207,1.245,1.578,0.634,0.869
4416,gcb8336.tif,0.097,1.372,0.646,0.526,243,560,113.199,0.328,1.701,0.588,0.814
4417,gcb8336.tif,0.085,1.156,0.797,0.394,456,567,142.125,0.311,1.245,0.803,0.855
4418,gcb8336.tif,0.084,1.188,0.744,0.495,827,574,24.775,0.262,1.987,0.503,0.886
4419,gcb8336.tif,0.103,1.421,0.639,0.536,648,572,165.069,0.330,1.965,0.509,0.768
4420,gcb8336.tif,0.078,1.234,0.641,0.498,844,582,56.310,0.244,2.306,0.434,0.778
4421,gcb8336.tif,0.154,1.433,0.943,0.526,1000,585,66.801,0.415,1.207,0.829,0.928
4422,gcb8336.tif,0.136,1.884,0.482,0.763,8,575,5.194,0.311,2.790,0.358,0.738
4423,gcb8336.tif,0.105,1.352,0.723,0.489,979,588,81.870,0.356,1.354,0.738,0.815
4424,gcb8336.tif,0.118,1.384,0.776,0.527,520,577,121.608,0.335,1.650,0.606,0.865
4425,gcb8336.tif,0.199,1.913,0.685,0.671,315,578,145.491,0.449,1.590,0.629,0.839
4426,gcb8336.tif,0.096,1.490,0.541,0.541,435,588,26.565,0.366,1.650,0.606,0.702
4427,gcb8336.tif,1.173,4.167,0.849,1.476,900,623,73.686,1.002,1.483,0.674,0.959
4428,gcb8336.tif,0.984,6.866,0.262,2.406,62,583,125.059,0.829,3.237,0.309,0.673
4429,gcb8336.tif,1.746,5.038,0.864,1.695,732,639,73.413,1.382,1.260,0.794,0.962
4430,gcb8336.tif,0.244,2.198,0.634,0.788,8,613,52.125,0.507,1.827,0.547,0.803
4431,gcb8336.tif,0.548,4.424,0.352,1.790,335,608,10.008,0.728,2.496,0.401,0.666
4432,gcb8336.tif,0.091,1.245,0.735,0.481,436,611,68.962,0.288,1.762,0.567,0.844
4433,gcb8336.tif,0.061,1.128,0.602,0.470,698,600,162.897,0.219,2.699,0.371,0.756
4434,gcb8336.tif,0.117,1.498,0.655,0.481,625,602,158.962,0.380,1.091,0.917,0.817
4435,gcb8336.tif,2.230,6.112,0.750,2.011,819,655,65.638,1.451,1.301,0.769,0.937
4436,gcb8336.tif,1.972,8.660,0.330,2.342,37,601,111.644,1.787,1.515,0.660,0.700
4437,gcb8336.tif,0.102,1.518,0.553,0.605,765,602,120.964,0.290,2.406,0.416,0.766
4438,gcb8336.tif,0.506,2.727,0.856,0.976,261,608,112.932,0.740,1.272,0.786,0.933
4439,gcb8336.tif,0.119,1.387,0.780,0.518,456,608,126.870,0.311,1.552,0.644,0.935
4440,gcb8336.tif,0.886,3.747,0.793,1.407,970,647,65.323,0.864,1.624,0.616,0.944
4441,gcb8336.tif,2.033,5.343,0.895,1.790,161,662,79.992,1.486,1.176,0.850,0.966
4442,gcb8336.tif,0.657,5.449,0.278,1.535,507,622,144.162,1.187,1.293,0.773,0.567
4443,gcb8336.tif,0.472,2.641,0.850,1.026,611,614,122.619,0.675,1.569,0.637,0.939
4444,gcb8336.tif,0.127,1.722,0.536,0.729,645,627,31.430,0.274,3.263,0.306,0.774
4445,gcb8336.tif,1.295,6.536,0.381,1.983,263,653,22.543,1.479,1.263,0.792,0.652
4446,gcb8336.tif,0.079,1.087,0.838,0.386,950,628,63.435,0.318,1.170,0.855,0.852
4447,gcb8336.tif,0.086,1.754,0.351,0.777,909,632,32.276,0.216,4.567,0.219,0.649
4448,gcb8336.tif,0.113,1.355,0.776,0.570,16,621,104.036,0.276,2.145,0.466,0.900
4449,gcb8336.tif,0.086,1.559,0.445,0.604,228,624,166.759,0.266,2.498,0.400,0.699
4450,gcb8336.tif,1.170,4.020,0.910,1.407,339,626,114.677,1.037,1.303,0.767,0.972
4451,gcb8336.tif,0.183,1.689,0.805,0.604,1010,645,66.371,0.415,1.289,0.776,0.913
4452,gcb8336.tif,0.084,1.824,0.316,0.595,774,631,125.538,0.368,1.734,0.577,0.588
4453,gcb8336.tif,1.062,3.870,0.891,1.306,576,636,127.476,1.095,1.199,0.834,0.954
4454,gcb8336.tif,0.310,2.132,0.858,0.727,650,656,64.654,0.593,1.138,0.878,0.925
4455,gcb8336.tif,0.210,1.999,0.661,0.742,882,652,27.759,0.448,1.854,0.539,0.840
4456,gcb8336.tif,0.112,1.502,0.626,0.587,851,648,28.072,0.324,1.957,0.511,0.793
4457,gcb8336.tif,0.529,2.702,0.911,0.930,494,663,41.987,0.795,1.079,0.927,0.946
4458,gcb8336.tif,0.979,5.473,0.411,1.821,106,646,123.389,0.960,2.249,0.445,0.762
4459,gcb8336.tif,0.148,1.510,0.816,0.579,989,663,72.646,0.382,1.529,0.654,0.886
4460,gcb8336.tif,0.090,1.197,0.786,0.518,675,661,53.130,0.269,2.076,0.482,0.888
4461,gcb8336.tif,0.927,6.389,0.285,2.319,507,711,56.547,0.825,3.835,0.261,0.642
4462,gcb8336.tif,0.050,0.883,0.808,0.372,942,656,158.199,0.207,1.682,0.595,0.840
4463,gcb8336.tif,0.836,5.978,0.294,1.601,71,704,76.264,1.002,1.511,0.662,0.684
4464,gcb8336.tif,0.724,4.367,0.477,1.239,324,661,157.011,1.045,1.178,0.849,0.760
4465,gcb8336.tif,0.785,3.504,0.803,1.226,910,694,68.499,0.898,1.317,0.759,0.936
4466,gcb8336.tif,0.791,3.679,0.734,1.372,696,665,130.914,0.850,1.648,0.607,0.927
4467,gcb8336.tif,0.164,1.571,0.833,0.612,815,669,16.390,0.380,1.564,0.639,0.907
4468,gcb8336.tif,0.936,4.289,0.639,1.291,271,663,105.524,1.037,1.179,0.848,0.893
4469,gcb8336.tif,0.168,1.677,0.752,0.646,43,667,105.524,0.375,1.864,0.536,0.892
4470,gcb8336.tif,0.291,2.319,0.681,0.881,296,667,101.310,0.480,1.747,0.572,0.867
4471,gcb8336.tif,0.167,1.990,0.530,0.742,843,681,27.759,0.455,1.485,0.674,0.741
4472,gcb8336.tif,0.050,0.903,0.772,0.404,109,668,109.983,0.173,2.341,0.427,0.884
4473,gcb8336.tif,0.070,1.087,0.749,0.433,661,681,61.390,0.249,1.795,0.557,0.849
4474,gcb8336.tif,0.078,1.225,0.650,0.503,198,677,164.055,0.275,1.834,0.545,0.760
4475,gcb8336.tif,0.883,3.544,0.883,1.217,758,713,83.480,0.968,1.240,0.807,0.950
4476,gcb8336.tif,0.260,1.925,0.883,0.689,862,678,107.526,0.503,1.380,0.724,0.932
4477,gcb8336.tif,0.512,4.948,0.263,1.490,84,710,3.991,1.071,1.369,0.730,0.549
4478,gcb8336.tif,0.681,4.522,0.418,1.301,164,705,16.991,0.824,1.790,0.559,0.770
4479,gcb8336.tif,0.278,2.902,0.415,1.256,979,706,31.504,0.348,4.338,0.230,0.785
4480,gcb8336.tif,0.192,1.953,0.633,0.773,787,689,169.695,0.374,2.381,0.420,0.841
4481,gcb8336.tif,0.143,2.039,0.433,0.761,227,705,39.472,0.331,2.539,0.394,0.745
4482,gcb8336.tif,0.117,1.942,0.390,0.748,536,691,123.690,0.308,3.354,0.298,0.678
4483,gcb8336.tif,0.142,1.677,0.635,0.588,302,704,40.236,0.417,1.490,0.671,0.844
4484,gcb8336.tif,0.269,2.039,0.812,0.788,917,710,37.875,0.464,1.688,0.592,0.926
4485,gcb8336.tif,0.312,3.553,0.310,1.085,952,700,157.521,0.691,1.870,0.535,0.668
4486,gcb8336.tif,0.050,0.932,0.726,0.374,153,703,123.690,0.216,1.763,0.567,0.792
4487,gcb8336.tif,0.096,1.156,0.898,0.437,431,716,161.565,0.342,1.318,0.759,0.870
4488,gcb8336.tif,0.056,0.903,0.864,0.340,558,717,156.038,0.242,1.179,0.848,0.879
4489,gcb8339.tif,0.075,1.294,0.564,0.503,843,10,15.945,0.231,2.282,0.438,0.824
4490,gcb8339.tif,1.340,4.443,0.853,1.572,402,37,33.341,1.202,1.245,0.804,0.961
4491,gcb8339.tif,0.653,3.236,0.784,1.053,452,21,156.801,0.901,1.091,0.916,0.915
4492,gcb8339.tif,0.112,1.530,0.602,0.541,849,19,116.565,0.329,1.594,0.627,0.800
4493,gcb8339.tif,0.112,1.461,0.661,0.595,994,19,144.462,0.342,1.820,0.549,0.803
4494,gcb8339.tif,2.225,5.714,0.856,1.945,38,75,77.692,1.519,1.268,0.789,0.963
4495,gcb8339.tif,0.116,1.510,0.638,0.588,269,22,139.764,0.383,1.551,0.645,0.795
4496,gcb8339.tif,0.313,2.894,0.470,1.175,870,40,24.305,0.436,3.050,0.328,0.794
4497,gcb8339.tif,0.051,0.863,0.867,0.319,644,33,40.601,0.242,1.179,0.848,0.878
4498,gcb8339.tif,0.148,1.697,0.646,0.681,718,44,66.038,0.321,2.426,0.412,0.829
4499,gcb8339.tif,0.337,2.951,0.486,1.040,799,31,158.552,0.636,1.798,0.556,0.745
4500,gcb8339.tif,0.121,2.287,0.290,0.943,780,32,98.427,0.258,5.462,0.183,0.618
4501,gcb8339.tif,0.160,1.551,0.836,0.623,606,44,33.690,0.371,1.773,0.564,0.921
4502,gcb8339.tif,0.060,0.883,0.962,0.356,901,44,60.945,0.242,1.477,0.677,0.917
4503,gcb8339.tif,0.627,3.147,0.796,1.227,152,37,122.347,0.660,1.849,0.541,0.939
4504,gcb8339.tif,0.320,2.161,0.861,0.835,224,58,65.556,0.553,1.511,0.662,0.937
4505,gcb8339.tif,0.051,0.932,0.743,0.386,855,38,116.565,0.201,2.025,0.494,0.827
4506,gcb8339.tif,1.006,5.462,0.423,1.808,525,39,116.075,1.105,1.402,0.713,0.725
4507,gcb8339.tif,0.373,2.494,0.752,0.920,322,45,145.713,0.658,1.507,0.663,0.865
4508,gcb8339.tif,0.112,1.648,0.519,0.646,572,46,164.476,0.321,2.648,0.378,0.740
4509,gcb8339.tif,0.794,6.369,0.246,1.565,873,50,133.210,1.298,1.196,0.836,0.586
4510,gcb8339.tif,1.932,6.796,0.526,2.465,392,87,31.239,1.399,1.975,0.506,0.814
4511,gcb8339.tif,0.369,3.418,0.397,1.295,673,69,9.211,0.639,2.263,0.442,0.707
4512,gcb8339.tif,3.285,6.988,0.845,2.415,117,55,99.058,1.860,1.296,0.772,0.961
4513,gcb8339.tif,0.094,1.225,0.790,0.495,870,55,114.775,0.288,1.788,0.559,0.854
4514,gcb8339.tif,0.150,2.166,0.403,0.748,185,71,33.690,0.484,1.756,0.569,0.655
4515,gcb8339.tif,0.053,0.961,0.715,0.416,234,67,41.634,0.220,2.062,0.485,0.838
4516,gcb8339.tif,1.776,5.087,0.862,1.843,836,112,83.541,1.279,1.393,0.718,0.964
4517,gcb8339.tif,1.126,4.123,0.833,1.389,269,102,84.289,1.128,1.253,0.798,0.938
4518,gcb8339.tif,1.090,4.399,0.708,1.492,72,113,84.685,1.123,1.354,0.739,0.887
4519,gcb8339.tif,0.056,1.010,0.692,0.394,357,78,37.875,0.259,1.601,0.625,0.832
4520,gcb8339.tif,0.233,1.872,0.835,0.679,710,84,14.744,0.492,1.381,0.724,0.905
4521,gcb8339.tif,1.250,4.330,0.838,1.492,747,116,84.685,1.106,1.340,0.746,0.954
4522,gcb8339.tif,0.225,2.499,0.452,0.909,324,79,171.254,0.495,1.922,0.520,0.691
4523,gcb8339.tif,0.068,0.981,0.889,0.394,955,82,15.255,0.242,1.676,0.597,0.877
4524,gcb8339.tif,0.082,1.087,0.876,0.394,301,89,74.745,0.311,1.234,0.810,0.885
4525,gcb8339.tif,1.375,5.166,0.647,2.159,417,129,50.194,0.826,2.645,0.378,0.926
4526,gcb8339.tif,0.291,3.671,0.272,1.252,189,90,173.660,0.553,2.893,0.346,0.619
4527,gcb8339.tif,0.136,1.588,0.679,0.634,574,94,29.358,0.342,2.214,0.452,0.806
4528,gcb8339.tif,0.880,6.418,0.269,2.200,696,83,136.273,0.983,2.396,0.417,0.657
4529,gcb8339.tif,0.087,1.090,0.921,0.403,893,90,149.036,0.311,1.170,0.854,0.924
4530,gcb8339.tif,0.085,1.551,0.443,0.597,47,90,100.008,0.207,2.879,0.347,0.816
4531,gcb8339.tif,0.201,2.011,0.624,0.682,228,107,59.534,0.518,1.198,0.835,0.830
4532,gcb8339.tif,1.096,4.118,0.813,1.381,668,126,58.299,1.106,1.284,0.779,0.949
4533,gcb8339.tif,1.821,5.196,0.848,1.750,592,143,80.910,1.348,1.266,0.790,0.960
4534,gcb8339.tif,4.871,8.547,0.838,2.945,471,179,85.962,2.314,1.307,0.765,0.970
4535,gcb8339.tif,0.063,0.961,0.862,0.356,528,94,119.055,0.294,1.286,0.778,0.848
4536,gcb8339.tif,0.051,1.156,0.483,0.464,553,102,26.565,0.223,2.518,0.397,0.656
4537,gcb8339.tif,0.857,4.160,0.623,1.467,161,104,145.561,0.956,1.479,0.676,0.830
4538,gcb8339.tif,0.660,3.093,0.868,1.116,983,127,73.811,0.795,1.334,0.750,0.949
4539,gcb8339.tif,0.222,1.913,0.763,0.709,864,116,46.975,0.489,1.446,0.691,0.894
4540,gcb8339.tif,0.136,1.433,0.834,0.529,345,117,78.690,0.372,1.428,0.700,0.880
4541,gcb8339.tif,1.224,4.354,0.812,1.489,302,104,111.801,1.067,1.398,0.715,0.943
4542,gcb8339.tif,0.130,1.628,0.617,0.514,789,107,160.346,0.415,1.396,0.716,0.784
4543,gcb8339.tif,0.124,1.335,0.876,0.451,55,108,122.471,0.415,1.092,0.916,0.900
4544,gcb8339.tif,3.480,7.989,0.685,2.550,190,157,26.565,1.920,1.250,0.800,0.905
4545,gcb8339.tif,0.549,3.239,0.658,1.222,278,149,81.870,0.644,2.046,0.489,0.881
4546,gcb8339.tif,0.245,1.876,0.874,0.664,534,130,51.340,0.535,1.186,0.843,0.913
4547,gcb8339.tif,1.089,4.241,0.761,1.458,154,117,126.327,1.003,1.427,0.701,0.933
4548,gcb8339.tif,1.100,4.509,0.680,1.619,865,147,39.806,1.128,1.426,0.701,0.891
4549,gcb8339.tif,0.051,1.021,0.619,0.404,906,117,109.983,0.173,2.164,0.462,0.843
4550,gcb8339.tif,0.054,0.961,0.732,0.394,556,119,127.875,0.216,2.012,0.497,0.818
4551,gcb8339.tif,0.701,4.220,0.495,1.258,788,118,127.185,0.943,1.389,0.720,0.789
4552,gcb8339.tif,0.118,1.824,0.447,0.712,842,118,129.094,0.349,2.389,0.419,0.676
4553,gcb8339.tif,0.084,1.343,0.582,0.579,545,138,17.354,0.229,2.734,0.366,0.787
4554,gcb8339.tif,0.148,2.023,0.455,0.842,104,134,160.821,0.278,3.337,0.300,0.785
4555,gcb8339.tif,1.105,4.333,0.739,1.619,414,137,106.113,0.939,1.845,0.542,0.905
4556,gcb8339.tif,2.293,5.685,0.892,1.921,664,137,98.276,1.572,1.210,0.826,0.967
4557,gcb8339.tif,0.062,0.949,0.867,0.361,744,144,16.699,0.269,1.262,0.793,0.846
4558,gcb8339.tif,0.050,0.863,0.846,0.356,839,147,60.945,0.226,1.657,0.603,0.848
4559,gcb8339.tif,0.074,1.274,0.573,0.449,913,140,112.620,0.290,1.570,0.637,0.738
4560,gcb8339.tif,2.276,7.932,0.455,2.259,514,167,6.147,1.678,1.189,0.841,0.858
4561,gcb8339.tif,0.125,1.363,0.848,0.526,4,145,156.801,0.371,1.433,0.698,0.894
4562,gcb8339.tif,0.061,1.030,0.722,0.346,766,154,53.130,0.276,1.077,0.929,0.836
4563,gcb8339.tif,0.153,1.685,0.676,0.664,68,162,38.660,0.360,1.936,0.517,0.818
4564,gcb8339.tif,0.117,1.559,0.605,0.631,368,156,170.538,0.318,2.269,0.441,0.787
4565,gcb8339.tif,0.528,3.182,0.655,1.150,269,159,147.265,0.758,1.428,0.700,0.841
4566,gcb8339.tif,2.343,5.766,0.886,1.934,795,207,71.241,1.624,1.173,0.852,0.967
4567,gcb8339.tif,0.139,1.832,0.519,0.671,628,157,101.889,0.413,1.834,0.545,0.707
4568,gcb8339.tif,0.113,1.579,0.572,0.684,700,157,135.000,0.293,2.409,0.415,0.792
4569,gcb8339.tif,0.050,1.067,0.554,0.404,344,162,160.017,0.242,1.734,0.577,0.706
4570,gcb8339.tif,0.068,1.352,0.468,0.470,955,173,72.897,0.273,1.809,0.553,0.713
4571,gcb8339.tif,0.941,3.858,0.795,1.323,363,168,146.725,0.963,1.451,0.689,0.925
4572,gcb8339.tif,0.933,3.654,0.878,1.291,595,197,74.476,0.968,1.365,0.733,0.952
4573,gcb8339.tif,0.168,1.950,0.556,0.777,169,173,20.854,0.356,2.487,0.402,0.760
4574,gcb8339.tif,0.191,2.434,0.405,1.027,236,180,19.654,0.322,4.570,0.219,0.711
4575,gcb8339.tif,0.374,2.287,0.898,0.809,868,195,70.017,0.622,1.297,0.771,0.933
4576,gcb8339.tif,0.484,2.966,0.691,1.067,959,173,119.055,0.625,1.714,0.584,0.897
4577,gcb8339.tif,0.208,1.738,0.865,0.637,997,190,77.471,0.415,1.484,0.674,0.928
4578,gcb8339.tif,0.155,1.706,0.671,0.700,728,181,20.225,0.377,1.879,0.532,0.825
4579,gcb8339.tif,0.099,1.746,0.409,0.700,898,191,57.095,0.267,3.680,0.272,0.703
4580,gcb8339.tif,0.927,3.748,0.829,1.330,425,200,24.567,1.016,1.297,0.771,0.928
4581,gcb8339.tif,0.172,2.125,0.478,0.709,629,182,133.025,0.448,1.462,0.684,0.750
4582,gcb8339.tif,0.330,3.826,0.283,1.144,275,183,154.983,0.725,1.529,0.654,0.558
4583,gcb8339.tif,2.593,6.373,0.802,2.108,503,243,79.611,1.683,1.231,0.813,0.947
4584,gcb8339.tif,0.057,0.871,0.949,0.328,163,192,18.435,0.259,1.289,0.776,0.857
4585,gcb8339.tif,0.075,1.176,0.683,0.437,1012,201,71.565,0.261,1.761,0.568,0.813
4586,gcb8339.tif,0.754,3.341,0.849,1.182,537,192,127.875,0.962,1.189,0.841,0.947
4587,gcb8339.tif,0.081,1.119,0.815,0.394,942,203,52.125,0.318,1.183,0.845,0.861
4588,gcb8339.tif,1.742,5.279,0.786,1.720,346,196,112.443,1.393,1.177,0.850,0.926
4589,gcb8339.tif,0.125,1.884,0.444,0.729,665,207,31.430,0.364,2.415,0.414,0.714
4590,gcb8339.tif,3.618,7.243,0.867,2.538,79,270,83.746,1.797,1.413,0.708,0.973
4591,gcb8339.tif,0.509,2.828,0.799,1.091,123,201,100.954,0.629,1.816,0.551,0.927
4592,gcb8339.tif,0.050,0.989,0.644,0.328,579,201,108.435,0.269,1.230,0.813,0.743
4593,gcb8339.tif,0.067,1.018,0.811,0.374,149,210,33.690,0.291,1.336,0.749,0.836
4594,gcb8339.tif,2.310,6.331,0.724,2.393,244,273,72.350,1.210,1.955,0.511,0.953
4595,gcb8339.tif,0.290,2.299,0.690,0.874,458,231,71.565,0.423,2.127,0.470,0.898
4596,gcb8339.tif,0.890,4.370,0.585,1.819,213,211,104.300,0.675,2.780,0.360,0.909
4597,gcb8339.tif,0.106,1.323,0.763,0.495,397,225,77.905,0.318,1.549,0.646,0.856
4598,gcb8339.tif,0.164,2.051,0.489,0.836,978,215,150.255,0.332,3.166,0.316,0.747
4599,gcb8339.tif,0.174,1.982,0.558,0.798,959,216,107.650,0.346,2.436,0.411,0.804
4600,gcb8339.tif,0.056,1.136,0.547,0.514,437,218,132.274,0.195,3.012,0.332,0.752
4601,gcb8339.tif,0.067,1.050,0.762,0.433,899,225,28.610,0.273,1.575,0.635,0.848
4602,gcb8339.tif,3.105,6.958,0.806,2.310,173,283,68.039,1.804,1.310,0.763,0.951
4603,gcb8339.tif,1.241,4.281,0.851,1.500,411,220,104.676,1.113,1.353,0.739,0.946
4604,gcb8339.tif,0.459,3.297,0.530,1.316,624,243,29.932,0.695,1.804,0.554,0.818
4605,gcb8339.tif,0.644,2.995,0.902,1.073,747,251,75.069,0.795,1.327,0.754,0.952
4606,gcb8339.tif,0.166,2.744,0.277,1.040,20,237,21.448,0.351,3.567,0.280,0.615
4607,gcb8339.tif,0.565,2.796,0.908,0.984,791,255,71.565,0.795,1.194,0.837,0.945
4608,gcb8339.tif,0.196,1.856,0.715,0.667,922,247,68.749,0.484,1.416,0.706,0.863
4609,gcb8339.tif,0.254,1.864,0.920,0.671,1015,229,101.889,0.518,1.257,0.795,0.934
4610,gcb8339.tif,0.061,1.372,0.407,0.536,774,246,75.069,0.245,2.644,0.378,0.634
4611,gcb8339.tif,0.203,3.020,0.280,0.956,820,258,77.471,0.510,2.451,0.408,0.576
4612,gcb8339.tif,0.053,0.912,0.794,0.346,935,235,126.870,0.244,1.532,0.653,0.822
4613,gcb8339.tif,0.050,1.185,0.449,0.451,300,246,32.471,0.225,1.840,0.544,0.689
4614,gcb8339.tif,0.082,1.107,0.845,0.464,9,246,26.565,0.276,1.800,0.556,0.879
4615,gcb8339.tif,0.064,1.217,0.547,0.480,137,248,30.256,0.249,1.722,0.581,0.755
4616,gcb8339.tif,0.179,2.735,0.301,0.821,714,239,112.249,0.538,1.774,0.564,0.581
4617,gcb8339.tif,0.133,1.657,0.607,0.652,115,251,32.005,0.322,2.284,0.438,0.784
4618,gcb8339.tif,1.857,6.007,0.647,2.234,311,241,148.276,1.287,1.692,0.591,0.886
4619,gcb8339.tif,0.914,3.910,0.751,1.265,676,241,124.992,1.010,1.183,0.845,0.909
4620,gcb8339.tif,0.217,2.120,0.608,0.874,48,245,108.435,0.358,2.608,0.383,0.850
4621,gcb8339.tif,0.198,2.051,0.592,0.864,904,246,126.870,0.363,2.766,0.362,0.830
4622,gcb8339.tif,0.078,1.706,0.335,0.665,465,250,171.027,0.242,3.050,0.328,0.660
4623,gcb8339.tif,0.295,2.144,0.806,0.759,981,248,120.069,0.518,1.475,0.678,0.918
4624,gcb8339.tif,0.394,4.460,0.249,1.596,493,264,17.650,0.622,3.481,0.287,0.606
4625,gcb8339.tif,0.167,2.166,0.448,0.790,446,272,66.801,0.354,2.663,0.375,0.691
4626,gcb8339.tif,0.428,2.474,0.878,0.886,880,251,110.556,0.657,1.282,0.780,0.938
4627,gcb8339.tif,0.683,3.142,0.870,1.093,758,252,108.435,0.795,1.326,0.754,0.949
4628,gcb8339.tif,1.210,4.102,0.903,1.361,621,290,66.038,1.197,1.094,0.914,0.955
4629,gcb8339.tif,0.099,1.245,0.803,0.470,377,265,17.103,0.346,1.353,0.739,0.856
4630,gcb8339.tif,0.119,1.461,0.703,0.495,735,258,167.905,0.403,1.125,0.889,0.800
4631,gcb8339.tif,0.054,0.892,0.850,0.374,845,267,33.690,0.240,1.576,0.634,0.833
4632,gcb8339.tif,0.139,1.746,0.571,0.695,799,275,26.565,0.278,2.598,0.385,0.826
4633,gcb8339.tif,0.333,3.040,0.453,1.207,465,270,166.759,0.501,2.848,0.351,0.771
4634,gcb8339.tif,0.096,1.441,0.578,0.567,824,284,52.431,0.305,2.358,0.424,0.758
4635,gcb8339.tif,4.690,11.569,0.440,3.446,374,342,44.594,2.473,1.274,0.785,0.802
4636,gcb8339.tif,2.138,7.354,0.497,2.614,686,340,65.807,1.501,1.624,0.616,0.809
4637,gcb8339.tif,0.063,1.283,0.484,0.495,1,277,12.095,0.207,2.623,0.381,0.763
4638,gcb8339.tif,0.293,2.108,0.827,0.802,61,283,7.431,0.518,1.484,0.674,0.914
4639,gcb8339.tif,0.228,2.149,0.621,0.782,254,294,45.000,0.549,1.295,0.772,0.822
4640,gcb8339.tif,0.119,1.539,0.634,0.579,969,278,107.354,0.373,1.521,0.658,0.820
4641,gcb8339.tif,0.271,2.906,0.403,0.997,874,281,104.036,0.483,2.093,0.478,0.722
4642,gcb8339.tif,0.192,1.766,0.774,0.671,853,298,55.491,0.464,1.452,0.689,0.875
4643,gcb8339.tif,0.055,1.254,0.439,0.461,933,285,167.005,0.242,2.262,0.442,0.657
4644,gcb8339.tif,2.308,6.091,0.782,2.022,159,290,163.113,1.574,1.266,0.790,0.933
4645,gcb8339.tif,0.350,2.328,0.812,0.897,477,300,15.642,0.535,1.709,0.585,0.926
4646,gcb8339.tif,0.075,1.323,0.540,0.437,897,287,108.435,0.311,1.482,0.675,0.720
4647,gcb8339.tif,1.837,5.461,0.774,1.777,89,289,103.496,1.344,1.375,0.727,0.928
4648,gcb8339.tif,0.128,2.508,0.255,0.821,642,303,14.621,0.409,1.827,0.547,0.554
4649,gcb8339.tif,1.976,5.490,0.824,2.019,736,295,96.882,1.348,1.481,0.675,0.955
4650,gcb8339.tif,0.051,1.087,0.546,0.386,960,299,153.435,0.242,1.731,0.578,0.768
4651,gcb8339.tif,0.066,1.266,0.515,0.449,343,300,157.380,0.236,2.310,0.433,0.743
4652,gcb8339.tif,0.056,1.116,0.567,0.386,972,306,10.305,0.242,1.492,0.670,0.764
4653,gcb8339.tif,1.091,6.470,0.328,2.503,14,303,107.684,0.820,3.789,0.264,0.710
4654,gcb8339.tif,1.790,5.488,0.747,2.071,470,337,27.848,1.244,1.587,0.630,0.943
4655,gcb8339.tif,1.585,6.145,0.527,1.652,537,312,127.349,1.461,1.138,0.879,0.866
4656,gcb8339.tif,0.536,3.118,0.693,1.231,198,343,51.843,0.611,2.282,0.438,0.858
4657,gcb8339.tif,1.570,5.099,0.759,1.812,634,322,145.098,1.320,1.295,0.772,0.948
4658,gcb8339.tif,0.062,1.156,0.584,0.498,936,317,146.310,0.240,2.357,0.424,0.759
4659,gcb8339.tif,0.061,0.952,0.844,0.374,317,319,146.310,0.207,1.620,0.617,0.919
4660,gcb8339.tif,0.079,1.225,0.660,0.481,876,322,158.962,0.276,1.616,0.619,0.830
4661,gcb8339.tif,1.804,5.046,0.890,1.678,321,335,147.619,1.399,1.165,0.858,0.964
4662,gcb8339.tif,0.060,1.058,0.670,0.437,124,336,71.565,0.242,1.951,0.513,0.794
4663,gcb8339.tif,0.321,2.141,0.881,0.788,286,330,142.125,0.604,1.274,0.785,0.926
4664,gcb8339.tif,0.478,2.621,0.874,0.886,918,352,69.444,0.726,1.193,0.838,0.937
4665,gcb8339.tif,0.076,1.070,0.838,0.416,986,331,131.634,0.294,1.433,0.698,0.859
4666,gcb8339.tif,0.322,2.161,0.868,0.773,710,333,116.565,0.587,1.267,0.789,0.938
4667,gcb8339.tif,0.376,4.168,0.272,1.531,76,365,28.301,0.557,3.649,0.274,0.618
4668,gcb8339.tif,0.069,0.961,0.943,0.346,876,347,143.130,0.295,1.172,0.853,0.872
4669,gcb8339.tif,0.057,1.596,0.283,0.495,938,355,24.775,0.318,1.762,0.567,0.516
4670,gcb8339.tif,0.208,1.677,0.929,0.604,998,363,76.759,0.484,1.161,0.862,0.928
4671,gcb8339.tif,1.244,4.370,0.819,1.553,272,347,110.854,1.045,1.512,0.662,0.947
4672,gcb8339.tif,0.568,3.732,0.513,1.391,465,348,165.619,0.657,2.346,0.426,0.762
4673,gcb8339.tif,0.135,1.591,0.670,0.667,522,367,68.749,0.285,2.639,0.379,0.856
4674,gcb8339.tif,0.087,1.087,0.927,0.394,182,364,74.745,0.339,1.154,0.866,0.874
4675,gcb8339.tif,0.134,1.872,0.479,0.729,216,365,31.430,0.356,2.393,0.418,0.687
4676,gcb8339.tif,0.755,3.622,0.723,1.348,697,356,157.380,0.851,1.526,0.656,0.893
4677,gcb8339.tif,0.187,3.184,0.232,1.227,734,375,32.347,0.288,5.570,0.180,0.642
4678,gcb8339.tif,0.781,3.292,0.906,1.206,146,356,117.300,0.898,1.272,0.786,0.958
4679,gcb8339.tif,0.111,1.579,0.560,0.540,838,357,129.806,0.347,1.863,0.537,0.705
4680,gcb8339.tif,1.007,6.341,0.315,1.834,375,406,42.709,1.372,1.128,0.887,0.672
4681,gcb8339.tif,2.073,5.550,0.846,1.812,622,364,124.902,1.466,1.205,0.830,0.953
4682,gcb8339.tif,0.153,1.909,0.527,0.588,670,362,130.236,0.484,1.221,0.819,0.738
4683,gcb8339.tif,0.082,1.714,0.352,0.604,963,361,103.241,0.310,2.459,0.407,0.627
4684,gcb8339.tif,1.826,5.233,0.838,1.728,238,410,73.740,1.382,1.209,0.827,0.954
4685,gcb8339.tif,0.213,1.815,0.811,0.733,538,374,171.870,0.415,1.671,0.598,0.922
4686,gcb8339.tif,0.814,4.411,0.526,1.752,865,369,104.859,0.743,2.213,0.452,0.835
4687,gcb8339.tif,0.102,1.441,0.614,0.567,523,371,127.569,0.278,2.296,0.436,0.787
4688,gcb8339.tif,0.941,3.833,0.805,1.286,347,405,59.300,1.002,1.204,0.831,0.946
4689,gcb8339.tif,0.689,3.199,0.846,1.226,802,405,68.499,0.757,1.658,0.603,0.951
4690,gcb8339.tif,0.051,1.128,0.508,0.386,920,377,10.305,0.227,1.728,0.579,0.729
4691,gcb8339.tif,0.088,1.107,0.906,0.422,121,374,124.992,0.307,1.376,0.727,0.881
4692,gcb8339.tif,1.047,3.988,0.828,1.403,39,375,99.926,0.987,1.448,0.691,0.947
4693,gcb8339.tif,0.835,3.496,0.858,1.213,738,377,109.983,0.929,1.290,0.775,0.940
4694,gcb8339.tif,0.064,1.539,0.342,0.518,578,386,36.870,0.309,1.749,0.572,0.587
4695,gcb8339.tif,2.361,7.790,0.489,2.110,460,384,121.608,1.722,1.193,0.838,0.870
4696,gcb8339.tif,1.852,5.415,0.794,1.979,832,437,77.905,1.215,1.657,0.604,0.958
4697,gcb8339.tif,0.134,1.729,0.562,0.712,108,387,157.166,0.283,3.209,0.312,0.824
4698,gcb8339.tif,0.265,3.354,0.296,1.073,671,404,14.931,0.503,2.627,0.381,0.600
4699,gcb8339.tif,1.410,5.368,0.615,1.656,546,432,66.644,1.337,1.350,0.741,0.845
4700,gcb8339.tif,0.059,0.981,0.764,0.361,706,394,16.699,0.242,1.352,0.740,0.845
4701,gcb8339.tif,0.645,4.090,0.484,1.134,393,417,37.569,0.980,1.295,0.772,0.814
4702,gcb8339.tif,0.404,4.286,0.276,1.518,768,438,78.179,0.565,3.538,0.283,0.601
4703,gcb8339.tif,0.073,1.323,0.523,0.443,182,412,51.340,0.346,1.398,0.716,0.713
4704,gcb8339.tif,0.951,4.264,0.657,1.668,120,404,140.042,0.972,1.731,0.578,0.876
4705,gcb8339.tif,0.443,3.248,0.528,1.290,237,418,20.376,0.586,2.551,0.392,0.779
4706,gcb8339.tif,4.352,15.629,0.224,3.892,371,494,52.214,2.678,1.245,0.803,0.574
4707,gcb8339.tif,0.332,3.024,0.456,1.103,961,406,122.196,0.642,2.085,0.480,0.660
4708,gcb8339.tif,0.445,2.494,0.900,0.872,94,427,56.310,0.726,1.202,0.832,0.947
4709,gcb8339.tif,0.167,1.648,0.773,0.579,664,412,162.646,0.449,1.254,0.798,0.864
4710,gcb8339.tif,3.526,12.909,0.266,3.286,211,446,14.621,2.815,1.162,0.860,0.572
4711,gcb8339.tif,0.127,1.453,0.754,0.595,790,421,35.538,0.351,1.866,0.536,0.880
4712,gcb8339.tif,0.689,3.199,0.846,1.080,714,414,129.806,0.872,1.242,0.805,0.933
4713,gcb8339.tif,2.152,6.482,0.644,2.253,637,476,69.341,1.468,1.411,0.709,0.898
4714,gcb8339.tif,1.615,7.989,0.318,2.399,43,486,78.366,1.175,1.933,0.517,0.845
4715,gcb8339.tif,0.131,1.856,0.479,0.763,161,424,174.806,0.276,3.511,0.285,0.789
4716,gcb8339.tif,0.631,3.752,0.563,1.389,515,420,95.711,0.781,1.970,0.508,0.866
4717,gcb8339.tif,1.375,6.361,0.427,1.983,798,440,157.457,1.179,2.125,0.471,0.691
4718,gcb8339.tif,0.070,1.067,0.778,0.433,893,432,28.610,0.269,1.797,0.556,0.831
4719,gcb8339.tif,0.897,3.732,0.809,1.275,689,430,122.829,1.002,1.196,0.836,0.932
4720,gcb8339.tif,0.104,1.470,0.605,0.546,861,440,34.695,0.307,2.030,0.493,0.777
4721,gcb8339.tif,0.057,0.892,0.906,0.361,997,437,16.699,0.242,1.327,0.754,0.865
4722,gcb8339.tif,0.061,1.099,0.634,0.437,337,435,161.565,0.207,2.231,0.448,0.829
4723,gcb8339.tif,0.336,2.152,0.910,0.773,900,436,116.565,0.553,1.317,0.759,0.943
4724,gcb8339.tif,0.067,1.294,0.502,0.546,197,437,124.695,0.201,3.152,0.317,0.778
4725,gcb8339.tif,0.419,2.531,0.822,0.973,734,466,73.496,0.622,1.623,0.616,0.918
4726,gcb8339.tif,2.757,6.563,0.804,2.341,117,445,98.489,1.624,1.409,0.710,0.952
4727,gcb8339.tif,0.096,1.375,0.635,0.558,757,460,68.199,0.276,1.951,0.513,0.847
4728,gcb8339.tif,0.357,2.865,0.547,0.915,798,471,79.114,0.603,1.550,0.645,0.809
4729,gcb8339.tif,6.530,16.762,0.292,4.575,102,561,47.755,2.606,2.335,0.428,0.711
4730,gcb8339.tif,1.710,5.038,0.847,1.710,330,453,98.130,1.309,1.347,0.742,0.959
4731,gcb8339.tif,0.097,1.754,0.395,0.652,476,453,147.995,0.351,2.518,0.397,0.623
4732,gcb8339.tif,0.450,4.119,0.333,1.231,458,457,128.157,0.742,1.779,0.562,0.705
4733,gcb8339.tif,0.068,0.932,0.985,0.346,986,468,36.870,0.276,1.171,0.854,0.905
4734,gcb8339.tif,0.118,1.412,0.745,0.491,434,472,39.289,0.415,1.237,0.809,0.857
4735,gcb8339.tif,0.053,0.981,0.686,0.342,882,469,45.000,0.276,1.307,0.765,0.765
4736,gcb8339.tif,2.275,7.101,0.567,2.187,754,463,121.430,1.557,1.384,0.723,0.846
4737,gcb8339.tif,1.129,4.782,0.620,1.668,898,504,55.981,1.064,1.530,0.654,0.869
4738,gcb8339.tif,1.618,9.165,0.242,3.006,932,464,133.603,1.138,2.758,0.363,0.635
4739,gcb8339.tif,0.751,3.780,0.660,1.425,86,466,104.036,0.814,1.879,0.532,0.867
4740,gcb8339.tif,0.059,1.176,0.531,0.518,672,466,126.870,0.201,3.080,0.325,0.748
4741,gcb8339.tif,0.066,1.079,0.709,0.394,526,478,37.875,0.290,1.343,0.745,0.815
4742,gcb8339.tif,0.374,3.003,0.521,1.246,12,502,56.310,0.541,2.244,0.446,0.836
4743,gcb8339.tif,0.069,1.881,0.246,0.572,713,489,64.983,0.304,2.292,0.436,0.545
4744,gcb8339.tif,0.072,1.493,0.404,0.660,826,475,173.991,0.207,3.897,0.257,0.750
4745,gcb8339.tif,0.879,3.691,0.811,1.324,226,477,105.124,0.943,1.445,0.692,0.935
4746,gcb8339.tif,0.152,1.884,0.537,0.729,733,501,58.570,0.393,2.148,0.466,0.774
4747,gcb8339.tif,0.675,4.013,0.527,1.467,425,492,164.982,0.864,1.493,0.670,0.799
4748,gcb8339.tif,0.115,1.979,0.368,0.567,291,506,37.569,0.432,1.278,0.783,0.674
4749,gcb8339.tif,0.598,2.975,0.850,1.040,824,526,74.578,0.784,1.332,0.751,0.937
4750,gcb8339.tif,0.067,0.989,0.859,0.374,400,508,33.690,0.269,1.308,0.765,0.855
4751,gcb8339.tif,0.708,4.822,0.383,1.819,311,517,14.300,0.697,3.031,0.330,0.751
4752,gcb8339.tif,0.929,4.620,0.547,1.743,45,503,129.369,0.867,2.136,0.468,0.811
4753,gcb8339.tif,0.062,1.254,0.496,0.451,418,513,32.471,0.247,2.085,0.480,0.738
4754,gcb8339.tif,0.143,1.579,0.722,0.623,877,510,109.440,0.339,2.114,0.473,0.873
4755,gcb8339.tif,0.171,1.689,0.752,0.595,28,513,125.538,0.449,1.270,0.788,0.888
4756,gcb8339.tif,1.463,4.696,0.834,1.710,852,559,75.964,1.166,1.474,0.678,0.955
4757,gcb8339.tif,0.097,1.197,0.849,0.443,953,512,128.660,0.342,1.301,0.768,0.890
4758,gcb8339.tif,0.251,2.707,0.430,0.761,285,517,140.528,0.560,1.569,0.637,0.753
4759,gcb8339.tif,0.104,1.717,0.443,0.699,244,523,8.531,0.254,3.269,0.306,0.719
4760,gcb8339.tif,1.533,8.603,0.260,1.932,195,519,132.825,1.497,1.193,0.838,0.725
4761,gcb8339.tif,0.148,1.620,0.709,0.665,615,520,152.103,0.323,2.181,0.458,0.889
4762,gcb8339.tif,0.078,1.099,0.808,0.451,552,520,122.471,0.259,1.847,0.541,0.867
4763,gcb8339.tif,0.214,2.333,0.494,0.898,891,550,67.380,0.445,2.556,0.391,0.749
4764,gcb8339.tif,0.085,1.128,0.838,0.418,997,537,65.556,0.317,1.312,0.762,0.855
4765,gcb8339.tif,1.656,4.985,0.837,1.814,13,577,72.255,1.232,1.456,0.687,0.960
4766,gcb8339.tif,4.322,10.640,0.480,3.055,519,530,111.922,1.997,1.576,0.635,0.904
4767,gcb8339.tif,1.949,5.901,0.703,2.034,791,531,110.898,1.486,1.283,0.779,0.907
4768,gcb8339.tif,0.478,2.564,0.913,0.930,766,557,68.199,0.691,1.306,0.766,0.954
4769,gcb8339.tif,0.208,1.677,0.929,0.652,383,535,122.005,0.440,1.496,0.668,0.935
4770,gcb8339.tif,0.307,3.061,0.412,1.008,965,536,120.964,0.657,1.638,0.611,0.691
4771,gcb8339.tif,1.581,6.418,0.482,2.226,330,590,53.842,1.130,1.875,0.533,0.847
4772,gcb8339.tif,0.519,2.710,0.889,0.990,938,538,102.095,0.691,1.409,0.710,0.949
4773,gcb8339.tif,0.568,5.031,0.282,1.418,307,568,43.025,0.670,2.099,0.476,0.757
4774,gcb8339.tif,0.165,1.608,0.801,0.656,726,549,18.435,0.379,1.829,0.547,0.890
4775,gcb8339.tif,0.300,2.833,0.469,0.853,158,546,148.241,0.622,1.277,0.783,0.782
4776,gcb8339.tif,0.129,1.657,0.590,0.682,248,554,30.466,0.340,2.258,0.443,0.809
4777,gcb8339.tif,0.140,1.824,0.528,0.712,904,544,104.036,0.354,2.008,0.498,0.770
4778,gcb8339.tif,0.105,1.754,0.429,0.615,75,560,51.843,0.371,2.074,0.482,0.685
4779,gcb8339.tif,0.139,2.088,0.399,0.742,643,563,27.759,0.460,1.968,0.508,0.615
4780,gcb8339.tif,2.281,5.705,0.881,1.926,698,552,99.293,1.590,1.169,0.855,0.959
4781,gcb8339.tif,0.051,1.038,0.599,0.356,473,554,119.055,0.306,1.290,0.775,0.711
4782,gcb8339.tif,1.228,4.183,0.882,1.476,590,597,73.686,1.140,1.230,0.813,0.954
4783,gcb8339.tif,0.284,2.825,0.448,1.020,374,559,151.699,0.480,2.471,0.405,0.738
4784,gcb8339.tif,0.275,2.230,0.694,0.866,874,570,28.610,0.518,1.683,0.594,0.868
4785,gcb8339.tif,0.787,5.459,0.332,2.380,54,563,103.431,0.616,4.491,0.223,0.764
4786,gcb8339.tif,0.160,1.470,0.931,0.541,153,568,153.435,0.415,1.238,0.808,0.908
4787,gcb8339.tif,0.054,0.912,0.812,0.326,865,570,32.005,0.271,1.076,0.929,0.857
4788,gcb8339.tif,0.407,3.374,0.449,1.093,223,593,55.305,0.680,1.769,0.565,0.688
4789,gcb8339.tif,0.197,2.658,0.351,1.117,477,567,111.801,0.303,4.673,0.214,0.710
4790,gcb8339.tif,0.247,2.324,0.575,0.988,169,594,53.531,0.393,3.033,0.330,0.820
4791,gcb8339.tif,0.185,1.913,0.636,0.732,739,579,160.710,0.442,1.760,0.568,0.827
4792,gcb8339.tif,3.190,7.015,0.815,2.278,114,637,67.714,1.927,1.136,0.880,0.954
4793,gcb8339.tif,0.079,1.176,0.716,0.495,847,578,167.905,0.271,1.999,0.500,0.815
4794,gcb8339.tif,0.500,2.992,0.703,1.162,363,613,59.621,0.578,2.167,0.461,0.919
4795,gcb8339.tif,0.781,4.835,0.420,1.515,405,585,117.150,0.912,1.623,0.616,0.791
4796,gcb8339.tif,0.432,3.757,0.385,1.308,874,594,167.800,0.613,2.703,0.370,0.658
4797,gcb8339.tif,1.108,4.370,0.729,1.458,303,628,76.293,1.055,1.376,0.727,0.906
4798,gcb8339.tif,0.067,1.010,0.825,0.394,395,600,37.875,0.276,1.451,0.689,0.855
4799,gcb8339.tif,0.054,1.087,0.572,0.422,924,607,55.008,0.219,2.289,0.437,0.732
4800,gcb8339.tif,0.165,1.628,0.781,0.615,239,608,38.157,0.403,1.614,0.620,0.876
4801,gcb8339.tif,2.154,5.587,0.867,1.925,181,651,68.962,1.564,1.231,0.812,0.965
4802,gcb8339.tif,0.338,2.307,0.798,0.816,734,599,126.384,0.616,1.275,0.784,0.911
4803,gcb8339.tif,3.202,9.486,0.447,2.801,330,682,80.770,1.873,1.539,0.650,0.805
4804,gcb8339.tif,3.775,8.818,0.610,3.054,389,690,84.806,1.896,1.487,0.672,0.871
4805,gcb8339.tif,0.586,3.024,0.806,1.016,447,605,144.689,0.846,1.216,0.822,0.919
4806,gcb8339.tif,0.450,2.572,0.855,0.949,260,627,56.889,0.680,1.365,0.733,0.931
4807,gcb8339.tif,0.094,1.363,0.638,0.587,595,613,28.072,0.232,2.919,0.343,0.827
4808,gcb8339.tif,1.514,5.567,0.614,1.886,881,662,76.218,1.149,1.533,0.652,0.898
4809,gcb8339.tif,0.246,2.344,0.562,0.896,947,615,152.447,0.532,1.813,0.552,0.779
4810,gcb8339.tif,0.340,3.182,0.422,1.274,678,619,12.529,0.432,3.064,0.326,0.813
4811,gcb8339.tif,0.062,1.156,0.584,0.470,858,626,36.027,0.213,2.671,0.374,0.748
4812,gcb8339.tif,0.085,1.148,0.809,0.443,524,624,141.340,0.306,1.419,0.705,0.861
4813,gcb8339.tif,1.257,4.305,0.853,1.444,482,630,132.089,1.160,1.180,0.848,0.951
4814,gcb8339.tif,0.731,3.174,0.912,1.117,616,655,68.199,0.864,1.243,0.805,0.960
4815,gcb8339.tif,0.707,4.514,0.436,1.656,553,648,23.356,0.864,2.189,0.457,0.715
4816,gcb8339.tif,0.097,1.677,0.432,0.588,652,640,40.236,0.325,2.521,0.397,0.667
4817,gcb8339.tif,2.956,11.778,0.268,2.776,761,653,161.114,2.128,1.387,0.721,0.708
4818,gcb8339.tif,0.743,3.251,0.883,1.053,258,651,41.009,0.968,1.015,0.985,0.945
4819,gcb8339.tif,0.066,0.989,0.843,0.361,752,634,16.699,0.302,1.239,0.807,0.827
4820,gcb8339.tif,1.318,4.382,0.863,1.506,444,671,58.134,1.175,1.196,0.836,0.953
4821,gcb8339.tif,0.060,0.863,1.000,0.319,974,637,40.601,0.276,1.094,0.914,0.901
4822,gcb8339.tif,0.225,2.080,0.652,0.866,692,633,151.390,0.395,2.327,0.430,0.868
4823,gcb8339.tif,1.070,3.927,0.872,1.398,935,635,98.531,1.037,1.390,0.719,0.956
4824,gcb8339.tif,0.319,3.052,0.430,1.098,64,667,77.276,0.646,2.149,0.465,0.667
4825,gcb8339.tif,0.528,3.271,0.620,1.311,111,651,18.435,0.608,2.331,0.429,0.858
4826,gcb8339.tif,0.092,1.099,0.957,0.422,527,646,34.992,0.318,1.345,0.743,0.922
4827,gcb8339.tif,0.053,0.932,0.760,0.403,47,640,120.964,0.201,2.241,0.446,0.846
4828,gcb8339.tif,0.193,2.031,0.589,0.831,290,640,106.928,0.354,2.782,0.359,0.818
4829,gcb8339.tif,0.288,2.161,0.775,0.853,842,640,111.371,0.460,1.889,0.529,0.920
4830,gcb8339.tif,0.053,0.834,0.949,0.326,157,645,147.995,0.242,1.215,0.823,0.907
4831,gcb8339.tif,0.051,0.892,0.812,0.326,973,645,122.005,0.247,1.386,0.721,0.843
4832,gcb8339.tif,0.146,1.921,0.496,0.744,991,666,68.199,0.344,2.433,0.411,0.758
4833,gcb8339.tif,0.619,3.887,0.515,1.443,708,664,16.699,0.781,1.730,0.578,0.782
4834,gcb8339.tif,3.681,11.314,0.361,3.040,152,698,31.522,2.242,1.110,0.901,0.796
4835,gcb8339.tif,1.813,5.417,0.776,1.878,683,708,83.660,1.422,1.273,0.786,0.922
4836,gcb8339.tif,0.174,1.758,0.709,0.719,146,668,35.218,0.393,1.867,0.536,0.866
4837,gcb8339.tif,0.589,3.329,0.668,1.162,901,686,67.249,0.795,1.591,0.629,0.857
4838,gcb8339.tif,1.192,4.281,0.817,1.516,20,697,65.772,1.171,1.264,0.791,0.935
4839,gcb8339.tif,0.215,2.540,0.419,1.114,515,676,29.745,0.342,4.314,0.232,0.730
4840,gcb8339.tif,0.765,3.426,0.819,1.233,275,700,78.690,0.815,1.520,0.658,0.939
4841,gcb8339.tif,0.365,2.409,0.792,0.973,251,669,106.504,0.484,1.963,0.509,0.940
4842,gcb8339.tif,0.195,2.051,0.581,0.748,129,685,33.690,0.503,1.644,0.608,0.763
4843,gcb8339.tif,0.068,1.470,0.396,0.557,634,675,172.875,0.242,3.074,0.325,0.651
4844,gcb8339.tif,0.727,5.535,0.298,1.878,708,689,12.758,0.842,3.141,0.318,0.605
4845,gcb8339.tif,0.068,1.136,0.663,0.386,71,678,100.305,0.286,1.304,0.767,0.803
4846,gcb8339.tif,1.154,4.704,0.655,1.526,636,680,103.092,1.140,1.358,0.736,0.882
4847,gcb8339.tif,0.073,1.726,0.307,0.546,934,692,18.435,0.311,2.107,0.475,0.652
4848,gcb8339.tif,0.183,2.258,0.450,0.940,61,684,107.103,0.297,3.995,0.250,0.791
4849,gcb8339.tif,0.060,0.989,0.767,0.391,876,694,45.000,0.259,1.809,0.553,0.781
4850,gcb8339.tif,0.129,1.424,0.799,0.557,4,700,60.255,0.346,1.400,0.714,0.900
4851,gcb8339.tif,0.476,4.343,0.317,1.469,772,689,138.814,0.618,2.587,0.387,0.680
4852,gcb8339.tif,0.348,2.328,0.806,0.886,811,703,20.556,0.549,1.649,0.606,0.930
4853,gcb8339.tif,0.167,1.905,0.579,0.788,619,716,74.745,0.321,2.706,0.370,0.836
4854,gcb8339.tif,0.391,2.825,0.615,1.016,28,716,35.311,0.649,1.626,0.615,0.834
4855,gcb8339.tif,0.302,2.132,0.835,0.761,294,713,39.472,0.604,1.250,0.800,0.918
4856,gcb8339.tif,0.088,1.303,0.654,0.541,893,708,26.565,0.278,2.196,0.455,0.800
4857,gcb8339.tif,0.229,1.766,0.924,0.635,952,704,112.380,0.518,1.164,0.859,0.923
4858,gcb8342.tif,0.090,1.257,0.712,0.526,576,10,23.199,0.276,1.934,0.517,0.847
4859,gcb8342.tif,0.078,1.266,0.609,0.455,656,5,171.254,0.242,2.095,0.477,0.774
4860,gcb8342.tif,0.096,1.286,0.726,0.481,998,8,21.038,0.311,1.406,0.711,0.856
4861,gcb8342.tif,0.423,4.994,0.213,1.571,481,40,50.356,0.797,2.322,0.431,0.440
4862,gcb8342.tif,0.103,1.188,0.914,0.433,743,16,61.390,0.311,1.211,0.826,0.950
4863,gcb8342.tif,0.632,3.932,0.513,1.252,76,41,62.021,0.770,1.858,0.538,0.841
4864,gcb8342.tif,0.172,1.562,0.885,0.591,923,30,69.444,0.380,1.499,0.667,0.932
4865,gcb8342.tif,2.953,11.732,0.270,2.667,342,31,176.285,2.071,1.479,0.676,0.736
4866,gcb8342.tif,0.301,3.130,0.386,0.912,843,19,155.376,0.645,1.391,0.719,0.724
4867,gcb8342.tif,0.903,5.304,0.403,2.170,534,22,142.765,0.665,4.379,0.228,0.761
4868,gcb8342.tif,1.526,6.096,0.516,1.869,194,73,70.560,1.243,1.569,0.637,0.860
4869,gcb8342.tif,0.244,2.088,0.702,0.837,176,42,51.710,0.448,1.919,0.521,0.864
4870,gcb8342.tif,0.998,5.803,0.373,2.055,88,80,70.346,0.900,2.672,0.374,0.731
4871,gcb8342.tif,0.607,3.179,0.755,1.173,995,25,103.627,0.695,1.729,0.578,0.909
4872,gcb8342.tif,0.314,4.038,0.242,1.502,242,66,66.975,0.571,3.814,0.262,0.560
4873,gcb8342.tif,0.079,1.559,0.408,0.597,869,26,100.008,0.256,2.548,0.392,0.667
4874,gcb8342.tif,0.112,1.326,0.802,0.536,336,28,104.931,0.276,1.751,0.571,0.922
4875,gcb8342.tif,0.646,3.597,0.628,1.411,603,55,30.964,0.733,1.914,0.523,0.858
4876,gcb8342.tif,0.480,2.601,0.892,0.898,659,33,112.620,0.754,1.152,0.868,0.936
4877,gcb8342.tif,0.535,3.854,0.453,1.261,680,69,80.538,0.714,1.944,0.514,0.752
4878,gcb8342.tif,0.098,1.315,0.712,0.540,276,36,140.194,0.313,1.610,0.621,0.854
4879,gcb8342.tif,0.247,2.071,0.724,0.798,133,36,107.650,0.518,1.612,0.620,0.866
4880,gcb8342.tif,0.131,1.306,0.967,0.514,724,50,42.274,0.380,1.306,0.766,0.944
4881,gcb8342.tif,0.877,4.810,0.476,1.412,423,55,158.459,0.968,1.498,0.667,0.781
4882,gcb8342.tif,1.168,5.825,0.433,1.591,532,54,145.620,1.056,1.668,0.599,0.840
4883,gcb8342.tif,0.356,2.393,0.781,0.870,475,56,6.843,0.589,1.490,0.671,0.900
4884,gcb8342.tif,0.621,4.537,0.379,1.756,873,46,100.204,0.568,3.127,0.320,0.783
4885,gcb8342.tif,0.325,3.302,0.374,0.990,812,67,29.249,0.615,2.069,0.483,0.686
4886,gcb8342.tif,0.153,1.689,0.673,0.575,155,57,147.265,0.491,1.158,0.863,0.839
4887,gcb8342.tif,0.679,3.186,0.841,1.182,254,80,52.125,0.865,1.337,0.748,0.949
4888,gcb8342.tif,0.676,4.399,0.439,1.471,334,54,99.462,0.726,2.380,0.420,0.792
4889,gcb8342.tif,0.273,2.764,0.450,1.009,286,79,38.047,0.492,2.841,0.352,0.705
4890,gcb8342.tif,0.936,5.555,0.381,1.578,596,82,28.811,1.198,1.203,0.831,0.750
4891,gcb8342.tif,0.289,2.141,0.793,0.842,651,57,109.179,0.486,1.727,0.579,0.918
4892,gcb8342.tif,0.187,2.808,0.299,1.111,893,60,174.644,0.344,3.661,0.273,0.684
4893,gcb8342.tif,0.112,1.404,0.716,0.557,961,58,119.745,0.303,1.914,0.522,0.879
4894,gcb8342.tif,0.491,3.195,0.604,1.023,734,87,78.311,0.691,1.395,0.717,0.897
4895,gcb8342.tif,0.087,1.441,0.528,0.575,775,73,57.265,0.290,2.684,0.373,0.712
4896,gcb8342.tif,0.056,0.903,0.864,0.391,471,64,135.000,0.232,1.714,0.583,0.904
4897,gcb8342.tif,0.121,1.599,0.592,0.626,930,82,83.660,0.311,1.905,0.525,0.835
4898,gcb8342.tif,0.330,2.356,0.746,0.922,62,92,77.005,0.511,1.889,0.529,0.912
4899,gcb8342.tif,0.051,0.834,0.927,0.328,670,68,108.435,0.207,1.427,0.701,0.915
4900,gcb8342.tif,0.437,2.503,0.877,0.913,126,93,60.524,0.649,1.410,0.709,0.938
4901,gcb8342.tif,0.097,1.372,0.646,0.527,832,82,58.392,0.269,2.071,0.483,0.810
4902,gcb8342.tif,1.546,5.295,0.693,1.735,692,119,77.347,1.418,1.274,0.785,0.865
4903,gcb8342.tif,0.079,1.205,0.682,0.422,945,71,145.008,0.309,1.604,0.623,0.790
4904,gcb8342.tif,0.216,2.108,0.611,0.858,221,88,40.101,0.415,2.461,0.406,0.825
4905,gcb8342.tif,0.814,5.840,0.300,1.979,311,72,106.220,0.871,2.469,0.405,0.634
4906,gcb8342.tif,0.105,1.473,0.609,0.510,451,87,61.699,0.311,1.362,0.734,0.800
4907,gcb8342.tif,0.110,1.669,0.496,0.695,469,84,26.565,0.277,3.342,0.299,0.705
4908,gcb8342.tif,1.868,5.409,0.802,1.861,524,76,111.801,1.428,1.206,0.829,0.937
4909,gcb8342.tif,0.197,1.706,0.851,0.563,439,78,100.620,0.513,1.079,0.926,0.904
4910,gcb8342.tif,0.053,0.863,0.887,0.340,411,81,113.962,0.240,1.474,0.679,0.863
4911,gcb8342.tif,0.825,5.848,0.303,1.619,639,82,106.113,0.904,2.276,0.439,0.737
4912,gcb8342.tif,3.363,10.015,0.421,2.759,173,83,102.295,1.861,1.564,0.639,0.828
4913,gcb8342.tif,0.091,1.197,0.796,0.470,819,85,162.897,0.276,1.801,0.555,0.874
4914,gcb8342.tif,0.176,1.677,0.784,0.635,1005,83,112.380,0.391,1.750,0.571,0.896
4915,gcb8342.tif,0.344,2.226,0.872,0.758,907,84,114.228,0.660,1.137,0.880,0.911
4916,gcb8342.tif,1.948,5.323,0.864,1.843,273,138,83.541,1.417,1.312,0.762,0.959
4917,gcb8342.tif,0.057,1.050,0.653,0.433,588,85,118.610,0.233,1.860,0.537,0.807
4918,gcb8342.tif,0.654,4.342,0.436,1.593,20,87,114.341,0.769,2.190,0.457,0.770
4919,gcb8342.tif,0.492,2.857,0.758,1.082,143,117,63.435,0.650,1.685,0.593,0.916
4920,gcb8342.tif,0.073,0.981,0.951,0.361,972,95,163.301,0.276,1.172,0.853,0.910
4921,gcb8342.tif,1.015,5.184,0.475,1.744,938,134,56.310,1.030,1.622,0.616,0.833
4922,gcb8342.tif,0.191,3.191,0.236,1.085,480,98,120.651,0.532,2.653,0.377,0.435
4923,gcb8342.tif,0.082,1.136,0.803,0.451,448,110,32.471,0.269,1.712,0.584,0.885
4924,gcb8342.tif,0.338,3.598,0.328,1.020,362,107,151.699,0.642,1.831,0.546,0.657
4925,gcb8342.tif,0.063,0.981,0.827,0.361,589,102,106.699,0.242,1.363,0.734,0.898
4926,gcb8342.tif,0.144,1.473,0.837,0.563,608,105,169.380,0.346,1.647,0.607,0.903
4927,gcb8342.tif,0.745,4.578,0.447,1.500,124,104,97.943,0.733,2.301,0.435,0.821
4928,gcb8342.tif,0.053,1.444,0.316,0.646,235,105,105.524,0.159,4.824,0.207,0.677
4929,gcb8342.tif,0.054,1.079,0.580,0.464,469,117,63.435,0.229,2.032,0.492,0.776
4930,gcb8342.tif,0.090,1.245,0.726,0.498,563,117,56.310,0.288,1.876,0.533,0.843
4931,gcb8342.tif,0.136,2.039,0.411,0.796,673,106,124.380,0.319,2.877,0.348,0.699
4932,gcb8342.tif,1.199,4.925,0.621,1.612,844,119,149.036,1.080,1.486,0.673,0.867
4933,gcb8342.tif,0.584,3.659,0.548,1.261,898,110,99.462,0.773,1.490,0.671,0.812
4934,gcb8342.tif,0.519,4.470,0.327,1.496,768,113,130.314,0.673,2.511,0.398,0.699
4935,gcb8342.tif,0.807,3.866,0.679,1.134,405,143,37.569,1.002,1.066,0.938,0.911
4936,gcb8342.tif,0.289,2.388,0.637,1.017,596,116,99.782,0.380,2.746,0.364,0.910
4937,gcb8342.tif,0.117,1.465,0.686,0.635,611,126,22.380,0.276,2.643,0.378,0.887
4938,gcb8342.tif,0.137,1.628,0.651,0.623,574,123,160.560,0.372,1.784,0.561,0.785
4939,gcb8342.tif,0.392,2.555,0.754,1.023,93,122,101.689,0.484,2.140,0.467,0.940
4940,gcb8342.tif,0.709,4.065,0.539,1.410,63,164,78.690,0.795,1.702,0.588,0.868
4941,gcb8342.tif,0.245,2.580,0.462,0.888,363,128,166.504,0.514,2.149,0.465,0.690
4942,gcb8342.tif,0.282,2.959,0.404,0.983,966,124,100.125,0.499,2.086,0.479,0.723
4943,gcb8342.tif,0.265,2.592,0.496,0.990,239,130,119.249,0.539,1.920,0.521,0.734
4944,gcb8342.tif,0.171,1.599,0.839,0.575,445,144,32.735,0.464,1.246,0.802,0.914
4945,gcb8342.tif,0.794,3.581,0.778,1.182,517,134,142.125,0.951,1.280,0.782,0.922
4946,gcb8342.tif,1.440,5.383,0.624,1.873,559,181,60.124,1.210,1.364,0.733,0.903
4947,gcb8342.tif,2.755,7.740,0.578,2.354,288,140,130.236,1.842,1.136,0.880,0.856
4948,gcb8342.tif,0.079,1.286,0.599,0.541,473,135,153.435,0.238,2.859,0.350,0.737
4949,gcb8342.tif,0.336,2.299,0.798,0.930,494,135,105.068,0.484,1.923,0.520,0.946
4950,gcb8342.tif,0.054,0.892,0.850,0.328,949,146,71.565,0.263,1.247,0.802,0.818
4951,gcb8342.tif,0.093,1.392,0.604,0.510,913,151,61.699,0.319,1.687,0.593,0.808
4952,gcb8342.tif,0.479,4.953,0.245,1.797,203,187,67.380,0.649,3.157,0.317,0.559
4953,gcb8342.tif,0.367,2.520,0.726,0.956,616,146,167.471,0.553,1.832,0.546,0.916
4954,gcb8342.tif,2.055,9.288,0.299,2.033,767,200,58.201,1.601,1.263,0.791,0.829
4955,gcb8342.tif,0.203,2.966,0.290,1.008,987,143,120.964,0.489,2.663,0.376,0.548
4956,gcb8342.tif,0.420,2.922,0.618,1.076,840,175,84.472,0.609,1.661,0.602,0.846
4957,gcb8342.tif,0.053,1.205,0.455,0.518,387,154,36.870,0.200,3.436,0.291,0.698
4958,gcb8342.tif,1.772,5.739,0.676,1.955,466,145,98.130,1.272,1.636,0.611,0.901
4959,gcb8342.tif,0.069,1.070,0.760,0.427,964,164,75.964,0.242,1.765,0.567,0.853
4960,gcb8342.tif,0.781,3.625,0.747,1.237,406,164,144.090,1.021,1.129,0.886,0.910
4961,gcb8342.tif,0.368,3.509,0.375,1.076,278,155,95.528,0.588,1.874,0.534,0.762
4962,gcb8342.tif,1.472,5.409,0.633,1.797,874,203,67.380,1.181,1.373,0.729,0.880
4963,gcb8342.tif,0.134,1.375,0.889,0.546,915,159,124.695,0.380,1.433,0.698,0.933
4964,gcb8342.tif,0.137,1.539,0.729,0.612,508,163,106.390,0.404,1.528,0.654,0.807
4965,gcb8342.tif,0.480,3.450,0.507,1.369,61,173,169.824,0.586,2.620,0.382,0.810
4966,gcb8342.tif,0.069,0.952,0.960,0.394,548,165,142.125,0.276,1.393,0.718,0.921
4967,gcb8342.tif,0.564,3.487,0.582,1.217,735,164,96.520,0.726,1.646,0.608,0.847
4968,gcb8342.tif,0.226,1.795,0.880,0.691,657,182,53.130,0.464,1.564,0.640,0.917
4969,gcb8342.tif,0.125,1.746,0.517,0.623,531,169,109.440,0.346,2.108,0.474,0.739
4970,gcb8342.tif,1.895,10.401,0.220,2.536,387,170,109.916,1.441,2.041,0.490,0.636
4971,gcb8342.tif,0.361,2.397,0.789,0.982,629,192,50.711,0.560,1.841,0.543,0.934
4972,gcb8342.tif,0.170,1.778,0.674,0.700,909,170,110.225,0.380,1.584,0.631,0.861
4973,gcb8342.tif,0.527,2.788,0.852,0.984,240,171,108.435,0.691,1.404,0.712,0.946
4974,gcb8342.tif,0.090,1.266,0.703,0.470,804,171,143.973,0.311,1.565,0.639,0.857
4975,gcb8342.tif,0.125,1.355,0.858,0.536,935,188,75.069,0.311,1.711,0.585,0.917
4976,gcb8342.tif,1.035,5.262,0.470,1.535,57,187,148.815,1.262,1.512,0.662,0.757
4977,gcb8342.tif,0.219,2.462,0.453,0.997,33,208,56.310,0.415,2.733,0.366,0.744
4978,gcb8342.tif,0.155,1.588,0.774,0.546,101,193,18.435,0.430,1.255,0.797,0.864
4979,gcb8342.tif,0.189,1.628,0.895,0.579,354,200,72.646,0.448,1.316,0.760,0.924
4980,gcb8342.tif,0.104,1.689,0.458,0.722,989,190,16.699,0.263,3.209,0.312,0.737
4981,gcb8342.tif,0.666,3.907,0.549,1.359,506,185,97.306,0.812,1.721,0.581,0.835
4982,gcb8342.tif,0.069,1.119,0.695,0.427,584,197,75.964,0.242,1.621,0.617,0.835
4983,gcb8342.tif,0.262,2.238,0.656,0.844,524,189,145.008,0.506,1.875,0.533,0.811
4984,gcb8342.tif,0.334,2.756,0.553,0.809,798,190,109.983,0.676,1.247,0.802,0.807
4985,gcb8342.tif,0.579,3.162,0.728,1.252,435,191,117.979,0.748,1.724,0.580,0.917
4986,gcb8342.tif,0.139,1.404,0.883,0.536,826,195,165.069,0.346,1.581,0.632,0.913
4987,gcb8342.tif,0.310,2.491,0.629,0.842,167,217,70.821,0.587,1.388,0.721,0.824
4988,gcb8342.tif,1.357,6.602,0.391,2.028,704,193,103.799,1.151,1.708,0.585,0.805
4989,gcb8342.tif,0.322,2.120,0.901,0.758,288,216,65.772,0.587,1.267,0.789,0.929
4990,gcb8342.tif,0.922,5.405,0.397,1.467,588,207,133.091,1.017,1.670,0.599,0.773
4991,gcb8342.tif,0.583,3.268,0.686,1.222,743,234,61.260,0.765,1.609,0.622,0.900
4992,gcb8342.tif,0.078,1.234,0.641,0.427,1014,202,104.036,0.311,1.488,0.672,0.769
4993,gcb8342.tif,0.160,1.579,0.806,0.637,837,205,130.601,0.386,1.792,0.558,0.902
4994,gcb8342.tif,0.158,1.579,0.794,0.558,991,207,111.801,0.433,1.376,0.727,0.880
4995,gcb8342.tif,0.401,2.833,0.628,0.988,213,209,126.469,0.678,1.668,0.599,0.852
4996,gcb8342.tif,0.144,1.444,0.870,0.558,930,225,68.199,0.346,1.554,0.644,0.927
4997,gcb8342.tif,0.461,2.641,0.830,0.990,950,238,77.905,0.622,1.599,0.625,0.941
4998,gcb8342.tif,1.010,6.084,0.343,1.927,301,259,57.450,1.014,2.549,0.392,0.640
4999,gcb8342.tif,0.053,0.863,0.887,0.356,690,212,119.055,0.229,1.664,0.601,0.889
5000,gcb8342.tif,0.094,1.176,0.857,0.422,871,225,55.008,0.344,1.252,0.799,0.854
5001,gcb8342.tif,0.296,2.031,0.902,0.691,481,218,143.130,0.587,1.137,0.880,0.922
5002,gcb8342.tif,0.063,1.107,0.649,0.422,573,223,34.992,0.283,1.836,0.545,0.757
5003,gcb8342.tif,0.851,4.665,0.492,1.444,828,215,101.041,0.932,1.705,0.587,0.860
5004,gcb8342.tif,0.054,1.030,0.637,0.427,890,215,104.036,0.207,2.277,0.439,0.776
5005,gcb8342.tif,0.995,3.789,0.871,1.256,661,250,58.496,1.116,1.075,0.930,0.942
5006,gcb8342.tif,0.185,1.758,0.753,0.712,766,234,50.906,0.402,1.965,0.509,0.852
5007,gcb8342.tif,0.164,1.461,0.963,0.510,437,227,118.301,0.440,1.088,0.919,0.935
5008,gcb8342.tif,0.227,2.132,0.627,0.888,637,230,103.496,0.400,2.245,0.445,0.876
5009,gcb8342.tif,1.351,7.938,0.269,2.761,464,290,44.493,1.038,3.568,0.280,0.652
5010,gcb8342.tif,0.391,2.336,0.899,0.853,524,238,158.629,0.622,1.284,0.779,0.945
5011,gcb8342.tif,1.247,4.293,0.850,1.425,196,273,75.964,1.140,1.234,0.810,0.951
5012,gcb8342.tif,0.189,1.815,0.720,0.643,82,234,126.254,0.484,1.200,0.833,0.859
5013,gcb8342.tif,0.418,2.494,0.844,0.837,261,238,141.710,0.679,1.194,0.838,0.933
5014,gcb8342.tif,0.324,2.328,0.751,0.897,226,235,105.642,0.518,1.713,0.584,0.902
5015,gcb8342.tif,0.244,2.609,0.450,1.113,436,264,53.842,0.383,3.491,0.286,0.760
5016,gcb8342.tif,0.466,2.621,0.852,0.983,71,242,100.125,0.657,1.498,0.668,0.936
5017,gcb8342.tif,0.113,1.392,0.736,0.575,735,256,57.265,0.304,2.025,0.494,0.856
5018,gcb8342.tif,0.572,2.840,0.891,0.988,766,261,36.469,0.795,1.167,0.857,0.952
5019,gcb8342.tif,0.626,3.036,0.853,1.166,151,244,101.976,0.691,1.645,0.608,0.954
5020,gcb8342.tif,0.258,1.925,0.875,0.746,1003,244,103.392,0.449,1.587,0.630,0.935
5021,gcb8342.tif,0.842,4.881,0.444,1.453,114,286,71.996,0.916,1.488,0.672,0.846
5022,gcb8342.tif,0.148,1.453,0.882,0.546,962,259,55.305,0.386,1.392,0.718,0.908
5023,gcb8342.tif,1.669,6.563,0.487,2.216,366,248,100.784,1.071,2.113,0.473,0.876
5024,gcb8342.tif,0.318,2.874,0.483,0.836,395,253,150.255,0.609,1.169,0.855,0.827
5025,gcb8342.tif,0.223,3.619,0.214,1.180,334,250,95.042,0.434,3.655,0.274,0.542
5026,gcb8342.tif,0.562,3.182,0.698,1.177,568,256,139.764,0.788,1.601,0.625,0.878
5027,gcb8342.tif,0.137,2.235,0.346,0.744,318,274,68.199,0.448,2.124,0.471,0.637
5028,gcb8342.tif,0.057,1.176,0.521,0.465,653,264,48.013,0.209,2.637,0.379,0.738
5029,gcb8342.tif,0.387,2.397,0.846,0.918,932,254,109.799,0.562,1.628,0.614,0.936
5030,gcb8342.tif,0.227,3.089,0.299,0.831,706,261,163.072,0.615,1.109,0.902,0.591
5031,gcb8342.tif,0.387,2.531,0.759,0.956,39,258,102.529,0.587,1.719,0.582,0.911
5032,gcb8342.tif,0.314,2.230,0.794,0.875,90,286,80.910,0.484,1.844,0.542,0.923
5033,gcb8342.tif,0.430,3.147,0.546,1.111,558,262,95.356,0.633,1.975,0.506,0.822
5034,gcb8342.tif,0.050,0.863,0.846,0.328,700,267,108.435,0.207,1.612,0.621,0.875
5035,gcb8342.tif,0.160,2.247,0.398,0.973,807,270,163.496,0.278,4.206,0.238,0.751
5036,gcb8342.tif,1.354,7.350,0.315,2.415,371,330,56.083,1.023,2.868,0.349,0.706
5037,gcb8342.tif,0.054,0.883,0.866,0.352,738,270,101.310,0.207,1.649,0.606,0.882
5038,gcb8342.tif,0.087,1.303,0.645,0.437,325,271,108.435,0.339,1.442,0.693,0.789
5039,gcb8342.tif,0.096,1.294,0.717,0.536,995,272,104.931,0.257,2.217,0.451,0.856
5040,gcb8342.tif,0.144,2.243,0.361,0.796,711,286,34.380,0.355,2.362,0.423,0.733
5041,gcb8342.tif,0.234,2.422,0.501,0.853,534,277,121.759,0.474,2.107,0.475,0.773
5042,gcb8342.tif,0.088,1.685,0.391,0.546,890,276,108.435,0.299,2.328,0.430,0.661
5043,gcb8342.tif,0.105,1.522,0.570,0.623,500,280,160.560,0.276,2.796,0.358,0.800
5044,gcb8342.tif,0.229,2.287,0.551,0.963,601,293,21.038,0.402,2.740,0.365,0.844
5045,gcb8342.tif,0.300,2.031,0.913,0.732,669,299,70.710,0.587,1.152,0.868,0.930
5046,gcb8342.tif,0.199,1.717,0.850,0.631,752,289,9.462,0.448,1.367,0.731,0.900
5047,gcb8342.tif,0.857,3.708,0.784,1.207,463,297,13.241,1.051,1.015,0.985,0.919
5048,gcb8342.tif,0.847,4.289,0.578,1.648,298,331,80.340,0.840,1.886,0.530,0.843
5049,gcb8342.tif,0.732,3.260,0.866,1.173,134,319,76.373,0.840,1.434,0.697,0.950
5050,gcb8342.tif,0.135,1.473,0.781,0.567,433,297,37.569,0.369,1.710,0.585,0.876
5051,gcb8342.tif,0.060,1.018,0.724,0.386,228,298,79.695,0.276,1.382,0.724,0.775
5052,gcb8342.tif,0.223,1.827,0.841,0.732,322,292,109.290,0.380,1.786,0.560,0.952
5053,gcb8342.tif,0.060,1.010,0.736,0.386,651,302,63.435,0.250,1.809,0.553,0.806
5054,gcb8342.tif,0.147,1.717,0.626,0.592,345,293,96.710,0.364,1.741,0.574,0.817
5055,gcb8342.tif,0.201,2.117,0.563,0.712,620,299,150.945,0.489,1.569,0.637,0.828
5056,gcb8342.tif,0.094,1.352,0.649,0.541,873,294,116.565,0.336,1.909,0.524,0.775
5057,gcb8342.tif,0.302,2.816,0.479,1.113,696,295,154.231,0.476,2.083,0.480,0.820
5058,gcb8342.tif,0.102,1.245,0.822,0.498,950,299,123.690,0.340,1.622,0.617,0.850
5059,gcb8342.tif,0.537,2.837,0.839,1.072,508,329,69.228,0.728,1.491,0.671,0.939
5060,gcb8342.tif,0.635,3.234,0.763,1.162,158,332,59.621,0.726,1.606,0.623,0.913
5061,gcb8342.tif,0.103,1.217,0.872,0.437,899,313,71.565,0.346,1.206,0.829,0.891
5062,gcb8342.tif,0.305,2.120,0.851,0.782,816,307,135.000,0.555,1.384,0.722,0.922
5063,gcb8342.tif,0.299,2.071,0.874,0.809,462,310,109.983,0.518,1.541,0.649,0.943
5064,gcb8342.tif,0.061,0.961,0.829,0.356,684,319,60.945,0.278,1.376,0.727,0.829
5065,gcb8342.tif,1.188,7.876,0.241,1.856,618,311,114.179,1.244,1.401,0.714,0.733
5066,gcb8342.tif,0.128,1.551,0.668,0.682,277,312,149.534,0.294,2.627,0.381,0.859
5067,gcb8342.tif,1.967,9.170,0.294,2.662,544,389,88.512,1.617,1.823,0.549,0.676
5068,gcb8342.tif,0.062,0.883,1.000,0.328,991,312,108.435,0.242,1.237,0.808,0.929
5069,gcb8342.tif,0.113,1.514,0.622,0.671,784,315,168.111,0.242,2.642,0.379,0.872
5070,gcb8342.tif,0.072,1.038,0.835,0.394,872,316,164.745,0.278,1.411,0.709,0.833
5071,gcb8342.tif,0.235,1.905,0.815,0.739,848,316,100.784,0.446,1.687,0.593,0.906
5072,gcb8342.tif,0.091,1.384,0.596,0.587,346,332,61.928,0.247,2.906,0.344,0.809
5073,gcb8342.tif,0.460,2.845,0.714,0.940,700,325,162.897,0.691,1.488,0.672,0.887
5074,gcb8342.tif,1.880,5.302,0.840,1.699,420,368,85.333,1.426,1.202,0.832,0.944
5075,gcb8342.tif,0.128,2.166,0.342,0.700,489,322,122.905,0.369,1.958,0.511,0.682
5076,gcb8342.tif,0.334,2.515,0.664,0.956,25,351,77.471,0.518,2.080,0.481,0.868
5077,gcb8342.tif,0.133,1.343,0.923,0.470,584,333,17.103,0.415,1.089,0.919,0.902
5078,gcb8342.tif,0.165,2.002,0.517,0.821,893,348,75.379,0.317,3.244,0.308,0.821
5079,gcb8342.tif,1.457,4.770,0.805,1.553,802,326,110.854,1.252,1.196,0.836,0.947
5080,gcb8342.tif,0.104,1.315,0.755,0.503,955,343,74.055,0.311,1.513,0.661,0.888
5081,gcb8342.tif,0.271,2.381,0.601,0.809,1000,344,19.983,0.586,1.201,0.833,0.766
5082,gcb8342.tif,0.276,2.002,0.865,0.767,192,334,125.838,0.525,1.456,0.687,0.933
5083,gcb8342.tif,0.216,2.255,0.534,0.956,907,354,49.399,0.391,3.032,0.330,0.789
5084,gcb8342.tif,0.174,1.628,0.827,0.591,660,350,69.444,0.440,1.311,0.763,0.921
5085,gcb8342.tif,0.172,2.112,0.485,0.897,874,334,105.642,0.295,3.684,0.271,0.791
5086,gcb8342.tif,0.094,1.266,0.740,0.527,159,346,31.608,0.258,2.222,0.450,0.868
5087,gcb8342.tif,0.155,1.648,0.718,0.579,122,338,107.354,0.415,1.297,0.771,0.864
5088,gcb8342.tif,0.265,2.592,0.496,1.049,734,339,107.241,0.449,2.482,0.403,0.813
5089,gcb8342.tif,0.116,1.689,0.510,0.732,50,360,70.710,0.254,3.363,0.297,0.792
5090,gcb8342.tif,1.330,6.389,0.409,1.702,553,385,60.832,1.242,1.478,0.676,0.804
5091,gcb8342.tif,0.248,1.844,0.918,0.643,238,343,126.254,0.538,1.205,0.830,0.918
5092,gcb8342.tif,0.079,1.144,0.756,0.404,346,354,70.017,0.297,1.332,0.750,0.815
5093,gcb8342.tif,0.105,1.852,0.385,0.572,605,343,115.017,0.367,1.413,0.707,0.701
5094,gcb8342.tif,0.590,3.101,0.771,0.982,706,369,50.711,0.864,1.031,0.970,0.915
5095,gcb8342.tif,0.062,0.981,0.811,0.403,265,357,59.036,0.262,1.569,0.637,0.860
5096,gcb8342.tif,1.554,6.084,0.527,2.175,313,349,107.571,1.223,1.800,0.556,0.862
5097,gcb8342.tif,0.337,2.275,0.817,0.788,184,350,105.255,0.652,1.225,0.817,0.883
5098,gcb8342.tif,1.755,7.370,0.406,2.446,659,416,66.695,1.329,1.952,0.512,0.763
5099,gcb8342.tif,0.067,1.303,0.495,0.495,469,357,12.095,0.256,2.167,0.462,0.683
5100,gcb8342.tif,1.019,4.867,0.540,1.710,137,357,104.036,0.947,2.038,0.491,0.823
5101,gcb8342.tif,0.171,1.824,0.645,0.643,775,359,143.746,0.449,1.484,0.674,0.834
5102,gcb8342.tif,0.080,1.030,0.948,0.394,370,369,74.745,0.276,1.324,0.755,0.905
5103,gcb8342.tif,0.184,1.884,0.651,0.729,21,380,84.560,0.380,1.895,0.528,0.844
5104,gcb8342.tif,0.995,3.801,0.865,1.369,217,359,100.176,0.968,1.387,0.721,0.954
5105,gcb8342.tif,1.229,5.082,0.598,1.994,451,416,81.027,0.864,2.346,0.426,0.911
5106,gcb8342.tif,2.015,7.753,0.421,2.986,262,363,113.895,1.137,3.098,0.323,0.776
5107,gcb8342.tif,0.063,0.912,0.957,0.346,751,367,36.870,0.269,1.224,0.817,0.914
5108,gcb8342.tif,2.695,8.334,0.488,2.504,883,367,129.401,1.759,1.505,0.664,0.833
5109,gcb8342.tif,0.349,2.434,0.740,0.864,425,391,53.130,0.601,1.476,0.678,0.885
5110,gcb8342.tif,0.128,1.530,0.686,0.563,1001,373,137.490,0.326,1.841,0.543,0.817
5111,gcb8342.tif,0.185,1.893,0.649,0.686,781,375,130.914,0.410,1.640,0.610,0.836
5112,gcb8342.tif,0.646,3.027,0.886,1.128,610,377,117.350,0.795,1.335,0.749,0.955
5113,gcb8342.tif,0.316,4.225,0.223,1.166,588,412,78.024,0.632,2.220,0.450,0.525
5114,gcb8342.tif,0.072,1.335,0.505,0.527,868,392,58.392,0.197,3.126,0.320,0.800
5115,gcb8342.tif,0.898,3.752,0.802,1.429,175,380,122.152,0.920,1.523,0.657,0.931
5116,gcb8342.tif,0.970,3.850,0.822,1.499,391,380,115.974,0.950,1.596,0.627,0.950
5117,gcb8342.tif,0.125,1.530,0.673,0.570,352,390,14.036,0.371,1.577,0.634,0.840
5118,gcb8342.tif,0.192,2.023,0.591,0.719,239,401,54.782,0.459,1.753,0.570,0.795
5119,gcb8342.tif,0.269,2.498,0.541,0.990,633,411,77.905,0.441,2.537,0.394,0.818
5120,gcb8342.tif,0.189,1.620,0.904,0.612,802,403,73.610,0.415,1.471,0.680,0.924
5121,gcb8342.tif,0.123,1.539,0.653,0.649,303,390,115.201,0.278,2.448,0.409,0.866
5122,gcb8342.tif,0.070,1.274,0.545,0.465,590,400,48.013,0.269,1.835,0.545,0.724
5123,gcb8342.tif,1.014,3.890,0.842,1.412,768,390,111.541,0.984,1.405,0.712,0.946
5124,gcb8342.tif,0.571,2.995,0.800,1.053,820,419,66.801,0.820,1.287,0.777,0.926
5125,gcb8342.tif,0.165,1.709,0.709,0.671,961,391,101.889,0.369,2.105,0.475,0.854
5126,gcb8342.tif,0.352,2.307,0.832,0.806,86,392,120.964,0.657,1.185,0.844,0.923
5127,gcb8342.tif,0.202,3.170,0.252,0.866,983,394,118.610,0.508,1.377,0.726,0.607
5128,gcb8342.tif,0.063,1.815,0.241,0.657,696,395,93.013,0.207,3.560,0.281,0.586
5129,gcb8342.tif,0.853,6.169,0.282,2.444,12,397,118.740,0.619,4.725,0.212,0.673
5130,gcb8342.tif,0.233,1.925,0.790,0.691,738,400,126.870,0.479,1.454,0.688,0.913
5131,gcb8342.tif,0.234,2.540,0.456,0.867,867,423,66.501,0.484,1.755,0.570,0.755
5132,gcb8342.tif,0.093,1.205,0.806,0.449,712,413,67.380,0.318,1.396,0.716,0.834
5133,gcb8342.tif,0.054,0.940,0.764,0.374,551,411,33.690,0.244,1.705,0.586,0.804
5134,gcb8342.tif,0.574,3.211,0.700,1.268,373,403,107.447,0.665,1.991,0.502,0.911
5135,gcb8342.tif,0.235,1.835,0.878,0.635,142,413,157.620,0.506,1.205,0.830,0.925
5136,gcb8342.tif,0.055,1.225,0.460,0.461,438,410,102.995,0.203,2.865,0.349,0.697
5137,gcb8342.tif,0.282,2.698,0.486,1.017,68,425,9.782,0.507,2.274,0.440,0.805
5138,gcb8342.tif,0.227,1.778,0.902,0.656,123,430,71.565,0.449,1.417,0.706,0.941
5139,gcb8342.tif,0.676,3.265,0.797,1.085,606,440,59.349,0.857,1.281,0.781,0.917
5140,gcb8342.tif,0.856,6.487,0.256,1.892,315,470,80.538,1.043,2.362,0.423,0.616
5141,gcb8342.tif,0.074,1.294,0.555,0.495,703,429,65.225,0.276,1.440,0.695,0.780
5142,gcb8342.tif,0.238,1.872,0.852,0.652,168,419,147.995,0.538,1.134,0.882,0.898
5143,gcb8342.tif,0.594,3.150,0.752,1.023,257,418,101.689,0.898,1.135,0.881,0.884
5144,gcb8342.tif,1.026,4.448,0.652,1.400,218,422,105.751,1.014,1.386,0.721,0.902
5145,gcb8342.tif,0.332,2.577,0.628,1.045,731,426,145.784,0.466,2.605,0.384,0.861
5146,gcb8342.tif,1.100,5.397,0.475,1.977,806,460,36.469,1.008,2.151,0.465,0.794
5147,gcb8342.tif,0.080,1.502,0.446,0.597,422,427,10.008,0.242,2.317,0.432,0.691
5148,gcb8342.tif,0.336,2.267,0.821,0.875,657,436,9.090,0.553,1.512,0.661,0.917
5149,gcb8342.tif,0.166,2.226,0.421,0.712,929,428,165.964,0.449,1.621,0.617,0.693
5150,gcb8342.tif,0.057,1.225,0.480,0.427,863,441,75.964,0.228,1.952,0.512,0.706
5151,gcb8342.tif,0.102,1.433,0.622,0.523,479,435,172.405,0.311,1.669,0.599,0.810
5152,gcb8342.tif,0.547,4.284,0.374,1.830,695,482,79.114,0.484,3.904,0.256,0.846
5153,gcb8342.tif,0.438,2.572,0.833,0.956,151,432,102.529,0.657,1.470,0.680,0.926
5154,gcb8342.tif,2.429,9.172,0.363,3.246,857,521,64.799,1.291,2.700,0.370,0.806
5155,gcb8342.tif,0.056,0.981,0.733,0.394,725,439,164.745,0.242,1.715,0.583,0.810
5156,gcb8342.tif,0.226,1.787,0.889,0.660,86,441,137.121,0.489,1.290,0.775,0.931
5157,gcb8342.tif,0.840,3.728,0.759,1.227,538,459,170.272,1.030,1.151,0.869,0.912
5158,gcb8342.tif,0.474,4.163,0.344,1.279,716,444,141.582,0.769,2.176,0.460,0.626
5159,gcb8342.tif,0.456,3.036,0.622,0.982,586,446,140.711,0.720,1.220,0.820,0.824
5160,gcb8342.tif,0.419,2.437,0.887,0.892,659,447,144.462,0.650,1.346,0.743,0.945
5161,gcb8342.tif,0.195,2.686,0.339,1.149,773,448,133.781,0.378,3.592,0.278,0.646
5162,gcb8342.tif,0.054,1.225,0.450,0.437,415,461,71.565,0.207,2.332,0.429,0.714
5163,gcb8342.tif,0.321,2.422,0.688,0.821,942,472,75.379,0.608,1.431,0.699,0.879
5164,gcb8342.tif,0.539,2.845,0.836,0.973,762,450,96.116,0.829,1.087,0.920,0.925
5165,gcb8342.tif,0.096,1.257,0.759,0.481,962,450,111.038,0.311,1.445,0.692,0.838
5166,gcb8342.tif,0.337,3.325,0.383,1.193,294,451,100.008,0.578,2.474,0.404,0.718
5167,gcb8342.tif,0.866,3.659,0.813,1.308,167,489,77.800,0.896,1.503,0.665,0.939
5168,gcb8342.tif,0.085,1.119,0.851,0.427,249,455,165.964,0.274,1.611,0.621,0.877
5169,gcb8342.tif,0.215,1.835,0.802,0.679,915,472,75.256,0.449,1.563,0.640,0.900
5170,gcb8342.tif,0.217,1.827,0.818,0.722,277,475,73.301,0.415,1.777,0.563,0.926
5171,gcb8342.tif,0.102,1.168,0.935,0.418,838,458,155.556,0.346,1.080,0.926,0.914
5172,gcb8342.tif,0.516,3.118,0.667,1.042,636,458,95.711,0.728,1.492,0.670,0.855
5173,gcb8342.tif,0.201,2.442,0.423,1.008,346,460,120.964,0.352,2.969,0.337,0.774
5174,gcb8342.tif,0.056,0.863,0.947,0.367,998,460,131.186,0.244,1.548,0.646,0.895
5175,gcb8342.tif,0.100,1.294,0.752,0.491,419,463,129.289,0.339,1.356,0.738,0.836
5176,gcb8342.tif,0.405,2.397,0.886,0.930,127,463,111.801,0.587,1.499,0.667,0.950
5177,gcb8342.tif,0.091,1.375,0.603,0.579,978,481,72.646,0.242,2.467,0.405,0.859
5178,gcb8342.tif,0.475,2.661,0.843,0.995,256,493,69.677,0.691,1.366,0.732,0.936
5179,gcb8342.tif,0.118,1.343,0.823,0.563,64,472,132.510,0.318,1.915,0.522,0.884
5180,gcb8342.tif,1.198,4.146,0.876,1.486,222,473,107.592,1.071,1.369,0.730,0.964
5181,gcb8342.tif,1.136,4.037,0.876,1.467,663,515,74.982,1.037,1.383,0.723,0.963
5182,gcb8342.tif,1.690,4.960,0.863,1.688,397,475,100.620,1.319,1.282,0.780,0.956
5183,gcb8342.tif,0.707,6.142,0.236,1.444,572,504,42.089,1.171,1.149,0.870,0.580
5184,gcb8342.tif,1.525,6.059,0.522,1.743,714,478,129.369,1.290,1.186,0.843,0.890
5185,gcb8342.tif,0.652,3.989,0.515,1.149,904,510,68.839,0.939,1.186,0.843,0.853
5186,gcb8342.tif,4.415,15.632,0.227,4.443,792,480,95.356,2.102,2.906,0.344,0.653
5187,gcb8342.tif,0.322,3.671,0.301,1.458,940,517,58.570,0.518,3.681,0.272,0.609
5188,gcb8342.tif,1.573,4.928,0.814,1.722,538,531,79.592,1.184,1.376,0.727,0.945
5189,gcb8342.tif,0.326,2.356,0.738,0.958,751,482,115.641,0.484,2.067,0.484,0.921
5190,gcb8342.tif,0.210,2.145,0.574,0.804,820,490,154.537,0.464,2.011,0.497,0.821
5191,gcb8342.tif,0.381,3.472,0.397,1.410,258,508,17.103,0.530,3.573,0.280,0.670
5192,gcb8342.tif,0.344,2.230,0.869,0.821,972,516,75.379,0.553,1.479,0.676,0.941
5193,gcb8342.tif,0.656,4.608,0.388,1.324,626,494,105.124,0.798,1.783,0.561,0.758
5194,gcb8342.tif,0.453,4.726,0.255,1.284,35,498,113.806,0.690,2.309,0.433,0.601
5195,gcb8342.tif,0.370,3.455,0.390,1.275,69,498,147.171,0.642,2.554,0.391,0.687
5196,gcb8342.tif,0.123,1.441,0.744,0.563,100,500,169.380,0.341,1.744,0.573,0.844
5197,gcb8342.tif,0.328,3.032,0.449,1.036,368,498,115.710,0.549,2.273,0.440,0.771
5198,gcb8342.tif,0.069,1.128,0.685,0.449,692,505,22.620,0.242,1.873,0.534,0.859
5199,gcb8342.tif,1.071,3.931,0.871,1.410,495,538,72.897,0.959,1.450,0.690,0.956
5200,gcb8342.tif,0.552,3.984,0.437,1.169,175,500,108.970,0.801,1.544,0.647,0.759
5201,gcb8342.tif,0.100,1.640,0.469,0.712,117,507,14.036,0.242,3.289,0.304,0.796
5202,gcb8342.tif,0.102,1.608,0.493,0.656,138,505,161.565,0.276,2.542,0.393,0.736
5203,gcb8342.tif,1.476,4.908,0.770,1.716,274,508,108.800,1.142,1.531,0.653,0.941
5204,gcb8342.tif,0.555,4.220,0.392,1.358,330,547,75.256,0.677,2.414,0.414,0.715
5205,gcb8342.tif,0.139,1.539,0.735,0.563,824,509,100.620,0.362,1.589,0.630,0.853
5206,gcb8342.tif,0.325,3.797,0.283,1.579,438,552,66.801,0.424,5.548,0.180,0.596
5207,gcb8342.tif,0.256,2.471,0.526,0.836,575,513,150.255,0.487,1.860,0.538,0.797
5208,gcb8342.tif,1.354,5.966,0.478,1.728,694,511,101.535,1.210,1.535,0.651,0.856
5209,gcb8342.tif,0.530,3.501,0.544,1.116,193,537,16.189,0.781,1.609,0.621,0.798
5210,gcb8342.tif,0.439,4.632,0.257,1.489,959,518,111.801,0.730,2.479,0.403,0.620
5211,gcb8342.tif,3.358,14.362,0.205,3.160,865,550,174.352,1.833,1.598,0.626,0.723
5212,gcb8342.tif,0.648,5.983,0.228,2.233,731,523,111.801,0.712,3.367,0.297,0.581
5213,gcb8342.tif,0.062,0.932,0.898,0.356,125,524,119.055,0.242,1.333,0.750,0.904
5214,gcb8342.tif,1.217,4.623,0.715,1.797,253,525,112.620,0.891,2.109,0.474,0.940
5215,gcb8342.tif,2.393,6.413,0.731,2.306,354,526,119.638,1.532,1.381,0.724,0.931
5216,gcb8342.tif,0.739,3.406,0.801,1.235,143,562,72.072,0.775,1.587,0.630,0.937
5217,gcb8342.tif,0.189,1.680,0.840,0.681,70,530,113.962,0.380,1.760,0.568,0.929
5218,gcb8342.tif,1.013,6.711,0.283,1.873,541,577,29.876,1.207,1.674,0.597,0.570
5219,gcb8342.tif,0.357,2.756,0.591,0.915,230,559,79.114,0.587,1.487,0.672,0.856
5220,gcb8342.tif,0.149,1.490,0.845,0.587,397,540,151.928,0.382,1.685,0.594,0.909
5221,gcb8342.tif,1.551,6.278,0.495,2.328,17,544,130.786,1.148,2.133,0.469,0.838
5222,gcb8342.tif,0.256,2.174,0.679,0.853,763,561,58.241,0.464,1.872,0.534,0.861
5223,gcb8342.tif,0.093,1.200,0.813,0.481,103,554,68.962,0.242,1.961,0.510,0.929
5224,gcb8342.tif,0.855,3.658,0.803,1.398,171,581,81.469,0.760,1.823,0.549,0.953
5225,gcb8342.tif,0.084,2.048,0.251,0.567,526,542,127.569,0.377,1.902,0.526,0.534
5226,gcb8342.tif,0.707,3.211,0.862,1.117,627,573,68.199,0.898,1.228,0.814,0.949
5227,gcb8342.tif,0.062,1.001,0.779,0.404,595,546,109.983,0.232,1.827,0.547,0.874
5228,gcb8342.tif,0.098,1.245,0.793,0.461,846,546,102.995,0.346,1.353,0.739,0.882
5229,gcb8342.tif,0.068,1.315,0.495,0.529,130,550,101.310,0.203,3.279,0.305,0.717
5230,gcb8342.tif,0.429,2.739,0.718,1.125,201,551,100.620,0.587,2.087,0.479,0.903
5231,gcb8342.tif,0.903,3.711,0.824,1.335,489,551,111.251,0.962,1.440,0.694,0.940
5232,gcb8342.tif,0.511,3.012,0.708,1.174,310,558,132.614,0.684,1.657,0.604,0.887
5233,gcb8342.tif,2.446,9.583,0.335,2.953,398,637,69.444,1.351,2.669,0.375,0.759
5234,gcb8342.tif,0.527,3.187,0.652,1.091,556,573,10.954,0.825,1.242,0.805,0.839
5235,gcb8342.tif,0.062,1.136,0.605,0.403,951,563,149.036,0.290,1.395,0.717,0.732
5236,gcb8342.tif,0.170,2.178,0.449,0.777,856,562,110.854,0.489,1.507,0.663,0.667
5237,gcb8342.tif,1.244,6.177,0.410,2.230,224,563,102.529,1.109,2.043,0.489,0.763
5238,gcb8342.tif,0.850,3.780,0.748,1.335,300,566,100.437,0.912,1.470,0.680,0.925
5239,gcb8342.tif,0.370,2.279,0.896,0.788,717,589,74.745,0.622,1.196,0.836,0.941
5240,gcb8342.tif,0.457,2.911,0.678,0.997,927,592,56.310,0.709,1.553,0.644,0.863
5241,gcb8342.tif,0.082,1.266,0.646,0.495,988,580,65.225,0.262,2.003,0.499,0.831
5242,gcb8342.tif,0.195,1.660,0.887,0.646,82,568,105.524,0.380,1.594,0.627,0.950
5243,gcb8342.tif,0.436,3.753,0.389,1.407,962,569,114.677,0.510,3.114,0.321,0.778
5244,gcb8342.tif,0.454,2.931,0.664,1.226,458,571,139.574,0.512,2.558,0.391,0.899
5245,gcb8342.tif,0.888,4.131,0.654,1.593,602,575,93.731,0.864,1.940,0.515,0.882
5246,gcb8342.tif,0.428,2.584,0.805,1.040,826,603,68.552,0.568,1.863,0.537,0.940
5247,gcb8342.tif,0.069,0.981,0.905,0.403,274,589,59.036,0.247,1.693,0.591,0.906
5248,gcb8342.tif,0.067,1.099,0.696,0.455,650,585,171.254,0.207,2.382,0.420,0.842
5249,gcb8342.tif,0.325,2.499,0.653,1.031,246,585,140.440,0.489,1.985,0.504,0.872
5250,gcb8342.tif,0.945,3.935,0.766,1.424,535,585,95.572,0.914,1.517,0.659,0.912
5251,gcb8342.tif,0.072,1.148,0.684,0.433,685,594,28.610,0.306,1.419,0.705,0.828
5252,gcb8342.tif,0.777,3.735,0.700,1.346,621,624,60.803,0.779,1.805,0.554,0.905
5253,gcb8342.tif,0.614,3.231,0.739,1.226,361,591,130.426,0.770,1.614,0.620,0.898
5254,gcb8342.tif,0.402,2.730,0.678,1.103,433,618,57.804,0.548,2.237,0.447,0.867
5255,gcb8342.tif,0.051,1.111,0.523,0.495,199,605,77.905,0.173,2.869,0.348,0.827
5256,gcb8342.tif,0.666,3.084,0.880,1.073,139,622,75.069,0.812,1.301,0.769,0.951
5257,gcb8342.tif,0.303,2.063,0.896,0.755,460,615,74.055,0.518,1.387,0.721,0.950
5258,gcb8342.tif,0.441,2.783,0.715,1.093,655,625,71.565,0.569,1.986,0.503,0.913
5259,gcb8342.tif,0.322,2.361,0.727,0.844,839,620,34.992,0.513,1.714,0.583,0.875
5260,gcb8342.tif,0.297,2.178,0.788,0.761,916,621,50.528,0.598,1.338,0.748,0.909
5261,gcb8342.tif,0.252,1.925,0.855,0.733,14,603,98.130,0.449,1.578,0.634,0.925
5262,gcb8342.tif,0.066,0.952,0.910,0.386,564,605,153.435,0.242,1.609,0.622,0.917
5263,gcb8342.tif,0.102,1.775,0.405,0.788,84,623,52.125,0.240,4.555,0.220,0.664
5264,gcb8342.tif,0.340,2.255,0.841,0.763,173,606,95.194,0.634,1.190,0.840,0.899
5265,gcb8342.tif,0.076,1.001,0.958,0.367,336,614,41.186,0.311,1.137,0.879,0.914
5266,gcb8342.tif,0.633,3.935,0.514,1.134,751,606,127.569,0.871,1.334,0.749,0.833
5267,gcb8342.tif,1.617,8.526,0.279,2.659,666,676,62.103,1.361,2.121,0.471,0.616
5268,gcb8342.tif,0.399,2.645,0.717,0.990,497,614,102.095,0.510,2.047,0.489,0.916
5269,gcb8342.tif,0.352,2.385,0.778,0.930,512,615,105.068,0.525,1.834,0.545,0.915
5270,gcb8342.tif,0.087,1.185,0.780,0.461,949,621,12.995,0.294,1.580,0.633,0.825
5271,gcb8342.tif,0.689,3.875,0.577,1.466,867,659,81.870,0.713,2.060,0.485,0.853
5272,gcb8342.tif,0.111,1.481,0.636,0.518,894,618,126.870,0.346,1.536,0.651,0.798
5273,gcb8342.tif,0.407,2.417,0.876,0.886,802,643,69.444,0.622,1.384,0.722,0.939
5274,gcb8342.tif,1.586,7.076,0.398,2.566,923,657,27.255,1.269,2.367,0.423,0.744
5275,gcb8342.tif,3.089,13.421,0.216,4.788,584,621,140.565,1.530,3.814,0.262,0.540
5276,gcb8342.tif,0.103,1.441,0.622,0.588,990,620,130.236,0.285,2.178,0.459,0.819
5277,gcb8342.tif,0.266,3.020,0.367,1.040,550,635,21.448,0.551,2.182,0.458,0.625
5278,gcb8342.tif,0.189,1.990,0.598,0.821,921,632,14.621,0.386,2.435,0.411,0.790
5279,gcb8342.tif,0.449,3.268,0.528,1.053,40,650,48.991,0.821,1.707,0.586,0.781
5280,gcb8342.tif,0.124,1.628,0.589,0.637,336,637,40.601,0.342,2.308,0.433,0.759
5281,gcb8342.tif,0.867,4.652,0.503,1.227,452,656,57.653,0.999,1.134,0.882,0.869
5282,gcb8342.tif,0.140,1.770,0.561,0.767,181,634,172.235,0.242,3.495,0.286,0.870
5283,gcb8342.tif,0.064,1.404,0.411,0.634,257,640,29.358,0.205,3.839,0.261,0.706
5284,gcb8342.tif,0.104,1.343,0.724,0.595,87,647,35.538,0.261,2.510,0.398,0.888
5285,gcb8342.tif,0.148,1.551,0.774,0.631,581,639,170.538,0.346,1.848,0.541,0.879
5286,gcb8342.tif,0.307,2.670,0.541,0.909,717,637,98.746,0.484,1.910,0.523,0.844
5287,gcb8342.tif,0.836,3.659,0.785,1.202,414,673,71.565,0.954,1.256,0.796,0.930
5288,gcb8342.tif,0.260,2.756,0.431,1.073,733,647,165.069,0.375,3.378,0.296,0.781
5289,gcb8342.tif,0.431,2.670,0.760,1.040,902,672,74.578,0.607,1.827,0.547,0.909
5290,gcb8342.tif,0.053,1.185,0.470,0.498,776,644,146.310,0.224,2.535,0.395,0.677
5291,gcb8342.tif,1.494,5.965,0.528,2.138,38,697,55.539,1.099,2.180,0.459,0.873
5292,gcb8342.tif,0.494,2.641,0.891,0.922,367,648,102.995,0.723,1.293,0.773,0.939
5293,gcb8342.tif,0.064,1.058,0.723,0.416,394,648,94.764,0.242,1.751,0.571,0.844
5294,gcb8342.tif,0.067,1.148,0.638,0.464,511,664,63.435,0.237,2.022,0.495,0.783
5295,gcb8342.tif,0.252,1.913,0.865,0.700,11,653,110.225,0.553,1.272,0.786,0.921
5296,gcb8342.tif,0.646,4.053,0.494,1.649,862,695,56.976,0.732,2.687,0.372,0.810
5297,gcb8342.tif,0.161,1.775,0.643,0.719,982,659,144.782,0.391,2.044,0.489,0.844
5298,gcb8342.tif,0.628,3.809,0.544,1.376,731,657,128.884,0.725,1.953,0.512,0.803
5299,gcb8342.tif,0.494,3.015,0.683,1.215,246,658,104.826,0.587,2.065,0.484,0.908
5300,gcb8342.tif,0.921,5.894,0.333,1.756,533,708,79.796,0.987,2.183,0.458,0.662
5301,gcb8342.tif,0.062,1.217,0.527,0.557,431,675,60.255,0.201,3.528,0.283,0.776
5302,gcb8342.tif,0.135,1.962,0.441,0.705,528,661,101.310,0.368,2.125,0.471,0.687
5303,gcb8342.tif,1.340,4.638,0.783,1.619,929,661,106.113,1.129,1.430,0.699,0.928
5304,gcb8342.tif,0.061,1.038,0.710,0.403,696,664,120.964,0.244,1.426,0.701,0.829
5305,gcb8342.tif,0.405,2.564,0.774,0.973,570,694,83.884,0.582,1.758,0.569,0.913
5306,gcb8342.tif,0.564,3.130,0.723,1.121,965,695,56.310,0.667,1.680,0.595,0.914
5307,gcb8342.tif,0.824,3.435,0.878,1.213,455,672,109.983,0.929,1.300,0.769,0.945
5308,gcb8342.tif,1.032,4.497,0.641,1.620,271,673,101.070,0.983,1.700,0.588,0.896
5309,gcb8342.tif,0.801,4.335,0.536,1.527,339,676,95.194,0.795,2.082,0.480,0.852
5310,gcb8342.tif,0.250,2.226,0.633,0.855,376,683,165.964,0.456,2.011,0.497,0.810
5311,gcb8342.tif,0.057,0.932,0.829,0.367,493,677,131.186,0.260,1.453,0.688,0.850
5312,gcb8342.tif,0.060,1.058,0.670,0.443,882,692,51.340,0.244,1.852,0.540,0.806
5313,gcb8342.tif,0.405,3.981,0.321,1.458,433,686,121.430,0.722,2.548,0.392,0.592
5314,gcb8342.tif,0.068,1.079,0.735,0.403,377,704,30.964,0.278,1.519,0.658,0.832
5315,gcb8342.tif,0.424,2.446,0.891,0.867,604,700,113.499,0.657,1.313,0.762,0.938
5316,gcb8342.tif,0.057,1.099,0.597,0.433,827,711,61.390,0.247,1.931,0.518,0.756
5317,gcb8342.tif,0.196,1.746,0.807,0.671,713,704,168.111,0.393,1.742,0.574,0.914
5318,gcb8342.tif,0.056,1.001,0.704,0.437,632,703,108.435,0.173,2.317,0.432,0.904
5319,gcb8342.tif,0.235,1.905,0.815,0.732,881,705,160.710,0.449,1.591,0.629,0.914
5320,gcb8342.tif,0.176,2.206,0.453,0.853,489,720,31.759,0.459,2.158,0.463,0.690
5321,gcb8342.tif,0.330,3.297,0.381,1.225,841,719,16.390,0.534,2.764,0.362,0.701
5322,gcb8342.tif,0.110,1.237,0.902,0.440,959,707,135.000,0.380,1.043,0.958,0.898
5323,gcb8342.tif,0.055,0.892,0.868,0.361,998,725,163.301,0.242,1.566,0.639,0.860
5324,gcb8345.tif,1.081,5.311,0.482,1.534,308,21,157.479,1.156,1.223,0.818,0.843
5325,gcb8345.tif,0.334,2.474,0.686,0.870,195,28,83.157,0.538,1.573,0.636,0.886
5326,gcb8345.tif,0.530,2.865,0.812,1.093,709,7,145.305,0.670,1.697,0.589,0.917
5327,gcb8345.tif,0.295,2.132,0.815,0.748,168,22,56.310,0.518,1.369,0.731,0.922
5328,gcb8345.tif,0.433,2.670,0.764,0.984,685,4,108.435,0.615,1.675,0.597,0.903
5329,gcb8345.tif,0.171,1.766,0.688,0.679,655,28,75.256,0.380,1.825,0.548,0.905
5330,gcb8345.tif,0.499,3.357,0.556,1.311,769,48,71.565,0.579,2.688,0.372,0.836
5331,gcb8345.tif,0.730,4.416,0.470,1.470,562,39,29.578,0.931,1.458,0.686,0.777
5332,gcb8345.tif,0.318,2.270,0.774,0.897,1002,38,74.358,0.484,1.809,0.553,0.935
5333,gcb8345.tif,0.227,2.060,0.672,0.709,845,16,133.025,0.517,1.519,0.658,0.833
5334,gcb8345.tif,0.296,2.112,0.834,0.836,978,39,60.255,0.513,1.652,0.605,0.936
5335,gcb8345.tif,0.123,1.677,0.550,0.579,496,20,107.354,0.344,1.806,0.554,0.821
5336,gcb8345.tif,0.088,1.298,0.659,0.526,828,25,113.199,0.219,2.609,0.383,0.855
5337,gcb8345.tif,0.074,1.050,0.844,0.418,938,29,114.444,0.251,1.744,0.573,0.892
5338,gcb8345.tif,0.056,0.883,0.904,0.367,1012,39,48.814,0.244,1.515,0.660,0.895
5339,gcb8345.tif,0.093,1.400,0.597,0.575,103,48,57.265,0.259,2.771,0.361,0.780
5340,gcb8345.tif,0.085,1.139,0.821,0.464,954,35,153.435,0.276,1.789,0.559,0.904
5341,gcb8345.tif,0.330,2.218,0.842,0.842,702,35,109.179,0.587,1.377,0.726,0.908
5342,gcb8345.tif,3.190,11.537,0.301,3.715,361,43,170.362,1.700,2.334,0.428,0.768
5343,gcb8345.tif,0.228,2.088,0.657,0.788,721,56,37.875,0.452,1.916,0.522,0.829
5344,gcb8345.tif,0.161,1.571,0.821,0.612,491,40,106.390,0.380,1.625,0.615,0.903
5345,gcb8345.tif,0.067,1.010,0.825,0.451,318,43,147.529,0.230,2.120,0.472,0.882
5346,gcb8345.tif,0.091,1.197,0.796,0.470,819,51,17.103,0.311,1.507,0.664,0.849
5347,gcb8345.tif,0.572,4.220,0.404,1.668,994,45,103.173,0.610,3.282,0.305,0.751
5348,gcb8345.tif,1.059,7.761,0.221,1.951,161,56,157.068,1.398,1.313,0.762,0.574
5349,gcb8345.tif,0.377,4.835,0.203,1.676,764,50,171.703,0.671,3.442,0.291,0.472
5350,gcb8345.tif,0.187,1.974,0.605,0.798,90,73,72.350,0.346,2.405,0.416,0.844
5351,gcb8345.tif,0.605,3.507,0.618,1.261,119,63,9.462,0.812,1.505,0.664,0.864
5352,gcb8345.tif,1.069,4.241,0.747,1.412,575,55,111.541,1.019,1.430,0.699,0.935
5353,gcb8345.tif,0.167,1.628,0.793,0.635,670,54,112.380,0.415,1.677,0.596,0.897
5354,gcb8345.tif,0.318,2.520,0.629,1.026,724,75,32.619,0.467,2.452,0.408,0.862
5355,gcb8345.tif,1.376,8.688,0.229,2.851,620,141,83.737,1.680,2.227,0.449,0.473
5356,gcb8345.tif,0.425,3.191,0.525,1.046,888,62,97.595,0.631,1.831,0.546,0.805
5357,gcb8345.tif,0.271,2.275,0.658,0.961,463,86,52.306,0.419,2.510,0.398,0.880
5358,gcb8345.tif,0.746,3.263,0.881,1.182,844,63,105.255,0.795,1.448,0.691,0.962
5359,gcb8345.tif,0.426,2.572,0.810,0.983,806,92,79.875,0.622,1.624,0.616,0.922
5360,gcb8345.tif,0.334,3.081,0.443,1.130,386,66,113.429,0.530,2.330,0.429,0.755
5361,gcb8345.tif,4.779,11.808,0.431,3.850,438,157,49.733,2.318,1.545,0.647,0.752
5362,gcb8345.tif,1.494,6.964,0.387,1.794,646,122,74.358,1.262,1.521,0.658,0.845
5363,gcb8345.tif,0.064,1.205,0.558,0.386,81,78,169.695,0.276,1.139,0.878,0.777
5364,gcb8345.tif,1.384,4.908,0.722,1.813,771,74,97.667,1.169,1.525,0.656,0.934
5365,gcb8345.tif,0.279,2.198,0.727,0.809,67,82,109.983,0.481,1.760,0.568,0.888
5366,gcb8345.tif,0.485,3.052,0.654,1.226,558,84,111.501,0.565,2.396,0.417,0.867
5367,gcb8345.tif,0.333,2.304,0.789,0.780,931,106,77.196,0.665,1.058,0.945,0.886
5368,gcb8345.tif,0.129,1.294,0.967,0.481,524,86,111.038,0.380,1.161,0.861,0.911
5369,gcb8345.tif,0.238,1.827,0.895,0.689,960,86,107.526,0.449,1.463,0.683,0.936
5370,gcb8345.tif,0.110,1.217,0.932,0.443,271,97,38.660,0.380,1.060,0.943,0.911
5371,gcb8345.tif,1.488,9.457,0.209,3.186,52,131,24.341,1.205,3.716,0.269,0.493
5372,gcb8345.tif,0.597,3.549,0.596,1.253,146,122,65.556,0.855,1.748,0.572,0.820
5373,gcb8345.tif,0.960,4.416,0.619,1.804,672,141,69.829,0.819,2.243,0.446,0.885
5374,gcb8345.tif,0.296,2.909,0.440,0.920,719,100,145.713,0.726,1.315,0.761,0.693
5375,gcb8345.tif,2.387,8.495,0.416,3.261,807,103,99.762,1.158,3.701,0.270,0.768
5376,gcb8345.tif,1.039,3.964,0.831,1.388,400,144,71.114,1.018,1.386,0.722,0.939
5377,gcb8345.tif,0.523,3.276,0.612,1.114,711,139,82.875,0.684,1.639,0.610,0.867
5378,gcb8345.tif,0.285,3.598,0.277,0.997,337,137,75.964,0.594,1.864,0.536,0.627
5379,gcb8345.tif,0.066,0.981,0.858,0.346,992,110,126.870,0.276,1.084,0.923,0.866
5380,gcb8345.tif,1.685,5.397,0.727,1.989,844,112,107.176,1.194,1.719,0.582,0.916
5381,gcb8345.tif,0.668,3.165,0.837,1.192,902,150,73.142,0.726,1.597,0.626,0.954
5382,gcb8345.tif,1.425,4.871,0.755,1.696,173,169,86.496,1.113,1.483,0.674,0.935
5383,gcb8345.tif,0.842,4.306,0.571,1.295,85,123,99.211,1.002,1.146,0.872,0.861
5384,gcb8345.tif,2.271,7.109,0.565,2.500,737,125,130.515,1.434,1.748,0.572,0.893
5385,gcb8345.tif,0.505,2.885,0.762,1.162,686,156,67.249,0.665,1.784,0.561,0.934
5386,gcb8345.tif,0.053,1.225,0.440,0.503,272,126,105.945,0.207,2.792,0.358,0.693
5387,gcb8345.tif,0.180,1.680,0.802,0.671,992,126,101.889,0.346,1.901,0.526,0.929
5388,gcb8345.tif,0.367,2.291,0.878,0.855,931,128,104.036,0.518,1.561,0.640,0.959
5389,gcb8345.tif,0.109,1.229,0.905,0.481,975,141,68.962,0.276,1.620,0.617,0.953
5390,gcb8345.tif,0.546,3.590,0.532,1.239,336,150,30.141,0.723,2.121,0.471,0.802
5391,gcb8345.tif,1.779,5.682,0.693,1.938,570,134,111.991,1.366,1.493,0.670,0.893
5392,gcb8345.tif,0.727,4.338,0.486,1.488,530,139,120.735,0.744,2.005,0.499,0.804
5393,gcb8345.tif,0.405,3.162,0.509,1.265,664,141,124.992,0.525,3.005,0.333,0.799
5394,gcb8345.tif,0.312,2.291,0.746,0.888,58,167,76.504,0.484,1.951,0.513,0.917
5395,gcb8345.tif,0.112,1.315,0.816,0.529,227,142,101.310,0.298,1.811,0.552,0.883
5396,gcb8345.tif,0.161,1.790,0.632,0.763,795,143,95.194,0.276,2.930,0.341,0.909
5397,gcb8345.tif,0.094,1.188,0.840,0.481,702,159,68.962,0.276,1.873,0.534,0.913
5398,gcb8345.tif,0.519,3.964,0.415,1.239,131,149,112.989,0.801,1.322,0.757,0.760
5399,gcb8345.tif,0.949,4.972,0.483,1.668,402,155,129.958,1.013,1.861,0.537,0.756
5400,gcb8345.tif,0.413,2.658,0.735,0.907,461,162,17.745,0.699,1.340,0.746,0.859
5401,gcb8345.tif,0.662,4.303,0.449,1.601,968,155,147.339,0.806,2.047,0.488,0.784
5402,gcb8345.tif,0.185,1.803,0.715,0.729,872,174,58.570,0.391,2.034,0.492,0.864
5403,gcb8345.tif,0.221,1.758,0.898,0.664,906,173,51.340,0.489,1.330,0.752,0.934
5404,gcb8345.tif,0.610,5.344,0.268,1.722,501,159,100.408,0.726,2.545,0.393,0.622
5405,gcb8345.tif,0.054,0.932,0.777,0.382,727,160,95.194,0.207,1.656,0.604,0.857
5406,gcb8345.tif,0.598,3.605,0.578,1.202,341,170,161.565,0.689,1.775,0.563,0.877
5407,gcb8345.tif,0.321,3.049,0.434,1.162,449,165,112.751,0.486,2.939,0.340,0.722
5408,gcb8345.tif,0.191,2.125,0.532,0.864,321,166,126.870,0.380,2.636,0.379,0.780
5409,gcb8345.tif,0.087,1.208,0.750,0.433,221,168,118.610,0.311,1.287,0.777,0.869
5410,gcb8345.tif,1.428,5.552,0.582,1.950,82,171,97.125,1.267,1.594,0.627,0.862
5411,gcb8345.tif,0.061,0.940,0.865,0.374,715,171,123.690,0.263,1.528,0.654,0.836
5412,gcb8345.tif,0.129,1.660,0.588,0.733,50,178,8.130,0.261,3.031,0.330,0.840
5413,gcb8345.tif,0.241,2.039,0.729,0.790,733,177,156.801,0.449,1.864,0.537,0.884
5414,gcb8345.tif,0.144,1.685,0.639,0.682,870,190,59.534,0.326,2.361,0.424,0.823
5415,gcb8345.tif,0.730,3.797,0.636,1.410,958,174,107.103,0.759,1.975,0.506,0.856
5416,gcb8345.tif,0.505,2.946,0.731,1.104,304,207,69.864,0.743,1.501,0.666,0.916
5417,gcb8345.tif,0.637,4.217,0.450,1.126,658,177,107.879,0.914,1.201,0.833,0.808
5418,gcb8345.tif,0.263,2.092,0.755,0.867,107,178,113.499,0.468,1.869,0.535,0.907
5419,gcb8345.tif,0.492,3.211,0.600,1.173,190,212,76.373,0.645,2.012,0.497,0.805
5420,gcb8345.tif,0.205,2.491,0.416,0.758,528,182,114.228,0.551,1.392,0.719,0.683
5421,gcb8345.tif,0.088,1.424,0.547,0.597,179,187,100.008,0.207,3.028,0.330,0.871
5422,gcb8345.tif,0.166,1.628,0.787,0.643,752,202,36.254,0.391,1.780,0.562,0.894
5423,gcb8345.tif,0.125,1.473,0.726,0.604,478,191,113.629,0.311,1.955,0.512,0.905
5424,gcb8345.tif,0.260,1.990,0.826,0.777,775,212,69.146,0.464,1.700,0.588,0.910
5425,gcb8345.tif,0.396,2.425,0.847,0.864,707,194,126.870,0.645,1.297,0.771,0.916
5426,gcb8345.tif,0.334,2.474,0.686,0.836,842,193,119.745,0.667,1.256,0.796,0.855
5427,gcb8345.tif,0.064,1.343,0.449,0.527,928,196,121.608,0.248,2.852,0.351,0.692
5428,gcb8345.tif,0.084,1.384,0.549,0.546,400,211,71.565,0.236,2.942,0.340,0.761
5429,gcb8345.tif,0.062,1.197,0.545,0.443,435,196,141.340,0.297,1.658,0.603,0.743
5430,gcb8345.tif,0.075,1.176,0.683,0.394,452,204,37.875,0.311,1.353,0.739,0.829
5431,gcb8345.tif,0.376,3.073,0.501,1.149,894,197,136.219,0.601,2.584,0.387,0.739
5432,gcb8345.tif,0.871,3.662,0.816,1.303,367,235,68.199,0.937,1.364,0.733,0.940
5433,gcb8345.tif,0.113,1.225,0.950,0.451,868,212,32.471,0.367,1.257,0.796,0.913
5434,gcb8345.tif,0.712,5.336,0.314,1.334,125,228,36.573,0.959,1.628,0.614,0.753
5435,gcb8345.tif,0.064,0.952,0.894,0.352,327,212,78.690,0.242,1.281,0.780,0.885
5436,gcb8345.tif,1.200,4.815,0.650,1.467,416,202,105.018,1.207,1.196,0.836,0.882
5437,gcb8345.tif,0.140,1.461,0.822,0.575,734,214,32.735,0.364,1.630,0.614,0.897
5438,gcb8345.tif,0.158,1.669,0.711,0.646,794,203,105.524,0.380,1.513,0.661,0.857
5439,gcb8345.tif,0.244,1.974,0.786,0.722,682,224,73.301,0.449,1.551,0.645,0.925
5440,gcb8345.tif,0.473,2.552,0.913,0.940,213,208,107.103,0.691,1.306,0.766,0.952
5441,gcb8345.tif,0.067,1.030,0.792,0.433,525,216,28.610,0.239,1.865,0.536,0.875
5442,gcb8345.tif,0.098,1.591,0.486,0.679,937,231,75.256,0.237,3.327,0.301,0.796
5443,gcb8345.tif,0.688,3.357,0.767,1.233,879,249,78.690,0.860,1.403,0.713,0.915
5444,gcb8345.tif,0.199,2.589,0.374,0.978,552,217,122.005,0.376,3.152,0.317,0.703
5445,gcb8345.tif,1.252,4.224,0.882,1.393,602,217,113.385,1.232,1.049,0.953,0.960
5446,gcb8345.tif,0.162,1.775,0.648,0.700,975,234,57.095,0.415,1.839,0.544,0.819
5447,gcb8345.tif,0.250,2.215,0.640,0.773,750,224,153.435,0.479,1.829,0.547,0.846
5448,gcb8345.tif,1.833,9.160,0.275,2.675,290,222,151.449,1.449,1.592,0.628,0.711
5449,gcb8345.tif,0.142,1.648,0.657,0.631,528,230,9.462,0.349,2.019,0.495,0.810
5450,gcb8345.tif,0.327,2.198,0.851,0.773,774,222,116.565,0.634,1.232,0.812,0.910
5451,gcb8345.tif,0.115,1.225,0.960,0.437,472,223,108.435,0.380,1.108,0.903,0.923
5452,gcb8345.tif,1.228,4.618,0.723,1.509,501,224,105.945,1.057,1.352,0.740,0.918
5453,gcb8345.tif,0.119,1.726,0.504,0.634,167,225,119.358,0.328,2.141,0.467,0.775
5454,gcb8345.tif,0.888,4.151,0.648,1.286,256,228,120.700,1.092,1.204,0.831,0.862
5455,gcb8345.tif,0.056,0.940,0.798,0.356,744,240,60.945,0.248,1.549,0.646,0.803
5456,gcb8345.tif,0.533,3.313,0.610,1.350,790,262,50.194,0.611,2.506,0.399,0.879
5457,gcb8345.tif,1.748,5.228,0.804,1.762,130,283,61.928,1.422,1.252,0.799,0.933
5458,gcb8345.tif,1.434,5.705,0.554,2.033,192,241,107.819,1.071,1.761,0.568,0.872
5459,gcb8345.tif,0.529,4.449,0.336,1.058,378,246,141.633,0.820,1.298,0.770,0.786
5460,gcb8345.tif,0.856,4.289,0.585,1.609,450,287,75.069,0.864,1.854,0.540,0.824
5461,gcb8345.tif,0.300,2.178,0.794,0.804,543,242,115.463,0.570,1.449,0.690,0.867
5462,gcb8345.tif,0.472,2.828,0.741,1.175,933,242,118.072,0.613,1.913,0.523,0.934
5463,gcb8345.tif,1.478,4.883,0.779,1.802,416,289,57.529,1.244,1.375,0.727,0.953
5464,gcb8345.tif,0.070,1.070,0.773,0.437,230,246,108.435,0.207,1.961,0.510,0.901
5465,gcb8345.tif,0.297,3.420,0.320,1.040,742,259,15.422,0.583,2.041,0.490,0.653
5466,gcb8345.tif,1.082,6.475,0.324,1.956,670,266,162.525,1.086,1.666,0.600,0.696
5467,gcb8345.tif,0.073,1.050,0.830,0.420,577,260,9.462,0.242,1.623,0.616,0.878
5468,gcb8345.tif,0.177,1.827,0.665,0.755,231,261,105.945,0.318,2.563,0.390,0.886
5469,gcb8345.tif,0.074,1.197,0.650,0.461,642,262,102.995,0.242,2.000,0.500,0.810
5470,gcb8345.tif,0.057,0.892,0.906,0.356,728,269,29.055,0.259,1.476,0.678,0.857
5471,gcb8345.tif,2.028,5.464,0.853,1.797,596,314,67.380,1.520,1.120,0.893,0.963
5472,gcb8345.tif,0.057,0.912,0.866,0.328,561,269,161.565,0.276,1.153,0.867,0.842
5473,gcb8345.tif,0.119,1.453,0.711,0.605,544,282,30.964,0.340,1.732,0.577,0.847
5474,gcb8345.tif,0.537,2.771,0.880,0.944,269,300,66.251,0.723,1.261,0.793,0.948
5475,gcb8345.tif,0.788,4.517,0.485,1.762,560,325,78.690,0.721,2.566,0.390,0.807
5476,gcb8345.tif,0.966,5.690,0.375,1.467,300,287,164.982,1.129,1.291,0.774,0.769
5477,gcb8345.tif,0.257,1.974,0.828,0.746,796,277,103.392,0.484,1.626,0.615,0.907
5478,gcb8345.tif,2.298,6.255,0.738,2.332,484,346,83.191,1.295,1.801,0.555,0.947
5479,gcb8345.tif,0.757,3.435,0.806,1.286,922,281,96.170,0.829,1.580,0.633,0.936
5480,gcb8345.tif,0.096,1.156,0.898,0.433,988,288,28.610,0.325,1.350,0.741,0.870
5481,gcb8345.tif,0.359,2.992,0.505,1.031,871,282,103.570,0.561,1.894,0.528,0.801
5482,gcb8345.tif,3.046,13.407,0.213,3.221,163,286,99.260,1.894,1.918,0.521,0.708
5483,gcb8345.tif,0.842,5.420,0.360,1.561,518,334,84.920,0.898,1.822,0.549,0.784
5484,gcb8345.tif,0.302,2.023,0.928,0.700,736,290,122.905,0.618,1.111,0.900,0.937
5485,gcb8345.tif,0.248,1.974,0.801,0.783,771,290,138.576,0.485,1.656,0.604,0.904
5486,gcb8345.tif,0.144,1.763,0.584,0.788,631,311,52.125,0.269,3.277,0.305,0.826
5487,gcb8345.tif,0.093,1.205,0.806,0.495,666,295,155.225,0.263,1.999,0.500,0.867
5488,gcb8345.tif,0.627,3.268,0.738,1.323,382,297,139.236,0.642,2.087,0.479,0.932
5489,gcb8345.tif,0.051,0.932,0.743,0.361,352,298,106.699,0.207,1.641,0.610,0.860
5490,gcb8345.tif,0.736,6.251,0.237,2.319,74,328,24.656,0.881,2.504,0.399,0.594
5491,gcb8345.tif,0.234,2.813,0.372,0.767,426,305,144.162,0.553,1.641,0.609,0.699
5492,gcb8345.tif,3.722,14.016,0.238,3.698,651,304,113.691,1.781,2.371,0.422,0.726
5493,gcb8345.tif,0.148,2.491,0.300,0.855,701,330,75.964,0.380,2.525,0.396,0.612
5494,gcb8345.tif,0.760,6.072,0.259,1.585,225,309,110.410,0.964,1.906,0.525,0.637
5495,gcb8345.tif,2.016,5.916,0.724,2.099,265,312,110.225,1.347,1.517,0.659,0.913
5496,gcb8345.tif,1.197,5.103,0.577,1.960,368,315,130.711,1.033,1.774,0.564,0.842
5497,gcb8345.tif,1.496,4.768,0.827,1.735,591,352,35.272,1.140,1.473,0.679,0.963
5498,gcb8345.tif,0.560,3.027,0.768,1.213,354,357,70.017,0.630,1.978,0.506,0.938
5499,gcb8345.tif,1.721,5.262,0.781,1.906,96,327,94.160,1.210,1.502,0.666,0.941
5500,gcb8345.tif,0.804,6.341,0.251,1.500,309,365,61.074,1.126,1.219,0.821,0.649
5501,gcb8345.tif,0.574,5.291,0.258,1.784,50,379,68.405,0.668,3.640,0.275,0.655
5502,gcb8345.tif,0.674,5.120,0.323,1.867,430,333,128.991,0.589,3.712,0.269,0.746
5503,gcb8345.tif,0.189,2.174,0.502,0.810,205,335,129.806,0.391,2.138,0.468,0.771
5504,gcb8345.tif,0.178,1.680,0.792,0.671,548,342,11.889,0.346,1.944,0.514,0.920
5505,gcb8345.tif,0.185,1.787,0.729,0.660,748,357,47.121,0.449,1.440,0.694,0.873
5506,gcb8345.tif,0.051,0.822,0.954,0.309,129,349,26.565,0.244,1.251,0.799,0.878
5507,gcb8345.tif,0.128,2.284,0.308,0.796,645,344,145.620,0.438,1.902,0.526,0.559
5508,gcb8345.tif,0.674,3.271,0.791,1.103,893,365,32.196,0.864,1.278,0.782,0.910
5509,gcb8345.tif,0.057,1.038,0.668,0.464,27,351,153.435,0.185,2.844,0.352,0.814
5510,gcb8345.tif,1.238,5.697,0.480,2.444,478,385,28.740,0.872,3.076,0.325,0.841
5511,gcb8345.tif,0.511,3.098,0.669,1.130,619,360,156.571,0.671,1.844,0.542,0.851
5512,gcb8345.tif,0.207,1.787,0.813,0.712,343,353,112.834,0.426,1.773,0.564,0.911
5513,gcb8345.tif,1.837,9.796,0.241,3.509,375,443,62.425,1.162,4.002,0.250,0.558
5514,gcb8345.tif,0.137,1.717,0.585,0.579,243,365,17.354,0.453,1.509,0.663,0.728
5515,gcb8345.tif,0.399,3.797,0.348,1.398,360,374,8.531,0.720,2.314,0.432,0.564
5516,gcb8345.tif,1.624,6.218,0.528,2.028,200,413,81.180,1.175,1.793,0.558,0.879
5517,gcb8345.tif,1.419,5.173,0.666,1.685,524,389,28.142,1.212,1.420,0.704,0.864
5518,gcb8345.tif,0.183,1.657,0.837,0.579,969,372,72.646,0.449,1.215,0.823,0.905
5519,gcb8345.tif,0.576,3.044,0.781,1.180,231,360,95.042,0.670,1.748,0.572,0.931
5520,gcb8345.tif,0.129,1.404,0.822,0.595,871,362,125.538,0.325,1.838,0.544,0.908
5521,gcb8345.tif,0.746,3.548,0.745,1.239,7,370,149.859,0.898,1.275,0.785,0.898
5522,gcb8345.tif,0.508,2.722,0.861,0.990,256,387,24.775,0.703,1.385,0.722,0.938
5523,gcb8345.tif,0.596,3.101,0.779,1.116,304,376,163.811,0.864,1.269,0.788,0.904
5524,gcb8345.tif,0.075,1.079,0.813,0.451,66,376,147.529,0.247,1.975,0.506,0.851
5525,gcb8345.tif,1.304,6.541,0.383,1.716,136,389,152.403,1.384,1.277,0.783,0.752
5526,gcb8345.tif,0.182,1.766,0.731,0.665,938,397,62.103,0.426,1.605,0.623,0.886
5527,gcb8345.tif,0.500,2.946,0.724,1.175,368,397,24.305,0.618,1.980,0.505,0.911
5528,gcb8345.tif,0.119,1.579,0.602,0.671,614,383,145.491,0.284,2.312,0.433,0.816
5529,gcb8345.tif,5.688,12.958,0.426,3.747,6,430,14.421,2.403,1.613,0.620,0.853
5530,gcb8345.tif,0.209,2.088,0.602,0.837,965,384,128.290,0.440,1.864,0.537,0.839
5531,gcb8345.tif,0.762,4.534,0.466,1.620,441,431,78.930,0.766,2.473,0.404,0.775
5532,gcb8345.tif,0.060,0.932,0.864,0.374,952,393,33.690,0.229,1.753,0.570,0.885
5533,gcb8345.tif,2.244,6.900,0.592,2.364,484,403,164.745,1.431,1.461,0.684,0.859
5534,gcb8345.tif,0.401,3.656,0.377,1.314,846,393,125.362,0.611,2.915,0.343,0.646
5535,gcb8345.tif,0.324,2.499,0.651,0.930,748,393,105.068,0.568,1.731,0.578,0.856
5536,gcb8345.tif,0.170,1.648,0.784,0.597,309,404,169.992,0.413,1.506,0.664,0.874
5537,gcb8345.tif,0.449,3.679,0.417,1.221,461,433,64.885,0.699,2.027,0.493,0.761
5538,gcb8345.tif,0.712,3.475,0.741,1.192,332,426,16.858,0.922,1.285,0.778,0.922
5539,gcb8345.tif,0.281,3.501,0.288,0.806,788,417,30.964,0.612,1.457,0.686,0.715
5540,gcb8345.tif,0.445,2.543,0.865,0.912,627,428,52.696,0.695,1.307,0.765,0.929
5541,gcb8345.tif,1.644,8.533,0.284,2.667,662,455,31.218,1.134,2.570,0.389,0.728
5542,gcb8345.tif,0.315,2.258,0.777,0.836,236,429,60.255,0.554,1.601,0.625,0.915
5543,gcb8345.tif,0.057,0.932,0.829,0.326,570,412,147.995,0.268,1.177,0.849,0.850
5544,gcb8345.tif,0.633,3.150,0.802,1.182,841,409,105.255,0.760,1.540,0.650,0.936
5545,gcb8345.tif,0.216,2.181,0.571,0.915,147,422,10.886,0.410,2.624,0.381,0.815
5546,gcb8345.tif,0.754,3.610,0.727,1.207,108,443,23.629,0.994,1.136,0.880,0.879
5547,gcb8345.tif,0.112,1.746,0.463,0.604,986,417,156.371,0.340,2.352,0.425,0.694
5548,gcb8345.tif,0.523,3.866,0.440,1.381,958,417,121.701,0.751,1.929,0.518,0.735
5549,gcb8345.tif,0.355,2.296,0.846,0.855,919,442,75.964,0.622,1.457,0.686,0.908
5550,gcb8345.tif,0.244,1.835,0.909,0.652,183,433,32.005,0.518,1.231,0.813,0.929
5551,gcb8345.tif,0.069,1.042,0.802,0.437,664,437,71.565,0.207,2.061,0.485,0.921
5552,gcb8345.tif,0.176,2.206,0.453,0.930,497,426,111.801,0.320,3.673,0.272,0.788
5553,gcb8345.tif,0.130,1.363,0.880,0.489,298,430,98.130,0.380,1.138,0.879,0.897
5554,gcb8345.tif,0.742,3.651,0.699,1.399,314,431,122.905,0.754,1.995,0.501,0.892
5555,gcb8345.tif,0.536,2.833,0.839,1.067,532,453,29.055,0.684,1.572,0.636,0.933
5556,gcb8345.tif,0.631,3.125,0.811,1.173,201,465,76.373,0.719,1.623,0.616,0.945
5557,gcb8345.tif,2.403,6.288,0.764,2.257,474,433,101.482,1.521,1.534,0.652,0.942
5558,gcb8345.tif,0.344,2.950,0.497,1.241,425,435,102.875,0.449,3.517,0.284,0.790
5559,gcb8345.tif,0.133,1.571,0.675,0.623,647,435,109.440,0.346,1.932,0.518,0.831
5560,gcb8345.tif,0.313,2.100,0.892,0.809,223,458,70.017,0.553,1.436,0.697,0.937
5561,gcb8345.tif,0.068,1.021,0.820,0.394,604,436,105.255,0.242,1.723,0.580,0.877
5562,gcb8345.tif,0.133,1.502,0.739,0.667,764,436,158.749,0.307,2.263,0.442,0.902
5563,gcb8345.tif,1.109,6.848,0.297,2.656,442,438,108.199,0.916,4.154,0.241,0.669
5564,gcb8345.tif,0.053,0.981,0.686,0.418,513,443,114.444,0.193,2.358,0.424,0.807
5565,gcb8345.tif,0.867,3.728,0.784,1.342,812,445,124.509,0.923,1.502,0.666,0.921
5566,gcb8345.tif,0.173,2.307,0.409,0.990,347,446,114.775,0.327,3.513,0.285,0.714
5567,gcb8345.tif,0.207,1.677,0.923,0.612,366,456,16.390,0.484,1.187,0.843,0.920
5568,gcb8345.tif,0.779,4.546,0.474,1.792,402,449,123.996,0.661,3.319,0.301,0.791
5569,gcb8345.tif,0.091,1.571,0.462,0.667,741,450,111.251,0.218,3.638,0.275,0.784
5570,gcb8345.tif,0.146,1.473,0.844,0.540,759,450,140.194,0.415,1.240,0.807,0.897
5571,gcb8345.tif,0.075,1.070,0.825,0.420,783,452,170.538,0.242,1.634,0.612,0.881
5572,gcb8345.tif,0.162,1.884,0.575,0.821,858,472,67.751,0.339,2.363,0.423,0.850
5573,gcb8345.tif,0.416,3.887,0.346,1.192,16,451,106.858,0.919,1.183,0.845,0.609
5574,gcb8345.tif,0.211,2.365,0.475,0.896,119,451,117.553,0.448,2.569,0.389,0.730
5575,gcb8345.tif,0.869,3.544,0.870,1.200,701,454,131.496,0.996,1.174,0.852,0.946
5576,gcb8345.tif,0.442,2.914,0.654,0.920,602,461,145.713,0.796,1.051,0.952,0.841
5577,gcb8345.tif,1.361,6.300,0.431,1.804,545,496,53.569,1.211,1.662,0.602,0.802
5578,gcb8345.tif,1.321,7.765,0.275,1.886,632,458,118.443,1.096,1.796,0.557,0.732
5579,gcb8345.tif,0.155,1.746,0.640,0.665,1010,457,98.973,0.409,1.610,0.621,0.790
5580,gcb8345.tif,1.679,6.336,0.526,2.081,238,461,125.538,1.253,1.585,0.631,0.854
5581,gcb8345.tif,0.067,1.335,0.472,0.503,113,460,105.945,0.207,3.009,0.332,0.772
5582,gcb8345.tif,0.353,2.238,0.887,0.789,68,463,118.811,0.622,1.158,0.863,0.931
5583,gcb8345.tif,0.129,1.453,0.768,0.557,976,479,60.255,0.349,1.638,0.611,0.885
5584,gcb8345.tif,1.845,5.852,0.677,2.015,781,524,84.094,1.169,1.741,0.574,0.915
5585,gcb8345.tif,0.295,2.014,0.914,0.712,195,476,157.166,0.553,1.209,0.827,0.950
5586,gcb8345.tif,0.391,3.118,0.505,1.227,49,474,122.347,0.561,2.645,0.378,0.771
5587,gcb8345.tif,0.368,2.250,0.913,0.806,336,494,59.036,0.622,1.219,0.820,0.952
5588,gcb8345.tif,0.129,1.392,0.836,0.588,183,480,139.764,0.318,1.900,0.526,0.893
5589,gcb8345.tif,0.808,5.009,0.405,1.743,368,489,166.239,0.826,2.389,0.419,0.760
5590,gcb8345.tif,0.817,3.504,0.836,1.113,937,512,53.842,1.015,1.120,0.893,0.930
5591,gcb8345.tif,0.068,1.010,0.839,0.404,1011,484,160.017,0.242,1.572,0.636,0.870
5592,gcb8345.tif,0.430,2.666,0.760,0.964,520,485,104.534,0.726,1.244,0.804,0.873
5593,gcb8345.tif,0.081,1.148,0.775,0.464,815,487,116.565,0.295,1.611,0.621,0.834
5594,gcb8345.tif,0.258,2.002,0.809,0.691,77,506,53.130,0.535,1.307,0.765,0.874
5595,gcb8345.tif,0.769,4.428,0.493,1.500,729,491,104.676,0.901,1.931,0.518,0.813
5596,gcb8345.tif,0.787,3.472,0.820,1.249,604,530,75.579,0.927,1.355,0.738,0.924
5597,gcb8345.tif,0.678,3.553,0.675,1.286,352,529,53.746,0.899,1.563,0.640,0.870
5598,gcb8345.tif,0.084,1.070,0.917,0.404,977,498,109.983,0.276,1.452,0.689,0.915
5599,gcb8345.tif,0.580,4.775,0.320,1.728,203,507,126.870,0.669,2.970,0.337,0.639
5600,gcb8345.tif,0.358,2.848,0.555,1.207,751,502,103.241,0.448,2.893,0.346,0.888
5601,gcb8345.tif,0.107,1.384,0.705,0.570,287,509,14.036,0.267,2.240,0.446,0.861
5602,gcb8345.tif,0.055,0.912,0.830,0.361,858,514,73.301,0.242,1.185,0.844,0.844
5603,gcb8345.tif,0.102,1.283,0.776,0.510,66,509,151.699,0.318,1.852,0.540,0.850
5604,gcb8345.tif,0.559,3.186,0.692,1.301,665,544,79.287,0.587,2.246,0.445,0.932
5605,gcb8345.tif,0.681,4.468,0.428,1.898,695,508,123.111,0.606,3.157,0.317,0.801
5606,gcb8345.tif,0.894,3.573,0.880,1.268,46,509,107.447,1.002,1.196,0.836,0.947
5607,gcb8345.tif,5.374,17.279,0.226,3.744,368,549,170.972,2.708,1.633,0.612,0.667
5608,gcb8345.tif,0.195,2.413,0.420,0.855,827,514,104.036,0.484,1.708,0.585,0.713
5609,gcb8345.tif,0.066,1.050,0.749,0.470,239,516,143.973,0.216,2.425,0.412,0.853
5610,gcb8345.tif,0.718,3.544,0.718,1.271,634,517,112.380,0.793,1.683,0.594,0.901
5611,gcb8345.tif,0.494,3.736,0.445,1.036,535,534,25.710,0.747,1.519,0.658,0.845
5612,gcb8345.tif,0.462,4.608,0.274,1.733,848,517,113.499,0.582,3.655,0.274,0.602
5613,gcb8345.tif,0.386,2.328,0.895,0.837,456,520,128.290,0.665,1.245,0.803,0.936
5614,gcb8345.tif,0.070,1.070,0.773,0.420,273,526,170.538,0.242,1.696,0.590,0.843
5615,gcb8345.tif,0.265,2.385,0.586,0.922,499,532,12.995,0.502,1.854,0.539,0.784
5616,gcb8345.tif,0.161,2.226,0.409,0.712,284,531,14.036,0.529,1.318,0.759,0.678
5617,gcb8345.tif,2.673,11.410,0.258,2.690,919,539,137.083,2.072,1.347,0.743,0.650
5618,gcb8345.tif,0.098,1.245,0.793,0.464,900,527,116.565,0.328,1.466,0.682,0.877
5619,gcb8345.tif,0.140,1.636,0.656,0.665,241,532,152.103,0.324,2.303,0.434,0.824
5620,gcb8345.tif,0.651,3.570,0.642,1.355,614,531,109.359,0.783,1.811,0.552,0.868
5621,gcb8345.tif,0.229,1.787,0.903,0.682,770,544,30.466,0.449,1.484,0.674,0.941
5622,gcb8345.tif,0.316,2.543,0.615,1.005,307,548,26.565,0.480,1.980,0.505,0.875
5623,gcb8345.tif,1.047,6.165,0.346,1.809,781,582,61.477,1.116,2.194,0.456,0.705
5624,gcb8345.tif,2.755,10.391,0.321,3.126,498,545,174.289,1.876,1.925,0.519,0.707
5625,gcb8345.tif,0.164,1.522,0.888,0.587,995,553,61.928,0.400,1.468,0.681,0.919
5626,gcb8345.tif,0.131,1.412,0.828,0.526,239,550,23.199,0.391,1.387,0.721,0.898
5627,gcb8345.tif,0.399,3.059,0.536,1.329,822,540,98.973,0.415,3.219,0.311,0.918
5628,gcb8345.tif,0.066,1.360,0.446,0.449,283,556,22.620,0.281,1.904,0.525,0.701
5629,gcb8345.tif,4.038,12.668,0.316,4.495,362,551,106.066,1.572,3.215,0.311,0.725
5630,gcb8345.tif,0.161,2.063,0.476,0.832,973,554,94.764,0.311,3.350,0.299,0.794
5631,gcb8345.tif,0.509,3.032,0.695,1.051,332,555,99.462,0.760,1.458,0.686,0.861
5632,gcb8345.tif,1.000,3.834,0.854,1.383,673,568,167.005,0.982,1.318,0.759,0.942
5633,gcb8345.tif,0.601,3.651,0.566,1.106,891,558,128.660,0.898,1.280,0.781,0.793
5634,gcb8345.tif,0.110,1.441,0.665,0.481,276,560,111.038,0.371,1.401,0.714,0.836
5635,gcb8345.tif,0.070,1.119,0.707,0.481,717,561,111.038,0.242,2.297,0.435,0.849
5636,gcb8345.tif,2.188,5.837,0.807,2.028,585,621,76.201,1.492,1.365,0.733,0.938
5637,gcb8345.tif,0.392,2.405,0.851,0.907,803,593,72.255,0.579,1.590,0.629,0.933
5638,gcb8345.tif,1.843,10.259,0.220,1.946,225,574,123.408,1.555,1.202,0.832,0.755
5639,gcb8345.tif,0.260,2.865,0.399,0.949,485,586,33.111,0.445,2.735,0.366,0.762
5640,gcb8345.tif,0.199,2.210,0.513,0.904,633,581,6.582,0.371,2.915,0.343,0.780
5641,gcb8345.tif,1.723,8.958,0.270,2.349,272,626,26.188,1.582,1.631,0.613,0.641
5642,gcb8345.tif,0.331,2.198,0.861,0.777,989,574,122.276,0.635,1.224,0.817,0.914
5643,gcb8345.tif,0.061,0.961,0.829,0.394,384,590,52.125,0.244,1.577,0.634,0.864
5644,gcb8345.tif,0.984,5.173,0.462,1.850,668,585,122.800,0.918,2.037,0.491,0.796
5645,gcb8345.tif,0.309,2.373,0.690,0.864,491,602,36.870,0.577,1.443,0.693,0.878
5646,gcb8345.tif,0.073,1.245,0.590,0.514,421,589,132.274,0.262,2.203,0.454,0.753
5647,gcb8345.tif,0.086,1.754,0.351,0.604,648,591,156.371,0.283,2.451,0.408,0.670
5648,gcb8345.tif,0.106,1.636,0.499,0.686,734,591,130.914,0.293,2.276,0.439,0.754
5649,gcb8345.tif,2.403,7.305,0.566,2.536,645,594,107.447,1.564,1.710,0.585,0.839
5650,gcb8345.tif,0.153,2.462,0.317,0.881,852,619,78.690,0.365,2.875,0.348,0.629
5651,gcb8345.tif,0.057,1.185,0.513,0.443,526,595,141.340,0.263,1.841,0.543,0.686
5652,gcb8345.tif,0.871,5.254,0.396,1.507,943,632,53.393,1.031,1.455,0.687,0.808
5653,gcb8345.tif,0.144,1.660,0.659,0.671,720,619,78.111,0.276,2.449,0.408,0.893
5654,gcb8345.tif,0.201,2.540,0.391,0.912,303,631,37.304,0.412,2.865,0.349,0.707
5655,gcb8345.tif,0.051,0.912,0.776,0.403,742,625,59.036,0.216,2.051,0.488,0.851
5656,gcb8345.tif,0.256,2.100,0.728,0.853,873,631,31.759,0.474,1.937,0.516,0.872
5657,gcb8345.tif,0.166,1.481,0.950,0.514,548,618,109.654,0.449,1.132,0.884,0.921
5658,gcb8345.tif,0.072,1.225,0.600,0.394,792,626,37.875,0.311,1.176,0.850,0.774
5659,gcb8345.tif,0.552,2.918,0.815,1.008,607,647,67.834,0.760,1.295,0.772,0.930
5660,gcb8345.tif,0.128,1.591,0.634,0.660,468,627,173.991,0.276,2.335,0.428,0.870
5661,gcb8345.tif,0.260,2.409,0.564,0.909,134,625,98.746,0.484,2.194,0.456,0.809
5662,gcb8345.tif,0.228,1.953,0.751,0.700,79,632,159.775,0.518,1.248,0.801,0.872
5663,gcb8345.tif,0.659,4.306,0.447,1.258,225,657,52.815,0.958,1.272,0.786,0.821
5664,gcb8345.tif,0.133,1.461,0.780,0.587,422,628,151.928,0.367,1.678,0.596,0.881
5665,gcb8345.tif,0.192,2.413,0.415,1.098,692,656,61.821,0.307,3.754,0.266,0.785
5666,gcb8345.tif,0.416,2.535,0.813,1.012,918,628,97.853,0.518,1.875,0.533,0.948
5667,gcb8345.tif,1.076,5.552,0.439,1.948,329,630,117.474,1.163,1.839,0.544,0.713
5668,gcb8345.tif,0.300,2.402,0.653,0.864,896,655,73.740,0.520,1.872,0.534,0.861
5669,gcb8345.tif,0.092,1.901,0.320,0.748,469,639,146.310,0.283,3.470,0.288,0.533
5670,gcb8345.tif,0.314,2.189,0.823,0.836,518,637,119.745,0.586,1.410,0.709,0.926
5671,gcb8345.tif,0.653,4.347,0.434,1.391,258,638,116.565,0.793,1.921,0.521,0.786
5672,gcb8345.tif,0.073,1.058,0.817,0.443,438,652,51.340,0.244,1.889,0.529,0.878
5673,gcb8345.tif,0.957,5.648,0.377,2.415,944,642,99.058,0.719,3.454,0.290,0.790
5674,gcb8345.tif,0.054,0.863,0.907,0.361,453,645,163.301,0.207,1.572,0.636,0.882
5675,gcb8345.tif,0.070,1.645,0.327,0.588,567,644,130.236,0.230,2.787,0.359,0.682
5676,gcb8345.tif,0.222,2.730,0.374,1.206,748,645,152.700,0.374,3.802,0.263,0.670
5677,gcb8345.tif,0.454,2.776,0.740,1.093,295,648,124.695,0.604,1.947,0.514,0.897
5678,gcb8345.tif,2.507,9.278,0.366,3.246,419,654,154.799,1.451,2.173,0.460,0.788
5679,gcb8345.tif,1.009,4.721,0.569,1.453,594,683,28.393,1.094,1.320,0.757,0.816
5680,gcb8345.tif,0.787,3.357,0.877,1.213,742,687,70.017,0.898,1.292,0.774,0.952
5681,gcb8345.tif,0.092,1.375,0.611,0.480,240,659,149.744,0.380,1.219,0.820,0.802
5682,gcb8345.tif,0.693,3.984,0.548,1.444,683,687,47.911,0.889,1.370,0.730,0.820
5683,gcb8345.tif,0.435,2.483,0.886,0.960,506,657,120.256,0.635,1.512,0.661,0.949
5684,gcb8345.tif,0.549,2.914,0.813,1.076,543,658,132.397,0.733,1.484,0.674,0.930
5685,gcb8345.tif,0.060,0.924,0.880,0.372,575,671,68.199,0.207,1.793,0.558,0.917
5686,gcb8345.tif,0.325,2.250,0.806,0.853,892,684,58.241,0.536,1.585,0.631,0.920
5687,gcb8345.tif,0.826,5.816,0.307,1.735,637,664,102.653,1.023,2.140,0.467,0.681
5688,gcb8345.tif,0.228,2.023,0.701,0.777,122,687,69.146,0.415,1.856,0.539,0.890
5689,gcb8345.tif,0.110,1.490,0.622,0.546,980,666,108.435,0.330,1.604,0.624,0.803
5690,gcb8345.tif,1.518,8.417,0.269,2.290,209,688,5.194,1.368,1.628,0.614,0.707
5691,gcb8345.tif,0.172,1.864,0.622,0.695,914,675,174.289,0.399,1.764,0.567,0.780
5692,gcb8345.tif,0.750,4.404,0.486,1.149,180,702,74.291,0.962,1.208,0.828,0.875
5693,gcb8345.tif,0.080,1.099,0.833,0.480,377,679,149.744,0.264,1.881,0.532,0.893
5694,gcb8345.tif,0.087,1.245,0.706,0.567,297,686,142.431,0.269,2.124,0.471,0.869
5695,gcb8345.tif,0.262,2.316,0.613,0.883,965,687,120.579,0.528,1.467,0.682,0.820
5696,gcb8345.tif,0.234,1.787,0.922,0.605,419,701,30.964,0.553,1.019,0.982,0.927
5697,gcb8345.tif,0.085,1.559,0.438,0.682,721,705,59.534,0.240,2.944,0.340,0.751
5698,gcb8345.tif,0.219,1.933,0.735,0.789,746,702,28.811,0.433,1.877,0.533,0.893
5699,gcb8345.tif,0.794,3.373,0.877,1.226,904,693,139.574,0.953,1.257,0.795,0.958
5700,gcb8345.tif,0.148,2.039,0.447,0.635,389,710,67.620,0.415,1.921,0.521,0.699
5701,gcb8345.tif,0.064,1.030,0.764,0.433,985,694,118.610,0.216,2.179,0.459,0.857
5702,gcb8345.tif,0.455,2.707,0.780,0.915,347,695,100.886,0.680,1.357,0.737,0.909
5703,gcb8345.tif,0.087,1.217,0.740,0.451,625,708,57.529,0.311,1.486,0.673,0.844
5704,gcb8345.tif,0.460,2.552,0.887,0.883,676,706,149.421,0.748,1.177,0.850,0.933
5705,gcb8345.tif,0.167,2.580,0.316,0.796,489,707,145.620,0.427,2.311,0.433,0.668
5706,gcb8345.tif,0.067,1.030,0.792,0.404,432,711,160.017,0.242,1.784,0.560,0.848
5707,gcb8345.tif,0.147,1.461,0.864,0.518,167,720,36.870,0.440,1.168,0.856,0.904
5708,gcb8345.tif,0.053,0.892,0.831,0.319,450,721,77.471,0.263,1.175,0.851,0.838
5709,gcb8348.tif,0.675,3.593,0.657,1.306,69,5,142.524,0.782,1.853,0.540,0.873
5710,gcb8348.tif,0.265,2.690,0.460,1.181,838,5,110.556,0.355,3.934,0.254,0.809
5711,gcb8348.tif,0.226,3.443,0.239,1.383,992,8,102.995,0.359,5.679,0.176,0.620
5712,gcb8348.tif,0.475,3.073,0.633,1.246,724,9,133.877,0.658,1.844,0.542,0.872
5713,gcb8348.tif,1.444,6.935,0.377,1.662,691,27,163.072,1.348,1.178,0.849,0.824
5714,gcb8348.tif,0.466,3.211,0.568,1.235,669,15,107.928,0.593,2.306,0.434,0.833
5715,gcb8348.tif,0.432,3.157,0.545,1.268,357,17,162.553,0.478,3.004,0.333,0.852
5716,gcb8348.tif,0.937,5.156,0.443,1.836,791,25,160.201,0.870,2.388,0.419,0.795
5717,gcb8348.tif,0.309,2.132,0.855,0.809,201,39,70.017,0.518,1.603,0.624,0.938
5718,gcb8348.tif,0.103,1.168,0.946,0.443,342,22,128.660,0.342,1.245,0.803,0.935
5719,gcb8348.tif,0.332,2.808,0.529,1.128,963,23,130.030,0.572,2.514,0.398,0.777
5720,gcb8348.tif,0.965,4.082,0.728,1.639,135,25,114.944,0.843,2.087,0.479,0.906
5721,gcb8348.tif,0.284,2.169,0.759,0.788,555,25,105.255,0.550,1.445,0.692,0.869
5722,gcb8348.tif,0.675,4.111,0.502,1.380,322,64,67.932,0.777,1.754,0.570,0.808
5723,gcb8348.tif,0.186,2.071,0.546,0.748,436,48,56.310,0.508,1.696,0.589,0.731
5724,gcb8348.tif,0.419,2.747,0.698,0.990,281,30,102.095,0.665,1.637,0.611,0.870
5725,gcb8348.tif,1.029,5.604,0.412,1.700,620,32,142.431,1.123,1.360,0.735,0.797
5726,gcb8348.tif,0.284,2.071,0.832,0.773,244,46,26.565,0.520,1.527,0.655,0.907
5727,gcb8348.tif,0.258,2.071,0.755,0.864,214,53,53.130,0.422,2.081,0.481,0.915
5728,gcb8348.tif,0.860,5.058,0.422,1.925,361,86,68.962,0.893,2.502,0.400,0.746
5729,gcb8348.tif,0.369,2.638,0.667,0.956,586,35,102.529,0.664,1.399,0.715,0.848
5730,gcb8348.tif,0.542,3.536,0.545,1.286,169,69,53.746,0.746,1.973,0.507,0.774
5731,gcb8348.tif,0.454,2.955,0.653,1.286,338,70,59.300,0.498,2.719,0.368,0.930
5732,gcb8348.tif,0.236,1.766,0.952,0.623,26,56,70.560,0.518,1.156,0.865,0.936
5733,gcb8348.tif,0.178,2.499,0.358,0.949,884,47,169.509,0.437,2.405,0.416,0.590
5734,gcb8348.tif,0.097,1.205,0.837,0.491,74,43,129.289,0.269,1.836,0.545,0.895
5735,gcb8348.tif,0.592,3.341,0.667,1.308,111,44,102.200,0.642,2.199,0.455,0.908
5736,gcb8348.tif,0.473,2.877,0.718,1.180,855,52,148.173,0.626,1.877,0.533,0.924
5737,gcb8348.tif,0.144,2.198,0.376,0.958,682,54,115.641,0.256,4.882,0.205,0.714
5738,gcb8348.tif,0.357,2.531,0.700,1.076,818,55,132.397,0.485,2.239,0.447,0.907
5739,gcb8348.tif,1.183,5.783,0.445,2.323,201,117,59.621,0.763,3.230,0.310,0.841
5740,gcb8348.tif,0.193,2.319,0.452,0.997,930,58,104.036,0.278,3.960,0.253,0.829
5741,gcb8348.tif,0.399,2.385,0.881,0.940,70,61,143.973,0.586,1.604,0.623,0.946
5742,gcb8348.tif,0.861,4.379,0.564,1.329,294,95,62.103,1.071,1.189,0.841,0.837
5743,gcb8348.tif,0.336,2.258,0.827,0.867,969,72,23.499,0.553,1.565,0.639,0.940
5744,gcb8348.tif,0.051,0.952,0.712,0.420,641,71,9.462,0.173,2.554,0.392,0.860
5745,gcb8348.tif,0.911,4.778,0.502,1.932,4,70,137.175,0.799,2.629,0.380,0.819
5746,gcb8348.tif,0.073,1.062,0.812,0.449,330,85,67.380,0.207,2.060,0.485,0.931
5747,gcb8348.tif,2.503,9.812,0.327,2.770,271,154,86.424,1.669,1.658,0.603,0.759
5748,gcb8348.tif,1.937,7.512,0.431,2.640,370,148,75.600,1.171,2.519,0.397,0.819
5749,gcb8348.tif,0.312,2.230,0.788,0.867,655,75,113.499,0.532,1.742,0.574,0.917
5750,gcb8348.tif,0.764,5.151,0.362,2.084,347,136,84.289,0.687,3.559,0.281,0.752
5751,gcb8348.tif,0.196,1.921,0.667,0.844,422,76,124.992,0.332,2.829,0.354,0.901
5752,gcb8348.tif,0.670,4.318,0.452,1.903,233,126,60.642,0.525,4.075,0.245,0.871
5753,gcb8348.tif,0.598,4.021,0.465,1.639,954,79,132.436,0.665,2.948,0.339,0.744
5754,gcb8348.tif,0.088,1.347,0.612,0.579,192,95,72.646,0.210,3.165,0.316,0.865
5755,gcb8348.tif,0.556,3.732,0.502,1.386,122,91,175.711,0.773,1.795,0.557,0.770
5756,gcb8348.tif,0.399,2.535,0.780,0.963,837,82,111.038,0.539,1.865,0.536,0.913
5757,gcb8348.tif,0.075,1.254,0.601,0.563,895,81,132.510,0.200,3.211,0.311,0.829
5758,gcb8348.tif,0.388,2.889,0.584,1.213,673,85,109.983,0.546,2.420,0.413,0.837
5759,gcb8348.tif,0.215,2.189,0.564,0.913,923,85,119.476,0.422,2.319,0.431,0.805
5760,gcb8348.tif,1.236,6.861,0.330,2.238,502,87,98.881,0.952,3.017,0.331,0.748
5761,gcb8348.tif,1.248,7.011,0.319,2.471,854,90,159.538,1.082,2.480,0.403,0.681
5762,gcb8348.tif,0.685,3.792,0.599,1.376,304,125,61.504,0.753,1.902,0.526,0.845
5763,gcb8348.tif,0.537,3.386,0.589,1.348,432,102,112.620,0.625,2.391,0.418,0.859
5764,gcb8348.tif,1.771,8.850,0.284,3.296,401,105,119.521,1.234,3.777,0.265,0.570
5765,gcb8348.tif,0.774,3.898,0.640,1.274,998,107,102.529,1.026,1.258,0.795,0.823
5766,gcb8348.tif,0.393,3.406,0.426,1.432,717,112,160.253,0.485,3.528,0.283,0.768
5767,gcb8348.tif,0.264,2.039,0.797,0.837,652,113,141.710,0.440,1.868,0.535,0.925
5768,gcb8348.tif,0.888,5.920,0.319,2.498,53,138,14.421,0.764,3.918,0.255,0.622
5769,gcb8348.tif,1.248,5.739,0.476,1.948,932,120,154.799,1.169,2.182,0.458,0.758
5770,gcb8348.tif,0.333,2.572,0.633,1.117,854,119,111.801,0.448,2.657,0.376,0.907
5771,gcb8348.tif,0.085,1.278,0.653,0.503,912,122,105.945,0.242,2.298,0.435,0.850
5772,gcb8348.tif,0.334,3.068,0.447,1.316,133,161,76.329,0.389,4.165,0.240,0.798
5773,gcb8348.tif,0.125,1.384,0.823,0.570,773,125,165.964,0.311,1.860,0.538,0.901
5774,gcb8348.tif,0.070,1.421,0.439,0.595,565,125,125.538,0.206,3.953,0.253,0.674
5775,gcb8348.tif,0.868,5.383,0.376,2.129,143,190,76.866,0.692,3.269,0.306,0.768
5776,gcb8348.tif,0.168,1.657,0.771,0.671,226,131,145.491,0.367,2.022,0.495,0.898
5777,gcb8348.tif,0.245,2.437,0.518,1.049,319,159,72.759,0.309,3.826,0.261,0.865
5778,gcb8348.tif,1.026,5.385,0.445,1.863,753,135,139.514,1.019,2.232,0.448,0.696
5779,gcb8348.tif,1.353,7.994,0.266,2.081,533,137,131.634,1.494,1.353,0.739,0.631
5780,gcb8348.tif,0.696,4.712,0.394,1.700,876,139,153.435,0.805,2.063,0.485,0.717
5781,gcb8348.tif,0.412,2.446,0.866,0.907,205,165,72.255,0.622,1.416,0.706,0.940
5782,gcb8348.tif,1.871,6.044,0.644,2.187,55,151,174.560,1.459,1.371,0.730,0.876
5783,gcb8348.tif,0.061,1.326,0.435,0.570,93,144,165.964,0.173,3.371,0.297,0.767
5784,gcb8348.tif,0.651,4.200,0.464,1.792,2,175,33.996,0.637,3.217,0.311,0.818
5785,gcb8348.tif,0.616,3.625,0.589,1.509,249,147,105.945,0.664,2.467,0.405,0.859
5786,gcb8348.tif,0.709,3.304,0.817,1.161,988,175,53.471,0.926,1.232,0.811,0.931
5787,gcb8348.tif,0.469,3.464,0.492,1.040,288,167,164.578,0.904,1.071,0.934,0.750
5788,gcb8348.tif,0.374,3.622,0.358,1.457,741,149,112.306,0.534,2.722,0.367,0.707
5789,gcb8348.tif,0.209,2.075,0.610,0.855,228,152,104.036,0.322,2.862,0.349,0.875
5790,gcb8348.tif,0.078,1.050,0.885,0.422,475,152,124.992,0.268,1.605,0.623,0.903
5791,gcb8348.tif,0.533,3.752,0.475,1.393,344,153,113.385,0.667,1.997,0.501,0.793
5792,gcb8348.tif,0.856,4.456,0.542,1.496,375,159,96.633,0.829,1.798,0.556,0.861
5793,gcb8348.tif,0.140,1.648,0.646,0.689,470,167,162.474,0.327,2.365,0.423,0.836
5794,gcb8348.tif,0.260,2.092,0.748,0.864,178,192,73.740,0.426,2.140,0.467,0.922
5795,gcb8348.tif,1.567,7.428,0.357,2.195,404,231,82.763,1.320,1.736,0.576,0.718
5796,gcb8348.tif,0.072,1.070,0.786,0.427,593,168,104.036,0.242,1.722,0.581,0.863
5797,gcb8348.tif,0.871,5.441,0.370,1.515,930,205,34.778,1.174,1.258,0.795,0.693
5798,gcb8348.tif,1.179,6.808,0.320,1.702,636,173,119.168,1.256,1.207,0.829,0.730
5799,gcb8348.tif,1.193,5.437,0.507,1.796,494,173,120.018,0.982,1.667,0.600,0.842
5800,gcb8348.tif,0.615,3.219,0.746,1.155,792,181,141.072,0.779,1.477,0.677,0.896
5801,gcb8348.tif,1.902,9.144,0.286,3.023,281,178,120.964,1.133,3.244,0.308,0.763
5802,gcb8348.tif,0.166,1.766,0.669,0.727,470,178,115.346,0.337,2.288,0.437,0.894
5803,gcb8348.tif,0.149,1.579,0.752,0.664,899,180,141.340,0.345,2.150,0.465,0.847
5804,gcb8348.tif,0.113,1.237,0.932,0.481,211,193,68.962,0.311,1.466,0.682,0.936
5805,gcb8348.tif,0.408,2.621,0.747,1.102,223,204,48.814,0.538,1.982,0.505,0.927
5806,gcb8348.tif,0.219,1.893,0.767,0.804,994,182,115.463,0.402,2.146,0.466,0.913
5807,gcb8348.tif,0.356,2.869,0.543,1.104,329,187,110.136,0.599,2.047,0.489,0.771
5808,gcb8348.tif,0.062,0.932,0.898,0.391,526,190,135.000,0.259,1.546,0.647,0.881
5809,gcb8348.tif,0.268,1.933,0.899,0.691,832,189,126.870,0.551,1.278,0.782,0.931
5810,gcb8348.tif,0.641,3.516,0.652,1.348,724,195,157.380,0.712,1.966,0.509,0.878
5811,gcb8348.tif,0.085,1.205,0.734,0.538,598,192,135.000,0.244,2.213,0.452,0.850
5812,gcb8348.tif,1.021,6.639,0.291,2.282,546,195,144.866,0.830,2.974,0.336,0.713
5813,gcb8348.tif,0.989,3.861,0.833,1.432,197,235,81.674,0.898,1.519,0.659,0.952
5814,gcb8348.tif,0.324,2.307,0.764,0.956,112,217,49.399,0.489,1.991,0.502,0.926
5815,gcb8348.tif,0.494,3.903,0.408,1.390,457,197,124.875,0.607,2.803,0.357,0.738
5816,gcb8348.tif,0.109,1.286,0.826,0.540,248,198,129.806,0.325,1.772,0.564,0.905
5817,gcb8348.tif,0.085,1.160,0.792,0.495,140,199,102.095,0.207,2.265,0.441,0.934
5818,gcb8348.tif,0.153,1.481,0.875,0.595,970,201,125.538,0.383,1.610,0.621,0.918
5819,gcb8348.tif,0.139,1.680,0.616,0.667,94,201,111.251,0.321,2.614,0.383,0.797
5820,gcb8348.tif,0.133,1.412,0.835,0.541,65,216,63.435,0.391,1.353,0.739,0.892
5821,gcb8348.tif,0.111,1.234,0.917,0.427,617,206,165.964,0.367,1.115,0.897,0.894
5822,gcb8348.tif,2.021,11.174,0.203,2.910,353,290,85.914,1.451,2.102,0.476,0.619
5823,gcb8348.tif,0.457,2.564,0.875,1.005,701,208,130.815,0.660,1.543,0.648,0.950
5824,gcb8348.tif,0.225,1.856,0.819,0.722,800,216,16.699,0.433,1.715,0.583,0.913
5825,gcb8348.tif,0.836,4.684,0.479,1.843,232,262,83.541,0.683,3.234,0.309,0.794
5826,gcb8348.tif,0.056,0.961,0.764,0.374,548,214,123.690,0.226,1.758,0.569,0.839
5827,gcb8348.tif,0.795,4.074,0.602,1.466,530,215,98.130,0.829,2.020,0.495,0.838
5828,gcb8348.tif,0.259,2.336,0.597,0.883,622,217,149.421,0.484,2.089,0.479,0.792
5829,gcb8348.tif,2.163,9.380,0.309,2.526,917,236,176.864,1.452,1.892,0.529,0.739
5830,gcb8348.tif,0.115,1.286,0.871,0.518,10,231,53.130,0.328,1.585,0.631,0.901
5831,gcb8348.tif,2.157,7.659,0.462,2.773,805,227,157.270,1.488,1.855,0.539,0.799
5832,gcb8348.tif,0.325,2.368,0.728,0.943,339,224,98.427,0.484,1.967,0.508,0.916
5833,gcb8348.tif,2.948,8.626,0.498,2.867,689,225,105.376,1.731,1.605,0.623,0.830
5834,gcb8348.tif,0.054,0.912,0.812,0.356,515,238,60.945,0.232,1.543,0.648,0.874
5835,gcb8348.tif,0.063,0.961,0.862,0.372,652,236,21.801,0.263,1.381,0.724,0.876
5836,gcb8348.tif,0.417,2.434,0.884,0.885,641,240,128.660,0.642,1.385,0.722,0.938
5837,gcb8348.tif,0.082,1.306,0.607,0.558,140,241,111.801,0.224,2.969,0.337,0.831
5838,gcb8348.tif,0.934,5.498,0.388,1.819,307,243,128.830,0.925,2.284,0.438,0.745
5839,gcb8348.tif,0.476,2.975,0.677,1.181,444,245,110.556,0.620,2.119,0.472,0.875
5840,gcb8348.tif,0.123,1.522,0.667,0.631,474,249,170.538,0.276,2.336,0.428,0.888
5841,gcb8348.tif,1.355,7.829,0.278,2.328,554,315,84.036,1.229,1.968,0.508,0.635
5842,gcb8348.tif,0.708,4.359,0.468,1.444,162,249,101.041,0.730,2.354,0.425,0.807
5843,gcb8348.tif,0.947,6.690,0.266,1.804,194,299,73.301,0.968,1.775,0.563,0.773
5844,gcb8348.tif,0.362,3.003,0.504,1.316,532,289,66.801,0.386,3.682,0.272,0.886
5845,gcb8348.tif,0.573,4.003,0.449,1.736,18,258,95.711,0.475,4.004,0.250,0.861
5846,gcb8348.tif,1.520,9.266,0.222,2.460,478,265,119.445,1.355,2.352,0.425,0.590
5847,gcb8348.tif,0.123,1.421,0.766,0.563,292,266,132.510,0.327,1.854,0.539,0.848
5848,gcb8348.tif,0.474,3.789,0.415,1.364,235,267,98.746,0.677,2.386,0.419,0.739
5849,gcb8348.tif,0.333,2.494,0.673,1.023,849,278,11.689,0.449,2.421,0.413,0.909
5850,gcb8348.tif,1.647,5.506,0.683,1.987,397,326,76.931,1.175,1.702,0.588,0.914
5851,gcb8348.tif,0.572,3.826,0.491,1.524,974,277,147.031,0.645,2.909,0.344,0.776
5852,gcb8348.tif,0.162,1.766,0.654,0.700,870,291,20.225,0.360,2.160,0.463,0.819
5853,gcb8348.tif,0.279,2.051,0.835,0.816,917,283,126.384,0.510,1.672,0.598,0.929
5854,gcb8348.tif,0.117,2.221,0.298,0.990,297,284,102.095,0.214,5.650,0.177,0.698
5855,gcb8348.tif,0.972,5.943,0.346,1.797,736,289,112.620,0.922,2.292,0.436,0.780
5856,gcb8348.tif,2.643,12.294,0.220,3.297,427,292,123.024,1.628,1.944,0.514,0.729
5857,gcb8348.tif,0.105,1.672,0.472,0.733,314,312,81.870,0.207,4.111,0.243,0.815
5858,gcb8348.tif,0.504,3.541,0.505,1.297,517,292,131.760,0.635,2.500,0.400,0.775
5859,gcb8348.tif,0.050,1.079,0.542,0.464,954,291,116.565,0.207,2.655,0.377,0.792
5860,gcb8348.tif,0.490,2.820,0.774,1.119,280,325,81.119,0.587,1.957,0.511,0.936
5861,gcb8348.tif,0.597,3.939,0.484,1.369,208,334,79.824,0.761,1.870,0.535,0.779
5862,gcb8348.tif,2.750,8.407,0.489,3.002,328,297,101.957,1.426,1.921,0.521,0.825
5863,gcb8348.tif,0.406,2.641,0.731,0.867,763,304,113.499,0.721,1.111,0.900,0.875
5864,gcb8348.tif,0.208,1.726,0.877,0.618,168,307,153.435,0.508,1.182,0.846,0.911
5865,gcb8348.tif,0.086,1.763,0.348,0.527,337,306,121.608,0.379,1.402,0.713,0.689
5866,gcb8348.tif,0.204,1.709,0.879,0.634,363,322,60.642,0.449,1.391,0.719,0.927
5867,gcb8348.tif,0.289,2.621,0.529,1.053,966,309,156.801,0.390,3.311,0.302,0.813
5868,gcb8348.tif,1.379,5.319,0.613,1.695,912,319,159.717,1.289,1.302,0.768,0.865
5869,gcb8348.tif,0.072,1.042,0.830,0.418,98,326,65.556,0.235,1.894,0.528,0.902
5870,gcb8348.tif,0.078,1.139,0.751,0.495,724,319,114.775,0.237,2.228,0.449,0.890
5871,gcb8348.tif,0.660,4.468,0.416,1.847,579,320,107.418,0.654,3.441,0.291,0.788
5872,gcb8348.tif,0.614,4.399,0.399,1.488,171,361,59.265,0.782,2.066,0.484,0.753
5873,gcb8348.tif,1.464,6.713,0.408,2.497,29,399,85.236,1.078,2.262,0.442,0.773
5874,gcb8348.tif,0.416,3.052,0.561,1.352,799,330,122.471,0.488,2.994,0.334,0.879
5875,gcb8348.tif,0.064,1.030,0.764,0.433,369,333,118.610,0.243,2.086,0.479,0.837
5876,gcb8348.tif,5.952,11.692,0.547,3.882,542,335,124.114,2.446,1.645,0.608,0.876
5877,gcb8348.tif,1.025,5.274,0.463,1.946,497,338,96.116,0.956,2.766,0.361,0.756
5878,gcb8348.tif,0.842,5.055,0.414,1.981,258,340,96.009,0.746,2.856,0.350,0.724
5879,gcb8348.tif,0.672,4.689,0.384,1.619,757,348,140.194,0.903,2.299,0.435,0.624
5880,gcb8348.tif,0.070,0.981,0.920,0.394,207,344,105.255,0.242,1.600,0.625,0.894
5881,gcb8348.tif,0.115,1.754,0.468,0.759,793,344,120.069,0.243,4.264,0.235,0.725
5882,gcb8348.tif,0.312,2.173,0.830,0.853,302,346,111.371,0.475,1.839,0.544,0.934
5883,gcb8348.tif,1.379,6.540,0.405,2.562,382,346,100.098,1.079,2.489,0.402,0.736
5884,gcb8348.tif,0.302,2.103,0.858,0.789,737,347,118.811,0.518,1.430,0.699,0.942
5885,gcb8348.tif,0.588,3.623,0.562,1.458,417,348,126.327,0.582,3.086,0.324,0.819
5886,gcb8348.tif,0.172,1.669,0.776,0.682,1003,352,120.466,0.371,1.970,0.508,0.903
5887,gcb8348.tif,0.451,3.422,0.485,1.467,76,354,105.018,0.467,3.885,0.257,0.813
5888,gcb8348.tif,1.724,6.971,0.446,2.420,131,356,99.866,1.258,2.215,0.452,0.769
5889,gcb8348.tif,0.475,2.837,0.742,1.113,758,361,143.842,0.661,1.750,0.572,0.909
5890,gcb8348.tif,0.521,3.699,0.478,1.458,983,364,121.430,0.624,2.513,0.398,0.804
5891,gcb8348.tif,0.783,3.757,0.698,1.447,715,368,146.689,0.796,1.816,0.551,0.918
5892,gcb8348.tif,0.103,1.701,0.446,0.712,192,373,104.036,0.217,4.218,0.237,0.761
5893,gcb8348.tif,0.660,3.418,0.710,1.376,289,373,118.496,0.803,1.736,0.576,0.904
5894,gcb8348.tif,0.096,1.706,0.413,0.681,593,384,23.962,0.279,3.245,0.308,0.640
5895,gcb8348.tif,0.484,3.447,0.512,1.274,809,376,130.601,0.713,1.695,0.590,0.784
5896,gcb8348.tif,0.868,3.887,0.722,1.534,401,376,104.349,0.821,1.888,0.530,0.937
5897,gcb8348.tif,0.430,2.963,0.615,1.027,680,380,137.726,0.701,1.386,0.721,0.822
5898,gcb8348.tif,0.250,1.990,0.792,0.816,839,382,143.616,0.440,1.888,0.530,0.901
5899,gcb8348.tif,0.609,3.438,0.647,1.324,58,381,97.496,0.657,2.075,0.482,0.905
5900,gcb8348.tif,0.380,2.543,0.738,1.040,235,384,105.422,0.528,2.027,0.493,0.919
5901,gcb8348.tif,0.645,4.053,0.493,1.213,469,418,70.017,0.912,1.443,0.693,0.752
5902,gcb8348.tif,0.112,1.294,0.842,0.510,903,393,151.699,0.346,1.423,0.703,0.887
5903,gcb8348.tif,2.585,10.377,0.302,2.331,917,417,164.521,1.898,1.314,0.761,0.771
5904,gcb8348.tif,0.811,5.894,0.293,1.412,760,431,68.459,1.130,1.284,0.779,0.708
5905,gcb8348.tif,0.073,1.038,0.849,0.433,281,394,118.610,0.244,1.772,0.564,0.878
5906,gcb8348.tif,1.392,4.925,0.721,1.824,362,394,99.819,1.066,1.862,0.537,0.941
5907,gcb8348.tif,0.499,3.578,0.490,1.563,871,396,144.904,0.489,3.685,0.271,0.832
5908,gcb8348.tif,1.461,5.424,0.624,1.955,613,402,133.568,1.251,1.581,0.633,0.874
5909,gcb8348.tif,1.127,4.310,0.763,1.591,794,402,145.620,1.011,1.560,0.641,0.924
5910,gcb8348.tif,0.073,0.981,0.951,0.372,11,412,68.199,0.276,1.349,0.741,0.904
5911,gcb8348.tif,0.119,1.616,0.574,0.686,664,403,139.086,0.293,2.760,0.362,0.810
5912,gcb8348.tif,0.250,2.324,0.581,0.997,711,404,146.310,0.402,2.636,0.379,0.860
5913,gcb8348.tif,1.144,4.411,0.739,1.603,337,451,82.569,0.904,1.790,0.559,0.930
5914,gcb8348.tif,2.386,9.380,0.341,3.034,260,411,137.770,1.633,1.950,0.513,0.709
5915,gcb8348.tif,0.310,2.373,0.693,0.997,416,427,33.690,0.464,2.284,0.438,0.887
5916,gcb8348.tif,1.069,4.916,0.556,1.932,113,412,100.305,0.952,2.149,0.465,0.831
5917,gcb8348.tif,1.334,4.542,0.812,1.593,215,412,93.731,1.229,1.326,0.754,0.925
5918,gcb8348.tif,0.190,1.734,0.793,0.691,860,413,143.130,0.391,1.847,0.541,0.901
5919,gcb8348.tif,0.442,2.963,0.632,1.117,444,421,111.801,0.589,2.064,0.485,0.819
5920,gcb8348.tif,0.207,1.999,0.650,0.719,733,422,125.218,0.432,1.699,0.589,0.840
5921,gcb8348.tif,0.942,5.351,0.413,1.978,1000,423,109.385,0.853,2.672,0.374,0.766
5922,gcb8348.tif,1.025,5.874,0.373,1.540,656,441,170.961,1.286,1.479,0.676,0.658
5923,gcb8348.tif,0.202,1.945,0.670,0.831,478,426,106.928,0.344,2.624,0.381,0.901
5924,gcb8348.tif,0.234,1.974,0.755,0.807,53,430,136.736,0.489,1.615,0.619,0.910
5925,gcb8348.tif,0.225,1.835,0.837,0.664,417,434,128.660,0.501,1.290,0.775,0.904
5926,gcb8348.tif,1.809,8.092,0.347,3.000,35,434,114.499,1.400,2.444,0.409,0.664
5927,gcb8348.tif,0.061,0.903,0.938,0.356,595,436,150.945,0.242,1.373,0.728,0.903
5928,gcb8348.tif,0.453,3.944,0.366,1.725,79,436,122.735,0.403,5.552,0.180,0.784
5929,gcb8348.tif,0.252,2.385,0.557,0.888,767,437,103.496,0.447,2.220,0.451,0.859
5930,gcb8348.tif,0.322,2.820,0.510,1.142,843,439,93.468,0.415,3.320,0.301,0.791
5931,gcb8348.tif,2.642,7.920,0.529,2.391,376,457,142.633,1.726,1.403,0.713,0.855
5932,gcb8348.tif,1.144,4.517,0.705,1.686,572,449,134.170,1.048,1.454,0.688,0.891
5933,gcb8348.tif,0.271,2.198,0.705,0.920,621,445,145.713,0.439,2.242,0.446,0.895
5934,gcb8348.tif,1.525,5.508,0.632,2.164,240,446,109.592,0.985,2.219,0.451,0.906
5935,gcb8348.tif,0.288,2.218,0.735,0.944,535,449,156.251,0.459,2.170,0.461,0.931
5936,gcb8348.tif,0.186,1.599,0.915,0.604,15,466,76.759,0.415,1.407,0.711,0.931
5937,gcb8348.tif,0.965,3.927,0.786,1.400,713,458,164.249,0.968,1.499,0.667,0.947
5938,gcb8348.tif,0.697,3.349,0.781,1.194,791,454,157.891,0.778,1.565,0.639,0.921
5939,gcb8348.tif,0.140,1.591,0.694,0.637,701,471,77.471,0.311,2.045,0.489,0.876
5940,gcb8348.tif,0.800,3.651,0.754,1.330,340,478,24.567,0.856,1.583,0.632,0.902
5941,gcb8348.tif,0.219,1.868,0.787,0.765,185,459,108.435,0.380,2.045,0.489,0.941
5942,gcb8348.tif,0.401,2.474,0.824,0.974,275,461,117.474,0.579,1.729,0.578,0.936
5943,gcb8348.tif,0.877,3.484,0.908,1.271,491,464,112.380,0.953,1.304,0.767,0.958
5944,gcb8348.tif,0.195,1.787,0.766,0.729,227,465,95.440,0.380,1.847,0.541,0.906
5945,gcb8348.tif,0.830,3.792,0.725,1.526,15,518,76.908,0.726,2.071,0.483,0.938
5946,gcb8348.tif,0.789,3.536,0.793,1.352,842,477,122.471,0.820,1.677,0.596,0.932
5947,gcb8348.tif,0.445,2.612,0.820,0.940,810,482,143.973,0.732,1.226,0.816,0.930
5948,gcb8348.tif,0.444,2.641,0.800,0.934,174,480,141.009,0.738,1.158,0.863,0.913
5949,gcb8348.tif,2.515,7.740,0.528,2.979,93,571,86.009,1.468,2.182,0.458,0.839
5950,gcb8348.tif,3.732,13.013,0.277,4.032,377,485,104.394,1.942,2.013,0.497,0.682
5951,gcb8348.tif,1.767,6.563,0.516,2.322,289,552,75.343,1.282,1.790,0.559,0.829
5952,gcb8348.tif,0.061,0.912,0.921,0.340,789,496,66.038,0.276,1.228,0.814,0.864
5953,gcb8348.tif,0.230,1.872,0.826,0.733,725,495,171.870,0.453,1.610,0.621,0.898
5954,gcb8348.tif,1.132,4.647,0.659,1.843,321,552,83.541,0.889,2.013,0.497,0.918
5955,gcb8348.tif,1.261,8.290,0.231,2.040,761,547,51.189,1.240,1.799,0.556,0.668
5956,gcb8348.tif,0.681,5.254,0.310,1.217,727,537,55.408,1.002,1.233,0.811,0.754
5957,gcb8348.tif,0.189,1.766,0.760,0.742,622,509,152.241,0.364,2.178,0.459,0.903
5958,gcb8348.tif,1.094,7.333,0.256,2.062,844,523,8.673,1.299,1.799,0.556,0.580
5959,gcb8348.tif,0.367,3.297,0.424,1.360,223,512,152.784,0.446,3.838,0.261,0.736
5960,gcb8348.tif,0.051,0.814,0.974,0.309,352,515,26.565,0.242,1.261,0.793,0.896
5961,gcb8348.tif,2.197,8.321,0.399,2.336,146,516,119.219,1.845,1.341,0.746,0.766
5962,gcb8348.tif,0.129,1.510,0.711,0.536,444,522,14.931,0.417,1.252,0.799,0.840
5963,gcb8348.tif,0.733,3.426,0.785,1.194,417,548,67.891,0.974,1.244,0.804,0.923
5964,gcb8348.tif,0.721,4.598,0.429,1.814,32,519,120.964,0.810,2.624,0.381,0.719
5965,gcb8348.tif,0.371,3.341,0.418,1.125,909,544,47.490,0.642,1.750,0.571,0.745
5966,gcb8348.tif,0.146,1.657,0.667,0.712,225,529,157.166,0.294,2.740,0.365,0.875
5967,gcb8348.tif,0.486,3.271,0.571,1.399,622,531,159.775,0.531,2.809,0.356,0.872
5968,gcb8348.tif,0.073,1.099,0.758,0.461,463,543,77.005,0.240,2.226,0.449,0.859
5969,gcb8348.tif,0.293,2.324,0.681,0.897,129,535,105.642,0.525,1.838,0.544,0.866
5970,gcb8348.tif,0.607,3.297,0.701,1.269,553,535,119.358,0.726,1.712,0.584,0.908
5971,gcb8348.tif,0.406,3.248,0.484,1.141,699,537,144.866,0.660,2.017,0.496,0.774
5972,gcb8348.tif,0.053,0.940,0.747,0.367,951,550,48.814,0.244,1.372,0.729,0.822
5973,gcb8348.tif,0.348,3.239,0.416,1.267,189,579,78.996,0.526,2.807,0.356,0.700
5974,gcb8348.tif,0.872,3.708,0.797,1.324,841,583,82.504,1.016,1.262,0.793,0.938
5975,gcb8348.tif,0.933,6.300,0.295,1.655,260,546,118.706,1.097,1.375,0.727,0.756
5976,gcb8348.tif,0.076,1.225,0.640,0.546,858,546,145.305,0.209,3.144,0.318,0.815
5977,gcb8348.tif,0.443,2.629,0.805,0.997,424,568,33.690,0.634,1.622,0.617,0.923
5978,gcb8348.tif,1.652,9.338,0.238,2.373,738,548,102.619,1.697,1.360,0.735,0.635
5979,gcb8348.tif,2.159,9.971,0.273,2.759,145,550,112.068,1.476,1.623,0.616,0.721
5980,gcb8348.tif,0.611,4.844,0.327,1.500,633,556,151.074,0.817,1.862,0.537,0.737
5981,gcb8348.tif,0.080,1.070,0.878,0.449,877,552,157.380,0.242,1.886,0.530,0.912
5982,gcb8348.tif,0.076,1.058,0.857,0.440,610,552,135.000,0.269,1.564,0.639,0.883
5983,gcb8348.tif,0.190,1.746,0.783,0.719,590,560,125.218,0.391,2.027,0.493,0.919
5984,gcb8348.tif,0.611,2.975,0.868,1.057,215,560,101.310,0.795,1.293,0.773,0.937
5985,gcb8348.tif,0.530,2.877,0.805,1.085,768,561,142.765,0.711,1.586,0.630,0.928
5986,gcb8348.tif,0.088,1.225,0.740,0.481,366,567,158.962,0.289,1.908,0.524,0.800
5987,gcb8348.tif,0.516,2.978,0.731,1.207,320,569,113.629,0.587,2.034,0.492,0.930
5988,gcb8348.tif,0.250,1.905,0.865,0.671,72,570,101.889,0.518,1.294,0.773,0.921
5989,gcb8348.tif,0.528,3.625,0.505,1.367,945,573,110.726,0.615,2.189,0.457,0.797
5990,gcb8348.tif,0.763,4.281,0.523,1.443,355,581,163.301,0.832,1.659,0.603,0.818
5991,gcb8348.tif,0.555,3.984,0.440,1.410,524,578,101.310,0.748,1.897,0.527,0.766
5992,gcb8348.tif,0.056,1.136,0.547,0.491,687,581,129.289,0.195,2.635,0.380,0.758
5993,gcb8348.tif,0.276,2.494,0.557,0.949,647,583,146.889,0.542,2.065,0.484,0.795
5994,gcb8348.tif,0.193,2.370,0.433,1.085,100,588,127.235,0.258,5.227,0.191,0.788
5995,gcb8348.tif,0.063,0.895,0.993,0.346,287,589,126.870,0.242,1.148,0.871,0.972
5996,gcb8348.tif,2.581,10.431,0.298,3.606,769,591,140.054,1.335,3.066,0.326,0.721
5997,gcb8348.tif,0.139,1.522,0.752,0.558,634,602,21.801,0.346,1.647,0.607,0.882
5998,gcb8348.tif,2.696,9.932,0.343,3.323,200,596,106.928,1.353,2.845,0.351,0.774
5999,gcb8348.tif,0.059,0.892,0.925,0.319,621,597,130.601,0.276,1.036,0.965,0.852
6000,gcb8348.tif,0.136,1.502,0.759,0.612,676,597,106.390,0.330,1.955,0.511,0.877
6001,gcb8348.tif,0.233,2.124,0.649,0.888,39,623,76.504,0.346,2.576,0.388,0.909
6002,gcb8348.tif,0.621,4.938,0.320,1.776,880,606,142.907,0.810,2.974,0.336,0.586
6003,gcb8348.tif,0.070,1.070,0.773,0.455,269,605,171.254,0.207,2.131,0.469,0.881
6004,gcb8348.tif,0.492,2.897,0.737,1.132,293,604,102.339,0.615,2.020,0.495,0.893
6005,gcb8348.tif,0.834,5.033,0.414,2.060,58,605,112.694,0.746,3.243,0.308,0.735
6006,gcb8348.tif,1.376,4.748,0.767,1.781,239,605,108.083,1.071,1.652,0.605,0.946
6007,gcb8348.tif,0.220,2.011,0.683,0.777,616,606,110.854,0.448,1.747,0.572,0.887
6008,gcb8348.tif,0.102,1.237,0.833,0.495,333,621,65.225,0.309,1.654,0.605,0.895
6009,gcb8348.tif,0.301,2.385,0.665,0.960,505,610,120.256,0.451,2.140,0.467,0.883
6010,gcb8348.tif,0.880,4.615,0.519,1.765,697,609,113.051,0.798,2.617,0.382,0.818
6011,gcb8348.tif,1.035,4.477,0.649,1.534,633,620,157.479,1.090,1.363,0.734,0.872
6012,gcb8348.tif,0.343,2.471,0.706,0.960,2,612,149.744,0.561,1.757,0.569,0.884
6013,gcb8348.tif,3.511,10.436,0.405,4.226,90,613,119.919,1.255,3.539,0.283,0.857
6014,gcb8348.tif,0.585,3.044,0.794,1.141,730,618,144.866,0.710,1.635,0.612,0.935
6015,gcb8348.tif,0.119,1.441,0.723,0.643,533,618,126.254,0.289,2.418,0.414,0.870
6016,gcb8348.tif,0.069,1.266,0.543,0.495,852,637,65.225,0.242,2.060,0.485,0.789
6017,gcb8348.tif,0.438,3.073,0.583,1.162,279,626,120.379,0.635,2.059,0.486,0.811
6018,gcb8348.tif,0.433,2.543,0.842,0.990,428,626,119.249,0.648,1.562,0.640,0.948
6019,gcb8348.tif,0.172,1.803,0.665,0.656,159,629,108.435,0.447,1.603,0.624,0.814
6020,gcb8348.tif,0.170,1.884,0.600,0.623,886,632,146.310,0.483,1.228,0.814,0.805
6021,gcb8348.tif,0.116,1.588,0.578,0.682,874,631,120.466,0.259,3.053,0.328,0.815
6022,gcb8348.tif,0.460,3.553,0.458,1.360,305,667,62.784,0.658,2.750,0.364,0.745
6023,gcb8348.tif,0.201,2.060,0.594,0.901,130,634,147.529,0.343,2.826,0.354,0.864
6024,gcb8348.tif,0.263,2.141,0.721,0.802,979,638,97.431,0.478,1.721,0.581,0.889
6025,gcb8348.tif,0.189,1.824,0.713,0.719,337,641,144.782,0.371,2.131,0.469,0.861
6026,gcb8348.tif,0.414,2.857,0.638,1.067,757,648,150.945,0.566,2.213,0.452,0.823
6027,gcb8348.tif,0.195,1.738,0.810,0.691,460,646,143.130,0.431,1.669,0.599,0.896
6028,gcb8348.tif,0.350,2.707,0.600,1.161,551,646,126.529,0.433,3.070,0.326,0.840
6029,gcb8348.tif,0.055,1.030,0.651,0.480,628,646,149.744,0.197,2.801,0.357,0.821
6030,gcb8348.tif,0.260,2.201,0.675,0.930,495,659,21.801,0.401,2.616,0.382,0.886
6031,gcb8348.tif,0.202,2.353,0.458,0.665,931,665,62.103,0.556,1.291,0.775,0.756
6032,gcb8348.tif,0.978,6.206,0.319,1.700,508,688,52.431,1.253,1.627,0.615,0.680
6033,gcb8348.tif,0.074,1.070,0.812,0.449,12,662,67.380,0.240,2.039,0.491,0.905
6034,gcb8348.tif,0.902,3.777,0.794,1.324,428,671,7.496,1.051,1.227,0.815,0.912
6035,gcb8348.tif,0.978,5.995,0.342,2.022,598,660,160.017,0.915,2.683,0.373,0.701
6036,gcb8348.tif,0.348,2.226,0.881,0.807,872,679,80.134,0.615,1.322,0.757,0.930
6037,gcb8348.tif,0.148,2.066,0.436,0.915,323,683,79.114,0.252,4.366,0.229,0.821
6038,gcb8348.tif,0.123,1.355,0.842,0.558,734,658,158.199,0.311,1.722,0.581,0.912
6039,gcb8348.tif,0.720,3.309,0.827,1.226,154,661,130.426,0.842,1.475,0.678,0.940
6040,gcb8348.tif,0.059,0.932,0.846,0.394,478,659,142.125,0.244,1.632,0.613,0.883
6041,gcb8348.tif,0.373,2.471,0.767,0.883,809,681,59.421,0.586,1.538,0.650,0.890
6042,gcb8348.tif,1.065,4.623,0.626,1.654,895,659,116.030,1.133,1.462,0.684,0.849
6043,gcb8348.tif,0.258,2.296,0.615,0.898,967,659,112.620,0.471,2.127,0.470,0.854
6044,gcb8348.tif,0.652,3.418,0.701,1.350,352,661,103.325,0.705,1.861,0.537,0.915
6045,gcb8348.tif,0.113,1.534,0.606,0.671,797,680,78.111,0.242,3.106,0.322,0.860
6046,gcb8348.tif,0.300,2.437,0.634,1.008,839,694,84.094,0.401,2.715,0.368,0.896
6047,gcb8348.tif,0.099,1.188,0.882,0.464,22,681,63.435,0.306,1.544,0.648,0.912
6048,gcb8348.tif,1.599,8.367,0.287,2.225,240,690,6.242,1.508,1.418,0.705,0.662
6049,gcb8348.tif,0.102,1.392,0.658,0.514,781,685,70.346,0.301,1.833,0.546,0.825
6050,gcb8348.tif,0.247,1.876,0.883,0.686,469,678,130.914,0.510,1.328,0.753,0.937
6051,gcb8348.tif,0.806,6.629,0.231,2.227,681,678,138.145,0.944,3.044,0.329,0.585
6052,gcb8348.tif,0.737,4.566,0.444,1.421,655,681,108.435,1.002,1.590,0.629,0.714
6053,gcb8348.tif,0.345,2.617,0.633,1.065,868,706,54.246,0.480,2.404,0.416,0.872
6054,gcb8348.tif,0.134,1.363,0.904,0.529,609,692,11.310,0.346,1.513,0.661,0.914
6055,gcb8348.tif,0.074,0.981,0.967,0.372,538,693,111.801,0.276,1.314,0.761,0.905
6056,gcb8348.tif,0.159,1.608,0.772,0.570,971,712,75.964,0.448,1.286,0.778,0.858
6057,gcb8348.tif,0.312,3.179,0.388,0.968,324,697,124.824,0.782,1.229,0.814,0.640
6058,gcb8348.tif,0.156,1.542,0.827,0.612,337,700,163.610,0.346,1.777,0.563,0.916
6059,gcb8348.tif,0.190,1.599,0.933,0.558,304,702,158.199,0.484,1.082,0.924,0.922
6060,gcb8348.tif,0.088,1.197,0.776,0.491,621,700,140.711,0.293,1.906,0.525,0.841
6061,gcb8348.tif,0.447,2.897,0.669,1.162,887,699,149.621,0.563,2.100,0.476,0.902
6062,gcb8348.tif,0.100,1.148,0.957,0.427,443,712,75.964,0.311,1.286,0.778,0.913
6063,gcb8348.tif,0.078,1.087,0.826,0.465,796,700,131.987,0.244,2.026,0.494,0.872
6064,gcb8348.tif,0.068,0.981,0.889,0.416,994,706,131.634,0.259,1.631,0.613,0.891
