 ,Label,Area,Perim.,Circ.,Feret,FeretX,FeretY,FeretAngle,MinFeret,AR,Round,Solidity
1,gcb8284.tif,0.813,4.421,0.523,1.922,145,22,73.301,0.601,3.444,0.290,0.846
2,gcb8284.tif,1.279,5.659,0.502,2.559,106,4,127.694,0.762,3.898,0.257,0.844
3,gcb8284.tif,0.940,4.367,0.619,1.770,587,12,27.897,0.879,2.361,0.423,0.804
4,gcb8284.tif,1.262,4.735,0.707,1.861,811,3,98.531,0.910,2.184,0.458,0.884
5,gcb8284.tif,0.593,2.774,0.968,0.995,343,7,123.690,0.828,1.041,0.960,0.940
6,gcb8284.tif,1.092,3.739,0.982,1.402,668,9,113.199,1.012,1.278,0.782,0.945
7,gcb8284.tif,0.677,3.187,0.838,1.238,573,14,131.987,0.782,1.611,0.621,0.884
8,gcb8284.tif,0.313,1.984,1.000,0.786,615,15,159.444,0.552,1.382,0.724,0.892
9,gcb8284.tif,0.203,1.593,1.000,0.617,686,13,116.565,0.460,1.103,0.907,0.906
10,gcb8284.tif,0.805,3.447,0.851,1.282,395,19,111.038,0.920,1.403,0.713,0.896
11,gcb8284.tif,2.405,5.700,0.930,2.018,409,40,43.152,1.692,1.170,0.855,0.945
12,gcb8284.tif,0.127,1.279,0.976,0.496,732,22,111.801,0.368,1.186,0.843,0.882
13,gcb8284.tif,1.236,3.999,0.972,1.487,283,29,111.801,1.104,1.252,0.798,0.939
14,gcb8284.tif,0.203,1.539,1.000,0.617,382,29,116.565,0.460,1.222,0.818,0.906
15,gcb8284.tif,1.651,4.758,0.917,1.712,458,43,36.254,1.358,1.272,0.786,0.935
16,gcb8284.tif,0.068,1.019,0.820,0.496,694,29,158.199,0.184,2.392,0.418,0.889
17,gcb8284.tif,0.423,2.482,0.864,0.906,369,30,113.962,0.644,1.394,0.717,0.885
18,gcb8284.tif,2.126,5.624,0.845,2.119,502,30,124.380,1.551,1.338,0.748,0.923
19,gcb8284.tif,0.263,2.060,0.777,0.920,820,36,143.130,0.455,2.257,0.443,0.816
20,gcb8284.tif,0.881,3.425,0.944,1.252,484,40,143.973,1.012,1.209,0.827,0.929
21,gcb8284.tif,0.102,1.095,1.000,0.460,658,40,126.870,0.368,1.218,0.821,0.889
22,gcb8284.tif,0.161,1.539,0.853,0.664,751,41,146.310,0.424,1.689,0.592,0.826
23,gcb8284.tif,0.178,1.616,0.856,0.664,943,42,146.310,0.453,1.490,0.671,0.824
24,gcb8284.tif,0.119,1.149,1.000,0.460,237,43,126.870,0.368,1.020,0.981,0.933
25,gcb8284.tif,2.490,5.700,0.963,1.915,374,46,144.782,1.748,1.028,0.973,0.951
26,gcb8284.tif,0.601,2.926,0.882,1.077,417,52,19.983,0.828,1.189,0.841,0.887
27,gcb8284.tif,2.397,5.754,0.910,2.020,526,48,120.069,1.656,1.119,0.894,0.934
28,gcb8284.tif,0.788,3.240,0.943,1.123,285,63,55.008,1.012,1.089,0.918,0.912
29,gcb8284.tif,0.813,3.272,0.954,1.252,591,53,126.027,0.920,1.212,0.825,0.950
30,gcb8284.tif,1.440,5.332,0.636,2.125,471,64,17.650,1.127,2.020,0.495,0.840
31,gcb8284.tif,1.050,3.716,0.955,1.327,627,57,146.310,1.012,1.160,0.862,0.954
32,gcb8284.tif,0.212,1.593,1.000,0.617,791,56,116.565,0.460,1.177,0.849,0.926
33,gcb8284.tif,0.305,1.930,1.000,0.701,707,57,113.199,0.644,1.050,0.953,0.889
34,gcb8284.tif,0.652,2.926,0.957,1.077,766,75,70.017,0.828,1.176,0.850,0.917
35,gcb8284.tif,1.050,3.739,0.944,1.340,581,79,74.055,1.012,1.225,0.817,0.925
36,gcb8284.tif,0.186,1.463,1.000,0.589,404,66,128.660,0.460,1.101,0.908,0.936
37,gcb8284.tif,0.415,2.298,0.988,0.848,475,76,167.471,0.644,1.169,0.856,0.907
38,gcb8284.tif,0.178,1.463,1.000,0.589,707,73,128.660,0.460,1.062,0.942,0.913
39,gcb8284.tif,0.229,1.670,1.000,0.617,496,74,116.565,0.552,1.092,0.916,0.885
40,gcb8284.tif,1.490,4.573,0.895,1.607,303,75,103.241,1.288,1.239,0.807,0.921
41,gcb8284.tif,0.449,2.482,0.916,0.995,638,86,56.310,0.640,1.656,0.604,0.898
42,gcb8284.tif,1.694,4.811,0.919,1.736,446,78,122.005,1.288,1.276,0.784,0.935
43,gcb8284.tif,0.728,3.317,0.832,1.318,943,77,114.775,0.817,1.576,0.634,0.887
44,gcb8284.tif,0.500,2.612,0.920,0.991,357,88,68.199,0.728,1.405,0.712,0.894
45,gcb8284.tif,2.363,5.722,0.907,2.098,648,94,37.875,1.562,1.335,0.749,0.933
46,gcb8284.tif,0.093,1.041,1.000,0.412,753,79,116.565,0.368,1.139,0.878,0.815
47,gcb8284.tif,0.618,3.003,0.862,1.252,419,89,36.027,0.716,1.779,0.562,0.907
48,gcb8284.tif,0.965,3.631,0.920,1.282,520,82,111.038,1.104,1.117,0.895,0.901
49,gcb8284.tif,0.644,2.850,0.996,1.077,547,86,109.983,0.736,1.342,0.745,0.950
50,gcb8284.tif,1.821,8.182,0.342,2.172,604,109,53.616,1.800,1.378,0.726,0.613
51,gcb8284.tif,0.178,1.409,1.000,0.537,741,89,120.964,0.460,1.000,1.000,0.913
52,gcb8284.tif,0.406,2.329,0.941,0.868,577,91,122.005,0.644,1.213,0.824,0.932
53,gcb8284.tif,0.610,2.742,1.000,0.991,303,93,111.801,0.828,1.087,0.920,0.935
54,gcb8284.tif,2.117,5.538,0.867,1.956,482,98,131.186,1.482,1.279,0.782,0.921
55,gcb8284.tif,4.285,9.331,0.618,3.438,718,134,74.476,1.734,2.312,0.432,0.858
56,gcb8284.tif,1.211,4.053,0.926,1.487,757,113,68.199,1.104,1.312,0.762,0.929
57,gcb8284.tif,0.965,3.662,0.904,1.327,436,100,123.690,1.012,1.320,0.758,0.923
58,gcb8284.tif,0.550,3.555,0.547,1.282,564,100,111.038,0.644,2.198,0.455,0.769
59,gcb8284.tif,4.302,8.550,0.739,2.906,511,135,79.046,2.025,1.507,0.664,0.905
60,gcb8284.tif,2.075,6.741,0.574,2.430,656,126,24.624,1.482,1.780,0.562,0.811
61,gcb8284.tif,2.879,6.459,0.867,2.212,549,112,106.928,1.790,1.260,0.793,0.924
62,gcb8284.tif,1.016,3.662,0.952,1.380,609,124,36.870,1.070,1.259,0.794,0.949
63,gcb8284.tif,0.322,2.437,0.681,1.049,946,125,74.745,0.368,2.593,0.386,0.927
64,gcb8284.tif,0.373,2.298,0.887,0.920,465,122,36.870,0.644,1.511,0.662,0.871
65,gcb8284.tif,1.541,5.040,0.762,1.897,802,138,39.094,1.222,1.694,0.590,0.850
66,gcb8284.tif,2.032,5.256,0.925,1.840,415,124,126.870,1.472,1.196,0.836,0.939
67,gcb8284.tif,0.085,1.019,1.000,0.460,336,127,53.130,0.276,1.559,0.641,0.909
68,gcb8284.tif,0.932,3.532,0.938,1.278,391,138,59.744,1.012,1.179,0.848,0.936
69,gcb8284.tif,0.745,3.164,0.935,1.153,369,143,61.390,0.920,1.207,0.829,0.921
70,gcb8284.tif,0.745,3.110,0.968,1.112,642,145,65.556,0.920,1.113,0.899,0.926
71,gcb8284.tif,0.982,3.662,0.920,1.380,674,146,53.130,1.012,1.301,0.769,0.935
72,gcb8284.tif,0.364,2.114,1.000,0.792,334,142,35.538,0.644,1.153,0.867,0.896
73,gcb8284.tif,1.736,4.834,0.934,1.646,399,140,153.435,1.472,1.068,0.937,0.928
74,gcb8284.tif,1.711,4.865,0.908,1.697,579,149,40.601,1.380,1.114,0.898,0.948
75,gcb8284.tif,0.178,1.409,1.000,0.537,658,136,120.964,0.460,1.000,1.000,0.913
76,gcb8284.tif,0.102,1.073,1.000,0.460,262,140,143.130,0.276,1.333,0.750,1.000
77,gcb8284.tif,0.229,2.666,0.404,1.120,699,144,9.462,0.368,3.325,0.301,0.701
78,gcb8284.tif,0.085,1.041,0.982,0.412,309,141,116.565,0.325,1.241,0.806,0.800
79,gcb8284.tif,0.313,1.961,1.000,0.742,317,141,119.745,0.552,1.187,0.842,0.937
80,gcb8284.tif,3.040,6.405,0.931,2.119,541,142,124.380,1.933,1.031,0.970,0.955
81,gcb8284.tif,0.178,1.885,0.629,0.848,513,143,167.471,0.276,3.413,0.293,0.875
82,gcb8284.tif,0.923,3.447,0.976,1.308,652,155,39.289,0.976,1.308,0.764,0.928
83,gcb8284.tif,0.288,2.114,0.810,0.848,689,152,40.601,0.553,1.661,0.602,0.810
84,gcb8284.tif,0.500,2.514,0.994,0.920,618,152,143.130,0.736,1.034,0.967,0.959
85,gcb8284.tif,0.373,3.469,0.389,1.532,833,152,122.735,0.434,4.148,0.241,0.677
86,gcb8284.tif,2.253,5.516,0.930,1.967,285,175,79.216,1.472,1.268,0.789,0.945
87,gcb8284.tif,3.032,8.725,0.500,2.946,665,185,75.530,1.590,2.114,0.473,0.837
88,gcb8284.tif,0.152,1.333,1.000,0.589,696,163,51.340,0.368,1.362,0.734,0.947
89,gcb8284.tif,0.686,3.402,0.745,1.405,705,159,148.392,0.695,2.185,0.458,0.853
90,gcb8284.tif,1.812,8.173,0.341,2.650,492,165,159.677,1.368,2.506,0.399,0.646
91,gcb8284.tif,0.102,1.095,1.000,0.460,750,162,126.870,0.368,1.135,0.881,0.857
92,gcb8284.tif,2.964,6.328,0.930,2.119,626,164,124.380,1.840,1.071,0.934,0.946
93,gcb8284.tif,0.415,2.536,0.811,1.029,924,163,100.305,0.552,1.864,0.537,0.875
94,gcb8284.tif,0.669,3.142,0.852,1.196,310,164,112.620,0.736,1.614,0.620,0.913
95,gcb8284.tif,0.584,2.850,0.904,1.112,605,166,114.444,0.736,1.477,0.677,0.914
96,gcb8284.tif,1.516,4.497,0.942,1.543,592,168,107.354,1.288,1.156,0.865,0.935
97,gcb8284.tif,2.430,5.808,0.905,2.037,683,168,108.435,1.564,1.279,0.782,0.944
98,gcb8284.tif,3.421,6.903,0.902,2.216,453,173,138.366,2.117,1.010,0.990,0.941
99,gcb8284.tif,1.135,3.869,0.953,1.405,360,171,121.608,1.104,1.210,0.826,0.934
100,gcb8284.tif,1.550,4.834,0.833,1.729,564,170,115.201,1.272,1.361,0.735,0.891
101,gcb8284.tif,0.195,1.670,0.878,0.701,852,173,113.199,0.453,1.677,0.596,0.852
102,gcb8284.tif,1.126,4.138,0.826,1.692,816,174,112.380,0.828,1.963,0.510,0.957
103,gcb8284.tif,0.466,2.428,0.993,0.920,773,184,53.130,0.736,1.202,0.832,0.902
104,gcb8284.tif,2.430,5.830,0.899,2.100,322,197,61.189,1.687,1.240,0.806,0.938
105,gcb8284.tif,2.016,7.944,0.401,3.014,743,177,102.339,1.310,2.158,0.463,0.708
106,gcb8284.tif,0.093,1.095,0.976,0.412,756,177,116.565,0.368,1.035,0.966,0.846
107,gcb8284.tif,3.836,9.363,0.550,3.141,536,208,58.173,2.264,1.270,0.788,0.770
108,gcb8284.tif,1.084,3.945,0.875,1.487,493,188,21.801,1.037,1.435,0.697,0.908
109,gcb8284.tif,0.152,1.333,1.000,0.537,412,182,120.964,0.368,1.218,0.821,0.947
110,gcb8284.tif,0.754,3.187,0.933,1.235,710,195,63.435,0.902,1.417,0.706,0.918
111,gcb8284.tif,0.703,4.282,0.482,1.487,600,201,68.199,0.917,1.970,0.508,0.667
112,gcb8284.tif,2.117,5.484,0.884,1.840,612,191,143.130,1.627,1.148,0.871,0.921
113,gcb8284.tif,0.296,1.907,1.000,0.742,644,194,29.745,0.552,1.144,0.874,0.933
114,gcb8284.tif,0.254,1.831,0.952,0.719,587,197,50.194,0.552,1.134,0.882,0.909
115,gcb8284.tif,0.813,3.294,0.941,1.252,443,196,126.027,0.920,1.287,0.777,0.932
116,gcb8284.tif,0.881,3.631,0.839,1.437,510,209,50.194,0.905,1.636,0.611,0.897
117,gcb8284.tif,1.084,5.180,0.508,1.987,586,224,76.608,0.924,2.809,0.356,0.721
118,gcb8284.tif,2.337,5.830,0.864,2.134,684,203,97.431,1.472,1.421,0.704,0.929
119,gcb8284.tif,3.396,10.848,0.363,3.221,643,204,126.870,2.097,1.884,0.531,0.704
120,gcb8284.tif,0.838,3.631,0.799,1.380,936,207,143.130,0.970,1.463,0.684,0.868
121,gcb8284.tif,0.330,2.092,0.949,0.848,594,208,139.399,0.644,1.248,0.802,0.918
122,gcb8284.tif,0.855,3.900,0.706,1.518,776,207,104.036,0.736,2.072,0.483,0.902
123,gcb8284.tif,0.559,2.720,0.949,1.029,400,219,63.435,0.736,1.278,0.782,0.923
124,gcb8284.tif,0.694,3.034,0.948,1.196,723,209,112.620,0.736,1.512,0.661,0.948
125,gcb8284.tif,2.354,5.700,0.911,2.020,519,229,59.931,1.685,1.190,0.841,0.941
126,gcb8284.tif,0.110,1.355,0.753,0.589,850,210,141.340,0.325,1.850,0.541,0.743
127,gcb8284.tif,1.025,3.793,0.895,1.455,699,226,71.565,0.920,1.547,0.646,0.931
128,gcb8284.tif,1.203,4.129,0.886,1.583,422,224,35.538,1.155,1.387,0.721,0.928
129,gcb8284.tif,0.652,2.926,0.957,1.049,459,221,52.125,0.911,1.096,0.912,0.911
130,gcb8284.tif,1.939,5.202,0.901,1.922,555,233,73.301,1.380,1.376,0.727,0.931
131,gcb8284.tif,0.779,3.218,0.945,1.123,495,218,124.992,0.920,1.106,0.904,0.934
132,gcb8284.tif,0.821,3.294,0.951,1.164,285,219,108.435,0.920,1.139,0.878,0.928
133,gcb8284.tif,0.102,1.095,1.000,0.460,387,220,126.870,0.368,1.218,0.821,0.889
134,gcb8284.tif,0.881,3.425,0.944,1.282,412,221,111.038,0.920,1.333,0.750,0.933
135,gcb8284.tif,1.143,3.869,0.960,1.455,763,236,71.565,1.012,1.369,0.731,0.941
136,gcb8284.tif,0.076,0.965,1.000,0.412,819,225,153.435,0.276,1.340,0.746,0.857
137,gcb8284.tif,12.423,14.371,0.756,5.174,439,281,84.898,3.405,1.532,0.653,0.932
138,gcb8284.tif,2.371,5.884,0.861,2.156,345,250,50.194,1.646,1.353,0.739,0.924
139,gcb8284.tif,0.796,3.294,0.922,1.164,465,230,108.435,0.920,1.219,0.820,0.917
140,gcb8284.tif,0.838,4.843,0.449,2.043,944,232,97.765,0.552,4.147,0.241,0.805
141,gcb8284.tif,0.085,1.095,0.887,0.496,529,237,21.801,0.276,1.690,0.592,0.833
142,gcb8284.tif,1.059,3.815,0.914,1.437,564,252,39.806,1.083,1.357,0.737,0.909
143,gcb8284.tif,3.226,6.773,0.884,2.478,372,266,74.932,1.748,1.452,0.689,0.944
144,gcb8284.tif,0.169,1.539,0.898,0.617,864,241,153.435,0.453,1.444,0.692,0.851
145,gcb8284.tif,0.940,3.501,0.964,1.278,735,250,30.256,1.041,1.227,0.815,0.929
146,gcb8284.tif,0.669,3.056,0.900,1.138,409,255,75.964,0.828,1.313,0.762,0.888
147,gcb8284.tif,1.406,4.313,0.950,1.487,589,254,21.801,1.288,1.087,0.920,0.933
148,gcb8284.tif,0.474,2.536,0.927,0.961,475,246,106.699,0.644,1.404,0.712,0.918
149,gcb8284.tif,0.923,3.685,0.854,1.455,485,262,71.565,0.902,1.666,0.600,0.905
150,gcb8284.tif,0.347,2.092,0.997,0.823,793,255,63.435,0.552,1.334,0.750,0.932
151,gcb8284.tif,0.390,2.222,0.992,0.848,301,258,49.399,0.644,1.136,0.880,0.920
152,gcb8284.tif,0.195,1.723,0.824,0.701,811,254,113.199,0.368,1.733,0.577,0.902
153,gcb8284.tif,0.711,3.034,0.971,1.112,275,267,65.556,0.828,1.218,0.821,0.939
154,gcb8284.tif,0.500,2.590,0.936,1.029,347,262,26.565,0.644,1.549,0.646,0.929
155,gcb8284.tif,0.864,3.393,0.943,1.282,642,259,111.038,0.976,1.333,0.750,0.907
156,gcb8284.tif,0.915,3.869,0.768,1.523,389,261,154.983,0.906,1.863,0.537,0.840
157,gcb8284.tif,1.270,4.520,0.781,1.813,415,262,113.962,0.991,1.879,0.532,0.893
158,gcb8284.tif,0.627,2.796,1.000,0.995,319,266,123.690,0.828,1.098,0.911,0.925
159,gcb8284.tif,2.541,5.992,0.889,2.125,598,287,72.350,1.564,1.358,0.737,0.939
160,gcb8284.tif,1.033,3.609,0.997,1.327,672,278,56.310,1.012,1.196,0.836,0.949
161,gcb8284.tif,1.338,4.313,0.904,1.509,353,280,52.431,1.288,1.126,0.888,0.919
162,gcb8284.tif,0.373,2.244,0.930,0.920,513,275,36.870,0.651,1.456,0.687,0.863
163,gcb8284.tif,2.473,5.830,0.914,2.098,576,290,74.745,1.564,1.288,0.776,0.942
164,gcb8284.tif,0.330,2.015,1.000,0.792,478,276,54.462,0.552,1.174,0.852,0.963
165,gcb8284.tif,2.270,5.570,0.919,1.967,710,270,100.784,1.472,1.295,0.772,0.942
166,gcb8284.tif,0.830,3.317,0.948,1.164,759,284,71.565,1.012,1.134,0.882,0.899
167,gcb8284.tif,0.474,2.742,0.792,1.077,491,279,19.983,0.644,1.786,0.560,0.842
168,gcb8284.tif,1.533,7.446,0.347,2.559,519,295,52.306,1.301,2.504,0.399,0.576
169,gcb8284.tif,0.119,1.149,1.000,0.460,253,274,126.870,0.368,1.125,0.889,0.933
170,gcb8284.tif,0.932,3.923,0.761,1.631,693,276,106.390,0.828,1.722,0.581,0.902
171,gcb8284.tif,2.795,6.611,0.803,2.436,365,297,10.886,1.717,1.508,0.663,0.896
172,gcb8284.tif,0.610,2.926,0.895,1.196,942,287,112.620,0.728,1.701,0.588,0.911
173,gcb8284.tif,0.474,2.688,0.825,0.995,498,293,146.310,0.733,1.465,0.683,0.830
174,gcb8284.tif,0.474,2.406,1.000,0.978,570,292,131.186,0.736,1.228,0.814,0.949
175,gcb8284.tif,1.304,4.129,0.961,1.405,594,303,31.608,1.288,1.050,0.952,0.931
176,gcb8284.tif,0.347,2.298,0.826,0.947,399,301,29.055,0.568,1.819,0.550,0.854
177,gcb8284.tif,0.542,2.612,0.998,0.947,559,297,119.055,0.828,1.088,0.919,0.908
178,gcb8284.tif,1.863,8.658,0.312,3.556,699,301,169.563,1.012,4.691,0.213,0.589
179,gcb8284.tif,0.559,2.720,0.949,1.029,528,300,153.435,0.736,1.196,0.836,0.923
180,gcb8284.tif,2.024,5.417,0.867,2.100,455,320,61.189,1.361,1.515,0.660,0.945
181,gcb8284.tif,0.279,2.244,0.697,1.041,751,302,135.000,0.521,2.452,0.408,0.767
182,gcb8284.tif,2.016,5.332,0.891,1.787,492,308,124.509,1.564,1.101,0.909,0.917
183,gcb8284.tif,2.320,5.830,0.858,2.146,519,329,59.036,1.440,1.477,0.677,0.929
184,gcb8284.tif,3.726,7.163,0.913,2.456,631,334,77.005,2.025,1.218,0.821,0.945
185,gcb8284.tif,2.066,5.386,0.895,1.952,435,309,98.130,1.380,1.398,0.715,0.933
186,gcb8284.tif,1.745,4.811,0.947,1.746,333,328,71.565,1.288,1.287,0.777,0.947
187,gcb8284.tif,2.185,5.538,0.895,2.172,549,310,126.384,1.366,1.596,0.626,0.942
188,gcb8284.tif,0.212,1.800,0.821,0.664,785,312,123.690,0.535,1.331,0.751,0.820
189,gcb8284.tif,2.515,7.728,0.529,2.532,591,327,19.093,1.621,1.816,0.551,0.773
190,gcb8284.tif,0.059,0.835,1.000,0.332,745,315,123.690,0.276,1.069,0.936,0.875
191,gcb8284.tif,1.490,4.497,0.926,1.607,662,316,103.241,1.196,1.308,0.765,0.931
192,gcb8284.tif,0.517,2.590,0.968,0.947,278,326,60.945,0.736,1.139,0.878,0.931
193,gcb8284.tif,0.406,2.276,0.986,0.848,710,320,130.601,0.644,1.130,0.885,0.932
194,gcb8284.tif,1.236,4.228,0.869,1.631,397,329,16.390,1.111,1.483,0.674,0.896
195,gcb8284.tif,0.059,0.835,1.000,0.332,802,320,123.690,0.276,1.069,0.936,0.875
196,gcb8284.tif,0.855,3.425,0.917,1.200,535,327,122.471,1.012,1.119,0.894,0.906
197,gcb8284.tif,0.169,1.463,0.994,0.589,514,335,38.660,0.460,1.072,0.933,0.909
198,gcb8284.tif,0.525,2.796,0.844,1.123,584,331,124.992,0.815,1.426,0.701,0.855
199,gcb8284.tif,0.466,3.945,0.376,1.518,812,333,104.036,0.623,2.751,0.364,0.640
200,gcb8284.tif,1.956,5.462,0.824,2.146,935,335,120.964,1.366,1.572,0.636,0.926
201,gcb8284.tif,0.762,3.056,1.000,1.153,421,343,28.610,0.920,1.174,0.852,0.938
202,gcb8284.tif,2.651,8.572,0.453,2.654,459,339,146.310,1.939,1.495,0.669,0.686
203,gcb8284.tif,1.736,6.243,0.560,2.140,549,337,154.537,1.230,1.997,0.501,0.798
204,gcb8284.tif,0.322,1.961,1.000,0.781,274,344,45.000,0.552,1.136,0.880,0.950
205,gcb8284.tif,0.576,2.926,0.845,1.077,785,338,109.983,0.815,1.474,0.678,0.866
206,gcb8284.tif,2.380,5.776,0.896,2.103,605,361,66.801,1.513,1.406,0.711,0.935
207,gcb8284.tif,0.415,2.406,0.901,0.978,850,347,48.814,0.716,1.355,0.738,0.891
208,gcb8284.tif,0.254,1.854,0.929,0.781,728,346,45.000,0.521,1.522,0.657,0.882
209,gcb8284.tif,3.675,7.239,0.881,2.532,527,347,109.093,2.025,1.209,0.827,0.940
210,gcb8284.tif,1.025,3.869,0.860,1.523,657,349,115.017,0.970,1.648,0.607,0.913
211,gcb8284.tif,0.813,3.317,0.929,1.164,407,356,161.565,1.012,1.134,0.882,0.897
212,gcb8284.tif,0.364,2.168,0.974,0.823,274,352,116.565,0.644,1.245,0.803,0.896
213,gcb8284.tif,1.448,7.944,0.288,2.617,634,353,100.125,1.330,2.484,0.403,0.548
214,gcb8284.tif,0.720,3.110,0.935,1.112,754,365,65.556,0.920,1.134,0.882,0.909
215,gcb8284.tif,0.745,3.164,0.935,1.200,304,366,57.529,0.920,1.254,0.797,0.921
216,gcb8284.tif,1.203,4.161,0.873,1.607,693,372,66.371,1.012,1.590,0.629,0.934
217,gcb8284.tif,0.263,1.831,0.984,0.719,737,362,50.194,0.552,1.098,0.911,0.925
218,gcb8284.tif,0.390,2.222,0.992,0.823,386,366,63.435,0.644,1.163,0.860,0.920
219,gcb8284.tif,0.686,2.980,0.971,1.073,580,358,120.964,0.920,1.086,0.921,0.926
220,gcb8284.tif,0.618,2.850,0.956,1.029,499,361,116.565,0.828,1.203,0.831,0.918
221,gcb8284.tif,0.999,3.685,0.925,1.282,400,363,111.038,1.104,1.143,0.875,0.911
222,gcb8284.tif,2.464,6.773,0.675,2.842,933,366,119.055,1.357,2.068,0.484,0.901
223,gcb8284.tif,1.999,5.224,0.920,1.787,556,388,55.491,1.546,1.141,0.877,0.931
224,gcb8284.tif,1.711,4.704,0.972,1.583,607,386,35.538,1.472,1.032,0.969,0.942
225,gcb8284.tif,0.889,4.107,0.663,1.659,463,392,70.560,0.844,2.208,0.453,0.827
226,gcb8284.tif,0.076,1.041,0.884,0.521,711,379,45.000,0.260,2.314,0.432,0.783
227,gcb8284.tif,0.144,1.279,1.000,0.537,677,376,120.964,0.368,1.263,0.792,0.919
228,gcb8284.tif,0.068,0.835,1.000,0.390,434,383,45.000,0.276,1.229,0.814,0.941
229,gcb8284.tif,0.415,2.406,0.901,0.920,704,381,143.130,0.644,1.197,0.836,0.933
230,gcb8284.tif,0.754,3.685,0.698,1.484,485,381,97.125,0.736,2.135,0.468,0.844
231,gcb8284.tif,0.271,1.854,0.991,0.701,258,384,113.199,0.552,1.136,0.880,0.889
232,gcb8284.tif,2.083,5.431,0.888,1.861,755,385,98.531,1.605,1.135,0.881,0.911
233,gcb8284.tif,0.415,3.990,0.328,1.077,444,392,160.017,0.799,1.385,0.722,0.653
234,gcb8284.tif,0.508,2.666,0.898,1.029,341,401,63.435,0.736,1.404,0.712,0.889
235,gcb8284.tif,1.516,5.884,0.550,2.346,727,391,101.310,0.943,2.918,0.343,0.806
236,gcb8284.tif,0.390,2.298,0.927,0.848,532,398,40.601,0.700,1.192,0.839,0.876
237,gcb8284.tif,2.295,6.405,0.703,2.393,697,419,67.380,1.564,1.484,0.674,0.863
238,gcb8284.tif,5.648,8.972,0.882,3.201,652,429,71.565,2.301,1.309,0.764,0.959
239,gcb8284.tif,1.126,3.977,0.895,1.487,675,396,111.801,1.012,1.452,0.689,0.930
240,gcb8284.tif,0.246,1.885,0.868,0.792,363,397,144.462,0.460,1.632,0.613,0.906
241,gcb8284.tif,1.194,3.923,0.975,1.380,400,398,126.870,1.196,1.060,0.943,0.943
242,gcb8284.tif,0.271,1.907,0.936,0.742,321,408,60.255,0.552,1.369,0.731,0.877
243,gcb8284.tif,0.567,2.796,0.912,1.077,768,403,109.983,0.736,1.474,0.678,0.893
244,gcb8284.tif,0.627,3.317,0.716,1.278,356,405,149.744,0.776,1.877,0.533,0.813
245,gcb8284.tif,2.439,5.884,0.885,2.166,593,404,102.265,1.472,1.462,0.684,0.938
246,gcb8284.tif,1.363,4.964,0.695,1.991,413,424,56.310,1.111,2.014,0.496,0.861
247,gcb8284.tif,1.092,3.945,0.882,1.628,440,406,132.709,0.976,1.630,0.613,0.925
248,gcb8284.tif,2.295,5.592,0.922,1.863,494,406,110.225,1.727,1.088,0.919,0.926
249,gcb8284.tif,1.736,4.942,0.893,1.729,934,423,64.799,1.380,1.155,0.866,0.940
250,gcb8284.tif,0.483,2.536,0.943,0.991,789,408,111.801,0.644,1.446,0.692,0.919
251,gcb8284.tif,0.534,2.590,1.000,0.947,619,409,119.055,0.736,1.145,0.873,0.947
252,gcb8284.tif,0.771,3.501,0.790,1.440,555,410,116.565,0.828,1.721,0.581,0.883
253,gcb8284.tif,0.415,2.298,0.988,0.868,241,417,122.005,0.716,1.172,0.853,0.907
254,gcb8284.tif,0.593,2.796,0.953,1.073,387,417,120.964,0.815,1.311,0.763,0.915
255,gcb8284.tif,0.474,2.482,0.967,0.920,456,425,53.130,0.736,1.157,0.865,0.911
256,gcb8284.tif,0.449,2.774,0.733,1.077,775,418,109.983,0.552,1.800,0.555,0.914
257,gcb8284.tif,0.584,2.818,0.924,1.077,269,430,70.017,0.823,1.321,0.757,0.885
258,gcb8284.tif,0.322,2.406,0.699,0.991,565,426,21.801,0.513,2.260,0.443,0.809
259,gcb8284.tif,1.008,3.609,0.973,1.282,473,424,111.038,1.012,1.175,0.851,0.944
260,gcb8284.tif,1.118,3.923,0.913,1.455,315,426,108.435,1.012,1.359,0.736,0.930
261,gcb8284.tif,0.432,2.558,0.829,1.049,373,434,37.875,0.638,1.893,0.528,0.843
262,gcb8284.tif,1.338,6.037,0.461,2.352,445,432,149.421,0.974,3.258,0.307,0.710
263,gcb8284.tif,2.354,5.722,0.903,2.076,552,440,12.804,1.564,1.355,0.738,0.934
264,gcb8284.tif,0.296,1.907,1.000,0.742,426,434,150.255,0.552,1.256,0.796,0.909
265,gcb8284.tif,0.779,3.164,0.978,1.123,643,435,124.992,0.920,1.114,0.898,0.939
266,gcb8284.tif,0.813,3.815,0.702,1.437,713,435,129.806,0.822,2.005,0.499,0.803
267,gcb8284.tif,0.313,2.222,0.798,0.995,787,436,146.310,0.536,1.938,0.516,0.871
268,gcb8284.tif,0.898,3.425,0.962,1.282,368,441,111.038,0.920,1.313,0.762,0.938
269,gcb8284.tif,0.119,1.203,1.000,0.521,941,445,45.000,0.368,1.239,0.807,0.933
270,gcb8284.tif,0.339,2.114,0.953,0.786,658,444,159.444,0.644,1.234,0.810,0.870
271,gcb8284.tif,4.166,9.905,0.534,2.981,397,456,8.881,2.300,1.506,0.664,0.802
272,gcb8284.tif,0.618,2.850,0.956,1.029,295,448,116.565,0.828,1.208,0.828,0.918
273,gcb8284.tif,1.389,4.573,0.834,1.787,331,448,101.889,1.104,1.669,0.599,0.911
274,gcb8284.tif,0.220,1.984,0.703,0.786,346,450,110.556,0.460,1.569,0.637,0.825
275,gcb8284.tif,1.203,4.412,0.776,1.768,496,451,128.660,0.998,1.866,0.536,0.882
276,gcb8284.tif,4.353,7.792,0.901,2.616,433,479,50.711,2.222,1.145,0.873,0.949
277,gcb8284.tif,0.610,2.796,0.980,1.029,659,464,63.435,0.828,1.184,0.845,0.923
278,gcb8284.tif,0.110,1.095,1.000,0.460,254,457,126.870,0.368,1.159,0.863,0.897
279,gcb8284.tif,0.237,1.723,1.000,0.719,724,464,39.806,0.521,1.409,0.710,0.903
280,gcb8284.tif,3.083,7.814,0.634,2.603,357,487,81.870,1.656,1.672,0.598,0.848
281,gcb8284.tif,3.506,6.957,0.910,2.416,545,484,72.255,1.933,1.210,0.827,0.947
282,gcb8284.tif,0.542,2.612,0.998,0.995,675,469,56.310,0.736,1.269,0.788,0.921
283,gcb8284.tif,2.041,6.979,0.527,2.619,574,489,71.565,1.162,2.773,0.361,0.788
284,gcb8284.tif,0.398,2.482,0.812,0.991,689,473,68.199,0.644,1.418,0.705,0.839
285,gcb8284.tif,0.296,1.907,1.000,0.719,624,464,129.806,0.552,1.129,0.885,0.921
286,gcb8284.tif,0.466,2.482,0.950,0.906,701,474,66.038,0.736,1.112,0.899,0.902
287,gcb8284.tif,0.406,2.329,0.941,0.868,756,465,122.005,0.644,1.198,0.835,0.923
288,gcb8284.tif,0.254,1.961,0.830,0.868,826,467,122.005,0.453,2.101,0.476,0.896
289,gcb8284.tif,0.906,3.501,0.929,1.282,730,481,68.962,1.012,1.291,0.775,0.918
290,gcb8284.tif,0.381,2.352,0.866,1.041,487,470,135.000,0.576,1.785,0.560,0.900
291,gcb8284.tif,0.542,3.555,0.539,1.429,783,476,14.931,0.644,2.157,0.464,0.805
292,gcb8284.tif,2.964,7.325,0.694,3.114,932,471,108.970,1.432,2.234,0.448,0.926
293,gcb8284.tif,2.981,6.481,0.892,2.256,338,473,101.768,1.763,1.287,0.777,0.935
294,gcb8284.tif,0.152,1.409,0.965,0.537,622,474,120.964,0.460,1.013,0.987,0.857
295,gcb8284.tif,0.110,1.149,1.000,0.521,670,476,135.000,0.368,1.450,0.690,0.897
296,gcb8284.tif,1.592,4.843,0.853,1.897,609,500,67.166,1.104,1.677,0.596,0.942
297,gcb8284.tif,1.008,3.685,0.933,1.429,319,483,104.931,0.920,1.452,0.689,0.930
298,gcb8284.tif,0.652,3.034,0.890,1.112,779,494,65.556,0.828,1.347,0.742,0.901
299,gcb8284.tif,0.517,2.558,0.992,0.995,372,494,56.310,0.736,1.373,0.728,0.910
300,gcb8284.tif,0.457,2.428,0.975,0.868,497,493,32.005,0.736,1.041,0.961,0.885
301,gcb8284.tif,0.525,2.590,0.984,0.947,286,487,119.055,0.736,1.144,0.874,0.939
302,gcb8284.tif,0.813,3.609,0.785,1.487,435,489,158.199,0.759,2.041,0.490,0.897
303,gcb8284.tif,2.244,5.440,0.953,1.897,702,487,112.834,1.564,1.136,0.880,0.948
304,gcb8284.tif,5.166,15.184,0.282,4.133,556,534,78.440,2.231,2.243,0.446,0.669
305,gcb8284.tif,0.415,2.298,0.988,0.848,805,498,40.601,0.736,1.100,0.909,0.899
306,gcb8284.tif,0.915,3.425,0.980,1.200,461,503,57.529,1.012,1.080,0.926,0.931
307,gcb8284.tif,0.279,1.984,0.892,0.786,795,502,69.444,0.524,1.605,0.623,0.857
308,gcb8284.tif,3.819,8.182,0.717,3.042,399,498,93.468,1.698,1.922,0.520,0.887
309,gcb8284.tif,2.583,8.572,0.442,2.557,423,500,149.744,1.892,1.548,0.646,0.692
310,gcb8284.tif,0.347,2.114,0.976,0.823,232,508,63.435,0.644,1.272,0.786,0.891
311,gcb8284.tif,0.254,1.777,1.000,0.664,497,501,123.690,0.552,1.004,0.996,0.909
312,gcb8284.tif,3.421,8.649,0.575,3.087,654,501,100.305,1.748,1.901,0.526,0.828
313,gcb8284.tif,1.075,3.761,0.955,1.368,510,519,70.346,1.104,1.220,0.820,0.924
314,gcb8284.tif,1.617,4.605,0.958,1.628,619,520,42.709,1.380,1.077,0.929,0.948
315,gcb8284.tif,1.143,4.564,0.690,2.043,589,510,125.838,0.781,2.807,0.356,0.871
316,gcb8284.tif,2.600,6.014,0.903,2.140,689,510,115.463,1.643,1.304,0.767,0.939
317,gcb8284.tif,0.449,2.765,0.738,1.049,459,524,74.745,0.711,1.544,0.647,0.785
318,gcb8284.tif,0.669,2.980,0.947,1.049,277,515,127.875,0.828,1.188,0.842,0.908
319,gcb8284.tif,0.119,1.225,0.993,0.496,752,518,21.801,0.368,1.240,0.807,0.824
320,gcb8284.tif,0.051,1.149,0.484,0.460,852,515,126.870,0.260,2.083,0.480,0.632
321,gcb8284.tif,0.212,1.593,1.000,0.617,331,524,63.435,0.460,1.147,0.872,0.909
322,gcb8284.tif,0.237,1.723,1.000,0.664,741,523,33.690,0.552,1.191,0.840,0.889
323,gcb8284.tif,0.830,3.317,0.948,1.228,343,532,77.005,0.920,1.275,0.784,0.907
324,gcb8284.tif,0.051,0.781,1.000,0.332,856,522,33.690,0.260,1.291,0.775,0.800
325,gcb8284.tif,0.254,1.930,0.857,0.759,939,520,104.036,0.552,1.408,0.710,0.822
326,gcb8284.tif,1.516,4.573,0.911,1.659,763,539,70.560,1.280,1.290,0.775,0.927
327,gcb8284.tif,3.531,8.128,0.672,2.688,435,529,141.953,2.093,1.407,0.711,0.847
328,gcb8284.tif,0.220,1.670,0.993,0.617,361,525,153.435,0.552,1.051,0.951,0.867
329,gcb8284.tif,0.635,2.980,0.899,1.200,464,535,57.529,0.782,1.612,0.621,0.915
330,gcb8284.tif,1.965,5.148,0.932,1.840,632,548,53.130,1.497,1.222,0.818,0.935
331,gcb8284.tif,0.855,3.478,0.888,1.368,738,532,109.654,0.828,1.622,0.616,0.927
332,gcb8284.tif,0.855,3.685,0.792,1.408,239,534,101.310,0.828,1.668,0.600,0.906
333,gcb8284.tif,0.788,3.218,0.956,1.153,364,536,118.610,0.920,1.155,0.866,0.935
334,gcb8284.tif,0.508,2.536,0.993,0.920,674,537,126.870,0.736,1.092,0.916,0.923
335,gcb8284.tif,1.203,4.053,0.920,1.523,711,551,64.983,1.104,1.399,0.715,0.928
336,gcb8284.tif,1.939,5.148,0.920,1.877,310,557,78.690,1.380,1.275,0.785,0.929
337,gcb8284.tif,0.076,1.019,0.923,0.460,413,541,143.130,0.276,1.758,0.569,0.857
338,gcb8284.tif,0.830,3.348,0.930,1.235,693,541,116.565,0.920,1.297,0.771,0.925
339,gcb8284.tif,0.102,1.041,1.000,0.460,463,544,126.870,0.368,1.281,0.781,0.857
340,gcb8284.tif,0.906,4.551,0.550,1.607,938,545,103.241,0.958,2.147,0.466,0.733
341,gcb8284.tif,0.381,2.482,0.777,0.920,390,557,53.130,0.669,1.351,0.740,0.804
342,gcb8284.tif,0.220,1.777,0.876,0.664,478,551,123.690,0.536,1.296,0.771,0.839
343,gcb8284.tif,1.262,4.183,0.906,1.484,329,570,60.255,1.196,1.221,0.819,0.923
344,gcb8284.tif,0.152,1.333,1.000,0.537,248,558,149.036,0.368,1.218,0.821,0.947
345,gcb8284.tif,2.210,5.516,0.913,1.991,526,572,33.690,1.605,1.243,0.804,0.937
346,gcb8284.tif,0.135,1.355,0.927,0.589,739,557,128.660,0.383,1.752,0.571,0.821
347,gcb8284.tif,0.999,3.793,0.873,1.487,503,577,68.199,0.920,1.642,0.609,0.925
348,gcb8284.tif,0.991,3.631,0.944,1.278,660,578,30.256,1.104,1.104,0.906,0.911
349,gcb8284.tif,0.466,3.187,0.576,1.123,727,575,34.992,0.714,1.745,0.573,0.728
350,gcb8284.tif,0.965,3.555,0.960,1.282,680,583,68.962,1.012,1.197,0.835,0.923
351,gcb8284.tif,0.881,3.425,0.944,1.282,248,584,68.962,0.920,1.321,0.757,0.920
352,gcb8284.tif,4.023,8.083,0.774,3.104,547,605,78.024,1.726,1.871,0.534,0.935
353,gcb8284.tif,0.381,2.276,0.925,0.868,297,581,57.995,0.644,1.308,0.764,0.900
354,gcb8284.tif,0.635,2.850,0.983,1.029,436,575,153.435,0.828,1.107,0.903,0.932
355,gcb8284.tif,0.110,1.539,0.584,0.617,769,579,63.435,0.276,2.448,0.408,0.743
356,gcb8284.tif,0.508,2.612,0.936,0.961,608,575,106.699,0.736,1.313,0.762,0.896
357,gcb8284.tif,0.525,3.523,0.532,1.318,940,579,102.095,0.802,1.465,0.683,0.743
358,gcb8284.tif,3.006,7.554,0.662,2.745,527,580,103.570,1.564,1.795,0.557,0.862
359,gcb8284.tif,3.006,9.071,0.459,2.940,332,612,69.864,1.979,1.794,0.557,0.715
360,gcb8284.tif,0.085,1.149,0.806,0.496,728,583,158.199,0.276,1.785,0.560,0.833
361,gcb8284.tif,0.423,2.352,0.962,0.906,275,584,113.962,0.644,1.360,0.735,0.909
362,gcb8284.tif,0.288,1.885,1.000,0.781,462,591,45.000,0.552,1.141,0.876,0.971
363,gcb8284.tif,0.119,1.149,1.000,0.460,305,586,126.870,0.368,1.125,0.889,0.933
364,gcb8284.tif,2.930,6.221,0.952,2.100,371,607,61.189,1.840,1.097,0.912,0.948
365,gcb8284.tif,2.049,5.256,0.932,1.834,644,605,72.474,1.472,1.206,0.829,0.943
366,gcb8284.tif,1.728,5.157,0.816,2.010,669,607,74.055,1.104,1.830,0.546,0.940
367,gcb8284.tif,0.728,3.110,0.946,1.164,438,588,108.435,0.828,1.336,0.748,0.920
368,gcb8284.tif,0.169,1.562,0.873,0.582,686,593,18.435,0.455,1.222,0.819,0.800
369,gcb8284.tif,0.169,1.463,0.994,0.589,759,589,128.660,0.460,1.237,0.808,0.889
370,gcb8284.tif,0.432,2.352,0.981,0.920,603,593,126.870,0.644,1.300,0.769,0.911
371,gcb8284.tif,0.263,1.854,0.960,0.701,713,594,113.199,0.552,1.241,0.806,0.873
372,gcb8284.tif,0.965,3.685,0.893,1.318,408,595,102.095,1.012,1.277,0.783,0.905
373,gcb8284.tif,1.262,5.018,0.630,1.758,940,614,83.991,1.193,1.247,0.802,0.828
374,gcb8284.tif,3.277,6.697,0.918,2.273,301,621,68.629,1.933,1.090,0.917,0.944
375,gcb8284.tif,0.584,2.796,0.939,0.995,349,600,123.690,0.828,1.215,0.823,0.890
376,gcb8284.tif,1.846,5.018,0.921,1.768,655,608,128.660,1.497,1.164,0.859,0.928
377,gcb8284.tif,2.583,5.906,0.930,1.982,558,609,111.801,1.748,1.090,0.918,0.941
378,gcb8284.tif,0.593,3.532,0.597,1.402,234,610,113.199,0.632,2.701,0.370,0.778
379,gcb8284.tif,0.483,2.558,0.927,0.961,732,620,73.301,0.728,1.364,0.733,0.870
380,gcb8284.tif,1.203,3.999,0.945,1.368,412,613,132.274,1.196,1.049,0.953,0.922
381,gcb8284.tif,0.711,3.003,0.992,1.123,632,620,145.008,0.911,1.218,0.821,0.918
382,gcb8284.tif,0.339,2.168,0.906,0.873,783,622,18.435,0.552,1.596,0.626,0.870
383,gcb8284.tif,2.685,7.966,0.532,2.567,536,620,104.534,1.786,1.572,0.636,0.783
384,gcb8284.tif,0.923,3.532,0.930,1.437,931,621,140.194,1.012,1.357,0.737,0.940
385,gcb8284.tif,0.788,3.218,0.956,1.153,376,623,118.610,0.920,1.132,0.883,0.935
386,gcb8284.tif,0.805,3.348,0.902,1.327,590,636,56.310,0.920,1.356,0.737,0.936
387,gcb8284.tif,0.601,2.742,1.000,0.995,393,630,123.690,0.828,1.103,0.907,0.916
388,gcb8284.tif,1.490,4.520,0.917,1.610,654,640,30.964,1.288,1.217,0.822,0.929
389,gcb8284.tif,0.661,3.003,0.921,1.049,469,641,52.125,0.915,1.126,0.888,0.876
390,gcb8284.tif,0.898,3.501,0.920,1.235,748,643,63.435,1.097,1.137,0.880,0.906
391,gcb8284.tif,1.177,3.945,0.950,1.402,430,633,113.199,1.196,1.157,0.864,0.927
392,gcb8284.tif,0.813,3.317,0.929,1.278,551,635,149.744,0.944,1.374,0.728,0.901
393,gcb8284.tif,0.102,1.095,1.000,0.460,768,636,36.870,0.368,1.135,0.881,0.857
394,gcb8284.tif,2.159,5.862,0.790,2.148,501,650,43.264,1.600,1.235,0.810,0.914
395,gcb8284.tif,0.923,3.707,0.844,1.437,318,648,39.806,0.938,1.568,0.638,0.883
396,gcb8284.tif,0.347,2.038,1.000,0.742,402,640,119.745,0.644,1.009,0.991,0.932
397,gcb8284.tif,1.321,4.183,0.949,1.487,485,657,68.199,1.196,1.175,0.851,0.943
398,gcb8284.tif,0.076,1.171,0.698,0.589,619,644,141.340,0.260,2.977,0.336,0.692
399,gcb8284.tif,2.092,5.278,0.944,1.815,681,651,149.534,1.564,1.122,0.891,0.936
400,gcb8284.tif,0.508,2.590,0.952,0.978,579,649,131.186,0.736,1.114,0.898,0.923
401,gcb8284.tif,0.322,1.961,1.000,0.742,730,649,119.745,0.552,1.159,0.863,0.950
402,gcb8284.tif,1.109,4.834,0.597,1.746,641,650,108.435,0.946,2.163,0.462,0.799
403,gcb8284.tif,1.169,3.977,0.929,1.455,397,656,145.305,1.104,1.242,0.805,0.939
404,gcb8284.tif,1.406,5.323,0.624,1.897,289,655,140.906,1.320,1.640,0.610,0.774
405,gcb8284.tif,0.347,2.092,0.997,0.848,337,664,49.399,0.552,1.263,0.791,0.932
406,gcb8284.tif,2.236,5.700,0.865,2.148,629,656,99.866,1.380,1.586,0.630,0.935
407,gcb8284.tif,0.195,1.517,1.000,0.589,734,660,128.660,0.460,1.008,0.992,0.958
408,gcb8284.tif,0.279,1.854,1.000,0.719,670,668,39.806,0.552,1.165,0.858,0.892
409,gcb8284.tif,0.483,2.428,1.000,0.873,713,662,108.435,0.736,1.085,0.921,0.912
410,gcb8284.tif,1.558,4.627,0.914,1.719,360,664,105.524,1.196,1.367,0.732,0.934
411,gcb8284.tif,0.279,1.831,1.000,0.719,489,669,39.806,0.552,1.071,0.934,0.957
412,gcb8284.tif,0.855,3.685,0.792,1.440,936,664,116.565,0.920,1.493,0.670,0.886
413,gcb8284.tif,4.234,7.693,0.899,2.656,565,693,75.964,2.025,1.283,0.780,0.950
414,gcb8284.tif,0.500,2.980,0.707,1.123,789,668,124.992,0.625,1.929,0.519,0.837
415,gcb8284.tif,0.932,3.425,0.998,1.235,337,683,63.435,1.012,1.098,0.911,0.948
416,gcb8284.tif,1.541,4.789,0.844,1.813,585,689,66.038,1.104,1.613,0.620,0.936
417,gcb8284.tif,0.415,2.841,0.646,1.077,732,671,109.983,0.644,1.870,0.535,0.772
418,gcb8284.tif,0.635,2.872,0.967,1.077,407,679,19.983,0.828,1.266,0.790,0.920
419,gcb8284.tif,1.516,4.650,0.881,1.697,683,689,40.601,1.251,1.376,0.727,0.906
420,gcb8284.tif,0.178,1.463,1.000,0.589,670,675,128.660,0.460,1.062,0.942,0.913
421,gcb8284.tif,0.762,3.218,0.925,1.196,283,676,112.620,0.828,1.381,0.724,0.933
422,gcb8284.tif,1.922,5.126,0.919,1.852,264,680,116.565,1.380,1.286,0.778,0.938
423,gcb8284.tif,1.457,4.421,0.936,1.532,390,693,57.265,1.288,1.112,0.899,0.940
424,gcb8284.tif,0.601,2.904,0.896,1.164,297,680,108.435,0.644,1.739,0.575,0.934
425,gcb8284.tif,1.406,4.421,0.904,1.607,521,681,103.241,1.104,1.382,0.724,0.938
426,gcb8284.tif,0.576,2.850,0.891,1.049,538,691,52.125,0.787,1.294,0.773,0.889
427,gcb8284.tif,0.212,1.593,1.000,0.617,325,683,116.565,0.460,1.230,0.813,0.909
428,gcb8284.tif,1.330,4.704,0.755,1.787,499,701,55.491,1.111,1.812,0.552,0.863
429,gcb8284.tif,4.751,8.366,0.853,3.009,700,714,66.571,2.117,1.435,0.697,0.950
430,gcb8284.tif,1.440,5.440,0.611,2.068,338,704,57.724,1.160,2.323,0.430,0.769
431,gcb8284.tif,0.559,2.818,0.884,1.029,934,689,153.435,0.864,1.149,0.871,0.857
432,gcb8284.tif,0.127,1.279,0.976,0.496,484,691,111.801,0.368,1.186,0.843,0.882
433,gcb8284.tif,1.143,4.183,0.821,1.573,675,693,110.556,1.012,1.531,0.653,0.925
434,gcb8284.tif,0.813,3.294,0.941,1.164,364,694,108.435,0.920,1.185,0.844,0.923
435,gcb8284.tif,0.313,2.069,0.920,0.792,324,695,125.538,0.552,1.266,0.790,0.937
436,gcb8284.tif,1.067,6.275,0.341,2.617,807,724,79.875,0.840,4.467,0.224,0.638
437,gcb8284.tif,0.152,1.355,1.000,0.582,460,701,18.435,0.368,1.416,0.706,0.878
438,gcb8284.tif,1.236,4.627,0.726,1.638,423,700,141.843,1.288,1.101,0.908,0.849
439,gcb8284.tif,0.728,3.164,0.914,1.200,554,710,57.529,0.902,1.264,0.791,0.915
440,gcb8284.tif,1.423,6.719,0.396,1.895,594,703,119.055,1.472,1.414,0.707,0.646
441,gcb8284.tif,1.033,3.739,0.929,1.327,399,717,56.310,1.104,1.189,0.841,0.921
442,gcb8284.tif,0.178,1.463,1.000,0.589,745,705,128.660,0.460,1.062,0.942,0.913
443,gcb8284.tif,0.677,3.501,0.695,1.200,632,710,122.471,0.884,1.410,0.709,0.804
444,gcb8284.tif,0.169,1.517,0.925,0.617,293,725,63.435,0.368,1.417,0.706,0.930
445,gcb8287.tif,0.347,2.114,0.976,0.823,460,8,26.565,0.644,1.302,0.768,0.891
446,gcb8287.tif,0.288,2.114,0.810,0.906,868,5,156.038,0.535,1.847,0.541,0.819
447,gcb8287.tif,0.373,2.450,0.780,0.938,879,9,168.690,0.626,1.535,0.652,0.815
448,gcb8287.tif,0.915,3.631,0.872,1.368,303,25,70.346,0.960,1.441,0.694,0.896
449,gcb8287.tif,3.980,7.477,0.895,2.719,381,40,66.038,2.025,1.338,0.748,0.948
450,gcb8287.tif,0.322,3.209,0.393,1.327,757,13,146.310,0.455,4.069,0.246,0.613
451,gcb8287.tif,0.584,2.796,0.939,1.029,469,23,63.435,0.815,1.246,0.803,0.902
452,gcb8287.tif,1.905,5.256,0.867,1.863,551,32,69.775,1.472,1.251,0.799,0.918
453,gcb8287.tif,0.838,3.425,0.898,1.318,573,14,102.095,0.828,1.584,0.631,0.912
454,gcb8287.tif,2.845,6.275,0.908,2.256,722,14,101.768,1.656,1.361,0.735,0.944
455,gcb8287.tif,0.694,3.034,0.948,1.112,334,15,114.444,0.828,1.281,0.781,0.927
456,gcb8287.tif,0.584,2.796,0.939,1.123,422,16,124.992,0.815,1.403,0.713,0.908
457,gcb8287.tif,0.178,1.539,0.943,0.617,291,23,63.435,0.460,1.154,0.867,0.840
458,gcb8287.tif,2.507,6.436,0.760,2.416,521,35,40.365,1.676,1.446,0.691,0.905
459,gcb8287.tif,7.766,15.552,0.403,4.870,680,66,67.797,2.561,2.059,0.486,0.806
460,gcb8287.tif,2.972,6.351,0.926,2.119,619,27,145.620,1.933,1.083,0.923,0.944
461,gcb8287.tif,0.694,3.056,0.934,1.164,274,24,108.435,0.828,1.379,0.725,0.901
462,gcb8287.tif,0.517,4.151,0.377,1.697,837,31,12.529,0.593,3.729,0.268,0.689
463,gcb8287.tif,0.466,2.514,0.926,0.995,356,27,123.690,0.644,1.372,0.729,0.940
464,gcb8287.tif,1.634,4.780,0.899,1.638,585,41,38.157,1.399,1.130,0.885,0.910
465,gcb8287.tif,1.702,6.405,0.521,2.416,461,49,49.635,1.301,1.765,0.567,0.773
466,gcb8287.tif,0.525,2.590,0.984,0.995,788,36,123.690,0.736,1.227,0.815,0.932
467,gcb8287.tif,1.330,4.259,0.921,1.518,756,56,75.964,1.196,1.258,0.795,0.918
468,gcb8287.tif,2.193,5.875,0.799,2.226,958,41,97.125,1.440,1.506,0.664,0.910
469,gcb8287.tif,0.813,3.294,0.941,1.164,419,42,108.435,0.920,1.192,0.839,0.923
470,gcb8287.tif,0.669,2.980,0.947,1.108,610,43,131.634,0.905,1.155,0.866,0.913
471,gcb8287.tif,0.076,1.095,0.799,0.521,845,48,45.000,0.260,2.113,0.473,0.818
472,gcb8287.tif,0.415,2.428,0.885,0.995,351,53,33.690,0.617,1.725,0.580,0.883
473,gcb8287.tif,0.076,1.095,0.799,0.460,304,48,126.870,0.325,1.638,0.610,0.750
474,gcb8287.tif,0.872,3.425,0.935,1.318,331,49,102.095,0.828,1.495,0.669,0.932
475,gcb8287.tif,0.864,3.532,0.870,1.402,731,51,113.199,0.828,1.623,0.616,0.927
476,gcb8287.tif,1.990,5.431,0.848,2.037,622,52,108.435,1.482,1.395,0.717,0.916
477,gcb8287.tif,0.178,1.616,0.856,0.617,306,61,63.435,0.455,1.243,0.804,0.808
478,gcb8287.tif,1.643,4.659,0.951,1.736,376,57,147.995,1.196,1.323,0.756,0.963
479,gcb8287.tif,0.229,3.285,0.266,1.292,436,57,175.914,0.394,4.321,0.231,0.545
480,gcb8287.tif,4.404,10.696,0.484,3.179,459,73,22.109,2.463,1.465,0.682,0.802
481,gcb8287.tif,0.567,2.872,0.864,1.123,424,66,34.992,0.817,1.443,0.693,0.865
482,gcb8287.tif,0.728,3.478,0.756,1.402,783,80,66.801,0.828,1.724,0.580,0.891
483,gcb8287.tif,3.709,7.132,0.916,2.346,592,92,64.440,2.204,1.022,0.979,0.942
484,gcb8287.tif,1.109,3.869,0.931,1.455,638,84,71.565,1.012,1.359,0.736,0.932
485,gcb8287.tif,1.287,5.646,0.507,2.195,311,85,33.024,1.119,2.428,0.412,0.727
486,gcb8287.tif,2.490,6.198,0.814,2.273,427,95,68.629,1.472,1.521,0.658,0.923
487,gcb8287.tif,2.219,6.221,0.721,2.469,378,73,116.565,1.355,2.040,0.490,0.860
488,gcb8287.tif,0.102,1.041,1.000,0.412,522,74,116.565,0.368,1.000,1.000,0.857
489,gcb8287.tif,0.813,3.685,0.752,1.523,649,89,64.983,0.786,2.077,0.482,0.873
490,gcb8287.tif,0.474,2.482,0.967,0.938,797,77,101.310,0.644,1.300,0.769,0.918
491,gcb8287.tif,1.719,4.865,0.913,1.813,451,78,113.962,1.288,1.387,0.721,0.951
492,gcb8287.tif,0.068,0.835,1.000,0.390,701,80,135.000,0.276,1.229,0.814,0.941
493,gcb8287.tif,2.185,5.440,0.928,1.987,675,102,76.608,1.380,1.338,0.747,0.949
494,gcb8287.tif,0.220,1.647,1.000,0.664,811,82,123.690,0.460,1.207,0.829,0.945
495,gcb8287.tif,1.186,3.945,0.957,1.429,718,83,104.931,1.104,1.192,0.839,0.930
496,gcb8287.tif,0.212,1.746,0.873,0.701,368,84,113.199,0.455,1.505,0.665,0.847
497,gcb8287.tif,1.431,4.573,0.860,1.667,401,84,96.340,1.196,1.297,0.771,0.916
498,gcb8287.tif,4.158,9.578,0.570,3.828,955,85,99.689,1.564,2.730,0.366,0.858
499,gcb8287.tif,0.305,1.984,0.974,0.759,759,87,104.036,0.552,1.256,0.796,0.889
500,gcb8287.tif,0.169,1.539,0.898,0.664,865,89,146.310,0.390,1.733,0.577,0.870
501,gcb8287.tif,0.203,1.593,1.000,0.651,300,90,135.000,0.460,1.160,0.862,0.889
502,gcb8287.tif,1.042,3.793,0.910,1.327,796,93,123.690,1.104,1.132,0.883,0.918
503,gcb8287.tif,0.686,2.980,0.971,1.073,439,106,59.036,0.920,1.109,0.902,0.926
504,gcb8287.tif,0.644,2.850,0.996,1.073,559,106,59.036,0.828,1.164,0.859,0.944
505,gcb8287.tif,3.269,7.262,0.779,2.799,369,127,80.538,1.717,1.616,0.619,0.917
506,gcb8287.tif,0.263,2.114,0.738,0.978,487,107,48.814,0.455,2.345,0.426,0.849
507,gcb8287.tif,0.076,1.225,0.638,0.589,880,100,128.660,0.260,2.521,0.397,0.720
508,gcb8287.tif,3.057,8.344,0.552,2.963,592,126,36.158,1.893,1.582,0.632,0.773
509,gcb8287.tif,0.500,2.536,0.976,0.947,630,114,60.945,0.736,1.206,0.829,0.922
510,gcb8287.tif,1.219,6.849,0.327,2.708,886,111,9.782,0.917,3.943,0.254,0.603
511,gcb8287.tif,0.440,2.406,0.956,0.947,579,107,119.055,0.644,1.347,0.742,0.929
512,gcb8287.tif,0.855,3.425,0.917,1.278,499,120,59.744,0.968,1.292,0.774,0.906
513,gcb8287.tif,1.474,4.726,0.829,1.787,558,113,145.491,1.235,1.432,0.698,0.909
514,gcb8287.tif,2.346,5.916,0.842,2.224,693,133,65.556,1.380,1.493,0.670,0.942
515,gcb8287.tif,1.660,4.865,0.881,1.808,712,112,104.744,1.196,1.493,0.670,0.933
516,gcb8287.tif,0.279,2.168,0.747,0.868,915,118,32.005,0.524,1.728,0.579,0.835
517,gcb8287.tif,2.261,7.522,0.502,2.799,310,113,99.462,1.196,2.767,0.361,0.797
518,gcb8287.tif,1.219,4.183,0.876,1.532,735,131,57.265,1.101,1.378,0.726,0.903
519,gcb8287.tif,2.032,5.310,0.906,1.941,514,136,58.570,1.406,1.363,0.734,0.938
520,gcb8287.tif,2.337,5.722,0.897,2.058,488,120,100.305,1.564,1.300,0.769,0.934
521,gcb8287.tif,0.432,2.536,0.844,1.029,379,131,63.435,0.644,1.442,0.693,0.872
522,gcb8287.tif,0.762,3.218,0.925,1.235,392,133,63.435,0.828,1.371,0.729,0.942
523,gcb8287.tif,0.677,3.110,0.880,1.164,661,128,18.435,0.828,1.361,0.734,0.889
524,gcb8287.tif,0.152,1.333,1.000,0.537,812,122,120.964,0.368,1.218,0.821,0.947
525,gcb8287.tif,5.005,8.595,0.851,3.059,545,155,74.291,2.323,1.368,0.731,0.937
526,gcb8287.tif,2.634,5.992,0.922,2.224,446,126,114.444,1.564,1.346,0.743,0.957
527,gcb8287.tif,0.220,1.593,1.000,0.617,770,126,116.565,0.460,1.184,0.845,0.929
528,gcb8287.tif,0.076,0.965,1.000,0.412,280,128,116.565,0.276,1.536,0.651,0.857
529,gcb8287.tif,0.652,3.609,0.629,1.518,410,134,14.036,0.592,2.798,0.357,0.851
530,gcb8287.tif,2.100,5.462,0.885,1.987,337,151,76.608,1.380,1.376,0.727,0.938
531,gcb8287.tif,9.307,21.616,0.250,7.491,909,134,127.011,3.671,2.733,0.366,0.508
532,gcb8287.tif,0.737,3.371,0.815,1.368,434,135,109.654,0.757,1.856,0.539,0.888
533,gcb8287.tif,0.813,3.348,0.911,1.318,625,149,65.225,0.828,1.541,0.649,0.937
534,gcb8287.tif,0.330,2.015,1.000,0.792,240,138,125.538,0.552,1.174,0.852,0.963
535,gcb8287.tif,0.093,1.095,0.976,0.460,75,143,36.870,0.368,1.393,0.718,0.815
536,gcb8287.tif,0.661,2.904,0.984,1.073,418,139,120.964,0.828,1.137,0.879,0.945
537,gcb8287.tif,0.254,2.038,0.769,0.906,865,140,156.038,0.460,1.801,0.555,0.822
538,gcb8287.tif,0.161,1.387,1.000,0.589,674,146,51.340,0.368,1.273,0.785,0.974
539,gcb8287.tif,2.058,5.960,0.728,2.430,558,163,52.696,1.230,2.069,0.483,0.907
540,gcb8287.tif,0.788,3.761,0.700,1.583,808,142,125.538,0.773,2.358,0.424,0.842
541,gcb8287.tif,1.186,4.282,0.813,1.646,393,148,153.435,1.086,1.587,0.630,0.881
542,gcb8287.tif,0.618,2.850,0.956,0.995,595,146,146.310,0.828,1.076,0.929,0.918
543,gcb8287.tif,3.531,7.424,0.805,2.835,641,163,35.754,1.811,1.680,0.595,0.929
544,gcb8287.tif,2.549,6.221,0.828,2.148,732,168,43.264,1.629,1.276,0.784,0.919
545,gcb8287.tif,0.542,2.666,0.958,0.991,611,150,111.801,0.736,1.314,0.761,0.914
546,gcb8287.tif,0.483,2.720,0.820,1.029,672,160,63.435,0.644,1.557,0.642,0.877
547,gcb8287.tif,3.548,9.407,0.504,3.504,288,152,103.671,1.472,2.679,0.373,0.818
548,gcb8287.tif,0.161,1.539,0.853,0.582,390,152,108.435,0.453,1.327,0.754,0.809
549,gcb8287.tif,0.313,2.038,0.948,0.742,528,152,119.745,0.640,1.131,0.884,0.881
550,gcb8287.tif,1.270,4.237,0.889,1.631,685,169,73.610,1.012,1.550,0.645,0.935
551,gcb8287.tif,0.347,2.145,0.948,0.792,258,153,125.538,0.644,1.111,0.900,0.911
552,gcb8287.tif,1.745,4.811,0.947,1.719,314,154,105.524,1.288,1.238,0.808,0.943
553,gcb8287.tif,0.610,2.872,0.929,1.077,428,160,160.017,0.828,1.195,0.837,0.911
554,gcb8287.tif,2.981,6.436,0.904,2.273,487,182,68.629,1.748,1.282,0.780,0.950
555,gcb8287.tif,1.287,4.389,0.840,1.659,660,175,56.310,1.138,1.517,0.659,0.905
556,gcb8287.tif,0.152,1.670,0.687,0.701,751,173,66.801,0.368,1.826,0.548,0.766
557,gcb8287.tif,0.728,3.056,0.980,1.153,559,176,28.610,0.911,1.259,0.794,0.930
558,gcb8287.tif,0.805,3.478,0.836,1.402,577,183,66.801,0.828,1.687,0.593,0.913
559,gcb8287.tif,0.627,2.980,0.887,1.077,466,172,109.983,0.828,1.349,0.741,0.892
560,gcb8287.tif,1.228,4.075,0.929,1.437,540,173,129.806,1.235,1.127,0.887,0.915
561,gcb8287.tif,2.371,5.669,0.927,1.897,415,186,14.036,1.728,1.075,0.930,0.933
562,gcb8287.tif,0.059,0.781,1.000,0.332,828,175,123.690,0.276,1.069,0.936,0.875
563,gcb8287.tif,0.500,2.590,0.936,0.947,589,176,119.055,0.736,1.204,0.830,0.915
564,gcb8287.tif,0.567,2.926,0.833,1.049,320,182,127.875,0.828,1.183,0.845,0.870
565,gcb8287.tif,1.931,5.202,0.897,1.987,709,202,76.608,1.288,1.458,0.686,0.942
566,gcb8287.tif,1.931,7.728,0.406,2.037,563,207,71.565,1.552,1.436,0.696,0.769
567,gcb8287.tif,0.263,1.907,0.907,0.719,728,186,129.806,0.536,1.347,0.742,0.861
568,gcb8287.tif,1.677,4.758,0.931,1.777,533,189,111.251,1.288,1.332,0.751,0.943
569,gcb8287.tif,1.499,4.573,0.901,1.564,469,209,61.928,1.288,1.131,0.884,0.927
570,gcb8287.tif,0.771,4.542,0.469,1.941,792,211,58.570,0.757,2.796,0.358,0.768
571,gcb8287.tif,1.406,4.367,0.926,1.646,602,195,116.565,1.104,1.428,0.700,0.938
572,gcb8287.tif,0.999,3.662,0.936,1.359,654,196,118.301,1.012,1.277,0.783,0.929
573,gcb8287.tif,1.075,3.793,0.940,1.359,351,210,61.699,1.104,1.153,0.867,0.934
574,gcb8287.tif,0.169,1.485,0.965,0.582,748,200,161.565,0.453,1.342,0.745,0.833
575,gcb8287.tif,0.923,3.555,0.918,1.308,491,211,50.711,1.012,1.138,0.879,0.928
576,gcb8287.tif,1.236,4.681,0.709,1.689,576,210,29.358,1.104,1.576,0.635,0.869
577,gcb8287.tif,3.828,8.420,0.678,2.981,730,235,81.119,1.933,1.474,0.678,0.875
578,gcb8287.tif,0.271,1.930,0.914,0.792,697,210,144.462,0.524,1.624,0.616,0.842
579,gcb8287.tif,1.787,6.275,0.570,2.301,350,222,16.260,1.161,2.507,0.399,0.787
580,gcb8287.tif,0.830,4.021,0.645,1.455,187,222,34.695,0.948,1.638,0.610,0.817
581,gcb8287.tif,0.677,2.980,0.959,1.077,540,213,109.983,0.828,1.191,0.839,0.930
582,gcb8287.tif,1.211,4.053,0.926,1.455,749,213,108.435,1.104,1.288,0.776,0.932
583,gcb8287.tif,0.076,0.965,1.000,0.460,435,219,53.130,0.276,1.542,0.648,0.857
584,gcb8287.tif,1.897,6.427,0.577,2.212,574,218,163.072,1.429,1.823,0.549,0.740
585,gcb8287.tif,0.559,2.796,0.898,0.995,671,227,56.310,0.828,1.156,0.865,0.880
586,gcb8287.tif,4.480,10.359,0.525,4.326,939,218,113.839,1.640,2.727,0.367,0.875
587,gcb8287.tif,0.364,2.222,0.927,0.823,286,219,116.565,0.644,1.216,0.823,0.887
588,gcb8287.tif,0.889,3.348,0.997,1.235,689,223,116.565,0.920,1.198,0.834,0.950
589,gcb8287.tif,0.059,1.225,0.496,0.537,75,225,120.964,0.247,2.807,0.356,0.667
590,gcb8287.tif,1.228,7.204,0.297,3.226,163,225,93.270,0.701,5.314,0.188,0.730
591,gcb8287.tif,0.229,1.647,1.000,0.664,780,230,33.690,0.460,1.210,0.826,0.947
592,gcb8287.tif,4.260,7.661,0.912,2.656,513,226,104.036,2.117,1.226,0.816,0.950
593,gcb8287.tif,0.550,2.666,0.973,0.991,318,227,111.801,0.736,1.291,0.774,0.922
594,gcb8287.tif,0.144,1.485,0.820,0.537,481,229,149.036,0.460,1.080,0.926,0.791
595,gcb8287.tif,0.991,3.609,0.956,1.318,551,246,65.225,1.012,1.218,0.821,0.936
596,gcb8287.tif,3.311,9.515,0.460,3.304,653,235,102.875,1.688,2.306,0.434,0.772
597,gcb8287.tif,0.119,1.225,0.993,0.496,815,236,111.801,0.368,1.184,0.845,0.824
598,gcb8287.tif,0.322,2.298,0.766,0.961,881,238,163.301,0.513,2.022,0.495,0.835
599,gcb8287.tif,0.313,1.961,1.000,0.742,289,239,119.745,0.552,1.187,0.842,0.937
600,gcb8287.tif,3.404,7.033,0.865,2.357,407,264,51.340,1.996,1.211,0.826,0.933
601,gcb8287.tif,0.474,2.514,0.943,0.947,450,244,119.055,0.644,1.316,0.760,0.941
602,gcb8287.tif,1.812,4.995,0.913,1.813,678,263,66.038,1.380,1.287,0.777,0.939
603,gcb8287.tif,1.321,4.367,0.870,1.573,575,256,20.556,1.173,1.310,0.763,0.915
604,gcb8287.tif,3.184,6.795,0.867,2.421,611,275,81.254,1.840,1.320,0.758,0.927
605,gcb8287.tif,1.567,4.605,0.928,1.659,330,250,109.440,1.196,1.282,0.780,0.946
606,gcb8287.tif,0.423,2.329,0.981,0.868,391,251,122.005,0.644,1.168,0.856,0.943
607,gcb8287.tif,0.500,2.612,0.920,0.995,772,258,33.690,0.773,1.411,0.709,0.894
608,gcb8287.tif,0.940,3.609,0.907,1.368,357,252,109.654,0.920,1.510,0.662,0.929
609,gcb8287.tif,0.440,2.352,1.000,0.868,717,256,122.005,0.736,1.094,0.914,0.920
610,gcb8287.tif,7.571,14.219,0.471,4.642,503,257,129.369,2.659,1.985,0.504,0.836
611,gcb8287.tif,0.068,0.965,0.914,0.412,165,261,116.565,0.276,1.435,0.697,0.842
612,gcb8287.tif,0.085,1.225,0.709,0.496,431,262,111.801,0.288,1.894,0.528,0.714
613,gcb8287.tif,1.719,5.018,0.858,1.922,595,264,106.699,1.245,1.576,0.634,0.921
614,gcb8287.tif,0.483,3.263,0.570,1.437,191,275,39.806,0.605,2.861,0.350,0.770
615,gcb8287.tif,0.593,2.850,0.917,1.029,346,266,116.565,0.828,1.252,0.799,0.903
616,gcb8287.tif,1.634,5.018,0.816,1.777,451,268,111.251,1.336,1.393,0.718,0.898
617,gcb8287.tif,0.576,2.904,0.858,1.112,421,274,24.444,0.736,1.295,0.772,0.913
618,gcb8287.tif,0.745,3.056,1.000,1.077,637,269,109.983,0.920,1.073,0.932,0.926
619,gcb8287.tif,0.576,2.850,0.891,1.049,331,279,52.125,0.828,1.155,0.866,0.889
620,gcb8287.tif,0.415,2.298,0.988,0.873,700,283,71.565,0.644,1.213,0.825,0.899
621,gcb8287.tif,0.525,2.612,0.967,0.991,558,285,68.199,0.736,1.309,0.764,0.912
622,gcb8287.tif,0.584,2.796,0.939,1.112,718,281,24.444,0.736,1.298,0.770,0.914
623,gcb8287.tif,2.151,5.440,0.913,2.068,490,278,122.276,1.557,1.339,0.747,0.942
624,gcb8287.tif,0.144,1.355,0.985,0.582,866,279,161.565,0.368,1.699,0.589,0.829
625,gcb8287.tif,0.728,3.685,0.674,1.543,656,282,162.646,0.714,2.511,0.398,0.835
626,gcb8287.tif,5.699,15.408,0.302,5.598,906,281,154.699,2.900,2.474,0.404,0.589
627,gcb8287.tif,0.694,3.478,0.721,1.523,640,294,25.017,0.666,2.430,0.412,0.877
628,gcb8287.tif,2.761,6.265,0.884,2.239,398,299,9.462,1.753,1.215,0.823,0.931
629,gcb8287.tif,0.144,1.593,0.713,0.670,74,296,74.055,0.368,1.990,0.503,0.773
630,gcb8287.tif,0.356,2.145,0.971,0.848,315,299,49.399,0.552,1.306,0.765,0.933
631,gcb8287.tif,1.067,3.793,0.932,1.368,715,291,109.654,1.012,1.287,0.777,0.937
632,gcb8287.tif,0.102,1.355,0.695,0.664,629,292,146.310,0.290,2.534,0.395,0.706
633,gcb8287.tif,1.372,4.627,0.805,1.768,471,309,51.340,1.111,1.709,0.585,0.890
634,gcb8287.tif,4.454,7.922,0.892,2.785,561,325,82.405,2.117,1.293,0.773,0.947
635,gcb8287.tif,0.127,1.225,1.000,0.496,36,297,158.199,0.368,1.127,0.887,0.857
636,gcb8287.tif,2.507,5.830,0.927,2.037,671,297,108.435,1.656,1.187,0.842,0.949
637,gcb8287.tif,2.337,5.669,0.914,1.922,331,298,106.699,1.659,1.118,0.895,0.929
638,gcb8287.tif,0.186,1.593,0.922,0.589,589,299,128.660,0.460,1.077,0.929,0.846
639,gcb8287.tif,2.515,6.014,0.874,2.241,431,327,70.821,1.564,1.389,0.720,0.940
640,gcb8287.tif,0.119,1.149,1.000,0.460,490,304,126.870,0.368,1.020,0.981,0.933
641,gcb8287.tif,3.125,6.566,0.911,2.273,610,308,148.241,1.926,1.085,0.922,0.939
642,gcb8287.tif,1.194,3.923,0.975,1.402,646,304,113.199,1.104,1.180,0.848,0.949
643,gcb8287.tif,0.135,1.301,1.000,0.496,836,304,111.801,0.453,1.126,0.888,0.821
644,gcb8287.tif,1.363,4.942,0.702,1.941,452,320,31.430,1.172,1.691,0.591,0.839
645,gcb8287.tif,0.144,1.670,0.649,0.742,494,312,29.745,0.370,2.279,0.439,0.739
646,gcb8287.tif,0.169,1.355,1.000,0.537,697,311,120.964,0.460,1.083,0.923,0.889
647,gcb8287.tif,0.093,1.019,1.000,0.460,824,311,126.870,0.276,1.372,0.729,0.957
648,gcb8287.tif,0.567,2.720,0.964,1.029,737,314,116.565,0.736,1.257,0.796,0.937
649,gcb8287.tif,2.735,6.741,0.756,2.567,762,343,75.466,1.656,1.582,0.632,0.895
650,gcb8287.tif,1.990,5.592,0.800,2.148,418,318,99.866,1.339,1.630,0.613,0.909
651,gcb8287.tif,0.677,3.425,0.726,1.318,76,332,65.225,0.803,1.560,0.641,0.847
652,gcb8287.tif,3.963,7.500,0.885,2.688,453,341,38.047,1.997,1.341,0.746,0.942
653,gcb8287.tif,0.720,3.034,0.983,1.112,488,320,114.444,0.828,1.232,0.812,0.944
654,gcb8287.tif,4.615,11.162,0.465,3.609,511,321,109.359,1.985,2.025,0.494,0.807
655,gcb8287.tif,0.661,3.088,0.870,1.196,239,322,112.620,0.736,1.567,0.638,0.912
656,gcb8287.tif,0.423,2.406,0.919,0.947,794,331,60.945,0.644,1.372,0.729,0.909
657,gcb8287.tif,2.371,7.033,0.602,2.557,904,325,149.744,1.533,1.757,0.569,0.792
658,gcb8287.tif,4.361,11.023,0.451,3.141,935,333,148.173,2.707,1.165,0.859,0.722
659,gcb8287.tif,0.195,1.517,1.000,0.589,316,324,128.660,0.460,1.008,0.992,0.958
660,gcb8287.tif,0.423,2.276,1.000,0.868,283,334,57.995,0.644,1.158,0.864,0.952
661,gcb8287.tif,0.534,3.685,0.494,1.484,613,338,29.745,0.728,2.813,0.355,0.663
662,gcb8287.tif,1.601,4.650,0.930,1.573,580,348,69.444,1.426,1.079,0.927,0.922
663,gcb8287.tif,3.099,7.033,0.787,2.400,632,336,147.529,1.933,1.305,0.767,0.901
664,gcb8287.tif,0.627,2.926,0.920,1.077,702,344,70.017,0.828,1.280,0.781,0.897
665,gcb8287.tif,1.211,4.129,0.893,1.518,671,336,104.036,1.104,1.408,0.710,0.917
666,gcb8287.tif,0.957,3.555,0.952,1.235,363,340,153.435,1.104,1.042,0.960,0.926
667,gcb8287.tif,0.449,2.352,1.000,0.868,559,338,122.005,0.736,1.105,0.905,0.930
668,gcb8287.tif,1.982,5.906,0.714,1.956,280,342,138.814,1.564,1.291,0.775,0.843
669,gcb8287.tif,1.050,4.075,0.795,1.583,624,343,125.538,1.006,1.743,0.574,0.886
670,gcb8287.tif,0.855,3.317,0.977,1.164,693,345,108.435,1.012,1.126,0.888,0.914
671,gcb8287.tif,0.661,2.850,1.000,1.049,355,347,127.875,0.828,1.093,0.915,0.945
672,gcb8287.tif,3.328,6.697,0.933,2.273,452,364,31.759,1.933,1.099,0.910,0.953
673,gcb8287.tif,1.592,6.059,0.545,2.226,707,353,97.125,1.172,2.106,0.475,0.780
674,gcb8287.tif,3.548,9.569,0.487,3.205,737,353,129.174,1.873,2.001,0.500,0.779
675,gcb8287.tif,3.362,6.881,0.892,2.286,578,378,49.899,2.025,1.057,0.946,0.940
676,gcb8287.tif,3.980,7.661,0.852,2.888,481,387,59.349,2.008,1.432,0.698,0.941
677,gcb8287.tif,0.076,0.911,1.000,0.412,267,365,26.565,0.276,1.340,0.746,0.857
678,gcb8287.tif,0.550,2.742,0.920,1.029,316,367,100.305,0.736,1.389,0.720,0.890
679,gcb8287.tif,0.313,2.038,0.948,0.742,331,367,119.745,0.644,1.114,0.898,0.881
680,gcb8287.tif,0.059,0.781,1.000,0.390,678,367,135.000,0.260,1.596,0.626,0.875
681,gcb8287.tif,1.025,3.847,0.870,1.487,691,367,111.801,0.920,1.570,0.637,0.931
682,gcb8287.tif,2.219,5.538,0.909,1.915,638,386,35.218,1.627,1.130,0.885,0.927
683,gcb8287.tif,0.296,2.038,0.897,0.823,554,372,153.435,0.552,1.480,0.676,0.875
684,gcb8287.tif,2.143,5.332,0.947,1.863,418,393,69.775,1.564,1.150,0.870,0.948
685,gcb8287.tif,0.618,4.151,0.451,1.318,465,390,77.905,0.828,1.863,0.537,0.692
686,gcb8287.tif,0.576,2.666,1.000,0.991,304,377,111.801,0.736,1.226,0.816,0.944
687,gcb8287.tif,0.737,3.187,0.912,1.164,446,378,108.435,0.915,1.304,0.767,0.897
688,gcb8287.tif,3.269,6.881,0.868,2.591,546,378,106.504,1.656,1.549,0.646,0.947
689,gcb8287.tif,5.674,9.156,0.850,3.438,517,380,105.524,2.118,1.600,0.625,0.952
690,gcb8287.tif,5.140,10.350,0.603,3.699,607,380,95.711,2.082,2.017,0.496,0.838
691,gcb8287.tif,3.616,7.401,0.830,2.567,496,391,104.534,1.958,1.334,0.750,0.936
692,gcb8287.tif,1.753,4.995,0.883,1.719,623,404,15.524,1.380,1.162,0.860,0.932
693,gcb8287.tif,0.161,1.539,0.853,0.617,398,396,26.565,0.455,1.273,0.786,0.826
694,gcb8287.tif,0.432,2.406,0.938,0.920,665,401,36.870,0.736,1.191,0.840,0.911
695,gcb8287.tif,0.229,1.670,1.000,0.617,754,396,116.565,0.552,1.046,0.956,0.885
696,gcb8287.tif,1.042,3.891,0.864,1.509,311,411,52.431,1.037,1.560,0.641,0.885
697,gcb8287.tif,0.203,1.670,0.916,0.664,224,405,33.690,0.513,1.286,0.778,0.842
698,gcb8287.tif,3.768,10.023,0.471,4.242,698,403,167.471,1.562,3.045,0.328,0.789
699,gcb8287.tif,0.068,0.911,1.000,0.460,690,402,143.130,0.260,1.939,0.516,0.842
700,gcb8287.tif,0.296,1.854,1.000,0.719,779,408,39.806,0.552,1.129,0.885,0.921
701,gcb8287.tif,0.601,3.478,0.624,1.487,914,417,68.199,0.671,2.250,0.444,0.855
702,gcb8287.tif,0.754,3.164,0.946,1.200,332,405,122.471,0.828,1.295,0.772,0.927
703,gcb8287.tif,0.364,2.222,0.927,0.873,235,406,108.435,0.552,1.439,0.695,0.905
704,gcb8287.tif,0.415,2.406,0.901,0.961,413,406,106.699,0.552,1.684,0.594,0.916
705,gcb8287.tif,0.711,3.110,0.924,1.077,435,418,70.017,0.920,1.115,0.897,0.903
706,gcb8287.tif,1.728,4.910,0.901,1.610,573,410,120.964,1.472,1.100,0.909,0.919
707,gcb8287.tif,1.440,5.884,0.523,2.068,760,413,122.276,1.236,1.835,0.545,0.754
708,gcb8287.tif,0.694,3.294,0.804,1.282,295,428,68.962,0.794,1.627,0.615,0.868
709,gcb8287.tif,2.295,7.782,0.476,3.335,475,417,140.599,1.203,3.184,0.314,0.787
710,gcb8287.tif,1.067,3.945,0.862,1.583,622,429,35.538,1.027,1.550,0.645,0.906
711,gcb8287.tif,0.711,4.780,0.391,1.746,707,419,108.435,0.810,2.708,0.369,0.609
712,gcb8287.tif,1.059,4.129,0.780,1.659,327,442,70.560,0.873,1.939,0.516,0.899
713,gcb8287.tif,0.288,1.907,0.994,0.742,304,436,60.255,0.552,1.251,0.799,0.907
714,gcb8287.tif,0.898,3.478,0.932,1.282,752,429,111.038,0.920,1.354,0.738,0.930
715,gcb8287.tif,3.099,6.795,0.844,2.512,395,430,98.427,1.678,1.514,0.661,0.928
716,gcb8287.tif,2.075,5.332,0.917,1.808,521,449,75.256,1.564,1.130,0.885,0.930
717,gcb8287.tif,0.906,3.478,0.941,1.318,341,444,65.225,0.920,1.363,0.734,0.934
718,gcb8287.tif,0.271,1.854,0.991,0.701,572,431,113.199,0.552,1.277,0.783,0.889
719,gcb8287.tif,2.295,5.624,0.912,1.969,539,451,37.405,1.632,1.118,0.894,0.931
720,gcb8287.tif,3.980,9.470,0.558,3.076,362,437,128.928,2.129,1.416,0.706,0.834
721,gcb8287.tif,2.337,5.624,0.929,2.037,474,437,108.435,1.472,1.279,0.782,0.952
722,gcb8287.tif,1.719,4.865,0.913,1.736,731,437,122.005,1.339,1.260,0.794,0.940
723,gcb8287.tif,0.737,3.348,0.826,1.408,459,438,101.310,0.644,2.015,0.496,0.935
724,gcb8287.tif,0.754,3.294,0.873,1.238,770,448,41.987,0.915,1.308,0.765,0.922
725,gcb8287.tif,2.507,5.884,0.910,2.166,679,462,77.735,1.472,1.408,0.710,0.949
726,gcb8287.tif,0.610,3.967,0.487,1.770,590,450,27.897,0.585,3.763,0.266,0.746
727,gcb8287.tif,0.085,0.965,1.000,0.460,613,443,36.870,0.276,1.551,0.645,0.909
728,gcb8287.tif,2.126,5.386,0.921,1.922,701,447,106.699,1.472,1.292,0.774,0.938
729,gcb8287.tif,0.661,2.904,0.984,1.073,428,459,59.036,0.828,1.143,0.875,0.945
730,gcb8287.tif,2.769,7.715,0.585,2.430,497,473,37.304,1.873,1.486,0.673,0.815
731,gcb8287.tif,0.398,2.298,0.947,0.848,612,453,102.529,0.644,1.196,0.836,0.879
732,gcb8287.tif,2.168,5.462,0.913,1.982,557,477,68.199,1.513,1.315,0.761,0.939
733,gcb8287.tif,0.186,1.670,0.840,0.742,657,459,150.255,0.460,1.457,0.686,0.800
734,gcb8287.tif,0.474,2.428,1.000,0.873,645,470,71.565,0.736,1.078,0.927,0.903
735,gcb8287.tif,0.449,2.482,0.916,0.961,253,473,73.301,0.644,1.431,0.699,0.898
736,gcb8287.tif,2.253,5.516,0.930,1.897,530,464,104.036,1.564,1.154,0.866,0.940
737,gcb8287.tif,0.440,2.895,0.660,1.112,657,465,114.444,0.704,1.586,0.630,0.794
738,gcb8287.tif,0.703,3.088,0.926,1.153,352,466,118.610,0.828,1.296,0.772,0.933
739,gcb8287.tif,0.754,3.187,0.933,1.138,779,468,104.036,0.920,1.195,0.837,0.908
740,gcb8287.tif,0.711,3.003,0.992,1.153,368,470,118.610,0.911,1.228,0.815,0.918
741,gcb8287.tif,1.253,4.161,0.910,1.573,736,491,69.444,1.012,1.481,0.675,0.946
742,gcb8287.tif,4.065,8.757,0.666,3.318,611,478,109.440,1.873,1.923,0.520,0.870
743,gcb8287.tif,3.667,7.163,0.898,2.478,645,504,74.932,2.025,1.225,0.817,0.945
744,gcb8287.tif,3.142,7.554,0.692,2.794,677,484,107.241,1.534,2.010,0.498,0.880
745,gcb8287.tif,3.108,6.459,0.936,2.224,486,508,65.556,1.840,1.140,0.877,0.952
746,gcb8287.tif,0.737,3.187,0.912,1.153,357,493,28.610,0.920,1.195,0.836,0.888
747,gcb8287.tif,1.228,4.053,0.939,1.455,418,486,108.435,1.104,1.271,0.787,0.939
748,gcb8287.tif,0.999,3.662,0.936,1.368,291,487,109.654,0.920,1.423,0.703,0.937
749,gcb8287.tif,0.271,2.145,0.740,0.920,304,497,53.130,0.495,2.115,0.473,0.821
750,gcb8287.tif,0.576,2.796,0.926,1.123,703,491,145.008,0.781,1.496,0.668,0.913
751,gcb8287.tif,2.524,5.906,0.909,2.166,400,514,77.735,1.564,1.381,0.724,0.940
752,gcb8287.tif,1.169,4.421,0.751,1.610,522,493,149.036,1.104,1.642,0.609,0.854
753,gcb8287.tif,2.541,7.998,0.499,2.323,941,500,123.690,1.907,1.229,0.814,0.783
754,gcb8287.tif,0.059,0.889,0.943,0.412,743,503,63.435,0.184,1.936,0.517,0.933
755,gcb8287.tif,2.024,6.817,0.547,2.436,357,506,169.114,1.264,2.353,0.425,0.790
756,gcb8287.tif,0.195,1.670,0.878,0.670,919,510,15.945,0.460,1.461,0.685,0.821
757,gcb8287.tif,3.489,8.703,0.579,3.541,591,508,114.567,1.411,2.971,0.337,0.838
758,gcb8287.tif,0.051,0.781,1.000,0.332,890,508,123.690,0.260,1.291,0.775,0.800
759,gcb8287.tif,4.226,8.994,0.656,3.318,517,510,123.690,2.076,1.759,0.568,0.864
760,gcb8287.tif,2.041,6.979,0.527,2.436,718,537,79.114,1.374,2.113,0.473,0.779
761,gcb8287.tif,0.457,2.926,0.671,1.138,548,513,104.036,0.625,2.147,0.466,0.812
762,gcb8287.tif,1.287,4.075,0.974,1.455,429,525,34.695,1.236,1.160,0.862,0.935
763,gcb8287.tif,2.888,9.731,0.383,3.256,930,514,132.709,2.087,1.787,0.560,0.629
764,gcb8287.tif,0.051,0.781,1.000,0.332,845,515,123.690,0.260,1.291,0.775,0.800
765,gcb8287.tif,0.246,1.723,1.000,0.701,687,523,23.199,0.460,1.373,0.728,0.921
766,gcb8287.tif,1.533,4.681,0.879,1.808,323,539,75.256,1.104,1.574,0.635,0.940
767,gcb8287.tif,0.525,2.688,0.913,0.995,767,522,123.690,0.762,1.328,0.753,0.879
768,gcb8287.tif,2.354,5.754,0.894,2.068,571,524,122.276,1.542,1.312,0.762,0.936
769,gcb8287.tif,1.736,4.995,0.874,1.922,336,544,73.301,1.196,1.591,0.628,0.934
770,gcb8287.tif,0.466,2.428,0.993,0.906,445,536,66.038,0.736,1.217,0.822,0.909
771,gcb8287.tif,2.795,6.144,0.930,2.103,682,531,113.199,1.840,1.101,0.908,0.944
772,gcb8287.tif,2.227,6.871,0.593,2.654,516,538,123.690,1.246,2.485,0.402,0.785
773,gcb8287.tif,1.406,5.938,0.501,2.020,706,538,120.069,1.274,1.858,0.538,0.733
774,gcb8287.tif,0.373,2.168,0.996,0.792,730,545,35.538,0.644,1.096,0.913,0.898
775,gcb8287.tif,0.135,1.409,0.857,0.617,746,544,63.435,0.368,1.495,0.669,0.821
776,gcb8287.tif,0.381,2.222,0.970,0.848,763,543,130.601,0.644,1.186,0.843,0.900
777,gcb8287.tif,0.686,3.034,0.936,1.123,314,543,124.992,0.828,1.243,0.805,0.926
778,gcb8287.tif,1.397,4.313,0.944,1.573,354,544,110.556,1.196,1.282,0.780,0.932
779,gcb8287.tif,3.557,12.397,0.291,3.277,931,574,51.843,2.549,1.210,0.826,0.613
780,gcb8287.tif,3.455,9.255,0.507,2.929,658,548,136.273,2.089,1.457,0.686,0.798
781,gcb8287.tif,0.212,1.800,0.821,0.670,789,547,105.945,0.460,1.401,0.714,0.833
782,gcb8287.tif,0.974,3.532,0.981,1.278,337,551,120.256,1.012,1.114,0.897,0.954
783,gcb8287.tif,0.771,3.164,0.967,1.178,581,564,51.340,0.920,1.143,0.875,0.929
784,gcb8287.tif,0.356,2.168,0.951,0.873,758,553,108.435,0.552,1.328,0.753,0.894
785,gcb8287.tif,0.161,1.517,0.879,0.617,844,555,153.435,0.368,1.375,0.727,0.884
786,gcb8287.tif,0.677,4.291,0.462,1.573,696,565,159.444,0.794,2.833,0.353,0.667
787,gcb8287.tif,0.212,1.593,1.000,0.617,629,570,63.435,0.460,1.147,0.872,0.909
788,gcb8287.tif,0.144,1.409,0.911,0.537,809,565,149.036,0.460,1.089,0.918,0.810
789,gcb8287.tif,0.550,2.742,0.920,1.049,325,566,127.875,0.781,1.363,0.734,0.897
790,gcb8287.tif,0.457,2.482,0.933,0.947,348,575,29.055,0.736,1.324,0.755,0.900
791,gcb8287.tif,1.177,4.520,0.724,1.607,726,569,103.241,1.104,1.414,0.707,0.869
792,gcb8287.tif,0.085,1.041,0.982,0.412,802,572,26.565,0.325,1.241,0.806,0.800
793,gcb8287.tif,1.584,4.758,0.879,1.697,447,571,102.529,1.288,1.333,0.750,0.917
794,gcb8287.tif,1.152,4.021,0.895,1.564,316,573,118.072,1.029,1.521,0.657,0.916
795,gcb8287.tif,1.499,5.561,0.609,2.247,676,579,145.008,1.072,2.618,0.382,0.792
796,gcb8287.tif,0.246,1.723,1.000,0.664,702,582,56.310,0.552,1.076,0.929,0.906
797,gcb8287.tif,0.279,1.854,1.000,0.701,130,584,23.199,0.552,1.127,0.888,0.904
798,gcb8287.tif,0.076,0.965,1.000,0.412,474,581,26.565,0.276,1.340,0.746,0.857
799,gcb8287.tif,0.830,4.336,0.555,1.897,929,579,112.834,0.726,3.075,0.325,0.794
800,gcb8287.tif,0.296,2.092,0.851,0.920,355,586,36.870,0.552,1.809,0.553,0.886
801,gcb8287.tif,2.922,7.877,0.592,2.998,550,613,72.121,1.386,2.451,0.408,0.848
802,gcb8287.tif,0.076,0.911,1.000,0.460,495,583,143.130,0.276,1.817,0.550,0.857
803,gcb8287.tif,0.322,2.114,0.905,0.786,271,584,110.556,0.552,1.262,0.792,0.894
804,gcb8287.tif,2.092,5.494,0.871,2.068,395,609,69.146,1.372,1.501,0.666,0.941
805,gcb8287.tif,0.593,2.872,0.903,1.112,637,591,155.556,0.786,1.367,0.732,0.886
806,gcb8287.tif,1.152,4.345,0.767,1.719,410,590,105.524,0.920,2.070,0.483,0.895
807,gcb8287.tif,2.685,7.922,0.538,2.731,348,617,57.381,1.658,1.723,0.580,0.783
808,gcb8287.tif,2.329,5.646,0.918,1.897,671,592,129.094,1.656,1.136,0.881,0.931
809,gcb8287.tif,1.745,4.888,0.918,1.787,440,611,55.491,1.380,1.275,0.785,0.932
810,gcb8287.tif,0.390,2.276,0.945,0.873,735,593,108.435,0.552,1.425,0.702,0.920
811,gcb8287.tif,2.312,6.427,0.703,2.545,451,621,40.601,1.378,2.013,0.497,0.875
812,gcb8287.tif,2.236,5.548,0.913,1.991,585,619,56.310,1.472,1.244,0.804,0.950
813,gcb8287.tif,0.483,2.482,0.985,0.961,770,612,73.301,0.644,1.339,0.747,0.927
814,gcb8287.tif,0.542,2.612,0.998,0.995,239,611,123.690,0.736,1.260,0.794,0.921
815,gcb8287.tif,4.963,9.883,0.638,3.522,630,612,109.855,2.025,1.989,0.503,0.852
816,gcb8287.tif,0.567,2.774,0.927,1.029,377,615,116.565,0.736,1.323,0.756,0.924
817,gcb8287.tif,0.102,1.171,0.931,0.496,491,620,158.199,0.325,1.504,0.665,0.800
818,gcb8287.tif,0.889,3.425,0.953,1.200,408,620,122.471,1.012,1.086,0.921,0.925
819,gcb8287.tif,2.456,5.776,0.925,2.125,540,632,17.650,1.564,1.313,0.762,0.943
820,gcb8287.tif,0.119,1.279,0.911,0.496,200,623,158.199,0.368,1.326,0.754,0.875
821,gcb8287.tif,0.110,1.095,1.000,0.460,760,629,36.870,0.368,1.159,0.863,0.897
822,gcb8287.tif,3.497,6.957,0.908,2.359,594,650,69.444,2.021,1.147,0.872,0.946
823,gcb8287.tif,1.465,4.497,0.910,1.631,356,627,106.390,1.196,1.330,0.752,0.925
824,gcb8287.tif,1.152,4.151,0.840,1.532,456,629,147.265,1.067,1.505,0.664,0.901
825,gcb8287.tif,0.805,3.393,0.878,1.164,719,639,71.565,0.988,1.158,0.864,0.884
826,gcb8287.tif,1.863,5.018,0.930,1.815,482,642,30.466,1.497,1.164,0.859,0.930
827,gcb8287.tif,0.898,3.555,0.893,1.282,282,646,68.962,1.012,1.283,0.779,0.902
828,gcb8287.tif,2.608,5.983,0.916,2.148,665,657,80.134,1.656,1.301,0.768,0.936
829,gcb8287.tif,1.397,4.443,0.889,1.659,699,635,123.690,1.235,1.401,0.714,0.909
830,gcb8287.tif,0.440,2.428,0.939,0.873,759,634,108.435,0.736,1.183,0.845,0.881
831,gcb8287.tif,0.102,1.095,1.000,0.460,562,638,36.870,0.368,1.281,0.780,0.857
832,gcb8287.tif,1.973,6.135,0.659,2.430,603,662,52.696,1.261,2.268,0.441,0.820
833,gcb8287.tif,2.219,5.592,0.892,2.010,396,664,74.055,1.543,1.288,0.776,0.929
834,gcb8287.tif,1.685,4.919,0.875,1.863,378,663,69.775,1.196,1.543,0.648,0.939
835,gcb8287.tif,1.245,4.259,0.862,1.631,298,645,106.390,1.104,1.435,0.697,0.922
836,gcb8287.tif,1.575,4.704,0.895,1.692,548,649,112.380,1.286,1.317,0.759,0.916
837,gcb8287.tif,0.246,1.777,0.977,0.664,442,649,123.690,0.552,1.060,0.943,0.892
838,gcb8287.tif,4.607,8.312,0.838,2.946,491,670,38.660,2.212,1.236,0.809,0.937
839,gcb8287.tif,0.152,1.333,1.000,0.537,93,653,149.036,0.368,1.218,0.821,0.947
840,gcb8287.tif,0.161,1.387,1.000,0.589,691,657,51.340,0.368,1.273,0.785,0.974
841,gcb8287.tif,1.490,4.888,0.784,1.967,727,676,79.216,1.104,1.623,0.616,0.896
842,gcb8287.tif,1.245,4.129,0.918,1.518,287,659,104.036,1.104,1.398,0.715,0.916
843,gcb8287.tif,0.805,3.393,0.878,1.200,574,669,32.471,1.012,1.255,0.797,0.876
844,gcb8287.tif,1.330,4.237,0.931,1.455,470,672,34.695,1.288,1.104,0.906,0.937
845,gcb8287.tif,0.923,4.129,0.680,1.573,324,663,110.556,0.988,1.848,0.541,0.813
846,gcb8287.tif,1.448,4.443,0.922,1.659,703,663,109.440,1.196,1.360,0.735,0.934
847,gcb8287.tif,0.805,3.218,0.976,1.252,533,667,126.027,0.920,1.273,0.785,0.955
848,gcb8287.tif,0.093,1.149,0.887,0.521,866,672,45.000,0.349,1.548,0.646,0.815
849,gcb8287.tif,0.102,1.333,0.719,0.617,69,679,63.435,0.276,2.228,0.449,0.857
850,gcb8287.tif,0.356,2.060,1.000,0.792,631,679,35.538,0.644,1.192,0.839,0.903
851,gcb8287.tif,0.644,3.003,0.897,1.196,454,674,112.620,0.828,1.511,0.662,0.879
852,gcb8287.tif,2.227,5.462,0.938,1.967,608,696,79.216,1.472,1.292,0.774,0.944
853,gcb8287.tif,0.686,5.018,0.342,2.027,686,675,129.472,0.805,3.282,0.305,0.587
854,gcb8287.tif,0.982,3.609,0.948,1.278,577,689,59.744,1.104,1.111,0.900,0.932
855,gcb8287.tif,3.752,7.401,0.861,2.680,659,677,105.945,1.831,1.476,0.677,0.941
856,gcb8287.tif,0.254,2.145,0.694,0.925,679,677,95.711,0.368,2.359,0.424,0.870
857,gcb8287.tif,1.228,3.999,0.965,1.405,382,681,121.608,1.196,1.138,0.879,0.935
858,gcb8287.tif,0.550,3.739,0.495,1.607,71,683,103.241,0.552,3.133,0.319,0.812
859,gcb8287.tif,0.618,3.653,0.582,1.523,509,698,64.983,0.647,2.861,0.350,0.745
860,gcb8287.tif,2.151,5.700,0.832,1.982,715,688,111.801,1.629,1.146,0.873,0.920
861,gcb8287.tif,0.313,1.961,1.000,0.742,273,689,119.745,0.552,1.157,0.864,0.949
862,gcb8287.tif,0.288,1.907,0.994,0.719,337,696,129.806,0.552,1.143,0.875,0.907
863,gcb8287.tif,1.592,4.767,0.880,1.736,356,697,122.005,1.196,1.232,0.812,0.962
864,gcb8287.tif,3.159,7.338,0.737,2.745,935,699,129.560,1.656,1.818,0.550,0.890
865,gcb8287.tif,0.144,1.355,0.985,0.521,807,701,135.000,0.455,1.039,0.962,0.829
866,gcb8287.tif,1.601,4.573,0.962,1.583,563,715,35.538,1.380,1.072,0.933,0.938
867,gcb8287.tif,0.313,2.038,0.948,0.742,638,707,119.745,0.644,1.069,0.935,0.871
868,gcb8287.tif,0.982,3.501,1.000,1.278,485,718,30.256,1.104,1.121,0.892,0.939
869,gcb8287.tif,0.390,2.222,0.992,0.868,289,712,122.005,0.644,1.310,0.763,0.920
870,gcb8290.tif,3.802,7.424,0.867,2.794,542,4,107.241,1.933,1.467,0.682,0.939
871,gcb8290.tif,0.432,3.110,0.561,1.327,578,16,56.310,0.572,2.971,0.337,0.745
872,gcb8290.tif,1.482,4.659,0.858,1.852,676,24,63.435,1.104,1.663,0.601,0.943
873,gcb8290.tif,4.302,11.530,0.407,3.148,699,36,52.125,2.447,1.326,0.754,0.763
874,gcb8290.tif,0.135,1.279,1.000,0.537,324,7,120.964,0.368,1.392,0.718,0.889
875,gcb8290.tif,2.032,5.202,0.944,1.834,513,7,107.526,1.472,1.211,0.826,0.945
876,gcb8290.tif,1.304,4.834,0.701,1.952,281,10,171.870,1.012,1.781,0.561,0.875
877,gcb8290.tif,1.575,5.417,0.674,1.991,753,28,56.310,1.288,1.345,0.743,0.849
878,gcb8290.tif,0.288,1.907,0.994,0.719,224,17,39.806,0.552,1.181,0.846,0.907
879,gcb8290.tif,1.101,3.967,0.879,1.455,388,15,161.565,1.070,1.299,0.770,0.900
880,gcb8290.tif,2.320,7.271,0.552,2.925,360,12,102.724,1.196,2.419,0.413,0.830
881,gcb8290.tif,2.075,6.687,0.583,2.247,252,29,34.992,1.533,1.687,0.593,0.810
882,gcb8290.tif,0.110,1.301,0.817,0.521,862,16,135.000,0.390,1.287,0.777,0.743
883,gcb8290.tif,1.177,4.075,0.891,1.583,563,18,144.462,1.097,1.525,0.656,0.908
884,gcb8290.tif,0.390,2.222,0.992,0.823,479,23,26.565,0.644,1.152,0.868,0.920
885,gcb8290.tif,0.694,3.110,0.902,1.164,610,27,108.435,0.828,1.444,0.692,0.906
886,gcb8290.tif,0.711,3.164,0.893,1.153,728,38,61.390,0.828,1.312,0.762,0.908
887,gcb8290.tif,0.296,2.038,0.897,0.848,771,35,40.601,0.576,1.641,0.609,0.875
888,gcb8290.tif,2.659,6.643,0.757,2.195,474,31,123.024,1.895,1.133,0.883,0.878
889,gcb8290.tif,0.567,3.317,0.648,1.509,793,33,142.431,0.651,2.442,0.409,0.838
890,gcb8290.tif,3.176,6.697,0.890,2.389,499,35,105.642,1.740,1.353,0.739,0.940
891,gcb8290.tif,2.363,5.830,0.873,2.146,669,38,149.036,1.564,1.311,0.763,0.939
892,gcb8290.tif,0.186,1.463,1.000,0.589,333,40,38.660,0.460,1.101,0.908,0.936
893,gcb8290.tif,0.491,2.536,0.960,0.920,584,44,53.130,0.736,1.086,0.921,0.913
894,gcb8290.tif,1.829,5.126,0.875,1.758,704,46,6.009,1.380,1.246,0.802,0.923
895,gcb8290.tif,1.431,4.389,0.933,1.583,631,54,54.462,1.276,1.257,0.795,0.929
896,gcb8290.tif,1.406,4.367,0.926,1.583,566,57,54.462,1.276,1.249,0.801,0.935
897,gcb8290.tif,0.330,2.168,0.883,0.906,350,44,113.962,0.552,1.557,0.642,0.876
898,gcb8290.tif,0.161,1.670,0.725,0.670,888,45,164.055,0.407,1.767,0.566,0.731
899,gcb8290.tif,0.330,2.244,0.824,0.873,814,48,108.435,0.614,1.527,0.655,0.812
900,gcb8290.tif,0.305,1.961,0.996,0.792,697,54,125.538,0.552,1.230,0.813,0.935
901,gcb8290.tif,1.025,3.685,0.948,1.368,317,55,109.654,1.012,1.289,0.776,0.924
902,gcb8290.tif,0.525,3.133,0.672,1.368,365,65,42.274,0.613,2.345,0.426,0.861
903,gcb8290.tif,0.135,1.225,1.000,0.496,254,57,111.801,0.368,1.209,0.827,0.889
904,gcb8290.tif,1.880,5.094,0.910,1.815,483,73,30.466,1.418,1.309,0.764,0.927
905,gcb8290.tif,0.288,2.428,0.614,0.991,679,63,21.801,0.506,2.415,0.414,0.747
906,gcb8290.tif,0.076,1.095,0.799,0.496,608,61,158.199,0.276,1.758,0.569,0.783
907,gcb8290.tif,0.593,3.003,0.826,1.178,862,61,128.660,0.836,1.426,0.701,0.875
908,gcb8290.tif,2.397,7.913,0.481,2.301,453,63,106.260,1.746,1.419,0.705,0.766
909,gcb8290.tif,0.398,2.276,0.966,0.873,713,65,108.435,0.552,1.433,0.698,0.940
910,gcb8290.tif,0.076,1.485,0.434,0.582,352,69,18.435,0.312,2.514,0.398,0.529
911,gcb8290.tif,0.051,0.911,0.769,0.460,794,69,36.870,0.247,2.166,0.462,0.706
912,gcb8290.tif,0.229,1.723,0.967,0.664,884,72,33.690,0.552,1.153,0.868,0.871
913,gcb8290.tif,1.914,4.995,0.964,1.736,636,74,122.005,1.472,1.079,0.927,0.948
914,gcb8290.tif,0.737,3.187,0.912,1.164,763,89,71.565,0.920,1.286,0.778,0.892
915,gcb8290.tif,0.195,1.539,1.000,0.617,364,85,63.435,0.460,1.182,0.846,0.885
916,gcb8290.tif,1.211,4.053,0.926,1.455,319,82,108.435,1.104,1.289,0.776,0.926
917,gcb8290.tif,2.989,6.535,0.880,2.301,577,82,106.260,1.817,1.301,0.769,0.935
918,gcb8290.tif,0.110,1.279,0.846,0.537,773,87,59.036,0.276,1.746,0.573,0.897
919,gcb8290.tif,0.838,3.447,0.887,1.200,535,97,57.529,0.920,1.200,0.833,0.921
920,gcb8290.tif,1.067,3.793,0.932,1.368,415,86,109.654,1.012,1.281,0.781,0.933
921,gcb8290.tif,0.550,2.850,0.852,1.138,591,98,75.964,0.644,1.764,0.567,0.909
922,gcb8290.tif,0.246,1.723,1.000,0.664,862,92,33.690,0.552,1.161,0.861,0.906
923,gcb8290.tif,0.601,2.720,1.000,0.995,396,96,33.690,0.828,1.059,0.944,0.953
924,gcb8290.tif,0.711,3.371,0.787,1.252,560,89,107.103,0.823,1.623,0.616,0.880
925,gcb8290.tif,0.449,2.352,1.000,0.906,290,92,113.962,0.644,1.256,0.796,0.930
926,gcb8290.tif,1.067,3.815,0.921,1.327,358,99,123.690,1.104,1.203,0.831,0.906
927,gcb8290.tif,0.381,2.244,0.951,0.848,890,98,102.529,0.644,1.290,0.775,0.882
928,gcb8290.tif,0.483,2.460,1.000,0.947,743,110,60.945,0.644,1.283,0.779,0.958
929,gcb8290.tif,0.423,2.406,0.919,0.920,794,101,126.870,0.644,1.327,0.754,0.909
930,gcb8290.tif,3.760,8.106,0.719,3.166,492,131,54.462,1.755,2.008,0.498,0.893
931,gcb8290.tif,2.371,7.271,0.564,2.707,618,103,107.819,1.513,2.088,0.479,0.791
932,gcb8290.tif,2.913,8.941,0.458,3.141,456,125,31.827,1.605,2.781,0.360,0.712
933,gcb8290.tif,2.083,5.408,0.895,2.058,542,104,100.305,1.380,1.422,0.703,0.930
934,gcb8290.tif,0.068,1.095,0.710,0.460,701,104,143.130,0.276,1.484,0.674,0.800
935,gcb8290.tif,0.610,3.088,0.804,1.252,604,118,72.897,0.644,1.954,0.512,0.911
936,gcb8290.tif,0.102,1.301,0.754,0.589,731,105,128.660,0.260,2.543,0.393,0.774
937,gcb8290.tif,0.550,2.666,0.973,1.073,518,107,149.036,0.736,1.441,0.694,0.935
938,gcb8290.tif,0.381,2.222,0.970,0.823,775,114,63.435,0.644,1.200,0.834,0.909
939,gcb8290.tif,1.219,4.726,0.686,1.758,949,125,83.991,1.133,1.756,0.569,0.825
940,gcb8290.tif,0.127,1.409,0.804,0.582,260,113,71.565,0.368,1.490,0.671,0.811
941,gcb8290.tif,1.846,7.792,0.382,3.173,404,119,16.858,1.129,3.631,0.275,0.718
942,gcb8290.tif,1.313,4.313,0.887,1.692,563,126,67.620,1.104,1.602,0.624,0.934
943,gcb8290.tif,1.270,4.237,0.889,1.532,311,130,57.265,1.104,1.356,0.737,0.915
944,gcb8290.tif,1.033,6.548,0.303,2.593,65,118,152.526,0.838,3.394,0.295,0.621
945,gcb8290.tif,0.466,2.536,0.910,1.049,648,123,37.875,0.689,1.565,0.639,0.917
946,gcb8290.tif,0.339,2.092,0.973,0.792,331,125,54.462,0.552,1.223,0.818,0.920
947,gcb8290.tif,1.457,4.367,0.960,1.573,714,135,69.444,1.196,1.223,0.818,0.950
948,gcb8290.tif,1.872,6.059,0.641,2.273,511,143,58.241,1.232,2.229,0.449,0.829
949,gcb8290.tif,1.448,5.278,0.653,1.895,577,139,60.945,1.230,1.681,0.595,0.824
950,gcb8290.tif,0.288,1.961,0.941,0.742,256,131,60.255,0.552,1.193,0.838,0.907
951,gcb8290.tif,0.110,1.225,0.922,0.496,371,130,68.199,0.368,1.420,0.704,0.812
952,gcb8290.tif,11.822,25.749,0.224,7.880,889,136,132.634,4.904,1.795,0.557,0.525
953,gcb8290.tif,0.559,2.742,0.934,0.995,676,130,123.690,0.823,1.196,0.836,0.892
954,gcb8290.tif,1.033,3.815,0.892,1.327,761,144,56.310,1.012,1.219,0.821,0.914
955,gcb8290.tif,1.626,6.427,0.495,2.140,333,155,64.537,1.407,1.660,0.602,0.751
956,gcb8290.tif,1.109,3.793,0.969,1.405,531,135,121.608,1.104,1.128,0.887,0.939
957,gcb8290.tif,0.677,3.653,0.638,1.610,633,145,30.964,0.626,3.002,0.333,0.821
958,gcb8290.tif,0.415,2.406,0.901,0.938,486,138,168.690,0.552,1.505,0.664,0.916
959,gcb8290.tif,0.449,2.581,0.847,1.049,603,137,127.875,0.586,1.792,0.558,0.876
960,gcb8290.tif,1.660,4.856,0.885,1.746,561,156,71.565,1.317,1.300,0.769,0.905
961,gcb8290.tif,0.339,2.796,0.544,1.252,873,144,17.103,0.466,3.134,0.319,0.816
962,gcb8290.tif,0.796,3.371,0.880,1.235,664,153,63.435,0.988,1.304,0.767,0.879
963,gcb8290.tif,0.788,5.592,0.316,2.134,62,146,7.431,0.805,3.375,0.296,0.574
964,gcb8290.tif,0.305,2.136,0.840,0.947,263,152,29.055,0.521,1.955,0.512,0.828
965,gcb8290.tif,1.033,3.761,0.918,1.402,461,147,113.199,1.071,1.321,0.757,0.907
966,gcb8290.tif,0.186,1.517,1.000,0.651,613,148,135.000,0.460,1.249,0.800,0.957
967,gcb8290.tif,1.355,4.466,0.854,1.659,679,148,109.440,1.288,1.296,0.772,0.896
968,gcb8290.tif,0.517,2.612,0.951,0.991,238,159,68.199,0.736,1.349,0.741,0.904
969,gcb8290.tif,0.119,1.149,1.000,0.460,322,149,126.870,0.368,1.020,0.981,0.933
970,gcb8290.tif,1.778,4.942,0.915,1.863,403,167,57.095,1.378,1.391,0.719,0.935
971,gcb8290.tif,0.076,0.889,1.000,0.390,494,149,135.000,0.276,1.000,1.000,1.000
972,gcb8290.tif,0.703,3.555,0.699,1.440,252,153,116.565,0.714,2.214,0.452,0.869
973,gcb8290.tif,0.373,2.145,1.000,0.848,517,160,40.601,0.644,1.067,0.938,0.946
974,gcb8290.tif,1.448,6.068,0.494,1.827,291,169,40.914,1.444,1.285,0.778,0.820
975,gcb8290.tif,2.693,7.630,0.581,2.799,411,177,43.668,1.411,2.344,0.427,0.806
976,gcb8290.tif,0.864,4.151,0.630,1.429,650,169,75.069,0.993,1.660,0.602,0.750
977,gcb8290.tif,0.864,3.425,0.926,1.252,315,157,107.103,0.920,1.280,0.781,0.923
978,gcb8290.tif,0.135,1.409,0.857,0.664,893,164,33.690,0.368,1.995,0.501,0.842
979,gcb8290.tif,0.652,2.926,0.957,1.123,468,170,34.992,0.846,1.357,0.737,0.922
980,gcb8290.tif,1.592,5.103,0.768,1.787,530,182,55.491,1.196,1.443,0.693,0.908
981,gcb8290.tif,1.346,4.573,0.809,1.813,706,164,113.962,1.059,1.772,0.564,0.901
982,gcb8290.tif,0.254,1.831,0.952,0.719,551,166,140.194,0.552,1.110,0.901,0.909
983,gcb8290.tif,2.210,7.500,0.494,2.323,329,168,123.690,1.535,1.870,0.535,0.744
984,gcb8290.tif,0.195,1.593,0.964,0.617,922,175,63.435,0.460,1.149,0.870,0.885
985,gcb8290.tif,2.303,5.570,0.933,1.991,446,189,56.310,1.564,1.221,0.819,0.943
986,gcb8290.tif,1.507,4.942,0.776,1.915,485,183,35.218,1.335,1.365,0.732,0.881
987,gcb8290.tif,1.550,4.627,0.909,1.610,619,172,120.964,1.288,1.177,0.850,0.920
988,gcb8290.tif,1.169,3.891,0.970,1.429,664,171,104.931,1.104,1.208,0.828,0.929
989,gcb8290.tif,0.059,0.835,1.000,0.332,751,173,123.690,0.276,1.069,0.936,0.875
990,gcb8290.tif,0.076,0.965,1.000,0.460,292,178,36.870,0.276,1.542,0.648,0.857
991,gcb8290.tif,0.601,3.003,0.838,1.252,517,178,143.973,0.689,1.926,0.519,0.882
992,gcb8290.tif,0.161,1.930,0.543,0.786,888,177,110.556,0.412,2.082,0.480,0.731
993,gcb8290.tif,0.186,1.723,0.788,0.670,740,178,105.945,0.446,1.643,0.609,0.800
994,gcb8290.tif,1.939,5.170,0.912,1.736,688,183,122.005,1.523,1.134,0.881,0.922
995,gcb8290.tif,1.634,4.811,0.887,1.770,268,184,117.897,1.288,1.228,0.815,0.930
996,gcb8290.tif,0.474,3.263,0.560,1.252,203,196,53.973,0.658,2.000,0.500,0.747
997,gcb8290.tif,0.576,2.720,0.978,0.995,368,196,33.690,0.828,1.091,0.917,0.932
998,gcb8290.tif,0.440,2.406,0.956,0.911,552,190,135.000,0.644,1.158,0.863,0.912
999,gcb8290.tif,0.923,3.532,0.930,1.318,296,205,65.225,0.920,1.362,0.734,0.936
1000,gcb8290.tif,2.947,6.513,0.873,2.436,315,218,79.114,1.564,1.533,0.652,0.942
1001,gcb8290.tif,2.981,6.827,0.804,2.513,401,193,113.749,1.716,1.608,0.622,0.920
1002,gcb8290.tif,0.898,3.478,0.932,1.282,749,193,111.038,0.920,1.328,0.753,0.930
1003,gcb8290.tif,2.490,5.830,0.920,2.043,349,217,82.235,1.564,1.223,0.818,0.944
1004,gcb8290.tif,2.634,7.087,0.659,2.389,462,222,74.358,1.707,1.610,0.621,0.810
1005,gcb8290.tif,1.922,5.072,0.939,1.815,644,201,120.466,1.380,1.233,0.811,0.942
1006,gcb8290.tif,1.423,4.443,0.906,1.631,374,201,106.390,1.196,1.363,0.734,0.921
1007,gcb8290.tif,0.186,1.593,0.922,0.651,882,208,45.000,0.460,1.266,0.790,0.863
1008,gcb8290.tif,1.313,4.259,0.909,1.484,516,204,119.745,1.288,1.087,0.920,0.906
1009,gcb8290.tif,0.288,2.244,0.719,1.049,693,215,37.875,0.455,2.359,0.424,0.840
1010,gcb8290.tif,0.161,1.409,1.000,0.537,789,209,120.964,0.453,1.179,0.848,0.864
1011,gcb8290.tif,1.965,5.278,0.886,1.991,425,230,56.310,1.378,1.477,0.677,0.924
1012,gcb8290.tif,1.812,4.910,0.945,1.729,489,230,64.799,1.472,1.122,0.891,0.930
1013,gcb8290.tif,1.389,4.345,0.925,1.532,563,226,57.265,1.196,1.160,0.862,0.943
1014,gcb8290.tif,0.534,2.666,0.943,0.995,705,223,56.310,0.815,1.179,0.848,0.906
1015,gcb8290.tif,1.169,5.875,0.425,2.323,787,222,146.310,0.921,2.898,0.345,0.685
1016,gcb8290.tif,3.176,10.772,0.344,2.731,501,242,32.619,2.353,1.169,0.855,0.680
1017,gcb8290.tif,0.246,1.723,1.000,0.664,627,222,123.690,0.552,1.084,0.922,0.921
1018,gcb8290.tif,2.270,7.639,0.489,2.675,340,244,40.815,1.517,2.242,0.446,0.707
1019,gcb8290.tif,0.076,0.965,1.000,0.412,843,228,26.565,0.276,1.340,0.746,0.857
1020,gcb8290.tif,0.788,3.393,0.860,1.301,304,242,45.000,0.911,1.379,0.725,0.877
1021,gcb8290.tif,0.423,2.352,0.962,0.873,720,239,71.565,0.644,1.186,0.843,0.909
1022,gcb8290.tif,0.390,2.168,1.000,0.823,617,231,116.565,0.644,1.153,0.867,0.929
1023,gcb8290.tif,2.185,5.386,0.946,1.863,635,252,69.775,1.564,1.154,0.866,0.943
1024,gcb8290.tif,0.127,1.203,1.000,0.521,787,237,45.000,0.368,1.137,0.880,0.968
1025,gcb8290.tif,0.102,1.279,0.781,0.496,437,237,21.801,0.368,1.227,0.815,0.800
1026,gcb8290.tif,0.110,1.149,1.000,0.460,672,235,126.870,0.368,1.148,0.871,0.897
1027,gcb8290.tif,0.567,2.720,0.964,0.995,561,237,123.690,0.828,1.038,0.963,0.931
1028,gcb8290.tif,1.330,5.722,0.510,2.098,355,258,52.125,1.106,2.160,0.463,0.779
1029,gcb8290.tif,0.110,1.095,1.000,0.460,698,241,126.870,0.368,1.159,0.863,0.897
1030,gcb8290.tif,0.517,2.590,0.968,0.947,536,242,119.055,0.736,1.197,0.835,0.931
1031,gcb8290.tif,1.626,4.865,0.863,1.777,327,243,111.251,1.280,1.394,0.717,0.923
1032,gcb8290.tif,0.093,1.225,0.780,0.537,494,245,120.964,0.325,1.598,0.626,0.759
1033,gcb8290.tif,2.320,5.700,0.897,2.010,606,268,74.055,1.564,1.272,0.786,0.930
1034,gcb8290.tif,0.567,2.720,0.964,0.978,265,251,131.186,0.828,1.045,0.957,0.931
1035,gcb8290.tif,0.974,3.555,0.969,1.252,687,252,107.103,1.012,1.169,0.855,0.927
1036,gcb8290.tif,1.236,4.075,0.936,1.487,723,267,68.199,1.164,1.272,0.786,0.921
1037,gcb8290.tif,0.906,3.478,0.941,1.359,471,263,28.301,0.920,1.366,0.732,0.934
1038,gcb8290.tif,2.710,6.014,0.941,2.076,402,279,77.196,1.656,1.198,0.835,0.950
1039,gcb8290.tif,10.916,23.927,0.240,6.860,944,260,96.934,2.929,2.761,0.362,0.667
1040,gcb8290.tif,0.178,1.539,0.943,0.664,918,268,56.310,0.453,1.630,0.613,0.875
1041,gcb8290.tif,2.278,5.754,0.865,2.119,652,282,55.620,1.562,1.334,0.750,0.939
1042,gcb8290.tif,2.828,9.614,0.385,3.261,502,267,106.390,1.592,1.909,0.524,0.697
1043,gcb8290.tif,3.159,9.591,0.431,3.009,287,269,113.429,1.814,1.892,0.529,0.743
1044,gcb8290.tif,1.804,5.570,0.731,2.140,439,271,115.463,1.343,1.600,0.625,0.862
1045,gcb8290.tif,2.439,8.617,0.413,2.683,467,298,67.834,1.650,1.909,0.524,0.693
1046,gcb8290.tif,2.430,5.799,0.908,2.037,618,293,71.565,1.692,1.220,0.820,0.924
1047,gcb8290.tif,0.246,1.984,0.784,0.742,428,281,60.255,0.552,1.425,0.702,0.829
1048,gcb8290.tif,0.948,4.780,0.522,1.607,483,290,66.371,0.989,1.906,0.525,0.762
1049,gcb8290.tif,0.271,1.854,0.991,0.742,549,282,60.255,0.552,1.305,0.766,0.901
1050,gcb8290.tif,2.490,5.906,0.897,2.098,374,292,15.255,1.656,1.190,0.840,0.935
1051,gcb8290.tif,3.752,12.540,0.300,3.295,670,283,125.910,2.389,1.607,0.622,0.584
1052,gcb8290.tif,2.422,8.007,0.475,3.173,304,317,73.142,1.196,3.004,0.333,0.799
1053,gcb8290.tif,2.337,5.700,0.904,2.125,331,308,72.350,1.472,1.433,0.698,0.945
1054,gcb8290.tif,4.920,9.363,0.705,3.125,394,304,13.627,2.429,1.364,0.733,0.857
1055,gcb8290.tif,0.627,2.926,0.920,1.112,704,293,114.444,0.828,1.325,0.754,0.892
1056,gcb8290.tif,2.761,8.801,0.448,2.323,584,297,123.690,1.905,1.328,0.753,0.784
1057,gcb8290.tif,0.432,2.428,0.921,0.991,822,295,111.801,0.644,1.474,0.678,0.895
1058,gcb8290.tif,1.939,8.357,0.349,3.076,857,322,51.072,1.339,2.858,0.350,0.633
1059,gcb8290.tif,1.067,3.923,0.871,1.405,347,309,58.392,1.104,1.211,0.826,0.913
1060,gcb8290.tif,0.271,1.907,0.936,0.759,655,299,104.036,0.460,1.419,0.705,0.901
1061,gcb8290.tif,1.694,4.910,0.883,1.840,454,304,143.130,1.284,1.441,0.694,0.917
1062,gcb8290.tif,0.076,0.965,1.000,0.412,804,303,116.565,0.276,1.340,0.746,0.857
1063,gcb8290.tif,0.627,2.980,0.887,1.073,758,316,59.036,0.828,1.225,0.817,0.908
1064,gcb8290.tif,0.965,4.031,0.747,1.573,282,307,110.556,0.905,1.869,0.535,0.877
1065,gcb8290.tif,0.423,2.352,0.962,0.848,625,310,130.601,0.736,1.073,0.932,0.901
1066,gcb8290.tif,0.051,0.965,0.686,0.390,775,313,45.000,0.276,1.295,0.772,0.750
1067,gcb8290.tif,0.203,1.647,0.941,0.701,263,319,66.801,0.368,1.723,0.580,0.923
1068,gcb8290.tif,0.271,1.961,0.885,0.742,912,316,150.255,0.552,1.187,0.843,0.914
1069,gcb8290.tif,0.059,0.911,0.898,0.390,505,318,45.000,0.276,1.247,0.802,0.824
1070,gcb8290.tif,0.677,2.980,0.959,1.049,350,325,37.875,0.920,1.052,0.951,0.920
1071,gcb8290.tif,0.686,2.958,0.985,1.123,365,327,55.008,0.828,1.181,0.846,0.959
1072,gcb8290.tif,0.068,0.889,1.000,0.412,393,318,116.565,0.184,2.000,0.500,1.000
1073,gcb8290.tif,0.195,1.593,0.964,0.617,693,322,26.565,0.460,1.174,0.852,0.885
1074,gcb8290.tif,4.556,7.998,0.895,2.890,544,320,99.162,2.117,1.356,0.737,0.949
1075,gcb8290.tif,1.101,4.995,0.554,1.689,513,337,60.642,1.152,1.644,0.608,0.776
1076,gcb8290.tif,1.431,4.421,0.920,1.567,300,336,49.764,1.196,1.257,0.796,0.931
1077,gcb8290.tif,0.195,1.800,0.756,0.742,450,322,119.745,0.455,1.650,0.606,0.767
1078,gcb8290.tif,0.618,2.949,0.894,1.123,477,332,34.992,0.842,1.258,0.795,0.880
1079,gcb8290.tif,0.220,1.723,0.932,0.664,245,331,56.310,0.535,1.214,0.824,0.852
1080,gcb8290.tif,0.567,2.742,0.948,0.995,680,329,123.690,0.828,1.201,0.833,0.887
1081,gcb8290.tif,1.880,5.233,0.863,2.037,564,353,71.565,1.196,1.677,0.596,0.943
1082,gcb8290.tif,1.575,4.865,0.836,1.777,586,351,68.749,1.196,1.428,0.701,0.928
1083,gcb8290.tif,0.745,3.088,0.982,1.178,603,342,38.660,0.920,1.191,0.840,0.957
1084,gcb8290.tif,0.618,2.828,0.972,1.073,777,343,59.036,0.736,1.253,0.798,0.961
1085,gcb8290.tif,0.119,1.279,0.911,0.589,826,335,128.660,0.368,1.699,0.589,0.848
1086,gcb8290.tif,0.720,3.034,0.983,1.112,728,337,114.444,0.828,1.233,0.811,0.944
1087,gcb8290.tif,0.203,1.593,1.000,0.617,742,343,63.435,0.460,1.108,0.902,0.906
1088,gcb8290.tif,4.590,9.039,0.706,2.857,474,345,165.069,2.301,1.325,0.755,0.881
1089,gcb8290.tif,1.948,5.386,0.844,2.010,696,359,74.055,1.380,1.453,0.688,0.916
1090,gcb8290.tif,0.550,2.720,0.935,0.978,412,339,131.186,0.828,1.099,0.910,0.903
1091,gcb8290.tif,2.278,9.591,0.311,2.946,618,373,75.530,1.792,1.709,0.585,0.622
1092,gcb8290.tif,0.847,3.523,0.857,1.380,523,344,143.130,0.907,1.552,0.644,0.873
1093,gcb8290.tif,0.542,2.796,0.871,1.077,507,361,70.017,0.736,1.458,0.686,0.877
1094,gcb8290.tif,1.067,3.793,0.932,1.368,462,351,109.654,1.012,1.285,0.778,0.930
1095,gcb8290.tif,0.347,2.092,0.997,0.792,594,358,54.462,0.644,1.076,0.929,0.921
1096,gcb8290.tif,0.584,2.720,0.993,0.995,439,356,123.690,0.736,1.197,0.835,0.939
1097,gcb8290.tif,2.303,5.516,0.951,1.863,351,356,110.225,1.656,1.067,0.937,0.946
1098,gcb8290.tif,0.881,4.596,0.524,1.697,395,381,77.471,0.908,2.256,0.443,0.732
1099,gcb8290.tif,4.522,7.792,0.936,2.598,533,390,67.068,2.393,1.026,0.974,0.960
1100,gcb8290.tif,2.930,6.481,0.877,2.421,641,366,98.746,1.656,1.449,0.690,0.940
1101,gcb8290.tif,0.517,2.612,0.951,0.947,315,367,119.055,0.815,1.157,0.865,0.897
1102,gcb8290.tif,2.676,6.176,0.882,2.308,374,391,66.501,1.564,1.382,0.723,0.950
1103,gcb8290.tif,0.313,2.168,0.838,0.947,472,374,29.055,0.535,1.944,0.514,0.871
1104,gcb8290.tif,0.220,1.723,0.932,0.742,810,369,150.255,0.460,1.586,0.631,0.897
1105,gcb8290.tif,0.449,2.374,1.000,0.920,573,371,143.130,0.716,1.279,0.782,0.898
1106,gcb8290.tif,0.110,1.095,1.000,0.460,726,372,126.870,0.368,1.159,0.863,0.897
1107,gcb8290.tif,2.380,5.776,0.896,2.148,419,396,80.134,1.472,1.428,0.700,0.937
1108,gcb8290.tif,0.652,2.980,0.923,1.073,610,383,59.036,0.920,1.132,0.883,0.906
1109,gcb8290.tif,0.288,1.984,0.919,0.786,807,384,69.444,0.552,1.433,0.698,0.861
1110,gcb8290.tif,4.243,10.327,0.500,3.535,447,407,51.340,1.980,1.763,0.567,0.831
1111,gcb8290.tif,1.219,6.526,0.360,2.478,871,377,111.801,1.111,3.072,0.325,0.589
1112,gcb8290.tif,0.457,2.482,0.933,0.995,438,378,123.690,0.692,1.423,0.703,0.885
1113,gcb8290.tif,0.559,2.926,0.820,1.077,665,379,109.983,0.736,1.392,0.718,0.892
1114,gcb8290.tif,1.584,4.811,0.860,1.877,507,381,101.310,1.104,1.641,0.609,0.935
1115,gcb8290.tif,0.483,2.482,0.985,0.920,294,391,53.130,0.736,1.098,0.911,0.905
1116,gcb8290.tif,0.567,2.666,1.000,0.995,687,391,33.690,0.828,1.169,0.855,0.937
1117,gcb8290.tif,0.178,1.539,0.943,0.617,493,385,116.565,0.460,1.282,0.780,0.840
1118,gcb8290.tif,2.676,6.566,0.780,2.545,576,412,77.471,1.472,1.648,0.607,0.919
1119,gcb8290.tif,0.347,2.168,0.928,0.868,355,392,32.005,0.617,1.432,0.699,0.882
1120,gcb8290.tif,0.500,3.079,0.662,1.077,759,399,70.017,0.736,1.487,0.673,0.825
1121,gcb8290.tif,1.126,3.923,0.920,1.440,813,403,63.435,1.104,1.228,0.814,0.930
1122,gcb8290.tif,0.491,2.612,0.905,1.073,588,390,120.964,0.700,1.544,0.647,0.906
1123,gcb8290.tif,0.796,3.294,0.922,1.164,232,395,108.435,0.920,1.236,0.809,0.913
1124,gcb8290.tif,0.330,2.558,0.634,1.029,342,404,10.305,0.514,2.216,0.451,0.788
1125,gcb8290.tif,0.279,1.831,1.000,0.719,721,409,39.806,0.552,1.071,0.934,0.957
1126,gcb8290.tif,4.310,8.820,0.696,3.148,669,404,105.255,1.840,1.898,0.527,0.887
1127,gcb8290.tif,1.592,4.627,0.934,1.646,613,405,116.565,1.380,1.163,0.860,0.935
1128,gcb8290.tif,0.068,0.911,1.000,0.379,753,406,165.964,0.276,1.195,0.837,0.800
1129,gcb8290.tif,0.203,1.571,1.000,0.651,698,412,45.000,0.460,1.091,0.916,0.980
1130,gcb8290.tif,0.203,1.670,0.916,0.670,864,408,164.055,0.460,1.342,0.745,0.842
1131,gcb8290.tif,0.347,2.949,0.502,1.278,277,410,149.744,0.460,3.662,0.273,0.689
1132,gcb8290.tif,1.872,4.964,0.954,1.692,383,426,67.620,1.562,1.046,0.956,0.940
1133,gcb8290.tif,0.635,2.796,1.000,0.995,634,410,123.690,0.828,1.057,0.947,0.932
1134,gcb8290.tif,0.830,4.129,0.612,1.402,331,425,66.801,0.920,1.584,0.631,0.807
1135,gcb8290.tif,1.634,5.049,0.806,1.863,499,412,122.905,1.222,1.521,0.657,0.900
1136,gcb8290.tif,1.643,4.735,0.921,1.646,731,428,63.435,1.361,1.153,0.867,0.939
1137,gcb8290.tif,0.347,3.469,0.363,1.437,844,423,39.806,0.437,4.586,0.218,0.621
1138,gcb8290.tif,3.015,6.741,0.834,2.366,469,413,103.496,1.762,1.370,0.730,0.906
1139,gcb8290.tif,0.542,2.688,0.942,0.978,255,424,41.186,0.823,1.200,0.833,0.883
1140,gcb8290.tif,4.056,10.090,0.501,3.640,756,417,110.726,1.733,2.335,0.428,0.802
1141,gcb8290.tif,0.838,3.967,0.669,1.340,574,417,105.945,1.012,1.345,0.743,0.802
1142,gcb8290.tif,0.068,1.019,0.820,0.460,803,421,36.870,0.276,1.767,0.566,0.842
1143,gcb8290.tif,1.914,7.002,0.491,2.328,288,447,71.565,1.281,1.734,0.577,0.837
1144,gcb8290.tif,1.651,4.888,0.869,1.808,311,443,75.256,1.196,1.443,0.693,0.935
1145,gcb8290.tif,0.711,3.447,0.752,1.402,489,424,113.199,0.741,2.038,0.491,0.853
1146,gcb8290.tif,0.915,4.637,0.535,2.043,816,430,7.765,0.644,3.462,0.289,0.871
1147,gcb8290.tif,0.085,0.965,1.000,0.460,534,429,36.870,0.276,1.551,0.645,0.909
1148,gcb8290.tif,1.109,3.815,0.958,1.380,355,440,53.130,1.171,1.187,0.843,0.926
1149,gcb8290.tif,1.016,3.761,0.903,1.282,392,431,158.962,1.104,1.103,0.906,0.913
1150,gcb8290.tif,1.905,5.018,0.951,1.689,437,429,119.358,1.564,1.021,0.979,0.939
1151,gcb8290.tif,0.102,1.041,1.000,0.412,950,429,116.565,0.368,1.000,1.000,0.857
1152,gcb8290.tif,2.168,5.516,0.895,2.010,720,430,105.945,1.472,1.376,0.727,0.928
1153,gcb8290.tif,0.593,3.034,0.809,1.123,530,435,124.992,0.796,1.527,0.655,0.864
1154,gcb8290.tif,0.703,3.088,0.926,1.153,690,448,61.390,0.828,1.291,0.775,0.927
1155,gcb8290.tif,0.601,2.872,0.916,1.120,242,440,99.462,0.736,1.370,0.730,0.904
1156,gcb8290.tif,0.694,3.142,0.884,1.235,379,441,116.565,0.736,1.553,0.644,0.932
1157,gcb8290.tif,0.102,1.095,1.000,0.460,516,444,36.870,0.368,1.281,0.780,0.857
1158,gcb8290.tif,1.601,4.758,0.889,1.863,643,460,69.775,1.196,1.574,0.635,0.940
1159,gcb8290.tif,0.720,3.164,0.903,1.164,273,444,108.435,0.828,1.345,0.744,0.914
1160,gcb8290.tif,1.228,4.129,0.905,1.509,472,456,37.569,1.171,1.286,0.777,0.927
1161,gcb8290.tif,1.346,5.062,0.660,1.922,430,446,106.699,1.173,1.747,0.573,0.826
1162,gcb8290.tif,1.567,4.888,0.824,1.770,448,457,8.973,1.282,1.358,0.737,0.902
1163,gcb8290.tif,2.608,6.014,0.906,2.256,353,471,78.232,1.472,1.488,0.672,0.949
1164,gcb8290.tif,11.255,18.577,0.410,6.507,554,520,81.870,2.945,2.388,0.419,0.806
1165,gcb8290.tif,1.541,5.799,0.576,2.125,335,473,72.350,1.293,1.827,0.547,0.740
1166,gcb8290.tif,1.855,5.072,0.906,1.815,656,472,59.534,1.380,1.287,0.777,0.930
1167,gcb8290.tif,0.203,1.777,0.809,0.742,131,462,60.255,0.437,1.983,0.504,0.828
1168,gcb8290.tif,0.051,0.705,1.000,0.332,504,455,146.310,0.184,1.500,0.667,1.000
1169,gcb8290.tif,0.246,1.723,1.000,0.664,754,461,56.310,0.552,1.076,0.929,0.906
1170,gcb8290.tif,2.515,6.611,0.723,2.212,408,481,73.072,1.564,1.456,0.687,0.921
1171,gcb8290.tif,0.220,1.746,0.908,0.670,592,458,105.945,0.535,1.386,0.721,0.812
1172,gcb8290.tif,1.203,4.704,0.683,1.956,781,477,41.186,0.960,2.255,0.444,0.835
1173,gcb8290.tif,9.027,15.812,0.454,4.572,368,470,130.101,3.096,1.608,0.622,0.819
1174,gcb8290.tif,1.262,4.183,0.906,1.573,627,464,110.556,1.104,1.414,0.707,0.928
1175,gcb8290.tif,0.169,1.670,0.764,0.742,534,473,60.255,0.412,2.087,0.479,0.784
1176,gcb8290.tif,1.474,4.551,0.894,1.697,448,473,12.529,1.104,1.478,0.676,0.938
1177,gcb8290.tif,2.693,8.074,0.519,2.328,602,491,71.565,1.804,1.373,0.728,0.791
1178,gcb8290.tif,1.270,4.075,0.961,1.455,693,482,71.565,1.196,1.184,0.845,0.935
1179,gcb8290.tif,0.457,2.482,0.933,0.920,306,477,53.130,0.736,1.213,0.824,0.878
1180,gcb8290.tif,2.007,5.624,0.797,2.241,482,491,70.821,1.264,1.875,0.533,0.935
1181,gcb8290.tif,0.246,2.428,0.523,0.961,803,469,106.699,0.460,2.384,0.420,0.744
1182,gcb8290.tif,1.101,3.869,0.924,1.440,342,472,116.565,1.101,1.298,0.770,0.915
1183,gcb8290.tif,1.550,4.681,0.889,1.777,748,472,111.251,1.196,1.497,0.668,0.931
1184,gcb8290.tif,0.457,2.482,0.933,0.995,878,479,33.690,0.736,1.337,0.748,0.893
1185,gcb8290.tif,2.143,5.754,0.813,2.187,493,496,67.751,1.340,1.653,0.605,0.927
1186,gcb8290.tif,0.610,2.904,0.909,1.112,582,481,114.444,0.736,1.396,0.716,0.923
1187,gcb8290.tif,1.126,3.923,0.920,1.359,664,495,61.699,1.191,1.082,0.924,0.920
1188,gcb8290.tif,0.152,1.616,0.734,0.719,894,493,50.194,0.390,1.980,0.505,0.783
1189,gcb8290.tif,0.161,1.670,0.725,0.670,703,492,15.945,0.412,1.907,0.524,0.760
1190,gcb8290.tif,0.322,1.984,1.000,0.786,784,492,20.556,0.552,1.278,0.782,0.905
1191,gcb8290.tif,0.423,2.796,0.681,1.153,944,499,61.390,0.620,1.933,0.517,0.813
1192,gcb8290.tif,2.939,6.275,0.938,2.172,447,493,126.384,1.840,1.135,0.881,0.947
1193,gcb8290.tif,1.533,4.627,0.900,1.638,648,493,128.157,1.251,1.294,0.773,0.923
1194,gcb8290.tif,1.084,3.739,0.974,1.359,732,494,118.301,1.012,1.199,0.834,0.941
1195,gcb8290.tif,4.327,7.976,0.855,2.890,273,495,99.162,2.021,1.464,0.683,0.939
1196,gcb8290.tif,0.195,1.539,1.000,0.589,471,495,128.660,0.460,1.149,0.871,0.885
1197,gcb8290.tif,2.320,6.557,0.678,2.172,509,518,53.616,1.751,1.301,0.769,0.832
1198,gcb8290.tif,1.042,3.869,0.874,1.455,633,515,71.565,1.012,1.509,0.663,0.908
1199,gcb8290.tif,0.466,2.482,0.950,0.920,593,501,126.870,0.736,1.229,0.814,0.902
1200,gcb8290.tif,3.819,9.309,0.554,3.254,319,510,118.740,1.894,1.789,0.559,0.840
1201,gcb8290.tif,0.508,2.590,0.952,0.920,609,510,126.870,0.736,1.130,0.885,0.923
1202,gcb8290.tif,0.229,1.854,0.836,0.781,366,518,45.000,0.513,1.616,0.619,0.818
1203,gcb8290.tif,0.186,1.593,0.922,0.617,435,517,63.435,0.460,1.176,0.850,0.880
1204,gcb8290.tif,0.051,0.781,1.000,0.332,214,513,123.690,0.260,1.291,0.775,0.800
1205,gcb8290.tif,0.864,4.520,0.531,1.455,586,513,124.695,1.080,1.527,0.655,0.718
1206,gcb8290.tif,1.059,4.650,0.615,1.692,689,517,157.620,1.012,1.972,0.507,0.799
1207,gcb8290.tif,0.085,1.409,0.536,0.537,434,519,120.964,0.368,1.414,0.707,0.667
1208,gcb8290.tif,0.330,2.244,0.824,0.920,534,521,143.130,0.586,1.826,0.548,0.830
1209,gcb8290.tif,4.370,10.385,0.509,4.186,664,524,146.659,1.830,2.008,0.498,0.832
1210,gcb8290.tif,0.296,2.168,0.793,0.920,349,529,36.870,0.552,1.605,0.623,0.875
1211,gcb8290.tif,1.219,4.053,0.933,1.440,456,538,63.435,1.193,1.159,0.863,0.932
1212,gcb8290.tif,0.483,2.904,0.719,1.164,759,524,108.435,0.580,2.234,0.448,0.844
1213,gcb8290.tif,0.093,1.019,1.000,0.460,775,530,36.870,0.276,1.372,0.729,0.957
1214,gcb8290.tif,0.483,2.428,1.000,0.873,714,529,108.435,0.736,1.087,0.920,0.912
1215,gcb8290.tif,0.135,1.463,0.795,0.664,771,537,56.310,0.368,2.016,0.496,0.865
1216,gcb8290.tif,0.279,1.961,0.913,0.742,245,541,60.255,0.552,1.297,0.771,0.880
1217,gcb8290.tif,2.083,5.538,0.853,2.020,427,537,149.931,1.557,1.283,0.779,0.911
1218,gcb8290.tif,3.879,8.810,0.628,3.268,507,534,122.347,1.692,2.195,0.456,0.843
1219,gcb8290.tif,1.033,3.869,0.867,1.583,557,536,144.462,0.976,1.634,0.612,0.931
1220,gcb8290.tif,0.144,1.409,0.911,0.589,169,536,128.660,0.437,1.364,0.733,0.829
1221,gcb8290.tif,0.296,3.492,0.306,1.509,830,536,127.569,0.519,4.388,0.228,0.519
1222,gcb8290.tif,1.990,5.431,0.848,2.027,362,554,39.472,1.364,1.557,0.642,0.909
1223,gcb8290.tif,0.991,3.577,0.973,1.252,390,550,72.897,1.104,1.078,0.928,0.918
1224,gcb8290.tif,1.939,6.481,0.580,2.456,735,563,77.005,1.139,2.569,0.389,0.816
1225,gcb8290.tif,0.051,0.705,1.000,0.332,203,539,146.310,0.184,1.500,0.667,1.000
1226,gcb8290.tif,0.999,5.278,0.451,1.987,623,545,166.608,0.959,2.644,0.378,0.684
1227,gcb8290.tif,3.057,6.513,0.906,2.323,309,547,123.690,1.833,1.237,0.809,0.944
1228,gcb8290.tif,3.320,11.108,0.338,2.745,404,575,76.430,2.294,1.331,0.751,0.663
1229,gcb8290.tif,0.466,2.536,0.910,0.991,576,557,68.199,0.644,1.343,0.745,0.902
1230,gcb8290.tif,2.964,6.297,0.939,2.308,551,548,113.499,1.822,1.252,0.799,0.947
1231,gcb8290.tif,1.651,6.342,0.516,2.375,635,566,35.538,1.316,2.183,0.458,0.746
1232,gcb8290.tif,0.279,2.038,0.846,0.786,873,551,159.444,0.552,1.286,0.778,0.835
1233,gcb8290.tif,1.287,4.237,0.901,1.543,280,551,107.354,1.104,1.401,0.714,0.930
1234,gcb8290.tif,0.144,1.539,0.763,0.701,847,552,156.801,0.368,1.933,0.517,0.773
1235,gcb8290.tif,0.313,2.145,0.855,0.792,827,552,144.462,0.552,1.103,0.907,0.871
1236,gcb8290.tif,0.110,1.225,0.922,0.589,804,559,141.340,0.325,2.066,0.484,0.812
1237,gcb8290.tif,1.143,5.139,0.544,2.286,204,577,40.101,0.757,3.638,0.275,0.823
1238,gcb8290.tif,0.847,3.294,0.981,1.200,340,572,57.529,0.920,1.230,0.813,0.935
1239,gcb8290.tif,1.736,4.865,0.922,1.770,357,560,117.897,1.380,1.209,0.827,0.936
1240,gcb8290.tif,4.158,12.159,0.353,4.856,895,613,80.181,1.472,3.680,0.272,0.694
1241,gcb8290.tif,2.329,7.186,0.567,2.503,874,564,107.103,1.458,1.770,0.565,0.830
1242,gcb8290.tif,2.143,7.782,0.445,2.799,934,565,133.668,1.523,1.879,0.532,0.760
1243,gcb8290.tif,1.965,5.700,0.760,2.187,719,565,112.249,1.281,1.752,0.571,0.922
1244,gcb8290.tif,0.567,3.056,0.763,1.252,768,574,36.027,0.658,1.983,0.504,0.876
1245,gcb8290.tif,0.144,1.279,1.000,0.537,254,566,120.964,0.368,1.263,0.792,0.919
1246,gcb8290.tif,0.423,2.428,0.903,0.911,495,568,135.000,0.736,1.122,0.891,0.885
1247,gcb8290.tif,0.610,2.904,0.909,1.112,527,568,155.556,0.736,1.478,0.676,0.917
1248,gcb8290.tif,0.948,3.837,0.809,1.523,614,569,115.017,0.893,1.725,0.580,0.882
1249,gcb8290.tif,0.415,2.558,0.797,1.112,691,575,24.444,0.553,2.195,0.456,0.845
1250,gcb8290.tif,0.102,1.225,0.851,0.469,470,570,101.310,0.368,1.186,0.843,0.800
1251,gcb8290.tif,2.718,6.566,0.792,2.359,414,574,110.556,1.564,1.394,0.717,0.918
1252,gcb8290.tif,1.584,6.005,0.552,2.226,383,593,29.745,1.298,2.039,0.490,0.722
1253,gcb8290.tif,1.008,4.259,0.698,1.573,818,583,20.556,1.029,1.624,0.616,0.859
1254,gcb8290.tif,0.711,2.980,1.000,1.153,519,580,151.390,0.828,1.254,0.797,0.944
1255,gcb8290.tif,0.508,2.634,0.920,0.938,804,583,168.690,0.828,1.069,0.935,0.851
1256,gcb8290.tif,0.881,3.425,0.944,1.235,759,598,63.435,0.920,1.187,0.842,0.924
1257,gcb8290.tif,5.632,14.698,0.328,4.528,812,619,37.569,2.775,2.137,0.468,0.670
1258,gcb8290.tif,0.627,2.926,0.920,1.120,499,587,99.462,0.736,1.337,0.748,0.902
1259,gcb8290.tif,0.110,1.225,0.922,0.496,669,590,21.801,0.368,1.420,0.704,0.812
1260,gcb8290.tif,2.016,5.853,0.739,2.187,438,611,75.379,1.397,1.556,0.643,0.900
1261,gcb8290.tif,0.534,2.720,0.906,1.029,551,589,116.565,0.736,1.293,0.773,0.894
1262,gcb8290.tif,0.178,1.463,1.000,0.617,407,593,116.565,0.368,1.475,0.678,0.933
1263,gcb8290.tif,0.085,1.225,0.709,0.537,886,594,149.036,0.320,2.099,0.476,0.741
1264,gcb8290.tif,1.694,6.360,0.526,2.603,949,593,98.130,0.920,3.245,0.308,0.857
1265,gcb8290.tif,3.616,7.608,0.785,2.835,469,626,76.866,1.713,1.713,0.584,0.912
1266,gcb8290.tif,1.499,6.014,0.521,2.400,906,619,57.529,1.059,2.633,0.380,0.780
1267,gcb8290.tif,1.753,5.592,0.704,1.991,512,619,56.310,1.356,1.655,0.604,0.838
1268,gcb8290.tif,2.083,5.310,0.929,1.787,559,616,55.491,1.564,1.075,0.930,0.939
1269,gcb8290.tif,0.796,3.294,0.922,1.200,326,603,122.471,0.920,1.227,0.815,0.917
1270,gcb8290.tif,1.228,5.049,0.605,2.125,760,603,94.970,0.913,2.584,0.387,0.853
1271,gcb8290.tif,1.338,5.103,0.646,2.125,483,629,72.350,0.944,2.509,0.399,0.852
1272,gcb8290.tif,0.720,3.371,0.796,1.340,294,625,74.055,0.828,1.454,0.688,0.872
1273,gcb8290.tif,1.067,3.793,0.932,1.402,272,630,66.801,1.012,1.335,0.749,0.937
1274,gcb8290.tif,3.243,6.925,0.850,2.436,417,617,100.886,1.840,1.281,0.781,0.925
1275,gcb8290.tif,1.888,5.094,0.915,1.815,648,636,59.534,1.472,1.240,0.807,0.927
1276,gcb8290.tif,0.263,1.854,0.960,0.701,632,619,113.199,0.552,1.271,0.787,0.873
1277,gcb8290.tif,0.567,2.666,1.000,0.978,221,621,131.186,0.828,1.058,0.945,0.931
1278,gcb8290.tif,0.059,0.835,1.000,0.390,714,623,45.000,0.276,1.380,0.725,0.875
1279,gcb8290.tif,0.288,2.038,0.871,0.823,897,620,116.565,0.523,1.693,0.591,0.850
1280,gcb8290.tif,0.762,3.555,0.758,1.405,526,622,121.608,0.864,1.914,0.522,0.833
1281,gcb8290.tif,0.203,1.593,1.000,0.589,670,622,128.660,0.460,1.076,0.929,0.889
1282,gcb8290.tif,0.135,1.409,0.857,0.589,539,627,38.660,0.434,1.531,0.653,0.800
1283,gcb8290.tif,5.894,9.232,0.869,3.231,390,626,109.983,2.485,1.240,0.806,0.948
1284,gcb8290.tif,0.229,1.777,0.910,0.664,943,633,56.310,0.552,1.055,0.948,0.857
1285,gcb8290.tif,0.051,0.911,0.769,0.390,830,632,45.000,0.276,1.295,0.772,0.750
1286,gcb8290.tif,4.751,15.107,0.262,4.009,877,654,31.866,2.745,1.523,0.657,0.599
1287,gcb8290.tif,6.004,10.229,0.721,3.915,532,669,60.422,2.355,1.675,0.597,0.908
1288,gcb8290.tif,2.303,5.592,0.926,1.897,684,651,67.166,1.687,1.088,0.919,0.938
1289,gcb8290.tif,0.263,2.190,0.688,0.848,952,632,102.529,0.495,1.806,0.554,0.785
1290,gcb8290.tif,3.768,7.239,0.904,2.527,439,661,79.509,2.008,1.273,0.786,0.944
1291,gcb8290.tif,0.296,1.961,0.968,0.742,745,634,119.745,0.552,1.140,0.878,0.921
1292,gcb8290.tif,0.161,1.409,1.000,0.537,492,636,120.964,0.460,1.121,0.892,0.864
1293,gcb8290.tif,6.783,13.676,0.456,5.102,934,691,82.747,2.334,2.707,0.369,0.771
1294,gcb8290.tif,0.364,2.320,0.850,0.978,836,650,41.186,0.571,1.830,0.547,0.843
1295,gcb8290.tif,0.322,1.984,1.000,0.742,777,643,119.745,0.644,1.055,0.948,0.905
1296,gcb8290.tif,0.119,1.203,1.000,0.537,953,643,120.964,0.276,1.662,0.602,0.966
1297,gcb8290.tif,2.668,6.091,0.904,2.154,712,667,70.017,1.656,1.298,0.771,0.935
1298,gcb8290.tif,2.049,5.256,0.932,1.815,502,661,30.466,1.564,1.076,0.930,0.940
1299,gcb8290.tif,3.582,8.236,0.664,2.456,468,649,102.995,2.239,1.175,0.851,0.850
1300,gcb8290.tif,0.305,2.038,0.923,0.792,213,658,54.462,0.640,1.219,0.820,0.867
1301,gcb8290.tif,2.286,6.827,0.617,2.119,568,652,124.380,1.731,1.380,0.725,0.817
1302,gcb8290.tif,1.042,3.631,0.993,1.282,667,671,68.962,1.104,1.097,0.912,0.932
1303,gcb8290.tif,0.576,2.850,0.891,1.077,276,659,109.983,0.736,1.518,0.659,0.901
1304,gcb8290.tif,0.152,1.539,0.808,0.664,423,659,123.690,0.390,1.753,0.571,0.818
1305,gcb8290.tif,0.195,1.984,0.622,0.742,847,659,119.745,0.460,1.749,0.572,0.730
1306,gcb8290.tif,0.110,1.149,1.000,0.521,788,665,45.000,0.368,1.450,0.690,0.897
1307,gcb8290.tif,0.161,1.670,0.725,0.719,815,661,129.806,0.460,1.505,0.665,0.776
1308,gcb8290.tif,0.178,1.409,1.000,0.537,636,662,120.964,0.460,1.000,1.000,0.913
1309,gcb8290.tif,1.880,5.386,0.814,1.895,888,674,29.055,1.510,1.157,0.865,0.897
1310,gcb8290.tif,2.126,7.239,0.510,2.301,345,679,36.870,1.497,1.757,0.569,0.788
1311,gcb8290.tif,2.481,5.754,0.942,1.982,406,683,68.199,1.656,1.116,0.896,0.953
1312,gcb8290.tif,0.110,1.171,1.000,0.469,379,669,168.690,0.368,1.145,0.874,0.812
1313,gcb8290.tif,1.694,4.888,0.891,1.840,693,671,126.870,1.366,1.389,0.720,0.917
1314,gcb8290.tif,0.068,0.889,1.000,0.412,833,671,116.565,0.184,2.000,0.500,1.000
1315,gcb8290.tif,0.779,3.187,0.964,1.164,372,676,108.435,0.920,1.212,0.825,0.915
1316,gcb8290.tif,0.449,2.850,0.694,1.228,833,689,77.005,0.552,2.200,0.455,0.869
1317,gcb8290.tif,0.644,2.904,0.959,1.073,449,678,120.964,0.828,1.200,0.833,0.933
1318,gcb8290.tif,1.482,4.497,0.921,1.543,735,694,72.646,1.288,1.166,0.858,0.923
1319,gcb8290.tif,1.033,4.129,0.761,1.659,506,691,33.690,0.905,1.994,0.502,0.881
1320,gcb8290.tif,0.432,2.298,1.000,0.868,606,681,147.995,0.736,1.105,0.905,0.911
1321,gcb8290.tif,0.364,2.666,0.644,1.138,822,680,104.036,0.460,2.311,0.433,0.835
1322,gcb8290.tif,0.872,3.371,0.965,1.178,641,693,51.340,1.012,1.079,0.927,0.916
1323,gcb8290.tif,0.127,1.279,0.976,0.496,946,682,111.801,0.368,1.186,0.843,0.882
1324,gcb8290.tif,0.423,2.352,0.962,0.906,717,692,66.038,0.644,1.339,0.747,0.909
1325,gcb8290.tif,1.330,4.497,0.826,1.746,767,683,108.435,1.104,1.454,0.688,0.910
1326,gcb8290.tif,0.508,2.980,0.719,1.164,869,686,161.565,0.644,1.912,0.523,0.822
1327,gcb8290.tif,0.703,4.758,0.390,1.952,883,690,8.130,0.583,4.050,0.247,0.738
1328,gcb8290.tif,1.253,4.129,0.924,1.583,456,699,35.538,1.106,1.395,0.717,0.937
1329,gcb8290.tif,4.514,7.976,0.892,2.761,509,709,36.870,2.343,1.158,0.863,0.947
1330,gcb8290.tif,1.016,3.685,0.941,1.368,545,689,109.654,1.012,1.339,0.747,0.923
1331,gcb8290.tif,0.330,2.352,0.750,0.947,257,699,60.945,0.531,1.897,0.527,0.812
1332,gcb8290.tif,0.313,2.244,0.782,0.906,374,691,156.038,0.552,1.670,0.599,0.822
1333,gcb8290.tif,0.135,1.279,1.000,0.537,786,696,59.036,0.368,1.234,0.810,0.889
1334,gcb8290.tif,0.838,3.348,0.940,1.200,330,704,57.529,0.920,1.231,0.812,0.930
1335,gcb8290.tif,1.829,5.538,0.749,2.148,280,694,99.866,1.196,1.834,0.545,0.898
1336,gcb8290.tif,1.262,4.161,0.916,1.573,585,710,69.444,1.012,1.423,0.702,0.946
1337,gcb8290.tif,1.584,6.697,0.444,2.823,825,723,70.974,0.992,3.367,0.297,0.784
1338,gcb8290.tif,1.668,5.776,0.628,2.156,376,698,129.806,1.357,1.574,0.635,0.788
1339,gcb8290.tif,3.387,6.773,0.928,2.247,421,698,124.992,2.025,1.035,0.966,0.949
1340,gcb8290.tif,0.550,2.850,0.852,1.196,300,709,67.380,0.644,1.905,0.525,0.915
1341,gcb8290.tif,0.788,3.218,0.956,1.196,667,697,112.620,0.828,1.326,0.754,0.944
1342,gcb8290.tif,0.254,2.298,0.605,0.873,610,707,71.565,0.460,2.075,0.482,0.779
1343,gcb8290.tif,2.024,5.310,0.902,1.815,728,700,120.466,1.564,1.138,0.879,0.928
1344,gcb8290.tif,0.051,0.965,0.686,0.460,812,699,143.130,0.247,2.166,0.462,0.706
1345,gcb8290.tif,0.652,5.139,0.310,1.840,846,715,53.130,0.793,3.190,0.313,0.568
1346,gcb8290.tif,0.127,1.593,0.629,0.670,817,703,105.945,0.368,2.106,0.475,0.732
1347,gcb8290.tif,0.788,3.317,0.900,1.178,476,714,38.660,0.920,1.178,0.849,0.907
1348,gcb8290.tif,0.737,3.577,0.724,1.252,922,712,17.103,0.866,1.566,0.639,0.841
1349,gcb8290.tif,1.474,4.466,0.929,1.573,645,708,110.556,1.366,1.106,0.904,0.918
1350,gcb8290.tif,0.390,2.558,0.748,0.961,258,710,106.699,0.718,1.501,0.666,0.780
1351,gcb8293.tif,2.566,5.983,0.901,2.076,617,1,102.804,1.715,1.213,0.824,0.929
1352,gcb8293.tif,0.677,3.793,0.592,1.607,273,3,156.371,0.611,3.072,0.326,0.838
1353,gcb8293.tif,5.818,14.650,0.341,5.201,98,63,76.701,2.393,2.668,0.375,0.714
1354,gcb8293.tif,0.254,1.723,1.000,0.664,719,13,33.690,0.552,1.116,0.896,0.923
1355,gcb8293.tif,0.246,1.907,0.848,0.792,792,16,54.462,0.535,1.570,0.637,0.841
1356,gcb8293.tif,2.744,6.849,0.735,2.187,502,33,75.379,1.878,1.214,0.824,0.873
1357,gcb8293.tif,1.313,6.122,0.440,2.567,688,13,104.534,0.749,4.316,0.232,0.779
1358,gcb8293.tif,0.068,1.095,0.710,0.496,755,15,21.801,0.262,2.181,0.458,0.727
1359,gcb8293.tif,0.720,3.999,0.566,1.543,582,30,72.646,0.828,2.331,0.429,0.791
1360,gcb8293.tif,0.440,2.406,0.956,0.911,569,15,135.000,0.736,1.118,0.894,0.920
1361,gcb8293.tif,1.338,5.116,0.642,2.182,241,17,152.354,0.947,2.543,0.393,0.847
1362,gcb8293.tif,0.263,1.854,0.960,0.742,426,26,60.255,0.552,1.372,0.729,0.886
1363,gcb8293.tif,0.644,2.904,0.959,1.112,480,20,114.444,0.736,1.401,0.714,0.944
1364,gcb8293.tif,0.948,3.609,0.915,1.368,528,23,160.346,0.920,1.431,0.699,0.929
1365,gcb8293.tif,0.720,3.348,0.807,1.340,702,20,105.945,0.736,1.949,0.513,0.909
1366,gcb8293.tif,0.085,1.095,0.887,0.460,664,25,36.870,0.325,1.327,0.754,0.800
1367,gcb8293.tif,2.032,5.247,0.928,1.808,462,23,104.744,1.562,1.093,0.915,0.928
1368,gcb8293.tif,2.354,8.712,0.390,3.631,131,33,8.746,1.122,4.035,0.248,0.730
1369,gcb8293.tif,1.888,5.126,0.903,1.897,361,36,22.834,1.380,1.309,0.764,0.933
1370,gcb8293.tif,0.059,0.781,1.000,0.390,656,29,45.000,0.260,1.596,0.626,0.875
1371,gcb8293.tif,0.110,1.463,0.646,0.582,571,31,161.565,0.276,1.977,0.506,0.812
1372,gcb8293.tif,0.440,2.428,0.939,0.848,548,34,167.471,0.736,1.074,0.931,0.881
1373,gcb8293.tif,1.321,4.183,0.949,1.573,639,47,69.444,1.104,1.371,0.729,0.943
1374,gcb8293.tif,0.957,4.075,0.724,1.432,658,32,135.000,1.104,1.333,0.750,0.843
1375,gcb8293.tif,1.262,6.027,0.436,2.247,268,35,145.008,1.192,2.344,0.427,0.668
1376,gcb8293.tif,0.559,3.133,0.716,1.282,310,34,158.962,0.696,2.010,0.498,0.830
1377,gcb8293.tif,0.356,2.244,0.888,0.823,383,39,26.565,0.644,1.163,0.860,0.884
1378,gcb8293.tif,4.903,12.410,0.400,4.033,489,36,124.778,2.225,1.753,0.570,0.744
1379,gcb8293.tif,0.534,2.666,0.943,0.938,523,39,168.690,0.736,1.146,0.872,0.906
1380,gcb8293.tif,0.567,3.577,0.557,1.567,716,49,49.764,0.638,2.881,0.347,0.732
1381,gcb8293.tif,1.287,4.183,0.924,1.455,589,53,34.695,1.272,1.133,0.883,0.921
1382,gcb8293.tif,0.195,1.593,0.964,0.664,395,42,146.310,0.460,1.340,0.746,0.885
1383,gcb8293.tif,0.796,3.240,0.953,1.200,423,42,122.471,0.970,1.215,0.823,0.922
1384,gcb8293.tif,0.169,1.539,0.898,0.589,471,44,141.340,0.460,1.080,0.926,0.816
1385,gcb8293.tif,1.770,4.964,0.903,1.877,609,64,78.690,1.288,1.390,0.720,0.933
1386,gcb8293.tif,1.050,3.869,0.882,1.429,725,46,104.931,1.012,1.425,0.702,0.905
1387,gcb8293.tif,0.601,2.796,0.966,1.029,525,49,153.435,0.828,1.205,0.830,0.910
1388,gcb8293.tif,0.728,3.164,0.914,1.200,670,59,57.529,0.902,1.297,0.771,0.915
1389,gcb8293.tif,1.905,8.182,0.358,2.606,452,50,132.138,1.664,1.789,0.559,0.612
1390,gcb8293.tif,0.296,1.961,0.968,0.742,412,50,119.745,0.552,1.235,0.810,0.909
1391,gcb8293.tif,0.212,1.723,0.896,0.742,571,56,29.745,0.460,1.739,0.575,0.877
1392,gcb8293.tif,0.068,0.835,1.000,0.390,308,55,45.000,0.276,1.229,0.814,0.941
1393,gcb8293.tif,0.110,1.355,0.753,0.589,565,56,38.660,0.325,2.278,0.439,0.765
1394,gcb8293.tif,1.355,4.964,0.691,1.746,645,57,161.565,1.177,1.639,0.610,0.814
1395,gcb8293.tif,0.152,1.539,0.808,0.651,202,59,45.000,0.412,1.552,0.644,0.800
1396,gcb8293.tif,0.432,3.263,0.510,1.252,483,55,107.103,0.552,2.746,0.364,0.773
1397,gcb8293.tif,0.627,3.501,0.643,1.523,245,58,154.983,0.709,2.275,0.440,0.827
1398,gcb8293.tif,0.186,1.463,1.000,0.589,693,62,38.660,0.460,1.101,0.908,0.936
1399,gcb8293.tif,0.669,4.282,0.459,1.638,587,59,141.843,0.893,2.387,0.419,0.642
1400,gcb8293.tif,0.135,1.333,0.958,0.589,792,64,51.340,0.368,1.320,0.757,0.889
1401,gcb8293.tif,0.339,2.504,0.679,1.049,211,67,37.875,0.530,2.435,0.411,0.777
1402,gcb8293.tif,1.533,6.297,0.486,2.226,572,61,119.745,1.148,2.522,0.396,0.723
1403,gcb8293.tif,0.483,2.482,0.985,0.961,718,60,106.699,0.644,1.351,0.740,0.919
1404,gcb8293.tif,0.288,1.930,0.972,0.792,175,63,125.538,0.576,1.521,0.657,0.861
1405,gcb8293.tif,2.659,10.448,0.306,3.345,629,70,97.907,1.604,2.684,0.373,0.578
1406,gcb8293.tif,0.550,2.666,0.973,0.995,687,73,123.690,0.828,1.073,0.932,0.909
1407,gcb8293.tif,1.270,5.170,0.597,1.863,479,95,69.775,1.108,2.143,0.467,0.779
1408,gcb8293.tif,1.109,3.847,0.942,1.437,595,87,39.806,1.104,1.143,0.875,0.936
1409,gcb8293.tif,3.870,8.887,0.616,3.424,380,79,126.254,2.098,1.949,0.513,0.833
1410,gcb8293.tif,1.474,4.497,0.916,1.638,507,92,38.157,1.276,1.267,0.789,0.930
1411,gcb8293.tif,0.923,4.151,0.673,1.712,358,96,53.746,0.888,2.449,0.408,0.801
1412,gcb8293.tif,2.185,7.684,0.465,2.799,540,103,43.668,1.523,2.135,0.468,0.696
1413,gcb8293.tif,0.423,2.352,0.962,0.906,495,82,113.962,0.644,1.339,0.747,0.909
1414,gcb8293.tif,2.930,8.931,0.462,2.925,413,84,102.724,1.723,2.013,0.497,0.791
1415,gcb8293.tif,1.253,4.161,0.910,1.455,453,86,124.695,1.196,1.155,0.866,0.937
1416,gcb8293.tif,0.525,2.666,0.928,1.029,340,88,116.565,0.736,1.373,0.728,0.899
1417,gcb8293.tif,0.135,1.485,0.772,0.664,433,88,123.690,0.370,1.993,0.502,0.762
1418,gcb8293.tif,0.220,1.670,0.993,0.617,711,89,116.565,0.552,1.136,0.880,0.867
1419,gcb8293.tif,1.245,5.018,0.621,1.777,667,90,111.251,1.106,1.805,0.554,0.819
1420,gcb8293.tif,1.965,5.538,0.805,2.086,514,109,48.576,1.334,1.545,0.647,0.913
1421,gcb8293.tif,2.126,10.861,0.226,4.410,131,116,23.356,0.950,5.456,0.183,0.668
1422,gcb8293.tif,0.872,3.609,0.842,1.359,692,112,61.699,0.920,1.495,0.669,0.900
1423,gcb8293.tif,0.457,2.406,0.993,0.906,726,108,66.038,0.644,1.249,0.800,0.939
1424,gcb8293.tif,0.474,2.514,0.943,0.978,440,101,131.186,0.644,1.246,0.803,0.949
1425,gcb8293.tif,1.711,4.964,0.872,1.840,606,103,126.870,1.276,1.461,0.684,0.918
1426,gcb8293.tif,3.481,11.423,0.335,3.205,534,111,140.826,2.297,1.545,0.647,0.652
1427,gcb8293.tif,1.702,5.157,0.804,1.967,365,103,100.784,1.087,1.808,0.553,0.918
1428,gcb8293.tif,0.432,2.428,0.921,0.873,498,105,161.565,0.736,1.153,0.867,0.879
1429,gcb8293.tif,0.279,2.688,0.486,1.153,573,110,28.610,0.494,2.949,0.339,0.688
1430,gcb8293.tif,4.658,14.564,0.276,4.109,299,136,34.046,2.204,2.276,0.439,0.603
1431,gcb8293.tif,0.677,3.142,0.862,1.235,761,119,63.435,0.736,1.561,0.641,0.920
1432,gcb8293.tif,1.067,3.815,0.921,1.318,477,114,155.225,1.193,1.054,0.948,0.916
1433,gcb8293.tif,2.083,6.068,0.711,1.976,509,112,152.241,1.533,1.367,0.732,0.871
1434,gcb8293.tif,0.381,2.298,0.907,0.868,701,112,147.995,0.700,1.225,0.816,0.865
1435,gcb8293.tif,0.212,1.647,0.981,0.664,350,118,56.310,0.460,1.210,0.827,0.909
1436,gcb8293.tif,0.449,2.406,0.975,0.920,629,121,36.870,0.736,1.212,0.825,0.922
1437,gcb8293.tif,1.169,4.129,0.861,1.440,578,120,153.435,1.265,1.108,0.903,0.899
1438,gcb8293.tif,0.220,1.777,0.876,0.742,118,122,29.745,0.460,1.677,0.596,0.867
1439,gcb8293.tif,0.212,1.593,1.000,0.617,425,118,116.565,0.460,1.177,0.849,0.926
1440,gcb8293.tif,0.246,1.777,0.977,0.742,685,118,119.745,0.460,1.496,0.669,0.921
1441,gcb8293.tif,0.449,2.482,0.916,0.920,671,128,53.130,0.736,1.157,0.864,0.869
1442,gcb8293.tif,3.591,8.582,0.613,3.220,387,124,149.036,1.669,2.278,0.439,0.834
1443,gcb8293.tif,1.736,5.180,0.813,1.987,726,122,103.392,1.196,1.678,0.596,0.923
1444,gcb8293.tif,1.888,5.170,0.888,1.679,643,142,80.538,1.564,1.010,0.990,0.921
1445,gcb8293.tif,0.229,1.723,0.967,0.664,108,131,56.310,0.552,1.173,0.853,0.871
1446,gcb8293.tif,2.964,6.490,0.884,2.216,471,126,131.634,1.933,1.041,0.961,0.940
1447,gcb8293.tif,0.974,3.739,0.876,1.498,538,129,132.510,0.976,1.508,0.663,0.924
1448,gcb8293.tif,3.006,9.775,0.395,3.130,496,136,155.695,1.971,1.750,0.571,0.666
1449,gcb8293.tif,0.432,2.352,0.981,0.873,281,132,108.435,0.644,1.286,0.777,0.911
1450,gcb8293.tif,0.085,0.965,1.000,0.460,512,137,53.130,0.276,1.551,0.645,0.909
1451,gcb8293.tif,2.397,10.718,0.262,4.532,313,135,156.038,1.246,4.838,0.207,0.589
1452,gcb8293.tif,0.102,1.149,0.967,0.521,675,139,45.000,0.349,1.481,0.675,0.857
1453,gcb8293.tif,0.220,1.670,0.993,0.701,158,140,23.199,0.460,1.472,0.679,0.867
1454,gcb8293.tif,0.144,1.616,0.693,0.701,766,136,156.801,0.368,1.710,0.585,0.756
1455,gcb8293.tif,0.076,0.911,1.000,0.412,337,141,26.565,0.276,1.340,0.746,0.857
1456,gcb8293.tif,1.296,6.580,0.376,2.527,630,141,123.111,1.041,3.656,0.273,0.611
1457,gcb8293.tif,3.591,13.276,0.256,3.190,565,170,56.768,2.308,1.232,0.811,0.672
1458,gcb8293.tif,1.880,6.297,0.596,2.456,249,146,167.005,1.246,2.324,0.430,0.816
1459,gcb8293.tif,2.286,9.188,0.340,3.918,177,153,9.462,0.975,5.330,0.188,0.722
1460,gcb8293.tif,1.567,4.627,0.919,1.692,461,143,112.380,1.288,1.315,0.761,0.932
1461,gcb8293.tif,0.652,3.263,0.770,1.138,387,151,14.036,0.920,1.075,0.931,0.837
1462,gcb8293.tif,0.373,2.222,0.949,0.868,753,152,32.005,0.644,1.346,0.743,0.898
1463,gcb8293.tif,0.610,2.818,0.965,1.049,441,155,37.875,0.846,1.209,0.827,0.894
1464,gcb8293.tif,1.609,8.160,0.304,3.594,135,160,13.325,0.880,5.192,0.193,0.690
1465,gcb8293.tif,1.033,4.466,0.651,1.834,222,150,162.474,0.855,2.379,0.420,0.836
1466,gcb8293.tif,0.322,2.092,0.924,0.848,288,150,130.601,0.552,1.487,0.672,0.905
1467,gcb8293.tif,1.990,5.462,0.838,1.815,411,155,149.534,1.564,1.115,0.897,0.907
1468,gcb8293.tif,0.720,3.110,0.935,1.196,694,163,67.380,0.828,1.376,0.727,0.924
1469,gcb8293.tif,0.669,5.395,0.289,2.400,87,179,85.601,0.368,7.175,0.139,0.806
1470,gcb8293.tif,1.160,3.869,0.974,1.340,682,154,105.945,1.104,1.129,0.886,0.935
1471,gcb8293.tif,0.974,3.662,0.912,1.359,726,154,118.301,1.012,1.266,0.790,0.924
1472,gcb8293.tif,0.771,3.218,0.935,1.200,320,167,57.529,0.828,1.322,0.757,0.938
1473,gcb8293.tif,3.201,7.998,0.629,2.888,301,186,67.521,1.656,1.789,0.559,0.847
1474,gcb8293.tif,0.102,1.333,0.719,0.582,589,163,18.435,0.276,2.327,0.430,0.800
1475,gcb8293.tif,1.118,4.758,0.621,2.010,274,163,164.055,0.778,2.911,0.343,0.843
1476,gcb8293.tif,2.117,6.490,0.632,2.567,474,189,75.466,1.104,2.512,0.398,0.877
1477,gcb8293.tif,2.016,5.417,0.863,2.068,335,184,69.146,1.288,1.487,0.672,0.941
1478,gcb8293.tif,1.575,4.681,0.903,1.659,516,163,109.440,1.288,1.236,0.809,0.925
1479,gcb8293.tif,1.753,6.566,0.511,2.375,704,187,54.462,1.380,1.750,0.571,0.726
1480,gcb8293.tif,1.499,4.650,0.871,1.697,654,166,102.529,1.251,1.366,0.732,0.908
1481,gcb8293.tif,2.405,7.316,0.565,2.775,440,168,95.711,1.472,1.824,0.548,0.815
1482,gcb8293.tif,0.322,2.006,1.000,0.823,489,169,153.435,0.586,1.426,0.701,0.874
1483,gcb8293.tif,1.440,4.389,0.939,1.610,406,170,120.964,1.235,1.295,0.772,0.934
1484,gcb8293.tif,1.601,6.611,0.460,2.140,592,174,154.537,1.361,1.800,0.556,0.749
1485,gcb8293.tif,0.076,1.041,0.884,0.521,743,170,135.000,0.306,2.094,0.477,0.750
1486,gcb8293.tif,0.500,3.034,0.682,1.318,616,176,12.095,0.552,2.479,0.403,0.874
1487,gcb8293.tif,3.557,11.651,0.329,3.702,569,176,145.125,1.969,2.289,0.437,0.615
1488,gcb8293.tif,0.813,4.313,0.549,1.589,366,174,100.008,0.920,1.788,0.559,0.787
1489,gcb8293.tif,0.144,1.333,1.000,0.537,693,176,120.964,0.368,1.134,0.882,0.919
1490,gcb8293.tif,4.675,16.028,0.229,5.870,103,191,166.399,2.508,2.764,0.362,0.486
1491,gcb8293.tif,1.694,4.888,0.891,1.815,497,196,59.534,1.366,1.288,0.776,0.928
1492,gcb8293.tif,0.601,2.850,0.930,1.073,546,189,59.036,0.828,1.191,0.840,0.910
1493,gcb8293.tif,0.119,1.355,0.811,0.617,236,180,153.435,0.368,1.686,0.593,0.778
1494,gcb8293.tif,0.195,1.930,0.657,0.823,740,188,63.435,0.453,1.844,0.542,0.754
1495,gcb8293.tif,0.059,0.835,1.000,0.412,247,181,153.435,0.184,1.936,0.517,0.933
1496,gcb8293.tif,0.508,2.850,0.786,1.252,253,181,162.897,0.552,1.996,0.501,0.916
1497,gcb8293.tif,1.702,5.170,0.800,1.813,379,200,66.038,1.429,1.189,0.841,0.866
1498,gcb8293.tif,0.932,3.555,0.926,1.380,634,185,126.870,1.004,1.381,0.724,0.917
1499,gcb8293.tif,0.279,1.984,0.892,0.823,727,185,153.435,0.535,1.590,0.629,0.857
1500,gcb8293.tif,0.847,5.875,0.308,2.148,673,191,170.134,0.800,3.455,0.289,0.635
1501,gcb8293.tif,0.051,0.965,0.686,0.460,416,189,126.870,0.195,2.810,0.356,0.750
1502,gcb8293.tif,0.059,1.041,0.687,0.460,473,195,36.870,0.255,2.332,0.429,0.667
1503,gcb8293.tif,1.092,5.354,0.479,1.719,652,198,15.524,1.272,1.381,0.724,0.699
1504,gcb8293.tif,0.423,2.352,0.962,0.868,543,194,147.995,0.644,1.171,0.854,0.909
1505,gcb8293.tif,0.279,1.984,0.892,0.742,750,202,60.255,0.552,1.201,0.832,0.892
1506,gcb8293.tif,0.068,0.965,0.914,0.412,252,197,153.435,0.276,1.435,0.697,0.842
1507,gcb8293.tif,2.727,7.976,0.539,2.578,352,206,145.176,1.951,1.432,0.698,0.775
1508,gcb8293.tif,0.229,1.647,1.000,0.664,310,206,56.310,0.460,1.210,0.826,0.947
1509,gcb8293.tif,6.190,14.793,0.355,4.442,459,240,50.042,3.046,1.576,0.635,0.678
1510,gcb8293.tif,0.161,1.876,0.575,0.664,689,204,33.690,0.453,1.329,0.753,0.717
1511,gcb8293.tif,1.668,4.865,0.886,1.719,529,202,105.524,1.288,1.323,0.756,0.927
1512,gcb8293.tif,4.548,9.668,0.611,3.148,388,210,164.745,2.276,1.357,0.737,0.807
1513,gcb8293.tif,0.110,1.203,0.956,0.537,770,204,120.964,0.276,1.796,0.557,0.929
1514,gcb8293.tif,0.406,2.222,1.000,0.868,329,205,122.005,0.644,1.219,0.820,0.941
1515,gcb8293.tif,2.735,6.037,0.943,2.010,551,226,74.055,1.840,1.041,0.960,0.944
1516,gcb8293.tif,0.339,2.038,1.000,0.823,615,205,116.565,0.552,1.302,0.768,0.920
1517,gcb8293.tif,1.897,5.494,0.790,1.976,600,226,62.241,1.380,1.365,0.733,0.887
1518,gcb8293.tif,3.379,10.807,0.364,3.005,640,217,139.970,2.348,1.491,0.671,0.646
1519,gcb8293.tif,0.381,2.168,1.000,0.823,508,212,153.435,0.644,1.143,0.875,0.918
1520,gcb8293.tif,0.838,3.707,0.767,1.252,486,214,107.103,1.041,1.252,0.799,0.843
1521,gcb8293.tif,2.049,6.925,0.537,2.500,330,229,173.660,1.480,1.944,0.514,0.752
1522,gcb8293.tif,0.872,3.393,0.952,1.359,575,220,151.699,0.911,1.533,0.652,0.920
1523,gcb8293.tif,1.677,6.091,0.568,2.058,423,241,63.435,1.472,1.270,0.787,0.780
1524,gcb8293.tif,0.864,3.402,0.938,1.252,567,240,53.973,0.920,1.226,0.816,0.932
1525,gcb8293.tif,0.068,0.835,1.000,0.390,710,234,45.000,0.276,1.229,0.814,0.941
1526,gcb8293.tif,0.237,1.746,0.978,0.701,272,239,66.801,0.521,1.314,0.761,0.862
1527,gcb8293.tif,0.720,3.240,0.861,1.282,494,242,21.038,0.828,1.454,0.688,0.890
1528,gcb8293.tif,1.270,4.183,0.912,1.610,553,237,120.964,1.104,1.423,0.703,0.926
1529,gcb8293.tif,1.719,5.592,0.691,1.922,587,237,106.699,1.396,1.454,0.688,0.851
1530,gcb8293.tif,0.838,3.523,0.849,1.318,702,238,102.095,0.944,1.365,0.733,0.888
1531,gcb8293.tif,0.788,3.707,0.720,1.455,517,246,18.435,0.805,2.079,0.481,0.819
1532,gcb8293.tif,0.635,2.850,0.983,1.049,349,250,52.125,0.828,1.144,0.874,0.926
1533,gcb8293.tif,0.796,5.646,0.314,1.922,290,255,16.699,1.075,2.352,0.425,0.505
1534,gcb8293.tif,0.322,2.038,0.974,0.792,690,242,125.538,0.644,1.161,0.862,0.894
1535,gcb8293.tif,2.905,6.589,0.841,2.421,367,246,98.746,1.656,1.490,0.671,0.931
1536,gcb8293.tif,0.085,1.225,0.709,0.469,724,247,101.310,0.368,1.219,0.820,0.690
1537,gcb8293.tif,1.075,3.761,0.955,1.408,323,249,101.310,1.012,1.293,0.773,0.927
1538,gcb8293.tif,0.644,3.110,0.836,1.164,475,250,108.435,0.799,1.563,0.640,0.874
1539,gcb8293.tif,2.244,6.275,0.716,2.301,613,253,143.130,1.616,1.414,0.707,0.835
1540,gcb8293.tif,0.119,1.149,1.000,0.521,826,256,45.000,0.368,1.319,0.758,0.933
1541,gcb8293.tif,1.711,4.888,0.900,1.787,494,253,101.889,1.288,1.353,0.739,0.922
1542,gcb8293.tif,0.457,2.514,0.910,1.049,540,263,52.125,0.644,1.403,0.713,0.947
1543,gcb8293.tif,0.356,2.145,0.971,0.848,600,261,49.399,0.644,1.151,0.869,0.933
1544,gcb8293.tif,1.262,5.126,0.604,1.770,416,266,27.897,1.196,1.657,0.603,0.754
1545,gcb8293.tif,0.601,2.720,1.000,0.995,524,264,33.690,0.828,1.059,0.944,0.953
1546,gcb8293.tif,4.675,9.982,0.590,3.252,532,274,25.115,2.499,1.121,0.892,0.817
1547,gcb8293.tif,0.711,3.631,0.678,1.368,444,263,160.346,0.864,1.806,0.554,0.778
1548,gcb8293.tif,0.440,2.406,0.956,0.920,705,267,36.870,0.736,1.131,0.884,0.920
1549,gcb8293.tif,0.652,2.980,0.923,1.164,298,262,108.435,0.736,1.503,0.665,0.928
1550,gcb8293.tif,2.041,5.646,0.804,2.076,345,262,102.804,1.288,1.499,0.667,0.927
1551,gcb8293.tif,0.059,0.835,1.000,0.390,674,266,45.000,0.276,1.380,0.725,0.875
1552,gcb8293.tif,0.068,0.835,1.000,0.390,764,264,135.000,0.276,1.229,0.814,0.941
1553,gcb8293.tif,1.245,4.780,0.685,1.583,322,285,54.462,1.288,1.135,0.881,0.850
1554,gcb8293.tif,0.661,3.945,0.533,1.518,477,271,104.036,0.736,1.933,0.517,0.772
1555,gcb8293.tif,1.101,4.412,0.711,1.638,602,274,141.843,1.104,1.487,0.673,0.836
1556,gcb8293.tif,1.262,5.408,0.542,2.239,250,274,170.538,0.949,2.651,0.377,0.782
1557,gcb8293.tif,1.338,4.758,0.743,1.770,523,293,81.027,1.181,1.478,0.676,0.866
1558,gcb8293.tif,0.373,2.634,0.675,1.153,170,282,28.610,0.494,2.717,0.368,0.786
1559,gcb8293.tif,0.220,1.593,1.000,0.617,778,275,116.565,0.460,1.184,0.845,0.929
1560,gcb8293.tif,0.110,1.149,1.000,0.521,651,280,45.000,0.368,1.450,0.690,0.897
1561,gcb8293.tif,0.220,1.854,0.805,0.701,724,276,113.199,0.552,1.234,0.810,0.825
1562,gcb8293.tif,0.686,3.110,0.891,1.171,368,286,45.000,0.911,1.245,0.803,0.895
1563,gcb8293.tif,1.575,5.256,0.717,1.827,444,277,130.914,1.299,1.213,0.825,0.857
1564,gcb8293.tif,0.254,1.907,0.877,0.792,466,284,54.462,0.552,1.542,0.649,0.870
1565,gcb8293.tif,4.370,15.206,0.237,4.293,401,283,120.964,2.255,2.235,0.447,0.547
1566,gcb8293.tif,2.617,6.351,0.815,2.226,495,282,97.125,1.653,1.370,0.730,0.901
1567,gcb8293.tif,1.033,3.793,0.903,1.405,635,283,121.608,1.083,1.251,0.799,0.921
1568,gcb8293.tif,0.957,5.678,0.373,2.527,223,291,10.491,0.666,4.430,0.226,0.764
1569,gcb8293.tif,0.110,1.095,1.000,0.460,283,286,126.870,0.368,1.159,0.863,0.897
1570,gcb8293.tif,0.203,1.701,0.883,0.664,379,292,56.310,0.460,1.217,0.822,0.889
1571,gcb8293.tif,0.169,1.463,0.994,0.589,316,289,128.660,0.460,1.136,0.880,0.889
1572,gcb8293.tif,1.279,4.129,0.942,1.487,533,305,68.199,1.196,1.209,0.827,0.932
1573,gcb8293.tif,0.169,1.593,0.838,0.719,626,291,129.806,0.424,1.870,0.535,0.851
1574,gcb8293.tif,1.346,6.427,0.410,1.863,684,302,20.225,1.524,1.043,0.959,0.636
1575,gcb8293.tif,0.652,3.609,0.629,1.543,507,308,72.646,0.611,2.953,0.339,0.832
1576,gcb8293.tif,0.068,0.911,1.000,0.412,433,296,26.565,0.276,1.554,0.644,0.800
1577,gcb8293.tif,2.608,7.671,0.557,3.148,118,304,15.255,1.254,2.772,0.361,0.837
1578,gcb8293.tif,1.160,3.923,0.947,1.455,607,308,55.305,1.104,1.257,0.795,0.935
1579,gcb8293.tif,0.474,2.949,0.685,1.178,773,304,51.340,0.716,1.907,0.524,0.794
1580,gcb8293.tif,0.119,1.463,0.696,0.651,159,296,171.870,0.276,2.044,0.489,0.824
1581,gcb8293.tif,0.220,1.647,1.000,0.664,471,298,123.690,0.460,1.283,0.779,0.929
1582,gcb8293.tif,0.051,0.835,0.916,0.332,556,298,123.690,0.276,1.124,0.890,0.800
1583,gcb8293.tif,0.144,1.409,0.911,0.560,335,300,170.538,0.368,1.304,0.767,0.850
1584,gcb8293.tif,0.059,1.095,0.621,0.496,360,301,158.199,0.184,2.368,0.422,0.778
1585,gcb8293.tif,0.127,1.463,0.746,0.651,368,302,171.870,0.276,2.143,0.467,0.833
1586,gcb8293.tif,1.533,4.497,0.952,1.583,456,302,125.538,1.380,1.101,0.908,0.933
1587,gcb8293.tif,3.455,12.594,0.274,4.012,554,329,36.607,2.576,1.866,0.536,0.559
1588,gcb8293.tif,2.075,6.979,0.535,2.416,394,328,72.255,1.371,2.140,0.467,0.783
1589,gcb8293.tif,1.262,4.313,0.852,1.532,545,305,122.735,1.235,1.293,0.773,0.911
1590,gcb8293.tif,1.236,4.237,0.865,1.610,641,306,120.964,1.104,1.506,0.664,0.918
1591,gcb8293.tif,0.398,2.244,0.993,0.868,674,313,32.005,0.700,1.236,0.809,0.895
1592,gcb8293.tif,0.491,2.872,0.748,1.235,198,310,153.435,0.611,2.392,0.418,0.847
1593,gcb8293.tif,3.387,7.379,0.782,2.719,620,313,113.962,1.748,1.512,0.661,0.925
1594,gcb8293.tif,0.381,2.428,0.812,0.868,706,320,57.995,0.736,1.191,0.839,0.826
1595,gcb8293.tif,0.449,2.406,0.975,0.920,530,323,53.130,0.644,1.247,0.802,0.922
1596,gcb8293.tif,1.270,4.129,0.936,1.573,598,330,69.444,1.104,1.396,0.716,0.932
1597,gcb8293.tif,0.406,2.428,0.866,0.991,328,317,158.199,0.644,1.411,0.709,0.865
1598,gcb8293.tif,1.253,4.183,0.900,1.440,363,321,153.435,1.235,1.110,0.901,0.919
1599,gcb8293.tif,1.296,4.183,0.931,1.564,435,318,118.072,1.196,1.259,0.794,0.939
1600,gcb8293.tif,2.117,9.991,0.267,3.710,236,340,29.745,1.745,2.104,0.475,0.539
1601,gcb8293.tif,0.051,0.835,0.916,0.390,744,322,45.000,0.260,1.593,0.628,0.857
1602,gcb8293.tif,0.068,0.835,1.000,0.390,228,320,135.000,0.276,1.229,0.814,0.941
1603,gcb8293.tif,0.195,1.670,0.878,0.670,542,322,105.945,0.460,1.471,0.680,0.836
1604,gcb8293.tif,0.119,1.225,0.993,0.496,471,324,111.801,0.368,1.264,0.791,0.848
1605,gcb8293.tif,0.161,1.409,1.000,0.537,500,324,120.964,0.460,1.009,0.991,0.864
1606,gcb8293.tif,2.439,6.297,0.773,2.103,303,325,113.199,1.564,1.281,0.781,0.922
1607,gcb8293.tif,1.414,4.780,0.778,1.935,461,330,115.346,1.135,1.915,0.522,0.868
1608,gcb8293.tif,1.567,5.094,0.759,2.043,349,332,125.838,1.168,1.933,0.517,0.871
1609,gcb8293.tif,1.406,4.421,0.904,1.689,444,349,60.642,1.196,1.393,0.718,0.943
1610,gcb8293.tif,0.254,1.876,0.907,0.701,481,342,66.801,0.552,1.227,0.815,0.857
1611,gcb8293.tif,1.482,6.059,0.507,2.043,532,340,144.162,1.328,1.621,0.617,0.720
1612,gcb8293.tif,0.830,3.707,0.759,1.437,499,339,140.194,0.913,1.643,0.609,0.834
1613,gcb8293.tif,0.390,2.352,0.885,0.961,665,347,73.301,0.552,1.621,0.617,0.893
1614,gcb8293.tif,0.093,1.279,0.715,0.496,746,338,111.801,0.276,1.535,0.651,0.815
1615,gcb8293.tif,0.254,1.907,0.877,0.786,292,347,69.444,0.460,1.811,0.552,0.870
1616,gcb8293.tif,4.988,14.533,0.297,4.222,391,367,20.410,2.679,1.898,0.527,0.574
1617,gcb8293.tif,1.016,6.135,0.339,1.746,627,360,71.565,1.196,1.667,0.600,0.678
1618,gcb8293.tif,0.203,1.670,0.916,0.701,319,343,113.199,0.437,1.754,0.570,0.842
1619,gcb8293.tif,0.212,1.647,0.981,0.664,329,343,123.690,0.460,1.284,0.779,0.926
1620,gcb8293.tif,0.051,0.781,1.000,0.390,738,345,135.000,0.247,1.809,0.553,0.800
1621,gcb8293.tif,0.788,3.371,0.871,1.318,371,355,24.775,0.920,1.373,0.728,0.894
1622,gcb8293.tif,0.694,3.187,0.859,1.138,583,358,75.964,0.920,1.242,0.805,0.868
1623,gcb8293.tif,0.737,3.164,0.925,1.200,607,346,122.471,0.902,1.286,0.777,0.916
1624,gcb8293.tif,5.361,9.959,0.679,3.710,491,347,97.125,2.025,2.030,0.493,0.879
1625,gcb8293.tif,0.406,2.276,0.986,0.920,748,349,143.130,0.644,1.280,0.781,0.941
1626,gcb8293.tif,0.313,2.114,0.881,0.792,304,356,35.538,0.617,1.270,0.787,0.841
1627,gcb8293.tif,0.127,1.279,0.976,0.537,731,357,30.964,0.368,1.287,0.777,0.857
1628,gcb8293.tif,0.203,1.746,0.838,0.792,183,355,144.462,0.453,2.097,0.477,0.814
1629,gcb8293.tif,0.449,2.352,1.000,0.947,442,356,150.945,0.644,1.346,0.743,0.930
1630,gcb8293.tif,0.127,1.355,0.869,0.496,474,355,111.801,0.453,1.137,0.879,0.769
1631,gcb8293.tif,0.373,2.222,0.949,0.906,672,360,23.962,0.552,1.534,0.652,0.926
1632,gcb8293.tif,0.305,2.015,0.943,0.848,272,357,130.601,0.552,1.279,0.782,0.935
1633,gcb8293.tif,2.354,7.823,0.483,3.059,316,370,15.709,1.154,3.432,0.291,0.785
1634,gcb8293.tif,0.398,2.222,1.000,0.823,562,357,116.565,0.644,1.147,0.872,0.931
1635,gcb8293.tif,0.550,2.742,0.920,0.991,413,358,111.801,0.828,1.213,0.825,0.890
1636,gcb8293.tif,1.507,5.094,0.730,1.813,356,360,113.962,1.341,1.532,0.653,0.862
1637,gcb8293.tif,0.754,3.240,0.902,1.200,528,360,147.529,0.976,1.225,0.816,0.904
1638,gcb8293.tif,1.203,3.977,0.956,1.440,684,361,116.565,1.104,1.195,0.837,0.944
1639,gcb8293.tif,0.135,1.279,1.000,0.537,171,367,30.964,0.368,1.392,0.718,0.889
1640,gcb8293.tif,0.466,2.558,0.894,1.029,724,368,10.305,0.644,1.560,0.641,0.894
1641,gcb8293.tif,5.835,12.625,0.460,3.556,451,406,79.563,2.587,1.402,0.713,0.781
1642,gcb8293.tif,0.296,2.038,0.897,0.792,543,375,54.462,0.611,1.317,0.759,0.864
1643,gcb8293.tif,2.159,5.516,0.892,1.897,424,372,129.094,1.656,1.086,0.921,0.917
1644,gcb8293.tif,0.051,0.911,0.769,0.460,660,373,36.870,0.247,2.464,0.406,0.667
1645,gcb8293.tif,1.389,7.239,0.333,2.513,590,373,156.251,1.093,3.296,0.303,0.611
1646,gcb8293.tif,2.236,6.100,0.755,2.366,341,400,76.504,1.288,1.976,0.506,0.912
1647,gcb8293.tif,0.576,2.720,0.978,1.049,736,375,127.875,0.828,1.203,0.831,0.944
1648,gcb8293.tif,1.567,5.040,0.775,1.834,368,396,72.474,1.288,1.457,0.686,0.887
1649,gcb8293.tif,0.127,1.539,0.674,0.670,184,381,164.055,0.335,2.457,0.407,0.714
1650,gcb8293.tif,0.754,4.129,0.556,1.770,319,380,117.897,0.815,2.580,0.388,0.742
1651,gcb8293.tif,0.305,2.015,0.943,0.792,305,381,125.538,0.552,1.331,0.751,0.923
1652,gcb8293.tif,0.855,3.402,0.929,1.278,693,393,59.744,0.920,1.247,0.802,0.944
1653,gcb8293.tif,0.830,5.049,0.409,2.212,130,391,16.928,0.598,4.605,0.217,0.748
1654,gcb8293.tif,0.423,2.482,0.864,0.947,709,393,60.945,0.736,1.114,0.898,0.870
1655,gcb8293.tif,0.093,1.019,1.000,0.460,563,390,36.870,0.276,1.372,0.729,0.957
1656,gcb8293.tif,0.220,1.647,1.000,0.664,592,391,33.690,0.460,1.274,0.785,0.929
1657,gcb8293.tif,0.110,1.225,0.922,0.496,639,393,68.199,0.368,1.420,0.704,0.812
1658,gcb8293.tif,2.278,6.970,0.589,2.393,374,405,22.620,1.504,1.864,0.536,0.815
1659,gcb8293.tif,1.363,4.291,0.931,1.659,529,389,123.690,1.196,1.312,0.762,0.944
1660,gcb8293.tif,0.127,1.225,1.000,0.496,649,393,158.199,0.368,1.295,0.772,0.857
1661,gcb8293.tif,2.303,5.799,0.861,1.987,297,405,13.392,1.735,1.110,0.901,0.904
1662,gcb8293.tif,0.093,1.019,1.000,0.460,705,395,126.870,0.276,1.372,0.729,0.957
1663,gcb8293.tif,1.694,6.221,0.550,2.583,286,424,85.914,1.054,2.321,0.431,0.832
1664,gcb8293.tif,1.685,4.910,0.878,1.679,587,397,99.462,1.399,1.194,0.838,0.898
1665,gcb8293.tif,4.192,15.053,0.232,5.223,207,413,14.281,2.266,2.888,0.346,0.477
1666,gcb8293.tif,1.372,4.291,0.936,1.607,357,399,113.629,1.104,1.349,0.741,0.942
1667,gcb8293.tif,1.338,5.310,0.596,1.987,483,420,76.608,1.065,2.051,0.487,0.825
1668,gcb8293.tif,3.811,7.823,0.782,2.782,500,400,124.216,1.833,1.508,0.663,0.910
1669,gcb8293.tif,1.931,5.256,0.878,1.982,558,421,68.199,1.380,1.380,0.725,0.933
1670,gcb8293.tif,0.110,1.225,0.922,0.496,699,405,21.801,0.368,1.306,0.766,0.839
1671,gcb8293.tif,1.059,4.183,0.760,1.573,529,421,69.444,1.012,1.511,0.662,0.890
1672,gcb8293.tif,1.482,4.443,0.943,1.631,424,406,106.390,1.196,1.277,0.783,0.936
1673,gcb8293.tif,0.085,1.095,0.887,0.521,439,411,45.000,0.288,1.976,0.506,0.800
1674,gcb8293.tif,1.592,4.758,0.884,1.758,318,425,42.879,1.357,1.344,0.744,0.910
1675,gcb8293.tif,2.752,8.824,0.444,2.736,624,417,160.346,1.840,1.613,0.620,0.739
1676,gcb8293.tif,0.542,4.205,0.385,1.380,647,409,143.130,0.803,2.082,0.480,0.595
1677,gcb8293.tif,1.846,5.637,0.730,1.967,676,413,169.216,1.600,1.125,0.889,0.843
1678,gcb8293.tif,0.508,2.612,0.936,0.947,604,420,29.055,0.823,1.124,0.890,0.876
1679,gcb8293.tif,0.263,1.854,0.960,0.719,181,415,140.194,0.552,1.312,0.762,0.861
1680,gcb8293.tif,0.119,1.149,1.000,0.460,890,419,126.870,0.368,1.020,0.981,0.933
1681,gcb8293.tif,0.694,3.523,0.703,1.235,347,433,63.435,0.911,1.274,0.785,0.832
1682,gcb8293.tif,2.693,8.541,0.464,2.654,452,422,123.690,1.685,1.841,0.543,0.771
1683,gcb8293.tif,3.133,9.493,0.437,2.968,391,422,97.125,1.981,1.526,0.655,0.706
1684,gcb8293.tif,0.220,1.670,0.993,0.670,307,424,164.055,0.460,1.349,0.742,0.881
1685,gcb8293.tif,0.059,0.965,0.800,0.412,717,427,63.435,0.260,1.668,0.600,0.778
1686,gcb8293.tif,1.575,4.726,0.886,1.667,695,424,96.340,1.380,1.187,0.842,0.901
1687,gcb8293.tif,2.761,6.167,0.912,2.187,406,451,75.379,1.748,1.240,0.806,0.939
1688,gcb8293.tif,0.432,2.352,0.981,0.906,440,440,66.038,0.644,1.210,0.826,0.927
1689,gcb8293.tif,1.135,4.053,0.868,1.518,720,433,104.036,1.012,1.444,0.692,0.918
1690,gcb8293.tif,0.051,0.781,1.000,0.332,558,436,33.690,0.260,1.291,0.775,0.800
1691,gcb8293.tif,0.161,1.432,0.987,0.589,833,434,128.660,0.453,1.362,0.734,0.809
1692,gcb8293.tif,0.855,4.098,0.640,1.567,748,435,93.366,0.832,1.950,0.513,0.805
1693,gcb8293.tif,0.661,3.003,0.921,1.049,501,439,142.125,0.920,1.062,0.942,0.886
1694,gcb8293.tif,2.236,7.186,0.544,2.799,321,438,117.408,1.272,2.734,0.366,0.795
1695,gcb8293.tif,0.788,3.294,0.912,1.178,601,439,128.660,1.012,1.065,0.939,0.907
1696,gcb8293.tif,0.330,2.038,1.000,0.742,367,440,119.745,0.644,1.088,0.919,0.907
1697,gcb8293.tif,0.737,3.478,0.765,1.340,431,454,74.055,0.736,1.833,0.545,0.897
1698,gcb8293.tif,0.788,3.447,0.833,1.252,484,453,72.897,0.902,1.444,0.692,0.877
1699,gcb8293.tif,2.591,7.392,0.596,2.866,660,463,42.397,1.432,2.192,0.456,0.830
1700,gcb8293.tif,1.448,5.615,0.577,2.068,282,453,20.854,1.184,2.077,0.481,0.762
1701,gcb8293.tif,1.448,4.421,0.931,1.532,443,446,122.735,1.288,1.102,0.907,0.942
1702,gcb8293.tif,1.304,4.443,0.830,1.607,576,453,13.241,1.104,1.409,0.710,0.914
1703,gcb8293.tif,0.152,2.114,0.429,0.873,239,449,161.565,0.370,2.813,0.355,0.600
1704,gcb8293.tif,0.796,4.843,0.426,2.134,253,449,172.569,0.552,3.918,0.255,0.817
1705,gcb8293.tif,0.119,1.333,0.838,0.617,535,448,153.435,0.276,2.030,0.493,0.903
1706,gcb8293.tif,1.677,6.719,0.467,2.654,184,466,33.690,1.152,3.213,0.311,0.715
1707,gcb8293.tif,2.481,6.741,0.686,2.503,371,477,72.897,1.540,1.709,0.585,0.857
1708,gcb8293.tif,1.169,4.313,0.789,1.638,595,452,128.157,1.124,1.371,0.730,0.860
1709,gcb8293.tif,0.135,1.279,1.000,0.537,609,453,149.036,0.368,1.234,0.810,0.889
1710,gcb8293.tif,1.753,5.745,0.667,1.982,466,457,158.199,1.339,1.531,0.653,0.879
1711,gcb8293.tif,3.862,9.363,0.554,3.594,346,454,103.325,1.748,2.137,0.468,0.837
1712,gcb8293.tif,0.347,2.244,0.866,0.848,644,454,102.529,0.644,1.378,0.726,0.845
1713,gcb8293.tif,0.161,1.800,0.624,0.719,747,454,129.806,0.390,2.196,0.455,0.717
1714,gcb8293.tif,0.415,2.352,0.943,0.873,418,464,71.565,0.644,1.122,0.891,0.899
1715,gcb8293.tif,0.898,3.425,0.962,1.308,400,468,50.711,1.012,1.276,0.784,0.930
1716,gcb8293.tif,0.788,3.164,0.988,1.123,506,458,145.008,0.920,1.049,0.953,0.935
1717,gcb8293.tif,3.294,8.734,0.543,3.038,524,458,144.866,1.990,1.823,0.549,0.793
1718,gcb8293.tif,0.703,3.187,0.870,1.238,277,458,131.987,0.883,1.372,0.729,0.902
1719,gcb8293.tif,0.567,2.850,0.878,1.123,303,468,55.008,0.815,1.367,0.731,0.893
1720,gcb8293.tif,0.093,1.203,0.809,0.496,654,458,111.801,0.276,1.781,0.562,0.846
1721,gcb8293.tif,0.906,4.780,0.498,1.952,209,464,8.130,0.842,2.748,0.364,0.718
1722,gcb8293.tif,2.685,6.351,0.836,2.166,705,459,102.265,1.725,1.318,0.759,0.915
1723,gcb8293.tif,1.897,4.942,0.976,1.777,620,463,111.251,1.380,1.178,0.849,0.955
1724,gcb8293.tif,0.059,0.965,0.800,0.412,103,468,63.435,0.260,1.668,0.600,0.778
1725,gcb8293.tif,0.457,2.482,0.933,0.995,459,464,123.690,0.716,1.384,0.722,0.900
1726,gcb8293.tif,0.805,3.869,0.675,1.607,724,475,13.241,0.711,2.490,0.402,0.868
1727,gcb8293.tif,2.735,9.268,0.400,2.604,585,474,122.005,1.981,1.356,0.737,0.701
1728,gcb8293.tif,0.999,4.389,0.652,1.532,672,488,32.735,1.030,1.693,0.591,0.779
1729,gcb8293.tif,2.202,5.494,0.917,1.969,516,481,142.595,1.540,1.223,0.817,0.942
1730,gcb8293.tif,0.237,1.984,0.757,0.786,488,481,159.444,0.460,1.772,0.564,0.812
1731,gcb8293.tif,1.550,4.704,0.880,1.768,609,483,141.340,1.301,1.311,0.763,0.943
1732,gcb8293.tif,0.102,1.225,0.851,0.496,290,488,68.199,0.325,1.504,0.665,0.800
1733,gcb8293.tif,0.135,1.225,1.000,0.496,316,483,111.801,0.368,1.209,0.827,0.889
1734,gcb8293.tif,0.296,1.961,0.968,0.848,251,484,139.399,0.552,1.486,0.673,0.921
1735,gcb8293.tif,2.727,8.519,0.472,2.817,427,485,128.367,1.736,1.920,0.521,0.746
1736,gcb8293.tif,0.517,2.612,0.951,0.995,454,486,123.690,0.781,1.323,0.756,0.904
1737,gcb8293.tif,0.102,1.149,0.967,0.537,507,488,120.964,0.276,1.631,0.613,0.889
1738,gcb8293.tif,3.972,8.887,0.632,3.145,459,521,69.444,2.301,1.155,0.866,0.838
1739,gcb8293.tif,0.754,3.110,0.979,1.200,492,501,57.529,0.828,1.353,0.739,0.937
1740,gcb8293.tif,0.838,3.371,0.927,1.282,734,502,68.962,0.920,1.339,0.747,0.917
1741,gcb8293.tif,1.042,4.304,0.707,1.770,300,491,117.897,0.919,2.189,0.457,0.831
1742,gcb8293.tif,0.373,2.581,0.703,0.938,413,493,101.310,0.644,1.649,0.606,0.793
1743,gcb8293.tif,0.390,2.222,0.992,0.823,690,494,116.565,0.644,1.169,0.856,0.920
1744,gcb8293.tif,0.948,4.672,0.546,1.607,195,512,76.759,1.000,1.729,0.578,0.727
1745,gcb8293.tif,0.559,3.609,0.539,1.455,362,495,161.565,0.552,2.659,0.376,0.820
1746,gcb8293.tif,1.346,4.618,0.793,1.787,258,496,124.509,1.106,1.503,0.666,0.896
1747,gcb8293.tif,1.643,6.557,0.480,2.389,542,507,15.642,1.228,2.330,0.429,0.699
1748,gcb8293.tif,0.957,3.555,0.952,1.405,663,498,121.608,1.012,1.374,0.728,0.938
1749,gcb8293.tif,0.102,1.041,1.000,0.460,765,500,126.870,0.368,1.281,0.781,0.857
1750,gcb8293.tif,0.169,1.539,0.898,0.664,593,506,33.690,0.453,1.664,0.601,0.833
1751,gcb8293.tif,0.644,3.187,0.796,1.228,495,515,77.005,0.803,1.548,0.646,0.854
1752,gcb8293.tif,0.085,0.965,1.000,0.412,520,503,153.435,0.276,1.236,0.809,0.909
1753,gcb8293.tif,1.440,4.942,0.741,1.638,607,504,128.157,1.366,1.195,0.837,0.890
1754,gcb8293.tif,0.161,1.485,0.916,0.617,703,503,116.565,0.390,1.594,0.627,0.844
1755,gcb8293.tif,0.711,3.056,0.957,1.108,376,506,138.366,0.920,1.174,0.852,0.908
1756,gcb8293.tif,1.601,4.704,0.909,1.646,581,506,116.565,1.432,1.143,0.875,0.920
1757,gcb8293.tif,0.737,3.133,0.943,1.164,349,507,108.435,0.920,1.193,0.838,0.906
1758,gcb8293.tif,0.915,3.662,0.857,1.368,413,509,109.654,0.908,1.525,0.656,0.904
1759,gcb8293.tif,0.212,1.593,1.000,0.617,228,516,63.435,0.460,1.147,0.872,0.909
1760,gcb8293.tif,6.047,13.752,0.402,5.041,305,512,158.587,2.369,2.516,0.398,0.676
1761,gcb8293.tif,0.381,2.374,0.850,0.920,426,518,36.870,0.658,1.389,0.720,0.833
1762,gcb8293.tif,1.338,4.237,0.937,1.564,508,528,61.928,1.196,1.242,0.805,0.943
1763,gcb8293.tif,0.982,3.945,0.793,1.518,160,520,165.964,1.004,1.592,0.628,0.892
1764,gcb8293.tif,0.178,1.562,0.916,0.582,439,514,108.435,0.455,1.163,0.860,0.824
1765,gcb8293.tif,0.415,2.504,0.831,0.961,549,521,16.699,0.644,1.487,0.672,0.838
1766,gcb8293.tif,1.592,4.704,0.904,1.638,368,522,128.157,1.288,1.195,0.837,0.933
1767,gcb8293.tif,0.508,2.612,0.936,0.947,447,521,119.055,0.782,1.188,0.842,0.896
1768,gcb8293.tif,3.481,9.125,0.525,3.589,589,538,22.620,1.523,2.880,0.347,0.773
1769,gcb8293.tif,2.312,9.017,0.357,3.625,223,529,156.038,1.502,2.935,0.341,0.617
1770,gcb8293.tif,0.491,2.666,0.868,1.049,656,525,105.255,0.644,1.534,0.652,0.892
1771,gcb8293.tif,1.626,4.735,0.911,1.712,667,541,53.746,1.288,1.250,0.800,0.930
1772,gcb8293.tif,0.584,2.742,0.976,1.029,733,525,116.565,0.828,1.216,0.822,0.908
1773,gcb8293.tif,3.980,11.597,0.372,3.813,396,540,19.747,1.743,2.484,0.403,0.730
1774,gcb8293.tif,2.134,8.366,0.383,2.888,530,529,112.479,1.441,2.062,0.485,0.721
1775,gcb8293.tif,0.525,3.716,0.478,1.679,191,534,9.462,0.460,3.446,0.290,0.805
1776,gcb8293.tif,0.432,2.406,0.938,0.906,270,534,156.038,0.644,1.424,0.702,0.911
1777,gcb8293.tif,2.016,5.669,0.788,2.068,556,535,122.276,1.452,1.587,0.630,0.867
1778,gcb8293.tif,1.363,4.313,0.921,1.498,633,551,79.380,1.196,1.180,0.848,0.925
1779,gcb8293.tif,1.270,4.151,0.926,1.455,441,550,34.695,1.236,1.113,0.898,0.912
1780,gcb8293.tif,5.750,10.525,0.652,3.756,497,544,149.036,2.323,1.637,0.611,0.885
1781,gcb8293.tif,1.728,5.072,0.844,1.935,481,543,115.346,1.288,1.480,0.675,0.932
1782,gcb8293.tif,0.440,2.482,0.898,0.961,648,544,106.699,0.644,1.409,0.710,0.889
1783,gcb8293.tif,1.617,6.449,0.489,2.241,318,545,109.179,1.221,2.124,0.471,0.764
1784,gcb8293.tif,0.474,2.536,0.927,0.947,291,560,60.945,0.736,1.207,0.829,0.903
1785,gcb8293.tif,0.161,1.387,1.000,0.589,714,558,51.340,0.368,1.273,0.785,0.974
1786,gcb8293.tif,0.254,1.723,1.000,0.719,832,553,129.806,0.552,1.241,0.806,0.923
1787,gcb8293.tif,1.609,4.910,0.839,1.697,599,565,12.529,1.317,1.306,0.766,0.892
1788,gcb8293.tif,0.279,1.984,0.892,0.792,667,562,54.462,0.535,1.606,0.623,0.857
1789,gcb8293.tif,0.974,3.631,0.928,1.340,579,556,105.945,1.012,1.231,0.813,0.913
1790,gcb8293.tif,1.211,4.497,0.752,1.840,345,573,53.130,1.041,1.713,0.584,0.905
1791,gcb8293.tif,0.279,1.907,0.965,0.719,403,557,129.806,0.552,1.159,0.863,0.904
1792,gcb8293.tif,0.771,3.187,0.954,1.112,630,557,114.444,1.011,1.057,0.946,0.901
1793,gcb8293.tif,0.263,1.746,1.000,0.701,109,558,113.199,0.552,1.170,0.855,0.886
1794,gcb8293.tif,0.068,0.835,1.000,0.390,207,564,45.000,0.276,1.229,0.814,0.941
1795,gcb8293.tif,0.161,1.387,1.000,0.589,363,562,128.660,0.368,1.273,0.785,0.974
1796,gcb8293.tif,3.057,9.493,0.426,3.464,555,562,129.611,1.591,2.896,0.345,0.709
1797,gcb8293.tif,1.728,6.167,0.571,2.068,442,583,57.724,1.366,1.724,0.580,0.810
1798,gcb8293.tif,1.067,3.891,0.886,1.455,469,565,124.695,1.106,1.323,0.756,0.897
1799,gcb8293.tif,0.390,2.428,0.830,1.029,767,581,63.435,0.576,1.931,0.518,0.868
1800,gcb8293.tif,0.356,2.320,0.830,0.906,317,573,113.962,0.651,1.451,0.689,0.808
1801,gcb8293.tif,3.260,8.801,0.529,3.014,356,581,148.736,2.008,1.278,0.783,0.740
1802,gcb8293.tif,0.135,1.571,0.690,0.670,203,577,164.055,0.276,2.490,0.402,0.865
1803,gcb8293.tif,0.948,3.815,0.819,1.368,647,577,132.274,1.104,1.118,0.894,0.889
1804,gcb8293.tif,0.491,2.774,0.802,1.138,186,578,165.964,0.552,2.011,0.497,0.921
1805,gcb8293.tif,4.776,11.454,0.457,3.973,628,619,76.608,2.025,2.109,0.474,0.817
1806,gcb8293.tif,0.610,2.818,0.965,1.029,333,585,26.565,0.902,1.131,0.884,0.889
1807,gcb8293.tif,1.152,4.053,0.881,1.455,398,592,55.305,1.104,1.227,0.815,0.928
1808,gcb8293.tif,0.339,2.222,0.862,0.961,281,583,163.301,0.460,2.040,0.490,0.909
1809,gcb8293.tif,2.202,8.626,0.372,3.794,457,584,157.166,1.083,4.427,0.226,0.718
1810,gcb8293.tif,0.406,2.298,0.967,0.873,350,594,71.565,0.644,1.198,0.835,0.897
1811,gcb8293.tif,2.422,8.465,0.425,3.005,509,586,130.030,1.768,1.865,0.536,0.724
1812,gcb8293.tif,0.491,3.240,0.588,1.408,262,587,168.690,0.521,2.964,0.337,0.823
1813,gcb8293.tif,0.703,3.294,0.814,1.278,665,586,120.256,0.828,1.429,0.700,0.902
1814,gcb8293.tif,0.694,2.980,0.983,1.178,427,588,128.660,0.828,1.338,0.747,0.937
1815,gcb8293.tif,2.126,6.144,0.708,2.469,319,593,116.565,1.345,1.942,0.515,0.864
1816,gcb8293.tif,2.574,6.589,0.745,2.352,453,619,59.421,1.595,1.413,0.708,0.894
1817,gcb8293.tif,1.084,3.739,0.974,1.380,538,609,53.130,1.104,1.168,0.856,0.938
1818,gcb8293.tif,3.430,9.753,0.453,3.415,401,599,104.036,1.703,2.449,0.408,0.748
1819,gcb8293.tif,0.567,3.164,0.712,1.402,198,601,156.801,0.603,2.649,0.378,0.876
1820,gcb8293.tif,0.186,1.485,1.000,0.582,290,602,108.435,0.460,1.176,0.850,0.880
1821,gcb8293.tif,0.923,3.532,0.930,1.368,561,603,132.274,1.004,1.328,0.753,0.940
1822,gcb8293.tif,2.100,5.700,0.812,2.212,753,602,106.928,1.329,1.746,0.573,0.920
1823,gcb8293.tif,2.126,7.998,0.418,2.564,656,630,68.962,1.501,2.368,0.422,0.683
1824,gcb8293.tif,0.364,2.114,1.000,0.786,366,605,110.556,0.644,1.153,0.867,0.905
1825,gcb8293.tif,0.313,1.984,1.000,0.792,612,605,125.538,0.644,1.191,0.840,0.881
1826,gcb8293.tif,0.601,3.056,0.809,1.153,721,617,61.390,0.823,1.436,0.696,0.887
1827,gcb8293.tif,0.686,3.034,0.936,1.112,379,618,65.556,0.828,1.281,0.781,0.920
1828,gcb8293.tif,0.152,1.409,0.965,0.537,705,612,30.964,0.455,1.137,0.879,0.878
1829,gcb8293.tif,0.330,2.329,0.765,0.991,250,614,21.801,0.460,1.907,0.525,0.907
1830,gcb8293.tif,0.898,3.501,0.920,1.368,646,624,70.346,0.920,1.494,0.669,0.914
1831,gcb8293.tif,1.719,5.570,0.696,2.264,339,633,63.435,1.060,2.295,0.436,0.877
1832,gcb8293.tif,0.788,3.425,0.844,1.340,423,616,15.945,0.828,1.446,0.692,0.890
1833,gcb8293.tif,0.838,4.520,0.516,1.712,476,626,53.746,0.954,1.883,0.531,0.692
1834,gcb8293.tif,1.897,5.018,0.947,1.787,508,628,55.491,1.485,1.183,0.846,0.939
1835,gcb8293.tif,0.889,3.425,0.953,1.200,576,617,147.529,1.012,1.058,0.945,0.929
1836,gcb8293.tif,0.195,1.647,0.902,0.701,273,625,66.801,0.368,1.887,0.530,0.902
1837,gcb8293.tif,0.305,1.961,0.996,0.742,369,622,29.745,0.552,1.116,0.896,0.935
1838,gcb8293.tif,7.241,21.114,0.204,8.943,944,620,93.540,1.656,7.736,0.129,0.697
1839,gcb8293.tif,0.432,3.056,0.581,1.368,195,627,19.654,0.536,2.783,0.359,0.803
1840,gcb8293.tif,1.982,6.037,0.683,2.273,597,623,148.241,1.333,1.896,0.527,0.833
1841,gcb8293.tif,3.506,8.572,0.600,3.254,551,622,98.130,1.610,2.472,0.405,0.830
1842,gcb8293.tif,1.617,6.948,0.421,2.140,376,637,25.463,1.555,1.649,0.606,0.671
1843,gcb8293.tif,2.219,5.678,0.865,2.125,355,625,107.650,1.380,1.514,0.660,0.941
1844,gcb8293.tif,1.778,5.929,0.636,2.098,706,626,127.875,1.423,1.644,0.608,0.797
1845,gcb8293.tif,1.092,4.129,0.805,1.583,481,638,35.538,1.024,1.613,0.620,0.872
1846,gcb8293.tif,1.905,5.126,0.911,1.863,526,645,69.775,1.380,1.329,0.752,0.938
1847,gcb8293.tif,1.330,5.224,0.612,1.689,310,635,150.642,1.437,1.253,0.798,0.822
1848,gcb8293.tif,0.720,3.317,0.822,1.252,449,628,126.027,0.902,1.460,0.685,0.890
1849,gcb8293.tif,1.457,4.650,0.847,1.564,674,628,118.072,1.380,1.070,0.934,0.901
1850,gcb8293.tif,1.355,4.834,0.729,1.950,280,651,70.710,1.101,1.835,0.545,0.882
1851,gcb8293.tif,3.116,9.385,0.445,3.076,418,659,51.072,1.737,2.183,0.458,0.743
1852,gcb8293.tif,1.778,5.678,0.693,1.840,634,637,143.130,1.472,1.046,0.956,0.835
1853,gcb8293.tif,4.073,10.772,0.441,3.093,571,639,120.379,2.233,1.405,0.712,0.781
1854,gcb8293.tif,0.237,1.831,0.889,0.742,689,646,60.255,0.460,1.570,0.637,0.889
1855,gcb8293.tif,1.575,6.817,0.426,2.859,723,667,56.821,1.119,2.942,0.340,0.767
1856,gcb8293.tif,0.051,0.781,1.000,0.332,266,647,33.690,0.260,1.291,0.775,0.800
1857,gcb8293.tif,1.406,6.966,0.364,3.134,148,650,3.366,0.681,5.471,0.183,0.776
1858,gcb8293.tif,0.940,3.501,0.964,1.327,511,647,123.690,1.029,1.280,0.781,0.929
1859,gcb8293.tif,0.347,2.482,0.708,1.041,257,656,45.000,0.617,1.892,0.528,0.788
1860,gcb8293.tif,0.127,1.225,1.000,0.496,406,648,111.801,0.368,1.127,0.887,0.857
1861,gcb8293.tif,1.287,4.237,0.901,1.543,707,664,72.646,1.104,1.361,0.735,0.930
1862,gcb8293.tif,0.330,2.114,0.929,0.823,665,657,63.435,0.617,1.321,0.757,0.867
1863,gcb8293.tif,0.135,1.355,0.927,0.582,474,652,161.565,0.368,1.691,0.591,0.821
1864,gcb8293.tif,3.413,10.143,0.417,3.304,641,687,77.125,2.098,1.861,0.537,0.676
1865,gcb8293.tif,0.440,2.688,0.766,1.238,195,654,131.987,0.586,2.394,0.418,0.874
1866,gcb8293.tif,1.169,4.412,0.755,1.455,483,656,145.305,1.288,1.054,0.949,0.836
1867,gcb8293.tif,0.093,1.019,1.000,0.460,328,657,143.130,0.276,1.372,0.729,0.957
1868,gcb8293.tif,1.423,4.443,0.906,1.567,683,671,49.764,1.358,1.108,0.903,0.918
1869,gcb8293.tif,0.542,3.003,0.755,1.282,211,660,158.962,0.716,1.815,0.551,0.871
1870,gcb8293.tif,0.212,1.647,0.981,0.664,613,659,123.690,0.460,1.206,0.829,0.926
1871,gcb8293.tif,0.102,1.225,0.851,0.537,444,663,30.964,0.325,1.699,0.588,0.800
1872,gcb8293.tif,0.169,1.463,0.994,0.651,295,666,45.000,0.453,1.515,0.660,0.909
1873,gcb8293.tif,0.534,4.780,0.293,1.863,385,664,159.775,0.725,3.524,0.284,0.525
1874,gcb8293.tif,0.229,1.647,1.000,0.664,598,662,146.310,0.460,1.210,0.826,0.947
1875,gcb8293.tif,0.356,2.145,0.971,0.868,548,668,32.005,0.552,1.406,0.711,0.944
1876,gcb8293.tif,3.819,11.086,0.391,3.608,506,688,37.747,2.441,1.545,0.647,0.658
1877,gcb8293.tif,0.169,1.746,0.698,0.742,375,671,29.745,0.390,2.272,0.440,0.702
1878,gcb8293.tif,1.101,4.573,0.661,1.659,324,667,146.310,1.180,1.510,0.662,0.805
1879,gcb8293.tif,0.457,2.895,0.686,1.196,360,668,157.380,0.658,1.845,0.542,0.771
1880,gcb8293.tif,0.347,3.034,0.474,1.340,415,669,164.055,0.460,2.997,0.334,0.745
1881,gcb8293.tif,0.948,3.501,0.973,1.282,656,683,68.962,1.012,1.209,0.827,0.933
1882,gcb8293.tif,0.263,1.930,0.886,0.823,485,671,116.565,0.524,1.652,0.605,0.849
1883,gcb8293.tif,0.263,1.854,0.960,0.719,350,674,129.806,0.552,1.120,0.893,0.861
1884,gcb8293.tif,0.110,1.095,1.000,0.460,455,673,126.870,0.368,1.159,0.863,0.897
1885,gcb8293.tif,0.220,1.746,0.908,0.719,589,673,129.806,0.494,1.588,0.630,0.839
1886,gcb8293.tif,1.372,4.466,0.864,1.523,722,675,115.017,1.196,1.182,0.846,0.923
1887,gcb8293.tif,0.296,1.907,1.000,0.719,691,681,39.806,0.552,1.140,0.877,0.921
1888,gcb8293.tif,0.737,3.187,0.912,1.164,293,678,108.435,0.915,1.313,0.761,0.892
1889,gcb8293.tif,2.058,6.481,0.616,2.328,548,680,108.435,1.554,1.394,0.718,0.788
1890,gcb8293.tif,2.371,5.700,0.917,2.125,570,702,72.350,1.472,1.392,0.718,0.946
1891,gcb8293.tif,0.135,1.279,1.000,0.589,683,685,51.340,0.368,1.568,0.638,0.914
1892,gcb8293.tif,4.844,10.112,0.595,3.794,580,716,50.906,1.891,2.047,0.489,0.861
1893,gcb8293.tif,2.879,8.950,0.452,3.059,325,693,6.911,2.147,1.246,0.803,0.678
1894,gcb8293.tif,0.457,2.352,1.000,0.868,450,686,122.005,0.736,1.074,0.931,0.939
1895,gcb8293.tif,1.490,4.596,0.887,1.659,402,704,70.560,1.344,1.200,0.833,0.914
1896,gcb8293.tif,1.423,4.865,0.755,1.787,311,707,55.491,1.146,1.548,0.646,0.882
1897,gcb8293.tif,0.212,1.616,1.000,0.670,200,693,164.055,0.460,1.313,0.761,0.877
1898,gcb8293.tif,4.099,10.404,0.476,3.148,463,706,15.255,2.098,1.712,0.584,0.811
1899,gcb8293.tif,0.237,1.777,0.943,0.742,680,700,60.255,0.460,1.592,0.628,0.903
1900,gcb8293.tif,0.550,2.796,0.885,1.123,622,695,145.008,0.810,1.424,0.702,0.878
1901,gcb8293.tif,0.296,1.907,1.000,0.742,698,694,119.745,0.552,1.189,0.841,0.921
1902,gcb8293.tif,0.406,3.586,0.397,1.518,176,700,14.036,0.460,3.561,0.281,0.774
1903,gcb8293.tif,1.389,5.538,0.569,2.228,532,699,128.290,1.190,2.353,0.425,0.751
1904,gcb8293.tif,0.296,1.984,0.947,0.742,374,706,60.255,0.552,1.232,0.812,0.909
1905,gcb8293.tif,0.093,1.019,1.000,0.460,753,703,36.870,0.276,1.372,0.729,0.957
1906,gcb8293.tif,1.279,4.205,0.909,1.518,690,702,104.036,1.191,1.271,0.787,0.907
1907,gcb8293.tif,0.212,1.701,0.919,0.742,519,708,29.745,0.368,1.710,0.585,0.943
1908,gcb8293.tif,0.728,3.110,0.946,1.123,388,713,34.992,0.920,1.162,0.861,0.915
1909,gcb8293.tif,0.483,2.612,0.889,0.995,505,718,56.310,0.728,1.391,0.719,0.877
1910,gcb8293.tif,0.881,4.726,0.496,1.518,618,714,165.964,0.991,1.809,0.553,0.712
1911,gcb8293.tif,0.144,1.333,1.000,0.537,743,712,30.964,0.368,1.192,0.839,0.919
1912,gcb8293.tif,0.296,1.907,1.000,0.742,278,719,60.255,0.552,1.175,0.851,0.921
1913,gcb8296.tif,0.754,3.469,0.787,1.405,601,16,58.392,0.781,1.876,0.533,0.860
1914,gcb8296.tif,0.398,2.765,0.654,0.978,493,14,41.186,0.669,1.576,0.635,0.758
1915,gcb8296.tif,0.474,3.133,0.607,1.073,65,17,59.036,0.736,1.285,0.778,0.794
1916,gcb8296.tif,3.421,6.957,0.888,2.436,567,7,100.886,1.748,1.341,0.746,0.952
1917,gcb8296.tif,0.237,1.723,1.000,0.664,228,14,33.690,0.552,1.122,0.892,0.889
1918,gcb8296.tif,0.610,2.926,0.895,1.153,719,20,61.390,0.828,1.415,0.707,0.894
1919,gcb8296.tif,1.270,4.399,0.825,1.659,735,9,109.440,1.012,1.686,0.593,0.929
1920,gcb8296.tif,0.500,2.720,0.849,1.073,332,15,120.964,0.677,1.594,0.627,0.861
1921,gcb8296.tif,1.338,6.297,0.424,2.635,832,15,114.775,0.914,3.534,0.283,0.730
1922,gcb8296.tif,0.584,2.818,0.924,0.995,296,17,123.690,0.828,1.128,0.886,0.908
1923,gcb8296.tif,0.720,4.183,0.517,1.697,392,17,102.529,0.644,2.664,0.375,0.846
1924,gcb8296.tif,0.169,1.670,0.764,0.719,846,23,39.806,0.455,1.724,0.580,0.769
1925,gcb8296.tif,0.186,1.930,0.629,0.781,67,18,135.000,0.505,1.563,0.640,0.733
1926,gcb8296.tif,0.652,4.075,0.493,1.498,248,34,79.380,0.805,2.248,0.445,0.770
1927,gcb8296.tif,1.075,3.685,0.995,1.327,414,18,123.690,1.104,1.136,0.880,0.941
1928,gcb8296.tif,2.549,9.169,0.381,3.498,274,19,125.362,1.495,3.191,0.313,0.674
1929,gcb8296.tif,0.102,1.225,0.851,0.469,360,20,101.310,0.368,1.186,0.843,0.800
1930,gcb8296.tif,4.133,11.988,0.361,3.801,478,29,6.953,2.485,1.509,0.663,0.666
1931,gcb8296.tif,0.788,3.218,0.956,1.164,545,22,108.435,0.828,1.290,0.775,0.944
1932,gcb8296.tif,1.524,4.888,0.802,1.852,600,22,116.565,1.233,1.535,0.651,0.878
1933,gcb8296.tif,0.119,1.149,1.000,0.460,434,23,126.870,0.368,1.020,0.981,0.933
1934,gcb8296.tif,0.127,1.225,1.000,0.496,379,26,158.199,0.368,1.127,0.887,0.857
1935,gcb8296.tif,0.821,5.202,0.381,1.729,634,42,64.799,0.912,2.263,0.442,0.638
1936,gcb8296.tif,0.373,2.222,0.949,0.920,755,33,36.870,0.640,1.466,0.682,0.917
1937,gcb8296.tif,1.414,4.573,0.850,1.659,645,45,70.560,1.178,1.464,0.683,0.886
1938,gcb8296.tif,0.406,2.222,1.000,0.848,450,36,40.601,0.644,1.158,0.864,0.932
1939,gcb8296.tif,3.760,12.311,0.312,4.494,684,77,79.380,1.656,3.337,0.300,0.618
1940,gcb8296.tif,0.246,1.984,0.784,0.792,223,33,144.462,0.460,1.758,0.569,0.841
1941,gcb8296.tif,1.118,4.443,0.711,1.840,402,34,126.870,1.029,1.876,0.533,0.886
1942,gcb8296.tif,1.059,3.869,0.889,1.455,720,35,108.435,1.012,1.427,0.701,0.909
1943,gcb8296.tif,0.203,1.777,0.809,0.759,371,38,165.964,0.368,2.081,0.480,0.857
1944,gcb8296.tif,1.228,3.977,0.976,1.440,583,52,63.435,1.104,1.170,0.854,0.957
1945,gcb8296.tif,1.838,5.180,0.861,1.915,476,41,125.218,1.380,1.410,0.709,0.919
1946,gcb8296.tif,0.330,3.110,0.429,1.440,140,44,153.435,0.489,4.086,0.245,0.709
1947,gcb8296.tif,0.051,0.781,1.000,0.332,676,47,33.690,0.260,1.291,0.775,0.800
1948,gcb8296.tif,1.795,5.386,0.778,1.941,446,46,121.430,1.564,1.246,0.802,0.902
1949,gcb8296.tif,6.148,16.593,0.281,6.108,352,113,83.946,1.808,4.080,0.245,0.754
1950,gcb8296.tif,1.321,5.646,0.521,2.277,504,49,104.036,0.877,3.272,0.306,0.765
1951,gcb8296.tif,0.339,3.164,0.425,1.301,521,63,81.870,0.460,3.192,0.313,0.714
1952,gcb8296.tif,0.322,2.114,0.905,0.759,537,57,75.964,0.644,1.143,0.875,0.844
1953,gcb8296.tif,0.644,3.056,0.866,1.112,661,50,114.444,0.828,1.285,0.778,0.899
1954,gcb8296.tif,1.431,4.897,0.750,1.950,436,54,109.290,1.012,2.098,0.477,0.904
1955,gcb8296.tif,5.962,17.050,0.258,7.374,180,56,150.876,1.709,6.440,0.155,0.630
1956,gcb8296.tif,2.126,5.570,0.861,2.103,311,77,66.801,1.440,1.496,0.668,0.933
1957,gcb8296.tif,0.144,1.301,1.000,0.537,703,60,30.964,0.390,1.385,0.722,0.850
1958,gcb8296.tif,0.279,2.190,0.732,0.906,135,58,156.038,0.513,1.963,0.510,0.815
1959,gcb8296.tif,1.296,4.856,0.690,1.863,287,75,57.095,1.054,1.986,0.503,0.834
1960,gcb8296.tif,0.677,3.133,0.868,1.153,641,68,61.390,0.911,1.180,0.847,0.870
1961,gcb8296.tif,0.661,3.003,0.921,1.049,626,59,105.255,0.920,1.128,0.886,0.891
1962,gcb8296.tif,3.184,7.500,0.711,2.503,474,64,143.973,1.811,1.379,0.725,0.870
1963,gcb8296.tif,2.176,5.570,0.882,2.098,411,83,52.125,1.562,1.330,0.752,0.931
1964,gcb8296.tif,0.855,3.523,0.866,1.252,584,67,126.027,1.012,1.173,0.853,0.898
1965,gcb8296.tif,0.169,1.485,0.965,0.582,604,78,71.565,0.460,1.157,0.864,0.833
1966,gcb8296.tif,0.305,1.961,0.996,0.792,648,79,54.462,0.552,1.290,0.775,0.935
1967,gcb8296.tif,0.881,5.139,0.419,1.758,319,79,173.991,0.920,2.513,0.398,0.662
1968,gcb8296.tif,0.169,1.517,0.925,0.617,616,73,116.565,0.368,1.317,0.759,0.909
1969,gcb8296.tif,0.686,2.926,1.000,1.073,543,83,30.964,0.920,1.091,0.916,0.926
1970,gcb8296.tif,1.872,5.094,0.906,1.861,446,80,98.531,1.380,1.306,0.766,0.931
1971,gcb8296.tif,0.364,2.666,0.644,1.077,497,80,160.017,0.552,1.942,0.515,0.835
1972,gcb8296.tif,0.457,2.428,0.975,0.906,698,82,156.038,0.736,1.196,0.836,0.893
1973,gcb8296.tif,1.897,5.094,0.919,1.768,417,95,38.660,1.497,1.167,0.857,0.928
1974,gcb8296.tif,0.550,2.742,0.920,1.112,593,84,155.556,0.736,1.459,0.685,0.897
1975,gcb8296.tif,0.263,1.777,1.000,0.664,684,84,123.690,0.552,1.058,0.945,0.925
1976,gcb8296.tif,2.041,7.306,0.480,2.478,289,103,31.329,1.430,2.297,0.435,0.710
1977,gcb8296.tif,0.652,3.209,0.796,1.318,107,99,65.225,0.741,1.810,0.553,0.870
1978,gcb8296.tif,1.948,6.275,0.622,2.456,574,112,77.005,1.164,2.436,0.410,0.841
1979,gcb8296.tif,0.457,2.482,0.933,0.961,370,88,106.699,0.644,1.481,0.675,0.900
1980,gcb8296.tif,0.889,3.555,0.884,1.368,332,101,42.274,0.947,1.501,0.666,0.913
1981,gcb8296.tif,1.109,3.977,0.882,1.455,387,105,55.305,1.065,1.327,0.754,0.919
1982,gcb8296.tif,1.253,4.389,0.817,1.638,550,93,128.157,1.187,1.476,0.677,0.881
1983,gcb8296.tif,0.567,3.456,0.597,1.575,209,94,173.290,0.460,3.206,0.312,0.912
1984,gcb8296.tif,2.549,5.938,0.908,2.103,528,117,66.801,1.656,1.199,0.834,0.948
1985,gcb8296.tif,0.737,3.317,0.842,1.196,621,98,112.620,0.988,1.195,0.837,0.866
1986,gcb8296.tif,1.160,4.758,0.644,1.631,739,117,73.610,1.177,1.357,0.737,0.846
1987,gcb8296.tif,1.499,4.650,0.871,1.719,436,101,105.524,1.286,1.349,0.741,0.910
1988,gcb8296.tif,1.507,6.436,0.457,2.027,595,119,50.528,1.581,1.311,0.763,0.709
1989,gcb8296.tif,1.389,4.910,0.724,1.840,403,103,126.870,1.104,1.857,0.539,0.854
1990,gcb8296.tif,0.593,2.765,0.975,0.995,665,103,123.690,0.846,1.102,0.908,0.892
1991,gcb8296.tif,0.423,2.742,0.708,1.200,291,118,57.529,0.581,2.264,0.442,0.826
1992,gcb8296.tif,1.160,4.573,0.697,1.813,483,107,113.962,1.019,1.932,0.518,0.864
1993,gcb8296.tif,0.381,2.374,0.850,0.823,634,109,153.435,0.736,1.087,0.920,0.849
1994,gcb8296.tif,0.296,2.374,0.661,0.848,684,110,167.471,0.617,1.478,0.677,0.753
1995,gcb8296.tif,0.661,3.187,0.817,1.178,424,121,51.340,0.828,1.418,0.705,0.881
1996,gcb8296.tif,0.889,4.098,0.666,1.359,321,121,28.301,1.141,1.355,0.738,0.837
1997,gcb8296.tif,3.650,7.477,0.820,2.694,473,110,97.853,1.840,1.446,0.691,0.921
1998,gcb8296.tif,0.796,3.739,0.716,1.575,103,115,6.710,0.736,2.159,0.463,0.891
1999,gcb8296.tif,0.144,1.333,1.000,0.537,457,111,120.964,0.368,1.276,0.784,0.919
2000,gcb8296.tif,0.085,1.593,0.419,0.617,715,114,26.565,0.335,2.286,0.437,0.556
2001,gcb8296.tif,0.161,1.387,1.000,0.589,548,112,128.660,0.368,1.273,0.785,0.974
2002,gcb8296.tif,2.075,8.227,0.385,2.973,604,143,68.199,1.482,2.187,0.457,0.695
2003,gcb8296.tif,0.838,3.685,0.776,1.455,773,113,124.695,0.960,1.558,0.642,0.868
2004,gcb8296.tif,1.169,6.275,0.373,2.591,120,141,73.496,0.823,4.459,0.224,0.660
2005,gcb8296.tif,0.491,2.536,0.960,0.947,395,126,60.945,0.736,1.240,0.806,0.913
2006,gcb8296.tif,0.093,1.041,1.000,0.412,366,118,116.565,0.368,1.139,0.878,0.815
2007,gcb8296.tif,0.305,2.145,0.832,0.906,353,120,113.962,0.460,1.724,0.580,0.900
2008,gcb8296.tif,6.470,16.849,0.286,6.536,137,124,170.272,2.235,3.874,0.258,0.629
2009,gcb8296.tif,0.449,4.910,0.234,1.877,502,125,168.690,0.644,3.796,0.263,0.491
2010,gcb8296.tif,0.610,2.742,1.000,1.073,577,124,120.964,0.828,1.279,0.782,0.929
2011,gcb8296.tif,1.601,4.735,0.897,1.659,629,134,160.560,1.288,1.166,0.858,0.931
2012,gcb8296.tif,0.102,1.301,0.754,0.589,881,135,51.340,0.325,1.805,0.554,0.774
2013,gcb8296.tif,0.085,0.965,1.000,0.460,502,135,53.130,0.276,1.551,0.645,0.909
2014,gcb8296.tif,1.177,4.497,0.731,1.719,364,132,105.524,1.012,1.776,0.563,0.883
2015,gcb8296.tif,2.371,5.906,0.854,2.010,553,153,74.055,1.648,1.201,0.833,0.906
2016,gcb8296.tif,0.762,3.631,0.726,1.432,516,144,45.000,0.899,1.755,0.570,0.826
2017,gcb8296.tif,0.805,3.294,0.932,1.196,303,134,112.620,0.920,1.278,0.782,0.931
2018,gcb8296.tif,4.895,8.734,0.806,3.059,399,139,158.839,2.331,1.335,0.749,0.914
2019,gcb8296.tif,0.195,1.800,0.756,0.742,441,135,150.255,0.460,1.507,0.664,0.821
2020,gcb8296.tif,1.084,3.967,0.865,1.408,703,141,168.690,1.150,1.229,0.813,0.883
2021,gcb8296.tif,0.127,1.225,1.000,0.496,314,143,68.199,0.368,1.127,0.887,0.857
2022,gcb8296.tif,0.381,2.222,0.970,0.823,657,147,63.435,0.644,1.068,0.936,0.909
2023,gcb8296.tif,0.186,1.539,0.988,0.617,819,146,63.435,0.453,1.415,0.707,0.863
2024,gcb8296.tif,2.227,8.671,0.372,2.277,534,143,104.036,1.719,1.371,0.729,0.751
2025,gcb8296.tif,0.203,1.593,1.000,0.664,608,148,33.690,0.460,1.298,0.770,0.906
2026,gcb8296.tif,2.346,8.150,0.444,3.420,315,144,113.806,1.193,3.479,0.287,0.798
2027,gcb8296.tif,0.068,0.965,0.914,0.412,438,148,63.435,0.276,1.308,0.764,0.800
2028,gcb8296.tif,3.574,10.785,0.386,4.084,100,193,75.651,1.727,3.136,0.319,0.687
2029,gcb8296.tif,1.025,4.573,0.616,1.941,347,152,148.570,0.823,2.932,0.341,0.837
2030,gcb8296.tif,0.085,0.965,1.000,0.460,376,154,36.870,0.276,1.551,0.645,0.909
2031,gcb8296.tif,1.812,4.995,0.913,1.787,662,168,55.491,1.380,1.229,0.814,0.937
2032,gcb8296.tif,1.448,5.929,0.518,2.098,460,168,37.875,1.225,2.136,0.468,0.781
2033,gcb8296.tif,0.754,3.187,0.933,1.235,589,154,153.435,0.920,1.273,0.786,0.908
2034,gcb8296.tif,0.940,3.685,0.870,1.327,280,167,56.310,1.012,1.308,0.764,0.892
2035,gcb8296.tif,0.085,1.041,0.982,0.412,247,159,26.565,0.325,1.241,0.806,0.800
2036,gcb8296.tif,0.119,1.301,0.880,0.589,394,156,128.660,0.325,2.048,0.488,0.800
2037,gcb8296.tif,1.465,4.596,0.872,1.770,620,156,117.897,1.230,1.456,0.687,0.925
2038,gcb8296.tif,0.745,3.240,0.892,1.123,293,168,55.008,0.920,1.091,0.916,0.898
2039,gcb8296.tif,1.109,3.869,0.931,1.340,503,176,74.055,1.104,1.109,0.902,0.923
2040,gcb8296.tif,1.296,4.161,0.941,1.484,554,176,60.255,1.196,1.129,0.886,0.944
2041,gcb8296.tif,0.466,2.482,0.950,0.995,713,163,123.690,0.644,1.362,0.734,0.909
2042,gcb8296.tif,0.085,1.225,0.709,0.460,381,164,126.870,0.368,1.177,0.850,0.769
2043,gcb8296.tif,3.760,11.705,0.345,2.925,596,176,167.276,2.490,1.322,0.757,0.744
2044,gcb8296.tif,0.550,2.742,0.920,1.049,341,166,105.255,0.736,1.368,0.731,0.897
2045,gcb8296.tif,1.101,3.923,0.899,1.487,478,181,68.199,1.012,1.359,0.736,0.925
2046,gcb8296.tif,0.076,1.149,0.726,0.469,640,169,101.310,0.276,1.610,0.621,0.750
2047,gcb8296.tif,2.185,5.570,0.885,1.987,388,193,76.608,1.472,1.338,0.748,0.926
2048,gcb8296.tif,0.051,0.705,1.000,0.332,749,172,123.690,0.184,1.500,0.667,1.000
2049,gcb8296.tif,0.618,3.110,0.803,1.138,728,179,165.964,0.828,1.189,0.841,0.885
2050,gcb8296.tif,0.390,2.222,0.992,0.848,160,176,130.601,0.644,1.109,0.902,0.911
2051,gcb8296.tif,1.186,5.776,0.447,1.956,275,176,138.814,1.301,1.472,0.679,0.702
2052,gcb8296.tif,0.661,3.187,0.817,1.210,307,181,171.254,0.823,1.514,0.661,0.857
2053,gcb8296.tif,0.322,2.352,0.731,0.995,432,184,56.310,0.541,1.885,0.530,0.835
2054,gcb8296.tif,0.237,1.876,0.847,0.719,808,181,39.806,0.552,1.267,0.789,0.800
2055,gcb8296.tif,1.897,7.293,0.448,2.103,529,195,23.199,1.635,1.577,0.634,0.734
2056,gcb8296.tif,0.059,0.781,1.000,0.390,791,182,45.000,0.260,1.596,0.626,0.875
2057,gcb8296.tif,1.584,4.780,0.871,1.610,580,186,149.036,1.440,1.031,0.970,0.912
2058,gcb8296.tif,0.059,0.781,1.000,0.390,407,186,135.000,0.260,1.596,0.626,0.875
2059,gcb8296.tif,3.845,12.876,0.291,3.910,500,225,63.435,2.386,1.957,0.511,0.607
2060,gcb8296.tif,0.652,3.056,0.877,1.164,299,187,108.435,0.828,1.429,0.700,0.885
2061,gcb8296.tif,1.406,7.087,0.352,2.768,463,195,15.422,0.957,3.573,0.280,0.682
2062,gcb8296.tif,2.058,5.462,0.867,2.010,560,209,74.055,1.455,1.414,0.707,0.920
2063,gcb8296.tif,0.068,0.835,1.000,0.390,311,194,45.000,0.276,1.229,0.814,0.941
2064,gcb8296.tif,0.085,1.041,0.982,0.412,432,191,116.565,0.329,1.316,0.760,0.769
2065,gcb8296.tif,0.220,1.647,1.000,0.664,376,195,146.310,0.460,1.203,0.831,0.929
2066,gcb8296.tif,0.500,2.872,0.761,1.049,631,197,127.875,0.736,1.370,0.730,0.855
2067,gcb8296.tif,0.144,1.463,0.845,0.617,443,197,116.565,0.368,1.641,0.609,0.850
2068,gcb8296.tif,0.203,1.723,0.860,0.701,152,205,23.199,0.453,1.742,0.574,0.828
2069,gcb8296.tif,0.186,1.517,1.000,0.589,597,201,128.660,0.460,1.068,0.937,0.936
2070,gcb8296.tif,2.651,9.902,0.340,4.332,185,203,167.735,0.966,5.996,0.167,0.790
2071,gcb8296.tif,0.906,3.761,0.805,1.368,397,217,70.346,1.012,1.315,0.760,0.892
2072,gcb8296.tif,0.508,2.666,0.898,1.049,541,203,105.255,0.644,1.542,0.649,0.909
2073,gcb8296.tif,0.152,1.800,0.591,0.701,723,205,156.801,0.368,1.931,0.518,0.750
2074,gcb8296.tif,2.253,9.169,0.337,2.450,578,229,55.713,1.852,1.486,0.673,0.668
2075,gcb8296.tif,0.457,2.581,0.863,1.077,668,212,19.983,0.700,1.598,0.626,0.850
2076,gcb8296.tif,2.303,6.468,0.692,2.400,352,209,122.471,1.459,1.765,0.567,0.879
2077,gcb8296.tif,1.186,5.062,0.581,1.768,330,226,38.660,1.236,1.468,0.681,0.763
2078,gcb8296.tif,0.491,2.590,0.920,1.073,481,214,120.964,0.644,1.626,0.615,0.921
2079,gcb8296.tif,0.762,3.164,0.957,1.123,463,215,124.992,0.920,1.109,0.902,0.928
2080,gcb8296.tif,0.093,1.355,0.637,0.617,565,221,26.565,0.288,2.870,0.348,0.667
2081,gcb8296.tif,4.463,11.423,0.430,3.395,598,252,57.171,2.117,1.798,0.556,0.746
2082,gcb8296.tif,2.083,7.293,0.492,2.430,513,225,142.696,1.538,1.856,0.539,0.739
2083,gcb8296.tif,1.939,6.122,0.650,2.409,710,224,96.582,1.104,2.257,0.443,0.886
2084,gcb8296.tif,0.119,1.616,0.571,0.617,737,232,63.435,0.370,1.785,0.560,0.683
2085,gcb8296.tif,0.720,3.187,0.891,1.138,287,227,104.036,0.920,1.277,0.783,0.890
2086,gcb8296.tif,0.788,3.393,0.860,1.278,385,238,30.256,0.902,1.492,0.670,0.890
2087,gcb8296.tif,0.567,3.164,0.712,1.278,346,228,120.256,0.736,1.650,0.606,0.843
2088,gcb8296.tif,1.829,4.942,0.941,1.746,556,228,108.435,1.380,1.219,0.820,0.947
2089,gcb8296.tif,1.490,5.211,0.690,2.125,636,228,107.650,0.920,2.387,0.419,0.905
2090,gcb8296.tif,0.440,2.374,0.982,0.868,667,236,32.005,0.736,1.080,0.926,0.881
2091,gcb8296.tif,0.135,1.387,0.885,0.617,475,238,63.435,0.276,2.070,0.483,0.941
2092,gcb8296.tif,0.390,2.428,0.830,0.995,461,233,123.690,0.607,1.776,0.563,0.860
2093,gcb8296.tif,0.542,2.666,0.958,0.991,372,234,111.801,0.736,1.307,0.765,0.921
2094,gcb8296.tif,2.117,6.405,0.649,2.731,195,238,147.381,1.184,2.551,0.392,0.890
2095,gcb8296.tif,0.110,1.171,1.000,0.496,655,238,158.199,0.368,1.416,0.706,0.812
2096,gcb8296.tif,0.406,2.558,0.781,1.077,264,238,160.017,0.552,1.783,0.561,0.865
2097,gcb8296.tif,0.313,2.276,0.760,0.961,410,238,106.699,0.460,2.238,0.447,0.871
2098,gcb8296.tif,1.304,4.282,0.894,1.610,334,255,59.036,1.171,1.360,0.735,0.914
2099,gcb8296.tif,0.855,3.402,0.929,1.235,430,252,63.435,0.920,1.244,0.804,0.935
2100,gcb8296.tif,0.999,3.793,0.873,1.340,443,244,164.055,1.012,1.277,0.783,0.911
2101,gcb8296.tif,1.118,3.945,0.903,1.429,662,244,104.931,1.104,1.299,0.770,0.910
2102,gcb8296.tif,1.533,5.624,0.609,2.125,675,266,72.350,1.012,2.419,0.413,0.852
2103,gcb8296.tif,0.754,3.815,0.651,1.498,311,247,100.620,0.828,1.908,0.524,0.836
2104,gcb8296.tif,0.508,2.536,0.993,0.995,547,247,123.690,0.736,1.305,0.766,0.938
2105,gcb8296.tif,5.496,14.784,0.316,4.281,551,273,25.463,2.541,2.116,0.473,0.633
2106,gcb8296.tif,0.788,3.371,0.871,1.238,506,258,41.987,0.920,1.098,0.911,0.903
2107,gcb8296.tif,0.229,1.647,1.000,0.664,356,257,56.310,0.460,1.210,0.826,0.947
2108,gcb8296.tif,0.923,3.662,0.865,1.359,243,266,61.699,0.920,1.326,0.754,0.928
2109,gcb8296.tif,0.068,1.095,0.710,0.521,329,253,135.000,0.306,1.943,0.515,0.696
2110,gcb8296.tif,0.152,1.463,0.895,0.589,324,255,141.340,0.460,1.228,0.814,0.857
2111,gcb8296.tif,2.524,6.144,0.840,2.098,373,276,74.745,1.638,1.247,0.802,0.910
2112,gcb8296.tif,1.287,5.615,0.513,2.306,281,270,28.610,0.962,2.790,0.358,0.786
2113,gcb8296.tif,0.068,1.041,0.785,0.460,391,261,36.870,0.320,1.559,0.641,0.696
2114,gcb8296.tif,0.195,1.593,0.964,0.664,626,263,56.310,0.460,1.383,0.723,0.885
2115,gcb8296.tif,0.457,2.482,0.933,0.868,464,259,122.005,0.736,1.063,0.940,0.885
2116,gcb8296.tif,1.778,5.170,0.836,1.941,527,277,58.570,1.301,1.500,0.667,0.915
2117,gcb8296.tif,0.517,2.742,0.863,1.029,698,260,100.305,0.736,1.325,0.755,0.871
2118,gcb8296.tif,0.203,2.244,0.507,0.947,817,267,29.055,0.426,2.464,0.406,0.676
2119,gcb8296.tif,1.245,4.888,0.655,1.813,345,266,156.038,1.104,1.645,0.608,0.850
2120,gcb8296.tif,0.703,3.218,0.853,1.178,602,273,51.340,0.870,1.306,0.766,0.892
2121,gcb8296.tif,6.495,15.780,0.328,5.258,636,320,85.986,2.434,2.395,0.418,0.697
2122,gcb8296.tif,0.229,1.800,0.887,0.670,270,264,105.945,0.552,1.140,0.877,0.831
2123,gcb8296.tif,4.836,11.023,0.500,3.504,433,272,156.801,2.513,1.728,0.579,0.748
2124,gcb8296.tif,0.686,3.034,0.936,1.178,328,277,51.340,0.828,1.351,0.740,0.936
2125,gcb8296.tif,1.626,5.592,0.653,1.991,494,286,56.310,1.301,1.725,0.580,0.853
2126,gcb8296.tif,0.491,2.536,0.960,0.947,422,279,60.945,0.736,1.153,0.867,0.913
2127,gcb8296.tif,0.584,3.003,0.815,1.252,569,274,162.897,0.714,1.862,0.537,0.873
2128,gcb8296.tif,2.845,8.833,0.458,2.859,262,282,146.821,2.151,1.251,0.799,0.722
2129,gcb8296.tif,2.422,9.699,0.324,3.465,673,275,100.713,1.436,2.857,0.350,0.651
2130,gcb8296.tif,0.872,4.780,0.480,1.770,714,293,62.103,0.864,2.716,0.368,0.689
2131,gcb8296.tif,0.356,2.352,0.808,0.920,685,287,53.130,0.644,1.369,0.731,0.875
2132,gcb8296.tif,1.228,4.573,0.738,1.736,533,297,57.995,1.012,1.810,0.553,0.881
2133,gcb8296.tif,1.490,4.964,0.760,1.689,552,285,150.642,1.397,1.204,0.830,0.846
2134,gcb8296.tif,0.847,3.577,0.832,1.340,503,299,74.055,0.905,1.501,0.666,0.885
2135,gcb8296.tif,2.295,5.830,0.848,2.166,518,309,77.735,1.408,1.580,0.633,0.922
2136,gcb8296.tif,0.152,1.333,1.000,0.589,209,294,141.340,0.368,1.362,0.734,0.947
2137,gcb8296.tif,0.821,3.685,0.760,1.484,413,294,119.745,0.823,1.915,0.522,0.855
2138,gcb8296.tif,0.711,3.110,0.924,1.164,700,295,108.435,0.828,1.424,0.702,0.913
2139,gcb8296.tif,1.507,6.449,0.455,2.400,721,297,122.471,1.056,2.878,0.347,0.781
2140,gcb8296.tif,3.709,9.677,0.498,3.424,383,302,143.746,1.914,2.157,0.464,0.746
2141,gcb8296.tif,1.033,6.427,0.314,1.834,530,312,17.526,1.264,1.842,0.543,0.536
2142,gcb8296.tif,0.093,1.019,1.000,0.460,464,302,126.870,0.276,1.372,0.729,0.957
2143,gcb8296.tif,0.102,1.095,1.000,0.496,558,302,158.199,0.276,1.579,0.633,0.889
2144,gcb8296.tif,0.068,0.835,1.000,0.390,303,307,45.000,0.276,1.229,0.814,0.941
2145,gcb8296.tif,3.015,8.388,0.538,2.473,572,331,45.000,2.061,1.226,0.816,0.780
2146,gcb8296.tif,0.677,3.240,0.811,1.252,282,308,126.027,0.810,1.603,0.624,0.889
2147,gcb8296.tif,1.846,5.951,0.655,2.125,548,334,72.350,1.404,1.492,0.670,0.860
2148,gcb8296.tif,1.169,6.395,0.359,2.146,656,317,149.036,1.196,2.068,0.484,0.634
2149,gcb8296.tif,0.169,1.800,0.657,0.701,533,320,156.801,0.368,1.697,0.589,0.800
2150,gcb8296.tif,0.068,0.965,0.914,0.460,804,328,53.130,0.276,1.791,0.558,0.800
2151,gcb8296.tif,0.364,2.092,1.000,0.823,415,327,116.565,0.552,1.295,0.772,0.945
2152,gcb8296.tif,0.068,1.225,0.567,0.496,653,327,111.801,0.276,1.891,0.529,0.696
2153,gcb8296.tif,0.288,1.876,1.000,0.701,234,329,113.199,0.617,1.052,0.951,0.861
2154,gcb8296.tif,0.627,3.317,0.716,1.318,551,335,167.905,0.736,1.830,0.547,0.831
2155,gcb8296.tif,0.068,0.965,0.914,0.412,504,334,153.435,0.276,1.554,0.644,0.800
2156,gcb8296.tif,0.584,2.872,0.890,1.077,264,345,70.017,0.736,1.385,0.722,0.908
2157,gcb8296.tif,4.327,9.547,0.597,3.737,687,336,99.926,1.933,1.964,0.509,0.843
2158,gcb8296.tif,1.601,4.704,0.909,1.689,430,338,119.358,1.339,1.245,0.803,0.917
2159,gcb8296.tif,1.152,4.098,0.862,1.408,483,343,168.690,1.236,1.025,0.976,0.883
2160,gcb8296.tif,2.032,5.278,0.917,1.895,532,339,119.055,1.557,1.194,0.837,0.927
2161,gcb8296.tif,0.263,2.145,0.717,0.906,358,344,156.038,0.460,1.962,0.510,0.849
2162,gcb8296.tif,1.660,4.964,0.846,1.808,449,350,165.256,1.333,1.432,0.698,0.899
2163,gcb8296.tif,0.440,2.504,0.882,0.947,570,354,60.945,0.716,1.309,0.764,0.839
2164,gcb8296.tif,1.177,5.431,0.502,2.098,732,369,74.745,0.960,2.514,0.398,0.774
2165,gcb8296.tif,0.805,4.120,0.596,1.768,132,363,38.660,0.716,2.818,0.355,0.805
2166,gcb8296.tif,0.212,1.616,1.000,0.617,267,350,116.565,0.552,1.091,0.917,0.847
2167,gcb8296.tif,0.203,1.593,1.000,0.651,514,351,135.000,0.460,1.160,0.862,0.889
2168,gcb8296.tif,2.159,6.481,0.646,2.187,395,365,22.249,1.480,1.583,0.632,0.833
2169,gcb8296.tif,0.313,2.298,0.746,0.906,102,354,113.962,0.552,1.723,0.580,0.822
2170,gcb8296.tif,0.398,2.253,0.985,0.848,638,354,130.601,0.644,1.002,0.998,0.979
2171,gcb8296.tif,0.449,2.504,0.899,0.873,327,358,161.565,0.736,1.201,0.832,0.862
2172,gcb8296.tif,3.709,12.257,0.310,3.574,566,388,11.889,2.777,1.422,0.703,0.566
2173,gcb8296.tif,0.135,1.257,1.000,0.521,558,357,135.000,0.368,1.000,1.000,1.000
2174,gcb8296.tif,1.016,4.336,0.679,1.729,479,375,64.799,0.893,2.214,0.452,0.811
2175,gcb8296.tif,2.557,5.830,0.945,2.103,547,364,113.199,1.656,1.210,0.826,0.948
2176,gcb8296.tif,0.178,1.463,1.000,0.589,300,366,128.660,0.460,1.182,0.846,0.913
2177,gcb8296.tif,1.126,4.075,0.852,1.484,654,367,119.745,1.059,1.391,0.719,0.905
2178,gcb8296.tif,2.939,9.071,0.449,2.857,457,397,75.069,1.887,1.865,0.536,0.734
2179,gcb8296.tif,0.940,3.501,0.964,1.252,632,380,53.973,1.104,1.054,0.949,0.917
2180,gcb8296.tif,1.330,4.865,0.706,1.815,302,386,59.534,1.152,1.676,0.597,0.875
2181,gcb8296.tif,0.390,2.374,0.868,0.920,362,379,53.130,0.669,1.310,0.763,0.829
2182,gcb8296.tif,0.085,0.965,1.000,0.460,101,371,126.870,0.276,1.551,0.645,0.909
2183,gcb8296.tif,0.076,0.889,1.000,0.390,136,372,135.000,0.276,1.000,1.000,1.000
2184,gcb8296.tif,2.905,6.871,0.773,2.486,516,372,128.991,1.752,1.410,0.709,0.900
2185,gcb8296.tif,0.398,2.558,0.764,1.077,123,379,19.983,0.590,1.994,0.501,0.825
2186,gcb8296.tif,1.152,4.726,0.648,1.659,339,389,56.310,1.196,1.367,0.731,0.840
2187,gcb8296.tif,4.327,11.912,0.383,3.727,386,380,159.775,2.019,1.998,0.501,0.710
2188,gcb8296.tif,0.102,1.149,0.967,0.460,728,374,126.870,0.368,1.088,0.919,0.857
2189,gcb8296.tif,0.593,2.796,0.953,1.029,324,375,116.565,0.828,1.174,0.852,0.903
2190,gcb8296.tif,0.500,2.482,1.000,0.906,617,375,113.962,0.736,1.134,0.881,0.929
2191,gcb8296.tif,1.177,5.094,0.570,1.941,674,375,95.440,1.083,1.995,0.501,0.779
2192,gcb8296.tif,0.279,1.907,0.965,0.742,801,381,29.745,0.552,1.212,0.825,0.892
2193,gcb8296.tif,1.617,5.332,0.715,2.148,275,390,9.866,1.104,1.956,0.511,0.882
2194,gcb8296.tif,0.085,1.019,1.000,0.412,694,381,116.565,0.276,1.236,0.809,0.909
2195,gcb8296.tif,0.288,1.930,0.972,0.742,649,383,119.745,0.617,1.131,0.884,0.850
2196,gcb8296.tif,2.261,8.918,0.357,3.608,222,392,5.856,1.095,4.575,0.219,0.721
2197,gcb8296.tif,0.974,3.815,0.841,1.475,380,384,93.576,0.920,1.532,0.653,0.898
2198,gcb8296.tif,1.067,3.793,0.932,1.359,582,397,61.699,1.012,1.207,0.829,0.933
2199,gcb8296.tif,0.720,3.348,0.807,1.368,539,386,132.274,0.845,1.622,0.616,0.881
2200,gcb8296.tif,0.864,3.425,0.926,1.252,629,396,53.973,1.012,1.147,0.872,0.923
2201,gcb8296.tif,0.068,0.835,1.000,0.390,105,386,135.000,0.276,1.229,0.814,0.941
2202,gcb8296.tif,0.279,1.854,1.000,0.742,741,387,150.255,0.552,1.283,0.779,0.917
2203,gcb8296.tif,0.161,2.352,0.366,0.786,476,389,110.556,0.552,1.383,0.723,0.585
2204,gcb8296.tif,2.397,8.954,0.376,3.504,614,389,113.199,1.231,4.209,0.238,0.671
2205,gcb8296.tif,0.855,3.447,0.905,1.252,330,391,107.103,1.004,1.266,0.790,0.890
2206,gcb8296.tif,0.076,1.095,0.799,0.460,570,397,53.130,0.276,1.567,0.638,0.818
2207,gcb8296.tif,0.449,2.482,0.916,0.906,357,394,113.962,0.728,1.268,0.788,0.876
2208,gcb8296.tif,0.203,2.396,0.445,0.911,715,394,135.000,0.485,2.249,0.445,0.615
2209,gcb8296.tif,0.271,2.168,0.725,0.868,407,407,57.995,0.513,1.806,0.554,0.831
2210,gcb8296.tif,0.347,2.320,0.810,0.823,473,407,63.435,0.658,1.184,0.844,0.828
2211,gcb8296.tif,0.423,2.352,0.962,0.873,640,399,108.435,0.644,1.259,0.794,0.909
2212,gcb8296.tif,0.821,3.393,0.897,1.282,390,400,111.038,0.957,1.384,0.723,0.890
2213,gcb8296.tif,0.534,2.742,0.892,1.049,529,401,127.875,0.823,1.290,0.775,0.900
2214,gcb8296.tif,6.309,16.916,0.277,6.585,100,438,26.565,2.186,3.439,0.291,0.597
2215,gcb8296.tif,1.990,5.310,0.887,1.922,608,422,73.301,1.380,1.329,0.752,0.934
2216,gcb8296.tif,0.534,2.850,0.825,1.164,303,403,108.435,0.644,1.770,0.565,0.887
2217,gcb8296.tif,0.830,3.631,0.791,1.429,429,418,75.069,0.864,1.707,0.586,0.875
2218,gcb8296.tif,0.195,1.539,1.000,0.617,272,406,116.565,0.460,1.235,0.809,0.885
2219,gcb8296.tif,0.584,2.720,0.993,0.995,666,407,123.690,0.736,1.221,0.819,0.945
2220,gcb8296.tif,0.085,1.019,1.000,0.460,697,409,36.870,0.276,1.559,0.641,0.909
2221,gcb8296.tif,0.059,0.781,1.000,0.390,776,406,135.000,0.260,1.596,0.626,0.875
2222,gcb8296.tif,0.889,3.425,0.953,1.252,377,419,53.973,1.012,1.187,0.843,0.925
2223,gcb8296.tif,0.178,1.616,0.856,0.589,591,409,128.660,0.455,1.202,0.832,0.808
2224,gcb8296.tif,0.347,2.320,0.810,0.978,418,417,41.186,0.586,1.837,0.544,0.820
2225,gcb8296.tif,1.753,7.109,0.436,2.552,453,434,64.359,1.351,2.228,0.449,0.653
2226,gcb8296.tif,1.533,4.973,0.779,2.058,437,430,63.435,1.047,1.982,0.505,0.931
2227,gcb8296.tif,0.584,2.774,0.954,1.029,292,415,116.565,0.736,1.274,0.785,0.939
2228,gcb8296.tif,0.178,1.746,0.733,0.670,352,415,105.945,0.453,1.644,0.608,0.792
2229,gcb8296.tif,1.270,4.605,0.753,1.950,567,416,160.710,0.920,2.091,0.478,0.920
2230,gcb8296.tif,0.313,2.038,0.948,0.742,339,416,119.745,0.644,1.123,0.891,0.881
2231,gcb8296.tif,2.083,8.442,0.367,2.430,692,441,65.376,1.523,1.973,0.507,0.705
2232,gcb8296.tif,0.788,3.815,0.680,1.440,202,422,116.565,0.988,1.680,0.595,0.798
2233,gcb8296.tif,0.796,3.371,0.880,1.210,480,426,171.254,0.920,1.316,0.760,0.879
2234,gcb8296.tif,0.220,1.984,0.703,0.868,669,427,32.005,0.499,1.808,0.553,0.776
2235,gcb8296.tif,0.203,1.647,0.941,0.664,317,423,123.690,0.460,1.325,0.755,0.906
2236,gcb8296.tif,0.703,3.869,0.590,1.589,258,429,10.008,0.696,2.472,0.405,0.834
2237,gcb8296.tif,0.119,1.485,0.675,0.664,625,425,123.690,0.370,2.200,0.454,0.700
2238,gcb8296.tif,0.737,3.478,0.765,1.340,376,434,164.055,0.828,1.498,0.668,0.866
2239,gcb8296.tif,0.254,2.374,0.566,0.823,610,438,63.435,0.552,1.546,0.647,0.759
2240,gcb8296.tif,0.279,1.984,0.892,0.759,359,439,75.964,0.552,1.347,0.742,0.857
2241,gcb8296.tif,1.863,4.995,0.938,1.746,581,431,108.435,1.380,1.205,0.830,0.946
2242,gcb8296.tif,0.144,1.279,1.000,0.537,765,432,149.036,0.368,1.263,0.792,0.919
2243,gcb8296.tif,1.516,5.462,0.638,1.950,396,449,19.290,1.437,1.405,0.712,0.789
2244,gcb8296.tif,3.015,6.535,0.887,2.416,485,436,107.745,1.705,1.446,0.691,0.939
2245,gcb8296.tif,0.246,2.006,0.767,0.823,460,442,26.565,0.521,1.784,0.560,0.763
2246,gcb8296.tif,0.821,3.393,0.897,1.252,290,451,72.897,0.920,1.347,0.742,0.902
2247,gcb8296.tif,0.517,2.612,0.951,0.961,345,438,106.699,0.736,1.184,0.844,0.904
2248,gcb8296.tif,2.591,5.938,0.924,2.098,625,439,105.255,1.564,1.282,0.780,0.949
2249,gcb8296.tif,1.804,4.888,0.949,1.712,428,453,36.254,1.472,1.135,0.881,0.938
2250,gcb8296.tif,0.423,2.558,0.813,1.108,371,441,131.634,0.586,1.998,0.500,0.877
2251,gcb8296.tif,0.051,1.225,0.425,0.460,217,443,126.870,0.260,2.174,0.460,0.545
2252,gcb8296.tif,0.406,2.374,0.906,0.873,319,447,18.435,0.736,1.114,0.898,0.850
2253,gcb8296.tif,0.644,2.872,0.980,1.049,523,447,164.745,0.828,1.188,0.842,0.921
2254,gcb8296.tif,0.110,1.149,1.000,0.496,267,445,111.801,0.276,1.622,0.617,0.929
2255,gcb8296.tif,2.727,6.122,0.914,2.212,658,445,106.928,1.564,1.378,0.726,0.951
2256,gcb8296.tif,4.725,16.405,0.221,4.772,104,481,39.523,2.603,1.809,0.553,0.575
2257,gcb8296.tif,1.304,5.475,0.547,1.777,461,461,21.251,1.215,1.789,0.559,0.732
2258,gcb8296.tif,2.236,7.141,0.551,2.768,358,479,74.578,1.337,2.282,0.438,0.800
2259,gcb8296.tif,4.387,12.886,0.332,4.161,553,455,144.904,1.968,2.327,0.430,0.657
2260,gcb8296.tif,0.491,2.590,0.920,0.978,276,453,131.186,0.736,1.228,0.814,0.906
2261,gcb8296.tif,1.838,6.719,0.512,2.532,376,482,70.907,1.242,2.337,0.428,0.786
2262,gcb8296.tif,1.321,4.704,0.750,1.607,512,460,103.241,1.236,1.430,0.699,0.850
2263,gcb8296.tif,1.397,4.336,0.934,1.518,440,463,104.036,1.288,1.162,0.860,0.919
2264,gcb8296.tif,0.381,2.374,0.850,0.961,714,473,73.301,0.644,1.604,0.624,0.841
2265,gcb8296.tif,0.381,2.374,0.850,0.920,475,472,53.130,0.651,1.458,0.686,0.857
2266,gcb8296.tif,0.288,1.984,0.919,0.781,202,465,135.000,0.552,1.434,0.698,0.861
2267,gcb8296.tif,0.864,3.555,0.859,1.429,322,481,75.069,0.828,1.723,0.580,0.919
2268,gcb8296.tif,0.728,3.164,0.914,1.178,393,469,128.660,0.920,1.171,0.854,0.905
2269,gcb8296.tif,0.093,1.095,0.976,0.521,909,474,45.000,0.325,1.781,0.562,0.815
2270,gcb8296.tif,0.542,2.612,0.998,1.029,620,471,116.565,0.736,1.289,0.776,0.921
2271,gcb8296.tif,1.736,4.986,0.877,1.697,456,478,167.471,1.472,1.097,0.911,0.893
2272,gcb8296.tif,0.212,1.723,0.896,0.701,638,473,113.199,0.460,1.425,0.702,0.877
2273,gcb8296.tif,0.567,3.501,0.582,1.393,279,474,97.595,0.736,2.329,0.429,0.788
2274,gcb8296.tif,0.068,0.835,1.000,0.390,415,477,45.000,0.276,1.229,0.814,0.941
2275,gcb8296.tif,0.127,1.463,0.746,0.664,487,480,33.690,0.357,1.932,0.518,0.789
2276,gcb8296.tif,0.381,2.504,0.764,0.873,709,481,161.565,0.736,1.049,0.953,0.826
2277,gcb8296.tif,2.134,5.538,0.874,1.987,656,478,103.392,1.564,1.258,0.795,0.921
2278,gcb8296.tif,0.059,0.835,1.000,0.390,517,485,45.000,0.276,1.380,0.725,0.875
2279,gcb8296.tif,0.339,2.298,0.806,0.868,545,483,122.005,0.644,1.159,0.863,0.860
2280,gcb8296.tif,0.584,2.850,0.904,1.073,241,494,59.036,0.736,1.400,0.714,0.908
2281,gcb8296.tif,2.566,8.366,0.461,2.635,311,489,114.775,1.673,1.824,0.548,0.718
2282,gcb8296.tif,0.720,3.056,0.968,1.123,440,500,55.008,0.920,1.095,0.913,0.914
2283,gcb8296.tif,0.982,3.761,0.873,1.278,530,490,120.256,1.083,1.122,0.891,0.892
2284,gcb8296.tif,1.406,4.551,0.853,1.719,422,508,74.476,1.104,1.513,0.661,0.927
2285,gcb8296.tif,1.338,7.303,0.315,3.162,597,491,171.634,0.702,6.177,0.162,0.678
2286,gcb8296.tif,2.049,5.364,0.895,2.010,404,512,74.055,1.288,1.522,0.657,0.949
2287,gcb8296.tif,1.016,3.739,0.914,1.405,474,504,58.392,1.070,1.311,0.763,0.920
2288,gcb8296.tif,0.119,1.203,1.000,0.537,489,491,120.964,0.276,1.662,0.602,0.966
2289,gcb8296.tif,0.627,3.003,0.874,1.153,281,499,28.610,0.862,1.381,0.724,0.876
2290,gcb8296.tif,0.102,1.930,0.343,0.759,716,501,75.964,0.351,2.440,0.410,0.500
2291,gcb8296.tif,0.390,3.263,0.460,1.238,550,494,138.013,0.700,2.129,0.470,0.692
2292,gcb8296.tif,1.939,5.386,0.840,2.058,357,495,116.565,1.472,1.307,0.765,0.912
2293,gcb8296.tif,0.051,0.835,0.916,0.390,560,498,45.000,0.260,1.593,0.628,0.857
2294,gcb8296.tif,3.472,9.268,0.508,3.924,104,530,50.711,1.502,3.110,0.322,0.805
2295,gcb8296.tif,1.253,4.282,0.859,1.543,682,498,107.354,1.284,1.169,0.856,0.881
2296,gcb8296.tif,0.102,1.355,0.695,0.560,271,501,170.538,0.276,1.961,0.510,0.774
2297,gcb8296.tif,3.066,6.427,0.933,2.224,505,500,114.444,1.921,1.121,0.892,0.940
2298,gcb8296.tif,1.745,5.960,0.617,2.068,629,503,159.146,1.560,1.376,0.727,0.776
2299,gcb8296.tif,1.821,5.983,0.639,2.273,591,503,148.241,1.424,1.617,0.618,0.821
2300,gcb8296.tif,0.771,3.555,0.766,1.408,743,506,101.310,0.736,1.964,0.509,0.897
2301,gcb8296.tif,0.415,2.298,0.988,0.873,386,508,108.435,0.644,1.296,0.772,0.899
2302,gcb8296.tif,0.356,2.558,0.683,1.049,271,513,15.255,0.460,2.323,0.431,0.857
2303,gcb8296.tif,0.982,3.685,0.909,1.282,474,523,68.962,1.101,1.160,0.862,0.906
2304,gcb8296.tif,0.466,3.609,0.449,1.573,240,517,20.556,0.513,3.663,0.273,0.753
2305,gcb8296.tif,0.915,3.685,0.846,1.368,451,513,109.654,0.993,1.368,0.731,0.889
2306,gcb8296.tif,0.847,3.425,0.907,1.282,624,513,111.038,0.920,1.395,0.717,0.913
2307,gcb8296.tif,0.135,1.723,0.573,0.701,347,515,113.199,0.361,2.345,0.426,0.696
2308,gcb8296.tif,1.507,4.973,0.766,1.915,526,516,125.218,1.120,1.699,0.589,0.879
2309,gcb8296.tif,1.770,8.106,0.339,3.410,266,525,3.094,0.827,4.407,0.227,0.787
2310,gcb8296.tif,3.785,8.052,0.734,2.803,668,520,113.199,2.155,1.202,0.832,0.898
2311,gcb8296.tif,0.550,2.850,0.852,1.077,729,531,70.017,0.736,1.439,0.695,0.872
2312,gcb8296.tif,0.076,1.432,0.467,0.537,830,521,149.036,0.325,2.023,0.494,0.562
2313,gcb8296.tif,2.126,5.592,0.854,1.991,488,521,123.690,1.594,1.244,0.804,0.919
2314,gcb8296.tif,1.008,4.107,0.751,1.380,351,534,36.870,1.104,1.262,0.793,0.898
2315,gcb8296.tif,0.457,2.558,0.878,1.029,394,526,116.565,0.684,1.576,0.634,0.864
2316,gcb8296.tif,0.288,2.038,0.871,0.848,328,533,40.601,0.576,1.609,0.621,0.872
2317,gcb8296.tif,4.006,11.140,0.406,3.760,379,527,111.541,2.034,2.414,0.414,0.738
2318,gcb8296.tif,0.279,1.984,0.892,0.742,600,533,29.745,0.552,1.202,0.832,0.868
2319,gcb8296.tif,1.855,4.995,0.934,1.712,555,545,53.746,1.472,1.118,0.894,0.944
2320,gcb8296.tif,1.448,4.573,0.870,1.631,615,531,106.390,1.196,1.251,0.800,0.922
2321,gcb8296.tif,4.641,13.406,0.324,5.075,635,531,94.160,1.564,3.904,0.256,0.764
2322,gcb8296.tif,2.574,5.938,0.917,2.027,447,550,50.528,1.748,1.070,0.935,0.944
2323,gcb8296.tif,2.617,5.960,0.926,2.100,409,534,118.811,1.748,1.114,0.897,0.944
2324,gcb8296.tif,0.356,2.428,0.758,0.920,699,542,53.130,0.679,1.334,0.749,0.778
2325,gcb8296.tif,1.575,4.681,0.903,1.697,581,553,77.471,1.196,1.377,0.726,0.932
2326,gcb8296.tif,1.219,4.282,0.836,1.610,116,552,59.036,1.111,1.482,0.675,0.897
2327,gcb8296.tif,0.152,1.539,0.808,0.582,285,539,161.565,0.407,1.506,0.664,0.783
2328,gcb8296.tif,0.390,2.244,0.972,0.873,354,539,108.435,0.644,1.225,0.816,0.902
2329,gcb8296.tif,0.534,2.644,0.959,0.995,269,542,123.690,0.736,1.179,0.848,0.940
2330,gcb8296.tif,0.102,1.095,1.000,0.460,538,542,126.870,0.368,1.281,0.781,0.857
2331,gcb8296.tif,0.584,4.098,0.437,1.607,470,545,166.759,0.686,2.860,0.350,0.719
2332,gcb8296.tif,0.788,3.869,0.661,1.583,760,543,144.462,0.737,2.243,0.446,0.845
2333,gcb8296.tif,0.771,3.577,0.757,1.509,707,545,142.431,0.781,2.013,0.497,0.871
2334,gcb8296.tif,4.573,12.387,0.374,4.009,655,546,99.246,2.204,2.270,0.441,0.667
2335,gcb8296.tif,0.254,2.168,0.679,0.848,282,547,102.529,0.460,1.989,0.503,0.845
2336,gcb8296.tif,0.339,2.558,0.650,1.029,343,552,153.435,0.599,1.894,0.528,0.727
2337,gcb8296.tif,0.669,3.110,0.869,1.164,496,564,71.565,0.826,1.389,0.720,0.883
2338,gcb8296.tif,1.372,5.808,0.511,2.346,290,554,115.560,0.902,2.907,0.344,0.773
2339,gcb8296.tif,1.363,4.573,0.819,1.610,582,564,30.964,1.258,1.250,0.800,0.894
2340,gcb8296.tif,2.557,8.617,0.433,2.761,554,578,36.870,1.660,2.078,0.481,0.703
2341,gcb8296.tif,3.921,10.188,0.475,4.109,103,593,55.954,1.647,2.803,0.357,0.742
2342,gcb8296.tif,3.049,10.969,0.318,4.373,430,565,171.529,1.492,4.097,0.244,0.619
2343,gcb8296.tif,1.524,5.040,0.754,1.863,342,561,122.905,1.281,1.578,0.634,0.885
2344,gcb8296.tif,0.110,1.225,0.922,0.537,409,560,149.036,0.368,1.530,0.654,0.812
2345,gcb8296.tif,0.432,2.298,1.000,0.868,615,560,122.005,0.716,1.178,0.849,0.927
2346,gcb8296.tif,1.601,7.186,0.390,2.707,250,570,17.819,1.547,1.995,0.501,0.628
2347,gcb8296.tif,1.203,4.228,0.845,1.509,520,564,142.431,1.113,1.396,0.717,0.869
2348,gcb8296.tif,0.390,2.222,0.992,0.848,717,568,40.601,0.644,1.081,0.925,0.911
2349,gcb8296.tif,0.288,2.038,0.871,0.786,506,562,110.556,0.552,1.415,0.707,0.850
2350,gcb8296.tif,0.432,2.949,0.624,1.238,688,568,131.987,0.675,1.977,0.506,0.750
2351,gcb8296.tif,8.138,22.239,0.207,7.735,192,578,145.176,3.032,3.114,0.321,0.536
2352,gcb8296.tif,0.059,0.781,1.000,0.332,859,571,123.690,0.276,1.069,0.936,0.875
2353,gcb8296.tif,0.754,3.110,0.979,1.123,309,583,55.008,0.920,1.110,0.901,0.927
2354,gcb8296.tif,0.347,2.244,0.866,0.823,491,580,63.435,0.692,1.234,0.811,0.828
2355,gcb8296.tif,0.161,1.463,0.944,0.582,784,572,108.435,0.368,1.396,0.717,0.905
2356,gcb8296.tif,0.305,2.612,0.561,1.123,369,583,55.008,0.552,2.206,0.453,0.735
2357,gcb8296.tif,3.277,7.608,0.712,2.745,555,596,39.560,1.720,1.840,0.544,0.853
2358,gcb8296.tif,1.025,5.920,0.367,2.247,703,578,124.992,0.915,2.863,0.349,0.691
2359,gcb8296.tif,0.771,3.240,0.922,1.178,404,588,38.660,1.012,1.077,0.928,0.905
2360,gcb8296.tif,0.999,3.685,0.925,1.318,423,589,24.775,1.104,1.130,0.885,0.904
2361,gcb8296.tif,2.430,6.081,0.826,2.125,617,580,107.650,1.627,1.311,0.763,0.905
2362,gcb8296.tif,1.075,4.856,0.573,1.941,720,585,5.440,1.086,1.746,0.573,0.760
2363,gcb8296.tif,0.288,2.114,0.810,0.786,790,584,159.444,0.640,1.123,0.890,0.791
2364,gcb8296.tif,3.083,11.642,0.286,4.601,491,615,36.870,1.562,3.566,0.280,0.607
2365,gcb8296.tif,2.541,7.760,0.530,2.416,482,602,40.365,1.933,1.330,0.752,0.763
2366,gcb8296.tif,0.076,1.041,0.884,0.412,277,585,116.565,0.325,1.390,0.720,0.750
2367,gcb8296.tif,0.195,1.593,0.964,0.664,352,585,123.690,0.460,1.234,0.811,0.885
2368,gcb8296.tif,3.497,9.547,0.482,3.261,384,586,106.390,1.645,2.378,0.420,0.790
2369,gcb8296.tif,0.212,1.777,0.842,0.701,286,587,113.199,0.460,1.481,0.675,0.877
2370,gcb8296.tif,0.771,3.263,0.910,1.196,467,587,112.620,0.970,1.240,0.807,0.883
2371,gcb8296.tif,0.102,1.485,0.579,0.719,640,587,129.806,0.313,3.427,0.292,0.615
2372,gcb8296.tif,0.102,1.149,0.967,0.496,543,593,68.199,0.276,1.469,0.681,0.889
2373,gcb8296.tif,0.288,1.885,1.000,0.719,767,588,129.806,0.552,1.004,0.996,0.971
2374,gcb8296.tif,0.135,1.409,0.857,0.537,311,591,149.036,0.368,1.351,0.740,0.865
2375,gcb8296.tif,0.542,3.653,0.510,1.318,318,590,102.095,0.722,2.116,0.473,0.727
2376,gcb8296.tif,1.380,5.929,0.493,2.018,605,590,114.228,1.280,1.604,0.623,0.751
2377,gcb8296.tif,1.330,4.205,0.945,1.437,675,605,39.806,1.288,1.043,0.958,0.924
2378,gcb8296.tif,1.965,6.764,0.540,2.598,408,620,67.068,1.311,2.387,0.419,0.762
2379,gcb8296.tif,0.110,1.539,0.584,0.537,259,595,149.036,0.460,1.198,0.835,0.684
2380,gcb8296.tif,1.702,5.040,0.842,1.758,646,614,83.991,1.380,1.236,0.809,0.905
2381,gcb8296.tif,0.161,1.387,1.000,0.589,333,604,51.340,0.368,1.273,0.785,0.974
2382,gcb8296.tif,1.634,4.748,0.911,1.679,548,617,80.538,1.432,1.127,0.888,0.915
2383,gcb8296.tif,1.855,5.462,0.781,2.037,686,620,71.565,1.211,1.775,0.563,0.896
2384,gcb8296.tif,2.354,5.745,0.896,2.043,522,603,97.765,1.627,1.245,0.803,0.924
2385,gcb8296.tif,0.161,1.539,0.853,0.651,215,606,171.870,0.368,1.648,0.607,0.844
2386,gcb8296.tif,0.246,1.961,0.802,0.848,203,605,167.471,0.368,2.236,0.447,0.892
2387,gcb8296.tif,0.144,1.355,0.985,0.521,294,610,45.000,0.455,1.039,0.962,0.829
2388,gcb8296.tif,0.525,2.818,0.831,1.123,711,606,124.992,0.741,1.527,0.655,0.849
2389,gcb8296.tif,0.618,3.187,0.765,1.112,735,613,24.444,0.915,1.107,0.903,0.807
2390,gcb8296.tif,0.915,4.021,0.711,1.523,721,621,64.983,0.970,1.705,0.586,0.847
2391,gcb8296.tif,4.742,11.934,0.418,4.121,540,627,23.703,2.278,2.113,0.473,0.708
2392,gcb8296.tif,1.736,4.865,0.922,1.659,622,609,123.690,1.380,1.113,0.898,0.938
2393,gcb8296.tif,0.178,1.517,0.971,0.651,325,609,135.000,0.460,1.376,0.727,0.913
2394,gcb8296.tif,2.812,6.351,0.876,2.273,364,610,111.371,1.811,1.231,0.812,0.929
2395,gcb8296.tif,0.711,3.056,0.957,1.164,479,622,71.565,0.828,1.266,0.790,0.923
2396,gcb8296.tif,1.203,4.573,0.722,1.941,300,630,58.570,0.967,2.300,0.435,0.882
2397,gcb8296.tif,0.271,1.930,0.914,0.759,116,612,104.036,0.552,1.431,0.699,0.842
2398,gcb8296.tif,0.373,2.298,0.887,0.873,342,614,108.435,0.644,1.254,0.797,0.854
2399,gcb8296.tif,0.872,3.402,0.947,1.235,446,627,63.435,0.920,1.242,0.805,0.941
2400,gcb8296.tif,0.525,2.612,0.967,1.049,602,616,127.875,0.781,1.402,0.713,0.919
2401,gcb8296.tif,0.076,0.965,1.000,0.412,111,619,116.565,0.276,1.185,0.844,0.857
2402,gcb8296.tif,0.423,2.352,0.962,0.906,319,629,66.038,0.644,1.306,0.766,0.909
2403,gcb8296.tif,0.957,5.072,0.468,1.852,707,638,63.435,0.988,2.280,0.439,0.715
2404,gcb8296.tif,1.355,4.259,0.939,1.532,425,623,122.735,1.270,1.218,0.821,0.928
2405,gcb8296.tif,0.152,1.539,0.808,0.719,248,629,39.806,0.390,2.028,0.493,0.818
2406,gcb8296.tif,0.720,3.676,0.670,1.509,616,625,127.569,0.716,2.365,0.423,0.837
2407,gcb8296.tif,1.863,7.109,0.463,2.940,262,629,159.864,1.097,3.149,0.318,0.772
2408,gcb8296.tif,0.254,1.723,1.000,0.701,518,627,156.801,0.460,1.405,0.712,0.923
2409,gcb8296.tif,2.261,6.871,0.602,2.387,323,643,27.553,1.656,1.514,0.660,0.813
2410,gcb8296.tif,1.330,4.389,0.867,1.631,1003,647,73.610,1.193,1.407,0.710,0.908
2411,gcb8296.tif,1.821,6.894,0.481,2.768,224,646,21.448,1.283,2.726,0.367,0.700
2412,gcb8296.tif,1.465,5.148,0.695,2.187,416,633,104.621,1.104,1.919,0.521,0.892
2413,gcb8296.tif,2.270,5.830,0.839,1.991,380,636,123.690,1.564,1.287,0.777,0.919
2414,gcb8296.tif,0.169,1.485,0.965,0.582,592,636,108.435,0.460,1.203,0.831,0.833
2415,gcb8296.tif,2.541,7.186,0.618,2.694,646,646,172.147,1.634,1.750,0.571,0.834
2416,gcb8296.tif,1.516,4.627,0.890,1.692,512,648,22.380,1.288,1.170,0.855,0.932
2417,gcb8296.tif,0.195,1.593,0.964,0.617,530,637,116.565,0.460,1.252,0.799,0.885
2418,gcb8296.tif,0.805,3.447,0.851,1.340,725,640,105.945,0.920,1.387,0.721,0.868
2419,gcb8296.tif,1.313,4.259,0.909,1.631,436,658,73.610,1.104,1.450,0.690,0.923
2420,gcb8296.tif,0.051,0.835,0.916,0.332,579,643,146.310,0.276,1.124,0.890,0.800
2421,gcb8296.tif,3.184,7.401,0.730,2.835,354,643,125.754,1.712,1.769,0.565,0.894
2422,gcb8296.tif,3.421,7.890,0.691,2.998,452,643,107.879,1.933,1.546,0.647,0.860
2423,gcb8296.tif,0.618,3.110,0.803,1.252,759,652,36.027,0.782,1.802,0.555,0.874
2424,gcb8296.tif,0.279,2.818,0.442,1.029,708,654,63.435,0.521,2.275,0.440,0.680
2425,gcb8296.tif,1.863,6.328,0.585,2.400,561,645,122.471,1.390,1.785,0.560,0.816
2426,gcb8296.tif,2.693,6.221,0.875,2.156,600,662,39.806,1.811,1.158,0.864,0.930
2427,gcb8296.tif,0.567,3.133,0.727,1.252,321,657,17.103,0.736,1.839,0.544,0.817
2428,gcb8296.tif,1.287,4.313,0.869,1.543,531,666,72.646,1.153,1.345,0.744,0.918
2429,gcb8296.tif,0.432,2.514,0.859,0.995,694,659,56.310,0.644,1.327,0.754,0.903
2430,gcb8296.tif,1.448,6.167,0.479,2.187,500,674,67.751,1.104,2.406,0.416,0.740
2431,gcb8296.tif,0.932,3.501,0.955,1.252,639,656,126.027,1.012,1.144,0.874,0.917
2432,gcb8296.tif,0.119,1.301,0.880,0.496,918,659,21.801,0.390,1.268,0.788,0.778
2433,gcb8296.tif,0.330,2.114,0.929,0.823,674,667,63.435,0.644,1.353,0.739,0.886
2434,gcb8296.tif,0.483,2.590,0.904,0.995,310,661,123.690,0.644,1.426,0.701,0.919
2435,gcb8296.tif,0.923,3.447,0.976,1.235,407,661,116.565,1.070,1.119,0.894,0.920
2436,gcb8296.tif,0.661,3.945,0.533,1.543,285,678,72.646,0.662,2.704,0.370,0.761
2437,gcb8296.tif,0.796,3.348,0.892,1.327,625,663,123.690,0.905,1.480,0.676,0.935
2438,gcb8296.tif,0.263,1.984,0.838,0.719,345,664,129.806,0.552,1.239,0.807,0.849
2439,gcb8296.tif,1.042,4.205,0.740,1.659,475,664,109.440,1.097,1.412,0.708,0.875
2440,gcb8296.tif,1.677,5.018,0.837,1.808,689,683,75.256,1.196,1.494,0.669,0.925
2441,gcb8296.tif,0.110,1.095,1.000,0.460,730,669,36.870,0.368,1.159,0.863,0.897
2442,gcb8296.tif,2.795,10.839,0.299,2.881,572,692,26.565,1.928,1.533,0.652,0.662
2443,gcb8296.tif,2.032,5.440,0.863,2.037,553,669,108.435,1.380,1.528,0.654,0.930
2444,gcb8296.tif,0.076,1.041,0.884,0.412,902,669,116.565,0.325,1.390,0.720,0.750
2445,gcb8296.tif,2.286,7.186,0.556,2.567,301,670,104.534,1.466,1.853,0.540,0.824
2446,gcb8296.tif,0.135,1.485,0.772,0.582,386,676,71.565,0.412,1.415,0.707,0.762
2447,gcb8296.tif,1.550,4.681,0.889,1.746,535,689,71.565,1.196,1.451,0.689,0.929
2448,gcb8296.tif,1.617,5.170,0.760,1.863,713,691,69.775,1.317,1.426,0.701,0.880
2449,gcb8296.tif,1.431,4.488,0.893,1.518,664,677,104.036,1.338,1.086,0.921,0.889
2450,gcb8296.tif,1.592,5.278,0.718,1.822,499,693,45.000,1.456,1.237,0.808,0.876
2451,gcb8296.tif,1.575,8.258,0.290,3.375,195,687,11.004,0.859,5.574,0.179,0.676
2452,gcb8296.tif,6.453,17.621,0.261,5.081,398,714,35.417,2.723,1.913,0.523,0.621
2453,gcb8296.tif,0.305,2.038,0.923,0.786,283,681,110.556,0.552,1.383,0.723,0.878
2454,gcb8296.tif,3.303,7.100,0.823,2.567,619,708,75.466,1.887,1.378,0.726,0.908
2455,gcb8296.tif,0.322,2.060,0.953,0.759,642,682,104.036,0.644,1.140,0.877,0.864
2456,gcb8296.tif,1.186,4.075,0.897,1.380,476,696,53.130,1.196,1.060,0.944,0.918
2457,gcb8296.tif,0.169,1.593,0.838,0.670,604,691,74.055,0.368,1.746,0.573,0.833
2458,gcb8296.tif,0.135,1.647,0.628,0.759,455,685,165.964,0.276,2.808,0.356,0.821
2459,gcb8296.tif,1.330,4.421,0.855,1.607,355,706,66.371,1.196,1.346,0.743,0.913
2460,gcb8296.tif,2.032,6.719,0.566,2.503,369,717,72.897,1.252,2.490,0.402,0.791
2461,gcb8296.tif,0.745,3.847,0.633,1.573,906,693,110.556,0.736,2.221,0.450,0.871
2462,gcb8296.tif,2.447,7.033,0.622,2.817,101,713,38.367,1.426,2.281,0.438,0.867
2463,gcb8296.tif,0.220,1.907,0.760,0.742,196,694,119.745,0.460,1.623,0.616,0.839
2464,gcb8296.tif,2.016,6.059,0.690,2.352,314,710,30.579,1.432,1.668,0.600,0.872
2465,gcb8296.tif,1.109,3.945,0.896,1.429,537,697,165.069,1.104,1.293,0.773,0.907
2466,gcb8296.tif,0.305,1.961,0.996,0.742,267,698,119.745,0.552,1.186,0.843,0.935
2467,gcb8296.tif,0.788,3.685,0.729,1.437,744,709,39.806,0.982,1.423,0.703,0.865
2468,gcb8296.tif,0.423,2.428,0.903,0.920,470,699,126.870,0.700,1.355,0.738,0.885
2469,gcb8296.tif,1.804,5.072,0.881,1.719,504,717,74.476,1.447,1.185,0.844,0.912
2470,gcb8296.tif,2.075,5.462,0.874,1.897,577,701,140.906,1.564,1.127,0.887,0.930
2471,gcb8296.tif,0.559,3.339,0.630,1.301,166,711,45.000,0.689,2.036,0.491,0.810
2472,gcb8296.tif,0.195,1.593,0.964,0.617,681,704,153.435,0.460,1.102,0.908,0.885
2473,gcb8296.tif,0.195,1.593,0.964,0.589,132,706,141.340,0.460,1.136,0.880,0.868
2474,gcb8296.tif,0.186,1.517,1.000,0.589,727,707,128.660,0.460,1.083,0.923,0.936
2475,gcb8296.tif,0.652,2.980,0.923,1.112,553,713,155.556,0.828,1.272,0.786,0.911
2476,gcb8296.tif,0.347,2.168,0.928,0.906,288,716,23.962,0.552,1.487,0.673,0.901
2477,gcb8296.tif,0.068,0.965,0.914,0.412,457,715,63.435,0.276,1.416,0.706,0.800
2478,gcb8296.tif,0.474,2.460,0.985,0.920,419,720,53.130,0.736,1.071,0.933,0.941
2479,gcb8296.tif,0.364,2.114,1.000,0.786,614,714,159.444,0.644,1.085,0.921,0.905
2480,gcb8296.tif,0.152,1.854,0.558,0.589,669,720,141.340,0.460,1.083,0.923,0.735
2481,gcb8299.tif,1.617,5.951,0.574,2.226,290,20,29.745,1.326,1.773,0.564,0.773
2482,gcb8299.tif,1.685,6.275,0.538,2.273,202,7,148.241,1.472,1.417,0.706,0.785
2483,gcb8299.tif,1.050,4.412,0.678,1.589,738,6,100.008,0.920,1.824,0.548,0.864
2484,gcb8299.tif,1.846,5.072,0.902,1.863,384,7,110.225,1.380,1.326,0.754,0.930
2485,gcb8299.tif,0.694,3.142,0.884,1.200,465,9,122.471,0.828,1.380,0.724,0.921
2486,gcb8299.tif,0.838,4.151,0.611,1.509,410,12,142.431,0.988,1.395,0.717,0.811
2487,gcb8299.tif,0.237,1.723,1.000,0.664,625,17,33.690,0.552,1.199,0.834,0.889
2488,gcb8299.tif,0.982,4.228,0.691,1.393,570,29,82.405,1.184,1.071,0.934,0.811
2489,gcb8299.tif,2.193,8.083,0.422,3.114,426,35,34.160,1.378,2.730,0.366,0.652
2490,gcb8299.tif,0.127,1.225,1.000,0.496,488,15,158.199,0.368,1.186,0.843,0.882
2491,gcb8299.tif,0.517,2.742,0.863,1.153,596,16,118.610,0.700,1.743,0.574,0.904
2492,gcb8299.tif,0.051,0.705,1.000,0.332,796,19,146.310,0.184,1.500,0.667,1.000
2493,gcb8299.tif,0.457,2.482,0.933,0.911,706,28,45.000,0.736,1.120,0.893,0.885
2494,gcb8299.tif,0.203,1.647,0.941,0.664,659,24,146.310,0.460,1.131,0.884,0.906
2495,gcb8299.tif,0.144,1.930,0.486,0.759,665,25,165.964,0.427,1.991,0.502,0.607
2496,gcb8299.tif,0.525,2.742,0.877,1.077,267,25,109.983,0.700,1.587,0.630,0.886
2497,gcb8299.tif,5.090,9.246,0.748,3.405,613,41,18.925,2.277,1.509,0.663,0.905
2498,gcb8299.tif,2.972,12.159,0.253,4.258,535,26,96.203,1.437,3.913,0.256,0.622
2499,gcb8299.tif,2.498,5.992,0.874,2.212,559,26,106.928,1.472,1.486,0.673,0.938
2500,gcb8299.tif,2.244,7.347,0.522,2.906,310,27,100.954,1.204,2.725,0.367,0.809
2501,gcb8299.tif,0.347,2.060,1.000,0.786,688,27,110.556,0.644,1.148,0.871,0.882
2502,gcb8299.tif,1.008,3.739,0.906,1.380,519,29,126.870,1.012,1.241,0.806,0.930
2503,gcb8299.tif,0.330,2.038,1.000,0.786,325,29,110.556,0.552,1.269,0.788,0.918
2504,gcb8299.tif,0.711,3.447,0.752,1.252,485,41,53.973,0.812,1.560,0.641,0.857
2505,gcb8299.tif,0.271,1.984,0.865,0.823,698,39,63.435,0.536,1.542,0.649,0.842
2506,gcb8299.tif,2.066,5.310,0.921,1.897,578,52,67.166,1.472,1.184,0.845,0.944
2507,gcb8299.tif,2.016,6.297,0.639,2.416,377,61,72.255,1.251,2.080,0.481,0.831
2508,gcb8299.tif,0.076,1.095,0.799,0.460,660,40,53.130,0.276,1.695,0.590,0.818
2509,gcb8299.tif,1.355,4.573,0.814,1.777,112,56,68.749,1.106,1.698,0.589,0.899
2510,gcb8299.tif,0.703,3.900,0.581,1.787,459,43,11.889,0.552,3.567,0.280,0.888
2511,gcb8299.tif,0.059,1.095,0.621,0.412,807,39,153.435,0.276,1.425,0.702,0.700
2512,gcb8299.tif,0.788,3.240,0.943,1.196,427,52,67.380,0.920,1.186,0.843,0.916
2513,gcb8299.tif,3.049,8.030,0.594,3.150,336,75,83.290,1.479,2.022,0.494,0.865
2514,gcb8299.tif,2.541,6.750,0.701,2.578,392,64,55.176,1.636,1.484,0.674,0.860
2515,gcb8299.tif,0.864,3.609,0.834,1.393,603,45,97.595,0.828,1.619,0.618,0.895
2516,gcb8299.tif,0.279,1.930,0.943,0.719,296,53,50.194,0.640,1.068,0.936,0.835
2517,gcb8299.tif,1.575,5.040,0.779,1.991,475,67,56.310,1.111,1.932,0.518,0.892
2518,gcb8299.tif,1.558,4.865,0.827,1.768,683,50,128.660,1.380,1.230,0.813,0.915
2519,gcb8299.tif,0.347,2.298,0.826,0.991,724,59,68.199,0.552,1.876,0.533,0.863
2520,gcb8299.tif,0.635,3.164,0.797,1.282,495,65,68.962,0.736,1.682,0.595,0.882
2521,gcb8299.tif,0.525,2.742,0.877,1.049,765,54,105.255,0.736,1.498,0.667,0.873
2522,gcb8299.tif,0.694,3.056,0.934,1.164,508,55,108.435,0.828,1.380,0.725,0.901
2523,gcb8299.tif,0.195,1.571,0.992,0.664,522,61,56.310,0.368,1.503,0.665,0.979
2524,gcb8299.tif,0.677,3.003,0.944,1.049,578,64,37.875,0.920,1.104,0.906,0.889
2525,gcb8299.tif,2.989,8.810,0.484,2.688,637,57,128.047,1.807,1.522,0.657,0.804
2526,gcb8299.tif,4.861,11.813,0.438,3.630,671,63,120.466,2.501,1.460,0.685,0.779
2527,gcb8299.tif,0.068,0.835,1.000,0.390,780,69,45.000,0.276,1.229,0.814,0.941
2528,gcb8299.tif,0.999,4.053,0.764,1.518,420,72,165.964,1.012,1.360,0.735,0.894
2529,gcb8299.tif,2.430,5.960,0.860,1.952,515,71,135.000,1.748,1.036,0.965,0.929
2530,gcb8299.tif,0.119,1.930,0.400,0.786,384,77,69.444,0.341,3.027,0.330,0.583
2531,gcb8299.tif,0.237,1.701,1.000,0.664,315,70,123.690,0.460,1.186,0.843,0.966
2532,gcb8299.tif,0.195,1.539,1.000,0.617,446,75,26.565,0.460,1.166,0.858,0.885
2533,gcb8299.tif,0.288,2.352,0.654,0.848,742,70,130.601,0.625,1.182,0.846,0.810
2534,gcb8299.tif,3.142,10.610,0.351,3.299,144,74,157.011,1.926,1.807,0.553,0.718
2535,gcb8299.tif,0.322,2.060,0.953,0.873,367,75,18.435,0.552,1.355,0.738,0.874
2536,gcb8299.tif,4.632,10.664,0.512,4.063,283,72,103.092,2.042,2.354,0.425,0.737
2537,gcb8299.tif,1.279,4.161,0.928,1.532,618,72,122.735,1.196,1.208,0.828,0.944
2538,gcb8299.tif,3.235,6.566,0.943,2.301,461,101,73.740,1.748,1.242,0.805,0.960
2539,gcb8299.tif,1.050,4.282,0.720,1.815,327,79,120.466,0.939,2.101,0.476,0.864
2540,gcb8299.tif,1.135,3.923,0.927,1.455,582,92,55.305,1.104,1.303,0.767,0.934
2541,gcb8299.tif,1.025,3.739,0.921,1.282,439,95,68.962,1.104,1.118,0.895,0.920
2542,gcb8299.tif,2.651,8.411,0.471,2.768,381,83,105.422,1.696,1.581,0.632,0.737
2543,gcb8299.tif,1.126,3.945,0.909,1.455,357,88,145.305,1.171,1.228,0.814,0.920
2544,gcb8299.tif,1.253,4.605,0.743,1.777,734,86,111.251,0.968,1.887,0.530,0.900
2545,gcb8299.tif,1.169,4.856,0.623,1.915,415,89,125.218,1.043,2.073,0.482,0.786
2546,gcb8299.tif,0.703,3.056,0.946,1.077,320,101,70.017,0.920,1.107,0.903,0.912
2547,gcb8299.tif,0.381,2.612,0.702,0.961,653,94,16.699,0.644,1.347,0.742,0.833
2548,gcb8299.tif,0.271,1.854,0.991,0.670,604,91,105.945,0.552,1.067,0.937,0.889
2549,gcb8299.tif,3.218,11.988,0.281,3.469,497,94,111.801,2.027,2.162,0.462,0.608
2550,gcb8299.tif,0.728,3.393,0.795,1.437,244,94,140.194,0.762,1.940,0.515,0.869
2551,gcb8299.tif,0.406,2.298,0.967,0.873,483,94,108.435,0.644,1.280,0.781,0.897
2552,gcb8299.tif,0.059,1.225,0.496,0.589,636,94,128.660,0.195,3.792,0.264,0.667
2553,gcb8299.tif,0.288,1.984,0.919,0.742,714,96,150.255,0.625,1.169,0.856,0.850
2554,gcb8299.tif,0.720,3.218,0.873,1.196,404,95,112.620,0.828,1.440,0.694,0.914
2555,gcb8299.tif,0.610,2.850,0.943,1.029,618,96,116.565,0.828,1.174,0.852,0.923
2556,gcb8299.tif,0.229,1.701,0.993,0.664,279,98,123.690,0.460,1.221,0.819,0.947
2557,gcb8299.tif,1.135,4.129,0.836,1.498,335,100,100.620,1.104,1.351,0.740,0.890
2558,gcb8299.tif,0.246,1.723,1.000,0.664,588,106,56.310,0.552,1.076,0.929,0.906
2559,gcb8299.tif,1.296,5.224,0.597,2.043,702,122,82.235,1.104,1.954,0.512,0.785
2560,gcb8299.tif,9.256,17.580,0.376,5.181,601,103,109.722,3.141,2.020,0.495,0.745
2561,gcb8299.tif,0.093,1.041,1.000,0.412,560,106,153.435,0.368,1.139,0.878,0.815
2562,gcb8299.tif,0.339,2.688,0.589,1.112,540,107,155.556,0.553,2.166,0.462,0.762
2563,gcb8299.tif,0.423,2.329,0.981,0.868,457,107,122.005,0.644,1.110,0.901,0.943
2564,gcb8299.tif,2.278,6.427,0.693,2.476,356,127,41.987,1.538,1.543,0.648,0.866
2565,gcb8299.tif,1.059,4.573,0.636,1.897,311,128,67.166,0.888,2.365,0.423,0.862
2566,gcb8299.tif,1.516,4.681,0.869,1.610,634,112,120.964,1.196,1.268,0.788,0.920
2567,gcb8299.tif,0.381,2.168,1.000,0.823,264,120,63.435,0.644,1.166,0.858,0.918
2568,gcb8299.tif,4.565,11.845,0.409,3.335,417,139,39.401,2.147,1.781,0.562,0.776
2569,gcb8299.tif,1.253,6.656,0.356,2.617,469,112,100.125,0.910,3.721,0.269,0.688
2570,gcb8299.tif,0.771,3.348,0.864,1.200,478,112,122.471,0.902,1.315,0.761,0.910
2571,gcb8299.tif,1.287,8.442,0.227,3.114,657,133,34.160,1.163,3.559,0.281,0.436
2572,gcb8299.tif,0.601,2.796,0.966,1.077,652,113,109.983,0.736,1.401,0.714,0.928
2573,gcb8299.tif,0.432,2.406,0.938,0.947,108,114,119.055,0.644,1.482,0.675,0.919
2574,gcb8299.tif,0.169,1.441,1.000,0.589,277,117,128.660,0.368,1.250,0.800,1.000
2575,gcb8299.tif,4.827,8.626,0.815,3.063,550,145,57.265,2.314,1.319,0.758,0.927
2576,gcb8299.tif,0.152,1.723,0.645,0.701,747,125,66.801,0.460,1.665,0.601,0.692
2577,gcb8299.tif,0.406,2.406,0.883,0.978,775,128,48.814,0.700,1.358,0.737,0.897
2578,gcb8299.tif,0.279,1.961,0.913,0.823,724,136,63.435,0.460,1.526,0.655,0.917
2579,gcb8299.tif,0.491,2.558,0.943,0.961,537,139,73.301,0.736,1.197,0.835,0.892
2580,gcb8299.tif,0.330,2.244,0.824,0.823,683,129,116.565,0.611,1.381,0.724,0.857
2581,gcb8299.tif,0.076,1.225,0.638,0.537,312,133,30.964,0.325,1.964,0.509,0.667
2582,gcb8299.tif,2.185,6.665,0.618,2.598,250,134,157.068,1.320,2.178,0.459,0.801
2583,gcb8299.tif,0.534,2.796,0.858,1.029,284,142,63.435,0.736,1.291,0.775,0.900
2584,gcb8299.tif,2.270,5.938,0.809,2.125,338,154,72.350,1.444,1.423,0.703,0.913
2585,gcb8299.tif,1.939,7.370,0.449,2.598,700,136,112.932,1.303,2.665,0.375,0.726
2586,gcb8299.tif,0.144,1.485,0.820,0.664,593,142,56.310,0.390,1.898,0.527,0.791
2587,gcb8299.tif,0.440,2.688,0.766,1.073,311,149,59.036,0.690,1.569,0.637,0.825
2588,gcb8299.tif,0.102,1.073,1.000,0.460,407,140,143.130,0.276,1.333,0.750,1.000
2589,gcb8299.tif,0.965,3.631,0.920,1.252,681,140,107.103,1.077,1.162,0.861,0.905
2590,gcb8299.tif,1.660,6.526,0.490,2.100,646,163,61.189,1.315,1.746,0.573,0.731
2591,gcb8299.tif,0.068,0.835,1.000,0.390,742,144,135.000,0.276,1.229,0.814,0.941
2592,gcb8299.tif,1.203,4.205,0.854,1.567,561,159,49.764,1.104,1.397,0.716,0.904
2593,gcb8299.tif,0.635,3.631,0.605,1.440,183,148,153.435,0.736,2.225,0.449,0.785
2594,gcb8299.tif,1.626,4.964,0.829,1.729,757,165,64.799,1.397,1.254,0.797,0.889
2595,gcb8299.tif,0.525,2.590,0.984,0.978,359,156,48.814,0.736,1.117,0.895,0.939
2596,gcb8299.tif,0.135,1.279,1.000,0.521,390,152,45.000,0.368,1.150,0.869,0.889
2597,gcb8299.tif,0.525,2.666,0.928,1.041,412,149,135.000,0.781,1.266,0.790,0.905
2598,gcb8299.tif,0.999,3.900,0.825,1.518,668,164,75.964,0.828,1.773,0.564,0.925
2599,gcb8299.tif,1.761,5.224,0.811,1.827,464,165,40.914,1.390,1.257,0.796,0.887
2600,gcb8299.tif,0.093,1.225,0.780,0.496,894,152,111.801,0.349,1.569,0.637,0.759
2601,gcb8299.tif,3.201,6.643,0.912,2.308,514,155,113.499,1.921,1.184,0.844,0.946
2602,gcb8299.tif,0.195,1.854,0.712,0.719,905,160,39.806,0.513,1.353,0.739,0.767
2603,gcb8299.tif,1.211,5.821,0.449,2.020,249,176,59.931,1.306,2.160,0.463,0.668
2604,gcb8299.tif,0.432,2.406,0.938,0.920,593,167,53.130,0.736,1.176,0.850,0.911
2605,gcb8299.tif,0.068,0.835,1.000,0.390,368,160,135.000,0.276,1.229,0.814,0.941
2606,gcb8299.tif,0.229,1.800,0.887,0.719,821,161,129.806,0.521,1.529,0.654,0.831
2607,gcb8299.tif,1.228,4.129,0.905,1.380,342,173,53.130,1.276,1.072,0.932,0.915
2608,gcb8299.tif,0.102,1.225,0.851,0.537,847,162,120.964,0.325,1.881,0.532,0.800
2609,gcb8299.tif,1.135,3.869,0.953,1.368,381,163,109.654,1.104,1.197,0.835,0.924
2610,gcb8299.tif,3.802,7.531,0.842,2.717,543,163,118.301,2.117,1.215,0.823,0.927
2611,gcb8299.tif,1.050,3.891,0.872,1.429,600,175,14.931,1.096,1.329,0.752,0.895
2612,gcb8299.tif,0.076,1.041,0.884,0.460,424,166,126.870,0.260,1.915,0.522,0.783
2613,gcb8299.tif,0.398,2.168,1.000,0.868,656,168,122.005,0.644,1.228,0.814,0.931
2614,gcb8299.tif,1.651,5.018,0.824,1.897,392,190,75.964,1.288,1.527,0.655,0.894
2615,gcb8299.tif,2.092,5.386,0.906,1.915,487,189,54.782,1.564,1.147,0.872,0.937
2616,gcb8299.tif,0.534,2.558,1.000,1.029,740,170,116.565,0.736,1.328,0.753,0.926
2617,gcb8299.tif,0.051,0.781,1.000,0.332,205,173,33.690,0.260,1.291,0.775,0.800
2618,gcb8299.tif,0.313,2.114,0.881,0.833,334,176,173.660,0.552,1.422,0.703,0.851
2619,gcb8299.tif,0.152,1.463,0.895,0.589,474,175,141.340,0.368,1.580,0.633,0.857
2620,gcb8299.tif,1.092,4.412,0.705,1.518,590,177,104.036,1.070,1.552,0.644,0.851
2621,gcb8299.tif,0.432,2.298,1.000,0.868,689,185,32.005,0.716,1.178,0.849,0.927
2622,gcb8299.tif,0.872,3.456,0.918,1.301,507,182,135.000,0.920,1.190,0.840,0.941
2623,gcb8299.tif,0.220,1.907,0.760,0.742,317,190,60.255,0.460,1.697,0.589,0.839
2624,gcb8299.tif,1.465,5.018,0.731,1.840,653,195,36.870,1.372,1.339,0.747,0.867
2625,gcb8299.tif,0.212,1.723,0.896,0.664,361,186,123.690,0.552,1.251,0.799,0.833
2626,gcb8299.tif,0.525,2.688,0.913,1.073,732,193,30.964,0.781,1.343,0.745,0.886
2627,gcb8299.tif,0.601,2.895,0.902,1.153,533,187,118.610,0.766,1.599,0.625,0.877
2628,gcb8299.tif,1.008,4.919,0.523,2.043,792,209,82.235,0.828,2.567,0.389,0.807
2629,gcb8299.tif,1.474,4.888,0.775,1.638,624,190,141.843,1.380,1.155,0.866,0.895
2630,gcb8299.tif,0.534,3.209,0.651,1.282,767,189,158.962,0.711,2.082,0.480,0.792
2631,gcb8299.tif,3.760,9.852,0.487,3.794,447,190,112.834,1.754,2.522,0.397,0.811
2632,gcb8299.tif,0.119,1.301,0.880,0.496,428,190,111.801,0.390,1.143,0.875,0.778
2633,gcb8299.tif,0.203,1.593,1.000,0.617,546,197,63.435,0.460,1.174,0.852,0.889
2634,gcb8299.tif,0.178,1.539,0.943,0.589,300,193,128.660,0.460,1.309,0.764,0.840
2635,gcb8299.tif,0.491,2.612,0.905,1.073,318,201,30.964,0.736,1.355,0.738,0.885
2636,gcb8299.tif,0.525,2.688,0.913,0.991,577,194,111.801,0.815,1.285,0.778,0.873
2637,gcb8299.tif,1.516,6.665,0.429,1.895,377,213,60.945,1.584,1.299,0.770,0.747
2638,gcb8299.tif,0.618,3.447,0.654,1.282,490,201,21.038,0.786,2.017,0.496,0.764
2639,gcb8299.tif,3.887,7.347,0.905,2.545,510,224,77.471,2.025,1.238,0.808,0.945
2640,gcb8299.tif,1.118,3.891,0.928,1.484,477,198,119.745,1.070,1.415,0.707,0.920
2641,gcb8299.tif,2.566,6.427,0.781,2.456,401,199,102.995,1.559,1.624,0.616,0.906
2642,gcb8299.tif,0.567,2.742,0.948,1.077,641,208,19.983,0.736,1.382,0.724,0.905
2643,gcb8299.tif,0.144,2.114,0.405,0.833,367,203,96.340,0.276,2.808,0.356,0.708
2644,gcb8299.tif,2.041,6.189,0.670,1.991,528,205,146.310,1.656,1.150,0.870,0.817
2645,gcb8299.tif,0.788,4.107,0.587,1.607,770,203,103.241,0.826,2.058,0.486,0.830
2646,gcb8299.tif,1.795,5.700,0.694,1.982,606,204,111.801,1.364,1.628,0.614,0.865
2647,gcb8299.tif,0.279,2.060,0.828,0.759,671,212,75.964,0.552,1.275,0.784,0.825
2648,gcb8299.tif,0.178,1.463,1.000,0.589,718,208,38.660,0.460,1.182,0.846,0.913
2649,gcb8299.tif,0.212,1.854,0.774,0.742,740,204,97.125,0.460,1.633,0.613,0.820
2650,gcb8299.tif,1.270,4.259,0.880,1.689,418,215,29.358,1.171,1.520,0.658,0.901
2651,gcb8299.tif,1.880,7.109,0.467,2.527,670,227,33.111,1.193,2.621,0.381,0.724
2652,gcb8299.tif,0.381,2.320,0.890,0.906,589,218,23.962,0.644,1.265,0.790,0.857
2653,gcb8299.tif,0.305,1.984,0.974,0.742,810,216,150.255,0.625,1.216,0.822,0.867
2654,gcb8299.tif,2.371,5.830,0.877,2.125,635,217,107.650,1.564,1.353,0.739,0.926
2655,gcb8299.tif,0.584,2.774,0.954,0.995,346,219,123.690,0.828,1.067,0.937,0.932
2656,gcb8299.tif,0.212,2.320,0.494,0.947,587,219,119.055,0.478,2.398,0.417,0.633
2657,gcb8299.tif,0.059,0.965,0.800,0.390,707,220,135.000,0.276,1.267,0.790,0.778
2658,gcb8299.tif,2.905,7.141,0.716,2.683,416,246,59.036,1.700,1.678,0.596,0.856
2659,gcb8299.tif,0.051,0.781,1.000,0.390,771,224,45.000,0.247,1.809,0.553,0.800
2660,gcb8299.tif,0.906,3.662,0.849,1.368,441,223,109.654,0.915,1.570,0.637,0.911
2661,gcb8299.tif,0.237,1.777,0.943,0.719,571,228,39.806,0.460,1.456,0.687,0.903
2662,gcb8299.tif,0.305,2.244,0.761,0.792,727,226,144.462,0.638,1.300,0.769,0.809
2663,gcb8299.tif,0.203,1.593,1.000,0.651,360,225,135.000,0.460,1.236,0.809,0.906
2664,gcb8299.tif,0.068,0.911,1.000,0.460,175,227,143.130,0.260,1.939,0.516,0.842
2665,gcb8299.tif,0.288,2.244,0.719,0.868,802,232,32.005,0.582,1.426,0.701,0.791
2666,gcb8299.tif,1.719,4.942,0.885,1.813,333,247,66.038,1.380,1.342,0.745,0.919
2667,gcb8299.tif,0.085,0.965,1.000,0.460,497,229,126.870,0.276,1.551,0.645,0.909
2668,gcb8299.tif,0.330,2.015,1.000,0.792,540,235,35.538,0.552,1.174,0.852,0.963
2669,gcb8299.tif,5.386,14.955,0.303,3.667,473,268,72.474,2.922,1.423,0.703,0.663
2670,gcb8299.tif,0.169,1.409,1.000,0.589,514,236,38.660,0.460,1.165,0.858,0.889
2671,gcb8299.tif,0.110,1.225,0.922,0.496,713,232,158.199,0.368,1.420,0.704,0.812
2672,gcb8299.tif,2.727,9.928,0.348,3.336,266,238,155.556,1.742,2.421,0.413,0.609
2673,gcb8299.tif,1.440,5.830,0.532,2.076,616,232,102.804,1.050,2.503,0.399,0.771
2674,gcb8299.tif,0.076,0.965,1.000,0.460,321,233,126.870,0.276,1.542,0.648,0.857
2675,gcb8299.tif,0.254,2.060,0.752,0.823,177,235,116.565,0.552,1.573,0.636,0.789
2676,gcb8299.tif,3.226,10.121,0.396,2.719,591,235,113.962,1.979,1.108,0.903,0.760
2677,gcb8299.tif,0.119,1.301,0.880,0.496,666,235,111.801,0.368,1.204,0.830,0.800
2678,gcb8299.tif,1.821,6.373,0.563,2.134,379,237,97.431,1.380,1.727,0.579,0.769
2679,gcb8299.tif,0.093,1.019,1.000,0.460,579,241,53.130,0.276,1.372,0.729,0.957
2680,gcb8299.tif,1.914,5.103,0.923,1.815,524,255,59.534,1.380,1.247,0.802,0.948
2681,gcb8299.tif,1.888,5.049,0.931,1.863,546,259,69.775,1.288,1.374,0.728,0.953
2682,gcb8299.tif,0.373,2.168,0.996,0.873,359,250,71.565,0.552,1.440,0.694,0.917
2683,gcb8299.tif,0.229,1.670,1.000,0.701,745,242,156.801,0.460,1.527,0.655,0.885
2684,gcb8299.tif,0.373,2.222,0.949,0.873,350,251,71.565,0.552,1.407,0.711,0.917
2685,gcb8299.tif,2.405,8.065,0.465,2.683,668,251,157.834,1.769,1.646,0.608,0.736
2686,gcb8299.tif,0.059,0.781,1.000,0.390,255,250,45.000,0.260,1.596,0.626,0.875
2687,gcb8299.tif,0.601,2.850,0.930,1.049,397,247,105.255,0.736,1.297,0.771,0.916
2688,gcb8299.tif,0.161,1.409,1.000,0.537,659,248,120.964,0.460,1.121,0.892,0.864
2689,gcb8299.tif,0.805,3.716,0.732,1.498,182,265,79.380,0.736,1.949,0.513,0.892
2690,gcb8299.tif,1.651,8.941,0.260,3.179,216,265,22.109,1.287,3.312,0.302,0.490
2691,gcb8299.tif,4.454,10.318,0.526,3.664,283,292,78.408,1.761,2.404,0.416,0.806
2692,gcb8299.tif,0.491,2.612,0.905,1.029,492,263,63.435,0.736,1.406,0.711,0.892
2693,gcb8299.tif,0.728,3.110,0.946,1.164,560,265,71.565,0.828,1.343,0.744,0.915
2694,gcb8299.tif,1.389,5.754,0.527,2.393,573,253,112.620,0.955,3.093,0.323,0.792
2695,gcb8299.tif,0.745,3.218,0.904,1.200,321,267,57.529,0.828,1.303,0.767,0.921
2696,gcb8299.tif,3.159,8.150,0.598,2.552,435,265,154.359,2.103,1.258,0.795,0.810
2697,gcb8299.tif,0.872,4.336,0.583,1.509,717,269,37.569,1.021,1.737,0.576,0.738
2698,gcb8299.tif,1.101,3.860,0.929,1.340,515,273,74.055,1.171,1.069,0.935,0.897
2699,gcb8299.tif,0.449,2.612,0.827,0.995,301,260,123.690,0.644,1.620,0.617,0.883
2700,gcb8299.tif,1.821,5.018,0.909,1.712,405,276,53.746,1.531,1.130,0.885,0.921
2701,gcb8299.tif,5.818,13.806,0.384,4.527,626,263,153.435,2.507,1.992,0.502,0.695
2702,gcb8299.tif,3.760,10.058,0.467,3.162,332,295,81.634,2.558,1.059,0.944,0.706
2703,gcb8299.tif,0.119,1.485,0.675,0.589,804,266,38.660,0.325,1.842,0.543,0.778
2704,gcb8299.tif,0.135,1.409,0.857,0.617,887,262,116.565,0.368,1.477,0.677,0.821
2705,gcb8299.tif,0.991,3.662,0.928,1.359,375,265,118.301,1.012,1.261,0.793,0.932
2706,gcb8299.tif,0.093,1.019,1.000,0.460,595,266,143.130,0.276,1.372,0.729,0.957
2707,gcb8299.tif,5.471,11.238,0.544,3.552,521,296,36.573,2.467,1.751,0.571,0.831
2708,gcb8299.tif,0.838,3.891,0.696,1.318,686,268,114.775,1.012,1.244,0.804,0.850
2709,gcb8299.tif,0.195,1.571,0.992,0.651,936,274,45.000,0.460,1.163,0.860,0.958
2710,gcb8299.tif,0.322,2.092,0.924,0.868,389,280,57.995,0.552,1.551,0.645,0.905
2711,gcb8299.tif,0.068,0.835,1.000,0.390,864,272,135.000,0.276,1.229,0.814,0.941
2712,gcb8299.tif,1.363,4.183,0.979,1.455,475,274,124.695,1.288,1.049,0.953,0.942
2713,gcb8299.tif,0.127,1.225,1.000,0.537,566,278,59.036,0.368,1.435,0.697,0.882
2714,gcb8299.tif,0.178,1.907,0.614,0.719,419,280,50.194,0.541,1.220,0.820,0.724
2715,gcb8299.tif,0.771,3.501,0.790,1.308,720,287,39.289,0.902,1.627,0.615,0.858
2716,gcb8299.tif,0.076,1.019,0.923,0.460,430,281,53.130,0.276,1.539,0.650,0.900
2717,gcb8299.tif,0.728,3.371,0.806,1.318,498,277,102.095,0.781,1.776,0.563,0.878
2718,gcb8299.tif,0.584,3.577,0.574,1.509,395,294,52.431,0.716,2.301,0.435,0.726
2719,gcb8299.tif,1.194,5.951,0.424,2.212,609,286,163.072,1.052,2.430,0.411,0.670
2720,gcb8299.tif,0.127,1.279,0.976,0.496,412,283,111.801,0.368,1.186,0.843,0.882
2721,gcb8299.tif,1.592,6.144,0.530,2.241,677,284,109.179,1.273,1.848,0.541,0.797
2722,gcb8299.tif,1.042,3.815,0.899,1.359,452,295,28.301,1.104,1.125,0.889,0.921
2723,gcb8299.tif,0.178,1.485,1.000,0.582,686,289,18.435,0.460,1.096,0.913,0.857
2724,gcb8299.tif,1.617,6.405,0.496,2.277,379,310,75.964,1.126,2.235,0.447,0.789
2725,gcb8299.tif,0.542,2.796,0.871,1.077,583,288,160.017,0.736,1.516,0.660,0.889
2726,gcb8299.tif,0.339,2.060,1.000,0.786,469,290,110.556,0.644,1.097,0.912,0.879
2727,gcb8299.tif,0.119,1.225,0.993,0.496,875,295,68.199,0.368,1.264,0.791,0.848
2728,gcb8299.tif,1.245,5.484,0.520,2.043,401,306,35.838,1.216,1.839,0.544,0.737
2729,gcb8299.tif,2.244,8.388,0.401,2.683,647,317,59.036,1.481,2.268,0.441,0.729
2730,gcb8299.tif,0.076,1.019,0.923,0.412,717,294,153.435,0.276,1.343,0.745,0.857
2731,gcb8299.tif,1.363,5.323,0.605,2.247,743,294,145.008,0.928,2.907,0.344,0.834
2732,gcb8299.tif,2.820,11.921,0.249,3.722,440,294,98.531,1.944,2.700,0.370,0.562
2733,gcb8299.tif,0.144,1.670,0.649,0.670,255,297,164.055,0.368,1.850,0.541,0.756
2734,gcb8299.tif,0.051,0.911,0.769,0.379,598,296,165.964,0.276,1.528,0.655,0.667
2735,gcb8299.tif,0.618,2.958,0.888,1.108,314,301,138.366,0.828,1.086,0.921,0.948
2736,gcb8299.tif,5.953,9.959,0.754,3.350,497,336,74.055,2.632,1.252,0.798,0.895
2737,gcb8299.tif,0.661,3.263,0.780,1.178,693,302,128.660,0.915,1.361,0.735,0.852
2738,gcb8299.tif,1.694,5.256,0.771,2.068,345,303,110.854,1.193,1.836,0.545,0.909
2739,gcb8299.tif,0.432,3.523,0.437,1.200,579,306,122.471,0.736,1.760,0.568,0.650
2740,gcb8299.tif,0.051,0.781,1.000,0.390,183,309,45.000,0.247,1.809,0.553,0.800
2741,gcb8299.tif,1.050,3.869,0.882,1.440,294,320,63.435,1.104,1.310,0.764,0.908
2742,gcb8299.tif,0.169,1.670,0.764,0.670,929,314,74.055,0.446,1.700,0.588,0.769
2743,gcb8299.tif,0.771,3.653,0.726,1.440,427,322,63.435,0.860,2.026,0.494,0.805
2744,gcb8299.tif,0.550,2.774,0.899,1.112,718,308,114.444,0.644,1.585,0.631,0.935
2745,gcb8299.tif,0.398,2.558,0.764,0.991,880,308,111.801,0.644,1.452,0.689,0.839
2746,gcb8299.tif,0.195,1.670,0.878,0.719,570,315,39.806,0.455,1.836,0.545,0.821
2747,gcb8299.tif,0.161,1.539,0.853,0.701,476,315,23.199,0.368,1.688,0.593,0.844
2748,gcb8299.tif,0.220,1.647,1.000,0.664,330,319,56.310,0.460,1.215,0.823,0.929
2749,gcb8299.tif,2.083,5.808,0.776,2.027,396,317,140.528,1.490,1.229,0.813,0.890
2750,gcb8299.tif,2.024,5.126,0.968,1.746,617,317,108.435,1.472,1.103,0.907,0.952
2751,gcb8299.tif,2.769,8.941,0.435,3.295,549,321,125.910,1.926,1.849,0.541,0.703
2752,gcb8299.tif,1.753,5.018,0.875,1.861,671,341,81.469,1.288,1.391,0.719,0.924
2753,gcb8299.tif,4.810,16.450,0.223,6.484,320,323,96.520,2.025,4.449,0.225,0.493
2754,gcb8299.tif,0.703,3.240,0.841,1.228,385,336,77.005,0.736,1.526,0.655,0.912
2755,gcb8299.tif,1.160,4.098,0.868,1.484,645,330,7.125,1.180,1.198,0.835,0.887
2756,gcb8299.tif,4.065,10.404,0.472,3.794,578,325,112.834,1.819,2.238,0.447,0.775
2757,gcb8299.tif,0.534,3.653,0.502,1.610,176,327,149.036,0.536,3.613,0.277,0.737
2758,gcb8299.tif,0.076,0.889,1.000,0.390,145,330,135.000,0.276,1.000,1.000,1.000
2759,gcb8299.tif,1.507,4.942,0.776,1.834,418,331,107.526,1.219,1.706,0.586,0.870
2760,gcb8299.tif,0.296,2.190,0.777,0.873,522,334,161.565,0.586,1.367,0.731,0.795
2761,gcb8299.tif,0.559,2.796,0.898,1.077,432,345,70.017,0.736,1.385,0.722,0.892
2762,gcb8299.tif,0.085,1.019,1.000,0.412,358,336,116.565,0.276,1.236,0.809,0.909
2763,gcb8299.tif,0.881,3.425,0.944,1.200,452,340,147.529,1.012,1.069,0.935,0.920
2764,gcb8299.tif,0.237,1.984,0.757,0.719,724,338,129.806,0.552,1.362,0.734,0.800
2765,gcb8299.tif,0.195,1.571,0.992,0.664,374,339,123.690,0.368,1.503,0.665,0.979
2766,gcb8299.tif,1.304,4.726,0.734,1.768,511,340,128.660,1.097,1.635,0.612,0.851
2767,gcb8299.tif,0.483,2.612,0.889,0.995,550,339,123.690,0.736,1.358,0.737,0.884
2768,gcb8299.tif,7.639,11.140,0.773,4.249,305,341,94.970,2.393,1.796,0.557,0.943
2769,gcb8299.tif,1.143,3.945,0.923,1.405,646,341,121.608,1.196,1.143,0.875,0.928
2770,gcb8299.tif,0.339,2.222,0.862,0.868,849,349,57.995,0.644,1.189,0.841,0.860
2771,gcb8299.tif,0.406,2.428,0.866,0.873,534,343,161.565,0.644,1.301,0.769,0.889
2772,gcb8299.tif,1.372,5.516,0.567,2.166,746,342,102.265,1.012,2.401,0.417,0.808
2773,gcb8299.tif,1.694,5.126,0.810,2.027,391,344,140.528,1.310,1.608,0.622,0.911
2774,gcb8299.tif,1.211,6.373,0.375,2.527,158,347,169.509,0.966,3.229,0.310,0.627
2775,gcb8299.tif,0.406,2.872,0.619,1.112,708,347,114.444,0.617,1.803,0.555,0.807
2776,gcb8299.tif,1.194,5.897,0.431,2.606,231,348,132.138,0.829,3.633,0.275,0.758
2777,gcb8299.tif,0.720,4.573,0.432,1.897,614,357,22.834,0.690,3.344,0.299,0.685
2778,gcb8299.tif,0.102,1.225,0.851,0.589,870,350,141.340,0.325,2.145,0.466,0.828
2779,gcb8299.tif,0.322,2.114,0.905,0.792,673,351,125.538,0.638,1.233,0.811,0.854
2780,gcb8299.tif,0.051,0.781,1.000,0.390,360,355,45.000,0.247,1.809,0.553,0.800
2781,gcb8299.tif,0.119,1.279,0.911,0.521,725,353,135.000,0.368,1.104,0.906,0.903
2782,gcb8299.tif,3.243,8.236,0.601,2.619,554,382,71.565,1.875,1.363,0.733,0.844
2783,gcb8299.tif,0.847,3.707,0.774,1.318,604,372,77.905,0.920,1.457,0.686,0.881
2784,gcb8299.tif,0.085,0.965,1.000,0.412,714,359,116.565,0.276,1.327,0.753,0.909
2785,gcb8299.tif,0.466,2.428,0.993,0.995,499,360,123.690,0.716,1.361,0.735,0.909
2786,gcb8299.tif,1.355,7.293,0.320,2.946,454,383,38.660,0.997,4.114,0.243,0.573
2787,gcb8299.tif,0.212,1.647,0.981,0.719,277,369,39.806,0.460,1.389,0.720,0.926
2788,gcb8299.tif,1.567,4.758,0.870,1.787,665,384,78.111,1.196,1.443,0.693,0.923
2789,gcb8299.tif,0.872,4.129,0.643,1.679,644,367,99.462,0.736,2.218,0.451,0.855
2790,gcb8299.tif,0.203,1.593,1.000,0.664,634,369,123.690,0.460,1.381,0.724,0.906
2791,gcb8299.tif,0.457,2.720,0.777,1.073,895,371,120.964,0.644,1.567,0.638,0.857
2792,gcb8299.tif,0.948,4.098,0.710,1.509,382,375,142.431,0.952,1.682,0.594,0.818
2793,gcb8299.tif,0.965,3.653,0.909,1.340,539,375,105.945,1.104,1.170,0.855,0.887
2794,gcb8299.tif,0.076,0.965,1.000,0.460,586,380,53.130,0.276,1.542,0.648,0.857
2795,gcb8299.tif,2.185,6.373,0.676,2.375,685,399,54.462,1.516,1.625,0.615,0.849
2796,gcb8299.tif,1.601,5.116,0.768,1.897,429,388,22.834,1.292,1.587,0.630,0.873
2797,gcb8299.tif,2.879,9.299,0.418,2.632,727,398,36.469,2.025,1.387,0.721,0.723
2798,gcb8299.tif,0.534,2.666,0.943,1.029,626,380,116.565,0.736,1.383,0.723,0.900
2799,gcb8299.tif,2.092,6.817,0.566,2.346,594,398,41.820,1.432,2.022,0.495,0.783
2800,gcb8299.tif,1.101,4.183,0.791,1.564,563,383,118.072,1.002,1.478,0.677,0.893
2801,gcb8299.tif,0.567,3.478,0.589,1.484,257,400,82.875,0.552,2.940,0.340,0.827
2802,gcb8299.tif,0.550,2.666,0.973,0.995,339,394,56.310,0.736,1.290,0.775,0.922
2803,gcb8299.tif,0.677,3.003,0.944,1.049,416,392,37.875,0.920,1.056,0.947,0.894
2804,gcb8299.tif,1.855,7.728,0.390,2.675,466,398,26.565,1.783,1.555,0.643,0.638
2805,gcb8299.tif,2.041,6.382,0.630,2.389,241,411,74.358,1.288,1.752,0.571,0.859
2806,gcb8299.tif,0.237,1.854,0.867,0.742,828,393,60.255,0.536,1.387,0.721,0.824
2807,gcb8299.tif,0.652,3.056,0.877,1.123,380,387,124.992,0.828,1.321,0.757,0.906
2808,gcb8299.tif,0.813,3.402,0.883,1.278,402,387,120.256,0.920,1.299,0.770,0.914
2809,gcb8299.tif,1.550,6.697,0.434,2.247,443,391,145.008,1.177,2.448,0.408,0.682
2810,gcb8299.tif,0.830,3.967,0.663,1.567,641,401,40.236,0.944,1.687,0.593,0.824
2811,gcb8299.tif,0.737,3.532,0.742,1.368,672,389,109.654,0.781,2.001,0.500,0.861
2812,gcb8299.tif,0.466,2.482,0.950,0.961,295,393,163.301,0.644,1.426,0.701,0.909
2813,gcb8299.tif,0.898,5.126,0.429,1.697,353,391,130.601,1.062,2.015,0.496,0.650
2814,gcb8299.tif,0.093,1.149,0.887,0.469,500,391,101.310,0.276,1.321,0.757,0.846
2815,gcb8299.tif,0.237,1.723,1.000,0.742,924,391,150.255,0.460,1.524,0.656,0.918
2816,gcb8299.tif,1.092,3.923,0.892,1.402,616,394,113.199,1.104,1.219,0.820,0.921
2817,gcb8299.tif,0.381,2.298,0.907,0.873,661,403,71.565,0.644,1.368,0.731,0.857
2818,gcb8299.tif,1.431,4.520,0.880,1.567,546,397,139.764,1.301,1.169,0.855,0.921
2819,gcb8299.tif,0.449,2.504,0.899,0.873,581,406,71.565,0.736,1.037,0.964,0.876
2820,gcb8299.tif,2.498,7.706,0.529,3.166,271,402,144.462,1.160,3.390,0.295,0.773
2821,gcb8299.tif,0.627,2.904,0.934,1.073,647,413,59.036,0.828,1.237,0.808,0.919
2822,gcb8299.tif,0.313,2.136,0.863,0.786,328,413,69.444,0.644,1.195,0.837,0.831
2823,gcb8299.tif,1.372,4.726,0.772,1.583,403,422,54.462,1.317,1.232,0.812,0.848
2824,gcb8299.tif,1.575,4.573,0.946,1.532,455,411,122.735,1.380,1.030,0.971,0.928
2825,gcb8299.tif,1.228,4.704,0.697,1.770,489,422,27.897,1.104,1.656,0.604,0.850
2826,gcb8299.tif,1.499,4.520,0.922,1.659,605,410,109.440,1.288,1.249,0.801,0.927
2827,gcb8299.tif,0.195,1.517,1.000,0.589,821,410,128.660,0.460,1.008,0.992,0.958
2828,gcb8299.tif,0.347,2.298,0.826,0.906,387,413,113.962,0.576,1.661,0.602,0.845
2829,gcb8299.tif,0.051,0.781,1.000,0.332,219,416,33.690,0.260,1.291,0.775,0.800
2830,gcb8299.tif,0.051,1.041,0.589,0.460,732,419,36.870,0.255,2.558,0.391,0.571
2831,gcb8299.tif,0.466,3.133,0.596,1.278,779,427,59.744,0.679,2.045,0.489,0.759
2832,gcb8299.tif,0.356,2.666,0.629,1.196,207,422,22.620,0.487,2.874,0.348,0.816
2833,gcb8299.tif,0.161,1.539,0.853,0.664,317,416,123.690,0.412,1.862,0.537,0.809
2834,gcb8299.tif,0.076,0.889,1.000,0.390,713,417,135.000,0.276,1.000,1.000,1.000
2835,gcb8299.tif,1.008,4.878,0.532,1.861,541,429,8.531,0.970,2.313,0.432,0.741
2836,gcb8299.tif,0.677,4.053,0.518,1.532,585,421,147.265,0.799,2.439,0.410,0.708
2837,gcb8299.tif,1.143,4.053,0.875,1.509,415,436,52.431,1.104,1.306,0.766,0.925
2838,gcb8299.tif,1.075,4.704,0.611,1.815,348,441,59.534,1.009,2.200,0.454,0.767
2839,gcb8299.tif,0.576,2.872,0.877,0.995,525,424,123.690,0.828,1.139,0.878,0.895
2840,gcb8299.tif,0.415,3.469,0.433,0.995,747,432,56.310,0.823,1.299,0.770,0.705
2841,gcb8299.tif,0.059,0.835,1.000,0.332,693,425,123.690,0.276,1.069,0.936,0.875
2842,gcb8299.tif,3.125,10.372,0.365,3.522,661,428,123.275,1.721,2.428,0.412,0.618
2843,gcb8299.tif,0.534,2.796,0.858,1.049,680,428,105.255,0.736,1.451,0.689,0.875
2844,gcb8299.tif,0.847,3.425,0.907,1.282,376,430,111.038,0.920,1.368,0.731,0.913
2845,gcb8299.tif,2.473,6.275,0.789,2.400,394,433,122.471,1.480,1.692,0.591,0.901
2846,gcb8299.tif,1.253,4.735,0.702,1.922,617,452,73.301,0.870,2.378,0.421,0.889
2847,gcb8299.tif,0.881,3.478,0.915,1.252,304,433,107.103,0.920,1.312,0.762,0.920
2848,gcb8299.tif,0.661,2.926,0.969,1.049,516,434,127.875,0.828,1.187,0.842,0.912
2849,gcb8299.tif,2.566,8.941,0.403,3.729,758,435,105.751,1.065,4.365,0.229,0.798
2850,gcb8299.tif,1.253,5.148,0.594,1.768,458,451,51.340,1.288,1.261,0.793,0.825
2851,gcb8299.tif,0.169,1.539,0.898,0.664,544,436,146.310,0.453,1.524,0.656,0.851
2852,gcb8299.tif,0.339,2.168,0.906,0.906,604,446,66.038,0.552,1.737,0.576,0.889
2853,gcb8299.tif,0.161,1.387,1.000,0.589,495,442,38.660,0.368,1.273,0.785,0.974
2854,gcb8299.tif,4.641,15.673,0.237,4.282,551,473,8.653,3.214,1.835,0.545,0.524
2855,gcb8299.tif,0.051,0.781,1.000,0.390,737,439,135.000,0.247,1.809,0.553,0.800
2856,gcb8299.tif,0.152,1.355,1.000,0.589,648,440,128.660,0.390,1.532,0.653,0.878
2857,gcb8299.tif,0.898,3.523,0.909,1.228,437,455,77.005,1.071,1.119,0.894,0.880
2858,gcb8299.tif,0.051,0.835,0.916,0.332,293,445,123.690,0.276,1.124,0.890,0.800
2859,gcb8299.tif,0.677,3.263,0.800,1.278,323,458,59.744,0.817,1.694,0.590,0.833
2860,gcb8299.tif,9.383,16.386,0.439,4.751,503,457,148.465,3.383,1.150,0.869,0.767
2861,gcb8299.tif,0.796,3.456,0.837,1.359,627,460,61.699,0.828,1.619,0.618,0.913
2862,gcb8299.tif,0.525,2.765,0.863,0.995,424,449,123.690,0.828,1.155,0.866,0.861
2863,gcb8299.tif,0.119,1.279,0.911,0.496,738,448,111.801,0.368,1.310,0.763,0.848
2864,gcb8299.tif,0.127,1.930,0.429,0.589,274,454,38.660,0.460,1.062,0.942,0.638
2865,gcb8299.tif,0.601,2.926,0.882,1.153,336,451,151.390,0.782,1.561,0.641,0.904
2866,gcb8299.tif,1.126,4.075,0.852,1.484,727,465,82.875,1.053,1.410,0.709,0.881
2867,gcb8299.tif,0.229,1.854,0.836,0.742,261,454,172.875,0.460,1.472,0.679,0.844
2868,gcb8299.tif,0.974,3.891,0.808,1.440,382,452,116.565,1.012,1.387,0.721,0.895
2869,gcb8299.tif,0.390,2.244,0.972,0.823,231,453,116.565,0.736,1.134,0.882,0.876
2870,gcb8299.tif,1.025,4.888,0.539,1.834,294,472,72.474,0.817,2.724,0.367,0.776
2871,gcb8299.tif,0.220,1.746,0.908,0.670,310,453,105.945,0.460,1.450,0.690,0.839
2872,gcb8299.tif,2.498,6.656,0.709,2.421,477,461,98.746,1.687,1.358,0.736,0.853
2873,gcb8299.tif,0.644,3.631,0.613,1.573,689,464,159.444,0.640,3.007,0.333,0.809
2874,gcb8299.tif,0.195,1.616,0.938,0.617,868,464,116.565,0.521,1.108,0.903,0.807
2875,gcb8299.tif,0.178,1.409,1.000,0.589,419,466,128.660,0.460,1.182,0.846,0.913
2876,gcb8299.tif,1.118,3.815,0.965,1.327,634,476,33.690,1.196,1.055,0.948,0.923
2877,gcb8299.tif,0.330,2.742,0.552,1.073,339,477,59.036,0.558,1.990,0.502,0.765
2878,gcb8299.tif,0.796,3.294,0.922,1.164,451,467,108.435,0.920,1.232,0.812,0.926
2879,gcb8299.tif,0.203,1.854,0.743,0.742,688,469,97.125,0.451,1.730,0.578,0.787
2880,gcb8299.tif,0.119,1.225,0.993,0.496,239,478,68.199,0.368,1.264,0.791,0.848
2881,gcb8299.tif,0.991,4.910,0.516,1.758,463,473,96.009,0.996,2.086,0.479,0.711
2882,gcb8299.tif,0.110,1.149,1.000,0.521,572,474,135.000,0.368,1.370,0.730,0.929
2883,gcb8299.tif,0.085,1.171,0.776,0.521,706,476,135.000,0.325,1.696,0.590,0.769
2884,gcb8299.tif,0.093,1.095,0.976,0.460,752,476,126.870,0.368,1.269,0.788,0.815
2885,gcb8299.tif,0.076,0.965,1.000,0.412,375,478,153.435,0.276,1.340,0.746,0.857
2886,gcb8299.tif,0.881,3.815,0.760,1.583,620,478,125.538,0.902,1.802,0.555,0.881
2887,gcb8299.tif,1.423,6.297,0.451,1.969,344,481,142.595,1.355,1.522,0.657,0.740
2888,gcb8299.tif,1.101,3.837,0.940,1.368,421,480,109.654,1.104,1.173,0.853,0.925
2889,gcb8299.tif,0.195,1.800,0.756,0.701,555,481,156.801,0.460,1.778,0.563,0.780
2890,gcb8299.tif,4.632,14.349,0.283,4.372,367,525,59.657,2.382,2.033,0.492,0.581
2891,gcb8299.tif,1.406,5.830,0.520,1.770,444,485,98.973,1.453,1.194,0.837,0.728
2892,gcb8299.tif,0.500,3.110,0.649,1.235,766,498,63.435,0.644,1.973,0.507,0.837
2893,gcb8299.tif,0.127,1.409,0.804,0.582,499,493,71.565,0.368,1.546,0.647,0.769
2894,gcb8299.tif,0.610,2.872,0.929,1.077,600,487,109.983,0.828,1.280,0.781,0.894
2895,gcb8299.tif,0.288,1.907,0.994,0.792,330,488,125.538,0.552,1.417,0.706,0.919
2896,gcb8299.tif,1.236,4.497,0.768,1.564,703,488,118.072,1.249,1.395,0.717,0.827
2897,gcb8299.tif,0.720,4.618,0.424,1.787,944,488,101.889,0.828,2.591,0.386,0.677
2898,gcb8299.tif,3.616,9.309,0.524,3.794,670,529,75.964,1.440,2.996,0.334,0.873
2899,gcb8299.tif,1.601,4.681,0.918,1.746,401,490,108.435,1.196,1.410,0.709,0.945
2900,gcb8299.tif,0.102,1.171,0.931,0.460,694,494,126.870,0.368,1.148,0.871,0.828
2901,gcb8299.tif,3.540,7.239,0.849,2.567,494,496,104.534,1.973,1.243,0.805,0.928
2902,gcb8299.tif,1.465,8.335,0.265,2.591,551,497,96.116,1.374,2.057,0.486,0.570
2903,gcb8299.tif,1.330,4.237,0.931,1.509,585,499,142.431,1.288,1.107,0.903,0.935
2904,gcb8299.tif,0.237,2.190,0.621,0.759,790,506,75.964,0.586,1.321,0.757,0.700
2905,gcb8299.tif,1.507,5.516,0.623,2.148,929,521,80.134,0.998,2.431,0.411,0.848
2906,gcb8299.tif,1.160,4.358,0.768,1.736,354,516,57.995,0.957,1.998,0.501,0.870
2907,gcb8299.tif,0.059,1.149,0.564,0.460,950,504,36.870,0.281,1.992,0.502,0.609
2908,gcb8299.tif,1.101,3.977,0.875,1.405,330,504,148.392,1.119,1.129,0.886,0.906
2909,gcb8299.tif,0.483,4.021,0.375,1.429,571,516,75.069,0.640,3.093,0.323,0.620
2910,gcb8299.tif,2.430,7.477,0.546,2.323,420,524,56.310,1.812,1.128,0.886,0.788
2911,gcb8299.tif,0.076,0.965,1.000,0.460,481,507,53.130,0.276,1.817,0.550,0.857
2912,gcb8299.tif,0.144,1.333,1.000,0.537,716,503,120.964,0.368,1.134,0.882,0.919
2913,gcb8299.tif,0.059,1.019,0.718,0.460,729,504,126.870,0.276,1.918,0.521,0.778
2914,gcb8299.tif,0.330,2.168,0.883,0.906,530,506,156.038,0.552,1.790,0.559,0.876
2915,gcb8299.tif,0.305,2.114,0.857,0.786,789,507,110.556,0.552,1.277,0.783,0.889
2916,gcb8299.tif,0.169,1.539,0.898,0.617,445,508,116.565,0.460,1.223,0.817,0.816
2917,gcb8299.tif,0.847,3.371,0.937,1.282,691,508,111.038,0.920,1.304,0.767,0.913
2918,gcb8299.tif,0.898,3.532,0.904,1.318,652,510,114.775,0.920,1.354,0.739,0.930
2919,gcb8299.tif,0.178,1.539,0.943,0.719,796,511,140.194,0.390,1.889,0.529,0.894
2920,gcb8299.tif,0.398,2.352,0.904,0.873,706,522,71.565,0.644,1.334,0.750,0.870
2921,gcb8299.tif,0.457,2.482,0.933,0.920,747,522,36.870,0.736,1.267,0.789,0.878
2922,gcb8299.tif,0.051,0.781,1.000,0.390,847,517,135.000,0.247,1.809,0.553,0.800
2923,gcb8299.tif,0.339,2.168,0.906,0.873,466,518,108.435,0.552,1.500,0.666,0.899
2924,gcb8299.tif,0.093,1.019,1.000,0.460,342,521,143.130,0.276,1.372,0.729,0.957
2925,gcb8299.tif,0.229,1.670,1.000,0.617,596,522,153.435,0.552,1.046,0.956,0.885
2926,gcb8299.tif,2.092,5.386,0.906,1.941,642,524,121.430,1.472,1.286,0.777,0.930
2927,gcb8299.tif,1.075,4.488,0.671,1.484,675,525,150.255,1.135,1.278,0.783,0.847
2928,gcb8299.tif,0.559,2.666,0.988,1.073,360,524,120.964,0.736,1.361,0.735,0.930
2929,gcb8299.tif,2.261,8.931,0.356,2.875,610,546,39.806,1.703,2.025,0.494,0.637
2930,gcb8299.tif,0.152,1.485,0.868,0.617,715,530,63.435,0.407,1.629,0.614,0.783
2931,gcb8299.tif,1.660,5.040,0.821,1.877,407,534,168.690,1.380,1.217,0.822,0.895
2932,gcb8299.tif,1.135,3.945,0.916,1.359,551,544,61.699,1.196,1.134,0.881,0.912
2933,gcb8299.tif,1.982,6.037,0.683,2.436,329,557,79.114,1.215,2.134,0.469,0.848
2934,gcb8299.tif,0.051,0.781,1.000,0.332,396,535,33.690,0.260,1.291,0.775,0.800
2935,gcb8299.tif,0.093,1.225,0.780,0.537,694,532,149.036,0.276,1.592,0.628,0.846
2936,gcb8299.tif,0.881,3.555,0.876,1.308,585,545,39.289,0.963,1.338,0.747,0.897
2937,gcb8299.tif,0.144,1.409,0.911,0.560,949,533,99.462,0.368,1.304,0.767,0.850
2938,gcb8299.tif,0.076,1.301,0.565,0.496,188,535,158.199,0.335,1.669,0.599,0.643
2939,gcb8299.tif,0.093,1.041,1.000,0.460,378,543,36.870,0.325,1.450,0.689,0.846
2940,gcb8299.tif,0.203,1.670,0.916,0.719,870,539,129.806,0.455,1.785,0.560,0.857
2941,gcb8299.tif,0.982,4.466,0.619,1.863,285,561,69.775,0.822,2.388,0.419,0.832
2942,gcb8299.tif,0.288,1.984,0.919,0.742,371,543,119.745,0.611,1.244,0.804,0.850
2943,gcb8299.tif,0.677,2.926,0.994,1.073,636,543,120.964,0.911,1.139,0.878,0.930
2944,gcb8299.tif,0.406,3.317,0.464,1.153,424,555,61.390,0.611,1.869,0.535,0.716
2945,gcb8299.tif,0.559,2.720,0.949,1.029,601,554,63.435,0.736,1.338,0.747,0.923
2946,gcb8299.tif,0.483,2.818,0.764,1.077,937,556,70.017,0.741,1.451,0.689,0.803
2947,gcb8299.tif,1.567,4.910,0.817,1.697,299,548,130.601,1.357,1.267,0.789,0.877
2948,gcb8299.tif,2.337,5.732,0.894,2.125,454,568,72.350,1.380,1.442,0.694,0.950
2949,gcb8299.tif,0.517,2.536,1.000,0.947,357,547,119.055,0.736,1.141,0.876,0.938
2950,gcb8299.tif,0.881,3.425,0.944,1.252,625,547,107.103,0.920,1.284,0.779,0.929
2951,gcb8299.tif,1.296,4.573,0.778,1.808,542,549,165.256,1.065,1.762,0.568,0.900
2952,gcb8299.tif,0.855,3.662,0.801,1.368,683,563,70.346,0.828,1.582,0.632,0.910
2953,gcb8299.tif,0.296,1.961,0.968,0.742,767,550,119.745,0.552,1.242,0.805,0.909
2954,gcb8299.tif,1.143,4.098,0.856,1.408,587,566,78.690,1.104,1.204,0.830,0.903
2955,gcb8299.tif,1.008,4.573,0.605,1.659,188,553,109.440,1.059,1.768,0.566,0.768
2956,gcb8299.tif,0.457,2.428,0.975,0.947,437,562,60.945,0.716,1.287,0.777,0.908
2957,gcb8299.tif,0.178,1.670,0.802,0.664,649,553,123.690,0.460,1.492,0.670,0.824
2958,gcb8299.tif,0.635,2.872,0.967,1.029,387,555,116.565,0.828,1.141,0.876,0.904
2959,gcb8299.tif,0.703,3.640,0.667,1.402,720,556,113.199,0.736,1.882,0.531,0.860
2960,gcb8299.tif,0.144,1.485,0.820,0.582,570,563,18.435,0.368,1.323,0.756,0.810
2961,gcb8299.tif,0.093,1.355,0.637,0.589,645,560,128.660,0.325,2.318,0.431,0.710
2962,gcb8299.tif,0.339,2.038,1.000,0.786,792,560,110.556,0.552,1.303,0.767,0.930
2963,gcb8299.tif,0.474,2.926,0.696,1.196,355,567,22.620,0.628,2.044,0.489,0.842
2964,gcb8299.tif,0.339,2.765,0.557,1.123,495,561,145.008,0.510,2.537,0.394,0.741
2965,gcb8299.tif,2.481,6.871,0.660,2.736,265,587,42.274,1.546,1.632,0.613,0.885
2966,gcb8299.tif,0.618,4.336,0.413,1.746,644,584,71.565,0.658,3.514,0.285,0.676
2967,gcb8299.tif,0.982,3.739,0.883,1.455,489,567,108.435,0.920,1.564,0.639,0.910
2968,gcb8299.tif,0.203,1.961,0.664,0.833,424,569,96.340,0.368,2.012,0.497,0.814
2969,gcb8299.tif,0.720,3.110,0.935,1.077,634,581,70.017,0.920,1.090,0.918,0.909
2970,gcb8299.tif,1.025,3.945,0.827,1.402,478,571,113.199,1.104,1.114,0.897,0.883
2971,gcb8299.tif,0.381,2.796,0.613,1.196,397,574,157.380,0.590,1.945,0.514,0.789
2972,gcb8299.tif,1.194,4.129,0.880,1.498,706,575,132.510,1.183,1.261,0.793,0.901
2973,gcb8299.tif,0.195,1.670,0.878,0.670,931,574,105.945,0.453,1.524,0.656,0.821
2974,gcb8299.tif,1.050,3.685,0.972,1.318,575,575,114.775,1.104,1.150,0.870,0.939
2975,gcb8299.tif,0.178,1.593,0.880,0.651,324,576,135.000,0.460,1.259,0.794,0.840
2976,gcb8299.tif,1.296,4.421,0.833,1.610,510,577,120.964,1.104,1.446,0.692,0.916
2977,gcb8299.tif,1.414,4.650,0.822,1.659,667,594,70.560,1.380,1.172,0.853,0.893
2978,gcb8299.tif,2.261,5.570,0.916,1.941,394,601,58.570,1.564,1.164,0.859,0.932
2979,gcb8299.tif,0.254,2.038,0.769,0.786,450,583,159.444,0.460,1.924,0.520,0.845
2980,gcb8299.tif,0.737,3.110,0.957,1.164,540,582,108.435,0.828,1.276,0.784,0.921
2981,gcb8299.tif,0.051,1.409,0.322,0.582,418,584,108.435,0.253,2.617,0.382,0.462
2982,gcb8299.tif,0.339,2.244,0.845,0.823,748,586,153.435,0.644,1.100,0.909,0.833
2983,gcb8299.tif,6.258,16.126,0.302,4.201,614,586,151.189,3.043,1.143,0.875,0.686
2984,gcb8299.tif,0.610,2.850,0.943,1.049,589,587,127.875,0.828,1.140,0.877,0.911
2985,gcb8299.tif,0.584,3.187,0.723,1.238,761,587,131.987,0.810,1.449,0.690,0.836
2986,gcb8299.tif,0.627,3.034,0.855,1.278,551,602,30.256,0.722,1.790,0.559,0.908
2987,gcb8299.tif,0.246,1.854,0.898,0.742,786,594,97.125,0.460,1.479,0.676,0.866
2988,gcb8299.tif,0.059,0.911,0.898,0.412,440,596,153.435,0.260,1.668,0.600,0.778
2989,gcb8299.tif,2.092,5.884,0.759,2.195,710,615,56.976,1.490,1.433,0.698,0.892
2990,gcb8299.tif,0.119,1.279,0.911,0.537,449,600,30.964,0.349,1.681,0.595,0.824
2991,gcb8299.tif,0.068,0.835,1.000,0.390,667,599,45.000,0.276,1.229,0.814,0.941
2992,gcb8299.tif,0.186,1.517,1.000,0.651,290,600,135.000,0.460,1.249,0.800,0.957
2993,gcb8299.tif,1.118,5.462,0.471,2.212,341,600,106.928,0.784,3.484,0.287,0.790
2994,gcb8299.tif,2.498,9.788,0.328,2.835,539,601,125.754,1.643,1.802,0.555,0.646
2995,gcb8299.tif,0.974,6.027,0.337,1.777,439,620,68.749,1.123,1.879,0.532,0.644
2996,gcb8299.tif,3.023,6.566,0.881,2.352,579,625,59.421,1.748,1.249,0.801,0.941
2997,gcb8299.tif,0.059,0.835,1.000,0.332,669,602,123.690,0.276,1.069,0.936,0.875
2998,gcb8299.tif,0.102,1.095,1.000,0.460,794,605,126.870,0.368,1.135,0.881,0.857
2999,gcb8299.tif,0.847,3.348,0.949,1.278,476,618,59.744,0.920,1.273,0.785,0.939
3000,gcb8299.tif,0.711,3.164,0.893,1.200,512,609,147.529,0.920,1.198,0.835,0.903
3001,gcb8299.tif,1.965,5.776,0.740,2.212,305,631,73.072,1.250,1.840,0.543,0.877
3002,gcb8299.tif,0.373,2.266,0.912,0.873,396,610,161.565,0.651,1.370,0.730,0.838
3003,gcb8299.tif,0.059,0.781,1.000,0.332,606,609,123.690,0.276,1.069,0.936,0.875
3004,gcb8299.tif,3.142,7.293,0.742,2.745,677,631,39.560,1.822,1.500,0.667,0.890
3005,gcb8299.tif,3.963,9.775,0.521,3.264,487,615,139.574,1.914,2.035,0.491,0.796
3006,gcb8299.tif,0.051,0.781,1.000,0.390,378,617,45.000,0.247,1.809,0.553,0.800
3007,gcb8299.tif,0.356,2.168,0.951,0.823,613,615,153.435,0.644,1.157,0.864,0.884
3008,gcb8299.tif,0.381,2.818,0.603,1.138,881,618,165.964,0.625,2.001,0.500,0.738
3009,gcb8299.tif,0.093,1.149,0.887,0.460,291,617,126.870,0.368,1.242,0.805,0.815
3010,gcb8299.tif,1.745,7.836,0.357,2.226,402,640,60.255,1.697,1.422,0.703,0.623
3011,gcb8299.tif,0.915,3.900,0.755,1.405,764,628,31.608,0.982,1.314,0.761,0.893
3012,gcb8299.tif,0.279,2.244,0.697,0.848,538,625,40.601,0.640,1.319,0.758,0.786
3013,gcb8299.tif,0.965,4.780,0.531,2.156,346,638,50.194,0.740,3.255,0.307,0.823
3014,gcb8299.tif,0.330,2.092,0.949,0.823,425,622,116.565,0.552,1.385,0.722,0.929
3015,gcb8299.tif,0.711,3.088,0.937,1.235,595,634,63.435,0.736,1.542,0.649,0.955
3016,gcb8299.tif,0.288,1.961,0.941,0.742,457,630,60.255,0.552,1.205,0.830,0.919
3017,gcb8299.tif,1.541,4.942,0.793,1.697,326,625,139.399,1.440,1.204,0.831,0.867
3018,gcb8299.tif,0.449,2.850,0.694,1.153,365,625,118.610,0.611,2.059,0.486,0.848
3019,gcb8299.tif,0.135,1.355,0.927,0.537,562,629,30.964,0.408,1.453,0.688,0.800
3020,gcb8299.tif,0.872,3.456,0.918,1.252,612,634,36.027,0.920,1.201,0.833,0.941
3021,gcb8299.tif,3.752,8.757,0.615,2.835,464,654,54.246,1.926,1.480,0.676,0.856
3022,gcb8299.tif,1.770,5.018,0.883,1.877,739,628,101.310,1.288,1.471,0.680,0.929
3023,gcb8299.tif,5.911,16.952,0.258,4.645,629,673,56.310,3.013,1.401,0.714,0.627
3024,gcb8299.tif,0.186,1.485,1.000,0.617,713,631,153.435,0.460,1.397,0.716,0.863
3025,gcb8299.tif,0.339,2.092,0.973,0.792,519,636,35.538,0.644,1.144,0.874,0.920
3026,gcb8299.tif,0.652,3.685,0.603,1.432,899,631,135.000,0.805,2.091,0.478,0.748
3027,gcb8299.tif,1.338,7.769,0.279,3.254,207,641,8.130,0.900,5.817,0.172,0.615
3028,gcb8299.tif,0.364,2.145,0.994,0.848,450,633,139.399,0.644,1.103,0.907,0.945
3029,gcb8299.tif,0.466,2.828,0.732,1.164,816,647,71.565,0.552,2.177,0.459,0.873
3030,gcb8299.tif,0.440,2.428,0.939,0.961,633,647,73.301,0.644,1.464,0.683,0.897
3031,gcb8299.tif,0.110,1.225,0.922,0.589,269,643,51.340,0.325,2.125,0.471,0.839
3032,gcb8299.tif,1.033,3.923,0.844,1.564,306,639,118.072,1.012,1.494,0.669,0.917
3033,gcb8299.tif,0.559,3.155,0.706,1.138,405,642,165.964,0.828,1.262,0.793,0.800
3034,gcb8299.tif,0.322,2.006,1.000,0.786,184,642,159.444,0.644,1.273,0.786,0.864
3035,gcb8299.tif,2.278,5.494,0.948,1.950,433,640,109.290,1.472,1.234,0.810,0.957
3036,gcb8299.tif,1.499,5.722,0.575,2.277,492,664,75.964,1.110,2.388,0.419,0.770
3037,gcb8299.tif,0.534,2.720,0.906,1.041,366,649,45.000,0.736,1.321,0.757,0.906
3038,gcb8299.tif,0.610,3.653,0.574,1.235,695,651,26.565,0.920,1.340,0.746,0.731
3039,gcb8299.tif,0.474,2.742,0.792,1.120,390,654,80.538,0.644,1.779,0.562,0.855
3040,gcb8299.tif,0.271,1.831,1.000,0.719,765,648,39.806,0.552,1.128,0.886,0.941
3041,gcb8299.tif,0.449,2.460,0.932,0.920,320,652,53.130,0.736,1.142,0.876,0.914
3042,gcb8299.tif,6.301,13.330,0.446,3.737,573,676,37.999,2.675,1.504,0.665,0.810
3043,gcb8299.tif,0.652,3.456,0.686,1.475,788,648,93.576,0.552,2.475,0.404,0.917
3044,gcb8299.tif,0.051,0.965,0.686,0.460,682,653,53.130,0.247,2.166,0.462,0.706
3045,gcb8299.tif,0.068,0.835,1.000,0.390,550,656,45.000,0.276,1.229,0.814,0.941
3046,gcb8299.tif,0.644,3.599,0.624,1.380,884,663,36.870,0.749,2.265,0.442,0.772
3047,gcb8299.tif,1.939,5.669,0.758,2.076,544,679,77.196,1.472,1.489,0.671,0.877
3048,gcb8299.tif,0.610,3.025,0.837,1.049,224,664,15.255,0.920,1.124,0.890,0.847
3049,gcb8299.tif,0.347,2.168,0.928,0.823,404,666,63.435,0.644,1.218,0.821,0.901
3050,gcb8299.tif,1.948,6.773,0.534,2.503,329,679,36.027,1.268,2.157,0.464,0.785
3051,gcb8299.tif,6.572,17.414,0.272,5.068,410,687,29.358,2.869,2.224,0.450,0.637
3052,gcb8299.tif,0.381,2.222,0.970,0.823,700,665,26.565,0.644,1.063,0.941,0.909
3053,gcb8299.tif,0.855,4.542,0.521,1.631,476,661,106.390,0.758,2.527,0.396,0.777
3054,gcb8299.tif,0.144,1.409,0.911,0.537,939,661,120.964,0.455,1.217,0.821,0.829
3055,gcb8299.tif,2.109,7.163,0.516,2.228,502,682,38.290,1.748,1.235,0.810,0.752
3056,gcb8299.tif,0.449,3.133,0.575,1.153,261,679,61.390,0.700,1.808,0.553,0.741
3057,gcb8299.tif,1.126,7.284,0.267,2.881,480,698,63.435,0.892,4.386,0.228,0.543
3058,gcb8299.tif,3.531,7.370,0.817,2.578,588,693,55.176,1.945,1.295,0.772,0.908
3059,gcb8299.tif,0.779,3.218,0.945,1.235,691,671,116.565,0.828,1.379,0.725,0.944
3060,gcb8299.tif,0.279,2.114,0.786,0.792,297,672,125.538,0.617,1.194,0.837,0.805
3061,gcb8299.tif,0.491,2.980,0.695,1.077,633,676,19.983,0.731,1.584,0.631,0.795
3062,gcb8299.tif,0.500,2.742,0.835,1.041,771,672,135.000,0.781,1.392,0.718,0.843
3063,gcb8299.tif,0.923,4.021,0.717,1.487,458,688,68.199,1.041,1.574,0.635,0.816
3064,gcb8299.tif,0.178,2.190,0.466,0.823,236,680,26.565,0.455,1.868,0.535,0.689
3065,gcb8299.tif,1.008,4.205,0.716,1.509,674,687,52.431,1.100,1.512,0.662,0.829
3066,gcb8299.tif,1.296,8.097,0.248,3.406,908,703,51.582,0.888,5.247,0.191,0.561
3067,gcb8299.tif,0.085,0.965,1.000,0.412,399,676,153.435,0.276,1.384,0.723,0.909
3068,gcb8299.tif,0.796,3.339,0.897,1.210,737,675,98.746,0.988,1.231,0.812,0.883
3069,gcb8299.tif,1.126,4.075,0.852,1.659,365,676,109.440,1.004,1.696,0.590,0.908
3070,gcb8299.tif,0.203,1.593,1.000,0.617,622,676,116.565,0.460,1.268,0.789,0.889
3071,gcb8299.tif,0.068,1.095,0.710,0.521,835,676,135.000,0.288,1.948,0.513,0.696
3072,gcb8299.tif,0.677,4.466,0.427,1.368,227,683,137.726,1.027,1.451,0.689,0.678
3073,gcb8299.tif,1.533,7.132,0.379,2.098,340,700,37.875,1.465,1.726,0.579,0.688
3074,gcb8299.tif,2.778,6.589,0.804,2.328,650,707,71.565,1.717,1.445,0.692,0.902
3075,gcb8299.tif,2.278,6.665,0.644,2.421,701,710,81.254,1.295,2.040,0.490,0.853
3076,gcb8299.tif,2.651,9.807,0.346,3.640,776,685,110.726,1.539,2.629,0.380,0.671
3077,gcb8299.tif,0.703,3.187,0.870,1.235,311,701,63.435,0.911,1.278,0.782,0.883
3078,gcb8299.tif,0.127,1.485,0.723,0.537,828,690,149.036,0.368,1.313,0.762,0.789
3079,gcb8299.tif,1.016,3.945,0.821,1.523,393,694,154.983,1.104,1.294,0.773,0.870
3080,gcb8299.tif,1.203,3.999,0.945,1.405,493,704,31.608,1.196,1.148,0.871,0.934
3081,gcb8299.tif,2.388,8.994,0.371,2.910,584,708,18.435,1.745,1.929,0.518,0.695
3082,gcb8299.tif,0.737,3.240,0.882,1.327,291,696,123.690,0.823,1.612,0.620,0.906
3083,gcb8299.tif,0.144,1.333,1.000,0.537,671,697,120.964,0.368,1.336,0.749,0.919
3084,gcb8299.tif,1.406,5.332,0.621,2.148,352,716,43.264,1.143,2.082,0.480,0.806
3085,gcb8299.tif,0.127,1.225,1.000,0.496,940,703,111.801,0.368,1.295,0.772,0.857
3086,gcb8299.tif,0.161,1.387,1.000,0.589,312,704,128.660,0.368,1.273,0.785,0.974
3087,gcb8299.tif,0.322,2.092,0.924,0.792,447,704,144.462,0.552,1.428,0.700,0.894
3088,gcb8299.tif,0.483,2.688,0.839,1.029,334,706,116.565,0.736,1.368,0.731,0.864
3089,gcb8299.tif,0.093,1.019,1.000,0.460,345,709,36.870,0.276,1.372,0.729,0.957
3090,gcb8299.tif,0.059,0.781,1.000,0.390,427,713,45.000,0.260,1.596,0.626,0.875
3091,gcb8299.tif,0.195,1.854,0.712,0.742,421,719,60.255,0.466,1.453,0.688,0.767
3092,gcb8299.tif,0.127,1.225,1.000,0.496,650,713,111.801,0.368,1.127,0.887,0.857
3093,gcb8299.tif,0.220,1.670,0.993,0.664,813,720,33.690,0.521,1.243,0.805,0.867
3094,gcb8302.tif,0.788,3.631,0.751,1.393,348,3,97.595,0.828,1.547,0.646,0.857
3095,gcb8302.tif,1.922,6.068,0.656,2.393,584,3,112.620,1.339,2.032,0.492,0.836
3096,gcb8302.tif,0.059,0.781,1.000,0.332,406,4,123.690,0.276,1.069,0.936,0.875
3097,gcb8302.tif,0.169,1.409,1.000,0.537,103,5,120.964,0.460,1.083,0.923,0.889
3098,gcb8302.tif,0.381,2.450,0.798,0.978,270,7,131.186,0.586,1.719,0.582,0.818
3099,gcb8302.tif,0.161,1.355,1.000,0.537,367,10,120.964,0.460,1.009,0.991,0.864
3100,gcb8302.tif,0.313,2.168,0.838,0.906,649,13,113.962,0.524,1.924,0.520,0.860
3101,gcb8302.tif,0.567,2.872,0.864,1.073,298,25,59.036,0.846,1.277,0.783,0.865
3102,gcb8302.tif,0.898,3.447,0.949,1.282,456,28,68.962,1.012,1.270,0.788,0.918
3103,gcb8302.tif,0.534,2.850,0.825,1.196,687,15,112.620,0.644,1.824,0.548,0.887
3104,gcb8302.tif,0.711,3.110,0.924,1.164,443,17,108.435,0.828,1.416,0.706,0.913
3105,gcb8302.tif,1.152,3.999,0.905,1.518,521,18,104.036,1.012,1.383,0.723,0.928
3106,gcb8302.tif,0.703,3.003,0.980,1.073,417,26,30.964,0.920,1.041,0.960,0.907
3107,gcb8302.tif,3.193,11.238,0.318,4.249,579,20,107.650,1.368,3.424,0.292,0.685
3108,gcb8302.tif,0.152,1.539,0.808,0.664,619,26,56.310,0.412,1.841,0.543,0.800
3109,gcb8302.tif,1.872,6.817,0.506,2.736,362,22,137.726,1.319,2.281,0.438,0.744
3110,gcb8302.tif,0.948,3.685,0.878,1.359,478,22,118.301,1.012,1.286,0.777,0.914
3111,gcb8302.tif,1.143,4.389,0.746,1.813,671,23,113.962,1.008,1.953,0.512,0.877
3112,gcb8302.tif,1.194,4.237,0.836,1.659,636,27,109.440,1.012,1.616,0.619,0.922
3113,gcb8302.tif,0.271,1.831,1.000,0.742,659,34,60.255,0.460,1.391,0.719,0.955
3114,gcb8302.tif,0.347,2.199,0.902,0.868,318,29,122.005,0.552,1.309,0.764,0.921
3115,gcb8302.tif,1.084,4.313,0.732,1.575,355,47,83.290,1.094,1.370,0.730,0.856
3116,gcb8302.tif,0.694,3.317,0.793,1.138,467,30,104.036,0.936,1.245,0.803,0.845
3117,gcb8302.tif,2.735,8.106,0.523,2.936,546,57,57.804,1.567,2.300,0.435,0.769
3118,gcb8302.tif,1.753,5.951,0.622,2.323,283,54,56.310,1.193,2.219,0.451,0.825
3119,gcb8302.tif,0.889,4.497,0.552,1.897,499,51,67.166,0.728,3.188,0.314,0.808
3120,gcb8302.tif,1.440,4.421,0.926,1.610,390,49,59.036,1.196,1.278,0.783,0.937
3121,gcb8302.tif,1.059,4.650,0.615,2.018,413,33,114.228,0.854,2.925,0.342,0.801
3122,gcb8302.tif,1.812,5.386,0.785,1.915,522,48,35.218,1.372,1.463,0.683,0.892
3123,gcb8302.tif,0.415,2.352,0.943,0.868,726,35,122.005,0.736,1.109,0.902,0.899
3124,gcb8302.tif,0.898,3.685,0.831,1.429,435,36,104.931,0.920,1.660,0.602,0.895
3125,gcb8302.tif,0.567,3.317,0.648,1.252,305,39,162.897,0.736,1.784,0.561,0.798
3126,gcb8302.tif,1.279,4.573,0.768,1.631,476,39,106.390,1.196,1.415,0.707,0.868
3127,gcb8302.tif,0.271,1.777,1.000,0.664,663,40,123.690,0.552,1.000,1.000,0.941
3128,gcb8302.tif,2.320,7.087,0.581,2.616,704,42,129.289,1.546,1.798,0.556,0.769
3129,gcb8302.tif,1.524,4.910,0.795,1.719,335,60,74.476,1.380,1.212,0.825,0.893
3130,gcb8302.tif,0.102,1.149,0.967,0.460,602,43,126.870,0.368,1.218,0.821,0.889
3131,gcb8302.tif,0.305,2.114,0.857,0.786,760,44,159.444,0.552,1.367,0.731,0.878
3132,gcb8302.tif,0.110,1.095,1.000,0.460,368,50,36.870,0.368,1.159,0.863,0.897
3133,gcb8302.tif,0.745,3.662,0.698,1.543,381,48,107.354,0.671,2.548,0.393,0.871
3134,gcb8302.tif,1.643,4.681,0.942,1.610,398,50,120.964,1.288,1.187,0.843,0.939
3135,gcb8302.tif,1.321,4.475,0.829,1.631,445,66,73.610,1.093,1.444,0.692,0.902
3136,gcb8302.tif,0.254,1.777,1.000,0.664,512,49,123.690,0.552,1.062,0.942,0.909
3137,gcb8302.tif,0.263,1.930,0.886,0.759,645,57,75.964,0.552,1.276,0.784,0.827
3138,gcb8302.tif,0.313,2.872,0.477,1.196,623,50,112.620,0.459,3.215,0.311,0.705
3139,gcb8302.tif,1.092,3.815,0.943,1.402,680,50,113.199,1.104,1.250,0.800,0.925
3140,gcb8302.tif,0.093,1.019,1.000,0.460,656,55,53.130,0.276,1.372,0.729,0.957
3141,gcb8302.tif,0.186,1.517,1.000,0.617,247,52,116.565,0.368,1.459,0.685,0.957
3142,gcb8302.tif,0.754,3.294,0.873,1.327,303,64,56.310,0.873,1.572,0.636,0.918
3143,gcb8302.tif,0.220,1.593,1.000,0.617,357,53,116.565,0.460,1.184,0.845,0.929
3144,gcb8302.tif,1.914,5.354,0.839,2.068,459,58,159.146,1.356,1.553,0.644,0.911
3145,gcb8302.tif,0.161,1.463,0.944,0.589,767,54,128.660,0.368,1.422,0.703,0.884
3146,gcb8302.tif,0.390,2.850,0.603,1.278,153,56,120.256,0.505,2.767,0.361,0.793
3147,gcb8302.tif,0.398,2.450,0.833,0.995,573,57,123.690,0.586,1.675,0.597,0.855
3148,gcb8302.tif,6.749,20.566,0.201,6.432,870,100,33.917,3.263,2.438,0.410,0.440
3149,gcb8302.tif,0.762,3.662,0.714,1.518,123,63,165.964,0.644,2.451,0.408,0.865
3150,gcb8302.tif,0.135,1.279,1.000,0.537,517,61,120.964,0.368,1.234,0.810,0.889
3151,gcb8302.tif,0.093,1.095,0.976,0.460,274,63,126.870,0.368,1.147,0.871,0.815
3152,gcb8302.tif,0.135,1.257,1.000,0.521,347,63,135.000,0.368,1.000,1.000,1.000
3153,gcb8302.tif,0.720,3.088,0.949,1.123,420,74,55.008,0.828,1.194,0.837,0.939
3154,gcb8302.tif,1.601,5.126,0.766,1.915,365,85,54.782,1.299,1.481,0.675,0.859
3155,gcb8302.tif,0.610,2.818,0.965,1.123,565,67,124.992,0.781,1.460,0.685,0.911
3156,gcb8302.tif,5.962,10.372,0.696,3.646,526,107,79.824,2.634,1.426,0.701,0.871
3157,gcb8302.tif,1.567,5.516,0.647,2.301,272,93,73.740,0.982,2.439,0.410,0.896
3158,gcb8302.tif,0.288,1.961,0.941,0.792,454,69,125.538,0.552,1.185,0.844,0.907
3159,gcb8302.tif,0.601,2.850,0.930,1.077,488,70,109.983,0.736,1.338,0.747,0.916
3160,gcb8302.tif,0.051,0.781,1.000,0.332,388,74,33.690,0.260,1.291,0.775,0.800
3161,gcb8302.tif,4.624,10.978,0.482,3.790,397,77,150.945,2.192,2.196,0.455,0.746
3162,gcb8302.tif,0.152,1.333,1.000,0.589,584,73,141.340,0.368,1.362,0.734,0.947
3163,gcb8302.tif,0.212,1.647,0.981,0.651,437,79,45.000,0.460,1.123,0.891,0.909
3164,gcb8302.tif,0.119,1.149,1.000,0.460,555,75,126.870,0.368,1.020,0.981,0.933
3165,gcb8302.tif,0.821,3.707,0.751,1.408,341,76,101.310,0.920,1.556,0.643,0.847
3166,gcb8302.tif,1.626,4.681,0.932,1.583,460,88,35.538,1.380,1.058,0.945,0.937
3167,gcb8302.tif,0.119,1.149,1.000,0.460,703,76,126.870,0.368,1.020,0.981,0.933
3168,gcb8302.tif,0.195,1.647,0.902,0.701,193,86,66.801,0.368,1.655,0.604,0.902
3169,gcb8302.tif,0.076,1.041,0.884,0.412,354,83,63.435,0.325,1.158,0.864,0.750
3170,gcb8302.tif,0.347,2.742,0.580,1.120,295,84,9.462,0.460,2.665,0.375,0.781
3171,gcb8302.tif,0.085,1.041,0.982,0.412,329,82,116.565,0.325,1.241,0.806,0.800
3172,gcb8302.tif,0.999,4.942,0.514,1.969,561,82,127.405,0.950,2.834,0.353,0.698
3173,gcb8302.tif,0.356,2.244,0.888,0.906,309,88,23.962,0.617,1.492,0.670,0.866
3174,gcb8302.tif,1.092,3.945,0.882,1.498,500,85,100.620,1.012,1.480,0.676,0.912
3175,gcb8302.tif,0.169,1.409,1.000,0.589,618,88,128.660,0.460,1.102,0.907,0.889
3176,gcb8302.tif,0.068,0.965,0.914,0.379,453,89,104.036,0.276,1.195,0.837,0.800
3177,gcb8302.tif,0.127,1.301,0.942,0.496,365,96,111.801,0.390,1.191,0.840,0.811
3178,gcb8302.tif,0.068,0.911,1.000,0.379,470,97,165.964,0.276,1.195,0.837,0.800
3179,gcb8302.tif,0.279,1.907,0.965,0.742,353,98,119.745,0.552,1.304,0.767,0.892
3180,gcb8302.tif,0.135,1.257,1.000,0.521,546,98,135.000,0.368,1.000,1.000,1.000
3181,gcb8302.tif,0.754,3.240,0.902,1.318,643,99,114.775,0.828,1.557,0.642,0.913
3182,gcb8302.tif,0.390,2.612,0.717,1.178,108,111,51.340,0.576,2.043,0.490,0.844
3183,gcb8302.tif,3.481,11.378,0.338,4.087,603,101,97.765,1.735,2.622,0.381,0.645
3184,gcb8302.tif,0.296,2.015,0.917,0.792,480,102,125.538,0.552,1.321,0.757,0.921
3185,gcb8302.tif,0.102,1.095,1.000,0.460,290,104,126.870,0.368,1.281,0.780,0.857
3186,gcb8302.tif,0.271,1.854,0.991,0.701,388,105,113.199,0.552,1.250,0.800,0.889
3187,gcb8302.tif,0.135,1.279,1.000,0.537,185,106,120.964,0.368,1.392,0.718,0.889
3188,gcb8302.tif,0.838,3.348,0.940,1.282,407,107,111.038,0.828,1.401,0.714,0.943
3189,gcb8302.tif,0.423,2.329,0.981,0.920,539,116,53.130,0.644,1.234,0.810,0.952
3190,gcb8302.tif,0.830,3.425,0.889,1.282,425,115,158.962,0.920,1.304,0.767,0.903
3191,gcb8302.tif,0.195,1.517,1.000,0.589,459,112,128.660,0.460,1.008,0.992,0.958
3192,gcb8302.tif,1.118,4.345,0.744,1.610,524,112,120.964,0.947,1.700,0.588,0.886
3193,gcb8302.tif,0.584,2.980,0.827,1.196,626,124,67.380,0.736,1.524,0.656,0.873
3194,gcb8302.tif,0.085,1.019,1.000,0.460,344,118,53.130,0.276,1.288,0.776,0.909
3195,gcb8302.tif,0.406,2.406,0.883,0.873,331,117,108.435,0.644,1.305,0.766,0.881
3196,gcb8302.tif,2.507,7.154,0.615,2.352,647,140,59.421,1.787,1.467,0.682,0.813
3197,gcb8302.tif,0.974,3.815,0.841,1.380,292,131,53.130,1.060,1.327,0.754,0.888
3198,gcb8302.tif,0.754,3.164,0.946,1.196,365,131,67.380,0.828,1.367,0.732,0.932
3199,gcb8302.tif,0.779,3.240,0.932,1.123,692,128,34.992,1.012,1.121,0.892,0.911
3200,gcb8302.tif,0.203,1.593,1.000,0.617,476,126,26.565,0.460,1.144,0.874,0.889
3201,gcb8302.tif,1.414,4.443,0.900,1.523,543,122,115.017,1.272,1.191,0.840,0.915
3202,gcb8302.tif,2.134,7.163,0.523,2.968,144,124,97.125,1.247,2.499,0.400,0.805
3203,gcb8302.tif,0.203,1.723,0.860,0.742,200,124,119.745,0.453,1.903,0.526,0.828
3204,gcb8302.tif,2.659,6.189,0.872,2.154,436,137,19.983,1.840,1.103,0.907,0.915
3205,gcb8302.tif,2.414,6.113,0.812,2.308,484,131,156.501,1.561,1.506,0.664,0.916
3206,gcb8302.tif,0.296,2.038,0.897,0.781,575,130,45.000,0.611,1.263,0.792,0.864
3207,gcb8302.tif,0.076,0.965,1.000,0.412,431,126,116.565,0.276,1.185,0.844,0.857
3208,gcb8302.tif,0.474,2.460,0.985,0.947,464,135,60.945,0.644,1.282,0.780,0.949
3209,gcb8302.tif,0.694,3.164,0.872,1.235,416,129,116.565,0.817,1.431,0.699,0.896
3210,gcb8302.tif,0.474,2.720,0.806,1.108,584,138,41.634,0.741,1.529,0.654,0.875
3211,gcb8302.tif,0.423,2.298,1.000,0.823,122,131,116.565,0.736,1.056,0.947,0.909
3212,gcb8302.tif,5.852,12.486,0.472,4.487,376,135,154.486,2.312,1.935,0.517,0.756
3213,gcb8302.tif,0.601,3.770,0.532,1.659,925,132,93.180,0.552,2.624,0.381,0.835
3214,gcb8302.tif,1.634,4.681,0.937,1.659,518,133,109.440,1.288,1.237,0.808,0.939
3215,gcb8302.tif,1.999,5.767,0.755,2.119,692,134,124.380,1.361,1.743,0.574,0.868
3216,gcb8302.tif,0.305,2.352,0.693,0.947,349,140,29.055,0.460,2.181,0.458,0.828
3217,gcb8302.tif,0.263,1.854,0.960,0.701,632,137,113.199,0.552,1.185,0.844,0.873
3218,gcb8302.tif,0.237,1.800,0.920,0.670,238,140,105.945,0.552,1.144,0.874,0.836
3219,gcb8302.tif,3.760,8.649,0.632,3.166,552,169,35.538,1.887,1.887,0.530,0.841
3220,gcb8302.tif,0.152,1.409,0.965,0.582,425,144,18.435,0.368,1.414,0.707,0.857
3221,gcb8302.tif,0.178,1.670,0.802,0.701,756,141,113.199,0.446,1.599,0.625,0.808
3222,gcb8302.tif,2.016,5.408,0.866,1.976,463,162,62.241,1.357,1.436,0.696,0.924
3223,gcb8302.tif,0.119,1.149,1.000,0.460,590,143,126.870,0.368,1.125,0.889,0.933
3224,gcb8302.tif,1.219,4.336,0.815,1.712,843,155,36.254,1.106,1.519,0.658,0.894
3225,gcb8302.tif,0.898,3.577,0.882,1.252,357,156,53.973,1.104,1.088,0.919,0.880
3226,gcb8302.tif,0.483,2.536,0.943,0.961,545,147,106.699,0.644,1.414,0.707,0.919
3227,gcb8302.tif,0.457,2.536,0.894,0.920,616,156,53.130,0.736,1.133,0.883,0.878
3228,gcb8302.tif,1.423,5.471,0.597,2.241,665,171,70.821,0.917,2.583,0.387,0.866
3229,gcb8302.tif,0.161,1.409,1.000,0.617,298,150,153.435,0.368,1.548,0.646,0.905
3230,gcb8302.tif,0.542,2.742,0.906,1.049,445,151,105.255,0.736,1.304,0.767,0.883
3231,gcb8302.tif,3.565,12.410,0.291,4.815,424,152,116.075,1.347,4.604,0.217,0.682
3232,gcb8302.tif,12.076,19.421,0.402,8.120,860,154,128.558,2.718,3.371,0.297,0.758
3233,gcb8302.tif,0.195,1.930,0.657,0.701,597,154,113.199,0.552,1.153,0.867,0.730
3234,gcb8302.tif,0.068,0.835,1.000,0.390,484,156,135.000,0.276,1.229,0.814,0.941
3235,gcb8302.tif,0.313,1.961,1.000,0.742,517,156,119.745,0.552,1.187,0.842,0.937
3236,gcb8302.tif,0.195,1.539,1.000,0.617,794,157,153.435,0.460,1.311,0.763,0.885
3237,gcb8302.tif,0.203,1.593,1.000,0.664,282,159,146.310,0.460,1.341,0.746,0.906
3238,gcb8302.tif,4.226,10.512,0.481,4.133,381,159,101.560,1.571,3.342,0.299,0.736
3239,gcb8302.tif,1.778,7.909,0.357,3.304,919,194,77.125,1.001,4.147,0.241,0.723
3240,gcb8302.tif,0.161,1.409,1.000,0.582,365,166,71.565,0.368,1.343,0.744,0.884
3241,gcb8302.tif,0.178,1.409,1.000,0.537,575,160,120.964,0.460,1.000,1.000,0.913
3242,gcb8302.tif,2.634,8.411,0.468,3.446,635,160,124.114,1.439,3.157,0.317,0.748
3243,gcb8302.tif,0.694,3.793,0.607,1.455,840,160,108.435,0.731,2.059,0.486,0.816
3244,gcb8302.tif,2.151,7.455,0.486,2.680,497,161,105.945,1.301,2.711,0.369,0.743
3245,gcb8302.tif,0.161,1.463,0.944,0.617,213,163,153.435,0.368,1.378,0.726,0.884
3246,gcb8302.tif,0.085,1.095,0.887,0.460,143,163,126.870,0.325,1.327,0.754,0.800
3247,gcb8302.tif,0.102,1.355,0.695,0.589,347,168,38.660,0.335,1.917,0.522,0.750
3248,gcb8302.tif,0.085,1.095,0.887,0.496,598,165,158.199,0.276,1.690,0.592,0.833
3249,gcb8302.tif,2.202,10.004,0.276,3.995,700,164,128.454,1.129,4.740,0.211,0.640
3250,gcb8302.tif,0.186,1.517,1.000,0.589,613,167,128.660,0.460,1.083,0.923,0.936
3251,gcb8302.tif,0.449,2.460,0.932,0.947,330,178,60.945,0.644,1.343,0.745,0.922
3252,gcb8302.tif,0.059,0.781,1.000,0.390,418,172,45.000,0.260,1.596,0.626,0.875
3253,gcb8302.tif,1.372,5.256,0.624,2.098,481,169,105.255,0.955,2.507,0.399,0.814
3254,gcb8302.tif,1.338,5.049,0.659,1.813,688,187,66.038,1.236,1.728,0.579,0.806
3255,gcb8302.tif,0.906,3.631,0.864,1.393,793,169,97.595,0.920,1.479,0.676,0.899
3256,gcb8302.tif,0.051,0.781,1.000,0.332,220,171,146.310,0.276,1.124,0.890,0.800
3257,gcb8302.tif,2.176,7.554,0.479,2.745,556,195,50.440,1.472,2.508,0.399,0.736
3258,gcb8302.tif,1.465,4.627,0.860,1.770,525,173,98.973,1.104,1.557,0.642,0.918
3259,gcb8302.tif,0.220,1.723,0.932,0.664,656,173,123.690,0.524,1.288,0.776,0.852
3260,gcb8302.tif,0.593,3.218,0.719,1.318,113,174,102.095,0.552,2.275,0.440,0.915
3261,gcb8302.tif,0.102,1.333,0.719,0.582,398,174,108.435,0.276,2.011,0.497,0.828
3262,gcb8302.tif,0.677,3.110,0.880,1.077,467,185,70.017,0.920,1.156,0.865,0.884
3263,gcb8302.tif,0.076,0.889,1.000,0.390,511,174,135.000,0.276,1.000,1.000,1.000
3264,gcb8302.tif,0.356,2.092,1.000,0.792,550,177,125.538,0.644,1.137,0.880,0.933
3265,gcb8302.tif,0.161,1.409,1.000,0.537,592,178,149.036,0.460,1.009,0.991,0.864
3266,gcb8302.tif,0.567,2.666,1.000,0.995,580,190,56.310,0.736,1.242,0.805,0.937
3267,gcb8302.tif,1.711,7.890,0.345,2.278,353,182,133.363,1.840,1.057,0.946,0.603
3268,gcb8302.tif,0.093,1.019,1.000,0.460,670,185,36.870,0.276,1.372,0.729,0.957
3269,gcb8302.tif,0.508,2.742,0.849,1.123,417,191,34.992,0.700,1.775,0.563,0.870
3270,gcb8302.tif,0.119,1.225,0.993,0.496,198,184,111.801,0.368,1.437,0.696,0.824
3271,gcb8302.tif,0.703,3.187,0.870,1.228,339,184,102.995,0.828,1.589,0.629,0.878
3272,gcb8302.tif,0.093,1.019,1.000,0.460,317,187,143.130,0.276,1.372,0.729,0.957
3273,gcb8302.tif,0.534,2.872,0.813,1.178,859,188,141.340,0.716,1.630,0.613,0.851
3274,gcb8302.tif,1.118,4.161,0.811,1.659,597,188,109.440,0.920,1.695,0.590,0.910
3275,gcb8302.tif,0.059,0.835,1.000,0.390,617,191,45.000,0.276,1.380,0.725,0.875
3276,gcb8302.tif,1.914,5.148,0.908,1.770,638,209,62.103,1.564,1.123,0.890,0.926
3277,gcb8302.tif,0.127,1.279,0.976,0.589,684,195,38.660,0.368,1.759,0.569,0.882
3278,gcb8302.tif,0.085,1.019,1.000,0.412,583,194,116.565,0.276,1.236,0.809,0.909
3279,gcb8302.tif,0.821,4.313,0.555,1.573,318,198,159.444,0.828,2.297,0.435,0.792
3280,gcb8302.tif,0.864,5.116,0.415,1.941,691,196,121.430,0.947,2.008,0.498,0.675
3281,gcb8302.tif,0.991,3.954,0.796,1.573,135,214,69.444,0.828,1.789,0.559,0.929
3282,gcb8302.tif,3.379,8.182,0.634,3.379,428,198,119.358,1.451,2.620,0.382,0.867
3283,gcb8302.tif,0.483,2.666,0.853,0.995,612,208,56.310,0.736,1.347,0.742,0.870
3284,gcb8302.tif,0.821,3.631,0.783,1.368,480,213,47.726,1.012,1.207,0.828,0.858
3285,gcb8302.tif,1.016,3.662,0.952,1.368,555,201,109.654,0.920,1.355,0.738,0.945
3286,gcb8302.tif,1.651,4.735,0.925,1.736,582,204,122.005,1.288,1.276,0.784,0.940
3287,gcb8302.tif,0.102,1.073,1.000,0.460,400,205,143.130,0.276,1.333,0.750,1.000
3288,gcb8302.tif,0.432,2.352,0.981,0.848,541,205,130.601,0.736,1.056,0.947,0.911
3289,gcb8302.tif,0.500,2.742,0.835,1.073,304,216,59.036,0.736,1.444,0.692,0.881
3290,gcb8302.tif,1.355,6.091,0.459,2.256,602,206,101.768,1.150,2.178,0.459,0.705
3291,gcb8302.tif,0.119,1.149,1.000,0.460,664,207,126.870,0.368,1.020,0.981,0.933
3292,gcb8302.tif,3.269,10.327,0.385,3.465,371,245,79.287,1.840,2.173,0.460,0.717
3293,gcb8302.tif,2.202,5.494,0.917,1.950,410,209,109.290,1.472,1.298,0.770,0.940
3294,gcb8302.tif,3.972,7.531,0.880,2.635,496,237,77.905,2.025,1.282,0.780,0.945
3295,gcb8302.tif,1.474,4.735,0.826,1.808,519,229,75.256,1.104,1.447,0.691,0.909
3296,gcb8302.tif,1.617,6.764,0.444,2.148,341,212,136.736,1.641,1.458,0.686,0.691
3297,gcb8302.tif,0.220,1.593,1.000,0.617,569,212,116.565,0.460,1.184,0.845,0.929
3298,gcb8302.tif,0.584,2.850,0.904,1.029,314,225,63.435,0.803,1.247,0.802,0.896
3299,gcb8302.tif,0.423,2.774,0.692,1.196,636,221,22.620,0.499,2.745,0.364,0.862
3300,gcb8302.tif,0.550,3.110,0.715,1.228,733,216,102.995,0.644,1.912,0.523,0.844
3301,gcb8302.tif,1.008,5.853,0.370,1.863,620,236,69.775,1.251,1.877,0.533,0.607
3302,gcb8302.tif,0.152,1.409,0.965,0.582,450,221,18.435,0.368,1.416,0.706,0.878
3303,gcb8302.tif,0.500,2.872,0.761,1.235,189,219,116.565,0.666,2.015,0.496,0.849
3304,gcb8302.tif,8.003,19.973,0.252,5.181,535,222,160.278,3.550,1.459,0.686,0.644
3305,gcb8302.tif,0.152,1.355,1.000,0.537,695,225,30.964,0.453,1.257,0.795,0.857
3306,gcb8302.tif,0.847,3.294,0.981,1.238,472,225,131.987,1.012,1.172,0.854,0.935
3307,gcb8302.tif,0.830,6.405,0.254,2.768,923,255,74.578,0.617,6.310,0.158,0.607
3308,gcb8302.tif,0.296,2.114,0.834,0.792,516,231,144.462,0.568,1.470,0.680,0.824
3309,gcb8302.tif,0.229,1.854,0.836,0.742,199,238,60.255,0.535,1.403,0.713,0.806
3310,gcb8302.tif,0.178,1.485,1.000,0.617,356,231,116.565,0.455,1.318,0.759,0.857
3311,gcb8302.tif,0.373,2.199,0.968,0.868,652,233,147.995,0.552,1.322,0.756,0.967
3312,gcb8302.tif,0.932,5.678,0.363,2.328,607,233,108.435,0.794,3.575,0.280,0.688
3313,gcb8302.tif,0.423,2.742,0.708,1.153,382,241,28.610,0.571,2.437,0.410,0.833
3314,gcb8302.tif,2.363,7.868,0.480,3.014,402,263,58.736,1.440,2.477,0.404,0.740
3315,gcb8302.tif,3.972,13.968,0.256,4.037,435,265,43.152,2.739,1.658,0.603,0.557
3316,gcb8302.tif,0.491,2.482,1.000,0.947,690,235,119.055,0.736,1.211,0.826,0.913
3317,gcb8302.tif,0.957,3.685,0.886,1.308,528,248,39.289,1.059,1.236,0.809,0.893
3318,gcb8302.tif,0.102,1.149,0.967,0.521,345,243,45.000,0.368,1.419,0.705,0.889
3319,gcb8302.tif,0.152,1.333,1.000,0.537,488,239,120.964,0.368,1.248,0.801,0.947
3320,gcb8302.tif,0.483,2.590,0.904,1.073,667,248,30.964,0.644,1.541,0.649,0.942
3321,gcb8302.tif,0.085,1.019,1.000,0.412,433,242,116.565,0.276,1.236,0.809,0.909
3322,gcb8302.tif,0.618,2.818,0.978,1.077,472,242,109.983,0.828,1.288,0.776,0.901
3323,gcb8302.tif,2.193,5.646,0.865,2.018,647,243,114.228,1.534,1.296,0.771,0.917
3324,gcb8302.tif,2.286,6.243,0.737,2.346,481,264,41.820,1.425,1.683,0.594,0.871
3325,gcb8302.tif,1.075,3.815,0.929,1.440,697,247,116.565,1.077,1.319,0.758,0.917
3326,gcb8302.tif,1.457,5.094,0.705,1.689,585,263,29.358,1.339,1.118,0.894,0.847
3327,gcb8302.tif,0.229,1.701,0.993,0.664,635,250,123.690,0.460,1.246,0.802,0.947
3328,gcb8302.tif,0.373,2.406,0.809,0.991,713,251,111.801,0.552,1.563,0.640,0.889
3329,gcb8302.tif,0.229,1.647,1.000,0.664,387,252,123.690,0.460,1.210,0.826,0.947
3330,gcb8302.tif,0.906,3.501,0.929,1.252,533,253,107.103,1.012,1.238,0.808,0.907
3331,gcb8302.tif,0.474,2.666,0.838,1.049,674,253,105.255,0.644,1.569,0.637,0.882
3332,gcb8302.tif,0.288,1.930,0.972,0.786,315,254,110.556,0.552,1.391,0.719,0.861
3333,gcb8302.tif,0.085,1.355,0.579,0.589,421,254,141.340,0.312,2.444,0.409,0.667
3334,gcb8302.tif,0.593,2.958,0.851,1.235,280,255,116.565,0.644,1.724,0.580,0.933
3335,gcb8302.tif,2.329,6.014,0.809,2.400,337,277,32.471,1.460,1.758,0.569,0.920
3336,gcb8302.tif,0.051,0.781,1.000,0.332,546,260,123.690,0.260,1.291,0.775,0.800
3337,gcb8302.tif,0.169,2.038,0.513,0.873,924,269,71.565,0.368,2.590,0.386,0.656
3338,gcb8302.tif,0.110,1.095,1.000,0.460,613,266,36.870,0.368,1.159,0.863,0.897
3339,gcb8302.tif,0.847,4.107,0.631,1.659,630,262,109.440,0.722,2.713,0.369,0.855
3340,gcb8302.tif,2.397,8.757,0.393,3.650,519,263,123.690,1.181,3.903,0.256,0.726
3341,gcb8302.tif,0.390,2.276,0.945,0.920,676,265,126.870,0.644,1.197,0.835,0.911
3342,gcb8302.tif,0.271,1.907,0.936,0.719,692,271,50.194,0.552,1.157,0.865,0.877
3343,gcb8302.tif,0.212,1.593,1.000,0.719,252,267,129.806,0.460,1.447,0.691,0.926
3344,gcb8302.tif,0.186,1.984,0.595,0.873,405,270,161.565,0.361,2.865,0.349,0.772
3345,gcb8302.tif,0.923,4.789,0.506,1.976,651,269,152.241,0.799,3.205,0.312,0.715
3346,gcb8302.tif,0.076,1.225,0.638,0.460,864,269,126.870,0.349,1.352,0.739,0.692
3347,gcb8302.tif,0.508,2.872,0.774,1.238,394,280,48.013,0.651,2.005,0.499,0.863
3348,gcb8302.tif,0.635,2.872,0.967,1.077,462,270,109.983,0.828,1.262,0.792,0.904
3349,gcb8302.tif,3.887,12.886,0.294,3.810,423,300,37.147,2.205,2.216,0.451,0.601
3350,gcb8302.tif,2.532,6.068,0.864,2.273,489,271,111.371,1.534,1.500,0.667,0.929
3351,gcb8302.tif,1.059,4.367,0.697,1.808,923,272,104.744,0.736,2.227,0.449,0.929
3352,gcb8302.tif,0.330,2.145,0.902,0.873,510,276,108.435,0.460,1.638,0.611,0.929
3353,gcb8302.tif,0.720,2.980,1.000,1.123,678,287,55.008,0.828,1.211,0.825,0.950
3354,gcb8302.tif,0.415,2.276,1.000,0.848,622,286,40.601,0.644,1.121,0.892,0.942
3355,gcb8302.tif,0.661,3.187,0.817,1.318,374,286,24.775,0.786,1.778,0.563,0.891
3356,gcb8302.tif,0.644,3.555,0.640,1.509,646,280,127.569,0.700,2.527,0.396,0.822
3357,gcb8302.tif,0.584,2.742,0.976,1.029,474,281,100.305,0.736,1.282,0.780,0.914
3358,gcb8302.tif,2.879,7.293,0.680,2.785,587,311,82.405,1.358,2.183,0.458,0.888
3359,gcb8302.tif,0.237,1.800,0.920,0.701,263,290,66.801,0.552,1.354,0.738,0.836
3360,gcb8302.tif,0.322,2.015,0.996,0.792,352,283,125.538,0.552,1.220,0.820,0.950
3361,gcb8302.tif,0.144,1.333,1.000,0.537,364,283,149.036,0.368,1.336,0.749,0.919
3362,gcb8302.tif,0.152,1.539,0.808,0.617,868,285,153.435,0.453,1.427,0.701,0.818
3363,gcb8302.tif,3.125,10.579,0.351,3.166,328,284,125.538,1.901,2.311,0.433,0.652
3364,gcb8302.tif,0.186,1.463,1.000,0.589,392,284,128.660,0.460,1.101,0.908,0.936
3365,gcb8302.tif,0.076,1.041,0.884,0.460,667,286,126.870,0.260,1.915,0.522,0.783
3366,gcb8302.tif,0.322,2.038,0.974,0.792,342,288,125.538,0.552,1.371,0.729,0.905
3367,gcb8302.tif,0.296,2.015,0.917,0.823,161,297,63.435,0.460,1.632,0.613,0.933
3368,gcb8302.tif,0.644,2.980,0.911,1.164,405,302,71.565,0.736,1.448,0.691,0.910
3369,gcb8302.tif,0.085,0.965,1.000,0.460,502,292,143.130,0.276,1.551,0.645,0.909
3370,gcb8302.tif,0.974,3.793,0.851,1.573,295,309,69.444,0.828,1.801,0.555,0.935
3371,gcb8302.tif,0.305,1.961,0.996,0.742,819,300,60.255,0.552,1.116,0.896,0.935
3372,gcb8302.tif,1.143,3.923,0.934,1.440,387,294,116.565,1.104,1.244,0.804,0.928
3373,gcb8302.tif,0.398,2.222,1.000,0.906,606,295,156.038,0.552,1.505,0.664,0.940
3374,gcb8302.tif,0.745,3.425,0.799,1.340,455,296,105.945,0.812,1.712,0.584,0.876
3375,gcb8302.tif,0.466,2.666,0.823,1.120,683,296,99.462,0.552,1.793,0.558,0.917
3376,gcb8302.tif,1.736,4.888,0.913,1.787,501,318,78.111,1.288,1.342,0.745,0.932
3377,gcb8302.tif,0.152,1.409,0.965,0.537,710,299,120.964,0.460,1.102,0.908,0.837
3378,gcb8302.tif,1.626,5.678,0.634,2.256,921,299,101.768,0.920,2.535,0.394,0.887
3379,gcb8302.tif,0.102,1.149,0.967,0.496,750,300,111.801,0.276,1.579,0.633,0.889
3380,gcb8302.tif,1.668,9.061,0.255,3.394,463,337,77.471,1.056,4.354,0.230,0.597
3381,gcb8302.tif,0.517,2.666,0.913,0.978,483,309,41.186,0.828,1.077,0.929,0.897
3382,gcb8302.tif,0.449,2.406,0.975,0.947,645,311,60.945,0.644,1.350,0.741,0.930
3383,gcb8302.tif,0.330,2.244,0.824,0.873,599,312,71.565,0.644,1.429,0.700,0.821
3384,gcb8302.tif,5.513,12.984,0.411,4.058,417,314,147.031,2.670,1.682,0.594,0.669
3385,gcb8302.tif,1.075,3.954,0.864,1.543,527,304,107.354,0.828,1.753,0.571,0.958
3386,gcb8302.tif,0.279,1.907,0.965,0.786,140,306,110.556,0.460,1.611,0.621,0.917
3387,gcb8302.tif,0.212,1.670,0.954,0.664,631,306,123.690,0.521,1.240,0.806,0.862
3388,gcb8302.tif,0.093,1.095,0.976,0.460,369,311,36.870,0.368,1.269,0.788,0.815
3389,gcb8302.tif,1.787,7.370,0.413,2.935,749,308,138.814,1.089,3.541,0.282,0.682
3390,gcb8302.tif,0.356,2.145,0.971,0.792,240,308,125.538,0.644,1.114,0.898,0.923
3391,gcb8302.tif,2.244,6.459,0.676,2.591,721,335,73.496,1.380,1.903,0.526,0.877
3392,gcb8302.tif,0.059,0.835,1.000,0.332,91,309,123.690,0.276,1.069,0.936,0.875
3393,gcb8302.tif,0.144,1.279,1.000,0.537,568,309,120.964,0.368,1.263,0.792,0.919
3394,gcb8302.tif,0.872,3.555,0.867,1.380,656,323,53.130,0.976,1.427,0.701,0.900
3395,gcb8302.tif,0.144,1.539,0.763,0.617,488,312,116.565,0.437,1.465,0.682,0.756
3396,gcb8302.tif,1.922,7.598,0.418,2.745,388,313,103.570,1.260,2.695,0.371,0.694
3397,gcb8302.tif,0.398,2.329,0.922,0.920,671,321,53.130,0.552,1.484,0.674,0.940
3398,gcb8302.tif,0.906,3.586,0.885,1.405,575,315,121.608,0.920,1.378,0.726,0.939
3399,gcb8302.tif,0.051,1.149,0.484,0.460,91,316,126.870,0.260,2.066,0.484,0.667
3400,gcb8302.tif,0.135,1.463,0.795,0.617,198,322,63.435,0.368,1.336,0.749,0.821
3401,gcb8302.tif,0.296,2.092,0.851,0.823,270,325,63.435,0.552,1.444,0.692,0.875
3402,gcb8302.tif,2.617,8.626,0.442,2.761,513,317,126.870,1.653,1.998,0.501,0.742
3403,gcb8302.tif,1.423,5.700,0.550,1.991,684,317,123.690,1.295,2.041,0.490,0.718
3404,gcb8302.tif,0.728,4.336,0.487,1.610,590,318,149.036,0.777,2.551,0.392,0.705
3405,gcb8302.tif,0.610,2.850,0.943,1.073,339,322,120.964,0.812,1.284,0.779,0.917
3406,gcb8302.tif,0.144,1.463,0.845,0.617,172,325,116.565,0.368,1.641,0.609,0.850
3407,gcb8302.tif,0.144,1.279,1.000,0.537,662,325,120.964,0.368,1.263,0.792,0.919
3408,gcb8302.tif,0.762,4.389,0.497,1.736,287,327,122.005,0.791,2.575,0.388,0.717
3409,gcb8302.tif,0.178,1.571,0.906,0.651,640,327,135.000,0.460,1.230,0.813,0.913
3410,gcb8302.tif,0.076,0.889,1.000,0.390,489,328,135.000,0.276,1.000,1.000,1.000
3411,gcb8302.tif,0.406,2.298,0.967,0.873,615,329,108.435,0.644,1.329,0.752,0.897
3412,gcb8302.tif,0.525,2.742,0.877,1.112,735,329,114.444,0.714,1.696,0.590,0.879
3413,gcb8302.tif,0.051,0.835,0.916,0.390,818,334,45.000,0.260,1.593,0.628,0.857
3414,gcb8302.tif,1.025,3.685,0.948,1.318,358,332,114.775,1.065,1.202,0.832,0.913
3415,gcb8302.tif,0.559,2.720,0.949,1.029,628,332,116.565,0.736,1.303,0.768,0.923
3416,gcb8302.tif,0.559,3.631,0.533,1.498,230,333,100.620,0.552,2.581,0.387,0.830
3417,gcb8302.tif,0.788,4.443,0.501,1.787,467,349,55.491,0.893,2.773,0.361,0.689
3418,gcb8302.tif,0.805,3.294,0.932,1.196,653,333,112.620,0.920,1.247,0.802,0.922
3419,gcb8302.tif,0.813,4.497,0.505,1.861,261,354,81.469,0.607,3.413,0.293,0.831
3420,gcb8302.tif,0.127,1.203,1.000,0.521,408,338,45.000,0.368,1.137,0.880,0.968
3421,gcb8302.tif,0.246,1.723,1.000,0.664,569,343,33.690,0.552,1.182,0.846,0.906
3422,gcb8302.tif,3.269,7.172,0.798,2.469,580,363,63.435,1.933,1.258,0.795,0.913
3423,gcb8302.tif,0.254,2.038,0.769,0.823,200,340,116.565,0.494,1.807,0.554,0.833
3424,gcb8302.tif,1.059,4.780,0.582,1.607,287,355,13.241,1.245,1.445,0.692,0.746
3425,gcb8302.tif,1.313,5.830,0.485,2.187,394,367,67.751,1.014,2.753,0.363,0.752
3426,gcb8302.tif,2.024,6.405,0.620,2.148,674,346,136.736,1.368,1.687,0.593,0.805
3427,gcb8302.tif,2.862,7.531,0.634,2.761,413,350,126.870,1.607,1.876,0.533,0.861
3428,gcb8302.tif,0.440,2.352,1.000,0.920,451,353,36.870,0.716,1.286,0.778,0.929
3429,gcb8302.tif,0.220,1.723,0.932,0.664,654,353,56.310,0.552,1.190,0.841,0.852
3430,gcb8302.tif,0.246,1.755,1.000,0.719,727,353,50.194,0.460,1.215,0.823,0.983
3431,gcb8302.tif,0.423,2.504,0.848,0.873,334,357,71.565,0.728,1.166,0.858,0.840
3432,gcb8302.tif,2.566,6.957,0.666,2.635,464,378,77.905,1.384,2.140,0.467,0.867
3433,gcb8302.tif,0.254,1.777,1.000,0.742,566,350,119.745,0.460,1.349,0.741,0.938
3434,gcb8302.tif,0.119,1.149,1.000,0.460,311,351,126.870,0.368,1.125,0.889,0.933
3435,gcb8302.tif,2.117,6.827,0.571,2.619,357,351,108.435,1.186,2.695,0.371,0.816
3436,gcb8302.tif,4.852,11.454,0.465,4.161,601,360,161.966,2.195,2.283,0.438,0.747
3437,gcb8302.tif,0.169,1.409,1.000,0.537,403,360,120.964,0.460,1.083,0.923,0.889
3438,gcb8302.tif,0.110,1.095,1.000,0.460,436,360,126.870,0.368,1.159,0.863,0.897
3439,gcb8302.tif,0.135,1.279,1.000,0.521,482,361,135.000,0.368,1.150,0.869,0.889
3440,gcb8302.tif,0.457,2.482,0.933,0.906,655,361,113.962,0.736,1.245,0.803,0.893
3441,gcb8302.tif,0.195,1.831,0.730,0.759,239,365,104.036,0.368,2.089,0.479,0.852
3442,gcb8302.tif,0.254,1.930,0.857,0.792,318,373,35.538,0.485,1.815,0.551,0.833
3443,gcb8302.tif,0.330,2.536,0.645,1.029,145,369,100.305,0.460,1.901,0.526,0.857
3444,gcb8302.tif,0.271,1.907,0.936,0.759,707,369,104.036,0.460,1.524,0.656,0.901
3445,gcb8302.tif,0.618,2.796,0.994,1.073,587,380,59.036,0.828,1.227,0.815,0.936
3446,gcb8302.tif,0.974,4.443,0.620,1.808,392,375,165.256,0.858,2.492,0.401,0.816
3447,gcb8302.tif,7.130,18.811,0.253,5.765,412,390,171.741,2.925,2.552,0.392,0.613
3448,gcb8302.tif,0.872,3.393,0.952,1.252,373,382,36.027,0.976,1.304,0.767,0.904
3449,gcb8302.tif,0.872,4.053,0.667,1.589,568,390,79.992,0.760,2.416,0.414,0.834
3450,gcb8302.tif,1.533,5.494,0.638,1.969,602,375,127.405,1.228,1.896,0.527,0.794
3451,gcb8302.tif,2.744,8.097,0.526,2.717,644,391,28.301,1.876,1.613,0.620,0.749
3452,gcb8302.tif,1.177,4.713,0.666,1.967,177,376,100.784,0.828,2.415,0.414,0.903
3453,gcb8302.tif,0.119,1.149,1.000,0.460,523,376,126.870,0.368,1.020,0.981,0.933
3454,gcb8302.tif,0.102,1.355,0.695,0.617,755,380,26.565,0.335,2.171,0.461,0.727
3455,gcb8302.tif,0.779,3.218,0.945,1.178,475,379,128.660,0.828,1.311,0.763,0.934
3456,gcb8302.tif,1.973,6.741,0.546,2.503,715,401,53.973,1.457,2.088,0.479,0.744
3457,gcb8302.tif,0.457,2.428,0.975,0.978,389,380,131.186,0.716,1.397,0.716,0.900
3458,gcb8302.tif,0.762,3.218,0.925,1.235,623,394,63.435,0.828,1.407,0.710,0.933
3459,gcb8302.tif,0.440,2.406,0.956,0.920,544,393,36.870,0.728,1.273,0.786,0.912
3460,gcb8302.tif,0.271,2.190,0.710,0.792,743,395,54.462,0.553,1.533,0.652,0.771
3461,gcb8302.tif,0.093,1.149,0.887,0.496,234,394,68.199,0.276,1.772,0.564,0.846
3462,gcb8302.tif,0.305,1.961,0.996,0.742,573,398,60.255,0.552,1.116,0.896,0.935
3463,gcb8302.tif,0.102,1.073,1.000,0.460,358,392,143.130,0.276,1.333,0.750,1.000
3464,gcb8302.tif,0.517,2.796,0.830,1.041,330,395,135.000,0.736,1.382,0.724,0.871
3465,gcb8302.tif,0.068,0.911,1.000,0.412,388,397,26.565,0.276,1.554,0.644,0.800
3466,gcb8302.tif,0.068,0.835,1.000,0.390,507,398,45.000,0.276,1.229,0.814,0.941
3467,gcb8302.tif,0.220,1.647,1.000,0.664,640,402,56.310,0.460,1.224,0.817,0.929
3468,gcb8302.tif,0.119,1.149,1.000,0.460,563,397,126.870,0.368,1.020,0.981,0.933
3469,gcb8302.tif,0.618,2.796,0.994,0.995,546,406,33.690,0.828,1.124,0.889,0.930
3470,gcb8302.tif,2.075,6.405,0.636,2.567,371,427,75.466,1.292,2.262,0.442,0.832
3471,gcb8302.tif,0.186,1.571,0.949,0.664,748,406,56.310,0.368,1.573,0.636,0.957
3472,gcb8302.tif,1.313,4.434,0.839,1.631,480,401,106.390,1.288,1.127,0.888,0.868
3473,gcb8302.tif,4.217,9.721,0.561,3.395,606,405,122.829,2.017,1.929,0.518,0.805
3474,gcb8302.tif,1.440,4.704,0.818,1.689,657,415,29.358,1.171,1.455,0.687,0.897
3475,gcb8302.tif,2.930,8.496,0.510,2.854,566,409,159.228,1.850,1.795,0.557,0.732
3476,gcb8302.tif,2.117,6.037,0.730,2.166,700,405,102.265,1.472,1.581,0.632,0.868
3477,gcb8302.tif,0.694,3.555,0.691,1.359,412,419,61.699,0.860,1.463,0.684,0.824
3478,gcb8302.tif,0.127,1.279,0.976,0.589,317,407,128.660,0.368,1.759,0.569,0.882
3479,gcb8302.tif,1.584,5.484,0.662,2.037,399,407,108.435,1.276,1.770,0.565,0.796
3480,gcb8302.tif,0.296,1.961,0.968,0.823,447,408,153.435,0.460,1.600,0.625,0.946
3481,gcb8302.tif,0.254,1.854,0.929,0.792,905,408,125.538,0.521,1.537,0.651,0.882
3482,gcb8302.tif,1.016,3.685,0.941,1.282,433,423,68.962,1.104,1.060,0.943,0.913
3483,gcb8302.tif,1.346,5.960,0.476,2.241,501,411,109.179,0.904,3.019,0.331,0.754
3484,gcb8302.tif,2.329,8.236,0.431,2.736,539,433,42.274,1.506,2.216,0.451,0.727
3485,gcb8302.tif,1.380,4.758,0.766,1.770,639,412,117.897,1.276,1.441,0.694,0.865
3486,gcb8302.tif,0.093,1.149,0.887,0.521,755,413,135.000,0.349,1.548,0.646,0.815
3487,gcb8302.tif,0.745,3.187,0.922,1.200,523,423,32.471,0.902,1.389,0.720,0.912
3488,gcb8302.tif,4.294,12.895,0.324,5.246,724,467,68.385,1.577,4.596,0.218,0.612
3489,gcb8302.tif,0.398,3.425,0.426,1.327,287,415,146.310,0.581,3.139,0.319,0.623
3490,gcb8302.tif,2.871,9.179,0.428,3.299,473,452,67.011,1.517,2.611,0.383,0.736
3491,gcb8302.tif,0.305,1.984,0.974,0.742,665,421,150.255,0.644,1.116,0.896,0.889
3492,gcb8302.tif,0.178,1.777,0.707,0.759,851,419,104.036,0.368,2.247,0.445,0.824
3493,gcb8302.tif,0.330,2.038,1.000,0.786,159,421,110.556,0.552,1.348,0.742,0.918
3494,gcb8302.tif,1.584,5.126,0.757,2.076,322,423,102.804,1.104,1.997,0.501,0.914
3495,gcb8302.tif,0.178,1.647,0.824,0.701,115,431,66.801,0.368,1.740,0.575,0.875
3496,gcb8302.tif,0.263,1.854,0.960,0.701,194,431,66.801,0.552,1.237,0.808,0.873
3497,gcb8302.tif,0.898,3.555,0.893,1.252,390,424,126.027,1.012,1.118,0.895,0.922
3498,gcb8302.tif,0.288,2.038,0.871,0.823,712,432,63.435,0.552,1.320,0.757,0.883
3499,gcb8302.tif,0.059,0.781,1.000,0.390,274,428,45.000,0.260,1.596,0.626,0.875
3500,gcb8302.tif,0.322,2.114,0.905,0.823,354,425,116.565,0.625,1.396,0.716,0.844
3501,gcb8302.tif,0.220,1.670,0.993,0.670,440,438,74.055,0.460,1.349,0.742,0.881
3502,gcb8302.tif,1.482,5.386,0.642,2.058,519,444,26.565,1.343,1.466,0.682,0.805
3503,gcb8302.tif,0.991,4.237,0.694,1.607,639,433,156.371,0.989,1.646,0.608,0.830
3504,gcb8302.tif,0.237,2.006,0.740,0.848,361,439,40.601,0.455,2.129,0.470,0.767
3505,gcb8302.tif,1.668,5.830,0.617,2.154,598,432,109.983,1.104,2.215,0.451,0.845
3506,gcb8302.tif,0.186,1.593,0.922,0.617,382,439,63.435,0.460,1.152,0.868,0.846
3507,gcb8302.tif,0.576,2.774,0.941,1.029,416,433,116.565,0.736,1.319,0.758,0.932
3508,gcb8302.tif,1.516,5.484,0.633,2.037,663,454,71.565,1.196,2.131,0.469,0.806
3509,gcb8302.tif,1.609,4.910,0.839,1.840,816,450,53.130,1.233,1.525,0.656,0.918
3510,gcb8302.tif,0.457,2.590,0.857,1.049,428,435,105.255,0.552,1.822,0.549,0.915
3511,gcb8302.tif,0.263,1.800,1.000,0.701,571,435,113.199,0.552,1.241,0.806,0.886
3512,gcb8302.tif,0.068,0.835,1.000,0.390,495,439,45.000,0.276,1.229,0.814,0.941
3513,gcb8302.tif,1.135,5.180,0.532,1.982,109,458,68.199,1.005,2.020,0.495,0.793
3514,gcb8302.tif,0.559,3.110,0.726,1.171,629,449,45.000,0.786,1.389,0.720,0.863
3515,gcb8302.tif,4.099,13.276,0.292,4.546,534,487,68.629,1.914,2.726,0.367,0.600
3516,gcb8302.tif,0.576,2.742,0.962,1.049,698,452,74.745,0.736,1.340,0.746,0.907
3517,gcb8302.tif,0.720,3.586,0.703,1.498,125,444,100.620,0.644,2.502,0.400,0.890
3518,gcb8302.tif,0.119,1.301,0.880,0.496,402,444,111.801,0.412,1.102,0.907,0.757
3519,gcb8302.tif,0.745,3.164,0.935,1.200,446,447,122.471,0.828,1.414,0.707,0.936
3520,gcb8302.tif,1.372,4.421,0.882,1.631,489,463,73.610,1.104,1.467,0.682,0.934
3521,gcb8302.tif,0.593,2.904,0.883,1.112,563,446,114.444,0.736,1.341,0.746,0.903
3522,gcb8302.tif,0.406,2.450,0.851,0.938,805,448,168.690,0.736,1.182,0.846,0.835
3523,gcb8302.tif,2.100,6.481,0.628,2.527,578,449,123.111,1.317,2.377,0.421,0.807
3524,gcb8302.tif,0.127,1.203,1.000,0.521,673,447,135.000,0.368,1.137,0.880,0.968
3525,gcb8302.tif,0.686,3.187,0.849,1.228,325,461,77.005,0.828,1.458,0.686,0.876
3526,gcb8302.tif,1.541,5.745,0.587,2.247,771,463,34.992,1.290,1.964,0.509,0.796
3527,gcb8302.tif,0.212,1.593,1.000,0.617,832,449,116.565,0.460,1.230,0.813,0.909
3528,gcb8302.tif,0.711,3.110,0.924,1.164,408,450,108.435,0.828,1.340,0.746,0.913
3529,gcb8302.tif,0.085,0.965,1.000,0.412,522,453,153.435,0.276,1.236,0.809,0.909
3530,gcb8302.tif,0.805,3.348,0.902,1.200,647,464,57.529,0.920,1.186,0.843,0.913
3531,gcb8302.tif,2.371,5.884,0.861,2.166,433,456,102.265,1.472,1.514,0.660,0.932
3532,gcb8302.tif,0.330,2.352,0.750,1.029,792,463,26.565,0.494,2.388,0.419,0.867
3533,gcb8302.tif,0.703,3.110,0.913,1.138,685,458,104.036,0.828,1.306,0.766,0.907
3534,gcb8302.tif,1.228,5.440,0.521,2.241,361,484,70.821,0.961,2.296,0.435,0.786
3535,gcb8302.tif,3.565,9.861,0.461,3.813,624,500,70.253,1.804,2.018,0.495,0.772
3536,gcb8302.tif,1.059,4.605,0.627,1.777,659,461,111.251,0.828,2.300,0.435,0.842
3537,gcb8302.tif,0.263,2.145,0.717,0.961,160,473,73.301,0.368,2.192,0.456,0.899
3538,gcb8302.tif,0.965,3.555,0.960,1.282,501,471,21.038,1.012,1.200,0.833,0.927
3539,gcb8302.tif,0.237,1.723,1.000,0.664,127,465,123.690,0.552,1.136,0.880,0.889
3540,gcb8302.tif,0.195,1.539,1.000,0.617,292,471,26.565,0.460,1.227,0.815,0.902
3541,gcb8302.tif,1.177,5.431,0.502,1.991,468,484,56.310,1.055,2.472,0.405,0.724
3542,gcb8302.tif,0.584,2.904,0.871,1.049,553,476,52.125,0.815,1.268,0.789,0.902
3543,gcb8302.tif,1.211,5.408,0.520,1.967,922,467,100.784,1.065,1.913,0.523,0.810
3544,gcb8302.tif,0.771,3.555,0.766,1.440,412,469,116.565,0.870,1.736,0.576,0.850
3545,gcb8302.tif,0.500,2.850,0.773,1.138,330,484,75.964,0.644,1.655,0.604,0.881
3546,gcb8302.tif,0.152,1.701,0.662,0.759,272,481,75.964,0.276,2.403,0.416,0.857
3547,gcb8302.tif,0.246,1.777,0.977,0.664,519,474,123.690,0.552,1.034,0.967,0.921
3548,gcb8302.tif,0.229,1.723,0.967,0.742,236,475,119.745,0.460,1.626,0.615,0.900
3549,gcb8302.tif,1.160,4.031,0.897,1.573,567,475,110.556,0.920,1.603,0.624,0.951
3550,gcb8302.tif,5.428,12.495,0.437,4.352,717,475,103.449,2.120,2.523,0.396,0.733
3551,gcb8302.tif,9.358,20.938,0.268,6.282,450,478,121.827,3.965,1.570,0.637,0.547
3552,gcb8302.tif,0.085,1.225,0.709,0.537,425,480,30.964,0.320,1.763,0.567,0.714
3553,gcb8302.tif,0.627,3.685,0.580,1.564,740,493,61.928,0.649,2.988,0.335,0.783
3554,gcb8302.tif,0.076,0.965,1.000,0.412,595,483,63.435,0.276,1.340,0.746,0.857
3555,gcb8302.tif,0.423,2.581,0.799,0.961,638,489,73.301,0.700,1.315,0.760,0.820
3556,gcb8302.tif,1.126,4.129,0.830,1.607,665,481,103.241,0.993,1.586,0.631,0.899
3557,gcb8302.tif,0.788,3.317,0.900,1.252,522,482,107.103,0.920,1.296,0.772,0.899
3558,gcb8302.tif,0.220,1.723,0.932,0.719,429,484,129.806,0.513,1.438,0.695,0.852
3559,gcb8302.tif,0.059,0.781,1.000,0.390,692,487,45.000,0.260,1.596,0.626,0.875
3560,gcb8302.tif,0.339,2.168,0.906,0.868,364,487,147.995,0.638,1.458,0.686,0.870
3561,gcb8302.tif,0.152,1.409,0.965,0.582,487,492,71.565,0.368,1.267,0.789,0.857
3562,gcb8302.tif,1.533,5.983,0.538,2.273,608,486,111.371,1.125,2.126,0.470,0.785
3563,gcb8302.tif,0.271,1.907,0.936,0.742,588,494,60.255,0.552,1.351,0.740,0.877
3564,gcb8302.tif,0.110,1.777,0.438,0.786,339,488,110.556,0.289,3.862,0.259,0.605
3565,gcb8302.tif,5.488,14.089,0.347,4.751,541,541,81.085,2.296,2.398,0.417,0.628
3566,gcb8302.tif,0.288,2.038,0.871,0.786,637,490,110.556,0.552,1.393,0.718,0.861
3567,gcb8302.tif,0.415,2.428,0.885,0.873,419,492,108.435,0.704,1.297,0.771,0.845
3568,gcb8302.tif,0.745,3.425,0.799,1.340,647,493,105.945,0.786,1.791,0.558,0.889
3569,gcb8302.tif,0.152,1.593,0.755,0.670,181,501,74.055,0.368,1.847,0.541,0.800
3570,gcb8302.tif,0.356,2.298,0.846,0.823,322,494,116.565,0.728,1.138,0.879,0.816
3571,gcb8302.tif,0.229,1.800,0.887,0.701,789,501,66.801,0.510,1.438,0.696,0.844
3572,gcb8302.tif,0.508,2.666,0.898,1.077,106,506,70.017,0.644,1.612,0.620,0.916
3573,gcb8302.tif,0.127,1.279,0.976,0.537,496,500,59.036,0.368,1.194,0.838,0.857
3574,gcb8302.tif,0.762,3.218,0.925,1.235,508,495,116.565,0.828,1.346,0.743,0.933
3575,gcb8302.tif,0.669,4.336,0.447,1.583,680,495,125.538,0.872,2.362,0.423,0.664
3576,gcb8302.tif,0.093,1.019,1.000,0.460,204,496,126.870,0.276,1.372,0.729,0.957
3577,gcb8302.tif,0.694,3.393,0.758,1.455,772,496,124.695,0.716,2.183,0.458,0.877
3578,gcb8302.tif,0.779,3.263,0.920,1.138,478,513,75.964,1.012,1.129,0.886,0.885
3579,gcb8302.tif,0.517,2.612,0.951,0.947,672,511,60.945,0.826,1.117,0.895,0.897
3580,gcb8302.tif,0.076,0.889,1.000,0.390,169,506,135.000,0.276,1.000,1.000,1.000
3581,gcb8302.tif,0.906,4.986,0.458,1.976,369,506,117.759,0.864,2.646,0.378,0.733
3582,gcb8302.tif,2.016,5.377,0.876,1.863,693,519,20.225,1.497,1.276,0.784,0.912
3583,gcb8302.tif,0.339,2.298,0.806,0.848,879,514,49.399,0.617,1.269,0.788,0.851
3584,gcb8302.tif,0.296,2.038,0.897,0.786,145,516,69.444,0.552,1.384,0.723,0.864
3585,gcb8302.tif,1.177,4.758,0.654,1.573,489,515,159.444,1.193,1.329,0.752,0.855
3586,gcb8302.tif,1.135,4.596,0.675,1.770,308,518,8.973,0.974,1.957,0.511,0.827
3587,gcb8302.tif,0.711,3.609,0.686,1.455,508,525,71.565,0.776,2.290,0.437,0.820
3588,gcb8302.tif,0.068,0.835,1.000,0.390,574,511,135.000,0.276,1.229,0.814,0.941
3589,gcb8302.tif,0.991,3.609,0.956,1.282,597,511,111.038,1.012,1.143,0.875,0.932
3590,gcb8302.tif,1.228,4.151,0.895,1.583,524,527,54.462,1.106,1.449,0.690,0.909
3591,gcb8302.tif,4.353,12.149,0.371,4.237,626,514,124.380,1.805,2.907,0.344,0.778
3592,gcb8302.tif,0.220,1.723,0.932,0.664,110,522,33.690,0.552,1.138,0.879,0.852
3593,gcb8302.tif,0.161,1.409,1.000,0.537,664,517,120.964,0.460,1.083,0.923,0.884
3594,gcb8302.tif,0.406,2.329,0.941,0.920,338,519,126.870,0.644,1.262,0.792,0.932
3595,gcb8302.tif,0.161,1.539,0.853,0.664,576,523,146.310,0.460,1.443,0.693,0.809
3596,gcb8302.tif,3.286,9.071,0.502,3.504,390,526,119.932,1.518,2.573,0.389,0.748
3597,gcb8302.tif,0.263,1.854,0.960,0.848,498,525,139.399,0.494,1.779,0.562,0.899
3598,gcb8302.tif,0.728,3.447,0.770,1.455,321,527,145.305,0.781,2.082,0.480,0.891
3599,gcb8302.tif,3.912,12.689,0.305,4.773,362,526,109.134,1.477,4.207,0.238,0.652
3600,gcb8302.tif,0.161,1.854,0.589,0.759,274,536,75.964,0.368,2.190,0.457,0.745
3601,gcb8302.tif,0.144,1.279,1.000,0.537,427,529,120.964,0.368,1.263,0.792,0.919
3602,gcb8302.tif,0.144,1.333,1.000,0.537,862,529,120.964,0.368,1.336,0.749,0.919
3603,gcb8302.tif,0.246,1.723,1.000,0.664,469,530,123.690,0.552,1.076,0.929,0.906
3604,gcb8302.tif,3.836,8.725,0.633,3.019,550,558,37.569,2.112,1.592,0.628,0.820
3605,gcb8302.tif,1.016,3.685,0.941,1.340,601,530,105.945,1.012,1.258,0.795,0.927
3606,gcb8302.tif,2.498,9.318,0.362,3.458,666,531,154.799,1.749,2.213,0.452,0.641
3607,gcb8302.tif,0.085,0.965,1.000,0.460,711,531,126.870,0.276,1.551,0.645,0.909
3608,gcb8302.tif,2.524,8.052,0.489,3.350,769,537,159.075,1.164,3.281,0.305,0.811
3609,gcb8302.tif,0.135,1.333,0.958,0.537,129,533,120.964,0.368,1.233,0.811,0.914
3610,gcb8302.tif,0.263,2.190,0.688,0.920,299,535,143.130,0.510,1.795,0.557,0.785
3611,gcb8302.tif,3.481,12.289,0.290,4.326,449,537,141.911,1.661,3.478,0.288,0.603
3612,gcb8302.tif,1.948,5.624,0.774,2.125,513,559,72.350,1.322,1.782,0.561,0.880
3613,gcb8302.tif,0.423,2.406,0.919,1.041,729,545,45.000,0.651,1.589,0.629,0.926
3614,gcb8302.tif,0.449,2.558,0.862,0.938,497,548,78.690,0.728,1.266,0.790,0.835
3615,gcb8302.tif,0.669,3.317,0.764,1.178,583,541,141.340,0.989,1.054,0.948,0.840
3616,gcb8302.tif,0.847,4.259,0.587,1.736,616,541,122.005,0.905,2.433,0.411,0.760
3617,gcb8302.tif,0.169,1.539,0.898,0.617,811,548,63.435,0.455,1.270,0.788,0.851
3618,gcb8302.tif,0.152,1.333,1.000,0.537,418,545,149.036,0.368,1.218,0.821,0.947
3619,gcb8302.tif,0.119,1.171,1.000,0.496,267,548,21.801,0.368,1.264,0.791,0.848
3620,gcb8302.tif,2.024,7.132,0.500,2.842,533,545,119.055,1.357,2.546,0.393,0.733
3621,gcb8302.tif,1.186,4.834,0.638,1.877,663,565,78.690,1.077,1.623,0.616,0.814
3622,gcb8302.tif,0.415,2.536,0.811,0.991,135,557,68.199,0.552,1.813,0.551,0.891
3623,gcb8302.tif,0.584,4.183,0.420,1.659,385,563,56.310,0.734,3.170,0.315,0.622
3624,gcb8302.tif,0.339,2.482,0.691,0.961,318,549,106.699,0.552,1.793,0.558,0.800
3625,gcb8302.tif,0.373,3.079,0.494,1.164,306,562,71.565,0.546,2.846,0.351,0.657
3626,gcb8302.tif,0.525,2.742,0.877,1.029,183,551,100.305,0.736,1.397,0.716,0.873
3627,gcb8302.tif,0.449,2.460,0.932,0.947,335,551,119.055,0.644,1.360,0.735,0.930
3628,gcb8302.tif,1.313,4.313,0.887,1.659,438,551,109.440,1.104,1.436,0.696,0.925
3629,gcb8302.tif,0.178,1.517,0.971,0.589,349,552,128.660,0.460,1.159,0.862,0.913
3630,gcb8302.tif,0.915,3.685,0.846,1.429,704,556,104.931,0.920,1.598,0.626,0.900
3631,gcb8302.tif,0.745,3.348,0.835,1.252,421,569,53.973,0.873,1.382,0.724,0.889
3632,gcb8302.tif,0.406,2.329,0.941,0.920,632,564,126.870,0.644,1.321,0.757,0.932
3633,gcb8302.tif,1.169,4.497,0.726,1.815,494,565,120.466,1.018,1.810,0.552,0.863
3634,gcb8302.tif,0.567,2.720,0.964,1.029,518,565,116.565,0.736,1.299,0.770,0.924
3635,gcb8302.tif,0.525,2.612,0.967,0.991,342,566,111.801,0.736,1.310,0.764,0.899
3636,gcb8302.tif,0.246,1.930,0.829,0.759,584,566,104.036,0.495,1.558,0.642,0.806
3637,gcb8302.tif,0.288,1.961,0.941,0.742,646,574,60.255,0.552,1.192,0.839,0.907
3638,gcb8302.tif,0.965,3.555,0.960,1.368,460,575,19.654,0.920,1.411,0.709,0.934
3639,gcb8302.tif,0.068,0.965,0.914,0.412,602,570,26.565,0.276,1.605,0.623,0.800
3640,gcb8302.tif,0.296,2.038,0.897,0.742,571,570,150.255,0.552,1.128,0.887,0.909
3641,gcb8302.tif,2.244,7.792,0.465,2.758,620,569,115.710,1.476,2.189,0.457,0.761
3642,gcb8302.tif,0.813,3.900,0.672,1.697,134,570,102.529,0.644,2.592,0.386,0.901
3643,gcb8302.tif,0.068,0.965,0.914,0.412,225,570,116.565,0.276,1.308,0.764,0.800
3644,gcb8302.tif,1.092,3.923,0.892,1.440,432,572,116.565,1.012,1.308,0.765,0.925
3645,gcb8302.tif,0.059,0.911,0.898,0.412,446,574,26.565,0.260,1.668,0.600,0.778
3646,gcb8302.tif,2.549,6.580,0.740,2.430,473,594,52.696,1.432,1.905,0.525,0.858
3647,gcb8302.tif,0.898,3.501,0.920,1.228,399,586,77.005,1.004,1.179,0.848,0.902
3648,gcb8302.tif,0.466,2.428,0.993,0.906,551,574,113.962,0.736,1.186,0.843,0.894
3649,gcb8302.tif,0.618,3.056,0.832,1.200,690,575,122.471,0.782,1.651,0.606,0.880
3650,gcb8302.tif,0.110,1.225,0.922,0.537,718,575,120.964,0.325,1.714,0.583,0.839
3651,gcb8302.tif,1.067,3.945,0.862,1.405,566,577,121.608,1.077,1.312,0.762,0.884
3652,gcb8302.tif,1.558,5.300,0.697,2.043,666,578,144.162,1.268,1.848,0.541,0.842
3653,gcb8302.tif,0.152,1.485,0.868,0.582,412,580,18.435,0.460,1.110,0.901,0.783
3654,gcb8302.tif,0.246,2.006,0.767,0.792,534,580,144.462,0.521,1.576,0.635,0.806
3655,gcb8302.tif,1.474,4.520,0.907,1.631,589,580,106.390,1.288,1.261,0.793,0.906
3656,gcb8302.tif,2.244,8.388,0.401,3.504,311,581,113.199,1.107,3.636,0.275,0.740
3657,gcb8302.tif,0.686,3.034,0.936,1.153,361,582,118.610,0.828,1.293,0.773,0.926
3658,gcb8302.tif,0.330,2.276,0.801,0.906,703,591,66.038,0.460,1.842,0.543,0.907
3659,gcb8302.tif,0.576,2.720,0.978,0.995,416,586,123.690,0.736,1.213,0.825,0.932
3660,gcb8302.tif,0.059,0.835,1.000,0.390,499,586,135.000,0.276,1.380,0.725,0.875
3661,gcb8302.tif,0.076,0.965,1.000,0.412,604,586,116.565,0.276,1.340,0.746,0.857
3662,gcb8302.tif,0.313,1.984,1.000,0.792,713,588,144.462,0.617,1.243,0.804,0.892
3663,gcb8302.tif,2.100,6.176,0.692,2.431,376,588,119.476,1.295,2.244,0.446,0.855
3664,gcb8302.tif,0.957,5.278,0.432,2.020,287,590,120.069,0.822,2.693,0.371,0.748
3665,gcb8302.tif,0.364,2.092,1.000,0.792,524,590,125.538,0.644,1.088,0.919,0.945
3666,gcb8302.tif,0.068,0.835,1.000,0.390,123,592,135.000,0.276,1.229,0.814,0.941
3667,gcb8302.tif,0.957,3.685,0.886,1.437,461,593,129.806,1.020,1.388,0.721,0.897
3668,gcb8302.tif,2.109,6.037,0.727,2.226,731,609,29.745,1.473,1.634,0.612,0.843
3669,gcb8302.tif,0.406,2.329,0.941,0.978,537,602,48.814,0.644,1.414,0.707,0.941
3670,gcb8302.tif,0.686,3.110,0.891,1.123,515,597,124.992,0.902,1.226,0.816,0.890
3671,gcb8302.tif,0.085,0.965,1.000,0.412,569,597,153.435,0.276,1.327,0.753,0.909
3672,gcb8302.tif,1.499,4.735,0.840,1.697,577,611,49.399,1.288,1.112,0.899,0.917
3673,gcb8302.tif,1.465,4.964,0.747,1.719,648,602,164.476,1.288,1.326,0.754,0.885
3674,gcb8302.tif,1.084,3.869,0.910,1.429,410,613,75.069,1.012,1.348,0.742,0.921
3675,gcb8302.tif,1.279,4.183,0.918,1.455,478,608,18.435,1.196,1.198,0.835,0.929
3676,gcb8302.tif,1.499,5.364,0.655,2.166,601,598,102.265,1.062,2.409,0.415,0.847
3677,gcb8302.tif,1.575,4.758,0.875,1.777,431,618,68.749,1.288,1.271,0.787,0.919
3678,gcb8302.tif,0.093,1.041,1.000,0.412,504,600,116.565,0.368,1.139,0.878,0.815
3679,gcb8302.tif,1.338,5.538,0.548,1.969,355,619,52.595,1.317,1.342,0.745,0.733
3680,gcb8302.tif,0.449,2.352,1.000,0.920,674,602,126.870,0.644,1.261,0.793,0.930
3681,gcb8302.tif,0.957,3.555,0.952,1.282,547,602,111.038,1.012,1.265,0.791,0.922
3682,gcb8302.tif,0.356,2.222,0.906,0.848,638,613,40.601,0.644,1.243,0.805,0.875
3683,gcb8302.tif,1.262,4.291,0.861,1.564,525,623,61.928,1.012,1.428,0.700,0.928
3684,gcb8302.tif,0.195,1.517,1.000,0.589,615,607,128.660,0.460,1.008,0.992,0.958
3685,gcb8302.tif,4.429,8.519,0.767,3.114,694,630,34.160,2.174,1.476,0.678,0.917
3686,gcb8302.tif,1.042,3.793,0.910,1.440,450,608,116.565,1.012,1.319,0.758,0.925
3687,gcb8302.tif,0.263,1.854,0.960,0.701,246,612,156.801,0.552,1.257,0.795,0.873
3688,gcb8302.tif,0.635,2.958,0.912,1.112,342,612,114.444,0.736,1.453,0.688,0.932
3689,gcb8302.tif,1.126,4.237,0.788,1.697,799,614,167.471,0.920,1.975,0.506,0.905
3690,gcb8302.tif,2.202,8.649,0.370,2.940,487,617,159.864,1.384,2.739,0.365,0.674
3691,gcb8302.tif,0.068,1.019,0.820,0.412,669,613,116.565,0.276,1.540,0.649,0.800
3692,gcb8302.tif,1.126,3.999,0.885,1.498,395,614,100.620,1.012,1.530,0.654,0.911
3693,gcb8302.tif,2.710,7.370,0.627,2.803,549,645,66.801,1.507,2.106,0.475,0.808
3694,gcb8302.tif,1.177,4.205,0.836,1.589,581,618,100.008,1.071,1.525,0.656,0.888
3695,gcb8302.tif,0.330,2.069,0.969,0.792,631,618,125.538,0.552,1.195,0.837,0.963
3696,gcb8302.tif,0.635,2.980,0.899,1.108,650,628,41.634,0.854,1.255,0.797,0.904
3697,gcb8302.tif,0.356,2.536,0.695,1.153,302,620,118.610,0.552,2.318,0.431,0.857
3698,gcb8302.tif,0.195,1.593,0.964,0.589,591,624,128.660,0.460,1.063,0.941,0.885
3699,gcb8302.tif,0.567,2.872,0.864,1.153,747,624,118.610,0.741,1.632,0.613,0.887
3700,gcb8302.tif,1.203,4.053,0.920,1.408,432,631,11.310,1.104,1.157,0.864,0.931
3701,gcb8302.tif,2.100,7.500,0.469,2.736,610,642,19.654,1.512,1.797,0.556,0.741
3702,gcb8302.tif,1.186,4.367,0.781,1.736,450,643,57.995,1.029,1.670,0.599,0.895
3703,gcb8302.tif,0.229,1.670,1.000,0.617,722,627,116.565,0.552,1.059,0.945,0.885
3704,gcb8302.tif,2.634,7.424,0.601,2.503,411,629,126.027,1.670,1.510,0.662,0.814
3705,gcb8302.tif,0.076,0.965,1.000,0.412,525,634,63.435,0.276,1.340,0.746,0.857
3706,gcb8302.tif,1.109,4.129,0.818,1.405,662,630,121.608,1.104,1.199,0.834,0.900
3707,gcb8302.tif,0.339,2.504,0.679,1.123,309,632,124.992,0.455,2.590,0.386,0.842
3708,gcb8302.tif,5.454,16.741,0.245,5.355,368,632,109.058,3.043,2.395,0.418,0.525
3709,gcb8302.tif,0.373,2.168,0.996,0.792,468,633,125.538,0.644,1.088,0.919,0.898
3710,gcb8302.tif,0.500,2.536,0.976,0.947,485,641,60.945,0.736,1.169,0.855,0.922
3711,gcb8302.tif,3.083,9.461,0.433,3.299,504,636,112.989,1.627,2.391,0.418,0.762
3712,gcb8302.tif,1.719,6.881,0.456,2.617,348,637,100.125,1.058,2.550,0.392,0.810
3713,gcb8302.tif,0.703,3.056,0.946,1.153,526,648,61.390,0.883,1.315,0.760,0.912
3714,gcb8302.tif,1.829,6.113,0.615,2.273,573,638,111.371,1.313,1.813,0.552,0.814
3715,gcb8302.tif,0.102,1.073,1.000,0.460,382,639,143.130,0.276,1.333,0.750,1.000
3716,gcb8302.tif,1.575,8.842,0.253,3.773,925,679,77.320,0.709,7.137,0.140,0.678
3717,gcb8302.tif,0.686,2.980,0.971,1.112,641,643,114.444,0.828,1.266,0.790,0.920
3718,gcb8302.tif,0.076,0.965,1.000,0.412,602,646,26.565,0.276,1.340,0.746,0.857
3719,gcb8302.tif,0.220,1.593,1.000,0.617,390,645,116.565,0.460,1.184,0.845,0.929
3720,gcb8302.tif,0.237,1.777,0.943,0.719,406,645,129.806,0.524,1.375,0.727,0.889
3721,gcb8302.tif,0.457,2.514,0.910,1.049,622,645,127.875,0.644,1.337,0.748,0.939
3722,gcb8302.tif,3.354,9.861,0.433,2.859,461,672,56.821,2.148,1.273,0.785,0.731
3723,gcb8302.tif,1.194,4.215,0.845,1.583,553,646,125.538,1.066,1.413,0.708,0.916
3724,gcb8302.tif,0.059,0.911,0.898,0.379,741,648,165.964,0.276,1.387,0.721,0.737
3725,gcb8302.tif,4.361,9.547,0.601,3.755,660,690,72.897,1.840,2.371,0.422,0.832
3726,gcb8302.tif,0.805,3.294,0.932,1.278,529,664,59.744,0.920,1.332,0.751,0.927
3727,gcb8302.tif,0.771,3.187,0.954,1.123,600,654,124.992,1.012,1.060,0.943,0.905
3728,gcb8302.tif,0.051,1.041,0.589,0.521,435,654,135.000,0.195,3.292,0.304,0.667
3729,gcb8302.tif,1.677,5.884,0.609,2.256,790,664,11.768,1.012,2.137,0.468,0.870
3730,gcb8302.tif,0.948,4.488,0.592,1.518,818,664,14.036,1.112,1.442,0.694,0.772
3731,gcb8302.tif,1.016,3.770,0.898,1.440,397,656,116.565,0.920,1.446,0.692,0.945
3732,gcb8302.tif,0.432,2.352,0.981,0.873,120,657,108.435,0.644,1.272,0.786,0.919
3733,gcb8302.tif,1.236,4.161,0.897,1.583,439,672,54.462,1.104,1.401,0.714,0.933
3734,gcb8302.tif,0.135,1.333,0.958,0.537,418,658,120.964,0.368,1.295,0.772,0.889
3735,gcb8302.tif,0.550,3.263,0.650,1.235,250,659,116.565,0.739,1.785,0.560,0.778
3736,gcb8302.tif,0.059,0.835,1.000,0.332,485,660,123.690,0.276,1.069,0.936,0.875
3737,gcb8302.tif,0.356,2.460,0.739,1.049,103,661,105.255,0.460,2.282,0.438,0.894
3738,gcb8302.tif,0.119,1.225,0.993,0.537,137,661,120.964,0.368,1.604,0.623,0.848
3739,gcb8302.tif,0.915,3.478,0.950,1.318,642,662,114.775,0.920,1.363,0.734,0.939
3740,gcb8302.tif,0.144,1.279,1.000,0.537,423,666,120.964,0.368,1.263,0.792,0.919
3741,gcb8302.tif,0.195,1.517,1.000,0.589,709,666,128.660,0.460,1.008,0.992,0.958
3742,gcb8302.tif,1.313,4.910,0.684,1.922,325,667,106.699,1.100,1.977,0.506,0.833
3743,gcb8302.tif,2.303,5.830,0.852,2.076,628,667,102.804,1.564,1.356,0.738,0.928
3744,gcb8302.tif,0.576,2.980,0.815,1.164,771,672,18.435,0.718,1.763,0.567,0.883
3745,gcb8302.tif,1.499,5.579,0.605,2.330,181,668,99.090,0.828,3.026,0.330,0.912
3746,gcb8302.tif,1.711,4.811,0.929,1.659,530,685,56.310,1.380,1.159,0.863,0.931
3747,gcb8302.tif,1.617,5.354,0.709,1.834,572,674,162.474,1.288,1.642,0.609,0.857
3748,gcb8302.tif,1.558,6.068,0.532,2.119,595,671,145.620,1.358,1.964,0.509,0.751
3749,gcb8302.tif,0.999,4.888,0.526,1.712,549,684,36.254,1.041,2.182,0.458,0.733
3750,gcb8302.tif,0.246,1.930,0.829,0.786,702,673,110.556,0.494,1.607,0.622,0.817
3751,gcb8302.tif,0.127,1.301,0.942,0.521,338,678,45.000,0.390,1.227,0.815,0.789
3752,gcb8302.tif,1.787,7.792,0.370,3.346,788,674,148.496,0.864,4.770,0.210,0.725
3753,gcb8302.tif,2.752,8.321,0.499,3.125,434,708,76.373,1.441,2.702,0.370,0.752
3754,gcb8302.tif,0.203,1.571,1.000,0.651,407,684,45.000,0.460,1.091,0.916,0.980
3755,gcb8302.tif,0.525,2.536,1.000,0.947,473,689,60.945,0.736,1.134,0.882,0.947
3756,gcb8302.tif,1.973,5.516,0.815,1.941,490,682,148.570,1.564,1.097,0.911,0.910
3757,gcb8302.tif,0.246,1.854,0.898,0.701,161,691,66.801,0.552,1.234,0.810,0.853
3758,gcb8302.tif,0.398,2.276,0.966,0.868,343,692,57.995,0.644,1.135,0.881,0.931
3759,gcb8302.tif,4.404,12.042,0.382,3.995,711,687,141.546,2.052,2.435,0.411,0.697
3760,gcb8302.tif,2.524,7.769,0.525,3.226,924,720,86.730,1.196,3.061,0.327,0.848
3761,gcb8302.tif,0.940,3.631,0.896,1.301,456,700,81.870,1.012,1.249,0.801,0.892
3762,gcb8302.tif,1.203,4.129,0.886,1.589,420,687,100.008,1.012,1.496,0.669,0.916
3763,gcb8302.tif,0.601,2.796,0.966,1.029,646,689,116.565,0.828,1.208,0.828,0.916
3764,gcb8302.tif,0.381,2.244,0.951,0.873,678,689,108.435,0.644,1.378,0.726,0.882
3765,gcb8302.tif,0.237,1.746,0.978,0.670,619,693,164.055,0.552,1.250,0.800,0.848
3766,gcb8302.tif,0.576,3.707,0.527,1.308,523,692,140.711,0.815,2.117,0.472,0.701
3767,gcb8302.tif,0.762,4.520,0.469,1.941,601,694,121.430,0.686,3.822,0.262,0.700
3768,gcb8302.tif,0.237,1.670,1.000,0.670,111,695,105.945,0.460,1.312,0.762,0.903
3769,gcb8302.tif,0.288,2.038,0.871,0.873,343,695,108.435,0.460,1.573,0.636,0.883
3770,gcb8302.tif,0.593,3.034,0.809,1.196,391,708,67.380,0.644,1.867,0.536,0.903
3771,gcb8302.tif,0.957,4.389,0.624,1.692,166,698,157.620,0.828,2.241,0.446,0.828
3772,gcb8302.tif,2.024,5.669,0.792,2.100,511,697,118.811,1.497,1.436,0.697,0.907
3773,gcb8302.tif,0.127,1.616,0.612,0.781,557,703,45.000,0.325,3.101,0.322,0.698
3774,gcb8302.tif,0.169,1.539,0.898,0.617,262,700,153.435,0.460,1.236,0.809,0.833
3775,gcb8302.tif,0.796,3.609,0.768,1.408,380,699,101.310,0.736,1.811,0.552,0.904
3776,gcb8302.tif,0.720,3.110,0.935,1.200,463,707,32.471,0.893,1.368,0.731,0.924
3777,gcb8302.tif,0.864,3.425,0.926,1.252,592,700,126.027,1.004,1.225,0.816,0.911
3778,gcb8302.tif,0.152,1.409,0.965,0.582,499,707,71.565,0.368,1.416,0.706,0.878
3779,gcb8302.tif,0.855,3.945,0.691,1.659,482,717,56.310,0.876,2.295,0.436,0.824
3780,gcb8302.tif,0.161,1.409,1.000,0.537,623,703,120.964,0.460,1.159,0.863,0.864
3781,gcb8302.tif,0.313,2.114,0.881,0.781,635,704,135.000,0.640,1.169,0.855,0.841
3782,gcb8302.tif,0.076,0.965,1.000,0.412,652,706,153.435,0.276,1.340,0.746,0.857
3783,gcb8302.tif,0.398,2.352,0.904,0.873,663,714,71.565,0.644,1.343,0.745,0.879
3784,gcb8302.tif,0.135,1.225,1.000,0.496,534,708,111.801,0.368,1.209,0.827,0.889
3785,gcb8302.tif,0.127,1.225,1.000,0.521,287,711,135.000,0.368,1.251,0.800,0.857
3786,gcb8302.tif,0.068,0.835,1.000,0.390,127,716,45.000,0.276,1.229,0.814,0.941
3787,gcb8302.tif,0.135,1.225,1.000,0.496,447,715,158.199,0.368,1.209,0.827,0.889
3788,gcb8302.tif,0.135,1.279,1.000,0.521,588,718,45.000,0.368,1.150,0.869,0.889
3789,gcb8302.tif,0.152,1.355,1.000,0.582,630,721,18.435,0.368,1.416,0.706,0.878
3790,gcb8305.tif,1.567,5.094,0.759,1.610,690,18,59.036,1.455,1.043,0.959,0.883
3791,gcb8305.tif,1.084,3.815,0.936,1.487,482,4,111.801,1.012,1.454,0.688,0.928
3792,gcb8305.tif,0.491,2.666,0.868,1.077,572,15,70.017,0.644,1.769,0.565,0.906
3793,gcb8305.tif,2.871,7.630,0.620,2.719,506,5,113.962,1.744,1.667,0.600,0.803
3794,gcb8305.tif,2.083,5.462,0.877,1.863,551,10,122.905,1.564,1.122,0.891,0.920
3795,gcb8305.tif,0.102,1.095,1.000,0.460,615,15,36.870,0.368,1.281,0.781,0.857
3796,gcb8305.tif,0.220,1.800,0.854,0.701,411,12,113.199,0.494,1.556,0.643,0.812
3797,gcb8305.tif,5.962,18.424,0.221,5.388,425,12,97.853,2.180,2.820,0.355,0.624
3798,gcb8305.tif,0.474,2.818,0.750,1.153,917,13,151.390,0.644,1.791,0.558,0.889
3799,gcb8305.tif,0.593,3.187,0.734,1.252,151,27,72.897,0.736,1.753,0.571,0.859
3800,gcb8305.tif,0.085,1.301,0.628,0.496,387,18,21.801,0.368,1.251,0.799,0.667
3801,gcb8305.tif,0.508,2.644,0.914,1.029,591,24,63.435,0.644,1.505,0.664,0.930
3802,gcb8305.tif,0.855,3.501,0.877,1.340,844,28,74.055,0.920,1.498,0.667,0.922
3803,gcb8305.tif,1.592,5.116,0.764,1.897,381,20,140.906,1.141,1.733,0.577,0.879
3804,gcb8305.tif,0.254,1.777,1.000,0.719,626,24,39.806,0.552,1.264,0.791,0.923
3805,gcb8305.tif,1.922,7.325,0.450,2.632,449,39,36.469,1.600,2.024,0.494,0.675
3806,gcb8305.tif,0.169,1.485,0.965,0.582,658,21,108.435,0.460,1.317,0.759,0.833
3807,gcb8305.tif,0.466,2.590,0.873,1.049,207,33,74.745,0.552,1.806,0.554,0.924
3808,gcb8305.tif,0.152,1.333,1.000,0.589,306,23,128.660,0.368,1.362,0.734,0.947
3809,gcb8305.tif,3.506,7.966,0.694,2.762,248,25,119.982,1.830,1.561,0.641,0.894
3810,gcb8305.tif,0.948,4.053,0.726,1.667,293,25,96.340,0.794,2.163,0.462,0.885
3811,gcb8305.tif,0.364,2.168,0.974,0.868,586,26,122.005,0.644,1.306,0.766,0.905
3812,gcb8305.tif,1.160,4.627,0.681,1.729,636,44,64.799,1.012,1.728,0.579,0.862
3813,gcb8305.tif,0.694,3.110,0.902,1.228,698,28,102.995,0.736,1.554,0.643,0.927
3814,gcb8305.tif,0.390,2.688,0.677,1.108,797,30,131.634,0.624,1.814,0.551,0.780
3815,gcb8305.tif,0.237,1.723,1.000,0.664,500,31,123.690,0.552,1.136,0.880,0.889
3816,gcb8305.tif,0.254,1.777,1.000,0.742,324,33,119.745,0.460,1.438,0.695,0.938
3817,gcb8305.tif,0.322,2.015,0.996,0.792,573,33,125.538,0.552,1.220,0.820,0.950
3818,gcb8305.tif,0.161,1.409,1.000,0.537,596,34,149.036,0.460,1.044,0.958,0.884
3819,gcb8305.tif,0.076,0.889,1.000,0.390,607,33,135.000,0.276,1.000,1.000,1.000
3820,gcb8305.tif,1.245,4.161,0.904,1.543,624,49,72.646,1.012,1.466,0.682,0.942
3821,gcb8305.tif,0.584,2.774,0.954,1.029,352,34,116.565,0.736,1.295,0.772,0.945
3822,gcb8305.tif,4.471,11.854,0.400,4.186,469,74,56.659,2.096,2.040,0.490,0.734
3823,gcb8305.tif,0.051,0.781,1.000,0.390,905,39,45.000,0.247,1.809,0.553,0.800
3824,gcb8305.tif,0.093,1.279,0.715,0.537,149,38,120.964,0.276,2.090,0.479,0.815
3825,gcb8305.tif,1.160,4.259,0.804,1.437,558,39,129.806,1.200,1.231,0.813,0.870
3826,gcb8305.tif,0.279,1.984,0.892,0.719,394,47,39.806,0.644,1.176,0.850,0.835
3827,gcb8305.tif,0.102,1.095,1.000,0.460,587,47,36.870,0.368,1.281,0.780,0.857
3828,gcb8305.tif,0.229,2.581,0.431,0.868,183,52,57.995,0.536,1.480,0.676,0.675
3829,gcb8305.tif,0.110,1.225,0.922,0.537,501,45,120.964,0.368,1.530,0.654,0.812
3830,gcb8305.tif,0.415,2.904,0.618,1.228,848,49,12.995,0.460,2.701,0.370,0.860
3831,gcb8305.tif,1.279,5.243,0.585,2.317,150,72,83.157,0.644,3.422,0.292,0.950
3832,gcb8305.tif,0.347,2.114,0.976,0.759,217,52,14.036,0.644,1.001,0.999,0.882
3833,gcb8305.tif,0.068,1.539,0.359,0.560,832,49,170.538,0.276,1.800,0.555,0.571
3834,gcb8305.tif,0.525,2.666,0.928,0.947,404,57,60.945,0.828,1.095,0.913,0.892
3835,gcb8305.tif,0.483,2.482,0.985,0.906,282,51,113.962,0.736,1.201,0.833,0.912
3836,gcb8305.tif,8.824,16.059,0.430,6.209,336,119,83.191,2.301,3.299,0.303,0.821
3837,gcb8305.tif,0.279,1.907,0.965,0.792,517,52,125.538,0.552,1.477,0.677,0.904
3838,gcb8305.tif,0.881,3.402,0.956,1.235,683,64,63.435,0.920,1.204,0.831,0.950
3839,gcb8305.tif,0.313,2.406,0.680,1.049,308,65,74.745,0.460,2.244,0.446,0.871
3840,gcb8305.tif,1.287,4.389,0.840,1.455,550,56,145.305,1.256,1.075,0.930,0.899
3841,gcb8305.tif,1.228,4.888,0.646,2.018,450,76,65.772,0.982,2.466,0.405,0.836
3842,gcb8305.tif,0.932,6.297,0.295,1.768,497,71,51.340,1.275,1.601,0.625,0.598
3843,gcb8305.tif,8.587,19.565,0.282,8.598,209,57,95.528,1.720,5.820,0.172,0.795
3844,gcb8305.tif,0.525,2.612,0.967,0.961,583,68,73.301,0.736,1.157,0.864,0.899
3845,gcb8305.tif,1.126,3.869,0.946,1.340,645,72,74.055,1.104,1.113,0.898,0.924
3846,gcb8305.tif,1.440,4.421,0.926,1.532,665,72,57.265,1.288,1.067,0.937,0.932
3847,gcb8305.tif,0.652,3.088,0.859,1.252,612,60,107.103,0.644,1.900,0.526,0.933
3848,gcb8305.tif,2.566,7.846,0.524,2.346,774,84,64.440,1.974,1.238,0.808,0.762
3849,gcb8305.tif,0.263,1.777,1.000,0.664,375,64,123.690,0.552,1.058,0.945,0.925
3850,gcb8305.tif,0.449,2.460,0.932,0.920,394,73,53.130,0.736,1.127,0.888,0.914
3851,gcb8305.tif,0.135,1.225,1.000,0.496,696,65,111.801,0.368,1.209,0.827,0.889
3852,gcb8305.tif,0.271,2.114,0.762,0.906,736,66,156.038,0.460,2.125,0.471,0.821
3853,gcb8305.tif,0.102,1.149,0.967,0.460,354,67,126.870,0.368,1.106,0.905,0.857
3854,gcb8305.tif,3.142,13.752,0.209,3.710,408,103,43.995,2.541,2.150,0.465,0.482
3855,gcb8305.tif,0.135,1.279,1.000,0.537,893,72,30.964,0.368,1.234,0.810,0.889
3856,gcb8305.tif,0.169,1.539,0.898,0.589,525,75,38.660,0.453,1.383,0.723,0.833
3857,gcb8305.tif,0.119,1.279,0.911,0.537,355,73,120.964,0.368,1.500,0.667,0.824
3858,gcb8305.tif,0.186,1.593,0.922,0.664,519,79,56.310,0.453,1.483,0.674,0.863
3859,gcb8305.tif,1.321,4.129,0.974,1.523,540,76,154.983,1.196,1.143,0.875,0.934
3860,gcb8305.tif,2.854,10.023,0.357,4.269,295,75,97.431,1.173,4.663,0.214,0.723
3861,gcb8305.tif,2.388,7.096,0.596,2.637,597,75,150.751,1.540,1.919,0.521,0.864
3862,gcb8305.tif,0.127,1.225,1.000,0.496,583,79,158.199,0.368,1.295,0.772,0.857
3863,gcb8305.tif,0.517,2.612,0.951,0.961,679,79,106.699,0.736,1.225,0.816,0.884
3864,gcb8305.tif,0.491,2.558,0.943,0.995,662,87,33.690,0.716,1.389,0.720,0.899
3865,gcb8305.tif,0.466,2.482,0.950,0.920,381,88,36.870,0.736,1.135,0.881,0.902
3866,gcb8305.tif,0.119,1.149,1.000,0.460,722,81,126.870,0.368,1.020,0.981,0.933
3867,gcb8305.tif,0.508,2.590,0.952,0.947,636,82,119.055,0.736,1.189,0.841,0.923
3868,gcb8305.tif,1.228,4.421,0.789,1.583,449,86,125.538,1.096,1.359,0.736,0.918
3869,gcb8305.tif,0.059,0.835,1.000,0.390,508,88,45.000,0.276,1.380,0.725,0.875
3870,gcb8305.tif,0.135,1.333,0.958,0.537,537,89,120.964,0.368,1.233,0.811,0.914
3871,gcb8305.tif,1.880,5.516,0.776,2.212,651,90,106.928,1.196,1.845,0.542,0.929
3872,gcb8305.tif,0.677,3.133,0.868,1.108,502,91,94.764,0.920,1.172,0.853,0.870
3873,gcb8305.tif,1.872,4.973,0.951,1.758,473,107,42.879,1.472,1.031,0.970,0.953
3874,gcb8305.tif,4.277,10.794,0.461,3.683,580,97,102.995,2.269,1.778,0.562,0.745
3875,gcb8305.tif,0.610,3.079,0.808,1.196,534,100,157.380,0.823,1.545,0.647,0.828
3876,gcb8305.tif,0.449,2.352,1.000,0.868,427,99,122.005,0.736,1.041,0.961,0.930
3877,gcb8305.tif,0.889,3.555,0.884,1.308,699,108,39.289,0.920,1.301,0.769,0.913
3878,gcb8305.tif,2.354,6.351,0.734,2.277,668,100,104.036,1.523,1.616,0.619,0.900
3879,gcb8305.tif,0.322,2.092,0.924,0.823,379,110,63.435,0.552,1.447,0.691,0.916
3880,gcb8305.tif,0.483,2.590,0.904,0.995,554,104,146.310,0.644,1.298,0.771,0.912
3881,gcb8305.tif,0.703,3.447,0.743,1.228,782,105,102.995,0.890,1.317,0.759,0.843
3882,gcb8305.tif,1.228,4.098,0.919,1.455,262,116,18.435,1.236,1.107,0.903,0.901
3883,gcb8305.tif,0.068,0.965,0.914,0.412,370,112,63.435,0.276,1.416,0.706,0.800
3884,gcb8305.tif,1.592,4.735,0.892,1.729,505,125,64.799,1.288,1.234,0.810,0.938
3885,gcb8305.tif,1.541,6.113,0.518,2.317,687,111,96.843,1.165,2.122,0.471,0.793
3886,gcb8305.tif,1.211,4.412,0.782,1.498,738,119,10.620,1.235,1.157,0.865,0.856
3887,gcb8305.tif,6.343,14.457,0.381,5.035,405,113,149.216,2.412,2.369,0.422,0.716
3888,gcb8305.tif,0.322,2.168,0.861,0.906,630,113,113.962,0.552,1.498,0.667,0.854
3889,gcb8305.tif,0.347,2.298,0.826,0.873,377,121,18.435,0.614,1.448,0.691,0.845
3890,gcb8305.tif,1.363,4.497,0.847,1.712,354,119,126.254,1.153,1.492,0.670,0.904
3891,gcb8305.tif,0.449,2.536,0.877,0.991,386,122,111.801,0.644,1.436,0.697,0.891
3892,gcb8305.tif,2.498,6.827,0.674,2.512,457,149,61.557,1.491,1.874,0.534,0.845
3893,gcb8305.tif,3.108,9.842,0.403,3.141,715,131,148.173,1.840,1.926,0.519,0.709
3894,gcb8305.tif,0.356,2.092,1.000,0.823,549,134,63.435,0.552,1.324,0.755,0.944
3895,gcb8305.tif,0.203,1.539,1.000,0.617,529,128,153.435,0.460,1.256,0.796,0.906
3896,gcb8305.tif,0.212,1.930,0.714,0.786,322,141,69.444,0.460,1.721,0.581,0.806
3897,gcb8305.tif,2.295,8.258,0.423,2.513,560,160,66.251,1.694,1.641,0.609,0.708
3898,gcb8305.tif,1.982,5.754,0.752,2.187,646,138,157.751,1.324,1.822,0.549,0.863
3899,gcb8305.tif,0.152,1.409,0.965,0.582,342,138,108.435,0.368,1.549,0.645,0.857
3900,gcb8305.tif,7.156,13.631,0.484,5.266,371,138,95.013,2.296,2.878,0.347,0.824
3901,gcb8305.tif,2.956,9.982,0.373,3.640,392,139,106.144,1.548,2.823,0.354,0.720
3902,gcb8305.tif,0.119,1.355,0.811,0.589,680,141,128.660,0.383,1.951,0.513,0.757
3903,gcb8305.tif,0.508,2.644,0.914,1.029,225,152,63.435,0.644,1.447,0.691,0.930
3904,gcb8305.tif,1.524,5.148,0.723,2.119,879,145,145.620,1.145,1.946,0.514,0.867
3905,gcb8305.tif,1.626,7.002,0.417,2.513,699,143,113.749,1.209,2.429,0.412,0.736
3906,gcb8305.tif,0.195,1.593,0.964,0.664,416,145,123.690,0.460,1.488,0.672,0.885
3907,gcb8305.tif,0.373,2.329,0.863,0.961,639,146,106.699,0.460,1.987,0.503,0.936
3908,gcb8305.tif,0.271,2.038,0.820,0.868,621,147,122.005,0.494,1.862,0.537,0.877
3909,gcb8305.tif,1.617,4.811,0.878,1.719,497,148,105.524,1.288,1.320,0.758,0.923
3910,gcb8305.tif,0.076,1.225,0.638,0.537,253,157,59.036,0.325,1.964,0.509,0.667
3911,gcb8305.tif,0.051,0.781,1.000,0.390,319,153,135.000,0.247,1.809,0.553,0.800
3912,gcb8305.tif,0.356,2.092,1.000,0.792,439,153,125.538,0.644,1.052,0.950,0.933
3913,gcb8305.tif,0.279,1.907,0.965,0.742,598,154,150.255,0.552,1.108,0.903,0.892
3914,gcb8305.tif,0.627,2.926,0.920,1.077,534,165,70.017,0.828,1.272,0.786,0.897
3915,gcb8305.tif,0.686,3.110,0.891,1.178,543,167,51.340,0.902,1.349,0.741,0.895
3916,gcb8305.tif,0.085,1.019,1.000,0.412,760,158,153.435,0.276,1.236,0.809,0.909
3917,gcb8305.tif,0.195,1.571,0.992,0.664,260,166,56.310,0.368,1.503,0.665,0.979
3918,gcb8305.tif,1.584,5.570,0.641,2.301,719,160,143.130,1.117,2.249,0.445,0.862
3919,gcb8305.tif,0.423,2.428,0.903,0.961,422,161,106.699,0.644,1.504,0.665,0.877
3920,gcb8305.tif,0.051,0.781,1.000,0.390,604,164,45.000,0.247,1.809,0.553,0.800
3921,gcb8305.tif,0.212,1.854,0.774,0.701,680,164,156.801,0.460,1.409,0.710,0.833
3922,gcb8305.tif,0.686,2.980,0.971,1.073,167,164,120.964,0.828,1.134,0.882,0.926
3923,gcb8305.tif,0.356,2.222,0.906,0.823,411,164,116.565,0.640,1.310,0.763,0.875
3924,gcb8305.tif,0.601,2.926,0.882,1.029,596,164,116.565,0.828,1.264,0.791,0.887
3925,gcb8305.tif,1.253,4.183,0.900,1.532,610,176,32.735,1.193,1.301,0.769,0.905
3926,gcb8305.tif,0.508,3.739,0.457,1.532,570,165,122.735,0.700,2.794,0.358,0.682
3927,gcb8305.tif,0.127,1.279,0.976,0.496,644,165,111.801,0.368,1.186,0.843,0.882
3928,gcb8305.tif,0.601,2.926,0.882,1.073,450,166,120.964,0.828,1.275,0.784,0.893
3929,gcb8305.tif,0.373,2.428,0.794,0.995,516,175,56.310,0.604,1.857,0.538,0.830
3930,gcb8305.tif,1.101,5.049,0.543,2.058,879,166,100.305,0.828,2.714,0.369,0.844
3931,gcb8305.tif,0.601,2.872,0.916,1.029,351,180,63.435,0.893,1.127,0.887,0.882
3932,gcb8305.tif,0.229,1.777,0.910,0.719,106,172,129.806,0.524,1.337,0.748,0.871
3933,gcb8305.tif,1.372,4.421,0.882,1.638,470,174,141.843,1.196,1.372,0.729,0.920
3934,gcb8305.tif,0.313,2.904,0.467,0.991,219,184,68.199,0.523,1.816,0.551,0.763
3935,gcb8305.tif,0.203,2.190,0.532,0.742,808,174,150.255,0.552,1.463,0.683,0.696
3936,gcb8305.tif,3.159,11.530,0.299,3.906,706,217,74.982,1.774,2.789,0.359,0.602
3937,gcb8305.tif,0.652,3.532,0.657,1.340,390,191,74.055,0.736,2.021,0.495,0.842
3938,gcb8305.tif,0.627,3.187,0.776,1.171,412,187,45.000,0.846,1.386,0.721,0.846
3939,gcb8305.tif,0.491,2.612,0.905,0.995,539,178,123.690,0.736,1.369,0.730,0.892
3940,gcb8305.tif,1.143,3.999,0.898,1.498,555,177,100.620,1.012,1.463,0.684,0.918
3941,gcb8305.tif,0.085,0.965,1.000,0.412,434,178,116.565,0.276,1.327,0.753,0.909
3942,gcb8305.tif,0.406,2.352,0.924,0.906,597,187,66.038,0.644,1.281,0.780,0.897
3943,gcb8305.tif,0.999,3.847,0.849,1.359,326,184,151.699,1.104,1.167,0.857,0.922
3944,gcb8305.tif,0.229,1.961,0.747,0.786,643,183,20.556,0.460,1.685,0.593,0.844
3945,gcb8305.tif,0.703,3.110,0.913,1.164,402,182,108.435,0.828,1.382,0.724,0.917
3946,gcb8305.tif,1.025,3.869,0.860,1.573,516,184,159.444,0.920,1.664,0.601,0.906
3947,gcb8305.tif,0.144,1.355,0.985,0.537,675,187,59.036,0.453,1.186,0.843,0.829
3948,gcb8305.tif,1.296,4.259,0.897,1.487,628,183,111.801,1.272,1.149,0.871,0.908
3949,gcb8305.tif,0.076,0.911,1.000,0.412,692,186,26.565,0.276,1.340,0.746,0.857
3950,gcb8305.tif,2.303,7.966,0.456,2.910,494,188,145.305,1.516,2.097,0.477,0.742
3951,gcb8305.tif,0.525,2.688,0.913,1.049,577,188,105.255,0.736,1.364,0.733,0.879
3952,gcb8305.tif,0.068,0.965,0.914,0.460,587,191,36.870,0.247,2.179,0.459,0.800
3953,gcb8305.tif,1.897,5.592,0.762,2.306,761,191,151.390,1.276,1.894,0.528,0.891
3954,gcb8305.tif,0.559,2.666,0.988,0.995,430,191,146.310,0.736,1.252,0.799,0.923
3955,gcb8305.tif,4.836,13.667,0.325,4.773,291,192,109.134,1.772,3.025,0.331,0.696
3956,gcb8305.tif,0.991,3.685,0.917,1.368,391,194,109.654,1.012,1.327,0.754,0.911
3957,gcb8305.tif,5.589,12.984,0.417,4.577,465,194,120.174,2.445,2.015,0.496,0.720
3958,gcb8305.tif,0.263,2.168,0.702,0.742,375,196,150.255,0.617,1.171,0.854,0.795
3959,gcb8305.tif,6.131,15.659,0.314,5.181,644,197,146.592,2.487,2.776,0.360,0.703
3960,gcb8305.tif,0.186,1.723,0.788,0.742,731,201,29.745,0.407,2.138,0.468,0.830
3961,gcb8305.tif,0.076,1.517,0.416,0.670,903,196,105.945,0.268,2.926,0.342,0.600
3962,gcb8305.tif,2.845,10.327,0.335,3.783,561,197,131.055,1.567,3.070,0.326,0.631
3963,gcb8305.tif,0.364,2.222,0.927,0.868,330,199,122.005,0.640,1.366,0.732,0.887
3964,gcb8305.tif,0.110,1.095,1.000,0.460,353,199,126.870,0.368,1.159,0.863,0.897
3965,gcb8305.tif,0.068,1.149,0.645,0.460,612,203,36.870,0.276,1.559,0.641,0.762
3966,gcb8305.tif,0.720,3.294,0.833,1.340,425,215,74.055,0.736,1.886,0.530,0.904
3967,gcb8305.tif,0.610,2.850,0.943,1.077,413,202,109.983,0.736,1.418,0.705,0.923
3968,gcb8305.tif,0.415,2.536,0.811,1.049,217,204,105.255,0.552,1.976,0.506,0.875
3969,gcb8305.tif,0.102,1.149,0.967,0.521,313,209,45.000,0.368,1.419,0.705,0.889
3970,gcb8305.tif,0.440,2.460,0.915,0.991,363,216,68.199,0.552,1.625,0.615,0.945
3971,gcb8305.tif,0.186,1.593,0.922,0.664,601,206,123.690,0.460,1.292,0.774,0.898
3972,gcb8305.tif,1.736,6.459,0.523,2.650,630,206,110.323,1.081,2.820,0.355,0.796
3973,gcb8305.tif,1.440,4.995,0.725,2.020,376,207,120.069,1.070,1.883,0.531,0.890
3974,gcb8305.tif,7.630,17.262,0.322,6.280,546,208,124.854,2.534,2.982,0.335,0.593
3975,gcb8305.tif,0.415,2.352,0.943,0.920,395,219,36.870,0.700,1.400,0.714,0.899
3976,gcb8305.tif,0.686,3.653,0.646,1.628,500,226,47.291,0.716,2.227,0.449,0.831
3977,gcb8305.tif,0.119,1.279,0.911,0.589,856,212,128.660,0.349,1.789,0.559,0.848
3978,gcb8305.tif,0.220,1.876,0.786,0.759,260,216,165.964,0.497,1.579,0.633,0.776
3979,gcb8305.tif,0.390,2.298,0.927,0.906,524,214,113.962,0.640,1.494,0.669,0.885
3980,gcb8305.tif,3.159,9.753,0.417,2.815,604,216,101.310,1.933,1.616,0.619,0.756
3981,gcb8305.tif,1.228,4.183,0.882,1.607,338,233,66.371,1.104,1.441,0.694,0.915
3982,gcb8305.tif,6.597,14.438,0.398,6.281,804,218,140.947,1.809,3.604,0.277,0.827
3983,gcb8305.tif,0.940,4.336,0.628,1.567,431,230,40.236,1.024,1.765,0.567,0.782
3984,gcb8305.tif,2.659,6.925,0.697,2.456,367,224,102.995,1.564,1.601,0.625,0.873
3985,gcb8305.tif,0.788,3.555,0.783,1.359,282,240,61.699,0.920,1.325,0.755,0.894
3986,gcb8305.tif,0.534,4.183,0.383,1.768,248,243,51.340,0.663,3.786,0.264,0.615
3987,gcb8305.tif,0.152,1.333,1.000,0.537,404,229,149.036,0.368,1.248,0.801,0.947
3988,gcb8305.tif,0.525,2.850,0.812,1.164,667,245,71.565,0.620,1.999,0.500,0.886
3989,gcb8305.tif,0.220,1.984,0.703,0.868,883,235,122.005,0.426,2.394,0.418,0.812
3990,gcb8305.tif,1.075,4.650,0.625,1.607,522,238,113.629,1.012,1.743,0.574,0.796
3991,gcb8305.tif,0.771,3.653,0.726,1.437,452,239,129.806,0.856,1.745,0.573,0.827
3992,gcb8305.tif,0.313,2.038,0.948,0.786,745,239,110.556,0.552,1.418,0.705,0.892
3993,gcb8305.tif,0.381,3.415,0.411,1.455,218,253,55.305,0.517,3.368,0.297,0.662
3994,gcb8305.tif,5.928,17.621,0.240,4.817,493,240,96.582,2.294,2.770,0.361,0.676
3995,gcb8305.tif,3.362,8.335,0.608,2.910,418,246,161.565,2.025,1.564,0.639,0.804
3996,gcb8305.tif,0.135,1.279,1.000,0.521,578,242,135.000,0.368,1.150,0.869,0.889
3997,gcb8305.tif,0.093,1.095,0.976,0.412,266,243,116.565,0.368,1.035,0.966,0.846
3998,gcb8305.tif,0.135,1.485,0.772,0.664,584,248,33.690,0.390,2.067,0.484,0.744
3999,gcb8305.tif,0.661,3.685,0.611,1.573,869,244,110.556,0.731,2.523,0.396,0.830
4000,gcb8305.tif,0.076,1.095,0.799,0.460,611,247,126.870,0.325,1.638,0.610,0.750
4001,gcb8305.tif,0.152,1.409,0.965,0.589,679,251,38.660,0.453,1.276,0.784,0.857
4002,gcb8305.tif,0.186,1.485,1.000,0.617,621,252,26.565,0.460,1.200,0.833,0.863
4003,gcb8305.tif,0.381,2.298,0.907,0.991,638,248,111.801,0.552,1.640,0.610,0.918
4004,gcb8305.tif,0.068,0.835,1.000,0.390,383,250,135.000,0.276,1.229,0.814,0.941
4005,gcb8305.tif,2.930,9.071,0.448,3.552,334,254,126.573,1.551,2.752,0.363,0.722
4006,gcb8305.tif,0.076,0.965,1.000,0.460,594,258,53.130,0.276,1.542,0.648,0.857
4007,gcb8305.tif,0.178,1.593,0.880,0.617,706,255,116.565,0.460,1.378,0.726,0.824
4008,gcb8305.tif,0.296,1.961,0.968,0.742,723,255,119.745,0.552,1.235,0.810,0.909
4009,gcb8305.tif,0.246,1.854,0.898,0.759,247,256,104.036,0.460,1.509,0.663,0.866
4010,gcb8305.tif,0.415,2.374,0.925,0.906,538,265,66.038,0.716,1.296,0.772,0.875
4011,gcb8305.tif,0.152,1.723,0.645,0.701,413,264,66.801,0.368,2.016,0.496,0.750
4012,gcb8305.tif,0.051,0.835,0.916,0.390,368,261,45.000,0.260,1.593,0.628,0.857
4013,gcb8305.tif,2.329,5.776,0.877,2.020,624,278,59.931,1.656,1.225,0.816,0.927
4014,gcb8305.tif,0.135,1.539,0.719,0.617,301,268,63.435,0.368,1.670,0.599,0.800
4015,gcb8305.tif,1.101,5.462,0.464,2.156,458,277,39.806,0.904,3.026,0.330,0.712
4016,gcb8305.tif,0.669,3.317,0.764,1.318,403,266,102.095,0.803,1.703,0.587,0.859
4017,gcb8305.tif,1.499,4.627,0.880,1.777,423,266,111.251,1.196,1.430,0.699,0.929
4018,gcb8305.tif,0.152,1.409,0.965,0.589,668,266,128.660,0.453,1.393,0.718,0.857
4019,gcb8305.tif,0.991,3.685,0.917,1.380,517,278,36.870,1.104,1.223,0.818,0.911
4020,gcb8305.tif,0.339,2.276,0.822,0.906,610,277,66.038,0.552,1.433,0.698,0.870
4021,gcb8305.tif,0.423,3.133,0.542,1.029,562,280,63.435,0.893,1.154,0.867,0.685
4022,gcb8305.tif,0.296,1.907,1.000,0.742,950,274,150.255,0.552,1.201,0.833,0.921
4023,gcb8305.tif,0.406,2.374,0.906,0.995,851,274,123.690,0.651,1.597,0.626,0.873
4024,gcb8305.tif,0.237,1.777,0.943,0.742,879,275,150.255,0.460,1.526,0.655,0.903
4025,gcb8305.tif,2.244,8.074,0.433,2.736,893,276,109.654,1.472,2.067,0.484,0.675
4026,gcb8305.tif,0.085,0.965,1.000,0.412,305,278,153.435,0.276,1.384,0.723,0.909
4027,gcb8305.tif,0.457,2.406,0.993,0.920,391,277,126.870,0.736,1.211,0.826,0.931
4028,gcb8305.tif,0.246,2.092,0.705,0.873,216,288,71.565,0.368,2.367,0.422,0.866
4029,gcb8305.tif,4.209,9.623,0.571,3.913,365,279,131.186,1.887,2.175,0.460,0.847
4030,gcb8305.tif,0.135,1.670,0.611,0.742,596,286,60.255,0.325,2.739,0.365,0.744
4031,gcb8305.tif,0.110,1.225,0.922,0.537,404,281,120.964,0.368,1.453,0.688,0.812
4032,gcb8305.tif,1.338,4.389,0.873,1.564,604,294,28.072,1.276,1.161,0.861,0.898
4033,gcb8305.tif,2.329,7.293,0.550,2.817,691,282,141.633,1.490,2.283,0.438,0.798
4034,gcb8305.tif,0.373,2.352,0.847,0.995,730,282,123.690,0.580,1.746,0.573,0.871
4035,gcb8305.tif,0.661,3.164,0.829,1.340,451,298,74.055,0.644,1.888,0.530,0.929
4036,gcb8305.tif,0.254,2.190,0.666,0.868,907,284,122.005,0.505,1.880,0.532,0.779
4037,gcb8305.tif,1.965,5.960,0.695,2.357,637,288,141.340,1.310,1.811,0.552,0.867
4038,gcb8305.tif,0.119,1.485,0.675,0.589,748,287,128.660,0.453,1.220,0.820,0.700
4039,gcb8305.tif,7.994,21.283,0.222,6.495,223,292,97.326,2.541,3.918,0.255,0.625
4040,gcb8305.tif,0.381,2.276,0.925,0.906,679,303,66.038,0.552,1.522,0.657,0.928
4041,gcb8305.tif,0.161,1.387,1.000,0.589,563,304,51.340,0.368,1.273,0.785,0.974
4042,gcb8305.tif,0.144,1.355,0.985,0.537,300,304,30.964,0.455,1.150,0.869,0.829
4043,gcb8305.tif,1.101,3.793,0.962,1.368,581,302,132.274,1.104,1.112,0.899,0.935
4044,gcb8305.tif,0.889,3.631,0.848,1.340,415,309,15.945,0.982,1.470,0.680,0.864
4045,gcb8305.tif,3.159,8.236,0.585,3.237,466,336,75.174,1.571,1.906,0.525,0.865
4046,gcb8305.tif,0.965,3.555,0.960,1.278,631,302,120.256,1.104,1.117,0.896,0.934
4047,gcb8305.tif,1.219,5.300,0.545,2.352,768,304,120.579,0.822,3.466,0.289,0.796
4048,gcb8305.tif,0.195,1.517,1.000,0.651,442,311,135.000,0.460,1.202,0.832,0.958
4049,gcb8305.tif,2.066,6.100,0.698,2.503,681,337,53.973,1.231,2.178,0.459,0.886
4050,gcb8305.tif,0.330,2.504,0.662,0.978,747,323,48.814,0.594,1.736,0.576,0.765
4051,gcb8305.tif,0.229,1.777,0.910,0.701,375,315,113.199,0.460,1.374,0.728,0.900
4052,gcb8305.tif,0.288,1.854,1.000,0.719,399,321,39.806,0.552,1.184,0.845,0.907
4053,gcb8305.tif,0.119,1.149,1.000,0.460,290,318,126.870,0.368,1.020,0.981,0.933
4054,gcb8305.tif,6.927,14.685,0.404,5.187,620,322,115.201,2.481,2.362,0.423,0.771
4055,gcb8305.tif,0.313,2.114,0.881,0.823,570,321,116.565,0.587,1.469,0.681,0.841
4056,gcb8305.tif,1.287,4.313,0.869,1.532,659,331,32.735,1.288,1.110,0.901,0.924
4057,gcb8305.tif,0.186,1.930,0.629,0.911,375,323,135.000,0.387,3.070,0.326,0.733
4058,gcb8305.tif,7.943,21.036,0.226,5.190,509,325,142.927,3.681,1.663,0.601,0.551
4059,gcb8305.tif,0.195,1.517,1.000,0.589,96,325,128.660,0.460,1.008,0.992,0.958
4060,gcb8305.tif,0.313,1.961,1.000,0.742,552,330,29.745,0.552,1.139,0.878,0.937
4061,gcb8305.tif,3.438,8.496,0.599,3.406,595,325,128.418,1.729,2.198,0.455,0.831
4062,gcb8305.tif,2.117,6.665,0.599,2.688,315,349,51.953,1.387,1.964,0.509,0.829
4063,gcb8305.tif,0.135,1.485,0.772,0.664,237,328,146.310,0.390,2.011,0.497,0.744
4064,gcb8305.tif,1.126,4.704,0.640,1.787,350,346,78.111,1.031,1.739,0.575,0.824
4065,gcb8305.tif,0.093,1.019,1.000,0.460,305,331,36.870,0.276,1.372,0.729,0.957
4066,gcb8305.tif,1.745,7.132,0.431,2.256,398,352,78.232,1.288,1.961,0.510,0.714
4067,gcb8305.tif,1.711,7.446,0.388,2.805,415,330,138.991,1.366,2.694,0.371,0.669
4068,gcb8305.tif,0.127,1.279,0.976,0.537,283,330,120.964,0.368,1.474,0.678,0.882
4069,gcb8305.tif,1.982,6.481,0.593,2.103,562,339,156.801,1.544,1.412,0.708,0.797
4070,gcb8305.tif,0.694,5.548,0.284,2.436,290,362,79.114,0.494,6.312,0.158,0.695
4071,gcb8305.tif,0.093,1.149,0.887,0.496,525,341,68.199,0.276,1.714,0.583,0.846
4072,gcb8305.tif,0.229,1.800,0.887,0.719,366,339,129.806,0.521,1.458,0.686,0.818
4073,gcb8305.tif,0.152,1.670,0.687,0.701,854,340,113.199,0.368,2.276,0.439,0.800
4074,gcb8305.tif,0.576,2.850,0.891,1.108,481,342,131.634,0.826,1.288,0.776,0.895
4075,gcb8305.tif,0.195,1.616,0.938,0.651,732,343,171.870,0.460,1.302,0.768,0.836
4076,gcb8305.tif,1.346,6.351,0.420,2.212,244,345,106.928,1.012,2.168,0.461,0.761
4077,gcb8305.tif,1.465,5.960,0.518,2.273,336,345,121.759,1.066,2.733,0.366,0.757
4078,gcb8305.tif,0.373,2.222,0.949,0.823,457,345,116.565,0.644,1.081,0.925,0.898
4079,gcb8305.tif,0.186,1.517,1.000,0.589,692,346,128.660,0.460,1.083,0.923,0.936
4080,gcb8305.tif,0.161,1.409,1.000,0.537,593,348,120.964,0.460,1.111,0.900,0.884
4081,gcb8305.tif,0.127,1.279,0.976,0.537,666,353,59.036,0.368,1.287,0.777,0.857
4082,gcb8305.tif,2.422,10.220,0.291,4.282,728,353,151.783,1.523,3.811,0.262,0.549
4083,gcb8305.tif,0.847,3.425,0.907,1.178,409,353,128.660,1.012,1.045,0.957,0.909
4084,gcb8305.tif,0.152,1.333,1.000,0.537,380,353,120.964,0.368,1.218,0.821,0.947
4085,gcb8305.tif,0.677,3.187,0.838,1.171,433,366,45.000,0.837,1.364,0.733,0.865
4086,gcb8305.tif,1.787,6.580,0.519,2.421,473,382,81.254,1.452,1.982,0.505,0.744
4087,gcb8305.tif,0.821,4.986,0.415,1.863,366,358,122.905,0.944,2.489,0.402,0.632
4088,gcb8305.tif,0.220,1.647,1.000,0.651,487,357,135.000,0.460,1.147,0.872,0.929
4089,gcb8305.tif,5.149,15.031,0.286,3.995,556,370,141.546,2.951,1.348,0.742,0.666
4090,gcb8305.tif,0.068,0.965,0.914,0.412,591,361,116.565,0.276,1.308,0.764,0.800
4091,gcb8305.tif,1.177,4.075,0.891,1.408,611,369,11.310,1.196,1.152,0.868,0.894
4092,gcb8305.tif,5.894,17.608,0.239,4.112,504,363,139.538,3.041,1.253,0.798,0.634
4093,gcb8305.tif,0.051,0.965,0.686,0.412,228,367,116.565,0.260,1.792,0.558,0.667
4094,gcb8305.tif,0.220,1.930,0.743,0.742,270,367,119.745,0.552,1.395,0.717,0.776
4095,gcb8305.tif,2.066,7.154,0.507,2.389,328,367,105.642,1.776,1.127,0.888,0.723
4096,gcb8305.tif,0.576,3.056,0.775,1.178,482,371,128.660,0.771,1.584,0.631,0.845
4097,gcb8305.tif,0.601,3.685,0.556,1.455,706,369,124.695,0.741,2.354,0.425,0.740
4098,gcb8305.tif,0.102,1.095,1.000,0.460,176,370,126.870,0.368,1.281,0.781,0.857
4099,gcb8305.tif,1.999,5.354,0.876,1.922,655,370,106.699,1.562,1.309,0.764,0.913
4100,gcb8305.tif,2.058,5.875,0.749,2.156,294,389,39.806,1.497,1.459,0.685,0.898
4101,gcb8305.tif,0.440,2.482,0.898,0.911,589,378,45.000,0.728,1.232,0.812,0.874
4102,gcb8305.tif,0.110,1.279,0.846,0.589,683,378,38.660,0.335,1.882,0.531,0.812
4103,gcb8305.tif,0.483,2.818,0.764,1.120,879,374,99.462,0.658,1.678,0.596,0.832
4104,gcb8305.tif,8.553,16.158,0.412,5.650,394,436,83.454,3.243,1.713,0.584,0.708
4105,gcb8305.tif,0.347,2.114,0.976,0.792,738,376,125.538,0.644,1.203,0.831,0.891
4106,gcb8305.tif,0.381,2.276,0.925,0.911,423,377,135.000,0.644,1.336,0.748,0.909
4107,gcb8305.tif,0.525,3.317,0.600,1.498,769,377,132.510,0.631,2.558,0.391,0.810
4108,gcb8305.tif,0.423,2.329,0.981,0.868,383,378,122.005,0.644,1.168,0.856,0.943
4109,gcb8305.tif,2.710,7.935,0.541,2.591,608,388,173.884,1.822,1.128,0.887,0.747
4110,gcb8305.tif,0.102,1.073,1.000,0.460,443,379,126.870,0.276,1.333,0.750,1.000
4111,gcb8305.tif,5.437,11.584,0.509,4.050,698,379,111.318,2.169,1.994,0.501,0.857
4112,gcb8305.tif,2.176,6.687,0.612,2.476,456,382,131.987,1.562,1.528,0.655,0.799
4113,gcb8305.tif,0.085,1.019,1.000,0.460,491,386,53.130,0.276,1.288,0.776,0.909
4114,gcb8305.tif,0.051,0.781,1.000,0.332,346,390,33.690,0.260,1.291,0.775,0.800
4115,gcb8305.tif,0.677,3.110,0.880,1.278,321,391,120.256,0.828,1.624,0.616,0.920
4116,gcb8305.tif,0.135,1.485,0.772,0.589,784,393,141.340,0.412,1.398,0.716,0.780
4117,gcb8305.tif,0.051,0.889,0.809,0.412,207,398,63.435,0.184,2.237,0.447,0.857
4118,gcb8305.tif,1.685,6.037,0.581,2.409,297,414,43.452,1.136,2.182,0.458,0.807
4119,gcb8305.tif,0.694,3.142,0.884,1.196,496,395,112.620,0.736,1.438,0.695,0.932
4120,gcb8305.tif,0.618,2.949,0.894,1.178,560,396,128.660,0.781,1.522,0.657,0.885
4121,gcb8305.tif,1.177,5.332,0.520,2.328,814,396,161.565,0.786,3.278,0.305,0.842
4122,gcb8305.tif,0.661,3.240,0.790,1.238,373,398,131.987,0.872,1.480,0.676,0.867
4123,gcb8305.tif,0.788,3.990,0.622,1.768,544,396,141.340,0.716,2.857,0.350,0.798
4124,gcb8305.tif,2.007,7.370,0.464,2.450,586,418,55.713,1.467,1.708,0.585,0.771
4125,gcb8305.tif,0.347,2.352,0.789,0.991,651,406,68.199,0.552,1.653,0.605,0.845
4126,gcb8305.tif,0.398,3.133,0.510,1.368,446,397,132.274,0.549,2.812,0.356,0.707
4127,gcb8305.tif,0.076,0.965,1.000,0.412,662,400,26.565,0.276,1.340,0.746,0.857
4128,gcb8305.tif,0.627,3.326,0.712,1.408,202,414,78.690,0.552,2.372,0.422,0.931
4129,gcb8305.tif,0.737,5.094,0.357,2.058,793,400,153.435,0.757,3.511,0.285,0.662
4130,gcb8305.tif,0.661,2.904,0.984,1.073,100,406,149.036,0.828,1.157,0.865,0.940
4131,gcb8305.tif,0.178,1.517,0.971,0.589,265,404,128.660,0.460,1.159,0.862,0.913
4132,gcb8305.tif,3.735,8.119,0.712,2.925,418,420,167.276,2.147,1.307,0.765,0.882
4133,gcb8305.tif,0.178,1.616,0.856,0.664,346,410,146.310,0.453,1.445,0.692,0.792
4134,gcb8305.tif,0.330,2.038,1.000,0.792,563,416,35.538,0.644,1.119,0.894,0.907
4135,gcb8305.tif,1.338,4.443,0.852,1.729,604,419,25.201,1.104,1.562,0.640,0.916
4136,gcb8305.tif,0.144,1.279,1.000,0.537,328,410,120.964,0.368,1.263,0.792,0.919
4137,gcb8305.tif,1.592,4.726,0.896,1.659,540,410,109.440,1.358,1.223,0.818,0.928
4138,gcb8305.tif,0.694,3.555,0.691,1.509,456,412,142.431,0.782,2.338,0.428,0.796
4139,gcb8305.tif,4.454,11.108,0.454,3.915,460,434,29.578,1.922,2.412,0.415,0.731
4140,gcb8305.tif,0.762,4.520,0.469,1.712,509,428,53.746,0.876,2.349,0.426,0.700
4141,gcb8305.tif,0.051,0.781,1.000,0.390,257,414,135.000,0.247,1.809,0.553,0.800
4142,gcb8305.tif,0.093,1.095,0.976,0.460,628,415,143.130,0.368,1.147,0.871,0.815
4143,gcb8305.tif,2.744,7.706,0.581,2.835,325,442,35.754,1.811,1.596,0.627,0.778
4144,gcb8305.tif,0.186,2.038,0.564,0.792,205,425,54.462,0.460,1.775,0.563,0.786
4145,gcb8305.tif,0.364,2.145,0.994,0.848,562,428,49.399,0.644,1.108,0.903,0.945
4146,gcb8305.tif,2.295,6.773,0.629,2.882,642,421,106.699,1.288,2.240,0.447,0.877
4147,gcb8305.tif,1.863,5.103,0.899,1.863,668,422,122.905,1.472,1.156,0.865,0.940
4148,gcb8305.tif,0.686,3.110,0.891,1.112,692,434,65.556,0.915,1.233,0.811,0.895
4149,gcb8305.tif,2.346,6.817,0.634,2.476,576,424,131.987,1.440,1.864,0.536,0.818
4150,gcb8305.tif,1.245,5.745,0.474,2.037,728,426,161.565,1.082,2.203,0.454,0.703
4151,gcb8305.tif,2.617,10.458,0.301,4.282,844,430,171.347,1.281,3.584,0.279,0.692
4152,gcb8305.tif,0.254,2.742,0.425,1.120,531,438,80.538,0.368,3.433,0.291,0.674
4153,gcb8305.tif,1.507,5.040,0.746,1.915,599,438,35.218,1.168,1.790,0.559,0.886
4154,gcb8305.tif,1.126,4.726,0.634,1.692,203,431,112.380,1.104,1.516,0.660,0.831
4155,gcb8305.tif,0.669,3.003,0.933,1.077,362,433,160.017,0.905,1.177,0.850,0.888
4156,gcb8305.tif,0.195,1.647,0.902,0.701,496,431,113.199,0.368,1.701,0.588,0.902
4157,gcb8305.tif,3.574,10.839,0.382,3.650,709,433,123.690,1.979,2.564,0.390,0.637
4158,gcb8305.tif,1.203,4.704,0.683,1.746,398,452,71.565,0.997,1.906,0.525,0.861
4159,gcb8305.tif,0.144,1.539,0.763,0.617,723,435,116.565,0.434,1.558,0.642,0.773
4160,gcb8305.tif,0.195,1.517,1.000,0.589,268,436,128.660,0.460,1.008,0.992,0.958
4161,gcb8305.tif,4.133,11.153,0.417,3.141,609,459,31.827,2.591,1.626,0.615,0.725
4162,gcb8305.tif,1.101,3.923,0.899,1.402,546,452,66.801,1.104,1.194,0.837,0.915
4163,gcb8305.tif,1.457,4.596,0.867,1.692,418,461,67.620,1.235,1.363,0.734,0.905
4164,gcb8305.tif,0.449,2.374,1.000,0.873,445,443,108.435,0.736,1.099,0.910,0.891
4165,gcb8305.tif,0.821,3.317,0.938,1.318,503,445,155.225,0.920,1.449,0.690,0.915
4166,gcb8305.tif,0.601,3.339,0.678,1.509,578,444,127.569,0.626,2.643,0.378,0.835
4167,gcb8305.tif,0.220,1.670,0.993,0.617,348,446,116.565,0.552,1.077,0.929,0.867
4168,gcb8305.tif,1.042,3.999,0.818,1.646,385,446,116.565,0.957,1.743,0.574,0.901
4169,gcb8305.tif,0.068,0.965,0.914,0.460,167,447,126.870,0.262,1.989,0.503,0.800
4170,gcb8305.tif,0.068,1.485,0.386,0.582,237,447,108.435,0.262,2.572,0.389,0.593
4171,gcb8305.tif,0.305,1.907,1.000,0.742,570,455,60.255,0.552,1.186,0.843,0.935
4172,gcb8305.tif,2.329,7.119,0.578,2.981,670,448,98.881,1.104,2.917,0.343,0.861
4173,gcb8305.tif,0.085,1.041,0.982,0.412,872,448,116.565,0.368,1.028,0.973,0.769
4174,gcb8305.tif,0.364,3.317,0.416,1.327,850,450,146.310,0.517,2.917,0.343,0.677
4175,gcb8305.tif,0.618,3.088,0.815,1.359,152,451,118.301,0.644,1.926,0.519,0.930
4176,gcb8305.tif,0.144,1.409,0.911,0.582,601,456,18.435,0.368,1.356,0.737,0.850
4177,gcb8305.tif,0.279,2.114,0.786,0.873,429,463,71.565,0.535,1.649,0.606,0.825
4178,gcb8305.tif,0.779,3.317,0.890,1.327,490,455,123.690,0.889,1.592,0.628,0.906
4179,gcb8305.tif,1.330,5.691,0.516,2.486,637,476,51.009,0.919,3.292,0.304,0.787
4180,gcb8305.tif,0.432,2.374,0.963,0.961,695,454,106.699,0.644,1.359,0.736,0.895
4181,gcb8305.tif,1.389,4.542,0.846,1.679,461,473,80.538,1.265,1.328,0.753,0.894
4182,gcb8305.tif,1.194,4.259,0.827,1.638,516,457,141.843,1.105,1.628,0.614,0.884
4183,gcb8305.tif,0.068,0.911,1.000,0.460,357,459,36.870,0.260,1.939,0.516,0.842
4184,gcb8305.tif,0.415,2.352,0.943,0.906,398,459,156.038,0.644,1.299,0.770,0.899
4185,gcb8305.tif,0.127,1.279,0.976,0.589,567,460,141.340,0.368,1.453,0.688,0.857
4186,gcb8305.tif,0.542,2.742,0.906,0.995,293,463,146.310,0.828,1.066,0.938,0.901
4187,gcb8305.tif,3.887,10.619,0.433,3.522,554,465,146.725,2.301,1.937,0.516,0.698
4188,gcb8305.tif,1.982,5.516,0.818,1.969,310,482,52.595,1.588,1.179,0.848,0.902
4189,gcb8305.tif,0.119,1.355,0.811,0.496,405,468,111.801,0.368,1.260,0.794,0.824
4190,gcb8305.tif,0.525,2.720,0.892,1.077,381,469,109.983,0.644,1.457,0.687,0.925
4191,gcb8305.tif,0.313,2.504,0.628,0.961,410,471,163.301,0.617,1.706,0.586,0.733
4192,gcb8305.tif,0.229,1.670,1.000,0.664,652,476,33.690,0.521,1.316,0.760,0.885
4193,gcb8305.tif,0.195,1.593,0.964,0.664,340,478,33.690,0.460,1.445,0.692,0.885
4194,gcb8305.tif,0.974,3.685,0.901,1.340,373,475,105.945,1.011,1.312,0.762,0.902
4195,gcb8305.tif,0.127,1.225,1.000,0.496,437,476,111.801,0.368,1.127,0.887,0.857
4196,gcb8305.tif,0.373,2.222,0.949,0.873,450,476,108.435,0.552,1.370,0.730,0.917
4197,gcb8305.tif,0.991,3.631,0.944,1.252,465,484,17.103,1.104,1.092,0.916,0.921
4198,gcb8305.tif,0.102,1.041,1.000,0.412,544,476,116.565,0.368,1.000,1.000,0.857
4199,gcb8305.tif,2.862,6.687,0.804,2.308,607,484,156.501,1.887,1.101,0.909,0.903
4200,gcb8305.tif,3.345,7.976,0.661,3.114,731,480,145.840,1.783,1.929,0.518,0.873
4201,gcb8305.tif,0.508,2.590,0.952,1.049,498,481,127.875,0.644,1.440,0.694,0.938
4202,gcb8305.tif,0.432,2.482,0.881,0.995,887,480,123.690,0.715,1.413,0.708,0.872
4203,gcb8305.tif,1.236,4.888,0.650,1.719,708,481,105.524,1.104,1.648,0.607,0.851
4204,gcb8305.tif,0.601,2.872,0.916,1.112,355,483,114.444,0.781,1.439,0.695,0.877
4205,gcb8305.tif,0.059,0.965,0.800,0.412,483,488,116.565,0.276,1.527,0.655,0.737
4206,gcb8305.tif,0.627,2.958,0.900,1.164,417,489,108.435,0.644,1.698,0.589,0.949
4207,gcb8305.tif,3.845,9.017,0.594,3.150,336,490,96.710,1.872,1.807,0.553,0.813
4208,gcb8305.tif,1.135,4.075,0.859,1.484,397,490,119.745,1.111,1.321,0.757,0.899
4209,gcb8305.tif,0.796,3.532,0.802,1.380,638,504,53.130,0.828,1.708,0.585,0.904
4210,gcb8305.tif,1.880,5.440,0.798,2.103,371,497,156.801,1.272,1.629,0.614,0.919
4211,gcb8305.tif,0.093,1.593,0.461,0.701,555,492,113.199,0.253,3.654,0.274,0.688
4212,gcb8305.tif,0.059,0.965,0.800,0.460,726,493,143.130,0.247,2.211,0.452,0.778
4213,gcb8305.tif,2.481,9.255,0.364,3.710,533,495,119.745,1.309,3.412,0.293,0.635
4214,gcb8305.tif,0.872,3.402,0.947,1.327,469,503,33.690,0.920,1.319,0.758,0.954
4215,gcb8305.tif,1.177,4.811,0.639,1.736,669,505,32.005,1.193,1.682,0.595,0.820
4216,gcb8305.tif,0.525,2.904,0.782,1.196,569,496,112.620,0.644,1.529,0.654,0.886
4217,gcb8305.tif,0.449,2.536,0.877,1.029,352,498,116.565,0.644,1.631,0.613,0.891
4218,gcb8305.tif,2.397,9.223,0.354,2.650,489,499,159.677,2.244,1.369,0.730,0.619
4219,gcb8305.tif,0.203,2.006,0.635,0.920,192,501,126.870,0.390,2.735,0.366,0.750
4220,gcb8305.tif,0.051,0.965,0.686,0.460,521,507,36.870,0.247,2.464,0.406,0.667
4221,gcb8305.tif,0.135,1.279,1.000,0.537,434,510,59.036,0.368,1.234,0.810,0.889
4222,gcb8305.tif,0.271,1.930,0.914,0.786,455,507,159.444,0.552,1.418,0.705,0.853
4223,gcb8305.tif,0.186,1.517,1.000,0.617,591,506,116.565,0.368,1.459,0.685,0.957
4224,gcb8305.tif,0.898,4.488,0.560,1.679,685,527,80.538,0.920,1.938,0.516,0.726
4225,gcb8305.tif,0.805,4.107,0.599,1.787,158,510,101.889,0.644,2.857,0.350,0.892
4226,gcb8305.tif,0.390,2.904,0.580,1.228,204,510,102.995,0.469,3.092,0.323,0.807
4227,gcb8305.tif,0.364,2.450,0.762,0.991,367,521,68.199,0.625,1.626,0.615,0.827
4228,gcb8305.tif,0.322,2.038,0.974,0.792,403,518,54.462,0.644,1.161,0.861,0.905
4229,gcb8305.tif,0.059,0.835,1.000,0.390,786,516,45.000,0.276,1.380,0.725,0.875
4230,gcb8305.tif,1.109,3.977,0.882,1.455,449,529,71.565,1.012,1.395,0.717,0.926
4231,gcb8305.tif,0.525,2.742,0.877,1.029,424,515,116.565,0.736,1.380,0.724,0.879
4232,gcb8305.tif,0.398,2.298,0.947,0.906,477,520,23.962,0.644,1.264,0.791,0.895
4233,gcb8305.tif,0.279,2.244,0.697,0.906,281,518,113.962,0.460,1.988,0.503,0.846
4234,gcb8305.tif,0.847,3.469,0.884,1.359,581,520,151.699,0.911,1.381,0.724,0.873
4235,gcb8305.tif,0.415,2.406,0.901,0.906,615,519,113.962,0.644,1.449,0.690,0.891
4236,gcb8305.tif,0.330,2.190,0.865,0.786,518,520,110.556,0.644,1.097,0.912,0.848
4237,gcb8305.tif,1.363,5.278,0.615,2.098,348,521,105.255,1.137,1.859,0.538,0.821
4238,gcb8305.tif,1.296,4.834,0.697,1.719,565,540,74.476,1.196,1.409,0.710,0.857
4239,gcb8305.tif,0.203,1.616,0.978,0.617,326,527,116.565,0.535,1.022,0.979,0.828
4240,gcb8305.tif,0.330,2.612,0.608,1.112,339,528,114.444,0.568,2.003,0.499,0.765
4241,gcb8305.tif,0.356,2.114,1.000,0.823,606,528,116.565,0.644,1.243,0.804,0.884
4242,gcb8305.tif,2.007,6.382,0.619,2.306,614,547,28.610,1.377,1.930,0.518,0.859
4243,gcb8305.tif,0.144,1.355,0.985,0.537,638,536,59.036,0.453,1.177,0.850,0.829
4244,gcb8305.tif,1.914,6.687,0.538,2.166,509,540,12.265,1.472,1.626,0.615,0.758
4245,gcb8305.tif,0.161,1.463,0.944,0.651,459,538,45.000,0.434,1.571,0.636,0.884
4246,gcb8305.tif,0.381,2.222,0.970,0.873,475,542,71.565,0.552,1.423,0.703,0.918
4247,gcb8305.tif,1.033,3.815,0.892,1.340,381,535,105.945,1.104,1.237,0.809,0.907
4248,gcb8305.tif,0.779,3.393,0.850,1.282,487,550,68.962,0.939,1.306,0.766,0.876
4249,gcb8305.tif,0.694,3.685,0.643,1.583,316,543,125.538,0.647,2.679,0.373,0.832
4250,gcb8305.tif,0.085,1.041,0.982,0.412,640,547,26.565,0.325,1.241,0.806,0.800
4251,gcb8305.tif,0.881,3.447,0.932,1.327,456,548,146.310,0.976,1.406,0.711,0.904
4252,gcb8305.tif,0.152,1.333,1.000,0.537,373,547,120.964,0.368,1.248,0.801,0.947
4253,gcb8305.tif,0.076,0.889,1.000,0.390,503,548,135.000,0.276,1.000,1.000,1.000
4254,gcb8305.tif,1.770,6.144,0.589,2.323,726,548,123.690,1.358,1.962,0.510,0.766
4255,gcb8305.tif,0.102,1.670,0.458,0.664,493,551,123.690,0.313,2.767,0.361,0.632
4256,gcb8305.tif,0.322,1.961,1.000,0.742,537,552,119.745,0.552,1.159,0.863,0.950
4257,gcb8305.tif,2.600,6.459,0.783,2.228,654,558,141.710,1.674,1.396,0.716,0.895
4258,gcb8305.tif,0.110,1.225,0.922,0.496,366,553,111.801,0.368,1.223,0.817,0.812
4259,gcb8305.tif,0.779,5.018,0.389,1.487,581,568,68.199,1.288,1.276,0.784,0.626
4260,gcb8305.tif,0.059,0.911,0.898,0.412,335,555,153.435,0.260,1.668,0.600,0.778
4261,gcb8305.tif,1.617,6.481,0.484,2.154,589,578,70.017,1.288,1.507,0.663,0.816
4262,gcb8305.tif,0.847,3.532,0.853,1.368,607,556,109.654,0.828,1.672,0.598,0.913
4263,gcb8305.tif,0.279,1.984,0.892,0.786,401,557,110.556,0.536,1.569,0.637,0.846
4264,gcb8305.tif,1.084,3.891,0.900,1.509,354,559,127.569,1.041,1.492,0.670,0.905
4265,gcb8305.tif,0.068,0.835,1.000,0.390,483,564,45.000,0.276,1.229,0.814,0.941
4266,gcb8305.tif,2.219,7.630,0.479,2.635,548,561,114.775,1.557,1.898,0.527,0.753
4267,gcb8305.tif,0.305,2.038,0.923,0.792,444,570,54.462,0.552,1.189,0.841,0.923
4268,gcb8305.tif,0.178,1.485,1.000,0.617,415,566,116.565,0.460,1.322,0.757,0.840
4269,gcb8305.tif,0.593,2.796,0.953,0.995,338,575,33.690,0.828,1.067,0.937,0.897
4270,gcb8305.tif,0.059,1.041,0.687,0.412,281,568,116.565,0.276,1.439,0.695,0.700
4271,gcb8305.tif,0.178,2.038,0.538,0.906,513,572,23.962,0.335,3.242,0.308,0.764
4272,gcb8305.tif,0.102,1.149,0.967,0.496,490,570,111.801,0.276,1.579,0.633,0.889
4273,gcb8305.tif,8.096,18.089,0.311,8.242,788,582,6.411,1.532,6.188,0.162,0.875
4274,gcb8305.tif,0.483,3.662,0.452,1.631,213,573,106.390,0.491,3.702,0.270,0.820
4275,gcb8305.tif,1.499,6.014,0.521,2.637,687,576,119.249,1.029,3.119,0.321,0.812
4276,gcb8305.tif,1.118,4.358,0.740,1.455,413,592,71.565,1.196,1.213,0.825,0.863
4277,gcb8305.tif,1.423,4.466,0.897,1.631,460,577,106.390,1.272,1.238,0.808,0.911
4278,gcb8305.tif,7.486,17.329,0.313,5.644,605,579,155.943,2.882,2.057,0.486,0.615
4279,gcb8305.tif,3.083,6.804,0.837,2.632,479,580,126.469,1.655,1.544,0.648,0.943
4280,gcb8305.tif,0.406,2.558,0.781,1.153,334,580,118.610,0.576,2.220,0.450,0.857
4281,gcb8305.tif,0.178,1.539,0.943,0.617,357,580,116.565,0.460,1.109,0.902,0.857
4282,gcb8305.tif,1.219,4.443,0.776,1.777,385,580,111.251,1.104,1.666,0.600,0.886
4283,gcb8305.tif,1.728,5.180,0.809,1.840,501,582,126.870,1.416,1.322,0.757,0.891
4284,gcb8305.tif,0.144,1.279,1.000,0.537,678,585,120.964,0.368,1.263,0.792,0.919
4285,gcb8305.tif,0.186,1.517,1.000,0.589,361,588,128.660,0.460,1.083,0.923,0.936
4286,gcb8305.tif,0.694,3.187,0.859,1.164,567,600,71.565,0.920,1.167,0.857,0.863
4287,gcb8305.tif,0.068,0.911,1.000,0.460,768,591,36.870,0.260,1.939,0.516,0.842
4288,gcb8305.tif,0.517,2.644,0.929,1.029,718,589,116.565,0.644,1.502,0.666,0.938
4289,gcb8305.tif,0.051,0.705,1.000,0.332,589,590,123.690,0.184,1.500,0.667,1.000
4290,gcb8305.tif,9.154,20.588,0.271,7.926,876,590,105.489,2.729,3.829,0.261,0.545
4291,gcb8305.tif,10.374,19.672,0.337,6.965,534,592,133.394,2.634,2.702,0.370,0.721
4292,gcb8305.tif,0.390,2.222,0.992,0.868,400,600,32.005,0.644,1.131,0.884,0.911
4293,gcb8305.tif,0.677,3.209,0.827,1.200,323,599,147.529,0.868,1.448,0.691,0.851
4294,gcb8305.tif,1.304,4.313,0.881,1.573,357,614,69.444,1.161,1.353,0.739,0.909
4295,gcb8305.tif,0.466,2.482,0.950,0.906,421,598,113.962,0.736,1.195,0.837,0.902
4296,gcb8305.tif,1.059,6.548,0.310,1.770,440,618,81.027,1.164,1.703,0.587,0.649
4297,gcb8305.tif,0.788,3.294,0.912,1.235,455,603,116.565,0.920,1.300,0.769,0.921
4298,gcb8305.tif,0.271,2.244,0.676,0.906,741,611,23.962,0.514,1.976,0.506,0.771
4299,gcb8305.tif,0.296,1.907,1.000,0.742,638,608,150.255,0.552,1.169,0.856,0.921
4300,gcb8305.tif,0.406,2.298,0.967,0.868,572,614,32.005,0.700,1.266,0.790,0.897
4301,gcb8305.tif,4.183,10.556,0.472,4.133,380,609,101.560,1.848,2.510,0.398,0.794
4302,gcb8305.tif,1.719,6.037,0.593,2.366,520,613,103.496,1.333,1.963,0.509,0.807
4303,gcb8305.tif,0.440,2.504,0.882,0.961,593,623,73.301,0.714,1.328,0.753,0.852
4304,gcb8305.tif,0.813,4.758,0.451,1.813,478,614,113.962,0.935,2.703,0.370,0.644
4305,gcb8305.tif,0.127,1.333,0.898,0.537,713,615,149.036,0.368,1.353,0.739,0.882
4306,gcb8305.tif,0.144,1.279,1.000,0.537,334,620,59.036,0.368,1.263,0.792,0.919
4307,gcb8305.tif,0.152,1.746,0.629,0.651,411,616,98.130,0.412,1.673,0.598,0.706
4308,gcb8305.tif,1.414,6.328,0.444,2.694,157,647,82.147,0.736,4.178,0.239,0.801
4309,gcb8305.tif,0.246,1.777,0.977,0.664,499,618,123.690,0.552,1.107,0.903,0.892
4310,gcb8305.tif,0.127,1.203,1.000,0.521,632,624,45.000,0.368,1.137,0.880,0.968
4311,gcb8305.tif,0.093,1.095,0.976,0.460,322,624,36.870,0.325,1.450,0.689,0.846
4312,gcb8305.tif,6.377,17.967,0.248,6.534,307,623,90.807,1.977,3.868,0.259,0.653
4313,gcb8305.tif,1.050,4.802,0.572,2.156,814,623,140.194,0.799,2.998,0.334,0.835
4314,gcb8305.tif,0.356,2.971,0.506,1.120,662,638,80.538,0.609,2.222,0.450,0.718
4315,gcb8305.tif,1.423,4.650,0.827,1.736,426,645,57.995,1.220,1.498,0.668,0.896
4316,gcb8305.tif,0.364,2.428,0.776,0.961,914,639,73.301,0.552,1.903,0.526,0.835
4317,gcb8305.tif,0.254,1.984,0.811,0.719,443,630,129.806,0.552,1.311,0.763,0.857
4318,gcb8305.tif,0.186,1.517,1.000,0.589,681,631,128.660,0.460,1.083,0.923,0.936
4319,gcb8305.tif,1.279,4.161,0.928,1.455,486,633,124.695,1.104,1.159,0.863,0.938
4320,gcb8305.tif,1.270,4.129,0.936,1.523,362,636,154.983,1.196,1.211,0.826,0.923
4321,gcb8305.tif,0.796,3.555,0.792,1.402,182,649,66.801,0.864,1.825,0.548,0.866
4322,gcb8305.tif,0.661,3.209,0.806,1.200,414,647,57.529,0.860,1.437,0.696,0.857
4323,gcb8305.tif,1.160,4.389,0.757,1.509,503,637,142.431,1.196,1.233,0.811,0.862
4324,gcb8305.tif,1.448,6.611,0.416,1.863,606,655,69.775,1.421,1.503,0.665,0.695
4325,gcb8305.tif,0.567,3.577,0.557,1.509,710,647,37.569,0.727,2.765,0.362,0.728
4326,gcb8305.tif,1.778,6.427,0.541,2.323,258,640,123.690,1.318,2.102,0.476,0.792
4327,gcb8305.tif,1.694,7.217,0.409,2.486,689,641,141.009,1.341,2.437,0.410,0.659
4328,gcb8305.tif,0.423,2.352,0.962,0.906,437,649,66.038,0.644,1.328,0.753,0.917
4329,gcb8305.tif,5.648,16.031,0.276,6.313,833,641,143.297,1.587,4.729,0.211,0.740
4330,gcb8305.tif,3.159,7.500,0.706,2.958,659,642,95.356,1.528,2.031,0.492,0.892
4331,gcb8305.tif,1.092,5.224,0.503,1.729,745,643,154.799,1.361,1.318,0.759,0.694
4332,gcb8305.tif,0.169,1.409,1.000,0.537,903,645,149.036,0.460,1.083,0.923,0.889
4333,gcb8305.tif,0.178,1.539,0.943,0.617,168,654,63.435,0.453,1.484,0.674,0.840
4334,gcb8305.tif,2.202,7.065,0.554,2.450,463,649,124.287,1.469,1.762,0.567,0.783
4335,gcb8305.tif,1.101,4.107,0.820,1.564,632,663,61.928,1.104,1.422,0.703,0.909
4336,gcb8305.tif,0.254,2.222,0.647,0.848,234,655,40.601,0.547,1.429,0.700,0.789
4337,gcb8305.tif,0.288,2.114,0.810,0.873,536,650,108.435,0.552,1.604,0.624,0.850
4338,gcb8305.tif,0.059,0.781,1.000,0.390,522,655,45.000,0.260,1.596,0.626,0.875
4339,gcb8305.tif,0.508,2.482,1.000,0.947,675,654,150.945,0.736,1.191,0.839,0.930
4340,gcb8305.tif,0.601,2.850,0.930,1.029,357,654,116.565,0.828,1.198,0.835,0.916
4341,gcb8305.tif,3.286,8.864,0.525,3.145,374,686,69.444,1.656,1.749,0.572,0.826
4342,gcb8305.tif,2.007,6.167,0.663,2.593,549,679,62.526,1.193,2.439,0.410,0.898
4343,gcb8305.tif,0.720,3.317,0.822,1.292,423,658,94.086,0.828,1.376,0.727,0.885
4344,gcb8305.tif,0.152,1.355,1.000,0.537,448,658,120.964,0.460,1.077,0.929,0.837
4345,gcb8305.tif,1.177,4.282,0.807,1.583,591,662,125.538,1.067,1.604,0.623,0.855
4346,gcb8305.tif,0.085,0.965,1.000,0.460,536,662,143.130,0.276,1.551,0.645,0.909
4347,gcb8305.tif,0.449,2.482,0.916,0.961,676,667,106.699,0.644,1.483,0.674,0.891
4348,gcb8305.tif,3.015,12.077,0.260,5.433,845,667,128.811,1.169,6.389,0.157,0.686
4349,gcb8305.tif,0.127,1.279,0.976,0.537,523,673,59.036,0.368,1.369,0.730,0.857
4350,gcb8305.tif,4.141,12.711,0.322,4.692,617,668,115.560,2.152,2.547,0.393,0.646
4351,gcb8305.tif,1.033,3.869,0.867,1.487,349,684,68.199,0.988,1.561,0.641,0.914
4352,gcb8305.tif,1.999,6.068,0.682,1.969,485,670,127.405,1.626,1.245,0.803,0.831
4353,gcb8305.tif,0.203,1.571,1.000,0.651,578,670,135.000,0.460,1.091,0.916,0.980
4354,gcb8305.tif,0.466,2.926,0.684,1.049,460,681,37.875,0.716,1.476,0.678,0.827
4355,gcb8305.tif,0.296,2.038,0.897,0.792,632,673,125.538,0.552,1.451,0.689,0.854
4356,gcb8305.tif,0.144,1.485,0.820,0.719,163,679,39.806,0.325,2.342,0.427,0.829
4357,gcb8305.tif,0.093,1.149,0.887,0.537,560,683,59.036,0.276,1.892,0.528,0.880
4358,gcb8305.tif,0.203,1.647,0.941,0.664,287,685,56.310,0.460,1.166,0.857,0.889
4359,gcb8305.tif,0.601,2.895,0.902,1.123,360,679,124.992,0.781,1.470,0.680,0.882
4360,gcb8305.tif,0.771,4.434,0.493,1.935,523,692,25.346,0.663,3.520,0.284,0.781
4361,gcb8305.tif,1.355,4.758,0.752,1.822,669,697,45.000,1.227,1.593,0.628,0.872
4362,gcb8305.tif,0.212,1.800,0.821,0.792,433,691,35.538,0.453,1.946,0.514,0.833
4363,gcb8305.tif,0.762,3.402,0.827,1.368,270,703,70.346,0.736,1.931,0.518,0.923
4364,gcb8305.tif,0.754,3.425,0.808,1.235,392,704,63.435,0.920,1.189,0.841,0.899
4365,gcb8305.tif,1.609,6.741,0.445,2.675,558,692,130.815,1.281,2.680,0.373,0.663
4366,gcb8305.tif,2.651,7.509,0.591,2.996,446,708,10.620,1.286,2.788,0.359,0.844
4367,gcb8305.tif,0.754,3.478,0.783,1.252,523,701,162.897,0.828,1.507,0.664,0.886
4368,gcb8305.tif,1.490,4.627,0.875,1.697,348,698,102.529,1.187,1.440,0.694,0.905
4369,gcb8305.tif,0.754,3.294,0.873,1.200,661,698,122.471,0.902,1.416,0.706,0.899
4370,gcb8305.tif,1.194,4.228,0.840,1.689,373,702,150.642,1.041,1.778,0.562,0.890
4371,gcb8305.tif,0.415,2.536,0.811,1.049,594,710,52.125,0.658,1.592,0.628,0.860
4372,gcb8305.tif,2.371,5.722,0.910,1.941,501,708,148.570,1.725,1.125,0.889,0.926
4373,gcb8305.tif,0.711,3.142,0.906,1.196,425,707,157.380,0.736,1.489,0.672,0.949
4374,gcb8305.tif,0.076,0.965,1.000,0.412,588,709,153.435,0.276,1.536,0.651,0.857
4375,gcb8305.tif,0.838,3.317,0.958,1.196,395,712,157.380,1.012,1.123,0.891,0.908
4376,gcb8305.tif,0.135,1.333,0.958,0.589,338,711,128.660,0.368,1.320,0.758,0.914
4377,gcb8305.tif,0.271,1.930,0.914,0.742,360,718,29.745,0.586,1.289,0.776,0.842
4378,gcb8305.tif,0.195,1.517,1.000,0.589,576,717,128.660,0.460,1.008,0.992,0.958
4379,gcb8305.tif,0.110,1.149,1.000,0.521,565,719,135.000,0.368,1.370,0.730,0.929
4380,gcb8305.tif,0.144,1.485,0.820,0.560,670,719,99.462,0.453,1.249,0.801,0.773
4381,gcb8308.tif,3.303,8.833,0.532,3.148,425,2,127.875,2.042,1.731,0.578,0.793
4382,gcb8308.tif,0.330,3.317,0.377,1.318,274,3,102.095,0.509,3.549,0.282,0.586
4383,gcb8308.tif,0.152,1.463,0.895,0.651,619,4,135.000,0.437,1.538,0.650,0.857
4384,gcb8308.tif,0.237,2.222,0.604,0.991,751,4,111.801,0.453,2.368,0.422,0.812
4385,gcb8308.tif,0.627,2.980,0.887,1.108,352,5,131.634,0.889,1.277,0.783,0.892
4386,gcb8308.tif,0.152,1.355,1.000,0.537,521,11,59.036,0.455,1.130,0.885,0.857
4387,gcb8308.tif,0.652,3.393,0.712,1.301,737,6,98.130,0.828,1.666,0.600,0.815
4388,gcb8308.tif,8.333,16.818,0.370,6.094,300,9,104.876,2.879,2.385,0.419,0.682
4389,gcb8308.tif,0.186,1.593,0.922,0.617,588,18,63.435,0.460,1.160,0.862,0.863
4390,gcb8308.tif,2.261,5.983,0.794,2.148,495,14,99.866,1.498,1.402,0.713,0.893
4391,gcb8308.tif,0.271,1.854,0.991,0.742,573,15,150.255,0.552,1.256,0.796,0.889
4392,gcb8308.tif,1.135,5.462,0.478,2.058,342,37,63.435,1.091,2.252,0.444,0.680
4393,gcb8308.tif,0.178,1.539,0.943,0.582,650,15,108.435,0.460,1.183,0.846,0.857
4394,gcb8308.tif,0.254,1.930,0.857,0.719,699,22,50.194,0.644,1.075,0.930,0.779
4395,gcb8308.tif,1.474,5.592,0.592,1.956,556,19,138.814,1.276,1.272,0.786,0.773
4396,gcb8308.tif,2.490,7.455,0.563,2.632,606,17,126.469,1.630,1.829,0.547,0.812
4397,gcb8308.tif,0.466,3.110,0.605,1.340,761,22,164.055,0.549,2.808,0.356,0.803
4398,gcb8308.tif,0.279,2.796,0.449,1.029,91,31,79.695,0.460,1.766,0.566,0.725
4399,gcb8308.tif,0.076,0.965,1.000,0.460,730,25,126.870,0.276,1.542,0.648,0.857
4400,gcb8308.tif,0.720,3.133,0.922,1.252,541,32,143.973,0.846,1.529,0.654,0.895
4401,gcb8308.tif,0.322,2.038,0.974,0.742,661,30,119.745,0.644,1.081,0.925,0.894
4402,gcb8308.tif,6.301,9.829,0.820,3.220,442,54,30.964,2.782,1.132,0.884,0.925
4403,gcb8308.tif,0.212,1.961,0.692,0.848,92,32,102.529,0.368,2.580,0.388,0.833
4404,gcb8308.tif,0.263,2.168,0.702,0.947,420,32,150.945,0.446,2.416,0.414,0.838
4405,gcb8308.tif,0.212,1.876,0.756,0.701,516,37,23.199,0.541,1.359,0.736,0.769
4406,gcb8308.tif,0.686,3.218,0.832,1.340,780,33,164.055,0.644,1.975,0.506,0.926
4407,gcb8308.tif,9.908,17.652,0.400,6.118,349,50,173.089,3.136,2.290,0.437,0.688
4408,gcb8308.tif,0.305,2.092,0.876,0.823,584,33,116.565,0.552,1.565,0.639,0.889
4409,gcb8308.tif,0.178,1.593,0.880,0.664,634,34,146.310,0.460,1.297,0.771,0.875
4410,gcb8308.tif,12.508,19.344,0.420,6.382,842,33,114.717,4.314,1.830,0.547,0.698
4411,gcb8308.tif,0.406,2.558,0.781,1.123,681,36,145.008,0.586,2.171,0.461,0.865
4412,gcb8308.tif,1.465,5.875,0.533,2.578,869,36,124.824,0.842,3.472,0.288,0.832
4413,gcb8308.tif,0.127,1.355,0.869,0.537,482,39,149.036,0.437,1.277,0.783,0.769
4414,gcb8308.tif,0.457,2.428,0.975,0.873,569,40,161.565,0.736,1.097,0.912,0.885
4415,gcb8308.tif,0.915,3.653,0.861,1.455,518,51,34.695,0.911,1.567,0.638,0.893
4416,gcb8308.tif,0.144,1.777,0.573,0.664,509,45,33.690,0.368,1.690,0.592,0.810
4417,gcb8308.tif,1.457,5.103,0.703,2.010,802,41,105.945,0.920,2.245,0.445,0.894
4418,gcb8308.tif,0.364,2.168,0.974,0.920,603,42,126.870,0.644,1.489,0.672,0.905
4419,gcb8308.tif,0.491,2.742,0.821,1.123,904,42,124.992,0.689,1.691,0.591,0.866
4420,gcb8308.tif,0.212,1.593,1.000,0.617,417,43,116.565,0.460,1.147,0.872,0.909
4421,gcb8308.tif,0.203,1.723,0.860,0.742,432,50,60.255,0.460,1.565,0.639,0.857
4422,gcb8308.tif,0.169,1.593,0.838,0.670,273,51,74.055,0.368,1.756,0.569,0.870
4423,gcb8308.tif,0.398,2.971,0.567,1.112,615,46,114.444,0.644,1.754,0.570,0.777
4424,gcb8308.tif,0.703,3.371,0.777,1.380,495,47,126.870,0.740,1.923,0.520,0.883
4425,gcb8308.tif,0.703,3.034,0.959,1.112,629,58,65.556,0.828,1.219,0.820,0.933
4426,gcb8308.tif,0.288,2.060,0.853,0.792,681,47,125.538,0.576,1.443,0.693,0.850
4427,gcb8308.tif,0.110,1.301,0.817,0.537,534,53,30.964,0.325,1.805,0.554,0.765
4428,gcb8308.tif,3.362,9.690,0.450,3.375,595,51,115.866,1.627,2.332,0.429,0.793
4429,gcb8308.tif,0.373,2.590,0.698,1.029,341,53,100.305,0.552,1.791,0.558,0.830
4430,gcb8308.tif,0.296,1.984,0.947,0.792,429,53,125.538,0.552,1.465,0.683,0.864
4431,gcb8308.tif,1.059,3.891,0.879,1.429,564,68,75.069,1.094,1.303,0.767,0.893
4432,gcb8308.tif,0.212,1.723,0.896,0.651,578,53,135.000,0.535,1.162,0.861,0.833
4433,gcb8308.tif,0.686,3.110,0.891,1.164,141,56,161.565,0.828,1.466,0.682,0.885
4434,gcb8308.tif,0.601,3.761,0.534,1.607,285,56,113.629,0.615,3.480,0.287,0.772
4435,gcb8308.tif,0.144,1.432,0.883,0.537,816,57,149.036,0.455,1.089,0.918,0.810
4436,gcb8308.tif,3.438,8.896,0.546,3.608,234,57,95.856,1.472,2.770,0.361,0.846
4437,gcb8308.tif,0.644,2.872,0.980,1.049,519,58,127.875,0.911,1.136,0.880,0.910
4438,gcb8308.tif,0.110,1.149,1.000,0.460,533,57,126.870,0.368,1.148,0.871,0.897
4439,gcb8308.tif,0.517,3.003,0.720,1.029,693,67,63.435,0.915,1.057,0.946,0.813
4440,gcb8308.tif,0.415,2.244,1.000,0.873,488,58,108.435,0.644,1.240,0.806,0.907
4441,gcb8308.tif,0.279,1.984,0.892,0.759,416,73,75.964,0.552,1.203,0.831,0.857
4442,gcb8308.tif,0.406,2.352,0.924,0.848,663,72,40.601,0.736,1.072,0.933,0.889
4443,gcb8308.tif,1.982,8.097,0.380,3.194,434,100,78.366,1.104,3.188,0.314,0.746
4444,gcb8308.tif,0.195,1.616,0.938,0.664,497,71,33.690,0.455,1.555,0.643,0.836
4445,gcb8308.tif,1.397,5.862,0.511,2.456,894,92,77.005,0.801,3.683,0.272,0.819
4446,gcb8308.tif,0.423,2.298,1.000,0.873,650,68,108.435,0.644,1.186,0.843,0.909
4447,gcb8308.tif,0.627,3.532,0.631,1.518,445,70,165.964,0.552,3.229,0.310,0.855
4448,gcb8308.tif,0.906,3.685,0.839,1.509,467,80,37.569,0.899,1.789,0.559,0.903
4449,gcb8308.tif,1.643,5.722,0.630,1.897,620,70,140.906,1.528,1.147,0.872,0.820
4450,gcb8308.tif,0.110,1.095,1.000,0.460,683,73,36.870,0.368,1.159,0.863,0.897
4451,gcb8308.tif,0.559,2.850,0.865,1.123,704,79,55.008,0.810,1.495,0.669,0.886
4452,gcb8308.tif,0.406,3.056,0.547,1.278,361,71,120.256,0.646,2.815,0.355,0.676
4453,gcb8308.tif,0.110,1.441,0.666,0.670,93,79,74.055,0.184,3.340,0.299,0.963
4454,gcb8308.tif,0.144,1.355,0.985,0.521,333,76,45.000,0.455,1.039,0.962,0.829
4455,gcb8308.tif,2.744,8.182,0.515,3.318,372,104,56.310,1.453,2.502,0.400,0.827
4456,gcb8308.tif,2.278,5.960,0.806,2.098,492,94,37.875,1.585,1.298,0.771,0.913
4457,gcb8308.tif,1.482,5.983,0.520,2.226,561,99,60.255,1.041,2.663,0.375,0.754
4458,gcb8308.tif,0.212,1.593,1.000,0.651,791,84,45.000,0.460,1.197,0.835,0.909
4459,gcb8308.tif,0.728,3.348,0.816,1.340,405,79,105.945,0.736,1.712,0.584,0.901
4460,gcb8308.tif,0.550,2.666,0.973,0.991,325,80,111.801,0.736,1.271,0.787,0.929
4461,gcb8308.tif,2.159,5.494,0.899,2.010,545,80,105.945,1.380,1.398,0.715,0.950
4462,gcb8308.tif,0.051,0.705,1.000,0.332,95,81,123.690,0.184,1.500,0.667,1.000
4463,gcb8308.tif,14.490,29.703,0.206,8.057,284,168,76.122,4.270,2.243,0.446,0.550
4464,gcb8308.tif,0.872,4.380,0.571,1.729,680,85,154.799,0.883,1.931,0.518,0.795
4465,gcb8308.tif,0.110,1.463,0.646,0.664,449,90,56.310,0.291,2.589,0.386,0.765
4466,gcb8308.tif,2.278,9.071,0.348,3.059,523,85,105.709,1.727,2.197,0.455,0.601
4467,gcb8308.tif,1.414,4.627,0.830,1.567,454,88,130.236,1.299,1.203,0.831,0.884
4468,gcb8308.tif,0.517,2.612,0.951,0.995,356,97,33.690,0.736,1.142,0.876,0.897
4469,gcb8308.tif,0.178,1.539,0.943,0.617,598,96,63.435,0.460,1.216,0.822,0.840
4470,gcb8308.tif,0.686,3.914,0.563,1.697,657,91,130.601,0.651,3.322,0.301,0.794
4471,gcb8308.tif,0.212,1.670,0.954,0.617,414,91,116.565,0.524,1.174,0.851,0.847
4472,gcb8308.tif,2.329,5.992,0.815,2.156,742,93,129.806,1.656,1.153,0.867,0.924
4473,gcb8308.tif,1.143,6.144,0.381,2.273,394,93,111.371,0.971,3.267,0.306,0.651
4474,gcb8308.tif,4.082,12.451,0.331,3.737,710,134,80.074,2.532,1.840,0.544,0.603
4475,gcb8308.tif,1.270,4.520,0.781,1.646,473,98,153.435,1.241,1.412,0.708,0.875
4476,gcb8308.tif,2.744,10.426,0.317,3.527,567,111,172.504,1.663,2.848,0.351,0.580
4477,gcb8308.tif,4.302,9.721,0.572,3.710,622,98,119.745,1.894,1.912,0.523,0.813
4478,gcb8308.tif,0.263,1.723,1.000,0.664,644,101,123.690,0.552,1.058,0.945,0.925
4479,gcb8308.tif,0.423,2.352,0.962,0.947,505,112,60.945,0.644,1.441,0.694,0.917
4480,gcb8308.tif,0.423,2.482,0.864,0.947,353,104,119.055,0.644,1.270,0.787,0.885
4481,gcb8308.tif,0.483,2.666,0.853,0.938,413,106,101.310,0.736,1.231,0.812,0.877
4482,gcb8308.tif,1.431,4.367,0.943,1.523,431,106,115.017,1.288,1.155,0.866,0.936
4483,gcb8308.tif,2.049,5.440,0.870,1.834,468,108,107.526,1.564,1.079,0.927,0.925
4484,gcb8308.tif,0.186,1.539,0.988,0.617,685,108,116.565,0.460,1.214,0.824,0.863
4485,gcb8308.tif,0.135,1.279,1.000,0.521,661,110,135.000,0.368,1.150,0.869,0.889
4486,gcb8308.tif,0.254,2.092,0.730,0.873,912,111,108.435,0.446,2.306,0.434,0.822
4487,gcb8308.tif,4.200,15.304,0.225,4.419,475,142,31.373,2.428,1.792,0.558,0.587
4488,gcb8308.tif,2.591,8.388,0.463,3.498,551,117,144.638,1.241,3.473,0.288,0.745
4489,gcb8308.tif,0.288,1.854,1.000,0.701,339,116,113.199,0.552,1.127,0.887,0.919
4490,gcb8308.tif,2.456,8.572,0.420,2.527,684,117,123.111,1.848,1.667,0.600,0.763
4491,gcb8308.tif,0.203,1.593,1.000,0.617,727,116,116.565,0.460,1.256,0.796,0.906
4492,gcb8308.tif,0.229,1.647,1.000,0.664,370,124,56.310,0.460,1.210,0.826,0.947
4493,gcb8308.tif,0.838,3.393,0.915,1.235,385,120,116.565,1.021,1.157,0.864,0.892
4494,gcb8308.tif,2.600,7.706,0.550,3.114,650,122,124.160,1.293,2.932,0.341,0.807
4495,gcb8308.tif,0.127,1.279,0.976,0.537,614,124,30.964,0.368,1.392,0.718,0.882
4496,gcb8308.tif,2.371,8.074,0.457,2.632,355,124,126.469,1.661,1.897,0.527,0.750
4497,gcb8308.tif,0.296,2.145,0.809,0.873,405,126,161.565,0.460,1.705,0.587,0.897
4498,gcb8308.tif,0.152,1.333,1.000,0.537,603,124,149.036,0.368,1.218,0.821,0.947
4499,gcb8308.tif,0.119,1.225,0.993,0.469,421,126,101.310,0.368,1.017,0.983,0.824
4500,gcb8308.tif,0.440,2.666,0.779,1.077,730,129,109.983,0.614,1.925,0.520,0.852
4501,gcb8308.tif,0.483,2.590,0.904,1.029,341,131,116.565,0.644,1.518,0.659,0.919
4502,gcb8308.tif,0.449,2.612,0.827,1.077,378,133,109.983,0.644,1.586,0.631,0.891
4503,gcb8308.tif,2.227,6.167,0.736,2.277,421,141,14.036,1.542,1.457,0.687,0.877
4504,gcb8308.tif,1.829,6.405,0.560,2.436,455,133,100.886,1.272,2.247,0.445,0.784
4505,gcb8308.tif,0.711,3.371,0.787,1.123,624,143,55.008,0.920,1.160,0.862,0.853
4506,gcb8308.tif,4.268,11.597,0.399,3.093,524,139,149.621,2.473,1.393,0.718,0.761
4507,gcb8308.tif,0.102,1.041,1.000,0.412,246,139,116.565,0.368,1.000,1.000,0.857
4508,gcb8308.tif,6.622,17.733,0.265,5.298,383,150,162.824,2.314,2.830,0.353,0.711
4509,gcb8308.tif,0.059,0.781,1.000,0.390,562,140,135.000,0.260,1.596,0.626,0.875
4510,gcb8308.tif,0.152,1.463,0.895,0.589,597,141,128.660,0.460,1.294,0.773,0.837
4511,gcb8308.tif,1.855,7.141,0.457,2.409,572,162,43.452,1.521,1.821,0.549,0.720
4512,gcb8308.tif,0.483,2.666,0.853,1.112,618,156,65.556,0.644,1.508,0.663,0.891
4513,gcb8308.tif,0.466,2.666,0.823,1.112,637,148,155.556,0.644,1.700,0.588,0.887
4514,gcb8308.tif,0.432,2.504,0.865,1.073,702,149,149.036,0.576,2.007,0.498,0.872
4515,gcb8308.tif,0.432,3.317,0.493,1.340,679,155,15.945,0.644,2.215,0.452,0.708
4516,gcb8308.tif,0.737,3.164,0.925,1.123,365,151,124.992,0.920,1.135,0.881,0.911
4517,gcb8308.tif,4.776,12.159,0.406,3.464,504,183,16.991,2.813,1.462,0.684,0.706
4518,gcb8308.tif,0.212,1.593,1.000,0.617,732,153,116.565,0.460,1.177,0.849,0.926
4519,gcb8308.tif,1.965,8.312,0.357,3.584,800,153,119.197,1.010,4.667,0.214,0.694
4520,gcb8308.tif,0.347,2.352,0.789,0.906,349,156,113.962,0.644,1.455,0.687,0.812
4521,gcb8308.tif,0.119,1.279,0.911,0.537,633,161,30.964,0.368,1.280,0.781,0.848
4522,gcb8308.tif,0.127,1.203,1.000,0.521,599,161,135.000,0.368,1.137,0.880,0.968
4523,gcb8308.tif,0.745,3.164,0.935,1.178,647,171,38.660,0.920,1.255,0.797,0.926
4524,gcb8308.tif,0.076,0.965,1.000,0.412,699,165,63.435,0.276,1.340,0.746,0.857
4525,gcb8308.tif,1.465,4.421,0.942,1.562,581,164,135.000,1.288,1.078,0.927,0.938
4526,gcb8308.tif,0.508,2.688,0.883,1.108,483,163,131.634,0.716,1.678,0.596,0.870
4527,gcb8308.tif,0.085,1.041,0.982,0.412,338,167,26.565,0.325,1.241,0.806,0.800
4528,gcb8308.tif,2.219,9.852,0.287,2.256,361,177,11.768,1.746,1.277,0.783,0.714
4529,gcb8308.tif,0.364,2.320,0.850,0.906,401,177,66.038,0.586,1.560,0.641,0.860
4530,gcb8308.tif,0.381,2.428,0.812,1.049,625,168,127.875,0.586,1.985,0.504,0.865
4531,gcb8308.tif,1.880,6.221,0.611,2.357,607,170,128.660,1.301,2.168,0.461,0.813
4532,gcb8308.tif,0.872,3.456,0.918,1.318,671,184,65.225,0.828,1.445,0.692,0.954
4533,gcb8308.tif,2.430,7.684,0.517,2.925,720,173,167.276,1.380,2.447,0.409,0.806
4534,gcb8308.tif,3.540,11.607,0.330,3.935,322,214,79.216,1.907,2.514,0.398,0.672
4535,gcb8308.tif,1.118,3.977,0.888,1.573,659,174,110.556,0.920,1.592,0.628,0.936
4536,gcb8308.tif,3.743,10.686,0.412,4.043,864,179,131.309,1.762,2.433,0.411,0.726
4537,gcb8308.tif,2.227,6.557,0.651,2.273,409,179,148.241,1.666,1.187,0.842,0.810
4538,gcb8308.tif,0.330,2.168,0.883,0.868,453,176,122.005,0.586,1.490,0.671,0.897
4539,gcb8308.tif,1.084,4.596,0.645,1.719,544,195,74.476,1.104,1.596,0.626,0.818
4540,gcb8308.tif,0.288,1.907,0.994,0.719,385,185,39.806,0.552,1.143,0.875,0.907
4541,gcb8308.tif,0.212,1.907,0.731,0.786,486,179,110.556,0.368,2.207,0.453,0.820
4542,gcb8308.tif,1.270,4.129,0.936,1.455,579,194,34.695,1.272,1.109,0.902,0.926
4543,gcb8308.tif,1.380,5.929,0.493,2.409,468,185,133.452,1.041,2.846,0.351,0.753
4544,gcb8308.tif,0.500,2.612,0.920,1.029,561,185,116.565,0.736,1.346,0.743,0.887
4545,gcb8308.tif,1.092,5.323,0.485,2.086,819,188,138.576,0.910,2.407,0.415,0.748
4546,gcb8308.tif,0.152,1.333,1.000,0.537,277,188,120.964,0.368,1.218,0.821,0.947
4547,gcb8308.tif,2.007,5.808,0.748,2.018,354,189,114.228,1.472,1.434,0.697,0.893
4548,gcb8308.tif,0.051,0.781,1.000,0.390,397,192,45.000,0.247,1.809,0.553,0.800
4549,gcb8308.tif,0.932,3.923,0.761,1.543,626,190,107.354,0.920,1.522,0.657,0.873
4550,gcb8308.tif,0.229,1.670,1.000,0.701,431,198,66.801,0.460,1.438,0.695,0.900
4551,gcb8308.tif,6.047,14.739,0.350,5.303,442,193,128.660,2.330,2.487,0.402,0.682
4552,gcb8308.tif,3.133,10.058,0.389,2.545,501,216,40.601,2.117,1.322,0.757,0.778
4553,gcb8308.tif,2.685,9.775,0.353,3.691,650,203,175.711,1.460,3.249,0.308,0.607
4554,gcb8308.tif,0.220,1.593,1.000,0.617,714,195,116.565,0.460,1.184,0.845,0.929
4555,gcb8308.tif,0.838,3.371,0.927,1.252,604,209,72.897,0.920,1.298,0.771,0.917
4556,gcb8308.tif,1.541,5.538,0.631,2.301,533,197,126.870,1.218,2.032,0.492,0.831
4557,gcb8308.tif,0.195,1.539,1.000,0.617,739,199,153.435,0.460,1.227,0.815,0.902
4558,gcb8308.tif,1.372,4.389,0.895,1.498,389,214,79.380,1.288,1.104,0.906,0.905
4559,gcb8308.tif,0.279,1.907,0.965,0.719,561,201,129.806,0.552,1.131,0.885,0.892
4560,gcb8308.tif,1.279,4.466,0.806,1.532,573,202,122.735,1.172,1.337,0.748,0.880
4561,gcb8308.tif,0.398,2.406,0.864,0.961,305,203,106.699,0.552,1.576,0.635,0.913
4562,gcb8308.tif,0.821,3.348,0.921,1.252,707,206,107.103,0.828,1.442,0.694,0.933
4563,gcb8308.tif,9.332,23.105,0.220,6.032,722,235,158.523,4.559,1.143,0.875,0.525
4564,gcb8308.tif,3.438,12.585,0.273,5.435,832,207,118.301,1.040,6.580,0.152,0.754
4565,gcb8308.tif,0.152,1.409,0.965,0.617,66,213,26.565,0.368,1.633,0.612,0.878
4566,gcb8308.tif,0.076,1.041,0.884,0.412,526,210,153.435,0.276,1.402,0.713,0.818
4567,gcb8308.tif,0.652,2.904,0.972,1.049,590,209,127.875,0.828,1.096,0.912,0.939
4568,gcb8308.tif,0.322,2.092,0.924,0.781,205,210,135.000,0.552,1.169,0.856,0.894
4569,gcb8308.tif,2.202,8.388,0.393,2.768,609,212,111.448,1.188,2.862,0.349,0.758
4570,gcb8308.tif,0.627,3.133,0.802,1.178,672,214,128.660,0.817,1.573,0.636,0.855
4571,gcb8308.tif,2.016,8.712,0.334,2.799,333,227,9.462,1.820,1.789,0.559,0.575
4572,gcb8308.tif,2.363,5.700,0.914,1.982,558,238,68.199,1.656,1.115,0.897,0.932
4573,gcb8308.tif,0.110,1.225,0.922,0.496,824,218,111.801,0.368,1.420,0.704,0.812
4574,gcb8308.tif,0.703,3.532,0.708,1.405,390,220,121.608,0.828,1.551,0.645,0.851
4575,gcb8308.tif,0.381,2.222,0.970,0.868,446,219,122.005,0.644,1.300,0.769,0.909
4576,gcb8308.tif,0.161,1.463,0.944,0.617,580,220,116.565,0.368,1.379,0.725,0.905
4577,gcb8308.tif,1.448,4.942,0.745,2.043,709,238,54.162,1.130,1.934,0.517,0.881
4578,gcb8308.tif,0.330,2.168,0.883,0.920,649,222,143.130,0.586,1.675,0.597,0.886
4579,gcb8308.tif,0.144,1.485,0.820,0.617,681,224,153.435,0.390,1.674,0.597,0.791
4580,gcb8308.tif,0.737,4.313,0.498,1.607,625,229,13.241,0.828,2.462,0.406,0.725
4581,gcb8308.tif,0.500,2.612,0.920,0.991,409,224,111.801,0.736,1.391,0.719,0.887
4582,gcb8308.tif,0.610,3.586,0.596,1.573,580,235,20.556,0.588,3.017,0.331,0.852
4583,gcb8308.tif,0.559,3.079,0.741,1.200,658,231,122.471,0.817,1.512,0.661,0.810
4584,gcb8308.tif,6.936,20.040,0.217,5.562,487,292,73.664,3.257,2.021,0.495,0.541
4585,gcb8308.tif,0.550,3.012,0.763,1.228,674,247,77.005,0.552,2.136,0.468,0.915
4586,gcb8308.tif,13.287,24.851,0.270,7.836,626,240,130.236,3.653,3.012,0.332,0.610
4587,gcb8308.tif,0.449,3.586,0.439,1.607,93,253,76.759,0.491,3.905,0.256,0.763
4588,gcb8308.tif,0.051,0.781,1.000,0.332,275,239,33.690,0.260,1.291,0.775,0.800
4589,gcb8308.tif,0.220,1.593,1.000,0.617,330,236,116.565,0.460,1.184,0.845,0.929
4590,gcb8308.tif,0.440,2.482,0.898,0.978,488,237,131.186,0.736,1.267,0.789,0.874
4591,gcb8308.tif,0.559,2.850,0.865,1.120,366,237,99.462,0.644,1.524,0.656,0.904
4592,gcb8308.tif,2.312,6.005,0.806,1.987,417,258,76.608,1.728,1.095,0.913,0.883
4593,gcb8308.tif,0.635,3.088,0.837,1.200,528,248,57.529,0.828,1.479,0.676,0.898
4594,gcb8308.tif,0.381,2.374,0.850,0.873,691,237,108.435,0.692,1.385,0.722,0.826
4595,gcb8308.tif,4.277,12.428,0.348,3.746,377,238,117.824,2.309,1.271,0.787,0.705
4596,gcb8308.tif,4.725,14.349,0.288,4.518,579,243,146.634,2.147,2.254,0.444,0.656
4597,gcb8308.tif,1.338,4.412,0.864,1.719,435,244,164.476,1.183,1.540,0.649,0.890
4598,gcb8308.tif,0.449,2.536,0.877,0.938,700,244,168.690,0.644,1.366,0.732,0.891
4599,gcb8308.tif,1.160,4.443,0.738,1.787,349,262,78.111,0.920,2.024,0.494,0.884
4600,gcb8308.tif,0.457,2.428,0.975,0.906,474,251,23.962,0.736,1.192,0.839,0.893
4601,gcb8308.tif,0.152,1.333,1.000,0.537,263,245,120.964,0.368,1.218,0.821,0.947
4602,gcb8308.tif,0.313,2.276,0.760,0.961,790,245,106.699,0.460,2.146,0.466,0.892
4603,gcb8308.tif,0.474,2.926,0.696,1.164,547,247,108.435,0.611,2.184,0.458,0.818
4604,gcb8308.tif,0.313,2.114,0.881,0.792,495,248,125.538,0.576,1.450,0.690,0.851
4605,gcb8308.tif,0.322,2.688,0.560,1.108,298,250,131.634,0.577,2.710,0.369,0.673
4606,gcb8308.tif,0.644,2.904,0.959,1.049,326,259,37.875,0.828,1.045,0.957,0.927
4607,gcb8308.tif,0.135,1.355,0.927,0.537,683,255,59.036,0.453,1.049,0.953,0.800
4608,gcb8308.tif,0.390,2.612,0.717,0.995,520,260,56.310,0.698,1.333,0.750,0.807
4609,gcb8308.tif,0.483,2.612,0.889,0.995,700,253,146.310,0.736,1.294,0.773,0.898
4610,gcb8308.tif,0.102,1.485,0.579,0.589,454,253,141.340,0.383,1.364,0.733,0.667
4611,gcb8308.tif,0.288,2.006,0.899,0.759,483,266,75.964,0.576,1.271,0.787,0.829
4612,gcb8308.tif,0.119,1.203,1.000,0.521,405,259,135.000,0.368,1.239,0.807,0.933
4613,gcb8308.tif,0.186,1.517,1.000,0.664,467,259,123.690,0.368,1.542,0.649,0.957
4614,gcb8308.tif,0.381,2.428,0.812,0.995,542,266,33.690,0.625,1.676,0.597,0.841
4615,gcb8308.tif,0.390,2.276,0.945,0.906,358,261,113.962,0.552,1.552,0.644,0.929
4616,gcb8308.tif,2.972,12.082,0.256,3.627,694,262,125.707,2.400,1.433,0.698,0.569
4617,gcb8308.tif,0.203,1.723,0.860,0.701,318,263,113.199,0.460,1.522,0.657,0.828
4618,gcb8308.tif,2.642,8.757,0.433,2.650,413,277,20.323,1.823,1.815,0.551,0.765
4619,gcb8308.tif,0.601,2.774,0.982,1.049,521,272,37.875,0.828,1.167,0.857,0.953
4620,gcb8308.tif,0.085,0.965,1.000,0.412,556,266,153.435,0.276,1.384,0.723,0.909
4621,gcb8308.tif,1.186,5.202,0.551,1.888,339,268,133.025,1.089,1.809,0.553,0.759
4622,gcb8308.tif,0.542,2.612,0.998,0.991,583,277,158.199,0.736,1.263,0.792,0.914
4623,gcb8308.tif,0.279,1.854,1.000,0.742,686,282,60.255,0.552,1.246,0.803,0.904
4624,gcb8308.tif,0.161,1.387,1.000,0.589,534,276,141.340,0.368,1.273,0.785,0.974
4625,gcb8308.tif,1.533,5.615,0.611,2.226,571,276,119.745,1.106,2.193,0.456,0.813
4626,gcb8308.tif,0.051,0.835,0.916,0.390,338,279,135.000,0.260,1.593,0.628,0.857
4627,gcb8308.tif,0.246,1.777,0.977,0.719,307,280,129.806,0.552,1.259,0.794,0.906
4628,gcb8308.tif,0.186,1.517,1.000,0.589,468,280,128.660,0.460,1.083,0.923,0.936
4629,gcb8308.tif,7.351,19.649,0.239,6.067,429,296,157.714,2.918,2.855,0.350,0.593
4630,gcb8308.tif,1.211,4.726,0.681,1.956,290,285,131.186,0.976,2.171,0.461,0.841
4631,gcb8308.tif,2.117,5.776,0.797,1.897,375,284,104.036,1.748,1.060,0.943,0.896
4632,gcb8308.tif,0.965,4.151,0.704,1.405,400,285,121.608,1.152,1.239,0.807,0.820
4633,gcb8308.tif,2.549,8.043,0.495,3.166,550,286,125.538,1.236,2.885,0.347,0.804
4634,gcb8308.tif,0.347,2.374,0.774,0.995,766,296,33.690,0.576,2.043,0.490,0.812
4635,gcb8308.tif,0.229,1.723,0.967,0.664,344,295,33.690,0.535,1.202,0.832,0.871
4636,gcb8308.tif,0.068,0.965,0.914,0.412,597,295,63.435,0.276,1.435,0.697,0.842
4637,gcb8308.tif,0.110,1.149,1.000,0.537,535,296,30.964,0.276,1.735,0.576,0.929
4638,gcb8308.tif,0.720,3.056,0.968,1.123,618,294,124.992,0.920,1.168,0.856,0.919
4639,gcb8308.tif,1.135,5.602,0.454,2.436,870,303,10.886,0.716,4.316,0.232,0.810
4640,gcb8308.tif,3.226,8.442,0.569,3.580,698,298,136.042,1.616,2.443,0.409,0.857
4641,gcb8308.tif,6.072,13.254,0.434,4.789,324,299,92.203,1.913,3.015,0.332,0.784
4642,gcb8308.tif,0.364,2.145,0.994,0.792,345,300,125.538,0.644,1.037,0.965,0.935
4643,gcb8308.tif,0.788,3.218,0.956,1.196,533,301,112.620,0.828,1.348,0.742,0.949
4644,gcb8308.tif,0.381,3.707,0.348,1.368,605,301,132.274,0.716,2.052,0.487,0.581
4645,gcb8308.tif,0.203,3.110,0.264,1.301,95,305,98.130,0.276,6.146,0.163,0.593
4646,gcb8308.tif,0.313,2.092,0.900,0.823,490,310,26.565,0.552,1.516,0.660,0.881
4647,gcb8308.tif,6.436,13.191,0.465,4.063,375,318,13.092,3.000,1.336,0.748,0.744
4648,gcb8308.tif,1.025,4.412,0.662,1.659,575,321,56.310,0.982,2.021,0.495,0.815
4649,gcb8308.tif,0.220,1.692,0.967,0.670,425,311,15.945,0.535,1.226,0.816,0.812
4650,gcb8308.tif,4.632,12.451,0.376,5.271,903,310,106.220,1.509,4.415,0.226,0.711
4651,gcb8308.tif,0.271,1.777,1.000,0.664,757,311,123.690,0.552,1.000,1.000,0.941
4652,gcb8308.tif,0.135,1.485,0.772,0.537,280,312,120.964,0.368,1.345,0.744,0.842
4653,gcb8308.tif,1.118,3.999,0.878,1.380,638,326,53.130,1.193,1.114,0.898,0.898
4654,gcb8308.tif,2.981,8.909,0.472,3.370,507,315,145.008,1.369,3.099,0.323,0.766
4655,gcb8308.tif,0.313,2.015,0.969,0.792,444,314,125.538,0.552,1.252,0.799,0.949
4656,gcb8308.tif,0.203,1.593,1.000,0.651,298,322,45.000,0.460,1.236,0.809,0.906
4657,gcb8308.tif,0.220,1.930,0.743,0.719,431,317,129.806,0.535,1.403,0.713,0.800
4658,gcb8308.tif,0.635,2.872,0.967,1.112,359,320,114.444,0.828,1.318,0.759,0.904
4659,gcb8308.tif,0.881,3.783,0.773,1.567,550,337,49.764,0.846,1.902,0.526,0.852
4660,gcb8308.tif,0.762,3.317,0.871,1.252,600,337,72.897,0.864,1.451,0.689,0.900
4661,gcb8308.tif,0.813,3.685,0.752,1.573,411,341,69.444,0.782,2.147,0.466,0.901
4662,gcb8308.tif,5.572,13.492,0.385,3.589,445,326,112.620,2.765,1.391,0.719,0.752
4663,gcb8308.tif,1.592,5.722,0.611,2.154,623,347,70.017,1.386,1.737,0.576,0.764
4664,gcb8308.tif,0.169,1.723,0.717,0.670,924,327,105.945,0.407,1.800,0.555,0.769
4665,gcb8308.tif,0.068,0.835,1.000,0.390,689,332,45.000,0.276,1.229,0.814,0.941
4666,gcb8308.tif,0.610,3.110,0.792,1.252,641,337,17.103,0.736,1.679,0.595,0.878
4667,gcb8308.tif,0.449,2.428,0.957,0.995,426,332,123.690,0.716,1.441,0.694,0.891
4668,gcb8308.tif,1.804,6.566,0.526,2.182,712,333,117.646,1.230,1.905,0.525,0.777
4669,gcb8308.tif,1.245,4.865,0.661,1.834,482,337,162.474,1.012,1.897,0.527,0.842
4670,gcb8308.tif,0.135,1.409,0.857,0.664,352,339,146.310,0.368,1.961,0.510,0.842
4671,gcb8308.tif,0.135,1.279,1.000,0.537,503,343,30.964,0.368,1.261,0.793,0.889
4672,gcb8308.tif,0.161,1.463,0.944,0.582,565,339,108.435,0.368,1.396,0.717,0.905
4673,gcb8308.tif,2.270,6.827,0.612,2.708,260,370,80.218,1.181,2.541,0.393,0.884
4674,gcb8308.tif,3.582,8.236,0.664,2.859,393,367,56.821,1.975,1.409,0.710,0.854
4675,gcb8308.tif,0.220,1.777,0.876,0.781,358,350,45.000,0.494,1.626,0.615,0.881
4676,gcb8308.tif,0.347,2.190,0.910,0.792,480,347,125.538,0.698,1.092,0.916,0.828
4677,gcb8308.tif,4.243,10.816,0.456,3.479,505,377,52.524,2.341,1.559,0.642,0.725
4678,gcb8308.tif,0.246,1.800,0.953,0.701,547,347,113.199,0.524,1.391,0.719,0.853
4679,gcb8308.tif,0.415,2.590,0.777,1.077,348,348,109.983,0.552,1.858,0.538,0.860
4680,gcb8308.tif,0.161,1.593,0.796,0.589,536,349,128.660,0.460,1.148,0.871,0.844
4681,gcb8308.tif,2.507,8.236,0.464,3.264,601,351,139.574,1.338,2.907,0.344,0.761
4682,gcb8308.tif,0.322,2.114,0.905,0.868,426,359,57.995,0.576,1.551,0.645,0.874
4683,gcb8308.tif,1.177,4.856,0.627,1.808,374,371,75.256,1.084,1.654,0.604,0.822
4684,gcb8308.tif,0.872,3.923,0.712,1.610,632,356,120.964,0.832,1.899,0.527,0.877
4685,gcb8308.tif,3.506,8.420,0.621,3.333,323,392,83.660,1.564,2.253,0.444,0.886
4686,gcb8308.tif,1.677,5.484,0.701,2.195,580,356,123.024,1.162,2.254,0.444,0.839
4687,gcb8308.tif,0.263,1.854,0.960,0.670,663,356,105.945,0.552,1.112,0.899,0.873
4688,gcb8308.tif,1.423,5.602,0.570,2.273,652,359,111.371,0.968,2.881,0.347,0.838
4689,gcb8308.tif,1.440,4.789,0.789,1.840,415,362,143.130,1.257,1.382,0.724,0.909
4690,gcb8308.tif,0.085,0.965,1.000,0.460,739,361,126.870,0.276,1.551,0.645,0.909
4691,gcb8308.tif,2.930,9.807,0.383,2.761,463,384,36.870,1.701,1.680,0.595,0.790
4692,gcb8308.tif,2.286,5.669,0.894,1.863,538,378,20.225,1.728,1.044,0.958,0.931
4693,gcb8308.tif,4.107,12.203,0.347,3.935,561,407,79.216,2.237,2.054,0.487,0.694
4694,gcb8308.tif,1.033,3.685,0.956,1.318,682,380,77.905,1.012,1.187,0.842,0.928
4695,gcb8308.tif,1.321,5.484,0.552,1.967,701,376,169.216,1.131,2.190,0.457,0.755
4696,gcb8308.tif,0.186,2.168,0.498,0.873,759,370,108.435,0.368,2.450,0.408,0.759
4697,gcb8308.tif,0.093,1.019,1.000,0.460,450,377,36.870,0.276,1.372,0.729,0.957
4698,gcb8308.tif,0.339,2.634,0.613,1.049,411,383,37.875,0.600,2.021,0.495,0.727
4699,gcb8308.tif,0.085,1.041,0.982,0.412,250,379,153.435,0.368,1.028,0.973,0.769
4700,gcb8308.tif,0.847,3.348,0.949,1.252,365,379,107.103,0.828,1.389,0.720,0.943
4701,gcb8308.tif,0.169,1.593,0.838,0.670,697,387,74.055,0.368,1.500,0.667,0.870
4702,gcb8308.tif,0.779,3.218,0.945,1.200,381,392,57.529,0.920,1.190,0.841,0.934
4703,gcb8308.tif,2.303,6.265,0.737,2.098,261,393,15.255,1.531,1.493,0.670,0.854
4704,gcb8308.tif,0.076,1.149,0.726,0.537,761,383,120.964,0.262,2.461,0.406,0.783
4705,gcb8308.tif,0.779,4.748,0.434,1.543,676,393,17.354,0.961,1.638,0.610,0.687
4706,gcb8308.tif,0.686,3.133,0.878,1.278,445,386,120.256,0.828,1.565,0.639,0.885
4707,gcb8308.tif,0.864,3.523,0.875,1.405,479,386,121.608,0.907,1.641,0.609,0.895
4708,gcb8308.tif,0.745,3.133,0.954,1.112,498,388,155.556,1.012,1.075,0.930,0.889
4709,gcb8308.tif,1.372,4.758,0.762,1.758,344,387,96.009,1.021,1.779,0.562,0.878
4710,gcb8308.tif,1.533,6.360,0.476,2.603,627,417,81.870,0.828,3.843,0.260,0.803
4711,gcb8308.tif,1.380,6.037,0.476,2.650,850,416,69.677,0.832,3.597,0.278,0.838
4712,gcb8308.tif,0.711,3.218,0.863,1.278,598,402,59.744,0.828,1.506,0.664,0.913
4713,gcb8308.tif,0.440,2.406,0.956,0.978,610,390,131.186,0.644,1.349,0.741,0.920
4714,gcb8308.tif,0.152,1.409,0.965,0.582,661,393,18.435,0.368,1.416,0.706,0.878
4715,gcb8308.tif,0.508,2.720,0.863,0.978,327,393,131.186,0.736,1.252,0.799,0.889
4716,gcb8308.tif,0.288,2.015,0.891,0.848,724,400,49.399,0.535,1.553,0.644,0.919
4717,gcb8308.tif,0.449,2.850,0.694,1.228,240,394,102.995,0.552,2.359,0.424,0.876
4718,gcb8308.tif,5.708,10.327,0.672,3.982,413,430,56.310,2.277,1.864,0.536,0.889
4719,gcb8308.tif,0.669,2.980,0.947,1.153,586,395,118.610,0.828,1.330,0.752,0.913
4720,gcb8308.tif,0.534,2.796,0.858,1.112,461,408,65.556,0.700,1.616,0.619,0.894
4721,gcb8308.tif,2.134,6.046,0.734,2.416,383,423,72.255,1.235,2.138,0.468,0.916
4722,gcb8308.tif,1.685,4.942,0.867,1.813,507,416,66.038,1.372,1.276,0.784,0.915
4723,gcb8308.tif,0.356,2.168,0.951,0.823,764,398,116.565,0.644,1.219,0.820,0.884
4724,gcb8308.tif,5.005,10.166,0.609,3.350,525,408,142.815,2.626,1.234,0.810,0.828
4725,gcb8308.tif,0.135,1.279,1.000,0.589,660,399,128.660,0.368,1.568,0.638,0.914
4726,gcb8308.tif,0.948,4.380,0.621,2.018,780,399,133.152,0.651,3.368,0.297,0.858
4727,gcb8308.tif,0.855,4.694,0.488,1.956,732,403,131.186,0.749,2.866,0.349,0.771
4728,gcb8308.tif,0.796,4.995,0.401,1.935,281,403,92.726,0.643,3.603,0.278,0.737
4729,gcb8308.tif,0.305,1.984,0.974,0.792,444,405,144.462,0.586,1.266,0.790,0.889
4730,gcb8308.tif,1.575,6.091,0.534,2.037,322,427,71.565,1.353,1.790,0.559,0.744
4731,gcb8308.tif,1.872,5.170,0.880,1.808,359,407,104.744,1.513,1.174,0.852,0.906
4732,gcb8308.tif,0.864,3.393,0.943,1.359,652,407,118.301,0.911,1.513,0.661,0.911
4733,gcb8308.tif,0.821,3.478,0.853,1.498,488,420,42.510,0.846,1.726,0.579,0.928
4734,gcb8308.tif,0.068,0.835,1.000,0.390,397,413,45.000,0.276,1.229,0.814,0.941
4735,gcb8308.tif,0.271,1.984,0.865,0.742,569,410,119.745,0.535,1.421,0.704,0.842
4736,gcb8308.tif,0.229,1.647,1.000,0.664,585,418,56.310,0.460,1.210,0.826,0.947
4737,gcb8308.tif,0.423,2.460,0.880,0.947,714,421,60.945,0.644,1.441,0.694,0.901
4738,gcb8308.tif,0.127,1.355,0.869,0.537,770,414,120.964,0.437,1.238,0.808,0.789
4739,gcb8308.tif,0.534,2.590,1.000,0.978,451,417,131.186,0.736,1.149,0.871,0.947
4740,gcb8308.tif,1.075,5.202,0.499,2.146,469,418,149.036,0.815,3.302,0.303,0.738
4741,gcb8308.tif,0.178,1.517,0.971,0.617,515,420,116.565,0.368,1.369,0.731,0.933
4742,gcb8308.tif,0.855,3.523,0.866,1.340,634,434,74.055,0.988,1.411,0.709,0.871
4743,gcb8308.tif,0.127,1.333,0.898,0.589,647,426,51.340,0.357,1.675,0.597,0.857
4744,gcb8308.tif,0.313,1.984,1.000,0.742,592,423,150.255,0.644,1.076,0.929,0.902
4745,gcb8308.tif,0.169,1.463,0.994,0.589,682,423,128.660,0.368,1.371,0.730,0.909
4746,gcb8308.tif,0.220,1.670,0.993,0.617,340,425,153.435,0.552,1.101,0.908,0.867
4747,gcb8308.tif,0.339,2.038,1.000,0.848,859,425,130.601,0.644,1.346,0.743,0.920
4748,gcb8308.tif,0.212,1.670,0.954,0.664,493,430,123.690,0.494,1.426,0.701,0.862
4749,gcb8308.tif,0.339,2.276,0.822,0.848,518,438,49.399,0.644,1.232,0.811,0.851
4750,gcb8308.tif,0.356,2.406,0.772,0.961,528,442,73.301,0.552,1.741,0.574,0.884
4751,gcb8308.tif,0.872,3.425,0.935,1.318,449,441,24.775,0.920,1.377,0.726,0.936
4752,gcb8308.tif,0.627,2.796,1.000,1.073,623,434,120.964,0.828,1.240,0.807,0.943
4753,gcb8308.tif,0.254,2.244,0.634,0.920,667,443,53.130,0.510,1.699,0.589,0.759
4754,gcb8308.tif,0.754,3.164,0.946,1.200,336,447,57.529,0.920,1.290,0.775,0.932
4755,gcb8308.tif,0.754,4.475,0.473,1.822,422,437,135.000,0.857,2.922,0.342,0.679
4756,gcb8308.tif,0.432,3.209,0.527,1.432,697,448,45.000,0.586,3.277,0.305,0.723
4757,gcb8308.tif,7.689,18.169,0.293,7.483,95,516,73.571,2.000,4.605,0.217,0.717
4758,gcb8308.tif,0.373,2.168,0.996,0.823,402,440,153.435,0.644,1.125,0.889,0.907
4759,gcb8308.tif,2.049,7.760,0.428,3.038,478,439,125.134,1.262,3.475,0.288,0.686
4760,gcb8308.tif,2.557,6.687,0.719,2.567,361,468,75.466,1.521,1.740,0.575,0.906
4761,gcb8308.tif,0.661,3.317,0.755,1.340,385,456,74.055,0.736,1.952,0.512,0.876
4762,gcb8308.tif,1.448,5.669,0.566,2.330,602,454,170.910,1.065,2.316,0.432,0.826
4763,gcb8308.tif,0.339,2.244,0.845,0.823,719,448,116.565,0.644,1.361,0.735,0.851
4764,gcb8308.tif,0.161,1.485,0.916,0.617,742,449,153.435,0.453,1.420,0.704,0.809
4765,gcb8308.tif,0.491,2.742,0.821,1.029,395,459,63.435,0.736,1.494,0.669,0.853
4766,gcb8308.tif,0.550,2.765,0.905,1.073,442,449,120.964,0.781,1.422,0.703,0.878
4767,gcb8308.tif,2.007,9.376,0.287,3.014,645,450,121.264,1.885,2.065,0.484,0.536
4768,gcb8308.tif,0.271,1.930,0.914,0.742,778,451,119.745,0.552,1.319,0.758,0.877
4769,gcb8308.tif,1.270,4.313,0.858,1.638,518,454,141.843,1.193,1.387,0.721,0.917
4770,gcb8308.tif,1.829,7.087,0.458,3.087,708,452,116.565,0.889,4.132,0.242,0.801
4771,gcb8308.tif,0.127,1.463,0.746,0.670,661,454,164.055,0.276,2.308,0.433,0.833
4772,gcb8308.tif,0.932,4.403,0.604,1.969,788,455,142.595,0.651,3.394,0.295,0.846
4773,gcb8308.tif,1.033,3.815,0.892,1.380,460,467,53.130,1.106,1.204,0.830,0.910
4774,gcb8308.tif,1.389,5.983,0.488,1.897,674,463,157.166,1.523,1.527,0.655,0.702
4775,gcb8308.tif,4.615,12.549,0.368,3.584,402,491,48.122,2.192,1.929,0.518,0.728
4776,gcb8308.tif,0.491,2.796,0.789,1.029,502,467,63.435,0.803,1.216,0.822,0.835
4777,gcb8308.tif,2.668,12.086,0.229,5.399,750,461,150.376,0.973,7.687,0.130,0.633
4778,gcb8308.tif,0.330,2.567,0.630,1.138,317,474,75.964,0.368,3.165,0.316,0.897
4779,gcb8308.tif,1.203,4.399,0.781,1.659,575,479,56.310,1.169,1.225,0.816,0.887
4780,gcb8308.tif,0.762,3.523,0.772,1.455,431,476,34.695,0.781,1.968,0.508,0.865
4781,gcb8308.tif,1.169,5.180,0.547,1.991,601,465,123.690,1.092,1.917,0.522,0.717
4782,gcb8308.tif,0.237,2.145,0.647,0.938,50,469,101.310,0.368,2.916,0.343,0.824
4783,gcb8308.tif,0.432,2.406,0.938,0.947,392,469,119.055,0.644,1.394,0.717,0.911
4784,gcb8308.tif,0.093,1.095,0.976,0.460,740,469,126.870,0.349,1.328,0.753,0.815
4785,gcb8308.tif,4.336,8.636,0.731,3.087,502,473,116.565,1.952,1.744,0.573,0.901
4786,gcb8308.tif,2.913,9.376,0.416,3.318,701,473,123.690,1.902,2.196,0.455,0.678
4787,gcb8308.tif,0.508,2.590,0.952,0.947,376,481,29.055,0.736,1.183,0.845,0.923
4788,gcb8308.tif,0.847,3.294,0.981,1.200,471,485,32.471,1.012,1.123,0.890,0.939
4789,gcb8308.tif,1.821,5.862,0.666,2.389,832,476,105.642,1.196,2.095,0.477,0.907
4790,gcb8308.tif,0.051,0.781,1.000,0.332,238,478,123.690,0.260,1.291,0.775,0.800
4791,gcb8308.tif,1.338,4.443,0.852,1.679,630,478,99.462,1.012,1.580,0.633,0.932
4792,gcb8308.tif,1.804,5.722,0.692,2.156,316,483,140.194,1.472,1.497,0.668,0.840
4793,gcb8308.tif,1.838,5.126,0.879,1.897,433,502,67.166,1.380,1.377,0.726,0.931
4794,gcb8308.tif,0.593,3.945,0.479,1.729,558,484,154.799,0.632,3.481,0.287,0.718
4795,gcb8308.tif,0.517,2.904,0.770,1.153,451,495,61.390,0.704,1.575,0.635,0.859
4796,gcb8308.tif,0.982,3.923,0.802,1.509,654,496,37.569,1.063,1.579,0.633,0.899
4797,gcb8308.tif,2.922,9.788,0.383,3.277,691,487,128.157,1.735,1.798,0.556,0.683
4798,gcb8308.tif,0.059,0.781,1.000,0.390,364,490,45.000,0.260,1.596,0.626,0.875
4799,gcb8308.tif,1.245,4.573,0.748,1.532,808,501,57.265,1.347,1.110,0.901,0.855
4800,gcb8308.tif,0.906,3.555,0.901,1.380,535,490,126.870,0.947,1.466,0.682,0.915
4801,gcb8308.tif,0.432,2.482,0.881,1.041,605,497,45.000,0.651,1.549,0.645,0.895
4802,gcb8308.tif,0.178,1.961,0.581,0.848,220,502,77.471,0.368,2.588,0.386,0.764
4803,gcb8308.tif,0.169,1.463,0.994,0.589,523,494,141.340,0.460,1.142,0.876,0.889
4804,gcb8308.tif,0.932,3.761,0.828,1.408,551,508,78.690,0.960,1.488,0.672,0.880
4805,gcb8308.tif,1.931,8.227,0.359,3.092,586,493,126.529,1.327,2.986,0.335,0.659
4806,gcb8308.tif,0.855,3.685,0.792,1.252,673,506,72.897,1.012,1.178,0.849,0.882
4807,gcb8308.tif,0.423,2.688,0.736,1.029,741,493,100.305,0.644,1.701,0.588,0.847
4808,gcb8308.tif,1.059,4.098,0.792,1.573,729,496,110.556,1.012,1.586,0.631,0.868
4809,gcb8308.tif,1.033,3.815,0.892,1.405,467,499,121.608,1.097,1.248,0.801,0.907
4810,gcb8308.tif,1.338,4.964,0.682,1.770,613,512,27.897,1.358,1.369,0.731,0.823
4811,gcb8308.tif,0.068,1.225,0.567,0.537,641,500,120.964,0.288,2.499,0.400,0.593
4812,gcb8308.tif,2.016,6.481,0.603,2.478,796,501,111.801,1.196,2.238,0.447,0.834
4813,gcb8308.tif,14.066,28.711,0.214,7.168,517,505,131.878,4.530,1.693,0.591,0.631
4814,gcb8308.tif,0.406,2.352,0.924,0.961,277,505,106.699,0.552,1.613,0.620,0.914
4815,gcb8308.tif,0.618,3.285,0.720,1.359,375,514,28.301,0.681,2.303,0.434,0.820
4816,gcb8308.tif,0.567,2.796,0.912,1.073,490,515,59.036,0.757,1.418,0.705,0.899
4817,gcb8308.tif,2.236,7.024,0.569,2.736,656,509,132.274,1.248,2.829,0.353,0.775
4818,gcb8308.tif,0.728,4.250,0.507,1.840,335,509,126.870,0.589,3.914,0.256,0.748
4819,gcb8308.tif,0.948,4.304,0.643,1.679,558,527,80.538,0.945,2.070,0.483,0.833
4820,gcb8308.tif,4.988,10.153,0.608,3.737,405,511,99.926,1.864,2.161,0.463,0.862
4821,gcb8308.tif,0.644,3.034,0.879,1.238,450,511,131.987,0.815,1.492,0.670,0.910
4822,gcb8308.tif,2.295,7.468,0.517,2.683,493,539,59.036,1.523,1.807,0.553,0.774
4823,gcb8308.tif,0.246,2.136,0.676,0.920,846,514,143.130,0.455,2.394,0.418,0.795
4824,gcb8308.tif,0.119,1.279,0.911,0.589,361,517,128.660,0.329,1.950,0.513,0.848
4825,gcb8308.tif,1.414,4.758,0.785,1.787,592,517,101.889,1.071,1.671,0.598,0.898
4826,gcb8308.tif,0.127,1.333,0.898,0.617,324,518,153.435,0.276,1.866,0.536,0.909
4827,gcb8308.tif,0.127,1.279,0.976,0.496,441,518,111.801,0.368,1.186,0.843,0.882
4828,gcb8308.tif,3.735,8.191,0.699,2.675,716,524,130.815,2.117,1.148,0.871,0.882
4829,gcb8308.tif,0.991,3.869,0.832,1.327,572,532,56.310,1.104,1.113,0.898,0.880
4830,gcb8308.tif,1.524,5.592,0.613,2.125,643,521,107.650,1.212,1.964,0.509,0.763
4831,gcb8308.tif,1.084,4.282,0.743,1.659,681,541,70.560,0.962,1.941,0.515,0.845
4832,gcb8308.tif,0.085,0.965,1.000,0.460,293,529,36.870,0.276,1.551,0.645,0.909
4833,gcb8308.tif,2.642,9.852,0.342,3.125,357,526,103.627,1.805,1.789,0.559,0.630
4834,gcb8308.tif,0.246,1.777,0.977,0.664,375,527,146.310,0.552,1.061,0.943,0.892
4835,gcb8308.tif,3.430,8.388,0.613,3.201,612,560,71.565,1.775,1.754,0.570,0.817
4836,gcb8308.tif,0.212,1.670,0.954,0.664,522,533,123.690,0.521,1.299,0.770,0.847
4837,gcb8308.tif,0.661,3.110,0.858,1.252,506,541,17.103,0.736,1.691,0.591,0.902
4838,gcb8308.tif,2.566,8.554,0.441,3.853,851,538,130.156,0.976,4.619,0.216,0.810
4839,gcb8308.tif,0.051,0.889,0.809,0.379,94,540,104.036,0.184,1.809,0.553,0.857
4840,gcb8308.tif,6.326,14.990,0.354,5.354,708,540,114.362,2.202,2.538,0.394,0.717
4841,gcb8308.tif,1.804,6.481,0.540,2.416,422,566,72.255,1.404,1.831,0.546,0.792
4842,gcb8308.tif,0.229,1.647,1.000,0.664,329,543,146.310,0.460,1.210,0.826,0.947
4843,gcb8308.tif,1.338,4.443,0.852,1.659,458,558,56.310,1.193,1.410,0.709,0.908
4844,gcb8308.tif,6.987,15.139,0.383,4.254,646,574,38.853,3.082,1.368,0.731,0.753
4845,gcb8308.tif,0.237,1.723,1.000,0.670,444,546,105.945,0.460,1.312,0.762,0.903
4846,gcb8308.tif,0.508,2.558,0.976,1.029,227,549,153.435,0.736,1.332,0.751,0.902
4847,gcb8308.tif,11.060,23.855,0.244,6.787,444,589,12.529,4.156,1.912,0.523,0.543
4848,gcb8308.tif,0.263,1.777,1.000,0.664,589,549,123.690,0.552,1.058,0.945,0.925
4849,gcb8308.tif,0.186,1.463,1.000,0.589,720,555,38.660,0.460,1.101,0.908,0.936
4850,gcb8308.tif,0.449,3.133,0.575,1.368,676,564,42.274,0.586,2.713,0.369,0.752
4851,gcb8308.tif,0.271,1.930,0.914,0.792,372,555,125.538,0.521,1.701,0.588,0.842
4852,gcb8308.tif,0.279,1.831,1.000,0.719,635,557,129.806,0.552,1.071,0.934,0.957
4853,gcb8308.tif,0.068,0.835,1.000,0.390,359,563,45.000,0.276,1.229,0.814,0.941
4854,gcb8308.tif,0.398,2.329,0.922,0.868,448,567,32.005,0.644,1.221,0.819,0.922
4855,gcb8308.tif,0.186,1.463,1.000,0.589,754,564,128.660,0.460,1.101,0.908,0.936
4856,gcb8308.tif,0.974,3.685,0.901,1.437,346,566,129.806,0.988,1.490,0.671,0.916
4857,gcb8308.tif,0.534,3.209,0.651,1.252,587,576,36.027,0.651,2.107,0.475,0.813
4858,gcb8308.tif,3.896,14.955,0.219,5.830,92,629,78.158,1.525,4.516,0.221,0.589
4859,gcb8308.tif,1.236,5.637,0.489,1.787,600,587,78.111,1.276,1.791,0.558,0.710
4860,gcb8308.tif,0.720,3.164,0.903,1.153,612,568,118.610,0.920,1.195,0.837,0.909
4861,gcb8308.tif,0.898,3.685,0.831,1.405,433,582,58.392,0.989,1.349,0.742,0.880
4862,gcb8308.tif,0.203,1.593,1.000,0.617,417,571,116.565,0.460,1.088,0.919,0.889
4863,gcb8308.tif,0.339,2.092,0.973,0.792,398,575,125.538,0.644,1.118,0.895,0.909
4864,gcb8308.tif,0.491,2.742,0.821,1.164,870,577,161.565,0.644,1.910,0.524,0.885
4865,gcb8308.tif,2.905,7.096,0.725,2.559,286,579,142.306,1.723,1.470,0.680,0.865
4866,gcb8308.tif,0.169,1.539,0.898,0.651,627,583,45.000,0.455,1.515,0.660,0.833
4867,gcb8308.tif,0.305,1.984,0.974,0.786,525,580,159.444,0.552,1.423,0.703,0.889
4868,gcb8308.tif,6.292,14.892,0.357,4.737,371,634,82.185,2.741,2.119,0.472,0.656
4869,gcb8308.tif,0.423,2.352,0.962,0.947,477,591,29.055,0.644,1.397,0.716,0.901
4870,gcb8308.tif,1.084,3.891,0.900,1.340,650,599,74.055,1.196,1.067,0.938,0.901
4871,gcb8308.tif,0.474,2.796,0.762,1.112,324,597,65.556,0.644,1.862,0.537,0.875
4872,gcb8308.tif,0.517,2.742,0.863,0.961,263,592,163.301,0.736,1.237,0.809,0.884
4873,gcb8308.tif,0.677,3.034,0.925,1.153,338,590,118.610,0.828,1.340,0.746,0.920
4874,gcb8308.tif,0.195,1.539,1.000,0.617,532,590,116.565,0.460,1.235,0.809,0.885
4875,gcb8308.tif,0.381,2.536,0.745,1.049,914,590,105.255,0.552,1.962,0.510,0.865
4876,gcb8308.tif,0.102,1.149,0.967,0.460,494,591,126.870,0.368,1.218,0.821,0.889
4877,gcb8308.tif,0.305,1.984,0.974,0.792,628,591,125.538,0.576,1.432,0.698,0.889
4878,gcb8308.tif,0.618,3.003,0.862,1.252,696,603,53.973,0.781,1.646,0.607,0.885
4879,gcb8308.tif,0.305,1.961,0.996,0.792,739,599,35.538,0.552,1.303,0.768,0.935
4880,gcb8308.tif,0.449,2.406,0.975,0.920,519,602,53.130,0.736,1.106,0.904,0.922
4881,gcb8308.tif,2.981,8.388,0.532,3.166,614,597,144.462,1.584,2.401,0.416,0.771
4882,gcb8308.tif,0.178,1.463,1.000,0.589,668,598,38.660,0.460,1.062,0.942,0.913
4883,gcb8308.tif,0.322,2.038,0.974,0.786,711,602,20.556,0.552,1.319,0.758,0.905
4884,gcb8308.tif,3.514,9.461,0.493,3.958,553,599,107.592,1.592,3.068,0.326,0.782
4885,gcb8308.tif,3.370,11.908,0.299,5.181,137,601,109.722,1.106,5.721,0.175,0.747
4886,gcb8308.tif,1.296,4.237,0.907,1.487,529,618,68.199,1.196,1.193,0.838,0.933
4887,gcb8308.tif,0.144,1.355,0.985,0.589,645,603,128.660,0.390,1.613,0.620,0.850
4888,gcb8308.tif,0.449,2.536,0.877,1.049,663,613,52.125,0.658,1.690,0.592,0.891
4889,gcb8308.tif,0.119,1.149,1.000,0.460,333,605,126.870,0.368,1.125,0.889,0.933
4890,gcb8308.tif,1.194,4.107,0.890,1.564,407,617,28.072,1.099,1.486,0.673,0.928
4891,gcb8308.tif,0.119,1.149,1.000,0.460,360,610,126.870,0.368,1.020,0.981,0.933
4892,gcb8308.tif,0.711,3.164,0.893,1.123,696,618,34.992,0.920,1.076,0.930,0.923
4893,gcb8308.tif,0.347,2.092,0.997,0.823,713,619,63.435,0.552,1.322,0.757,0.932
4894,gcb8308.tif,0.576,2.796,0.926,1.049,449,612,105.255,0.736,1.369,0.730,0.913
4895,gcb8308.tif,0.415,2.374,0.925,0.991,678,618,21.801,0.644,1.573,0.636,0.875
4896,gcb8308.tif,1.050,4.780,0.578,1.969,514,614,127.405,0.891,2.618,0.382,0.765
4897,gcb8308.tif,0.652,3.447,0.690,1.380,428,625,36.870,0.844,1.977,0.506,0.798
4898,gcb8308.tif,3.370,11.095,0.344,4.569,99,665,80.727,1.276,4.397,0.227,0.749
4899,gcb8308.tif,1.490,5.072,0.728,1.935,492,618,115.346,1.256,1.434,0.697,0.863
4900,gcb8308.tif,0.102,1.095,1.000,0.496,287,619,158.199,0.276,1.579,0.633,0.889
4901,gcb8308.tif,0.390,2.514,0.775,1.049,350,630,74.745,0.460,2.128,0.470,0.929
4902,gcb8308.tif,0.957,4.856,0.510,2.216,893,620,131.634,0.751,3.261,0.307,0.790
4903,gcb8308.tif,3.455,10.426,0.399,3.125,390,656,76.373,2.189,1.611,0.621,0.701
4904,gcb8308.tif,0.271,2.666,0.479,1.049,742,634,74.745,0.460,2.384,0.419,0.719
4905,gcb8308.tif,1.101,5.247,0.503,1.787,642,638,34.509,1.031,2.211,0.452,0.728
4906,gcb8308.tif,0.821,3.761,0.730,1.429,619,634,14.931,0.913,1.761,0.568,0.829
4907,gcb8308.tif,0.745,3.815,0.643,1.484,710,643,82.875,0.783,2.048,0.488,0.804
4908,gcb8308.tif,0.703,3.478,0.730,1.405,469,641,58.392,0.803,1.746,0.573,0.874
4909,gcb8308.tif,1.499,6.189,0.492,2.598,127,630,112.932,1.011,3.509,0.285,0.780
4910,gcb8308.tif,0.567,2.666,1.000,1.049,422,632,142.125,0.828,1.225,0.817,0.931
4911,gcb8308.tif,0.652,3.456,0.686,1.340,611,632,105.945,0.644,2.192,0.456,0.901
4912,gcb8308.tif,0.144,1.301,1.000,0.537,872,632,120.964,0.453,1.177,0.850,0.829
4913,gcb8308.tif,0.093,1.041,1.000,0.460,287,637,36.870,0.325,1.450,0.689,0.846
4914,gcb8308.tif,0.559,2.720,0.949,0.991,766,635,158.199,0.736,1.237,0.809,0.923
4915,gcb8308.tif,1.126,4.587,0.673,1.564,343,641,151.928,1.106,1.257,0.796,0.842
4916,gcb8308.tif,0.517,2.688,0.898,1.049,512,635,105.255,0.736,1.407,0.711,0.878
4917,gcb8308.tif,2.490,8.703,0.413,2.654,303,658,33.690,1.731,1.826,0.548,0.706
4918,gcb8308.tif,0.779,3.294,0.902,1.252,672,636,107.103,0.828,1.509,0.663,0.915
4919,gcb8308.tif,0.381,2.612,0.702,1.077,237,637,109.983,0.552,1.843,0.543,0.841
4920,gcb8308.tif,0.195,1.539,1.000,0.589,479,638,128.660,0.460,1.132,0.884,0.885
4921,gcb8308.tif,0.788,3.577,0.774,1.455,602,641,108.435,0.803,1.955,0.512,0.886
4922,gcb8308.tif,2.278,8.281,0.417,2.925,426,659,24.146,1.472,2.055,0.487,0.723
4923,gcb8308.tif,0.178,2.396,0.389,1.049,727,649,37.875,0.390,4.190,0.239,0.592
4924,gcb8308.tif,0.703,3.240,0.841,1.228,560,644,102.995,0.803,1.606,0.623,0.892
4925,gcb8308.tif,0.203,1.984,0.649,0.823,577,652,63.435,0.460,1.533,0.652,0.738
4926,gcb8308.tif,1.279,4.573,0.768,1.808,642,648,165.256,1.037,1.881,0.532,0.880
4927,gcb8308.tif,0.068,0.835,1.000,0.390,695,646,135.000,0.276,1.229,0.814,0.941
4928,gcb8308.tif,6.665,14.815,0.382,6.344,814,646,113.962,1.686,4.244,0.236,0.848
4929,gcb8308.tif,0.322,2.015,0.996,0.792,483,653,35.538,0.552,1.215,0.823,0.950
4930,gcb8308.tif,0.982,3.609,0.948,1.405,499,649,121.608,1.012,1.399,0.715,0.943
4931,gcb8308.tif,1.956,7.011,0.500,2.545,911,676,77.471,1.309,2.681,0.373,0.759
4932,gcb8308.tif,0.932,4.865,0.495,2.125,177,650,107.650,0.736,3.051,0.328,0.856
4933,gcb8308.tif,0.059,0.835,1.000,0.332,749,651,123.690,0.276,1.069,0.936,0.875
4934,gcb8308.tif,0.398,2.222,1.000,0.868,625,652,122.005,0.644,1.268,0.788,0.931
4935,gcb8308.tif,0.110,1.095,1.000,0.460,379,656,36.870,0.368,1.159,0.863,0.897
4936,gcb8308.tif,1.109,3.847,0.942,1.484,327,654,119.745,1.012,1.307,0.765,0.953
4937,gcb8308.tif,0.855,3.532,0.861,1.340,357,654,105.945,0.828,1.528,0.654,0.914
4938,gcb8308.tif,1.939,7.661,0.415,2.564,676,671,21.038,1.480,2.160,0.463,0.683
4939,gcb8308.tif,0.898,4.183,0.645,1.777,860,655,111.251,0.741,2.501,0.400,0.883
4940,gcb8308.tif,1.567,5.646,0.618,1.950,553,670,19.290,1.445,1.294,0.773,0.781
4941,gcb8308.tif,0.474,2.460,0.985,0.920,482,660,126.870,0.644,1.253,0.798,0.949
4942,gcb8308.tif,0.279,2.015,0.865,0.868,598,660,147.995,0.460,1.541,0.649,0.943
4943,gcb8308.tif,14.498,25.892,0.272,9.547,556,710,17.387,3.313,3.690,0.271,0.601
4944,gcb8308.tif,0.906,4.151,0.661,1.402,534,670,23.199,1.179,1.406,0.711,0.784
4945,gcb8308.tif,0.508,3.079,0.674,1.238,772,673,41.987,0.747,1.527,0.655,0.811
4946,gcb8308.tif,1.728,5.018,0.862,1.777,403,664,111.251,1.378,1.247,0.802,0.911
4947,gcb8308.tif,0.220,1.777,0.876,0.781,748,671,45.000,0.510,1.594,0.627,0.881
4948,gcb8308.tif,0.703,4.443,0.447,1.697,97,685,77.471,0.769,2.377,0.421,0.725
4949,gcb8308.tif,0.051,0.781,1.000,0.332,451,670,33.690,0.260,1.291,0.775,0.800
4950,gcb8308.tif,1.914,6.871,0.509,2.431,517,669,119.476,1.399,2.108,0.474,0.761
4951,gcb8308.tif,0.237,1.907,0.819,0.759,427,670,104.036,0.460,1.551,0.645,0.848
4952,gcb8308.tif,0.508,2.536,0.993,0.947,350,672,119.055,0.736,1.160,0.862,0.930
4953,gcb8308.tif,0.440,2.428,0.939,0.961,506,678,163.301,0.644,1.357,0.737,0.897
4954,gcb8308.tif,0.178,1.463,1.000,0.589,306,681,38.660,0.460,1.182,0.846,0.913
4955,gcb8308.tif,0.915,3.761,0.812,1.408,388,693,78.690,1.012,1.351,0.740,0.871
4956,gcb8308.tif,0.517,2.612,0.951,1.049,271,680,142.125,0.741,1.417,0.706,0.904
4957,gcb8308.tif,0.076,0.965,1.000,0.412,372,683,63.435,0.276,1.340,0.746,0.857
4958,gcb8308.tif,0.652,3.393,0.712,1.178,441,681,141.340,0.920,1.213,0.824,0.806
4959,gcb8308.tif,0.212,3.110,0.275,1.210,187,681,98.746,0.364,4.125,0.242,0.595
4960,gcb8308.tif,2.007,5.202,0.932,1.840,419,698,53.130,1.540,1.181,0.847,0.935
4961,gcb8308.tif,0.135,1.432,0.831,0.537,551,681,120.964,0.453,1.075,0.930,0.762
4962,gcb8308.tif,0.237,1.907,0.819,0.786,313,689,20.556,0.460,1.741,0.574,0.848
4963,gcb8308.tif,0.339,2.114,0.953,0.786,235,689,159.444,0.644,1.244,0.804,0.889
4964,gcb8308.tif,0.220,2.504,0.441,1.073,768,687,120.964,0.407,3.201,0.312,0.642
4965,gcb8308.tif,2.354,7.751,0.492,2.809,352,690,121.608,1.353,2.495,0.401,0.788
4966,gcb8308.tif,0.110,1.095,1.000,0.460,461,690,126.870,0.368,1.159,0.863,0.897
4967,gcb8308.tif,1.194,3.977,0.949,1.405,538,691,121.608,1.196,1.056,0.947,0.943
4968,gcb8308.tif,0.550,5.072,0.269,2.076,95,716,77.196,0.638,3.549,0.282,0.613
4969,gcb8308.tif,0.720,3.478,0.748,1.405,515,695,121.608,0.772,1.842,0.543,0.872
4970,gcb8308.tif,1.770,5.992,0.619,2.532,239,705,19.093,1.196,2.375,0.421,0.873
4971,gcb8308.tif,0.271,2.666,0.479,1.196,913,696,112.620,0.404,3.887,0.257,0.703
4972,gcb8308.tif,0.974,4.205,0.692,1.659,441,700,146.310,1.057,1.440,0.695,0.849
4973,gcb8308.tif,0.534,3.231,0.642,1.437,333,699,129.806,0.586,2.829,0.353,0.797
4974,gcb8308.tif,0.152,1.301,1.000,0.537,305,702,120.964,0.453,1.257,0.795,0.857
4975,gcb8308.tif,1.897,5.678,0.739,2.156,626,720,50.194,1.513,1.382,0.724,0.863
4976,gcb8308.tif,0.627,3.263,0.740,1.252,577,717,72.897,0.828,1.441,0.694,0.822
4977,gcb8308.tif,0.550,3.003,0.767,1.252,409,707,162.897,0.668,1.957,0.511,0.850
4978,gcb8308.tif,0.169,1.670,0.764,0.670,877,705,105.945,0.412,1.799,0.556,0.769
4979,gcb8308.tif,0.347,2.092,0.997,0.792,588,712,35.538,0.644,1.173,0.853,0.921
4980,gcb8308.tif,0.178,1.539,0.943,0.664,660,710,146.310,0.453,1.589,0.629,0.857
4981,gcb8308.tif,0.398,2.482,0.812,1.029,595,718,26.565,0.644,1.552,0.644,0.887
4982,gcb8308.tif,0.237,1.723,1.000,0.664,333,718,146.310,0.552,1.102,0.908,0.889
4983,gcb8323.tif,0.999,4.367,0.658,1.777,711,3,111.251,0.803,2.589,0.386,0.817
4984,gcb8323.tif,1.262,5.126,0.604,1.897,655,20,39.094,1.162,2.031,0.492,0.776
4985,gcb8323.tif,0.576,3.501,0.590,1.564,224,7,151.928,0.576,3.146,0.318,0.824
4986,gcb8323.tif,1.050,3.685,0.972,1.359,360,10,151.699,1.104,1.128,0.887,0.932
4987,gcb8323.tif,0.263,2.482,0.536,1.112,276,14,155.556,0.453,3.143,0.318,0.775
4988,gcb8323.tif,1.694,4.897,0.888,1.736,686,17,147.995,1.358,1.196,0.836,0.939
4989,gcb8323.tif,1.990,5.592,0.800,2.043,636,37,54.162,1.497,1.444,0.692,0.894
4990,gcb8323.tif,0.059,0.781,1.000,0.390,929,19,135.000,0.260,1.596,0.626,0.875
4991,gcb8323.tif,0.059,0.965,0.800,0.460,266,25,53.130,0.247,2.339,0.427,0.778
4992,gcb8323.tif,0.263,1.831,0.984,0.742,882,21,150.255,0.460,1.370,0.730,0.939
4993,gcb8323.tif,0.999,3.631,0.953,1.278,519,25,149.744,1.104,1.121,0.892,0.915
4994,gcb8323.tif,0.110,1.301,0.817,0.496,659,28,21.801,0.383,1.386,0.722,0.743
4995,gcb8323.tif,0.838,3.501,0.860,1.327,793,25,123.690,0.931,1.534,0.652,0.900
4996,gcb8323.tif,0.195,1.670,0.878,0.719,381,26,140.194,0.455,1.646,0.608,0.836
4997,gcb8323.tif,0.356,2.114,1.000,0.786,743,28,110.556,0.644,1.187,0.842,0.894
4998,gcb8323.tif,0.119,1.355,0.811,0.496,211,30,158.199,0.453,1.093,0.915,0.737
4999,gcb8323.tif,0.999,3.631,0.953,1.252,719,42,72.897,1.104,1.110,0.901,0.911
5000,gcb8323.tif,4.785,8.106,0.915,2.794,404,60,72.759,2.301,1.128,0.887,0.956
5001,gcb8323.tif,0.474,4.098,0.355,1.659,194,32,109.440,0.495,4.396,0.227,0.691
5002,gcb8323.tif,1.092,3.945,0.882,1.532,547,32,122.735,1.041,1.499,0.667,0.918
5003,gcb8323.tif,0.686,3.294,0.794,1.359,240,33,118.301,0.772,1.801,0.555,0.880
5004,gcb8323.tif,3.226,8.703,0.535,3.148,643,62,52.125,1.757,2.032,0.492,0.784
5005,gcb8323.tif,1.609,4.605,0.953,1.638,688,35,128.157,1.380,1.093,0.915,0.952
5006,gcb8323.tif,4.861,8.452,0.855,3.104,372,68,78.024,2.025,1.479,0.676,0.951
5007,gcb8323.tif,0.923,3.761,0.820,1.509,490,47,37.569,0.970,1.650,0.606,0.893
5008,gcb8323.tif,0.339,2.428,0.722,1.077,273,38,160.017,0.552,1.993,0.502,0.833
5009,gcb8323.tif,0.161,1.409,1.000,0.589,288,40,128.660,0.455,1.204,0.830,0.884
5010,gcb8323.tif,4.793,8.128,0.912,2.815,533,40,101.310,2.264,1.249,0.801,0.954
5011,gcb8323.tif,0.229,1.723,0.967,0.664,809,42,123.690,0.552,1.195,0.837,0.871
5012,gcb8323.tif,0.186,1.517,1.000,0.651,609,44,135.000,0.460,1.288,0.776,0.936
5013,gcb8323.tif,0.068,1.041,0.785,0.521,293,46,135.000,0.260,2.464,0.406,0.727
5014,gcb8323.tif,0.661,3.088,0.870,1.238,711,46,138.013,0.828,1.463,0.684,0.923
5015,gcb8323.tif,2.049,7.998,0.403,2.683,727,60,22.166,1.478,2.207,0.453,0.727
5016,gcb8323.tif,4.023,10.197,0.486,3.264,553,60,158.499,2.078,1.845,0.542,0.784
5017,gcb8323.tif,0.796,3.294,0.922,1.200,592,59,57.529,1.012,1.130,0.885,0.913
5018,gcb8323.tif,0.720,3.729,0.650,1.659,316,50,146.310,0.690,2.664,0.375,0.821
5019,gcb8323.tif,1.973,5.180,0.924,1.815,433,67,59.534,1.472,1.168,0.856,0.938
5020,gcb8323.tif,0.449,2.612,0.827,1.138,299,52,165.964,0.552,1.918,0.521,0.898
5021,gcb8323.tif,2.515,8.128,0.478,3.231,848,52,160.017,1.368,2.952,0.339,0.781
5022,gcb8323.tif,0.644,4.986,0.325,2.018,186,51,114.228,0.611,4.106,0.244,0.691
5023,gcb8323.tif,1.211,3.923,0.989,1.359,455,52,118.301,1.196,1.023,0.978,0.953
5024,gcb8323.tif,0.881,4.021,0.684,1.758,201,53,137.121,0.828,2.243,0.446,0.849
5025,gcb8323.tif,0.119,1.171,1.000,0.496,504,54,158.199,0.368,1.388,0.720,0.824
5026,gcb8323.tif,1.236,4.053,0.946,1.440,690,56,116.565,1.196,1.160,0.862,0.936
5027,gcb8323.tif,0.178,1.485,1.000,0.582,289,60,18.435,0.460,1.096,0.913,0.857
5028,gcb8323.tif,0.144,1.333,1.000,0.589,796,60,141.340,0.368,1.389,0.720,0.944
5029,gcb8323.tif,0.923,3.501,0.946,1.359,346,61,118.301,0.988,1.370,0.730,0.920
5030,gcb8323.tif,0.076,0.965,1.000,0.412,768,62,153.435,0.276,1.340,0.746,0.857
5031,gcb8323.tif,0.474,3.079,0.629,1.327,802,62,146.310,0.617,2.241,0.446,0.830
5032,gcb8323.tif,2.651,5.960,0.938,2.037,492,63,108.435,1.748,1.152,0.868,0.944
5033,gcb8323.tif,0.627,2.872,0.954,1.049,513,65,164.745,0.828,1.221,0.819,0.897
5034,gcb8323.tif,0.271,2.038,0.820,0.873,624,72,71.565,0.451,2.150,0.465,0.853
5035,gcb8323.tif,2.507,7.877,0.508,3.384,922,67,157.620,1.027,3.562,0.281,0.890
5036,gcb8323.tif,1.643,6.894,0.434,2.637,821,71,150.751,1.301,2.535,0.394,0.690
5037,gcb8323.tif,0.567,2.720,0.964,1.029,263,80,63.435,0.736,1.327,0.754,0.931
5038,gcb8323.tif,1.482,4.475,0.930,1.583,326,73,125.538,1.288,1.139,0.878,0.943
5039,gcb8323.tif,0.762,3.393,0.832,1.318,735,74,155.225,0.905,1.525,0.656,0.857
5040,gcb8323.tif,0.534,2.774,0.871,1.029,781,76,116.565,0.736,1.437,0.696,0.894
5041,gcb8323.tif,3.404,6.773,0.933,2.346,673,79,101.310,1.840,1.220,0.820,0.953
5042,gcb8323.tif,0.872,3.631,0.831,1.402,452,80,113.199,0.900,1.609,0.621,0.892
5043,gcb8323.tif,5.064,9.102,0.768,3.221,564,110,53.130,2.240,1.580,0.633,0.903
5044,gcb8323.tif,0.059,0.835,1.000,0.390,617,85,45.000,0.276,1.380,0.725,0.875
5045,gcb8323.tif,3.057,6.589,0.885,2.416,414,108,72.255,1.717,1.425,0.702,0.941
5046,gcb8323.tif,1.584,4.681,0.908,1.646,275,85,116.565,1.288,1.230,0.813,0.933
5047,gcb8323.tif,1.313,5.148,0.622,2.010,352,86,105.945,1.116,1.676,0.597,0.820
5048,gcb8323.tif,2.473,9.461,0.347,3.931,173,87,106.314,1.025,4.786,0.209,0.760
5049,gcb8323.tif,0.872,4.336,0.583,1.583,803,102,54.462,1.034,1.734,0.577,0.757
5050,gcb8323.tif,4.234,12.504,0.340,4.326,595,114,23.839,1.996,2.312,0.433,0.661
5051,gcb8323.tif,0.229,2.060,0.677,0.911,376,90,135.000,0.455,1.792,0.558,0.794
5052,gcb8323.tif,1.711,4.843,0.917,1.770,516,107,62.103,1.288,1.258,0.795,0.948
5053,gcb8323.tif,1.075,3.815,0.929,1.368,697,91,109.654,1.104,1.248,0.801,0.914
5054,gcb8323.tif,0.677,3.923,0.553,1.729,214,92,115.201,0.582,3.592,0.278,0.800
5055,gcb8323.tif,0.872,3.685,0.807,1.455,436,105,55.305,0.934,1.626,0.615,0.873
5056,gcb8323.tif,1.499,4.497,0.931,1.573,650,98,110.556,1.288,1.198,0.835,0.934
5057,gcb8323.tif,1.143,3.923,0.934,1.402,547,99,113.199,1.104,1.189,0.841,0.928
5058,gcb8323.tif,0.068,0.835,1.000,0.390,312,103,45.000,0.276,1.229,0.814,0.941
5059,gcb8323.tif,1.219,4.161,0.885,1.509,471,113,37.569,1.193,1.226,0.816,0.926
5060,gcb8323.tif,2.312,8.312,0.420,3.085,154,102,107.354,1.284,2.905,0.344,0.774
5061,gcb8323.tif,2.295,5.646,0.905,1.967,257,105,100.784,1.564,1.270,0.788,0.931
5062,gcb8323.tif,0.872,3.577,0.857,1.318,675,107,102.095,0.957,1.417,0.706,0.884
5063,gcb8323.tif,0.491,2.527,0.967,0.991,209,108,111.801,0.716,1.368,0.731,0.872
5064,gcb8323.tif,0.339,2.092,0.973,0.792,328,113,125.538,0.644,1.119,0.894,0.909
5065,gcb8323.tif,1.304,4.443,0.830,1.692,738,113,112.380,1.104,1.473,0.679,0.903
5066,gcb8323.tif,0.364,2.374,0.812,0.978,921,114,131.186,0.651,1.544,0.648,0.827
5067,gcb8323.tif,0.813,4.932,0.420,2.172,402,116,143.616,0.605,4.461,0.224,0.730
5068,gcb8323.tif,0.915,3.761,0.812,1.368,691,116,137.726,1.063,1.229,0.814,0.867
5069,gcb8323.tif,0.229,1.723,0.967,0.651,748,123,45.000,0.552,1.050,0.952,0.885
5070,gcb8323.tif,2.032,8.546,0.350,3.883,845,121,174.560,0.644,6.214,0.161,0.894
5071,gcb8323.tif,0.220,1.854,0.805,0.823,367,120,116.565,0.460,1.922,0.520,0.825
5072,gcb8323.tif,0.102,1.095,1.000,0.521,550,126,45.000,0.325,1.651,0.606,0.889
5073,gcb8323.tif,1.888,5.148,0.895,1.863,662,123,110.225,1.472,1.257,0.796,0.918
5074,gcb8323.tif,3.015,6.405,0.924,2.146,487,145,59.036,1.933,1.092,0.916,0.941
5075,gcb8323.tif,2.058,8.617,0.348,3.727,863,147,32.905,1.014,5.353,0.187,0.671
5076,gcb8323.tif,0.059,0.781,1.000,0.390,786,128,45.000,0.260,1.596,0.626,0.875
5077,gcb8323.tif,2.837,11.629,0.264,4.452,238,132,172.875,1.320,4.632,0.216,0.560
5078,gcb8323.tif,8.155,10.880,0.866,3.906,540,129,105.018,2.761,1.419,0.705,0.961
5079,gcb8323.tif,0.135,1.333,0.958,0.537,320,130,149.036,0.368,1.477,0.677,0.889
5080,gcb8323.tif,1.448,4.367,0.954,1.607,624,146,66.371,1.196,1.251,0.799,0.947
5081,gcb8323.tif,1.558,6.167,0.515,2.098,466,154,74.745,1.288,1.822,0.549,0.773
5082,gcb8323.tif,2.066,6.526,0.610,2.033,710,154,84.806,1.564,1.326,0.754,0.870
5083,gcb8323.tif,0.762,4.313,0.515,1.567,567,134,139.764,0.935,1.822,0.549,0.741
5084,gcb8323.tif,0.085,1.041,0.982,0.460,171,134,143.130,0.325,1.327,0.754,0.800
5085,gcb8323.tif,1.880,5.180,0.881,1.976,679,153,62.241,1.361,1.435,0.697,0.933
5086,gcb8323.tif,1.033,4.618,0.609,1.863,199,138,147.095,0.950,2.281,0.438,0.816
5087,gcb8323.tif,3.591,7.293,0.848,2.512,650,137,98.427,2.025,1.267,0.789,0.923
5088,gcb8323.tif,0.805,3.218,0.976,1.235,754,139,116.565,0.828,1.318,0.758,0.950
5089,gcb8323.tif,0.076,1.485,0.434,0.537,164,140,120.964,0.260,2.407,0.415,0.600
5090,gcb8323.tif,0.152,1.333,1.000,0.537,822,143,120.964,0.368,1.218,0.821,0.947
5091,gcb8323.tif,2.507,7.477,0.563,2.328,591,144,108.435,1.748,1.462,0.684,0.776
5092,gcb8323.tif,4.937,8.268,0.908,2.946,365,145,104.470,2.117,1.357,0.737,0.960
5093,gcb8323.tif,2.422,5.700,0.937,1.991,492,166,56.310,1.656,1.114,0.898,0.942
5094,gcb8323.tif,0.059,0.965,0.800,0.460,181,148,143.130,0.260,2.041,0.490,0.778
5095,gcb8323.tif,0.169,1.441,1.000,0.589,285,148,128.660,0.368,1.250,0.800,1.000
5096,gcb8323.tif,2.041,8.887,0.325,3.130,728,152,114.305,1.260,3.170,0.315,0.651
5097,gcb8323.tif,0.313,2.222,0.798,0.938,308,154,168.690,0.460,1.834,0.545,0.871
5098,gcb8323.tif,3.354,11.781,0.304,3.394,331,154,102.529,2.102,1.944,0.514,0.640
5099,gcb8323.tif,2.634,6.059,0.902,2.212,443,157,106.928,1.692,1.315,0.761,0.937
5100,gcb8323.tif,2.278,7.271,0.541,3.173,922,160,163.142,1.135,3.219,0.311,0.846
5101,gcb8323.tif,0.483,3.187,0.597,1.327,217,164,146.310,0.661,2.041,0.490,0.803
5102,gcb8323.tif,0.635,3.371,0.703,1.368,251,169,160.346,0.669,2.215,0.451,0.838
5103,gcb8323.tif,0.237,1.777,0.943,0.719,511,172,50.194,0.552,1.259,0.794,0.889
5104,gcb8323.tif,0.466,4.389,0.304,1.697,618,168,130.601,0.731,3.119,0.321,0.493
5105,gcb8323.tif,0.093,1.019,1.000,0.460,715,168,126.870,0.276,1.372,0.729,0.957
5106,gcb8323.tif,5.708,16.925,0.250,6.076,73,235,88.264,1.535,4.388,0.228,0.690
5107,gcb8323.tif,1.414,4.443,0.900,1.583,523,169,125.538,1.362,1.112,0.899,0.913
5108,gcb8323.tif,3.531,8.496,0.615,2.875,639,191,39.806,1.728,1.930,0.518,0.810
5109,gcb8323.tif,0.373,2.168,0.996,0.792,670,170,125.538,0.644,1.121,0.892,0.907
5110,gcb8323.tif,0.398,2.374,0.887,0.906,465,173,156.038,0.736,1.139,0.878,0.839
5111,gcb8323.tif,1.287,4.367,0.848,1.679,405,171,99.462,1.012,1.647,0.607,0.916
5112,gcb8323.tif,0.415,2.796,0.667,1.235,141,174,116.565,0.544,2.661,0.376,0.831
5113,gcb8323.tif,2.557,8.690,0.426,3.722,572,181,8.531,1.196,3.946,0.253,0.795
5114,gcb8323.tif,1.448,4.443,0.922,1.610,680,178,120.964,1.272,1.284,0.779,0.929
5115,gcb8323.tif,2.947,8.766,0.482,3.678,919,178,148.299,1.417,3.012,0.332,0.763
5116,gcb8323.tif,0.076,1.073,0.832,0.496,123,179,111.801,0.184,2.386,0.419,0.947
5117,gcb8323.tif,0.144,1.409,0.911,0.617,227,180,153.435,0.368,1.447,0.691,0.850
5118,gcb8323.tif,0.169,1.854,0.619,0.701,262,180,156.801,0.415,1.759,0.569,0.727
5119,gcb8323.tif,1.033,3.685,0.956,1.252,383,180,107.103,1.104,1.033,0.968,0.924
5120,gcb8323.tif,0.559,2.666,0.988,0.991,799,181,111.801,0.736,1.263,0.792,0.930
5121,gcb8323.tif,0.923,3.739,0.830,1.455,391,184,124.695,0.873,1.737,0.576,0.905
5122,gcb8323.tif,2.337,5.830,0.864,2.212,486,185,106.928,1.467,1.498,0.668,0.928
5123,gcb8323.tif,0.135,1.225,1.000,0.537,730,189,149.036,0.368,1.392,0.718,0.889
5124,gcb8323.tif,0.144,1.355,0.985,0.537,821,192,30.964,0.453,1.250,0.800,0.829
5125,gcb8323.tif,3.167,8.020,0.619,2.823,351,189,109.026,1.803,1.870,0.535,0.826
5126,gcb8323.tif,0.872,3.371,0.965,1.196,661,190,112.620,1.012,1.136,0.880,0.916
5127,gcb8323.tif,9.730,16.517,0.448,5.641,511,199,146.310,2.834,2.320,0.431,0.810
5128,gcb8323.tif,0.373,2.168,0.996,0.823,715,197,153.435,0.644,1.201,0.833,0.898
5129,gcb8323.tif,0.356,2.352,0.808,0.947,141,196,119.055,0.552,1.570,0.637,0.875
5130,gcb8323.tif,2.075,6.773,0.568,2.527,734,220,56.889,1.440,2.042,0.490,0.777
5131,gcb8323.tif,0.711,3.164,0.893,1.282,374,199,158.962,0.736,1.733,0.577,0.923
5132,gcb8323.tif,0.220,1.723,0.932,0.664,439,198,123.690,0.552,1.081,0.925,0.867
5133,gcb8323.tif,1.745,4.834,0.938,1.719,683,200,105.524,1.380,1.247,0.802,0.932
5134,gcb8323.tif,0.068,0.965,0.914,0.412,219,203,26.565,0.276,1.308,0.764,0.800
5135,gcb8323.tif,0.144,1.409,0.911,0.664,128,202,123.690,0.368,2.054,0.487,0.872
5136,gcb8323.tif,0.288,2.244,0.719,0.991,814,207,21.801,0.535,2.016,0.496,0.800
5137,gcb8323.tif,0.271,1.854,0.991,0.701,240,205,113.199,0.552,1.286,0.777,0.889
5138,gcb8323.tif,0.186,1.647,0.863,0.651,428,207,135.000,0.460,1.150,0.869,0.846
5139,gcb8323.tif,0.915,4.888,0.481,1.768,272,210,141.340,0.927,2.559,0.391,0.673
5140,gcb8323.tif,2.337,6.306,0.739,2.226,373,210,150.255,1.564,1.214,0.824,0.872
5141,gcb8323.tif,0.915,4.075,0.692,1.712,778,226,53.746,0.893,1.911,0.523,0.874
5142,gcb8323.tif,2.761,6.144,0.919,2.043,651,229,35.838,1.840,1.032,0.969,0.939
5143,gcb8323.tif,1.355,5.484,0.566,2.154,343,214,160.017,1.153,2.055,0.487,0.766
5144,gcb8323.tif,3.675,13.016,0.273,3.345,295,226,7.907,2.504,1.497,0.668,0.598
5145,gcb8323.tif,3.337,6.957,0.866,2.352,599,217,120.579,1.840,1.210,0.826,0.939
5146,gcb8323.tif,0.796,3.294,0.922,1.228,634,218,102.995,0.828,1.342,0.745,0.935
5147,gcb8323.tif,1.270,4.627,0.745,1.768,717,235,51.340,1.181,1.452,0.689,0.872
5148,gcb8323.tif,0.059,1.225,0.496,0.469,269,221,168.690,0.262,2.074,0.482,0.609
5149,gcb8323.tif,0.195,1.746,0.803,0.701,833,221,156.801,0.437,1.837,0.544,0.807
5150,gcb8323.tif,0.144,1.517,0.786,0.670,876,220,164.055,0.276,2.147,0.466,0.895
5151,gcb8323.tif,0.915,4.205,0.650,1.736,433,222,122.005,0.891,2.380,0.420,0.783
5152,gcb8323.tif,0.398,2.460,0.827,0.978,946,223,131.186,0.644,1.319,0.758,0.913
5153,gcb8323.tif,1.346,4.367,0.887,1.646,917,235,26.565,1.193,1.374,0.728,0.916
5154,gcb8323.tif,0.423,2.482,0.864,0.991,186,225,111.801,0.644,1.550,0.645,0.877
5155,gcb8323.tif,0.263,1.831,0.984,0.719,397,232,50.194,0.460,1.336,0.749,0.939
5156,gcb8323.tif,1.414,4.367,0.932,1.532,491,227,122.735,1.288,1.121,0.892,0.938
5157,gcb8323.tif,1.804,4.973,0.917,1.787,361,244,55.491,1.380,1.201,0.833,0.945
5158,gcb8323.tif,0.279,1.907,0.965,0.742,751,235,60.255,0.552,1.298,0.771,0.904
5159,gcb8323.tif,3.794,7.357,0.881,2.688,512,231,141.953,2.052,1.250,0.800,0.952
5160,gcb8323.tif,1.584,4.811,0.860,1.897,381,249,67.166,1.164,1.659,0.603,0.933
5161,gcb8323.tif,4.150,14.591,0.245,6.450,421,232,132.109,1.157,7.721,0.130,0.655
5162,gcb8323.tif,0.644,2.904,0.959,1.077,681,232,109.983,0.736,1.314,0.761,0.944
5163,gcb8323.tif,0.491,2.720,0.834,1.164,889,242,18.435,0.552,2.099,0.476,0.913
5164,gcb8323.tif,0.965,3.869,0.811,1.437,564,239,129.806,1.012,1.411,0.709,0.891
5165,gcb8323.tif,0.051,0.781,1.000,0.332,158,239,123.690,0.260,1.291,0.775,0.800
5166,gcb8323.tif,0.254,2.015,0.786,0.906,179,239,113.962,0.368,2.388,0.419,0.923
5167,gcb8323.tif,0.567,3.806,0.492,1.646,276,241,153.435,0.613,3.298,0.303,0.702
5168,gcb8323.tif,2.583,5.884,0.937,1.987,654,261,76.608,1.656,1.131,0.884,0.946
5169,gcb8323.tif,0.068,0.835,1.000,0.390,223,242,135.000,0.276,1.229,0.814,0.941
5170,gcb8323.tif,1.355,4.237,0.948,1.532,706,243,122.735,1.196,1.160,0.862,0.938
5171,gcb8323.tif,0.169,1.409,1.000,0.537,733,244,120.964,0.460,1.083,0.923,0.889
5172,gcb8323.tif,1.245,5.126,0.595,2.187,192,247,112.249,0.902,2.736,0.365,0.824
5173,gcb8323.tif,0.347,2.352,0.789,1.049,339,252,15.255,0.460,2.274,0.440,0.901
5174,gcb8323.tif,0.661,3.034,0.902,1.123,488,256,34.992,0.828,1.189,0.841,0.912
5175,gcb8323.tif,0.390,2.428,0.830,0.991,397,256,21.801,0.625,1.667,0.600,0.852
5176,gcb8323.tif,0.889,3.447,0.941,1.318,775,250,102.095,0.920,1.305,0.767,0.913
5177,gcb8323.tif,0.881,4.758,0.489,1.987,224,254,166.608,0.683,3.809,0.263,0.794
5178,gcb8323.tif,1.465,6.014,0.509,2.068,743,271,57.724,1.285,2.027,0.493,0.732
5179,gcb8323.tif,0.195,2.145,0.532,0.961,180,264,73.301,0.276,3.124,0.320,0.852
5180,gcb8323.tif,0.999,3.685,0.925,1.368,381,263,19.654,1.012,1.247,0.802,0.911
5181,gcb8323.tif,1.186,4.291,0.809,1.646,332,274,63.435,1.012,1.659,0.603,0.903
5182,gcb8323.tif,4.158,8.169,0.783,2.890,606,283,52.765,2.177,1.131,0.884,0.900
5183,gcb8323.tif,1.414,4.313,0.955,1.523,697,260,115.017,1.196,1.194,0.837,0.936
5184,gcb8323.tif,5.742,10.664,0.634,3.777,352,261,92.793,2.426,1.445,0.692,0.874
5185,gcb8323.tif,0.085,1.149,0.806,0.496,422,262,158.199,0.276,1.740,0.575,0.800
5186,gcb8323.tif,2.320,7.541,0.513,2.973,924,264,158.199,1.196,3.154,0.317,0.833
5187,gcb8323.tif,2.168,5.494,0.903,1.941,661,284,58.570,1.564,1.151,0.869,0.939
5188,gcb8323.tif,0.398,2.352,0.904,0.961,590,277,73.301,0.552,1.725,0.580,0.904
5189,gcb8323.tif,0.618,2.904,0.921,1.077,819,269,109.983,0.736,1.393,0.718,0.924
5190,gcb8323.tif,0.821,3.999,0.645,1.646,181,278,153.435,0.736,2.270,0.440,0.874
5191,gcb8323.tif,0.432,3.133,0.553,1.077,202,289,70.017,0.711,1.416,0.706,0.729
5192,gcb8323.tif,0.711,3.662,0.666,1.573,265,281,159.444,0.659,2.793,0.358,0.848
5193,gcb8323.tif,0.161,1.517,0.879,0.670,744,279,164.055,0.276,2.248,0.445,0.950
5194,gcb8323.tif,1.075,4.053,0.823,1.509,505,281,127.569,1.141,1.226,0.816,0.867
5195,gcb8323.tif,0.237,1.723,1.000,0.651,290,281,135.000,0.552,1.014,0.986,0.889
5196,gcb8323.tif,0.186,1.539,0.988,0.701,380,281,156.801,0.368,1.814,0.551,0.898
5197,gcb8323.tif,1.414,4.573,0.850,1.770,434,299,62.103,1.193,1.505,0.664,0.913
5198,gcb8323.tif,3.167,13.164,0.230,5.523,835,295,10.561,1.177,6.564,0.152,0.569
5199,gcb8323.tif,0.644,3.164,0.808,1.340,633,288,15.945,0.644,2.013,0.497,0.905
5200,gcb8323.tif,1.965,5.462,0.828,1.956,539,300,41.186,1.507,1.387,0.721,0.896
5201,gcb8323.tif,1.812,6.167,0.599,2.264,582,307,63.435,1.276,1.912,0.523,0.818
5202,gcb8323.tif,0.144,1.409,0.911,0.617,143,287,116.565,0.368,1.686,0.593,0.872
5203,gcb8323.tif,2.143,5.310,0.955,1.897,408,287,112.834,1.472,1.197,0.835,0.953
5204,gcb8323.tif,5.589,11.077,0.572,3.918,595,330,80.538,2.269,1.955,0.512,0.816
5205,gcb8323.tif,3.540,6.979,0.913,2.431,675,312,60.524,2.017,1.224,0.817,0.948
5206,gcb8323.tif,0.999,3.739,0.898,1.487,712,305,68.199,0.920,1.548,0.646,0.929
5207,gcb8323.tif,0.051,0.705,1.000,0.332,657,293,123.690,0.184,1.500,0.667,1.000
5208,gcb8323.tif,1.313,6.135,0.438,2.559,734,310,37.694,0.883,3.552,0.281,0.731
5209,gcb8323.tif,0.635,2.926,0.932,1.077,790,305,70.017,0.828,1.226,0.816,0.915
5210,gcb8323.tif,0.779,3.294,0.902,1.200,261,305,32.471,0.920,1.213,0.825,0.906
5211,gcb8323.tif,0.440,2.536,0.861,1.073,452,300,149.036,0.603,1.849,0.541,0.889
5212,gcb8323.tif,1.169,3.923,0.954,1.455,773,314,55.305,1.104,1.218,0.821,0.939
5213,gcb8323.tif,0.982,3.739,0.883,1.368,310,302,109.654,1.012,1.368,0.731,0.903
5214,gcb8323.tif,0.237,1.777,0.943,0.742,648,307,29.745,0.460,1.565,0.639,0.889
5215,gcb8323.tif,1.211,4.107,0.902,1.484,289,304,119.745,1.104,1.302,0.768,0.920
5216,gcb8323.tif,5.318,11.467,0.508,3.723,487,336,50.013,2.212,1.806,0.554,0.840
5217,gcb8323.tif,0.051,0.835,0.916,0.379,732,304,165.964,0.184,1.809,0.553,0.857
5218,gcb8323.tif,0.745,3.586,0.728,1.543,441,322,72.646,0.644,2.491,0.401,0.917
5219,gcb8323.tif,0.186,1.593,0.922,0.617,758,312,63.435,0.460,1.239,0.807,0.863
5220,gcb8323.tif,0.161,1.409,1.000,0.582,920,309,161.565,0.368,1.396,0.717,0.905
5221,gcb8323.tif,3.184,6.948,0.829,2.632,450,334,53.531,1.681,1.581,0.633,0.922
5222,gcb8323.tif,0.068,0.965,0.914,0.412,549,312,153.435,0.276,1.308,0.764,0.800
5223,gcb8323.tif,1.118,3.869,0.938,1.455,661,314,124.695,1.104,1.254,0.797,0.930
5224,gcb8323.tif,0.051,1.095,0.532,0.521,227,314,135.000,0.195,3.344,0.299,0.632
5225,gcb8323.tif,0.347,2.428,0.740,1.049,412,314,127.875,0.535,2.190,0.457,0.828
5226,gcb8323.tif,1.236,4.129,0.911,1.405,723,316,148.392,1.288,1.041,0.961,0.912
5227,gcb8323.tif,0.186,1.692,0.818,0.701,176,316,156.801,0.460,1.607,0.622,0.786
5228,gcb8323.tif,4.488,8.833,0.723,3.190,511,350,56.768,2.192,1.482,0.675,0.887
5229,gcb8323.tif,0.144,1.539,0.763,0.664,233,321,146.310,0.424,1.670,0.599,0.773
5230,gcb8323.tif,0.601,3.317,0.687,1.318,126,322,102.095,0.644,2.197,0.455,0.830
5231,gcb8323.tif,2.913,6.328,0.914,2.256,709,346,78.232,1.656,1.303,0.767,0.948
5232,gcb8323.tif,0.076,1.041,0.884,0.412,948,323,153.435,0.368,1.174,0.852,0.720
5233,gcb8323.tif,3.252,6.719,0.905,2.436,277,352,79.114,1.748,1.386,0.722,0.943
5234,gcb8323.tif,2.380,6.687,0.669,2.277,420,326,104.036,1.736,1.268,0.789,0.861
5235,gcb8323.tif,0.322,2.069,0.944,0.823,438,326,116.565,0.460,1.589,0.629,0.974
5236,gcb8323.tif,1.855,5.072,0.906,1.863,619,345,69.775,1.368,1.367,0.732,0.934
5237,gcb8323.tif,2.219,6.633,0.634,2.416,306,346,40.365,1.490,1.751,0.571,0.851
5238,gcb8323.tif,1.160,3.869,0.974,1.440,641,329,116.565,1.104,1.211,0.826,0.938
5239,gcb8323.tif,0.178,1.539,0.943,0.617,728,332,116.565,0.453,1.464,0.683,0.857
5240,gcb8323.tif,0.898,3.945,0.725,1.437,337,343,39.806,1.012,1.520,0.658,0.862
5241,gcb8323.tif,0.229,1.723,0.967,0.651,576,338,45.000,0.552,1.062,0.941,0.871
5242,gcb8323.tif,1.795,5.278,0.810,2.154,765,333,109.983,1.222,1.846,0.542,0.916
5243,gcb8323.tif,1.228,4.748,0.684,2.027,795,349,39.472,0.898,2.475,0.404,0.873
5244,gcb8323.tif,0.059,0.835,1.000,0.390,663,334,135.000,0.276,1.380,0.725,0.875
5245,gcb8323.tif,0.144,1.670,0.649,0.792,135,337,125.538,0.329,2.952,0.339,0.756
5246,gcb8323.tif,0.364,2.352,0.827,0.991,944,339,158.199,0.552,1.866,0.536,0.860
5247,gcb8323.tif,2.761,6.275,0.881,2.166,453,344,167.735,1.748,1.173,0.853,0.938
5248,gcb8323.tif,0.720,3.164,0.903,1.200,738,341,122.471,0.828,1.349,0.741,0.904
5249,gcb8323.tif,0.567,2.949,0.820,1.200,160,342,122.471,0.716,1.756,0.569,0.882
5250,gcb8323.tif,3.015,10.883,0.320,4.442,437,345,129.958,1.219,4.517,0.221,0.677
5251,gcb8323.tif,1.270,4.129,0.936,1.429,665,360,75.069,1.196,1.155,0.866,0.920
5252,gcb8323.tif,5.140,8.366,0.923,2.762,490,348,119.982,2.577,1.032,0.969,0.954
5253,gcb8323.tif,1.897,5.126,0.907,1.770,537,348,117.897,1.380,1.206,0.829,0.928
5254,gcb8323.tif,0.203,1.800,0.789,0.670,243,349,105.945,0.521,1.237,0.808,0.762
5255,gcb8323.tif,3.362,9.560,0.462,2.557,572,376,59.744,2.256,1.048,0.954,0.779
5256,gcb8323.tif,1.042,3.815,0.899,1.440,631,362,26.565,1.094,1.337,0.748,0.908
5257,gcb8323.tif,1.651,5.224,0.760,2.098,725,354,142.125,1.123,1.974,0.507,0.888
5258,gcb8323.tif,1.660,5.960,0.587,2.478,912,356,158.199,1.055,2.590,0.386,0.839
5259,gcb8323.tif,4.624,10.264,0.552,3.436,387,361,159.624,2.277,1.472,0.679,0.809
5260,gcb8323.tif,0.906,3.555,0.901,1.318,288,370,65.225,0.982,1.352,0.740,0.911
5261,gcb8323.tif,0.186,1.593,0.922,0.617,175,363,26.565,0.460,1.315,0.760,0.846
5262,gcb8323.tif,0.271,1.907,0.936,0.742,602,360,119.745,0.552,1.176,0.850,0.877
5263,gcb8323.tif,3.404,7.141,0.839,2.431,703,364,119.476,1.840,1.242,0.805,0.937
5264,gcb8323.tif,3.548,6.925,0.930,2.389,644,388,74.358,2.025,1.154,0.867,0.947
5265,gcb8323.tif,3.430,10.207,0.414,3.653,762,371,130.914,2.091,1.784,0.561,0.689
5266,gcb8323.tif,0.406,2.590,0.762,1.049,373,383,74.745,0.552,1.756,0.569,0.873
5267,gcb8323.tif,0.068,1.019,0.820,0.496,443,376,21.801,0.184,2.392,0.418,0.889
5268,gcb8323.tif,0.085,1.019,1.000,0.460,217,375,143.130,0.276,1.288,0.776,0.909
5269,gcb8323.tif,0.288,2.114,0.810,0.786,383,375,110.556,0.611,1.419,0.705,0.810
5270,gcb8323.tif,1.812,4.973,0.921,1.729,605,393,64.799,1.380,1.126,0.888,0.953
5271,gcb8323.tif,4.785,13.510,0.329,5.717,893,384,176.309,1.424,4.819,0.207,0.732
5272,gcb8323.tif,2.456,6.773,0.673,2.513,472,404,66.251,1.535,1.936,0.516,0.811
5273,gcb8323.tif,0.381,2.298,0.907,0.848,674,380,102.529,0.644,1.331,0.751,0.874
5274,gcb8323.tif,3.811,7.239,0.914,2.445,568,382,109.799,2.209,1.077,0.929,0.942
5275,gcb8323.tif,0.051,0.781,1.000,0.332,863,385,33.690,0.260,1.291,0.775,0.800
5276,gcb8323.tif,0.068,1.279,0.520,0.560,290,384,170.538,0.184,2.837,0.353,0.762
5277,gcb8323.tif,0.144,1.355,0.985,0.589,206,386,128.660,0.437,1.471,0.680,0.829
5278,gcb8323.tif,1.397,4.367,0.921,1.455,659,386,124.695,1.288,1.009,0.991,0.935
5279,gcb8323.tif,0.254,1.854,0.929,0.786,342,388,110.556,0.460,1.550,0.645,0.882
5280,gcb8323.tif,1.380,4.259,0.956,1.523,497,405,64.983,1.288,1.144,0.874,0.934
5281,gcb8323.tif,0.720,3.110,0.935,1.200,256,405,57.529,0.828,1.377,0.726,0.914
5282,gcb8323.tif,3.548,11.292,0.350,4.025,616,393,100.539,1.883,2.278,0.439,0.687
5283,gcb8323.tif,0.635,3.056,0.854,1.138,734,394,104.036,0.828,1.392,0.718,0.872
5284,gcb8323.tif,1.059,3.869,0.889,1.440,273,410,63.435,1.012,1.377,0.726,0.906
5285,gcb8323.tif,5.538,11.660,0.512,3.939,440,401,142.595,2.538,1.695,0.590,0.790
5286,gcb8323.tif,0.068,1.225,0.567,0.469,630,398,101.310,0.276,1.608,0.622,0.727
5287,gcb8323.tif,1.109,5.592,0.446,2.323,346,399,123.690,0.866,3.401,0.294,0.714
5288,gcb8323.tif,0.474,2.949,0.685,1.252,160,405,143.973,0.586,2.267,0.441,0.812
5289,gcb8323.tif,0.872,3.317,0.996,1.228,543,404,102.995,0.920,1.203,0.831,0.932
5290,gcb8323.tif,0.051,0.965,0.686,0.390,917,405,135.000,0.276,1.295,0.772,0.750
5291,gcb8323.tif,0.110,1.225,0.922,0.496,466,411,68.199,0.368,1.312,0.762,0.812
5292,gcb8323.tif,1.380,5.548,0.564,2.212,671,430,73.072,0.851,2.969,0.337,0.823
5293,gcb8323.tif,2.354,5.678,0.918,2.037,692,408,108.435,1.472,1.327,0.754,0.952
5294,gcb8323.tif,0.686,3.577,0.674,1.509,854,418,37.569,0.700,2.533,0.395,0.839
5295,gcb8323.tif,0.051,0.835,0.916,0.332,186,410,123.690,0.276,1.124,0.890,0.800
5296,gcb8323.tif,0.296,1.854,1.000,0.719,759,416,39.806,0.552,1.129,0.885,0.921
5297,gcb8323.tif,0.508,2.796,0.817,1.029,640,422,79.695,0.728,1.434,0.697,0.851
5298,gcb8323.tif,0.500,2.590,0.936,1.029,711,421,63.435,0.644,1.443,0.693,0.929
5299,gcb8323.tif,0.779,3.240,0.932,1.200,654,412,122.471,0.920,1.310,0.764,0.915
5300,gcb8323.tif,0.246,1.777,0.977,0.719,420,419,39.806,0.460,1.333,0.750,0.921
5301,gcb8323.tif,2.913,6.535,0.857,2.456,724,441,77.005,1.656,1.488,0.672,0.932
5302,gcb8323.tif,0.135,1.539,0.719,0.582,921,416,108.435,0.368,1.508,0.663,0.780
5303,gcb8323.tif,0.263,1.800,1.000,0.742,304,419,119.745,0.552,1.246,0.802,0.873
5304,gcb8323.tif,0.093,1.149,0.887,0.460,509,419,143.130,0.368,1.040,0.961,0.815
5305,gcb8323.tif,3.836,7.531,0.850,2.564,543,425,158.962,2.077,1.160,0.862,0.932
5306,gcb8323.tif,0.423,2.796,0.681,1.196,577,429,22.620,0.553,2.388,0.419,0.806
5307,gcb8323.tif,2.651,6.176,0.873,2.228,593,425,141.710,1.733,1.203,0.831,0.937
5308,gcb8323.tif,2.964,6.665,0.838,2.195,408,427,123.024,1.858,1.128,0.887,0.922
5309,gcb8323.tif,0.169,1.409,1.000,0.589,776,425,128.660,0.455,1.282,0.780,0.909
5310,gcb8323.tif,3.650,10.458,0.419,4.365,793,453,34.695,1.579,3.525,0.284,0.731
5311,gcb8323.tif,0.119,1.149,1.000,0.460,240,427,126.870,0.368,1.020,0.981,0.933
5312,gcb8323.tif,1.855,6.261,0.594,2.635,925,428,167.905,0.898,3.171,0.315,0.907
5313,gcb8323.tif,0.246,1.930,0.829,0.786,837,430,110.556,0.460,1.561,0.641,0.853
5314,gcb8323.tif,0.093,1.019,1.000,0.460,511,435,36.870,0.276,1.372,0.729,0.957
5315,gcb8323.tif,4.742,8.680,0.791,3.125,464,441,166.373,2.209,1.429,0.700,0.905
5316,gcb8323.tif,0.390,2.895,0.584,1.235,753,440,26.565,0.535,2.702,0.370,0.793
5317,gcb8323.tif,0.686,2.980,0.971,1.077,288,435,109.983,0.828,1.208,0.828,0.931
5318,gcb8323.tif,0.305,2.374,0.680,0.947,199,439,150.945,0.521,1.944,0.514,0.818
5319,gcb8323.tif,2.151,5.462,0.906,1.815,341,440,120.466,1.646,1.107,0.903,0.920
5320,gcb8323.tif,0.711,3.034,0.971,1.123,627,450,55.008,0.920,1.117,0.895,0.939
5321,gcb8323.tif,4.497,9.645,0.607,3.384,430,476,67.620,2.117,1.308,0.764,0.844
5322,gcb8323.tif,0.694,3.056,0.934,1.196,387,443,112.620,0.828,1.384,0.723,0.901
5323,gcb8323.tif,1.948,9.636,0.264,3.394,505,469,40.601,1.432,2.744,0.364,0.598
5324,gcb8323.tif,1.668,6.027,0.577,2.604,236,447,147.995,1.078,2.837,0.352,0.840
5325,gcb8323.tif,1.838,5.548,0.750,1.987,590,446,103.392,1.196,1.745,0.573,0.900
5326,gcb8323.tif,0.423,2.612,0.780,1.049,645,447,142.125,0.681,1.678,0.596,0.862
5327,gcb8323.tif,2.625,6.275,0.838,2.366,723,473,76.504,1.564,1.484,0.674,0.930
5328,gcb8323.tif,1.787,6.449,0.540,2.842,928,449,150.945,1.039,3.066,0.326,0.829
5329,gcb8323.tif,0.279,2.060,0.828,0.792,367,452,125.538,0.576,1.374,0.728,0.805
5330,gcb8323.tif,3.252,7.316,0.764,2.762,294,479,60.018,1.730,1.723,0.580,0.890
5331,gcb8323.tif,0.169,1.670,0.764,0.589,166,454,128.660,0.521,1.038,0.963,0.769
5332,gcb8323.tif,2.058,6.373,0.637,2.156,637,475,50.194,1.656,1.088,0.919,0.827
5333,gcb8323.tif,0.364,2.114,1.000,0.823,614,459,153.435,0.644,1.239,0.807,0.896
5334,gcb8323.tif,0.855,3.294,0.990,1.200,401,470,32.471,1.012,1.037,0.964,0.940
5335,gcb8323.tif,0.152,1.333,1.000,0.537,708,462,120.964,0.368,1.248,0.801,0.947
5336,gcb8323.tif,0.601,2.720,1.000,0.995,342,470,33.690,0.828,1.059,0.944,0.953
5337,gcb8323.tif,1.804,4.888,0.949,1.659,481,480,56.310,1.472,1.057,0.946,0.932
5338,gcb8323.tif,0.254,1.907,0.877,0.742,739,465,119.745,0.552,1.301,0.769,0.845
5339,gcb8323.tif,4.683,10.794,0.505,3.425,616,468,120.700,2.371,1.531,0.653,0.795
5340,gcb8323.tif,2.202,7.132,0.544,2.910,917,468,145.305,1.152,2.906,0.344,0.847
5341,gcb8323.tif,1.490,4.865,0.791,1.922,371,473,106.699,1.104,1.855,0.539,0.910
5342,gcb8323.tif,1.448,4.421,0.931,1.509,350,489,52.431,1.288,1.080,0.926,0.937
5343,gcb8323.tif,2.337,6.665,0.661,2.637,399,501,60.751,1.322,2.334,0.428,0.848
5344,gcb8323.tif,0.415,2.352,0.943,0.911,673,485,45.000,0.716,1.203,0.831,0.907
5345,gcb8323.tif,0.178,1.562,0.916,0.617,753,478,116.565,0.494,1.259,0.794,0.778
5346,gcb8323.tif,2.058,6.046,0.707,2.277,262,479,104.036,1.328,1.768,0.566,0.890
5347,gcb8323.tif,0.466,2.926,0.684,1.235,177,481,116.565,0.669,1.955,0.512,0.815
5348,gcb8323.tif,0.508,2.904,0.757,1.112,804,483,114.444,0.644,1.673,0.598,0.863
5349,gcb8323.tif,0.305,2.038,0.923,0.792,737,485,125.538,0.644,1.162,0.860,0.878
5350,gcb8323.tif,1.372,5.484,0.573,2.286,464,506,49.899,1.042,2.656,0.376,0.781
5351,gcb8323.tif,2.998,7.424,0.684,2.946,489,517,75.530,1.476,2.251,0.444,0.872
5352,gcb8323.tif,2.066,5.332,0.913,1.863,570,504,57.095,1.562,1.175,0.851,0.930
5353,gcb8323.tif,0.288,1.984,0.919,0.759,644,486,104.036,0.552,1.243,0.805,0.872
5354,gcb8323.tif,0.390,2.428,0.830,1.049,865,486,142.125,0.613,1.808,0.553,0.852
5355,gcb8323.tif,0.381,2.796,0.613,1.153,146,488,118.610,0.573,2.202,0.454,0.789
5356,gcb8323.tif,0.762,3.348,0.854,1.282,760,501,68.962,0.828,1.451,0.689,0.905
5357,gcb8323.tif,2.685,6.351,0.836,2.187,652,500,165.379,1.745,1.329,0.752,0.903
5358,gcb8323.tif,0.127,1.485,0.723,0.582,914,493,161.565,0.368,1.526,0.655,0.750
5359,gcb8323.tif,0.779,3.164,0.978,1.178,521,506,51.340,0.920,1.146,0.873,0.934
5360,gcb8323.tif,3.658,7.163,0.896,2.478,600,496,105.068,2.025,1.214,0.824,0.942
5361,gcb8323.tif,1.389,4.389,0.906,1.567,352,512,49.764,1.288,1.221,0.819,0.911
5362,gcb8323.tif,0.567,2.904,0.845,1.123,321,501,145.008,0.823,1.294,0.773,0.899
5363,gcb8323.tif,1.270,6.503,0.377,2.707,279,509,162.181,0.951,3.706,0.270,0.664
5364,gcb8323.tif,0.390,2.688,0.677,1.178,245,504,141.340,0.546,2.584,0.387,0.786
5365,gcb8323.tif,5.200,10.045,0.648,3.484,418,541,77.800,2.301,1.408,0.710,0.868
5366,gcb8323.tif,2.617,9.470,0.367,3.616,692,520,14.744,1.560,3.160,0.316,0.681
5367,gcb8323.tif,0.102,1.225,0.851,0.496,102,507,158.199,0.368,1.305,0.766,0.774
5368,gcb8323.tif,4.793,8.442,0.845,2.854,446,508,110.772,2.260,1.271,0.787,0.922
5369,gcb8323.tif,0.271,1.854,0.991,0.742,539,515,60.255,0.552,1.197,0.835,0.889
5370,gcb8323.tif,0.491,2.558,0.943,0.947,365,519,60.945,0.781,1.215,0.823,0.885
5371,gcb8323.tif,0.415,2.329,0.961,0.868,679,510,122.005,0.644,1.199,0.834,0.933
5372,gcb8323.tif,0.161,1.539,0.853,0.589,476,512,141.340,0.460,1.236,0.809,0.809
5373,gcb8323.tif,1.084,3.945,0.875,1.498,750,511,100.620,1.012,1.426,0.701,0.905
5374,gcb8323.tif,0.059,0.911,0.898,0.412,916,515,26.565,0.260,1.668,0.600,0.778
5375,gcb8323.tif,0.051,0.781,1.000,0.332,527,518,33.690,0.260,1.291,0.775,0.800
5376,gcb8323.tif,2.837,10.045,0.353,4.158,310,518,155.136,1.484,3.229,0.310,0.720
5377,gcb8323.tif,6.470,9.753,0.855,3.405,626,518,108.925,2.644,1.197,0.836,0.948
5378,gcb8323.tif,1.109,3.869,0.931,1.455,649,520,108.435,1.012,1.356,0.738,0.932
5379,gcb8323.tif,0.635,2.904,0.946,1.112,821,520,114.444,0.736,1.399,0.715,0.938
5380,gcb8323.tif,2.346,5.624,0.932,1.969,576,524,142.595,1.656,1.152,0.868,0.949
5381,gcb8323.tif,0.212,1.593,1.000,0.617,775,524,116.565,0.460,1.177,0.849,0.926
5382,gcb8323.tif,0.415,2.276,1.000,0.868,382,526,122.005,0.644,1.196,0.836,0.942
5383,gcb8323.tif,1.414,4.367,0.932,1.509,480,539,52.431,1.288,1.073,0.932,0.933
5384,gcb8323.tif,3.802,7.410,0.870,2.635,508,526,102.095,1.748,1.460,0.685,0.958
5385,gcb8323.tif,2.295,7.325,0.537,2.650,724,526,110.323,1.413,2.017,0.496,0.791
5386,gcb8323.tif,0.406,2.329,0.941,0.911,368,527,135.000,0.644,1.225,0.816,0.932
5387,gcb8323.tif,0.940,3.555,0.935,1.318,529,528,102.095,0.920,1.372,0.729,0.921
5388,gcb8323.tif,0.483,2.612,0.889,0.961,755,533,106.699,0.736,1.303,0.768,0.870
5389,gcb8323.tif,1.321,4.412,0.853,1.575,809,535,96.710,1.235,1.199,0.834,0.894
5390,gcb8323.tif,1.821,6.167,0.602,2.286,657,538,139.899,1.381,1.848,0.541,0.779
5391,gcb8323.tif,0.542,2.720,0.921,1.029,288,537,116.565,0.736,1.269,0.788,0.908
5392,gcb8323.tif,2.964,6.436,0.899,2.346,548,561,64.440,1.748,1.281,0.781,0.945
5393,gcb8323.tif,0.093,1.225,0.780,0.537,231,540,120.964,0.349,1.639,0.610,0.733
5394,gcb8323.tif,0.754,3.164,0.946,1.235,779,540,116.565,0.828,1.382,0.723,0.927
5395,gcb8323.tif,0.364,2.222,0.927,0.792,351,542,125.538,0.644,1.179,0.848,0.887
5396,gcb8323.tif,5.335,17.050,0.231,4.818,743,541,118.523,2.651,1.473,0.679,0.640
5397,gcb8323.tif,0.152,1.746,0.629,0.701,711,542,113.199,0.455,1.570,0.637,0.667
5398,gcb8323.tif,0.068,1.149,0.645,0.469,947,548,101.310,0.276,1.837,0.544,0.696
5399,gcb8323.tif,0.847,3.555,0.842,1.380,919,559,36.870,0.953,1.415,0.707,0.897
5400,gcb8323.tif,0.449,2.406,0.975,0.920,267,552,126.870,0.736,1.118,0.894,0.922
5401,gcb8323.tif,1.346,4.367,0.887,1.583,580,554,125.538,1.196,1.257,0.796,0.916
5402,gcb8323.tif,4.979,8.636,0.839,3.059,429,555,96.911,2.117,1.477,0.677,0.943
5403,gcb8323.tif,0.178,1.593,0.880,0.742,668,560,29.745,0.368,1.957,0.511,0.875
5404,gcb8323.tif,2.490,6.611,0.716,2.357,364,576,38.660,1.519,1.714,0.584,0.853
5405,gcb8323.tif,1.109,3.869,0.931,1.402,612,557,113.199,1.104,1.257,0.796,0.926
5406,gcb8323.tif,2.685,7.554,0.591,2.725,687,586,78.311,1.646,1.732,0.577,0.836
5407,gcb8323.tif,0.423,2.406,0.919,0.920,319,567,53.130,0.736,1.174,0.852,0.893
5408,gcb8323.tif,4.268,8.559,0.732,3.035,408,591,75.964,1.909,1.664,0.601,0.886
5409,gcb8323.tif,0.186,1.485,1.000,0.617,334,560,116.565,0.455,1.361,0.735,0.880
5410,gcb8323.tif,1.795,4.888,0.944,1.729,641,561,115.201,1.380,1.239,0.807,0.936
5411,gcb8323.tif,0.076,0.965,1.000,0.460,390,563,126.870,0.276,1.542,0.648,0.857
5412,gcb8323.tif,0.220,2.060,0.652,0.947,222,565,150.945,0.390,2.759,0.362,0.812
5413,gcb8323.tif,0.432,2.352,0.981,0.920,544,567,126.870,0.736,1.249,0.801,0.903
5414,gcb8323.tif,0.212,1.800,0.821,0.701,817,575,23.199,0.460,1.252,0.799,0.833
5415,gcb8323.tif,0.398,2.612,0.733,1.029,709,572,116.565,0.614,1.863,0.537,0.839
5416,gcb8323.tif,0.779,3.900,0.644,1.697,475,578,167.471,0.552,2.994,0.334,0.920
5417,gcb8323.tif,0.889,3.478,0.924,1.238,598,587,48.013,1.012,1.160,0.862,0.921
5418,gcb8323.tif,1.092,3.815,0.943,1.429,380,578,104.931,1.012,1.304,0.767,0.928
5419,gcb8323.tif,0.618,3.003,0.862,1.200,615,579,147.529,0.846,1.468,0.681,0.874
5420,gcb8323.tif,0.119,1.593,0.587,0.670,940,579,164.055,0.276,2.231,0.448,0.757
5421,gcb8323.tif,1.465,5.408,0.629,2.146,716,580,120.964,1.111,2.254,0.444,0.810
5422,gcb8323.tif,1.829,5.072,0.894,1.746,322,598,71.565,1.472,1.123,0.890,0.925
5423,gcb8323.tif,0.491,2.666,0.868,1.041,231,582,135.000,0.736,1.382,0.724,0.885
5424,gcb8323.tif,0.093,1.279,0.715,0.582,494,581,161.565,0.276,1.984,0.504,0.786
5425,gcb8323.tif,1.685,5.592,0.677,2.226,502,584,172.875,1.196,1.692,0.591,0.852
5426,gcb8323.tif,0.144,1.463,0.845,0.537,306,583,120.964,0.368,1.173,0.852,0.895
5427,gcb8323.tif,0.051,0.781,1.000,0.332,340,587,33.690,0.260,1.291,0.775,0.800
5428,gcb8323.tif,0.059,0.889,0.943,0.412,166,586,116.565,0.184,1.936,0.517,0.933
5429,gcb8323.tif,0.220,1.777,0.876,0.701,206,588,113.199,0.460,1.448,0.690,0.897
5430,gcb8323.tif,5.242,9.959,0.664,4.084,743,592,157.479,2.009,2.164,0.462,0.899
5431,gcb8323.tif,9.078,14.739,0.525,4.350,458,610,173.928,3.156,1.411,0.709,0.823
5432,gcb8323.tif,2.744,6.167,0.907,2.125,532,613,72.350,1.840,1.117,0.895,0.932
5433,gcb8323.tif,0.051,0.835,0.916,0.390,237,595,45.000,0.260,1.593,0.628,0.857
5434,gcb8323.tif,0.085,1.041,0.982,0.412,948,592,116.565,0.368,1.165,0.858,0.769
5435,gcb8323.tif,0.635,3.056,0.854,1.235,654,593,116.565,0.823,1.546,0.647,0.877
5436,gcb8323.tif,0.534,3.348,0.598,1.484,666,596,172.875,0.548,3.027,0.330,0.834
5437,gcb8323.tif,1.880,7.846,0.384,2.503,615,623,72.897,1.714,1.440,0.695,0.635
5438,gcb8323.tif,0.398,2.482,0.812,1.029,813,603,26.565,0.569,1.928,0.519,0.847
5439,gcb8323.tif,1.533,4.627,0.900,1.746,557,599,108.435,1.196,1.457,0.687,0.928
5440,gcb8323.tif,1.160,3.945,0.937,1.455,578,600,108.435,1.104,1.300,0.769,0.923
5441,gcb8323.tif,0.144,1.409,0.911,0.664,142,602,123.690,0.368,1.782,0.561,0.872
5442,gcb8323.tif,2.947,6.674,0.831,2.416,701,603,107.745,1.472,1.552,0.644,0.952
5443,gcb8323.tif,2.151,6.764,0.591,2.037,420,626,71.565,1.531,1.375,0.727,0.858
5444,gcb8323.tif,2.566,6.014,0.891,2.125,329,628,72.350,1.656,1.271,0.787,0.938
5445,gcb8323.tif,0.220,1.723,0.932,0.664,518,607,123.690,0.513,1.329,0.753,0.852
5446,gcb8323.tif,1.211,5.745,0.461,2.187,942,607,112.249,1.161,2.360,0.424,0.720
5447,gcb8323.tif,0.415,2.428,0.885,0.947,266,608,119.055,0.689,1.441,0.694,0.867
5448,gcb8323.tif,2.625,5.992,0.919,2.058,626,610,116.565,1.656,1.192,0.839,0.948
5449,gcb8323.tif,0.500,2.666,0.883,0.978,540,619,41.186,0.815,1.234,0.810,0.874
5450,gcb8323.tif,0.796,3.240,0.953,1.200,599,625,57.529,0.920,1.259,0.795,0.913
5451,gcb8323.tif,0.305,2.038,0.923,0.742,656,613,119.745,0.640,1.173,0.852,0.867
5452,gcb8323.tif,0.754,3.263,0.890,1.153,728,622,28.610,0.947,1.240,0.806,0.877
5453,gcb8323.tif,0.246,1.984,0.784,0.792,897,622,54.462,0.513,1.830,0.547,0.763
5454,gcb8323.tif,1.380,6.122,0.463,2.503,797,617,162.897,0.917,3.600,0.278,0.774
5455,gcb8323.tif,0.059,0.965,0.800,0.412,73,621,26.565,0.276,1.329,0.752,0.737
5456,gcb8323.tif,0.686,3.056,0.923,1.138,516,618,104.036,0.828,1.359,0.736,0.910
5457,gcb8323.tif,0.220,1.876,0.786,0.792,357,623,144.462,0.455,1.929,0.519,0.825
5458,gcb8323.tif,0.415,2.428,0.885,0.873,441,622,108.435,0.700,1.230,0.813,0.860
5459,gcb8323.tif,0.906,3.685,0.839,1.509,310,623,127.569,0.976,1.511,0.662,0.911
5460,gcb8323.tif,4.505,7.976,0.890,2.654,469,649,56.310,2.341,1.116,0.896,0.943
5461,gcb8323.tif,0.152,1.539,0.808,0.617,850,629,63.435,0.434,1.601,0.625,0.800
5462,gcb8323.tif,0.440,2.383,0.974,0.920,340,632,53.130,0.644,1.153,0.867,0.963
5463,gcb8323.tif,0.059,0.781,1.000,0.332,717,624,123.690,0.276,1.069,0.936,0.875
5464,gcb8323.tif,0.144,1.355,0.985,0.537,561,626,149.036,0.453,1.209,0.827,0.829
5465,gcb8323.tif,0.745,4.205,0.530,1.498,70,642,79.380,0.828,2.153,0.465,0.782
5466,gcb8323.tif,1.194,3.999,0.938,1.368,528,628,137.726,1.196,1.053,0.950,0.925
5467,gcb8323.tif,3.616,6.979,0.933,2.328,428,631,108.435,2.117,1.045,0.957,0.949
5468,gcb8323.tif,2.617,6.580,0.760,2.761,592,635,143.130,1.301,2.035,0.491,0.925
5469,gcb8323.tif,0.686,2.980,0.971,1.077,649,632,109.983,0.828,1.224,0.817,0.931
5470,gcb8323.tif,0.584,2.850,0.904,1.073,390,634,120.964,0.736,1.270,0.787,0.932
5471,gcb8323.tif,4.565,12.289,0.380,5.041,902,634,158.587,1.534,4.127,0.242,0.744
5472,gcb8323.tif,0.449,2.482,0.916,0.947,303,645,60.945,0.736,1.345,0.743,0.891
5473,gcb8323.tif,0.940,3.631,0.896,1.238,495,647,41.987,1.104,1.052,0.951,0.888
5474,gcb8323.tif,0.127,1.279,0.976,0.537,620,637,120.964,0.368,1.392,0.718,0.882
5475,gcb8323.tif,3.794,12.917,0.286,3.794,716,640,140.906,2.268,1.975,0.506,0.637
5476,gcb8323.tif,0.186,2.450,0.390,0.742,357,646,29.745,0.552,1.201,0.833,0.667
5477,gcb8323.tif,2.896,7.370,0.670,2.859,512,643,123.179,1.710,1.767,0.566,0.848
5478,gcb8323.tif,0.449,2.590,0.841,1.029,632,642,116.565,0.644,1.458,0.686,0.883
5479,gcb8323.tif,0.229,2.114,0.643,0.792,202,650,35.538,0.494,1.830,0.547,0.730
5480,gcb8323.tif,3.497,7.293,0.826,2.352,546,646,120.579,2.117,1.106,0.905,0.904
5481,gcb8323.tif,0.881,5.440,0.374,2.098,65,668,74.745,0.644,3.825,0.261,0.715
5482,gcb8323.tif,0.745,3.164,0.935,1.153,574,658,61.390,0.920,1.180,0.847,0.917
5483,gcb8323.tif,0.906,3.425,0.971,1.252,653,660,53.973,1.012,1.140,0.877,0.926
5484,gcb8323.tif,0.169,1.485,0.965,0.664,326,650,146.310,0.412,1.732,0.577,0.833
5485,gcb8323.tif,0.457,2.971,0.651,1.200,676,661,57.529,0.651,1.900,0.526,0.783
5486,gcb8323.tif,0.838,3.348,0.940,1.308,500,664,50.711,0.920,1.311,0.763,0.938
5487,gcb8323.tif,0.898,4.834,0.483,1.969,594,652,127.405,0.822,3.284,0.304,0.677
5488,gcb8323.tif,0.466,2.460,0.967,0.920,453,656,126.870,0.644,1.276,0.784,0.940
5489,gcb8323.tif,0.110,1.432,0.675,0.664,881,661,33.690,0.288,2.755,0.363,0.722
5490,gcb8323.tif,2.600,9.874,0.335,2.527,624,659,100.491,1.905,1.502,0.666,0.765
5491,gcb8323.tif,1.880,5.148,0.891,1.877,358,660,101.310,1.380,1.291,0.774,0.921
5492,gcb8323.tif,2.524,8.398,0.450,2.923,441,665,118.179,1.618,1.802,0.555,0.751
5493,gcb8323.tif,0.237,1.854,0.867,0.742,258,673,60.255,0.552,1.269,0.788,0.824
5494,gcb8323.tif,0.059,0.835,1.000,0.332,588,667,123.690,0.276,1.069,0.936,0.875
5495,gcb8323.tif,4.234,8.725,0.699,3.289,393,679,162.072,1.852,1.733,0.577,0.898
5496,gcb8323.tif,1.440,4.627,0.845,1.583,679,683,54.462,1.271,1.210,0.826,0.897
5497,gcb8323.tif,1.474,4.443,0.938,1.712,510,671,126.254,1.236,1.362,0.734,0.943
5498,gcb8323.tif,0.483,2.742,0.807,1.077,65,683,70.017,0.644,1.551,0.645,0.884
5499,gcb8323.tif,0.373,2.765,0.613,1.178,309,672,141.340,0.521,2.737,0.365,0.786
5500,gcb8323.tif,0.915,3.631,0.872,1.368,326,686,70.346,0.920,1.505,0.665,0.900
5501,gcb8323.tif,2.253,6.719,0.627,2.393,587,673,157.380,1.624,1.422,0.703,0.821
5502,gcb8323.tif,1.431,5.126,0.685,2.058,763,696,63.435,1.104,1.885,0.530,0.883
5503,gcb8323.tif,2.083,8.137,0.395,3.484,917,676,167.800,0.988,4.385,0.228,0.755
5504,gcb8323.tif,1.855,5.072,0.906,1.863,343,696,69.775,1.380,1.336,0.748,0.934
5505,gcb8323.tif,0.076,1.041,0.884,0.412,793,680,26.565,0.325,1.158,0.864,0.750
5506,gcb8323.tif,0.119,1.149,1.000,0.460,296,679,126.870,0.368,1.020,0.981,0.933
5507,gcb8323.tif,0.576,2.796,0.926,1.049,650,680,105.255,0.736,1.377,0.726,0.907
5508,gcb8323.tif,4.565,9.699,0.610,3.454,464,709,41.760,2.127,1.662,0.602,0.838
5509,gcb8323.tif,0.559,2.666,0.988,0.991,267,693,68.199,0.736,1.225,0.816,0.930
5510,gcb8323.tif,1.457,6.862,0.389,2.416,492,690,162.255,1.139,2.609,0.383,0.613
5511,gcb8323.tif,0.110,1.095,1.000,0.460,377,688,126.870,0.368,1.159,0.863,0.897
5512,gcb8323.tif,3.167,7.576,0.693,2.478,709,707,31.329,2.013,1.178,0.849,0.863
5513,gcb8323.tif,1.575,4.704,0.895,1.770,389,692,98.973,1.196,1.405,0.711,0.923
5514,gcb8323.tif,1.236,4.129,0.911,1.455,431,708,55.305,1.196,1.158,0.863,0.915
5515,gcb8323.tif,0.085,0.965,1.000,0.460,642,694,126.870,0.276,1.551,0.645,0.909
5516,gcb8323.tif,2.286,5.570,0.926,1.915,672,695,125.218,1.656,1.128,0.886,0.947
5517,gcb8323.tif,2.600,6.221,0.844,2.098,490,700,142.125,1.804,1.141,0.877,0.906
5518,gcb8323.tif,0.322,3.631,0.307,1.610,651,705,30.964,0.598,3.401,0.294,0.484
5519,gcb8323.tif,0.076,0.911,1.000,0.412,702,696,153.435,0.276,1.340,0.746,0.857
5520,gcb8323.tif,1.634,6.319,0.514,1.967,287,707,10.784,1.380,1.658,0.603,0.752
5521,gcb8323.tif,2.761,6.243,0.890,2.264,350,719,63.435,1.627,1.411,0.709,0.941
5522,gcb8323.tif,1.219,4.075,0.923,1.518,408,702,165.964,1.104,1.333,0.750,0.917
5523,gcb8323.tif,1.050,3.793,0.917,1.402,549,698,113.199,1.012,1.308,0.765,0.929
5524,gcb8323.tif,0.144,1.355,0.985,0.537,227,700,149.036,0.453,1.126,0.888,0.810
5525,gcb8323.tif,1.922,5.538,0.788,1.922,611,702,106.699,1.421,1.330,0.752,0.885
5526,gcb8323.tif,0.076,1.171,0.698,0.460,69,712,36.870,0.276,1.310,0.763,0.783
5527,gcb8323.tif,0.754,3.164,0.946,1.200,701,722,57.529,0.828,1.409,0.710,0.927
5528,gcb8323.tif,0.373,2.168,0.996,0.868,663,713,122.005,0.644,1.303,0.768,0.898
5529,gcb8323.tif,0.051,0.965,0.686,0.460,368,716,126.870,0.195,2.810,0.356,0.750
5530,gcb8323.tif,0.051,0.835,0.916,0.412,374,720,153.435,0.184,2.237,0.447,0.857
5531,gcb8326.tif,0.483,2.720,0.820,1.029,810,2,116.565,0.644,1.460,0.685,0.891
5532,gcb8326.tif,0.288,1.907,0.994,0.742,633,8,29.745,0.552,1.201,0.833,0.907
5533,gcb8326.tif,0.415,2.352,0.943,0.868,399,4,122.005,0.728,1.151,0.869,0.899
5534,gcb8326.tif,0.694,3.034,0.948,1.112,347,5,114.444,0.828,1.260,0.793,0.932
5535,gcb8326.tif,2.109,7.163,0.516,2.745,299,8,140.440,1.276,2.485,0.402,0.740
5536,gcb8326.tif,0.246,1.800,0.953,0.670,616,7,164.055,0.552,1.128,0.886,0.866
5537,gcb8326.tif,0.423,2.329,0.981,0.920,416,10,143.130,0.644,1.234,0.810,0.952
5538,gcb8326.tif,0.466,2.666,0.823,1.073,919,20,59.036,0.640,1.749,0.572,0.873
5539,gcb8326.tif,0.423,2.352,0.962,0.868,284,11,122.005,0.736,1.165,0.859,0.901
5540,gcb8326.tif,0.915,3.532,0.921,1.368,752,11,109.654,0.828,1.556,0.643,0.947
5541,gcb8326.tif,0.915,3.685,0.846,1.327,451,15,123.690,1.004,1.342,0.745,0.904
5542,gcb8326.tif,0.059,0.835,1.000,0.412,430,20,26.565,0.184,1.936,0.517,0.933
5543,gcb8326.tif,1.219,4.596,0.726,1.646,480,30,26.565,1.171,1.636,0.611,0.818
5544,gcb8326.tif,1.524,4.995,0.768,1.840,615,37,53.130,1.264,1.554,0.643,0.855
5545,gcb8326.tif,2.871,6.275,0.916,2.154,340,23,109.983,1.748,1.213,0.824,0.938
5546,gcb8326.tif,2.049,5.462,0.863,2.058,388,23,100.305,1.380,1.479,0.676,0.918
5547,gcb8326.tif,0.135,1.355,0.927,0.537,710,28,59.036,0.453,1.154,0.866,0.800
5548,gcb8326.tif,1.126,3.923,0.920,1.455,364,40,71.565,1.012,1.394,0.717,0.930
5549,gcb8326.tif,0.500,2.612,0.920,0.978,720,26,131.186,0.736,1.154,0.866,0.881
5550,gcb8326.tif,0.593,4.228,0.417,1.498,570,38,47.490,0.773,2.319,0.431,0.625
5551,gcb8326.tif,2.253,5.570,0.912,1.877,594,47,78.690,1.564,1.115,0.897,0.937
5552,gcb8326.tif,1.270,4.986,0.642,1.813,808,37,23.962,1.196,1.376,0.727,0.815
5553,gcb8326.tif,1.829,5.103,0.883,1.915,532,43,35.218,1.472,1.274,0.785,0.929
5554,gcb8326.tif,2.600,5.960,0.920,2.103,665,31,113.199,1.656,1.224,0.817,0.940
5555,gcb8326.tif,0.288,2.038,0.871,0.823,326,32,116.565,0.524,1.628,0.614,0.850
5556,gcb8326.tif,0.076,0.889,1.000,0.390,411,33,135.000,0.276,1.000,1.000,1.000
5557,gcb8326.tif,1.160,3.945,0.937,1.455,271,34,108.435,1.104,1.270,0.787,0.926
5558,gcb8326.tif,3.142,6.719,0.875,2.359,415,36,110.556,1.840,1.211,0.826,0.936
5559,gcb8326.tif,1.846,4.942,0.950,1.787,630,54,55.491,1.380,1.280,0.781,0.950
5560,gcb8326.tif,0.796,3.371,0.880,1.308,782,39,129.289,0.864,1.513,0.661,0.904
5561,gcb8326.tif,0.195,1.984,0.622,0.848,469,45,40.601,0.494,1.872,0.534,0.767
5562,gcb8326.tif,0.051,0.911,0.769,0.390,771,42,45.000,0.276,1.449,0.690,0.750
5563,gcb8326.tif,0.119,1.517,0.647,0.670,519,43,15.945,0.276,2.831,0.353,0.800
5564,gcb8326.tif,0.661,3.110,0.858,1.164,303,54,71.565,0.736,1.526,0.655,0.918
5565,gcb8326.tif,0.195,1.670,0.878,0.719,237,43,140.194,0.494,1.506,0.664,0.807
5566,gcb8326.tif,0.754,3.317,0.861,1.252,455,49,17.103,0.828,1.411,0.709,0.899
5567,gcb8326.tif,0.457,2.634,0.828,1.049,292,44,105.255,0.718,1.555,0.643,0.837
5568,gcb8326.tif,1.084,3.847,0.921,1.405,648,45,121.608,1.012,1.330,0.752,0.934
5569,gcb8326.tif,2.320,6.328,0.728,2.346,691,48,101.310,1.451,1.697,0.589,0.894
5570,gcb8326.tif,1.973,6.849,0.529,2.799,738,70,43.668,1.236,2.787,0.359,0.774
5571,gcb8326.tif,0.381,2.352,0.866,0.991,932,50,158.199,0.552,1.792,0.558,0.900
5572,gcb8326.tif,3.768,8.236,0.698,2.854,575,78,69.228,1.943,1.598,0.626,0.843
5573,gcb8326.tif,0.169,1.409,1.000,0.537,737,53,149.036,0.460,1.083,0.923,0.889
5574,gcb8326.tif,0.135,1.279,1.000,0.537,608,56,149.036,0.368,1.314,0.761,0.914
5575,gcb8326.tif,0.847,3.478,0.880,1.368,768,58,109.654,0.828,1.477,0.677,0.922
5576,gcb8326.tif,4.014,7.509,0.895,2.559,529,62,127.694,2.116,1.158,0.863,0.949
5577,gcb8326.tif,0.466,2.558,0.894,1.029,828,63,116.565,0.736,1.422,0.703,0.866
5578,gcb8326.tif,3.938,9.591,0.538,3.254,385,89,28.740,2.181,1.666,0.600,0.758
5579,gcb8326.tif,0.203,1.647,0.941,0.701,558,64,113.199,0.368,1.754,0.570,0.923
5580,gcb8326.tif,0.381,2.383,0.843,0.920,717,72,53.130,0.638,1.317,0.759,0.891
5581,gcb8326.tif,0.195,1.723,0.824,0.719,941,70,50.194,0.460,1.509,0.662,0.868
5582,gcb8326.tif,2.498,6.167,0.826,2.277,436,94,75.964,1.508,1.567,0.638,0.915
5583,gcb8326.tif,0.423,2.352,0.962,0.906,274,71,113.962,0.644,1.327,0.754,0.909
5584,gcb8326.tif,4.090,9.223,0.604,3.166,579,100,54.462,2.005,1.643,0.609,0.840
5585,gcb8326.tif,1.135,5.094,0.550,1.982,791,82,21.801,0.947,2.497,0.400,0.755
5586,gcb8326.tif,0.813,4.789,0.445,2.125,837,75,175.030,0.552,4.444,0.225,0.814
5587,gcb8326.tif,0.068,0.835,1.000,0.390,925,74,135.000,0.276,1.229,0.814,0.941
5588,gcb8326.tif,0.559,3.056,0.752,1.138,700,75,104.036,0.828,1.385,0.722,0.835
5589,gcb8326.tif,2.270,6.643,0.646,2.503,506,103,72.897,1.399,2.006,0.499,0.840
5590,gcb8326.tif,3.845,11.607,0.359,3.790,714,115,60.945,2.272,2.273,0.440,0.673
5591,gcb8326.tif,0.229,1.777,0.910,0.719,758,79,129.806,0.552,1.327,0.753,0.871
5592,gcb8326.tif,0.271,2.145,0.740,0.961,919,91,73.301,0.368,2.295,0.436,0.928
5593,gcb8326.tif,0.186,1.539,0.988,0.582,302,86,161.565,0.460,1.113,0.898,0.880
5594,gcb8326.tif,0.440,2.406,0.956,0.920,739,84,126.870,0.644,1.230,0.813,0.929
5595,gcb8326.tif,1.897,5.624,0.754,2.119,876,104,55.620,1.440,1.513,0.661,0.873
5596,gcb8326.tif,1.253,4.205,0.891,1.509,521,86,142.431,1.193,1.266,0.790,0.905
5597,gcb8326.tif,3.599,8.150,0.681,2.619,348,97,161.565,2.173,1.236,0.809,0.843
5598,gcb8326.tif,1.770,4.995,0.891,1.787,452,105,55.491,1.368,1.306,0.766,0.927
5599,gcb8326.tif,2.185,5.332,0.966,1.863,406,109,69.775,1.564,1.118,0.895,0.949
5600,gcb8326.tif,0.915,3.815,0.790,1.543,709,107,72.646,0.870,1.898,0.527,0.893
5601,gcb8326.tif,0.144,1.355,0.985,0.537,756,98,59.036,0.453,1.120,0.893,0.829
5602,gcb8326.tif,0.085,1.041,0.982,0.412,819,97,26.565,0.325,1.241,0.806,0.800
5603,gcb8326.tif,1.135,3.869,0.953,1.368,642,110,70.346,1.104,1.159,0.863,0.934
5604,gcb8326.tif,1.880,4.964,0.959,1.736,603,114,57.995,1.472,1.156,0.865,0.939
5605,gcb8326.tif,0.601,2.926,0.882,1.108,788,98,131.634,0.902,1.176,0.850,0.877
5606,gcb8326.tif,0.178,1.670,0.802,0.664,890,99,123.690,0.455,1.518,0.659,0.808
5607,gcb8326.tif,1.533,6.503,0.455,2.058,538,104,169.695,1.246,2.025,0.494,0.739
5608,gcb8326.tif,3.862,11.387,0.374,4.087,806,118,7.765,2.194,2.376,0.421,0.636
5609,gcb8326.tif,1.143,3.945,0.923,1.327,519,102,123.690,1.196,1.056,0.947,0.912
5610,gcb8326.tif,0.271,2.244,0.676,0.848,258,102,102.529,0.552,1.776,0.563,0.744
5611,gcb8326.tif,0.720,3.317,0.822,1.210,385,118,81.254,0.893,1.407,0.711,0.846
5612,gcb8326.tif,0.398,3.003,0.555,1.278,768,118,30.256,0.576,2.186,0.457,0.746
5613,gcb8326.tif,3.718,7.500,0.831,2.683,339,110,95.906,2.008,1.310,0.764,0.920
5614,gcb8326.tif,1.050,3.923,0.858,1.484,435,124,60.255,1.065,1.385,0.722,0.905
5615,gcb8326.tif,0.229,1.647,1.000,0.664,628,116,56.310,0.460,1.210,0.826,0.947
5616,gcb8326.tif,0.864,4.367,0.569,1.758,926,111,96.009,0.736,2.583,0.387,0.829
5617,gcb8326.tif,0.855,3.631,0.815,1.429,245,112,104.931,0.920,1.494,0.669,0.878
5618,gcb8326.tif,0.610,2.872,0.929,1.196,743,114,157.380,0.736,1.606,0.623,0.911
5619,gcb8326.tif,0.059,0.835,1.000,0.390,571,114,135.000,0.276,1.380,0.725,0.875
5620,gcb8326.tif,0.550,2.980,0.779,1.252,530,124,36.027,0.640,2.022,0.495,0.884
5621,gcb8326.tif,1.092,3.923,0.892,1.523,563,131,64.983,1.012,1.504,0.665,0.928
5622,gcb8326.tif,0.694,3.501,0.712,1.368,647,137,70.346,0.736,1.947,0.514,0.859
5623,gcb8326.tif,1.524,4.865,0.809,1.834,769,126,162.474,1.196,1.511,0.662,0.893
5624,gcb8326.tif,3.049,6.503,0.906,2.277,419,149,75.964,1.887,1.204,0.831,0.936
5625,gcb8326.tif,0.068,0.835,1.000,0.390,269,129,45.000,0.276,1.229,0.814,0.941
5626,gcb8326.tif,5.013,12.930,0.377,4.050,610,167,68.682,2.408,1.698,0.589,0.731
5627,gcb8326.tif,1.516,4.627,0.890,1.659,541,144,70.560,1.288,1.296,0.772,0.920
5628,gcb8326.tif,5.852,11.575,0.549,4.068,432,156,37.648,2.214,2.051,0.488,0.840
5629,gcb8326.tif,0.398,2.168,1.000,0.823,724,128,116.565,0.644,1.121,0.892,0.931
5630,gcb8326.tif,1.787,6.405,0.547,2.654,237,133,123.690,1.195,2.394,0.418,0.813
5631,gcb8326.tif,1.626,4.789,0.891,1.697,508,134,130.601,1.354,1.173,0.853,0.928
5632,gcb8326.tif,9.891,23.366,0.228,4.908,571,135,120.411,3.924,1.291,0.775,0.655
5633,gcb8326.tif,0.093,1.171,0.853,0.537,271,134,149.036,0.325,1.833,0.546,0.759
5634,gcb8326.tif,0.449,2.482,0.916,0.906,403,143,66.038,0.736,1.260,0.793,0.876
5635,gcb8326.tif,0.144,1.409,0.911,0.589,324,139,38.660,0.412,1.445,0.692,0.850
5636,gcb8326.tif,0.279,2.374,0.623,0.873,848,146,71.565,0.605,1.344,0.744,0.710
5637,gcb8326.tif,1.406,4.313,0.950,1.564,487,138,118.072,1.288,1.159,0.862,0.930
5638,gcb8326.tif,0.263,1.984,0.838,0.786,673,146,69.444,0.536,1.428,0.700,0.827
5639,gcb8326.tif,0.593,2.958,0.851,1.112,732,149,65.556,0.736,1.433,0.698,0.903
5640,gcb8326.tif,3.633,9.286,0.529,3.277,754,140,128.157,2.060,1.872,0.534,0.744
5641,gcb8326.tif,0.720,3.218,0.873,1.196,769,149,22.620,0.828,1.422,0.703,0.909
5642,gcb8326.tif,0.398,2.352,0.904,0.920,473,143,126.870,0.700,1.365,0.732,0.887
5643,gcb8326.tif,1.524,4.497,0.947,1.564,697,144,118.072,1.380,1.064,0.940,0.938
5644,gcb8326.tif,2.219,10.740,0.242,3.555,830,144,111.251,1.784,2.543,0.393,0.476
5645,gcb8326.tif,0.059,0.835,1.000,0.332,384,146,123.690,0.276,1.069,0.936,0.875
5646,gcb8326.tif,0.313,1.984,1.000,0.786,268,149,110.556,0.552,1.297,0.771,0.902
5647,gcb8326.tif,3.582,7.087,0.896,2.450,399,154,145.713,2.082,1.188,0.842,0.946
5648,gcb8326.tif,1.516,5.906,0.546,2.076,812,171,77.196,1.130,1.714,0.584,0.840
5649,gcb8326.tif,0.957,3.815,0.826,1.405,462,165,58.392,1.029,1.316,0.760,0.893
5650,gcb8326.tif,0.788,4.399,0.512,1.863,540,164,20.225,0.651,3.352,0.298,0.827
5651,gcb8326.tif,3.752,9.407,0.533,2.835,316,167,166.866,2.117,1.575,0.635,0.811
5652,gcb8326.tif,3.455,6.903,0.911,2.456,483,186,77.005,1.840,1.326,0.754,0.947
5653,gcb8326.tif,2.100,6.297,0.666,2.058,686,183,79.695,1.498,1.452,0.689,0.846
5654,gcb8326.tif,1.313,4.313,0.887,1.509,434,174,37.569,1.179,1.253,0.798,0.917
5655,gcb8326.tif,6.157,13.231,0.442,4.933,893,165,165.964,2.301,2.573,0.389,0.753
5656,gcb8326.tif,0.872,3.837,0.744,1.638,614,178,38.157,0.781,2.306,0.434,0.884
5657,gcb8326.tif,0.152,1.409,0.965,0.537,193,168,120.964,0.460,1.172,0.854,0.837
5658,gcb8326.tif,0.627,2.850,0.969,1.049,361,177,37.875,0.828,1.180,0.848,0.931
5659,gcb8326.tif,0.339,2.222,0.862,0.868,750,177,57.995,0.596,1.564,0.639,0.851
5660,gcb8326.tif,0.263,2.015,0.812,0.906,861,169,156.038,0.368,2.302,0.434,0.939
5661,gcb8326.tif,0.076,0.889,1.000,0.390,849,170,135.000,0.276,1.000,1.000,1.000
5662,gcb8326.tif,0.051,0.835,0.916,0.379,876,171,165.964,0.184,1.809,0.553,0.857
5663,gcb8326.tif,2.007,5.310,0.895,1.950,506,171,109.290,1.380,1.414,0.707,0.935
5664,gcb8326.tif,1.152,4.161,0.836,1.689,556,172,119.358,0.988,1.768,0.565,0.932
5665,gcb8326.tif,0.508,3.371,0.562,1.408,201,191,78.690,0.521,3.039,0.329,0.822
5666,gcb8326.tif,0.483,2.558,0.927,0.938,269,179,168.690,0.736,1.224,0.817,0.884
5667,gcb8326.tif,1.118,4.098,0.837,1.532,783,187,32.735,1.097,1.355,0.738,0.883
5668,gcb8326.tif,1.135,4.021,0.882,1.455,296,193,55.305,1.135,1.328,0.753,0.896
5669,gcb8326.tif,0.178,1.670,0.802,0.701,175,179,113.199,0.453,1.563,0.640,0.808
5670,gcb8326.tif,0.373,2.276,0.904,0.906,630,181,156.038,0.552,1.352,0.739,0.917
5671,gcb8326.tif,1.423,4.313,0.961,1.455,362,201,71.565,1.288,1.059,0.944,0.933
5672,gcb8326.tif,0.644,2.926,0.944,1.077,747,186,109.983,0.828,1.274,0.785,0.910
5673,gcb8326.tif,3.684,7.033,0.936,2.445,674,188,109.799,2.025,1.181,0.847,0.955
5674,gcb8326.tif,0.466,2.482,0.950,0.978,957,188,138.814,0.644,1.476,0.678,0.909
5675,gcb8326.tif,3.176,6.979,0.819,2.513,630,214,66.251,1.905,1.358,0.736,0.912
5676,gcb8326.tif,0.169,1.777,0.674,0.701,459,190,156.801,0.368,1.801,0.555,0.800
5677,gcb8326.tif,3.641,8.649,0.612,3.005,406,220,62.650,1.975,1.746,0.573,0.837
5678,gcb8326.tif,0.432,2.460,0.897,0.920,550,192,126.870,0.736,1.149,0.871,0.903
5679,gcb8326.tif,4.082,7.608,0.886,2.591,591,192,96.116,2.117,1.201,0.833,0.943
5680,gcb8326.tif,0.339,2.374,0.755,0.873,611,198,18.435,0.644,1.153,0.868,0.816
5681,gcb8326.tif,1.855,5.126,0.887,1.861,267,215,81.469,1.288,1.410,0.709,0.928
5682,gcb8326.tif,0.373,2.298,0.887,0.906,382,204,66.038,0.644,1.285,0.778,0.871
5683,gcb8326.tif,6.182,13.698,0.414,3.737,477,203,142.001,2.840,1.452,0.689,0.784
5684,gcb8326.tif,0.957,3.631,0.912,1.327,531,210,56.310,1.012,1.344,0.744,0.900
5685,gcb8326.tif,2.812,7.531,0.623,2.906,298,229,79.046,1.380,2.170,0.461,0.867
5686,gcb8326.tif,2.422,6.091,0.820,2.301,608,200,126.870,1.512,1.549,0.646,0.912
5687,gcb8326.tif,3.701,9.439,0.522,3.600,721,200,122.471,1.790,2.445,0.409,0.773
5688,gcb8326.tif,6.504,16.844,0.288,6.080,521,245,39.472,2.853,2.094,0.478,0.600
5689,gcb8326.tif,1.965,5.233,0.901,1.852,457,203,116.565,1.380,1.326,0.754,0.937
5690,gcb8326.tif,0.432,3.447,0.457,1.440,690,215,26.565,0.603,3.123,0.320,0.675
5691,gcb8326.tif,1.008,5.062,0.494,2.346,384,209,138.180,0.781,3.409,0.293,0.796
5692,gcb8326.tif,2.600,7.217,0.627,2.809,791,216,148.392,1.490,1.847,0.541,0.837
5693,gcb8326.tif,8.604,16.647,0.390,6.204,344,217,110.854,2.212,3.680,0.272,0.725
5694,gcb8326.tif,3.828,8.757,0.627,3.148,439,251,74.745,1.933,1.434,0.697,0.862
5695,gcb8326.tif,4.277,8.649,0.718,3.125,374,252,76.373,2.099,1.572,0.636,0.878
5696,gcb8326.tif,0.135,1.539,0.719,0.589,576,224,38.660,0.437,1.422,0.703,0.780
5697,gcb8326.tif,1.059,3.999,0.832,1.564,277,222,118.072,0.970,1.710,0.585,0.909
5698,gcb8326.tif,0.279,2.114,0.786,0.823,618,227,26.565,0.552,1.473,0.679,0.815
5699,gcb8326.tif,0.906,3.815,0.782,1.455,671,239,71.565,1.005,1.571,0.636,0.849
5700,gcb8326.tif,0.356,2.244,0.888,0.920,100,231,36.870,0.644,1.476,0.678,0.884
5701,gcb8326.tif,0.711,3.187,0.880,1.073,658,225,120.964,0.920,1.021,0.980,0.898
5702,gcb8326.tif,0.677,2.980,0.959,1.138,696,225,104.036,0.736,1.442,0.693,0.930
5703,gcb8326.tif,0.423,2.406,0.919,0.947,257,228,119.055,0.644,1.322,0.756,0.917
5704,gcb8326.tif,2.744,7.424,0.626,2.736,633,232,132.274,1.551,2.138,0.468,0.818
5705,gcb8326.tif,0.347,2.406,0.754,0.991,711,240,68.199,0.552,1.874,0.534,0.837
5706,gcb8326.tif,1.279,4.726,0.719,1.915,841,248,54.782,1.041,1.797,0.556,0.893
5707,gcb8326.tif,3.379,12.971,0.252,4.915,872,234,141.843,1.962,3.084,0.324,0.481
5708,gcb8326.tif,0.423,2.329,0.981,0.920,576,234,126.870,0.644,1.239,0.807,0.952
5709,gcb8326.tif,0.085,1.149,0.806,0.469,229,235,101.310,0.276,1.445,0.692,0.833
5710,gcb8326.tif,0.457,2.406,0.993,0.947,683,244,60.945,0.644,1.356,0.738,0.939
5711,gcb8326.tif,4.243,8.864,0.679,3.237,595,238,104.826,1.833,1.999,0.500,0.871
5712,gcb8326.tif,0.161,1.409,1.000,0.582,750,238,108.435,0.368,1.343,0.744,0.884
5713,gcb8326.tif,3.260,8.487,0.569,3.035,413,272,75.964,1.781,1.924,0.520,0.792
5714,gcb8326.tif,0.186,1.593,0.922,0.670,721,247,74.055,0.368,1.490,0.671,0.880
5715,gcb8326.tif,6.385,15.031,0.355,4.494,528,285,42.510,2.897,2.150,0.465,0.661
5716,gcb8326.tif,0.229,1.723,0.967,0.701,186,248,113.199,0.460,1.416,0.706,0.900
5717,gcb8326.tif,0.051,1.041,0.589,0.460,520,252,53.130,0.260,1.984,0.504,0.667
5718,gcb8326.tif,0.491,3.339,0.554,1.455,447,259,34.695,0.566,2.709,0.369,0.779
5719,gcb8326.tif,0.567,3.003,0.791,1.196,229,251,112.620,0.752,1.624,0.616,0.859
5720,gcb8326.tif,1.008,3.716,0.917,1.402,684,251,113.199,0.920,1.404,0.712,0.941
5721,gcb8326.tif,1.922,5.830,0.711,2.228,275,253,128.290,1.280,1.780,0.562,0.863
5722,gcb8326.tif,0.220,1.854,0.805,0.719,325,252,129.806,0.478,1.595,0.627,0.800
5723,gcb8326.tif,2.100,5.310,0.936,1.827,479,254,130.914,1.564,1.086,0.921,0.943
5724,gcb8326.tif,0.059,1.041,0.687,0.412,830,252,116.565,0.260,1.784,0.561,0.636
5725,gcb8326.tif,0.161,1.777,0.640,0.786,397,258,20.556,0.276,2.407,0.415,0.864
5726,gcb8326.tif,0.940,3.662,0.881,1.318,726,268,65.225,1.012,1.287,0.777,0.914
5727,gcb8326.tif,0.313,2.006,0.978,0.759,437,258,165.964,0.644,1.115,0.897,0.871
5728,gcb8326.tif,0.534,2.666,0.943,1.049,770,266,52.125,0.728,1.467,0.682,0.913
5729,gcb8326.tif,0.237,1.777,0.943,0.664,581,259,123.690,0.552,1.130,0.885,0.889
5730,gcb8326.tif,0.534,2.818,0.844,1.108,672,261,131.634,0.781,1.444,0.692,0.834
5731,gcb8326.tif,1.829,5.062,0.897,1.852,317,263,116.565,1.366,1.291,0.775,0.913
5732,gcb8326.tif,4.497,12.010,0.392,3.173,622,271,163.142,2.529,1.048,0.954,0.780
5733,gcb8326.tif,1.296,4.596,0.771,1.509,697,269,127.569,1.280,1.210,0.826,0.843
5734,gcb8326.tif,6.419,16.611,0.292,5.479,727,278,172.278,3.167,1.553,0.644,0.561
5735,gcb8326.tif,1.406,4.313,0.950,1.573,341,271,110.556,1.196,1.278,0.782,0.938
5736,gcb8326.tif,0.838,3.501,0.860,1.318,377,287,77.905,0.920,1.425,0.702,0.896
5737,gcb8326.tif,0.152,1.409,0.965,0.589,402,277,38.660,0.453,1.314,0.761,0.857
5738,gcb8326.tif,3.921,7.370,0.907,2.393,446,273,112.620,2.209,1.049,0.954,0.943
5739,gcb8326.tif,0.254,1.876,0.907,0.719,817,284,39.806,0.521,1.378,0.726,0.833
5740,gcb8326.tif,2.159,5.862,0.790,1.969,549,297,37.405,1.564,1.157,0.864,0.901
5741,gcb8326.tif,0.610,2.796,0.980,1.049,497,294,37.875,0.828,1.219,0.820,0.929
5742,gcb8326.tif,2.168,5.538,0.888,2.058,291,309,79.695,1.472,1.401,0.714,0.931
5743,gcb8326.tif,2.659,7.033,0.676,2.619,341,300,18.435,1.656,1.579,0.633,0.856
5744,gcb8326.tif,2.591,8.411,0.460,2.841,696,292,155.095,1.641,2.250,0.444,0.751
5745,gcb8326.tif,3.252,11.400,0.314,3.627,671,289,125.707,2.271,2.084,0.480,0.559
5746,gcb8326.tif,0.593,2.796,0.953,1.077,794,301,70.017,0.736,1.288,0.776,0.921
5747,gcb8326.tif,1.279,4.107,0.953,1.487,323,292,111.801,1.104,1.266,0.790,0.950
5748,gcb8326.tif,0.271,1.930,0.914,0.792,176,293,125.538,0.515,1.722,0.581,0.853
5749,gcb8326.tif,1.245,4.811,0.676,1.863,735,298,110.225,1.012,1.988,0.503,0.857
5750,gcb8326.tif,0.085,0.965,1.000,0.460,410,301,36.870,0.276,1.551,0.645,0.909
5751,gcb8326.tif,0.373,2.168,0.996,0.823,620,300,116.565,0.644,1.122,0.891,0.898
5752,gcb8326.tif,1.372,4.205,0.975,1.484,430,305,150.255,1.288,1.127,0.887,0.934
5753,gcb8326.tif,0.661,2.926,0.969,1.077,594,302,109.983,0.828,1.228,0.814,0.912
5754,gcb8326.tif,0.542,2.818,0.857,1.123,465,313,34.992,0.781,1.521,0.657,0.848
5755,gcb8326.tif,0.906,3.577,0.890,1.252,515,305,126.027,1.048,1.196,0.836,0.884
5756,gcb8326.tif,0.169,1.409,1.000,0.537,502,306,120.964,0.460,1.038,0.963,0.909
5757,gcb8326.tif,0.229,2.406,0.496,1.029,536,307,169.695,0.368,2.989,0.335,0.750
5758,gcb8326.tif,0.093,1.171,0.853,0.496,269,308,158.199,0.325,1.432,0.698,0.759
5759,gcb8326.tif,1.287,4.313,0.869,1.532,347,308,122.735,1.196,1.311,0.763,0.899
5760,gcb8326.tif,0.508,2.688,0.883,1.108,416,307,131.634,0.716,1.532,0.653,0.882
5761,gcb8326.tif,3.980,9.636,0.539,3.667,474,348,72.474,1.740,2.494,0.401,0.837
5762,gcb8326.tif,1.660,4.758,0.922,1.638,552,313,128.157,1.380,1.132,0.884,0.927
5763,gcb8326.tif,0.102,1.095,1.000,0.460,91,316,36.870,0.368,1.281,0.781,0.857
5764,gcb8326.tif,0.813,3.294,0.941,1.252,264,328,72.897,0.828,1.381,0.724,0.932
5765,gcb8326.tif,0.119,1.279,0.911,0.537,606,319,30.964,0.368,1.489,0.671,0.824
5766,gcb8326.tif,0.169,1.463,0.994,0.664,253,316,123.690,0.368,1.502,0.666,0.909
5767,gcb8326.tif,0.135,1.670,0.611,0.617,659,322,63.435,0.437,1.451,0.689,0.696
5768,gcb8326.tif,0.720,3.164,0.903,1.108,778,325,41.634,0.920,1.077,0.928,0.909
5769,gcb8326.tif,0.796,3.523,0.806,1.380,940,327,36.870,0.862,1.679,0.596,0.887
5770,gcb8326.tif,0.288,2.015,0.891,0.823,127,326,63.435,0.460,1.457,0.686,0.919
5771,gcb8326.tif,0.237,1.854,0.867,0.664,508,319,123.690,0.552,1.050,0.952,0.862
5772,gcb8326.tif,1.228,4.053,0.939,1.455,430,330,18.435,1.104,1.263,0.792,0.932
5773,gcb8326.tif,0.754,3.133,0.965,1.112,602,331,24.444,0.976,1.090,0.917,0.918
5774,gcb8326.tif,0.805,3.348,0.902,1.318,414,341,65.225,0.828,1.562,0.640,0.931
5775,gcb8326.tif,0.212,1.723,0.896,0.742,528,328,150.255,0.460,1.667,0.600,0.862
5776,gcb8326.tif,4.937,10.556,0.557,3.527,681,328,105.124,2.202,1.682,0.594,0.859
5777,gcb8326.tif,2.159,6.144,0.719,2.098,355,348,52.125,1.649,1.360,0.736,0.867
5778,gcb8326.tif,0.771,3.577,0.757,1.393,503,334,7.595,0.817,1.755,0.570,0.863
5779,gcb8326.tif,0.110,1.225,0.922,0.537,257,335,59.036,0.368,1.595,0.627,0.812
5780,gcb8326.tif,0.838,3.501,0.860,1.359,616,343,61.699,0.920,1.512,0.661,0.917
5781,gcb8326.tif,1.143,3.923,0.934,1.455,776,331,124.695,1.104,1.271,0.787,0.934
5782,gcb8326.tif,1.575,4.888,0.829,1.922,735,331,106.699,1.165,1.673,0.598,0.905
5783,gcb8326.tif,0.457,2.536,0.894,0.961,223,342,73.301,0.644,1.408,0.710,0.900
5784,gcb8326.tif,0.601,2.980,0.851,1.120,746,338,170.538,0.736,1.270,0.788,0.899
5785,gcb8326.tif,1.177,4.129,0.868,1.543,326,334,107.354,1.104,1.392,0.718,0.908
5786,gcb8326.tif,3.167,6.741,0.876,2.393,389,334,112.620,1.930,1.288,0.777,0.922
5787,gcb8326.tif,3.311,6.760,0.911,2.357,426,356,38.660,1.840,1.139,0.878,0.964
5788,gcb8326.tif,0.948,3.891,0.787,1.509,569,342,142.431,0.943,1.584,0.631,0.878
5789,gcb8326.tif,2.524,5.983,0.886,1.969,536,346,142.595,1.804,1.026,0.975,0.920
5790,gcb8326.tif,0.999,3.869,0.839,1.487,601,341,111.801,1.012,1.264,0.791,0.901
5791,gcb8326.tif,0.483,3.025,0.663,1.308,264,346,129.289,0.586,2.586,0.387,0.814
5792,gcb8326.tif,0.263,2.168,0.702,0.938,839,353,11.310,0.460,2.134,0.469,0.805
5793,gcb8326.tif,0.279,2.428,0.596,1.077,932,350,160.017,0.422,2.871,0.348,0.786
5794,gcb8326.tif,1.601,5.602,0.641,2.216,58,350,94.764,1.083,2.216,0.451,0.873
5795,gcb8326.tif,1.177,3.923,0.961,1.402,304,351,113.199,1.104,1.189,0.841,0.942
5796,gcb8326.tif,1.711,4.888,0.900,1.659,641,369,70.560,1.472,1.107,0.903,0.924
5797,gcb8326.tif,1.338,4.573,0.804,1.697,775,368,40.601,1.174,1.472,0.679,0.871
5798,gcb8326.tif,0.051,0.965,0.686,0.412,70,354,116.565,0.276,1.525,0.656,0.667
5799,gcb8326.tif,2.820,8.083,0.542,3.237,662,355,104.826,1.474,2.634,0.380,0.799
5800,gcb8326.tif,1.575,4.650,0.916,1.607,725,357,113.629,1.467,1.066,0.938,0.921
5801,gcb8326.tif,0.415,2.872,0.632,1.200,606,365,32.471,0.658,2.121,0.472,0.778
5802,gcb8326.tif,0.127,1.432,0.779,0.537,451,359,120.964,0.437,1.372,0.729,0.769
5803,gcb8326.tif,1.516,4.865,0.805,1.808,430,367,14.744,1.196,1.498,0.667,0.913
5804,gcb8326.tif,0.059,0.835,1.000,0.332,284,364,123.690,0.276,1.069,0.936,0.875
5805,gcb8326.tif,0.915,3.501,0.938,1.318,709,365,102.095,0.920,1.368,0.731,0.919
5806,gcb8326.tif,0.254,2.688,0.442,1.029,72,378,79.695,0.514,2.130,0.469,0.659
5807,gcb8326.tif,2.388,5.646,0.941,2.076,511,391,77.196,1.472,1.320,0.758,0.951
5808,gcb8326.tif,0.415,2.298,0.988,0.873,759,369,108.435,0.644,1.227,0.815,0.899
5809,gcb8326.tif,6.690,13.254,0.479,4.407,404,413,61.294,2.497,2.157,0.464,0.795
5810,gcb8326.tif,0.135,1.485,0.772,0.617,469,374,26.565,0.370,1.846,0.542,0.762
5811,gcb8326.tif,1.016,4.659,0.588,2.010,577,376,15.945,0.736,2.775,0.360,0.889
5812,gcb8326.tif,0.076,1.095,0.799,0.496,175,371,158.199,0.276,1.758,0.569,0.783
5813,gcb8326.tif,1.719,6.827,0.464,2.683,530,389,30.964,1.168,2.716,0.368,0.707
5814,gcb8326.tif,1.490,4.551,0.904,1.631,688,373,106.390,1.196,1.257,0.796,0.926
5815,gcb8326.tif,1.236,4.031,0.956,1.532,335,374,122.735,1.104,1.222,0.818,0.954
5816,gcb8326.tif,0.127,1.225,1.000,0.496,802,375,158.199,0.368,1.127,0.887,0.857
5817,gcb8326.tif,0.085,1.041,0.982,0.412,240,378,26.565,0.325,1.241,0.806,0.800
5818,gcb8326.tif,2.405,5.722,0.923,2.010,632,378,105.945,1.656,1.213,0.824,0.937
5819,gcb8326.tif,0.525,2.666,0.928,0.961,264,379,106.699,0.736,1.258,0.795,0.899
5820,gcb8326.tif,2.862,6.252,0.920,2.187,749,382,104.621,1.656,1.266,0.790,0.949
5821,gcb8326.tif,0.110,1.225,0.922,0.496,492,385,111.801,0.368,1.312,0.762,0.812
5822,gcb8326.tif,0.246,1.746,1.000,0.670,652,385,105.945,0.552,1.060,0.943,0.866
5823,gcb8326.tif,0.288,1.930,0.972,0.759,284,387,104.036,0.552,1.279,0.782,0.850
5824,gcb8326.tif,2.016,5.354,0.883,1.922,447,388,106.699,1.472,1.261,0.793,0.922
5825,gcb8326.tif,3.108,6.566,0.906,2.228,471,410,51.710,1.840,1.117,0.895,0.942
5826,gcb8326.tif,1.219,5.884,0.443,1.768,571,407,51.340,1.357,1.477,0.677,0.697
5827,gcb8326.tif,0.855,3.523,0.866,1.327,679,392,123.690,0.970,1.370,0.730,0.874
5828,gcb8326.tif,1.321,4.367,0.870,1.607,778,391,113.629,1.196,1.234,0.810,0.904
5829,gcb8326.tif,1.457,6.059,0.499,2.226,931,391,172.875,1.104,2.226,0.449,0.775
5830,gcb8326.tif,1.084,5.139,0.516,2.247,826,406,34.992,0.818,3.354,0.298,0.776
5831,gcb8326.tif,0.110,1.149,1.000,0.537,247,399,59.036,0.276,1.735,0.576,0.929
5832,gcb8326.tif,0.821,3.339,0.926,1.196,514,403,22.620,1.041,1.088,0.920,0.882
5833,gcb8326.tif,6.605,17.015,0.287,4.427,530,401,110.695,2.981,1.686,0.593,0.688
5834,gcb8326.tif,5.750,11.001,0.597,3.904,566,431,45.000,2.517,1.585,0.631,0.840
5835,gcb8326.tif,0.203,1.746,0.838,0.670,313,404,164.055,0.494,1.528,0.655,0.762
5836,gcb8326.tif,1.228,4.053,0.939,1.455,336,402,108.435,1.104,1.256,0.796,0.935
5837,gcb8326.tif,0.703,3.034,0.959,1.077,423,404,109.983,0.828,1.180,0.848,0.938
5838,gcb8326.tif,0.542,2.904,0.808,1.252,254,405,126.027,0.689,1.915,0.522,0.908
5839,gcb8326.tif,3.591,7.239,0.861,2.591,655,421,16.504,1.921,1.327,0.753,0.939
5840,gcb8326.tif,3.032,6.535,0.892,2.172,614,411,143.616,1.979,1.046,0.956,0.925
5841,gcb8326.tif,0.271,1.930,0.914,0.701,309,410,113.199,0.640,1.056,0.947,0.831
5842,gcb8326.tif,3.032,6.436,0.920,2.273,503,413,111.371,1.748,1.249,0.801,0.951
5843,gcb8326.tif,1.855,8.249,0.342,3.254,297,416,118.740,1.242,2.908,0.344,0.671
5844,gcb8326.tif,0.178,1.485,1.000,0.617,771,417,153.435,0.455,1.355,0.738,0.857
5845,gcb8326.tif,0.423,4.228,0.298,1.359,807,419,118.301,0.864,2.046,0.489,0.559
5846,gcb8326.tif,0.068,0.965,0.914,0.460,792,420,143.130,0.276,1.791,0.558,0.800
5847,gcb8326.tif,0.246,1.723,1.000,0.701,733,421,113.199,0.460,1.371,0.729,0.906
5848,gcb8326.tif,0.466,2.428,0.993,0.873,374,422,108.435,0.736,1.126,0.888,0.894
5849,gcb8326.tif,0.110,1.301,0.817,0.651,349,423,135.000,0.260,2.843,0.352,0.812
5850,gcb8326.tif,0.881,3.847,0.748,1.408,437,430,11.310,0.828,1.752,0.571,0.874
5851,gcb8326.tif,2.786,6.167,0.921,2.212,477,447,73.072,1.748,1.233,0.811,0.940
5852,gcb8326.tif,0.432,2.514,0.859,1.073,355,426,149.036,0.552,1.747,0.572,0.936
5853,gcb8326.tif,0.593,2.828,0.932,1.073,289,437,59.036,0.736,1.319,0.758,0.940
5854,gcb8326.tif,0.771,3.164,0.967,1.200,650,441,57.529,0.828,1.352,0.740,0.938
5855,gcb8326.tif,0.195,1.593,0.964,0.617,691,435,26.565,0.460,1.249,0.801,0.868
5856,gcb8326.tif,1.660,5.126,0.794,1.863,760,448,57.095,1.295,1.414,0.707,0.907
5857,gcb8326.tif,0.135,1.723,0.573,0.670,452,433,105.945,0.368,1.685,0.593,0.711
5858,gcb8326.tif,0.373,2.244,0.930,0.873,459,442,71.565,0.644,1.413,0.708,0.871
5859,gcb8326.tif,0.940,3.501,0.964,1.252,606,447,53.973,1.104,1.079,0.927,0.917
5860,gcb8326.tif,2.447,8.074,0.472,3.214,704,438,166.759,1.335,2.656,0.376,0.764
5861,gcb8326.tif,1.211,7.316,0.284,2.567,328,446,165.466,1.286,2.397,0.417,0.586
5862,gcb8326.tif,0.491,2.590,0.920,0.961,269,439,106.699,0.644,1.343,0.745,0.921
5863,gcb8326.tif,0.415,2.352,0.943,0.868,568,439,122.005,0.736,1.144,0.874,0.891
5864,gcb8326.tif,0.119,1.539,0.629,0.589,916,444,51.340,0.368,1.324,0.756,0.737
5865,gcb8326.tif,0.677,3.034,0.925,1.200,433,440,147.529,0.736,1.470,0.680,0.936
5866,gcb8326.tif,0.110,1.463,0.646,0.589,904,440,141.340,0.368,1.466,0.682,0.743
5867,gcb8326.tif,5.234,14.044,0.333,3.866,633,444,141.766,2.325,1.703,0.587,0.709
5868,gcb8326.tif,0.423,2.406,0.919,0.873,690,443,161.565,0.644,1.238,0.808,0.901
5869,gcb8326.tif,0.093,1.019,1.000,0.460,116,447,53.130,0.276,1.372,0.729,0.957
5870,gcb8326.tif,0.051,0.705,1.000,0.332,204,443,146.310,0.184,1.500,0.667,1.000
5871,gcb8326.tif,2.913,6.665,0.824,2.486,491,466,51.009,1.601,1.608,0.622,0.910
5872,gcb8326.tif,0.457,2.688,0.795,0.991,216,444,111.801,0.690,1.514,0.661,0.824
5873,gcb8326.tif,0.339,2.298,0.806,0.873,364,455,71.565,0.552,1.535,0.652,0.860
5874,gcb8326.tif,0.305,2.482,0.622,1.016,557,446,95.194,0.460,2.305,0.434,0.783
5875,gcb8326.tif,1.296,4.161,0.941,1.440,385,461,63.435,1.196,1.103,0.907,0.944
5876,gcb8326.tif,4.429,9.439,0.625,3.436,613,487,69.624,2.025,1.532,0.653,0.861
5877,gcb8326.tif,1.626,5.126,0.778,1.840,686,453,126.870,1.339,1.294,0.773,0.904
5878,gcb8326.tif,4.912,11.086,0.502,3.479,513,455,127.476,2.490,1.458,0.686,0.806
5879,gcb8326.tif,0.957,4.151,0.698,1.455,276,456,145.305,1.104,1.398,0.715,0.810
5880,gcb8326.tif,0.076,1.279,0.585,0.582,469,457,161.565,0.276,2.662,0.376,0.692
5881,gcb8326.tif,3.726,9.493,0.520,3.424,581,458,126.254,1.785,2.403,0.416,0.784
5882,gcb8326.tif,0.508,2.536,0.993,0.920,448,460,126.870,0.736,1.132,0.883,0.930
5883,gcb8326.tif,0.059,0.835,1.000,0.332,878,465,123.690,0.276,1.069,0.936,0.875
5884,gcb8326.tif,0.855,3.371,0.946,1.252,369,466,107.103,0.920,1.374,0.728,0.914
5885,gcb8326.tif,0.212,1.670,0.954,0.701,771,471,23.199,0.460,1.506,0.664,0.862
5886,gcb8326.tif,1.474,4.367,0.971,1.509,383,482,37.569,1.288,1.040,0.961,0.943
5887,gcb8326.tif,0.796,3.371,0.880,1.252,676,482,72.897,0.915,1.405,0.712,0.895
5888,gcb8326.tif,2.354,5.754,0.894,2.125,287,492,72.350,1.472,1.405,0.712,0.944
5889,gcb8326.tif,1.888,5.646,0.744,2.187,421,494,75.379,1.264,1.802,0.555,0.910
5890,gcb8326.tif,0.423,2.482,0.864,0.991,411,484,68.199,0.644,1.490,0.671,0.870
5891,gcb8326.tif,2.634,9.461,0.370,2.882,335,477,163.301,1.828,1.796,0.557,0.694
5892,gcb8326.tif,0.135,1.279,1.000,0.521,767,481,45.000,0.368,1.150,0.869,0.889
5893,gcb8326.tif,0.322,2.168,0.861,0.868,822,486,57.995,0.638,1.432,0.698,0.844
5894,gcb8326.tif,1.355,6.970,0.350,2.761,439,482,143.130,0.819,4.440,0.225,0.685
5895,gcb8326.tif,2.151,5.462,0.906,2.068,574,482,122.276,1.480,1.421,0.704,0.936
5896,gcb8326.tif,3.150,8.442,0.555,3.027,845,501,19.537,2.037,1.430,0.699,0.761
5897,gcb8326.tif,1.177,4.215,0.833,1.573,323,482,110.556,1.007,1.550,0.645,0.911
5898,gcb8326.tif,0.771,3.348,0.864,1.318,493,496,65.225,0.828,1.614,0.619,0.919
5899,gcb8326.tif,1.601,4.735,0.897,1.777,652,485,111.251,1.196,1.438,0.695,0.938
5900,gcb8326.tif,0.152,1.355,1.000,0.537,729,489,30.964,0.460,1.088,0.919,0.837
5901,gcb8326.tif,2.126,5.516,0.878,1.895,673,505,60.945,1.542,1.204,0.830,0.933
5902,gcb8326.tif,7.164,14.802,0.411,4.540,372,518,17.700,2.779,1.652,0.605,0.755
5903,gcb8326.tif,0.271,1.831,1.000,0.742,100,497,60.255,0.460,1.391,0.719,0.955
5904,gcb8326.tif,2.583,6.297,0.819,2.247,506,510,55.008,1.666,1.352,0.740,0.912
5905,gcb8326.tif,6.563,12.778,0.505,4.452,531,540,71.940,2.275,2.006,0.498,0.819
5906,gcb8326.tif,0.195,1.746,0.803,0.651,807,496,171.870,0.460,1.239,0.807,0.793
5907,gcb8326.tif,0.076,0.911,1.000,0.412,363,496,153.435,0.276,1.340,0.746,0.857
5908,gcb8326.tif,5.310,10.242,0.636,3.794,560,497,112.834,2.343,1.642,0.609,0.853
5909,gcb8326.tif,0.254,1.907,0.877,0.742,715,505,60.255,0.552,1.325,0.755,0.857
5910,gcb8326.tif,1.025,3.977,0.814,1.405,622,516,58.392,1.004,1.311,0.763,0.896
5911,gcb8326.tif,5.513,8.734,0.908,2.973,435,504,111.801,2.577,1.075,0.930,0.955
5912,gcb8326.tif,0.491,2.558,0.943,1.029,685,515,63.435,0.716,1.425,0.702,0.906
5913,gcb8326.tif,0.474,2.634,0.859,1.112,269,507,114.444,0.658,1.816,0.551,0.862
5914,gcb8326.tif,1.617,4.681,0.928,1.729,351,525,64.799,1.288,1.291,0.775,0.939
5915,gcb8326.tif,0.051,1.041,0.589,0.460,203,509,126.870,0.260,1.984,0.504,0.667
5916,gcb8326.tif,0.330,2.374,0.736,0.991,484,514,21.801,0.552,1.674,0.598,0.804
5917,gcb8326.tif,1.355,5.386,0.587,2.098,634,525,37.875,1.259,1.512,0.661,0.782
5918,gcb8326.tif,1.380,4.313,0.932,1.573,706,511,110.556,1.196,1.317,0.759,0.929
5919,gcb8326.tif,2.117,7.226,0.509,3.104,587,521,11.976,1.095,3.345,0.299,0.816
5920,gcb8326.tif,1.389,4.605,0.823,1.712,752,515,126.254,1.222,1.475,0.678,0.919
5921,gcb8326.tif,0.423,2.352,0.962,0.868,774,527,57.995,0.644,1.170,0.854,0.909
5922,gcb8326.tif,0.051,0.705,1.000,0.332,631,520,146.310,0.184,1.500,0.667,1.000
5923,gcb8326.tif,0.169,1.409,1.000,0.537,790,520,120.964,0.460,1.083,0.923,0.889
5924,gcb8326.tif,7.207,20.763,0.210,6.382,663,522,132.663,3.336,2.655,0.377,0.440
5925,gcb8326.tif,2.007,5.386,0.869,2.100,458,542,61.189,1.358,1.561,0.641,0.939
5926,gcb8326.tif,0.999,3.685,0.925,1.429,325,539,75.069,0.920,1.468,0.681,0.933
5927,gcb8326.tif,0.296,1.939,0.991,0.781,676,525,135.000,0.552,1.065,0.939,0.986
5928,gcb8326.tif,0.364,2.482,0.743,0.947,642,526,150.945,0.611,1.497,0.668,0.811
5929,gcb8326.tif,4.598,8.788,0.748,3.173,410,528,106.858,2.133,1.454,0.688,0.893
5930,gcb8326.tif,0.271,1.831,1.000,0.719,591,536,39.806,0.552,1.128,0.886,0.941
5931,gcb8326.tif,2.922,9.201,0.434,3.729,353,536,164.249,1.502,3.649,0.274,0.701
5932,gcb8326.tif,1.346,4.932,0.696,2.058,513,531,116.565,0.919,2.488,0.402,0.874
5933,gcb8326.tif,0.068,0.911,1.000,0.412,812,532,153.435,0.276,1.605,0.623,0.800
5934,gcb8326.tif,5.555,10.686,0.611,3.754,491,579,78.690,2.451,1.356,0.737,0.854
5935,gcb8326.tif,3.929,12.086,0.338,3.333,555,577,83.660,2.652,1.160,0.862,0.658
5936,gcb8326.tif,0.754,3.492,0.777,1.200,732,554,57.529,0.919,1.388,0.721,0.836
5937,gcb8326.tif,0.906,3.847,0.770,1.518,940,547,14.036,0.828,1.988,0.503,0.892
5938,gcb8326.tif,5.301,10.458,0.609,3.318,310,550,160.560,2.553,1.360,0.735,0.852
5939,gcb8326.tif,1.575,4.627,0.924,1.583,435,556,35.538,1.288,1.146,0.873,0.937
5940,gcb8326.tif,0.186,1.463,1.000,0.589,269,549,38.660,0.460,1.101,0.908,0.936
5941,gcb8326.tif,2.456,6.871,0.654,2.491,602,555,175.764,1.809,1.256,0.796,0.831
5942,gcb8326.tif,3.514,7.271,0.835,2.557,636,554,120.256,1.791,1.410,0.709,0.924
5943,gcb8326.tif,0.593,2.949,0.857,1.049,396,564,52.125,0.817,1.336,0.748,0.859
5944,gcb8326.tif,4.387,8.658,0.735,3.498,450,587,54.638,1.919,1.845,0.542,0.921
5945,gcb8326.tif,0.542,2.818,0.857,1.123,757,564,34.992,0.716,1.627,0.615,0.889
5946,gcb8326.tif,0.161,1.355,1.000,0.537,224,560,149.036,0.460,1.100,0.909,0.864
5947,gcb8326.tif,2.837,6.275,0.906,2.140,423,577,25.463,1.840,1.075,0.931,0.937
5948,gcb8326.tif,0.254,1.876,0.907,0.701,787,570,66.801,0.552,1.270,0.787,0.857
5949,gcb8326.tif,0.279,2.329,0.647,0.906,725,565,113.962,0.552,1.399,0.715,0.767
5950,gcb8326.tif,2.710,6.198,0.886,2.224,661,592,65.556,1.683,1.293,0.774,0.930
5951,gcb8326.tif,0.627,4.098,0.469,1.697,218,575,139.399,0.613,3.171,0.315,0.744
5952,gcb8326.tif,5.293,12.819,0.405,5.299,907,594,20.323,1.790,3.229,0.310,0.746
5953,gcb8326.tif,0.440,2.383,0.974,0.920,471,584,53.130,0.644,1.153,0.867,0.963
5954,gcb8326.tif,4.031,10.632,0.448,3.783,524,616,71.565,1.866,2.541,0.394,0.739
5955,gcb8326.tif,1.160,4.389,0.757,1.719,757,577,105.524,1.038,1.761,0.568,0.884
5956,gcb8326.tif,1.414,4.367,0.932,1.607,687,579,103.241,1.104,1.388,0.720,0.938
5957,gcb8326.tif,0.593,2.774,0.968,1.049,736,590,52.125,0.736,1.264,0.791,0.946
5958,gcb8326.tif,1.321,4.259,0.915,1.509,595,582,127.569,1.276,1.148,0.871,0.918
5959,gcb8326.tif,0.288,2.168,0.770,0.938,882,585,168.690,0.460,2.089,0.479,0.861
5960,gcb8326.tif,0.881,3.501,0.903,1.278,640,595,59.744,1.029,1.234,0.811,0.904
5961,gcb8326.tif,0.322,2.168,0.861,0.823,722,591,63.435,0.611,1.301,0.769,0.835
5962,gcb8326.tif,0.576,2.850,0.891,1.049,708,584,105.255,0.736,1.419,0.705,0.901
5963,gcb8326.tif,0.847,3.371,0.937,1.235,272,598,63.435,0.920,1.297,0.771,0.909
5964,gcb8326.tif,0.618,2.872,0.942,1.029,766,592,26.565,0.902,1.146,0.872,0.912
5965,gcb8326.tif,0.296,1.854,1.000,0.742,571,587,119.745,0.552,1.169,0.856,0.921
5966,gcb8326.tif,0.788,3.240,0.943,1.153,512,588,118.610,0.920,1.131,0.884,0.912
5967,gcb8326.tif,1.245,4.367,0.820,1.692,697,610,67.620,1.070,1.632,0.613,0.916
5968,gcb8326.tif,1.321,6.503,0.393,2.968,868,611,29.745,0.742,5.129,0.195,0.768
5969,gcb8326.tif,2.414,5.754,0.916,1.935,424,606,25.346,1.656,1.109,0.901,0.941
5970,gcb8326.tif,1.516,4.605,0.898,1.719,672,615,74.476,1.104,1.483,0.674,0.945
5971,gcb8326.tif,1.304,4.129,0.961,1.543,654,598,107.354,1.104,1.308,0.765,0.939
5972,gcb8326.tif,0.059,0.781,1.000,0.390,624,599,135.000,0.260,1.596,0.626,0.875
5973,gcb8326.tif,1.397,4.443,0.889,1.583,731,616,54.462,1.288,1.179,0.848,0.909
5974,gcb8326.tif,4.920,9.982,0.621,3.194,373,626,41.496,2.485,1.147,0.872,0.836
5975,gcb8326.tif,0.542,2.926,0.795,1.252,406,603,126.027,0.735,1.816,0.551,0.865
5976,gcb8326.tif,1.330,4.259,0.921,1.532,502,604,122.735,1.196,1.260,0.794,0.915
5977,gcb8326.tif,3.514,7.868,0.713,3.268,745,635,57.653,1.633,2.086,0.479,0.924
5978,gcb8326.tif,1.711,4.834,0.920,1.697,348,606,102.529,1.380,1.252,0.799,0.920
5979,gcb8326.tif,2.668,6.144,0.888,2.068,480,626,57.724,1.748,1.085,0.922,0.935
5980,gcb8326.tif,1.152,3.945,0.930,1.484,794,606,97.125,1.012,1.376,0.727,0.925
5981,gcb8326.tif,0.178,1.539,0.943,0.664,451,614,56.310,0.437,1.644,0.608,0.857
5982,gcb8326.tif,1.245,4.183,0.894,1.498,284,625,79.380,1.104,1.288,0.776,0.913
5983,gcb8326.tif,0.330,2.038,1.000,0.792,560,612,144.462,0.644,1.193,0.838,0.907
5984,gcb8326.tif,1.745,5.484,0.729,1.967,609,611,100.784,1.542,1.314,0.761,0.827
5985,gcb8326.tif,1.109,3.923,0.906,1.455,466,627,71.565,0.920,1.476,0.677,0.949
5986,gcb8326.tif,0.982,3.555,0.977,1.282,425,615,111.038,1.012,1.169,0.855,0.935
5987,gcb8326.tif,0.076,0.965,1.000,0.412,414,616,116.565,0.276,1.536,0.651,0.857
5988,gcb8326.tif,0.805,3.294,0.932,1.228,582,617,102.995,0.828,1.390,0.720,0.931
5989,gcb8326.tif,1.135,4.443,0.722,1.770,705,634,62.103,1.050,1.757,0.569,0.851
5990,gcb8326.tif,0.339,2.222,0.862,0.868,855,626,57.995,0.632,1.459,0.686,0.860
5991,gcb8326.tif,4.243,9.645,0.573,3.504,541,654,66.801,1.926,1.865,0.536,0.839
5992,gcb8326.tif,0.754,4.282,0.517,1.827,943,633,40.914,0.716,2.773,0.361,0.832
5993,gcb8326.tif,4.810,13.851,0.315,3.783,637,660,71.565,2.393,1.657,0.604,0.723
5994,gcb8326.tif,0.195,1.647,0.902,0.664,681,627,56.310,0.460,1.324,0.755,0.868
5995,gcb8326.tif,1.592,4.811,0.864,1.863,560,642,57.095,1.301,1.501,0.666,0.922
5996,gcb8326.tif,0.127,1.225,1.000,0.496,265,628,111.801,0.368,1.127,0.887,0.857
5997,gcb8326.tif,0.381,2.612,0.702,0.995,456,635,33.690,0.611,1.701,0.588,0.796
5998,gcb8326.tif,4.988,8.747,0.819,3.190,483,653,33.232,2.147,1.523,0.656,0.934
5999,gcb8326.tif,1.397,4.520,0.860,1.692,718,649,67.620,1.196,1.381,0.724,0.919
6000,gcb8326.tif,0.500,2.536,0.976,0.991,327,645,68.199,0.644,1.374,0.728,0.944
6001,gcb8326.tif,5.344,8.604,0.907,2.910,407,659,34.695,2.461,1.168,0.856,0.956
6002,gcb8326.tif,0.898,3.577,0.882,1.278,755,649,59.744,1.026,1.261,0.793,0.880
6003,gcb8326.tif,3.980,7.684,0.847,2.616,348,644,140.711,2.078,1.209,0.827,0.924
6004,gcb8326.tif,0.948,3.532,0.955,1.278,599,653,59.744,1.012,1.107,0.904,0.941
6005,gcb8326.tif,5.327,11.346,0.520,3.627,566,646,125.707,2.300,1.796,0.557,0.789
6006,gcb8326.tif,0.135,1.539,0.719,0.589,698,645,128.660,0.368,1.295,0.772,0.821
6007,gcb8326.tif,0.601,3.447,0.636,1.368,809,652,19.654,0.719,1.987,0.503,0.807
6008,gcb8326.tif,0.237,1.984,0.757,0.701,776,649,113.199,0.552,1.299,0.770,0.836
6009,gcb8326.tif,1.939,7.671,0.414,2.946,701,662,14.470,1.145,3.361,0.298,0.686
6010,gcb8326.tif,3.396,9.093,0.516,3.059,455,663,164.291,1.656,2.136,0.468,0.800
6011,gcb8326.tif,1.067,3.761,0.948,1.402,656,672,66.801,1.070,1.311,0.763,0.923
6012,gcb8326.tif,2.905,6.405,0.890,2.416,601,661,107.745,1.656,1.381,0.724,0.946
6013,gcb8326.tif,2.642,8.680,0.441,2.469,422,686,63.435,2.012,1.063,0.941,0.748
6014,gcb8326.tif,0.254,1.777,1.000,0.664,401,664,123.690,0.552,1.043,0.959,0.923
6015,gcb8326.tif,1.956,6.373,0.605,2.125,625,668,162.350,1.380,1.792,0.558,0.808
6016,gcb8326.tif,0.745,3.371,0.824,1.252,699,678,72.897,0.864,1.490,0.671,0.880
6017,gcb8326.tif,0.161,1.387,1.000,0.589,685,673,51.340,0.368,1.273,0.785,0.974
6018,gcb8326.tif,0.720,4.735,0.403,1.952,389,670,98.130,0.736,3.204,0.312,0.726
6019,gcb8326.tif,1.897,6.795,0.516,2.436,498,696,79.114,1.428,1.893,0.528,0.745
6020,gcb8326.tif,0.076,0.965,1.000,0.412,677,674,63.435,0.276,1.340,0.746,0.857
6021,gcb8326.tif,1.033,5.440,0.439,2.416,921,674,162.255,0.599,4.619,0.217,0.833
6022,gcb8326.tif,2.532,8.442,0.446,2.762,705,701,60.018,1.581,1.997,0.501,0.745
6023,gcb8326.tif,2.574,7.024,0.656,2.478,663,690,31.329,1.770,1.224,0.817,0.828
6024,gcb8326.tif,1.160,3.977,0.922,1.405,738,681,148.392,1.196,1.072,0.933,0.932
6025,gcb8326.tif,0.440,3.586,0.430,1.589,522,679,169.992,0.368,4.763,0.210,0.819
6026,gcb8326.tif,1.872,5.040,0.926,1.697,443,680,102.529,1.523,1.110,0.901,0.923
6027,gcb8326.tif,0.254,1.777,1.000,0.664,49,682,123.690,0.552,1.043,0.959,0.923
6028,gcb8326.tif,0.144,1.485,0.820,0.537,346,682,120.964,0.460,1.181,0.847,0.810
6029,gcb8326.tif,0.406,2.612,0.749,1.049,690,684,105.255,0.552,1.903,0.525,0.873
6030,gcb8326.tif,0.999,3.967,0.798,1.532,356,687,147.265,0.963,1.645,0.608,0.881
6031,gcb8326.tif,0.288,2.949,0.416,1.282,802,688,158.962,0.407,4.052,0.247,0.694
6032,gcb8326.tif,0.838,3.294,0.971,1.200,304,700,57.529,0.920,1.238,0.808,0.934
6033,gcb8326.tif,1.380,4.964,0.704,1.827,503,705,49.086,1.281,1.547,0.646,0.832
6034,gcb8326.tif,1.922,5.224,0.885,1.897,345,692,104.036,1.397,1.357,0.737,0.921
6035,gcb8326.tif,0.381,2.190,0.998,0.786,404,692,110.556,0.716,1.032,0.969,0.891
6036,gcb8326.tif,0.881,3.425,0.944,1.282,467,707,68.962,0.920,1.311,0.763,0.929
6037,gcb8326.tif,0.923,3.761,0.820,1.278,607,708,59.744,1.111,1.002,0.998,0.858
6038,gcb8326.tif,0.381,2.276,0.925,0.868,728,704,57.995,0.644,1.299,0.770,0.900
6039,gcb8326.tif,0.169,1.593,0.838,0.589,748,700,141.340,0.460,1.069,0.935,0.851
6040,gcb8326.tif,1.855,4.964,0.946,1.787,629,701,101.889,1.380,1.208,0.828,0.940
6041,gcb8326.tif,1.626,4.888,0.855,1.822,674,716,45.000,1.302,1.373,0.728,0.914
6042,gcb8326.tif,0.915,5.440,0.388,2.416,874,705,162.255,0.669,4.472,0.224,0.755
6043,gcb8326.tif,0.059,0.965,0.800,0.460,372,709,53.130,0.247,2.339,0.427,0.778
6044,gcb8326.tif,0.390,2.482,0.795,1.029,712,713,26.565,0.644,1.740,0.575,0.836
6045,gcb8326.tif,0.203,1.984,0.649,0.920,386,710,143.130,0.412,2.490,0.402,0.800
6046,gcb8326.tif,0.059,0.781,1.000,0.390,529,714,45.000,0.260,1.596,0.626,0.875
6047,gcb8326.tif,0.618,2.872,0.942,1.153,804,714,151.390,0.803,1.530,0.654,0.907
6048,gcb8329.tif,0.254,2.114,0.714,0.786,626,5,110.556,0.541,1.686,0.593,0.759
6049,gcb8329.tif,2.058,5.386,0.891,1.897,662,26,75.964,1.472,1.265,0.790,0.926
6050,gcb8329.tif,2.473,5.938,0.881,2.166,527,7,102.265,1.472,1.446,0.691,0.939
6051,gcb8329.tif,0.406,2.222,1.000,0.848,341,16,40.601,0.644,1.118,0.895,0.941
6052,gcb8329.tif,0.127,1.203,1.000,0.521,841,8,135.000,0.368,1.137,0.880,0.968
6053,gcb8329.tif,0.855,3.425,0.917,1.252,725,10,107.103,0.920,1.369,0.731,0.918
6054,gcb8329.tif,1.939,6.405,0.594,2.456,936,23,12.995,1.107,2.404,0.416,0.850
6055,gcb8329.tif,0.542,4.488,0.338,1.758,381,16,132.879,0.634,3.669,0.273,0.598
6056,gcb8329.tif,2.490,5.906,0.897,2.098,494,20,142.125,1.685,1.290,0.775,0.927
6057,gcb8329.tif,9.129,19.573,0.299,6.466,609,81,65.624,2.566,3.153,0.317,0.745
6058,gcb8329.tif,2.608,5.960,0.923,2.103,567,41,66.801,1.748,1.179,0.848,0.943
6059,gcb8329.tif,1.499,4.573,0.901,1.583,349,36,54.462,1.353,1.184,0.845,0.919
6060,gcb8329.tif,3.210,8.680,0.535,3.324,407,49,48.366,1.432,2.774,0.361,0.791
6061,gcb8329.tif,6.944,11.943,0.612,4.269,475,21,97.431,2.485,1.760,0.568,0.868
6062,gcb8329.tif,0.974,3.609,0.940,1.282,289,25,111.038,1.012,1.223,0.818,0.931
6063,gcb8329.tif,2.337,5.754,0.887,1.987,676,46,76.608,1.564,1.241,0.806,0.936
6064,gcb8329.tif,0.415,2.352,0.943,0.947,689,25,119.055,0.644,1.411,0.709,0.916
6065,gcb8329.tif,0.339,2.038,1.000,0.786,778,28,110.556,0.552,1.279,0.782,0.930
6066,gcb8329.tif,4.031,11.562,0.379,4.569,944,77,71.200,1.766,3.490,0.287,0.681
6067,gcb8329.tif,0.339,2.168,0.906,0.823,760,33,153.435,0.644,1.097,0.911,0.860
6068,gcb8329.tif,1.279,4.291,0.873,1.532,716,34,122.735,1.104,1.318,0.759,0.918
6069,gcb8329.tif,0.838,3.294,0.971,1.196,793,38,112.620,0.920,1.227,0.815,0.938
6070,gcb8329.tif,0.313,1.984,1.000,0.742,216,46,29.745,0.640,1.164,0.859,0.892
6071,gcb8329.tif,0.923,5.062,0.453,2.286,362,43,139.899,0.745,4.006,0.250,0.706
6072,gcb8329.tif,0.957,3.555,0.952,1.282,293,48,111.038,1.012,1.242,0.805,0.926
6073,gcb8329.tif,0.076,0.965,1.000,0.412,325,49,153.435,0.276,1.340,0.746,0.857
6074,gcb8329.tif,0.093,1.095,0.976,0.496,730,50,21.801,0.276,1.603,0.624,0.880
6075,gcb8329.tif,0.305,1.961,0.996,0.742,260,53,119.745,0.552,1.206,0.829,0.923
6076,gcb8329.tif,1.677,4.758,0.931,1.697,405,70,49.399,1.432,1.156,0.865,0.930
6077,gcb8329.tif,1.033,4.129,0.761,1.518,594,56,104.036,0.988,1.669,0.599,0.871
6078,gcb8329.tif,0.762,3.425,0.817,1.408,628,57,101.310,0.736,2.004,0.499,0.891
6079,gcb8329.tif,1.490,4.573,0.895,1.638,387,73,51.843,1.288,1.263,0.792,0.924
6080,gcb8329.tif,1.499,4.932,0.774,1.770,322,59,98.973,1.222,1.447,0.691,0.863
6081,gcb8329.tif,0.915,3.447,0.967,1.235,569,62,116.565,1.012,1.140,0.877,0.915
6082,gcb8329.tif,0.085,0.965,1.000,0.460,268,64,143.130,0.276,1.551,0.645,0.909
6083,gcb8329.tif,0.246,1.723,1.000,0.664,285,64,123.690,0.552,1.161,0.861,0.906
6084,gcb8329.tif,0.339,2.168,0.906,0.823,461,67,153.435,0.552,1.332,0.751,0.899
6085,gcb8329.tif,1.423,4.551,0.863,1.746,434,85,71.565,1.104,1.570,0.637,0.926
6086,gcb8329.tif,0.550,2.666,0.973,0.991,764,67,111.801,0.736,1.283,0.780,0.922
6087,gcb8329.tif,1.905,7.065,0.480,2.923,820,95,61.821,1.213,2.856,0.350,0.711
6088,gcb8329.tif,1.033,3.847,0.877,1.405,335,81,58.392,1.012,1.300,0.769,0.917
6089,gcb8329.tif,0.102,1.041,1.000,0.412,674,68,116.565,0.368,1.000,1.000,0.857
6090,gcb8329.tif,1.169,3.923,0.954,1.402,721,87,66.801,1.104,1.174,0.852,0.939
6091,gcb8329.tif,3.430,7.500,0.766,2.731,442,99,32.619,1.794,1.551,0.645,0.920
6092,gcb8329.tif,0.711,3.034,0.971,1.112,274,77,114.444,0.828,1.247,0.802,0.939
6093,gcb8329.tif,0.440,2.298,1.000,0.868,298,85,32.005,0.736,1.076,0.929,0.920
6094,gcb8329.tif,1.711,6.881,0.454,2.654,757,81,146.310,1.379,2.170,0.461,0.698
6095,gcb8329.tif,0.085,0.965,1.000,0.460,522,81,143.130,0.276,1.551,0.645,0.909
6096,gcb8329.tif,0.813,3.294,0.941,1.200,672,81,122.471,0.920,1.242,0.805,0.923
6097,gcb8329.tif,0.220,1.593,1.000,0.617,803,82,116.565,0.460,1.184,0.845,0.929
6098,gcb8329.tif,0.212,1.854,0.774,0.848,597,84,130.601,0.455,1.890,0.529,0.820
6099,gcb8329.tif,2.236,5.732,0.855,2.037,393,85,108.435,1.423,1.428,0.700,0.928
6100,gcb8329.tif,1.575,4.865,0.836,1.897,411,85,104.036,1.101,1.800,0.556,0.925
6101,gcb8329.tif,3.404,8.344,0.614,2.996,610,92,132.510,1.862,1.850,0.540,0.830
6102,gcb8329.tif,1.999,5.233,0.917,1.863,362,111,69.775,1.380,1.282,0.780,0.946
6103,gcb8329.tif,1.296,4.129,0.955,1.509,569,94,127.569,1.196,1.214,0.824,0.933
6104,gcb8329.tif,0.500,2.536,0.976,0.947,307,94,119.055,0.736,1.174,0.852,0.922
6105,gcb8329.tif,6.885,14.726,0.399,4.621,647,96,144.728,2.673,2.217,0.451,0.683
6106,gcb8329.tif,0.364,2.720,0.619,1.108,550,104,41.634,0.611,1.595,0.627,0.782
6107,gcb8329.tif,0.127,1.355,0.869,0.496,382,100,158.199,0.412,1.184,0.845,0.789
6108,gcb8329.tif,1.567,4.627,0.919,1.659,423,115,56.310,1.288,1.255,0.797,0.934
6109,gcb8329.tif,0.771,3.914,0.632,1.736,450,112,32.005,0.664,2.856,0.350,0.835
6110,gcb8329.tif,0.102,1.225,0.851,0.496,547,102,111.801,0.320,1.782,0.561,0.750
6111,gcb8329.tif,0.542,3.110,0.704,1.278,783,120,59.744,0.728,1.833,0.545,0.848
6112,gcb8329.tif,0.186,1.463,1.000,0.589,759,111,128.660,0.460,1.101,0.908,0.936
6113,gcb8329.tif,0.406,2.742,0.679,1.029,941,118,26.565,0.644,1.452,0.689,0.835
6114,gcb8329.tif,2.989,7.163,0.732,2.564,598,114,111.038,1.840,1.372,0.729,0.877
6115,gcb8329.tif,0.076,0.889,1.000,0.390,439,117,135.000,0.276,1.000,1.000,1.000
6116,gcb8329.tif,1.880,5.049,0.927,1.813,715,135,66.038,1.380,1.246,0.802,0.947
6117,gcb8329.tif,5.547,9.601,0.756,3.436,545,153,69.624,2.410,1.315,0.760,0.913
6118,gcb8329.tif,0.635,2.796,1.000,1.049,342,128,37.875,0.828,1.114,0.898,0.938
6119,gcb8329.tif,0.584,2.872,0.890,1.049,566,120,127.875,0.815,1.283,0.780,0.868
6120,gcb8329.tif,0.229,1.723,0.967,0.701,465,124,23.199,0.460,1.388,0.720,0.885
6121,gcb8329.tif,0.550,3.164,0.691,1.402,791,122,113.199,0.644,2.316,0.432,0.867
6122,gcb8329.tif,0.110,1.149,1.000,0.521,431,123,135.000,0.368,1.370,0.730,0.929
6123,gcb8329.tif,0.305,2.504,0.611,1.108,581,134,41.634,0.460,3.091,0.323,0.727
6124,gcb8329.tif,0.144,1.279,1.000,0.537,632,126,120.964,0.368,1.263,0.792,0.919
6125,gcb8329.tif,0.059,1.095,0.621,0.537,453,131,30.964,0.223,3.002,0.333,0.667
6126,gcb8329.tif,0.347,2.222,0.884,0.920,807,134,36.870,0.617,1.498,0.668,0.891
6127,gcb8329.tif,2.236,5.408,0.961,1.852,493,133,116.565,1.656,1.060,0.943,0.943
6128,gcb8329.tif,0.415,2.276,1.000,0.868,641,132,122.005,0.644,1.158,0.863,0.942
6129,gcb8329.tif,1.558,5.310,0.695,2.134,770,155,82.569,1.012,1.986,0.504,0.904
6130,gcb8329.tif,1.550,5.354,0.679,1.897,951,132,104.036,1.152,1.813,0.551,0.855
6131,gcb8329.tif,1.203,4.053,0.920,1.487,740,149,68.199,1.104,1.316,0.760,0.925
6132,gcb8329.tif,0.576,2.774,0.941,1.049,331,137,127.875,0.828,1.126,0.888,0.932
6133,gcb8329.tif,1.694,4.758,0.940,1.719,308,157,74.476,1.288,1.265,0.791,0.937
6134,gcb8329.tif,0.661,2.872,1.000,1.077,394,139,109.983,0.828,1.190,0.840,0.923
6135,gcb8329.tif,2.176,5.516,0.899,1.987,350,161,76.608,1.472,1.302,0.768,0.941
6136,gcb8329.tif,2.109,5.440,0.895,1.922,522,141,106.699,1.472,1.304,0.767,0.934
6137,gcb8329.tif,0.356,2.168,0.951,0.823,686,149,63.435,0.644,1.197,0.835,0.884
6138,gcb8329.tif,1.296,5.202,0.602,2.264,91,164,63.435,0.845,3.065,0.326,0.852
6139,gcb8329.tif,0.144,1.539,0.763,0.664,812,149,56.310,0.368,1.621,0.617,0.829
6140,gcb8329.tif,0.508,2.818,0.804,1.138,597,147,165.964,0.736,1.592,0.628,0.857
6141,gcb8329.tif,0.254,1.885,0.898,0.792,752,151,54.462,0.460,1.642,0.609,0.923
6142,gcb8329.tif,0.127,1.355,0.869,0.537,410,145,120.964,0.368,1.401,0.714,0.857
6143,gcb8329.tif,0.152,1.333,1.000,0.537,479,145,120.964,0.368,1.248,0.801,0.947
6144,gcb8329.tif,2.193,5.548,0.896,2.027,374,150,129.472,1.472,1.359,0.736,0.947
6145,gcb8329.tif,1.101,3.815,0.951,1.327,627,162,56.310,1.104,1.141,0.877,0.919
6146,gcb8329.tif,0.415,2.558,0.797,1.029,714,160,79.695,0.640,1.654,0.605,0.831
6147,gcb8329.tif,1.228,4.313,0.829,1.607,330,163,166.759,1.104,1.433,0.698,0.898
6148,gcb8329.tif,3.337,6.795,0.908,2.366,411,182,76.504,1.933,1.170,0.855,0.941
6149,gcb8329.tif,5.115,11.140,0.518,3.268,690,192,80.272,2.485,1.454,0.688,0.825
6150,gcb8329.tif,2.253,5.570,0.912,1.935,475,177,64.654,1.564,1.168,0.856,0.940
6151,gcb8329.tif,2.397,7.998,0.471,2.745,729,158,129.560,1.414,2.390,0.418,0.760
6152,gcb8329.tif,0.898,3.555,0.893,1.252,765,171,72.897,0.989,1.241,0.806,0.902
6153,gcb8329.tif,0.119,1.149,1.000,0.460,658,159,126.870,0.368,1.020,0.981,0.933
6154,gcb8329.tif,1.736,5.126,0.830,1.827,664,175,40.914,1.454,1.188,0.842,0.897
6155,gcb8329.tif,2.820,10.166,0.343,2.875,808,164,140.194,2.439,1.169,0.856,0.647
6156,gcb8329.tif,1.939,5.180,0.908,1.863,316,165,122.905,1.455,1.257,0.796,0.940
6157,gcb8329.tif,2.016,5.256,0.917,1.840,427,185,53.130,1.542,1.194,0.837,0.937
6158,gcb8329.tif,1.270,4.129,0.936,1.498,459,171,100.620,1.104,1.293,0.773,0.926
6159,gcb8329.tif,0.576,3.187,0.713,1.380,646,186,53.130,0.689,2.254,0.444,0.840
6160,gcb8329.tif,2.236,5.462,0.942,1.863,553,194,69.775,1.646,1.127,0.887,0.941
6161,gcb8329.tif,0.169,1.485,0.965,0.582,287,182,71.565,0.460,1.192,0.839,0.833
6162,gcb8329.tif,2.820,6.459,0.850,2.226,602,191,29.745,1.656,1.257,0.796,0.931
6163,gcb8329.tif,0.415,2.460,0.862,0.991,532,181,158.199,0.552,1.818,0.550,0.916
6164,gcb8329.tif,3.455,8.779,0.563,3.295,371,184,144.090,1.692,1.728,0.579,0.837
6165,gcb8329.tif,0.754,3.348,0.845,1.252,671,185,143.973,0.905,1.340,0.746,0.877
6166,gcb8329.tif,0.771,3.240,0.922,1.178,475,193,38.660,0.920,1.215,0.823,0.915
6167,gcb8329.tif,0.237,1.930,0.800,0.742,945,186,119.745,0.562,1.413,0.708,0.767
6168,gcb8329.tif,3.701,9.017,0.572,3.125,501,187,103.627,1.688,2.095,0.477,0.815
6169,gcb8329.tif,0.694,4.932,0.359,1.815,633,206,59.534,0.873,3.051,0.328,0.638
6170,gcb8329.tif,2.295,5.548,0.937,1.982,430,210,68.199,1.472,1.256,0.796,0.954
6171,gcb8329.tif,1.211,4.605,0.718,1.697,715,207,49.399,1.209,1.237,0.808,0.867
6172,gcb8329.tif,0.322,2.168,0.861,0.873,417,194,108.435,0.552,1.448,0.691,0.864
6173,gcb8329.tif,1.516,4.573,0.911,1.746,449,215,71.565,1.193,1.497,0.668,0.937
6174,gcb8329.tif,2.693,6.275,0.860,2.273,608,218,58.241,1.696,1.381,0.724,0.934
6175,gcb8329.tif,0.406,2.895,0.610,1.308,756,208,50.711,0.515,2.944,0.340,0.787
6176,gcb8329.tif,0.195,1.723,0.824,0.719,942,197,140.194,0.437,1.770,0.565,0.836
6177,gcb8329.tif,1.008,3.793,0.880,1.487,684,198,111.801,0.920,1.622,0.616,0.930
6178,gcb8329.tif,0.271,1.984,0.865,0.786,284,200,110.556,0.552,1.385,0.722,0.842
6179,gcb8329.tif,1.355,4.573,0.814,1.808,307,200,104.744,1.104,1.606,0.623,0.904
6180,gcb8329.tif,2.473,6.275,0.789,2.264,658,223,63.435,1.646,1.424,0.702,0.894
6181,gcb8329.tif,1.296,6.037,0.447,2.456,805,202,102.995,0.912,3.477,0.288,0.732
6182,gcb8329.tif,2.566,5.938,0.914,1.969,562,205,127.405,1.748,1.022,0.979,0.944
6183,gcb8329.tif,0.279,1.984,0.892,0.742,357,212,60.255,0.552,1.141,0.877,0.880
6184,gcb8329.tif,4.319,7.738,0.906,2.683,372,234,84.094,2.117,1.212,0.825,0.945
6185,gcb8329.tif,1.092,3.793,0.954,1.359,322,220,61.699,1.104,1.148,0.871,0.942
6186,gcb8329.tif,0.220,1.670,0.993,0.617,275,209,116.565,0.552,1.087,0.920,0.867
6187,gcb8329.tif,0.347,2.168,0.928,0.848,289,211,102.529,0.552,1.378,0.726,0.891
6188,gcb8329.tif,2.278,5.570,0.923,2.037,463,232,71.565,1.472,1.337,0.748,0.946
6189,gcb8329.tif,1.109,7.598,0.241,3.129,400,213,151.928,0.873,5.226,0.191,0.547
6190,gcb8329.tif,3.379,10.673,0.373,4.569,753,212,99.273,1.316,4.075,0.245,0.771
6191,gcb8329.tif,0.720,3.110,0.935,1.164,642,213,108.435,0.828,1.357,0.737,0.919
6192,gcb8329.tif,1.533,4.834,0.824,1.863,765,213,122.905,1.215,1.591,0.629,0.903
6193,gcb8329.tif,6.902,13.707,0.462,5.620,194,275,87.184,1.869,3.448,0.290,0.828
6194,gcb8329.tif,0.161,1.355,1.000,0.537,242,215,120.964,0.460,1.139,0.878,0.864
6195,gcb8329.tif,0.491,2.536,0.960,0.991,390,227,68.199,0.644,1.417,0.706,0.928
6196,gcb8329.tif,1.643,5.494,0.684,2.273,533,218,121.759,1.084,2.322,0.431,0.876
6197,gcb8329.tif,2.685,5.960,0.950,2.020,673,236,30.069,1.840,1.076,0.930,0.951
6198,gcb8329.tif,0.296,2.006,0.926,0.759,718,232,75.964,0.644,1.070,0.935,0.833
6199,gcb8329.tif,1.101,4.259,0.763,1.589,312,225,100.008,1.012,1.629,0.614,0.881
6200,gcb8329.tif,3.023,6.544,0.887,2.273,435,228,121.759,1.748,1.251,0.800,0.947
6201,gcb8329.tif,0.584,3.577,0.574,1.359,283,232,151.699,0.757,2.343,0.427,0.762
6202,gcb8329.tif,1.516,4.811,0.823,1.692,513,248,67.620,1.250,1.252,0.799,0.893
6203,gcb8329.tif,1.397,4.443,0.889,1.638,563,245,51.843,1.236,1.310,0.763,0.917
6204,gcb8329.tif,0.661,2.980,0.935,1.112,702,232,114.444,0.828,1.307,0.765,0.907
6205,gcb8329.tif,2.422,5.853,0.889,1.935,382,254,64.654,1.728,1.094,0.914,0.926
6206,gcb8329.tif,4.581,12.302,0.380,3.446,326,266,55.886,2.728,1.406,0.711,0.654
6207,gcb8329.tif,4.497,9.547,0.620,3.214,490,238,103.241,2.081,1.662,0.602,0.841
6208,gcb8329.tif,0.102,1.095,1.000,0.460,771,243,36.870,0.368,1.135,0.881,0.857
6209,gcb8329.tif,2.295,5.516,0.948,1.897,419,244,104.036,1.564,1.185,0.844,0.944
6210,gcb8329.tif,0.948,4.336,0.634,1.532,593,246,147.265,1.070,1.490,0.671,0.794
6211,gcb8329.tif,0.186,1.463,1.000,0.589,293,249,128.660,0.460,1.101,0.908,0.936
6212,gcb8329.tif,3.582,6.979,0.924,2.393,623,275,67.380,2.025,1.180,0.847,0.948
6213,gcb8329.tif,0.390,2.222,0.992,0.868,771,253,122.005,0.644,1.248,0.801,0.920
6214,gcb8329.tif,1.516,4.627,0.890,1.659,563,270,56.310,1.358,1.212,0.825,0.918
6215,gcb8329.tif,0.152,1.355,1.000,0.537,803,258,30.964,0.453,1.257,0.795,0.857
6216,gcb8329.tif,2.761,8.182,0.518,3.148,715,289,74.745,1.301,2.941,0.340,0.789
6217,gcb8329.tif,1.406,4.367,0.926,1.543,745,274,72.646,1.196,1.247,0.802,0.927
6218,gcb8329.tif,0.373,2.145,1.000,0.823,438,261,116.565,0.552,1.320,0.758,0.957
6219,gcb8329.tif,1.457,7.446,0.330,3.085,761,262,162.646,0.931,3.973,0.252,0.643
6220,gcb8329.tif,1.169,4.151,0.852,1.518,698,265,104.036,1.104,1.363,0.734,0.914
6221,gcb8329.tif,3.210,6.719,0.893,2.301,384,266,106.260,1.919,1.191,0.839,0.936
6222,gcb8329.tif,1.380,5.722,0.530,2.125,639,288,72.350,1.256,1.736,0.576,0.738
6223,gcb8329.tif,3.354,10.924,0.353,3.359,517,280,9.462,1.991,2.186,0.457,0.637
6224,gcb8329.tif,0.068,0.965,0.914,0.379,422,269,104.036,0.276,1.195,0.837,0.800
6225,gcb8329.tif,2.422,7.446,0.549,2.125,663,269,107.650,1.656,1.316,0.760,0.867
6226,gcb8329.tif,2.668,6.903,0.703,2.675,935,291,40.815,1.597,1.689,0.592,0.870
6227,gcb8329.tif,1.380,4.681,0.792,1.770,357,289,62.103,1.104,1.551,0.645,0.924
6228,gcb8329.tif,0.220,1.723,0.932,0.742,336,273,119.745,0.460,1.724,0.580,0.881
6229,gcb8329.tif,2.685,7.576,0.588,2.617,407,301,79.875,1.623,1.547,0.646,0.850
6230,gcb8329.tif,1.761,4.995,0.887,1.895,592,292,60.945,1.346,1.382,0.724,0.929
6231,gcb8329.tif,1.719,4.811,0.933,1.659,447,279,146.310,1.472,1.074,0.931,0.938
6232,gcb8329.tif,3.421,9.201,0.508,3.019,495,278,142.431,1.991,1.704,0.587,0.806
6233,gcb8329.tif,0.474,2.514,0.943,0.920,795,277,126.870,0.736,1.048,0.954,0.933
6234,gcb8329.tif,0.186,1.539,0.988,0.589,254,283,38.660,0.460,1.146,0.873,0.880
6235,gcb8329.tif,1.279,4.183,0.918,1.573,683,297,69.444,1.104,1.397,0.716,0.935
6236,gcb8329.tif,1.457,4.520,0.896,1.631,332,299,73.610,1.196,1.296,0.772,0.920
6237,gcb8329.tif,0.330,2.092,0.949,0.823,371,283,116.565,0.552,1.471,0.680,0.907
6238,gcb8329.tif,0.838,3.425,0.898,1.282,523,288,158.962,0.920,1.346,0.743,0.917
6239,gcb8329.tif,0.135,1.409,0.857,0.617,207,287,116.565,0.368,1.871,0.534,0.842
6240,gcb8329.tif,0.110,1.539,0.584,0.617,579,293,63.435,0.368,1.681,0.595,0.684
6241,gcb8329.tif,2.244,6.265,0.718,2.277,431,314,75.964,1.510,1.642,0.609,0.882
6242,gcb8329.tif,2.422,6.297,0.768,2.098,603,308,37.875,1.748,1.117,0.895,0.912
6243,gcb8329.tif,0.390,2.168,1.000,0.823,634,292,116.565,0.644,1.153,0.867,0.929
6244,gcb8329.tif,1.982,10.759,0.215,4.675,731,303,10.204,0.903,6.877,0.145,0.613
6245,gcb8329.tif,2.126,7.230,0.511,2.317,933,302,6.843,1.588,1.732,0.577,0.756
6246,gcb8329.tif,0.119,1.409,0.750,0.582,826,299,18.435,0.335,1.987,0.503,0.757
6247,gcb8329.tif,0.169,1.409,1.000,0.589,225,301,38.660,0.455,1.282,0.780,0.909
6248,gcb8329.tif,0.720,3.034,0.983,1.123,352,310,55.008,0.828,1.206,0.829,0.944
6249,gcb8329.tif,0.754,3.110,0.979,1.123,389,300,124.992,0.920,1.088,0.920,0.927
6250,gcb8329.tif,2.541,6.221,0.825,2.187,540,309,14.621,1.656,1.284,0.779,0.912
6251,gcb8329.tif,2.456,5.754,0.932,2.037,693,324,71.565,1.564,1.263,0.792,0.945
6252,gcb8329.tif,0.432,2.352,0.981,0.873,498,306,108.435,0.644,1.266,0.790,0.919
6253,gcb8329.tif,0.102,1.279,0.781,0.582,597,308,161.565,0.276,2.011,0.497,0.828
6254,gcb8329.tif,3.921,7.836,0.802,2.680,631,335,74.055,1.997,1.369,0.731,0.899
6255,gcb8329.tif,0.059,0.835,1.000,0.332,227,309,123.690,0.276,1.069,0.936,0.875
6256,gcb8329.tif,0.186,1.670,0.840,0.742,196,311,150.255,0.390,1.975,0.506,0.863
6257,gcb8329.tif,0.457,3.003,0.637,1.327,283,311,123.690,0.576,2.482,0.403,0.800
6258,gcb8329.tif,1.219,4.183,0.876,1.564,243,327,61.928,1.173,1.333,0.750,0.906
6259,gcb8329.tif,0.652,3.056,0.877,1.171,808,325,45.000,0.846,1.374,0.728,0.906
6260,gcb8329.tif,0.127,1.279,0.976,0.537,135,322,59.036,0.368,1.439,0.695,0.857
6261,gcb8329.tif,1.423,4.497,0.884,1.607,370,319,103.241,1.196,1.340,0.746,0.918
6262,gcb8329.tif,2.244,5.516,0.927,1.922,327,340,73.301,1.564,1.198,0.835,0.938
6263,gcb8329.tif,1.423,5.776,0.536,2.400,343,334,32.471,1.054,2.723,0.367,0.783
6264,gcb8329.tif,5.090,9.407,0.723,3.465,570,323,100.713,2.140,1.771,0.565,0.888
6265,gcb8329.tif,0.195,1.539,1.000,0.617,783,324,116.565,0.460,1.314,0.761,0.885
6266,gcb8329.tif,1.931,5.094,0.935,1.736,709,342,57.995,1.562,1.102,0.908,0.927
6267,gcb8329.tif,0.796,3.294,0.922,1.235,536,326,116.565,0.920,1.335,0.749,0.922
6268,gcb8329.tif,0.432,2.352,0.981,0.947,513,330,150.945,0.644,1.427,0.701,0.919
6269,gcb8329.tif,0.161,1.387,1.000,0.589,421,336,51.340,0.368,1.273,0.785,0.974
6270,gcb8329.tif,0.974,5.377,0.423,1.610,646,346,59.036,1.100,1.571,0.636,0.730
6271,gcb8329.tif,0.220,1.647,1.000,0.664,151,339,56.310,0.460,1.274,0.785,0.929
6272,gcb8329.tif,1.643,6.221,0.534,2.172,500,333,126.384,1.432,1.702,0.588,0.742
6273,gcb8329.tif,1.118,5.202,0.519,1.746,232,336,161.565,1.337,1.308,0.764,0.727
6274,gcb8329.tif,0.381,2.504,0.764,0.995,195,336,146.310,0.651,1.571,0.636,0.818
6275,gcb8329.tif,0.093,1.095,0.976,0.460,843,335,126.870,0.329,1.450,0.690,0.815
6276,gcb8329.tif,1.194,4.075,0.904,1.455,798,353,71.565,1.111,1.346,0.743,0.910
6277,gcb8329.tif,1.101,5.072,0.538,1.697,475,344,167.471,1.104,1.632,0.613,0.778
6278,gcb8329.tif,1.245,3.999,0.978,1.405,440,353,31.608,1.196,1.059,0.944,0.936
6279,gcb8329.tif,0.322,2.069,0.944,0.823,607,343,153.435,0.460,1.579,0.633,0.974
6280,gcb8329.tif,0.144,1.463,0.845,0.617,263,345,116.565,0.368,1.678,0.596,0.850
6281,gcb8329.tif,3.108,8.030,0.606,2.951,700,346,93.576,1.571,1.987,0.503,0.871
6282,gcb8329.tif,2.109,5.386,0.913,1.967,389,347,100.784,1.380,1.368,0.731,0.945
6283,gcb8329.tif,0.322,2.244,0.803,0.823,522,353,26.565,0.640,1.124,0.890,0.817
6284,gcb8329.tif,2.769,7.002,0.710,2.835,327,379,76.866,1.656,1.684,0.594,0.889
6285,gcb8329.tif,0.059,0.835,1.000,0.390,531,350,135.000,0.276,1.380,0.725,0.875
6286,gcb8329.tif,2.320,5.916,0.833,2.098,369,374,74.745,1.406,1.518,0.659,0.919
6287,gcb8329.tif,4.514,9.645,0.610,3.394,621,352,102.529,1.841,2.036,0.491,0.867
6288,gcb8329.tif,3.159,6.665,0.894,2.359,584,378,69.444,1.840,1.285,0.778,0.937
6289,gcb8329.tif,1.736,8.474,0.304,3.384,866,358,157.620,1.108,4.325,0.231,0.593
6290,gcb8329.tif,4.175,11.562,0.392,4.624,935,399,58.841,1.639,3.650,0.274,0.689
6291,gcb8329.tif,1.973,5.256,0.898,1.863,485,357,110.225,1.472,1.273,0.786,0.932
6292,gcb8329.tif,3.972,11.597,0.371,3.961,508,394,59.265,2.136,1.799,0.556,0.736
6293,gcb8329.tif,0.872,3.425,0.935,1.359,553,357,118.301,0.920,1.474,0.679,0.936
6294,gcb8329.tif,1.109,4.313,0.749,1.770,708,376,62.103,0.903,2.054,0.487,0.894
6295,gcb8329.tif,0.364,2.092,1.000,0.823,282,361,116.565,0.552,1.295,0.772,0.945
6296,gcb8329.tif,0.381,2.222,0.970,0.823,434,367,26.565,0.644,1.208,0.828,0.909
6297,gcb8329.tif,0.296,1.907,1.000,0.719,110,365,129.806,0.552,1.129,0.885,0.921
6298,gcb8329.tif,0.906,3.523,0.917,1.252,730,365,107.103,1.012,1.252,0.798,0.907
6299,gcb8329.tif,3.904,7.370,0.903,2.635,446,394,77.905,2.025,1.252,0.799,0.944
6300,gcb8329.tif,0.220,1.800,0.854,0.742,240,370,150.255,0.510,1.411,0.708,0.812
6301,gcb8329.tif,0.178,1.539,0.943,0.589,315,368,128.660,0.460,1.162,0.860,0.840
6302,gcb8329.tif,0.051,0.705,1.000,0.332,539,369,146.310,0.184,1.500,0.667,1.000
6303,gcb8329.tif,1.592,6.297,0.505,2.675,258,372,116.565,0.845,3.718,0.269,0.819
6304,gcb8329.tif,0.703,2.980,0.995,1.153,670,373,118.610,0.828,1.248,0.801,0.938
6305,gcb8329.tif,0.686,3.532,0.691,1.455,837,380,18.435,0.670,2.268,0.441,0.866
6306,gcb8329.tif,0.059,0.835,1.000,0.332,749,375,123.690,0.276,1.069,0.936,0.875
6307,gcb8329.tif,3.540,11.912,0.314,3.879,289,415,67.694,1.811,2.555,0.391,0.692
6308,gcb8329.tif,0.356,2.688,0.618,1.164,853,376,161.565,0.524,2.367,0.422,0.832
6309,gcb8329.tif,1.533,4.627,0.900,1.692,348,377,112.380,1.288,1.257,0.795,0.916
6310,gcb8329.tif,4.963,8.245,0.917,2.940,411,413,69.864,2.117,1.322,0.757,0.964
6311,gcb8329.tif,2.447,8.420,0.434,2.683,750,410,67.834,1.844,1.711,0.584,0.720
6312,gcb8329.tif,2.685,6.446,0.812,2.352,708,386,120.579,1.470,1.484,0.674,0.934
6313,gcb8329.tif,3.362,6.957,0.873,2.430,639,409,52.696,2.025,1.174,0.852,0.936
6314,gcb8329.tif,0.957,4.932,0.494,1.692,681,390,112.380,1.069,1.931,0.518,0.727
6315,gcb8329.tif,0.364,2.352,0.827,0.995,881,403,56.310,0.603,1.762,0.568,0.869
6316,gcb8329.tif,0.178,1.930,0.600,0.868,494,402,32.005,0.379,3.020,0.331,0.712
6317,gcb8329.tif,2.236,8.204,0.417,3.233,333,405,4.899,1.288,2.804,0.357,0.699
6318,gcb8329.tif,9.273,11.445,0.890,3.918,554,443,80.538,3.313,1.120,0.893,0.953
6319,gcb8329.tif,1.228,3.999,0.965,1.429,615,417,75.069,1.104,1.183,0.846,0.935
6320,gcb8329.tif,0.161,1.387,1.000,0.589,766,407,51.340,0.368,1.273,0.785,0.974
6321,gcb8329.tif,2.143,5.494,0.892,1.935,462,417,25.346,1.564,1.139,0.878,0.937
6322,gcb8329.tif,1.660,4.811,0.901,1.697,432,422,49.399,1.440,1.125,0.889,0.918
6323,gcb8329.tif,0.254,1.907,0.877,0.742,93,409,119.745,0.552,1.164,0.859,0.857
6324,gcb8329.tif,0.161,1.854,0.589,0.759,651,417,75.964,0.368,1.898,0.527,0.745
6325,gcb8329.tif,0.254,2.266,0.622,1.049,78,413,142.125,0.390,3.168,0.316,0.769
6326,gcb8329.tif,0.144,1.409,0.911,0.651,87,417,45.000,0.370,1.885,0.531,0.850
6327,gcb8329.tif,1.016,4.596,0.605,1.982,270,414,158.199,0.782,2.714,0.368,0.839
6328,gcb8329.tif,0.661,3.003,0.921,1.196,789,414,112.620,0.826,1.462,0.684,0.891
6329,gcb8329.tif,0.915,3.501,0.938,1.252,401,415,126.027,1.104,1.159,0.863,0.915
6330,gcb8329.tif,2.329,5.754,0.884,2.076,597,438,77.196,1.472,1.396,0.716,0.931
6331,gcb8329.tif,2.041,5.310,0.910,1.922,367,417,106.699,1.380,1.329,0.752,0.941
6332,gcb8329.tif,0.525,2.536,1.000,0.947,347,427,60.945,0.736,1.134,0.882,0.947
6333,gcb8329.tif,1.372,4.345,0.913,1.659,386,418,109.440,1.012,1.546,0.647,0.956
6334,gcb8329.tif,0.169,1.409,1.000,0.589,216,424,38.660,0.455,1.282,0.780,0.909
6335,gcb8329.tif,2.634,6.167,0.870,2.247,651,442,55.008,1.692,1.314,0.761,0.930
6336,gcb8329.tif,0.059,0.781,1.000,0.332,83,424,123.690,0.276,1.069,0.936,0.875
6337,gcb8329.tif,2.261,5.570,0.916,2.027,461,425,129.472,1.627,1.205,0.830,0.940
6338,gcb8329.tif,0.313,2.244,0.782,0.823,439,432,26.565,0.698,1.267,0.789,0.779
6339,gcb8329.tif,3.633,7.109,0.903,2.389,411,452,74.358,2.094,1.129,0.886,0.941
6340,gcb8329.tif,0.779,3.348,0.873,1.282,613,443,68.962,0.828,1.531,0.653,0.911
6341,gcb8329.tif,3.447,9.179,0.514,3.556,780,468,79.563,1.445,2.940,0.340,0.813
6342,gcb8329.tif,0.076,1.019,0.923,0.460,716,431,126.870,0.276,1.539,0.650,0.900
6343,gcb8329.tif,2.981,6.436,0.904,2.346,339,453,41.820,1.852,1.230,0.813,0.949
6344,gcb8329.tif,0.059,0.965,0.800,0.379,303,437,104.036,0.276,1.387,0.721,0.737
6345,gcb8329.tif,2.126,5.570,0.861,2.125,630,437,107.650,1.380,1.579,0.633,0.928
6346,gcb8329.tif,3.243,7.230,0.780,2.809,663,464,58.392,1.607,1.827,0.547,0.910
6347,gcb8329.tif,0.677,3.034,0.925,1.252,479,451,53.973,0.823,1.530,0.654,0.941
6348,gcb8329.tif,0.051,0.705,1.000,0.332,305,441,146.310,0.184,1.500,0.667,1.000
6349,gcb8329.tif,1.109,3.869,0.931,1.437,562,452,39.806,1.104,1.291,0.775,0.923
6350,gcb8329.tif,1.262,5.754,0.479,2.086,431,459,41.424,1.198,2.042,0.490,0.701
6351,gcb8329.tif,1.152,6.144,0.383,2.043,522,447,7.765,1.171,1.571,0.636,0.701
6352,gcb8329.tif,0.076,0.889,1.000,0.390,703,445,135.000,0.276,1.000,1.000,1.000
6353,gcb8329.tif,1.863,5.148,0.883,1.768,592,446,128.660,1.538,1.122,0.891,0.922
6354,gcb8329.tif,2.422,5.960,0.857,2.256,385,475,78.232,1.451,1.600,0.625,0.927
6355,gcb8329.tif,1.380,6.113,0.464,2.606,490,473,42.138,0.995,3.311,0.302,0.723
6356,gcb8329.tif,1.550,6.243,0.500,2.125,733,453,107.650,1.239,2.049,0.488,0.715
6357,gcb8329.tif,0.965,4.151,0.704,1.697,940,465,40.601,0.864,2.087,0.479,0.880
6358,gcb8329.tif,1.651,4.704,0.938,1.719,455,455,105.524,1.288,1.289,0.776,0.935
6359,gcb8329.tif,2.557,6.373,0.791,2.247,403,473,34.992,1.647,1.459,0.685,0.897
6360,gcb8329.tif,2.278,5.884,0.827,2.146,717,460,120.964,1.426,1.580,0.633,0.912
6361,gcb8329.tif,1.330,4.659,0.770,1.834,852,459,107.526,0.920,2.045,0.489,0.918
6362,gcb8329.tif,3.176,6.773,0.870,2.527,682,483,56.889,1.704,1.485,0.674,0.946
6363,gcb8329.tif,0.652,2.926,0.957,1.049,549,471,52.125,0.920,1.054,0.949,0.901
6364,gcb8329.tif,2.634,6.100,0.890,2.226,356,484,60.255,1.564,1.301,0.769,0.948
6365,gcb8329.tif,1.304,4.322,0.877,1.532,432,466,147.265,1.104,1.250,0.800,0.951
6366,gcb8329.tif,1.719,6.328,0.539,2.301,896,472,163.740,1.384,1.737,0.576,0.769
6367,gcb8329.tif,0.635,4.228,0.447,1.827,281,466,130.914,0.615,4.070,0.246,0.664
6368,gcb8329.tif,0.500,2.612,0.920,0.978,335,465,131.186,0.782,1.252,0.799,0.881
6369,gcb8329.tif,1.228,4.107,0.915,1.567,612,470,130.236,1.104,1.295,0.772,0.932
6370,gcb8329.tif,0.119,1.355,0.811,0.589,92,471,128.660,0.370,1.886,0.530,0.757
6371,gcb8329.tif,1.846,5.018,0.921,1.787,585,475,124.509,1.472,1.216,0.822,0.938
6372,gcb8329.tif,0.957,3.631,0.912,1.318,306,475,102.095,1.012,1.254,0.797,0.900
6373,gcb8329.tif,11.153,21.014,0.317,5.000,525,475,96.340,3.597,1.405,0.712,0.754
6374,gcb8329.tif,1.296,4.389,0.845,1.631,322,476,106.390,1.155,1.425,0.702,0.892
6375,gcb8329.tif,1.169,3.999,0.918,1.440,560,493,63.435,1.164,1.210,0.826,0.920
6376,gcb8329.tif,1.169,3.869,0.981,1.368,433,494,70.346,1.104,1.124,0.890,0.942
6377,gcb8329.tif,0.957,4.151,0.698,1.746,939,488,161.565,0.810,2.191,0.456,0.863
6378,gcb8329.tif,0.254,2.222,0.647,0.938,147,499,78.690,0.433,2.563,0.390,0.789
6379,gcb8329.tif,0.102,1.073,1.000,0.460,269,489,126.870,0.276,1.333,0.750,1.000
6380,gcb8329.tif,3.481,7.630,0.751,2.632,567,515,53.531,1.887,1.534,0.652,0.878
6381,gcb8329.tif,1.253,4.183,0.900,1.543,761,508,72.646,1.104,1.404,0.712,0.922
6382,gcb8329.tif,0.169,1.746,0.698,0.670,298,495,105.945,0.437,1.724,0.580,0.755
6383,gcb8329.tif,0.788,3.294,0.912,1.252,747,495,107.103,0.828,1.396,0.716,0.912
6384,gcb8329.tif,0.085,1.095,0.887,0.496,361,498,158.199,0.276,1.690,0.592,0.833
6385,gcb8329.tif,0.898,3.501,0.920,1.282,723,497,111.038,1.004,1.292,0.774,0.898
6386,gcb8329.tif,1.736,4.789,0.951,1.712,440,517,53.746,1.380,1.106,0.904,0.949
6387,gcb8329.tif,3.396,9.255,0.498,3.346,612,532,58.496,1.810,1.952,0.512,0.799
6388,gcb8329.tif,2.507,6.091,0.849,2.228,675,520,38.290,1.669,1.347,0.743,0.925
6389,gcb8329.tif,0.406,3.240,0.486,1.252,696,503,162.897,0.580,2.686,0.372,0.722
6390,gcb8329.tif,1.567,4.573,0.941,1.631,776,520,73.610,1.288,1.223,0.818,0.932
6391,gcb8329.tif,2.845,6.665,0.805,2.359,310,504,110.556,1.662,1.484,0.674,0.904
6392,gcb8329.tif,3.989,7.455,0.902,2.578,379,506,92.045,1.933,1.241,0.806,0.950
6393,gcb8329.tif,0.364,3.317,0.416,1.487,651,509,158.199,0.485,4.375,0.229,0.683
6394,gcb8329.tif,1.296,4.129,0.955,1.487,706,516,111.801,1.196,1.249,0.801,0.939
6395,gcb8329.tif,0.186,1.539,0.988,0.589,930,521,38.660,0.460,1.160,0.862,0.863
6396,gcb8329.tif,0.889,3.425,0.953,1.235,733,518,116.565,1.012,1.173,0.853,0.925
6397,gcb8329.tif,2.735,7.913,0.549,2.968,466,520,119.745,1.627,2.111,0.474,0.788
6398,gcb8329.tif,2.193,5.516,0.906,1.922,632,540,73.301,1.518,1.264,0.791,0.932
6399,gcb8329.tif,0.127,1.203,1.000,0.521,576,531,45.000,0.368,1.137,0.880,0.968
6400,gcb8329.tif,3.489,10.188,0.422,3.394,652,539,12.529,1.593,2.360,0.424,0.762
6401,gcb8329.tif,0.694,3.317,0.793,1.301,690,530,135.000,0.845,1.572,0.636,0.845
6402,gcb8329.tif,0.288,1.907,0.994,0.742,717,539,60.255,0.552,1.233,0.811,0.907
6403,gcb8329.tif,1.135,3.999,0.892,1.380,312,534,126.870,1.161,1.200,0.833,0.899
6404,gcb8329.tif,0.390,2.244,0.972,0.823,366,534,116.565,0.728,1.128,0.887,0.868
6405,gcb8329.tif,3.404,6.795,0.926,2.306,508,543,151.390,2.050,1.096,0.913,0.944
6406,gcb8329.tif,1.186,5.341,0.522,2.317,753,539,173.157,0.736,3.719,0.269,0.841
6407,gcb8329.tif,1.457,4.650,0.847,1.567,416,541,130.236,1.288,1.213,0.824,0.915
6408,gcb8329.tif,0.161,1.539,0.853,0.670,377,544,15.945,0.368,1.667,0.600,0.826
6409,gcb8329.tif,0.085,1.171,0.776,0.537,390,541,149.036,0.306,2.265,0.441,0.690
6410,gcb8329.tif,3.997,7.509,0.891,2.604,584,543,122.005,2.117,1.163,0.860,0.953
6411,gcb8329.tif,1.253,4.865,0.665,2.058,934,551,10.305,0.866,2.504,0.399,0.892
6412,gcb8329.tif,2.024,5.202,0.940,1.834,716,563,72.474,1.472,1.182,0.846,0.943
6413,gcb8329.tif,3.879,8.505,0.674,3.177,739,558,169.992,1.834,1.593,0.628,0.872
6414,gcb8329.tif,1.380,4.421,0.887,1.659,617,556,19.440,1.104,1.439,0.695,0.931
6415,gcb8329.tif,0.203,1.854,0.743,0.823,241,551,116.565,0.446,1.977,0.506,0.800
6416,gcb8329.tif,0.356,2.168,0.951,0.868,662,553,147.995,0.644,1.347,0.742,0.894
6417,gcb8329.tif,0.373,2.168,0.996,0.792,318,554,125.538,0.644,1.071,0.933,0.907
6418,gcb8329.tif,0.390,2.406,0.846,0.848,801,554,130.601,0.644,1.215,0.823,0.885
6419,gcb8329.tif,0.110,1.149,1.000,0.460,224,556,126.870,0.368,1.148,0.871,0.897
6420,gcb8329.tif,2.685,6.037,0.926,2.098,383,556,105.255,1.748,1.209,0.827,0.941
6421,gcb8329.tif,0.948,3.761,0.843,1.327,345,571,56.310,1.012,1.169,0.855,0.896
6422,gcb8329.tif,0.169,2.006,0.529,0.781,274,563,135.000,0.453,1.870,0.535,0.714
6423,gcb8329.tif,0.135,1.279,1.000,0.521,705,569,45.000,0.368,1.150,0.869,0.889
6424,gcb8329.tif,0.051,0.705,1.000,0.332,500,566,146.310,0.184,1.500,0.667,1.000
6425,gcb8329.tif,2.126,5.570,0.861,2.076,559,588,77.196,1.380,1.503,0.665,0.933
6426,gcb8329.tif,0.288,1.930,0.972,0.759,683,566,104.036,0.552,1.343,0.745,0.872
6427,gcb8329.tif,0.203,1.593,1.000,0.589,319,567,128.660,0.460,1.076,0.929,0.889
6428,gcb8329.tif,3.150,6.665,0.891,2.431,575,568,119.476,1.840,1.343,0.744,0.941
6429,gcb8329.tif,1.905,5.561,0.774,1.897,642,571,140.906,1.440,1.404,0.712,0.875
6430,gcb8329.tif,2.549,5.884,0.925,1.969,413,572,142.595,1.748,1.062,0.942,0.945
6431,gcb8329.tif,0.237,1.723,1.000,0.701,466,583,66.801,0.460,1.375,0.727,0.918
6432,gcb8329.tif,2.913,6.328,0.914,2.277,609,576,104.036,1.656,1.301,0.769,0.946
6433,gcb8329.tif,0.313,2.092,0.900,0.848,505,577,139.399,0.617,1.319,0.758,0.881
6434,gcb8329.tif,3.379,6.903,0.891,2.478,534,603,74.932,1.840,1.337,0.748,0.944
6435,gcb8329.tif,0.059,1.225,0.496,0.537,318,584,59.036,0.255,3.068,0.326,0.583
6436,gcb8329.tif,0.584,2.666,1.000,0.995,737,580,123.690,0.828,1.113,0.898,0.939
6437,gcb8329.tif,2.371,7.814,0.488,2.881,471,597,26.565,1.440,2.513,0.398,0.757
6438,gcb8329.tif,0.915,4.834,0.492,1.982,438,602,68.199,0.781,3.181,0.314,0.755
6439,gcb8329.tif,0.347,2.092,0.997,0.848,629,583,130.601,0.644,1.300,0.769,0.932
6440,gcb8329.tif,2.812,6.328,0.882,2.154,372,587,109.983,1.748,1.207,0.829,0.939
6441,gcb8329.tif,2.541,6.328,0.797,2.359,305,613,69.444,1.656,1.369,0.730,0.896
6442,gcb8329.tif,0.737,3.447,0.779,1.455,651,599,34.695,0.766,2.076,0.482,0.874
6443,gcb8329.tif,2.126,5.538,0.871,1.967,567,611,79.216,1.564,1.198,0.835,0.926
6444,gcb8329.tif,0.796,3.187,0.985,1.164,266,591,108.435,0.920,1.204,0.831,0.926
6445,gcb8329.tif,0.728,3.240,0.872,1.235,293,604,63.435,0.828,1.532,0.653,0.896
6446,gcb8329.tif,1.160,3.977,0.922,1.440,762,606,63.435,1.104,1.233,0.811,0.935
6447,gcb8329.tif,2.016,5.256,0.917,1.815,415,612,59.534,1.564,1.091,0.916,0.933
6448,gcb8329.tif,0.135,1.463,0.795,0.589,252,597,128.660,0.368,1.412,0.708,0.865
6449,gcb8329.tif,0.500,2.742,0.835,1.123,512,599,124.992,0.700,1.640,0.610,0.874
6450,gcb8329.tif,0.694,3.164,0.872,1.228,401,612,77.005,0.736,1.604,0.623,0.911
6451,gcb8329.tif,1.601,4.811,0.869,1.770,283,601,98.973,1.196,1.393,0.718,0.924
6452,gcb8329.tif,0.305,2.114,0.857,0.868,549,609,57.995,0.535,1.741,0.574,0.857
6453,gcb8329.tif,0.076,0.965,1.000,0.412,702,605,63.435,0.276,1.340,0.746,0.857
6454,gcb8329.tif,0.881,3.447,0.932,1.252,721,601,107.103,1.004,1.236,0.809,0.897
6455,gcb8329.tif,1.245,4.021,0.967,1.455,735,603,108.435,1.196,1.145,0.874,0.925
6456,gcb8329.tif,1.990,7.522,0.442,2.301,488,610,163.740,1.441,1.796,0.557,0.733
6457,gcb8329.tif,0.805,3.240,0.963,1.200,623,615,57.529,0.920,1.259,0.795,0.931
6458,gcb8329.tif,1.948,8.824,0.314,2.675,69,628,49.185,1.573,1.923,0.520,0.686
6459,gcb8329.tif,0.068,1.041,0.785,0.521,226,610,45.000,0.260,2.521,0.397,0.696
6460,gcb8329.tif,3.718,7.410,0.851,2.545,588,608,139.399,2.025,1.093,0.914,0.942
6461,gcb8329.tif,3.650,8.375,0.654,3.092,666,635,53.471,2.080,1.645,0.608,0.848
6462,gcb8329.tif,4.463,9.928,0.569,2.854,336,640,69.228,2.393,1.136,0.880,0.873
6463,gcb8329.tif,0.102,1.095,1.000,0.460,562,611,126.870,0.368,1.281,0.780,0.857
6464,gcb8329.tif,0.779,3.164,0.978,1.153,813,624,61.390,0.920,1.153,0.868,0.939
6465,gcb8329.tif,0.263,2.581,0.495,1.029,951,615,153.435,0.505,2.414,0.414,0.729
6466,gcb8329.tif,0.762,4.865,0.405,2.098,527,617,164.745,0.605,3.757,0.266,0.776
6467,gcb8329.tif,0.110,1.095,1.000,0.460,939,619,36.870,0.368,1.159,0.863,0.897
6468,gcb8329.tif,0.127,1.279,0.976,0.537,318,618,149.036,0.368,1.216,0.822,0.882
6469,gcb8329.tif,2.176,5.516,0.899,1.987,691,641,76.608,1.472,1.327,0.754,0.931
6470,gcb8329.tif,1.626,4.910,0.848,1.719,734,638,74.476,1.368,1.271,0.786,0.891
6471,gcb8329.tif,18.758,16.396,0.877,5.366,476,622,112.166,4.761,1.058,0.946,0.968
6472,gcb8329.tif,3.565,11.476,0.340,4.616,897,625,156.501,1.211,4.841,0.207,0.724
6473,gcb8329.tif,1.186,5.247,0.541,2.343,629,644,45.000,0.846,3.526,0.284,0.795
6474,gcb8329.tif,0.813,6.373,0.252,2.616,385,629,129.289,0.799,4.422,0.226,0.523
6475,gcb8329.tif,1.008,3.739,0.906,1.327,545,641,56.310,1.104,1.182,0.846,0.912
6476,gcb8329.tif,1.160,4.282,0.795,1.729,817,639,25.201,1.104,1.541,0.649,0.890
6477,gcb8329.tif,0.102,1.095,1.000,0.460,143,631,126.870,0.368,1.281,0.781,0.857
6478,gcb8329.tif,0.745,3.240,0.892,1.252,272,640,36.027,0.920,1.299,0.770,0.893
6479,gcb8329.tif,0.051,0.965,0.686,0.460,862,631,143.130,0.206,2.778,0.360,0.706
6480,gcb8329.tif,5.962,10.188,0.722,3.924,550,664,39.289,2.071,2.112,0.474,0.898
6481,gcb8329.tif,0.483,3.133,0.618,1.327,838,646,56.310,0.614,2.646,0.378,0.803
6482,gcb8329.tif,1.838,5.408,0.790,2.098,314,658,74.745,1.380,1.469,0.681,0.897
6483,gcb8329.tif,0.652,3.133,0.835,1.308,525,637,140.711,0.781,1.648,0.607,0.885
6484,gcb8329.tif,1.685,5.884,0.612,2.273,599,638,121.759,1.301,1.768,0.566,0.806
6485,gcb8329.tif,0.313,1.984,1.000,0.786,775,639,110.556,0.552,1.265,0.790,0.902
6486,gcb8329.tif,0.974,4.694,0.555,1.897,712,659,39.094,0.773,3.077,0.325,0.754
6487,gcb8329.tif,0.838,3.294,0.971,1.200,360,658,57.529,1.012,1.128,0.886,0.934
6488,gcb8329.tif,0.093,1.019,1.000,0.460,666,650,36.870,0.276,1.372,0.729,0.957
6489,gcb8329.tif,3.091,6.459,0.931,2.195,691,668,56.976,1.933,1.105,0.905,0.947
6490,gcb8329.tif,1.550,4.758,0.860,1.787,591,648,101.889,1.196,1.510,0.662,0.936
6491,gcb8329.tif,0.838,3.577,0.823,1.455,806,651,124.695,0.846,1.745,0.573,0.912
6492,gcb8329.tif,3.921,7.455,0.887,2.603,387,655,98.130,1.933,1.306,0.766,0.945
6493,gcb8329.tif,1.787,5.049,0.881,1.897,519,674,67.166,1.288,1.433,0.698,0.944
6494,gcb8329.tif,0.229,1.723,0.967,0.651,637,666,45.000,0.552,1.062,0.941,0.871
6495,gcb8329.tif,0.821,5.484,0.343,2.043,957,686,82.235,0.828,2.556,0.391,0.693
6496,gcb8329.tif,0.169,1.485,0.965,0.582,536,667,108.435,0.455,1.203,0.831,0.851
6497,gcb8329.tif,2.769,6.513,0.820,2.545,461,670,139.399,1.692,1.518,0.659,0.936
6498,gcb8329.tif,2.117,5.332,0.936,1.840,726,688,53.130,1.564,1.140,0.877,0.936
6499,gcb8329.tif,5.505,16.202,0.263,4.460,508,695,21.801,2.540,1.941,0.515,0.626
6500,gcb8329.tif,0.178,1.539,0.943,0.589,637,673,128.660,0.460,1.182,0.846,0.840
6501,gcb8329.tif,0.601,3.025,0.826,1.200,564,676,147.529,0.766,1.594,0.627,0.871
6502,gcb8329.tif,1.905,6.580,0.553,2.125,312,688,175.030,1.288,1.897,0.527,0.795
6503,gcb8329.tif,2.490,5.853,0.913,2.172,592,701,36.384,1.562,1.398,0.715,0.941
6504,gcb8329.tif,0.186,1.463,1.000,0.589,259,687,128.660,0.460,1.101,0.908,0.936
6505,gcb8329.tif,0.296,1.984,0.947,0.742,694,688,119.745,0.617,1.182,0.846,0.864
6506,gcb8329.tif,2.888,7.760,0.603,3.076,777,711,38.928,1.378,2.685,0.372,0.834
6507,gcb8329.tif,0.457,2.612,0.842,1.041,738,698,45.000,0.722,1.273,0.785,0.871
6508,gcb8329.tif,5.801,8.941,0.912,3.014,642,690,102.339,2.577,1.167,0.857,0.953
6509,gcb8329.tif,2.430,6.014,0.844,1.991,669,694,146.310,1.724,1.100,0.909,0.920
6510,gcb8329.tif,1.702,4.995,0.857,1.777,352,709,68.749,1.372,1.271,0.787,0.914
6511,gcb8329.tif,1.338,4.291,0.913,1.509,387,707,52.431,1.196,1.170,0.855,0.938
6512,gcb8329.tif,1.236,4.520,0.761,1.758,718,699,6.009,1.012,1.621,0.617,0.890
6513,gcb8329.tif,1.660,4.735,0.930,1.768,554,713,38.660,1.380,1.229,0.814,0.942
6514,gcb8329.tif,1.804,4.942,0.928,1.692,412,718,67.620,1.472,1.114,0.898,0.938
6515,gcb8329.tif,0.898,3.555,0.893,1.282,313,703,111.038,0.920,1.300,0.769,0.926
6516,gcb8329.tif,0.364,2.450,0.762,0.947,741,710,29.055,0.644,1.491,0.670,0.827
6517,gcb8329.tif,0.127,1.279,0.976,0.521,367,714,45.000,0.368,1.161,0.862,0.857
6518,gcb8329.tif,0.390,2.222,0.992,0.873,502,710,108.435,0.552,1.446,0.691,0.929
6519,gcb8329.tif,0.483,2.482,0.985,0.906,392,717,156.038,0.736,1.180,0.848,0.912
6520,gcb8332.tif,1.761,8.474,0.308,3.150,502,7,173.290,1.104,3.460,0.289,0.646
6521,gcb8332.tif,1.245,4.053,0.952,1.405,676,2,121.608,1.196,1.124,0.890,0.933
6522,gcb8332.tif,1.643,5.624,0.653,2.103,712,4,156.801,1.196,2.106,0.475,0.826
6523,gcb8332.tif,0.152,1.387,0.996,0.589,471,4,128.660,0.368,1.254,0.798,0.947
6524,gcb8332.tif,3.159,11.162,0.319,3.420,418,5,113.806,1.847,2.173,0.460,0.667
6525,gcb8332.tif,1.651,4.942,0.850,1.787,341,19,34.509,1.280,1.368,0.731,0.926
6526,gcb8332.tif,2.524,9.156,0.378,3.166,439,10,144.462,1.496,3.057,0.327,0.648
6527,gcb8332.tif,0.906,4.443,0.577,1.941,625,18,31.430,0.766,2.999,0.333,0.836
6528,gcb8332.tif,2.447,6.243,0.789,2.058,226,10,116.565,1.656,1.162,0.861,0.907
6529,gcb8332.tif,0.449,2.406,0.975,0.920,561,17,36.870,0.736,1.250,0.800,0.922
6530,gcb8332.tif,1.287,5.853,0.472,1.987,263,11,103.392,1.368,1.358,0.736,0.683
6531,gcb8332.tif,0.432,2.536,0.844,0.920,292,16,143.130,0.728,1.208,0.828,0.879
6532,gcb8332.tif,1.287,4.237,0.901,1.543,586,33,72.646,1.104,1.303,0.767,0.930
6533,gcb8332.tif,1.118,4.520,0.688,1.610,604,28,30.964,1.083,1.566,0.639,0.835
6534,gcb8332.tif,0.195,1.517,1.000,0.589,492,21,128.660,0.460,1.008,0.992,0.958
6535,gcb8332.tif,0.195,2.190,0.510,0.701,301,22,113.199,0.494,1.373,0.729,0.719
6536,gcb8332.tif,0.144,1.355,0.985,0.537,751,22,120.964,0.453,1.238,0.808,0.829
6537,gcb8332.tif,0.212,1.984,0.676,0.868,76,31,57.995,0.453,2.113,0.473,0.820
6538,gcb8332.tif,0.644,3.056,0.866,1.196,399,25,112.620,0.815,1.428,0.700,0.884
6539,gcb8332.tif,1.558,4.627,0.914,1.692,633,26,112.380,1.288,1.238,0.808,0.927
6540,gcb8332.tif,0.068,1.095,0.710,0.412,217,30,26.565,0.325,1.235,0.810,0.667
6541,gcb8332.tif,3.066,8.582,0.523,3.114,545,56,55.840,1.539,2.482,0.403,0.775
6542,gcb8332.tif,2.270,6.998,0.582,2.925,165,38,12.724,1.012,3.116,0.321,0.918
6543,gcb8332.tif,1.262,4.443,0.803,1.729,527,28,115.201,1.145,1.528,0.654,0.876
6544,gcb8332.tif,0.457,2.536,0.894,1.073,286,37,30.964,0.640,1.764,0.567,0.915
6545,gcb8332.tif,0.051,0.781,1.000,0.332,337,35,33.690,0.260,1.291,0.775,0.800
6546,gcb8332.tif,0.373,2.298,0.887,0.873,653,41,71.565,0.644,1.247,0.802,0.863
6547,gcb8332.tif,0.212,2.060,0.627,0.911,79,42,45.000,0.453,2.375,0.421,0.758
6548,gcb8332.tif,1.702,6.557,0.497,2.400,444,35,94.399,1.104,2.316,0.432,0.806
6549,gcb8332.tif,0.483,2.428,1.000,0.873,248,36,108.435,0.736,1.085,0.921,0.912
6550,gcb8332.tif,2.574,8.734,0.424,3.220,339,72,59.036,1.286,3.304,0.303,0.705
6551,gcb8332.tif,2.566,6.849,0.687,2.228,372,60,38.290,1.808,1.329,0.753,0.837
6552,gcb8332.tif,1.482,4.573,0.890,1.583,420,56,54.462,1.288,1.143,0.875,0.923
6553,gcb8332.tif,0.754,3.164,0.946,1.164,692,54,71.565,0.828,1.280,0.781,0.937
6554,gcb8332.tif,0.212,1.647,0.981,0.651,703,47,45.000,0.460,1.122,0.891,0.926
6555,gcb8332.tif,0.144,1.279,1.000,0.537,661,44,120.964,0.368,1.263,0.792,0.919
6556,gcb8332.tif,0.415,2.298,0.988,0.873,410,45,108.435,0.644,1.258,0.795,0.899
6557,gcb8332.tif,0.144,1.463,0.845,0.664,321,52,56.310,0.368,1.798,0.556,0.895
6558,gcb8332.tif,0.559,2.742,0.934,1.049,672,46,105.255,0.736,1.406,0.711,0.904
6559,gcb8332.tif,0.999,3.662,0.936,1.327,296,47,123.690,1.012,1.215,0.823,0.937
6560,gcb8332.tif,2.371,6.154,0.787,2.226,478,49,119.745,1.427,1.521,0.658,0.914
6561,gcb8332.tif,0.288,1.930,0.972,0.742,525,57,172.875,0.552,1.323,0.756,0.872
6562,gcb8332.tif,0.406,3.240,0.486,1.252,79,68,72.897,0.552,2.480,0.403,0.756
6563,gcb8332.tif,1.016,3.739,0.914,1.368,276,56,109.654,1.012,1.363,0.734,0.923
6564,gcb8332.tif,0.618,2.904,0.921,1.112,259,68,65.556,0.736,1.396,0.716,0.924
6565,gcb8332.tif,0.534,3.847,0.453,1.697,733,76,77.471,0.521,3.673,0.272,0.797
6566,gcb8332.tif,0.483,2.818,0.764,1.029,585,60,116.565,0.823,1.194,0.838,0.832
6567,gcb8332.tif,0.398,2.352,0.904,0.848,605,67,40.601,0.644,1.101,0.908,0.922
6568,gcb8332.tif,0.567,2.895,0.851,1.252,655,71,36.027,0.651,2.002,0.499,0.882
6569,gcb8332.tif,2.414,5.853,0.885,2.076,390,85,77.196,1.656,1.250,0.800,0.934
6570,gcb8332.tif,0.669,3.110,0.869,1.252,450,71,17.103,0.736,1.588,0.630,0.898
6571,gcb8332.tif,1.914,5.148,0.908,1.834,519,66,107.526,1.472,1.231,0.812,0.926
6572,gcb8332.tif,0.220,1.670,0.993,0.670,228,70,164.055,0.460,1.415,0.707,0.881
6573,gcb8332.tif,0.457,2.612,0.842,1.112,781,71,155.556,0.644,1.813,0.552,0.871
6574,gcb8332.tif,0.195,1.670,0.878,0.664,286,72,146.310,0.460,1.352,0.740,0.868
6575,gcb8332.tif,0.584,3.501,0.599,1.487,603,79,21.801,0.640,2.552,0.392,0.784
6576,gcb8332.tif,1.279,4.183,0.918,1.523,405,89,64.983,1.162,1.293,0.773,0.926
6577,gcb8332.tif,1.211,4.443,0.771,1.659,310,92,70.560,1.012,1.683,0.594,0.911
6578,gcb8332.tif,1.846,4.942,0.950,1.813,354,75,113.962,1.380,1.233,0.811,0.944
6579,gcb8332.tif,0.618,2.926,0.907,1.171,798,77,135.000,0.823,1.440,0.695,0.901
6580,gcb8332.tif,0.127,1.616,0.612,0.589,82,77,128.660,0.424,1.462,0.684,0.682
6581,gcb8332.tif,0.373,2.482,0.760,1.029,294,77,100.305,0.460,2.186,0.457,0.898
6582,gcb8332.tif,1.465,4.605,0.868,1.813,484,77,113.962,1.104,1.584,0.631,0.943
6583,gcb8332.tif,1.143,4.075,0.865,1.429,708,85,14.931,1.196,1.122,0.892,0.912
6584,gcb8332.tif,0.686,3.371,0.759,1.380,567,92,53.130,0.846,1.772,0.564,0.862
6585,gcb8332.tif,0.102,1.225,0.851,0.496,178,85,21.801,0.357,1.515,0.660,0.774
6586,gcb8332.tif,3.625,10.839,0.388,3.508,333,120,85.486,2.053,2.236,0.447,0.682
6587,gcb8332.tif,1.287,4.237,0.901,1.607,503,83,113.629,1.104,1.426,0.701,0.924
6588,gcb8332.tif,0.576,2.796,0.926,1.073,832,91,30.964,0.736,1.371,0.730,0.901
6589,gcb8332.tif,1.999,7.055,0.505,2.688,518,104,38.047,1.255,2.627,0.381,0.748
6590,gcb8332.tif,1.152,3.869,0.967,1.405,584,84,121.608,1.104,1.168,0.856,0.935
6591,gcb8332.tif,0.093,1.019,1.000,0.460,256,89,53.130,0.276,1.372,0.729,0.957
6592,gcb8332.tif,3.176,9.407,0.451,3.205,458,89,140.826,1.642,2.403,0.416,0.763
6593,gcb8332.tif,0.068,0.835,1.000,0.390,246,92,45.000,0.276,1.229,0.814,0.941
6594,gcb8332.tif,2.956,6.513,0.876,2.346,425,91,131.820,1.770,1.287,0.777,0.934
6595,gcb8332.tif,1.135,5.700,0.439,2.187,282,100,14.621,1.116,2.341,0.427,0.677
6596,gcb8332.tif,3.447,7.065,0.868,2.503,628,94,107.103,1.840,1.355,0.738,0.941
6597,gcb8332.tif,1.084,4.151,0.790,1.509,546,107,37.569,1.149,1.272,0.786,0.874
6598,gcb8332.tif,0.864,3.555,0.859,1.405,347,97,148.392,0.957,1.415,0.707,0.887
6599,gcb8332.tif,2.007,5.462,0.845,1.840,653,112,53.130,1.605,1.110,0.901,0.915
6600,gcb8332.tif,2.278,7.208,0.551,2.277,377,105,165.964,1.722,1.475,0.678,0.787
6601,gcb8332.tif,1.922,5.202,0.893,1.877,605,122,78.690,1.380,1.359,0.736,0.921
6602,gcb8332.tif,0.178,1.777,0.707,0.759,80,104,104.036,0.368,1.988,0.503,0.857
6603,gcb8332.tif,2.126,8.020,0.415,2.539,235,124,43.531,1.631,1.458,0.686,0.715
6604,gcb8332.tif,2.049,5.332,0.906,1.922,414,105,106.699,1.472,1.310,0.763,0.929
6605,gcb8332.tif,3.853,9.982,0.486,3.179,531,105,112.109,2.070,1.483,0.674,0.764
6606,gcb8332.tif,1.338,4.389,0.873,1.523,718,112,154.983,1.333,1.106,0.904,0.905
6607,gcb8332.tif,0.093,1.225,0.780,0.496,850,106,158.199,0.276,1.722,0.581,0.815
6608,gcb8332.tif,0.686,3.003,0.956,1.112,459,110,155.556,0.893,1.265,0.790,0.900
6609,gcb8332.tif,0.356,2.504,0.713,0.995,765,119,56.310,0.576,1.839,0.544,0.816
6610,gcb8332.tif,0.525,4.129,0.387,1.589,910,110,100.008,0.645,3.405,0.294,0.656
6611,gcb8332.tif,0.703,3.240,0.841,1.252,282,111,107.103,0.828,1.508,0.663,0.883
6612,gcb8332.tif,0.161,1.593,0.796,0.651,565,117,171.870,0.368,1.679,0.596,0.826
6613,gcb8332.tif,0.237,2.114,0.667,0.848,869,128,77.471,0.460,1.927,0.519,0.778
6614,gcb8332.tif,3.277,10.870,0.349,2.910,445,135,18.435,1.877,1.709,0.585,0.751
6615,gcb8332.tif,0.957,4.995,0.482,2.068,294,123,122.276,0.859,3.221,0.310,0.700
6616,gcb8332.tif,0.737,3.110,0.957,1.178,347,125,141.340,0.920,1.207,0.828,0.921
6617,gcb8332.tif,0.161,1.409,1.000,0.589,209,129,38.660,0.453,1.391,0.719,0.884
6618,gcb8332.tif,0.322,2.114,0.905,0.792,321,125,144.462,0.644,1.174,0.852,0.884
6619,gcb8332.tif,2.388,6.687,0.671,2.375,420,146,54.462,1.627,1.526,0.655,0.870
6620,gcb8332.tif,1.457,5.018,0.727,1.689,588,126,119.358,1.378,1.213,0.824,0.854
6621,gcb8332.tif,0.508,2.765,0.835,1.073,923,126,149.036,0.716,1.469,0.681,0.863
6622,gcb8332.tif,3.548,11.835,0.318,3.794,546,147,14.036,2.084,2.148,0.466,0.643
6623,gcb8332.tif,0.229,1.961,0.747,0.823,78,127,116.565,0.433,2.055,0.487,0.844
6624,gcb8332.tif,0.491,2.536,0.960,0.978,368,128,131.186,0.736,1.197,0.836,0.906
6625,gcb8332.tif,1.143,4.596,0.680,1.583,394,139,35.538,1.145,1.553,0.644,0.836
6626,gcb8332.tif,0.110,1.225,0.922,0.496,613,127,111.801,0.368,1.312,0.762,0.812
6627,gcb8332.tif,0.669,2.926,0.982,1.073,668,136,30.964,0.920,1.111,0.900,0.924
6628,gcb8332.tif,0.178,1.517,0.971,0.651,879,128,135.000,0.460,1.300,0.769,0.933
6629,gcb8332.tif,1.431,6.068,0.488,2.125,704,152,72.350,1.161,2.297,0.435,0.738
6630,gcb8332.tif,2.109,5.408,0.906,1.935,621,150,64.654,1.523,1.239,0.807,0.936
6631,gcb8332.tif,0.246,1.746,1.000,0.670,264,133,105.945,0.552,1.175,0.851,0.866
6632,gcb8332.tif,4.480,11.880,0.399,3.843,904,133,106.699,2.080,2.134,0.469,0.705
6633,gcb8332.tif,0.754,3.609,0.727,1.455,314,145,18.435,0.732,2.076,0.482,0.873
6634,gcb8332.tif,0.144,1.333,1.000,0.537,653,140,30.964,0.368,1.134,0.882,0.919
6635,gcb8332.tif,0.237,2.114,0.667,0.873,79,138,108.435,0.460,2.010,0.497,0.800
6636,gcb8332.tif,4.768,14.681,0.278,5.134,451,166,14.534,2.287,3.062,0.327,0.590
6637,gcb8332.tif,0.059,0.835,1.000,0.412,688,140,26.565,0.184,1.936,0.517,0.933
6638,gcb8332.tif,0.576,3.294,0.667,1.455,847,153,71.565,0.625,2.687,0.372,0.866
6639,gcb8332.tif,0.263,1.961,0.858,0.848,810,146,49.399,0.524,1.632,0.613,0.873
6640,gcb8332.tif,0.508,3.977,0.404,1.758,510,145,6.009,0.532,3.863,0.259,0.745
6641,gcb8332.tif,0.373,2.244,0.930,0.792,253,142,144.462,0.714,1.078,0.928,0.846
6642,gcb8332.tif,1.287,4.183,0.924,1.455,343,155,55.305,1.288,1.091,0.917,0.930
6643,gcb8332.tif,0.508,2.558,0.976,0.947,291,143,119.055,0.828,1.124,0.889,0.882
6644,gcb8332.tif,0.872,3.425,0.935,1.238,443,143,131.987,1.012,1.116,0.896,0.928
6645,gcb8332.tif,0.254,1.854,0.929,0.742,801,151,60.255,0.535,1.431,0.699,0.857
6646,gcb8332.tif,0.788,3.371,0.871,1.278,633,160,59.744,0.893,1.473,0.679,0.890
6647,gcb8332.tif,0.322,2.352,0.731,0.906,660,148,113.962,0.552,1.418,0.705,0.844
6648,gcb8332.tif,1.634,5.516,0.675,2.273,262,170,58.241,1.111,2.184,0.458,0.889
6649,gcb8332.tif,0.618,2.872,0.942,1.120,422,152,170.538,0.736,1.385,0.722,0.901
6650,gcb8332.tif,0.559,2.742,0.934,1.112,535,149,114.444,0.728,1.579,0.633,0.904
6651,gcb8332.tif,4.497,11.629,0.418,4.075,565,194,83.517,1.840,2.498,0.400,0.768
6652,gcb8332.tif,0.051,0.911,0.769,0.390,827,153,135.000,0.276,1.295,0.772,0.750
6653,gcb8332.tif,0.610,4.488,0.380,1.402,378,168,66.801,0.755,1.956,0.511,0.689
6654,gcb8332.tif,0.279,1.831,1.000,0.719,411,155,129.806,0.552,1.071,0.934,0.957
6655,gcb8332.tif,1.965,5.929,0.702,2.323,593,178,56.310,1.211,2.200,0.455,0.847
6656,gcb8332.tif,0.102,1.149,0.967,0.496,612,159,21.801,0.276,1.579,0.633,0.889
6657,gcb8332.tif,2.939,6.405,0.900,2.256,513,182,78.232,1.748,1.283,0.779,0.946
6658,gcb8332.tif,0.788,4.228,0.554,1.770,653,176,62.103,0.846,1.915,0.522,0.785
6659,gcb8332.tif,0.076,1.225,0.638,0.496,829,159,111.801,0.276,1.617,0.619,0.750
6660,gcb8332.tif,1.160,4.336,0.776,1.583,716,161,125.538,1.111,1.381,0.724,0.887
6661,gcb8332.tif,0.093,1.225,0.780,0.537,105,163,120.964,0.335,1.836,0.545,0.733
6662,gcb8332.tif,2.151,8.182,0.404,2.286,404,163,130.101,2.009,1.223,0.818,0.658
6663,gcb8332.tif,0.771,3.555,0.766,1.368,540,175,42.274,0.823,1.824,0.548,0.854
6664,gcb8332.tif,0.491,3.240,0.588,1.282,80,178,68.962,0.644,2.065,0.484,0.817
6665,gcb8332.tif,0.661,3.003,0.921,1.049,683,166,105.255,0.920,1.118,0.895,0.891
6666,gcb8332.tif,1.152,4.389,0.751,1.758,699,185,83.991,1.012,1.696,0.589,0.883
6667,gcb8332.tif,0.661,3.501,0.677,1.408,832,170,11.310,0.704,2.271,0.440,0.821
6668,gcb8332.tif,0.847,3.447,0.896,1.318,479,171,167.905,0.920,1.490,0.671,0.893
6669,gcb8332.tif,0.694,3.056,0.934,1.077,346,179,70.017,0.920,1.163,0.860,0.896
6670,gcb8332.tif,4.480,10.283,0.532,3.828,220,172,152.819,1.778,2.222,0.450,0.794
6671,gcb8332.tif,0.169,1.409,1.000,0.537,291,170,120.964,0.460,1.038,0.963,0.909
6672,gcb8332.tif,0.406,2.949,0.588,1.252,858,171,126.027,0.571,2.883,0.347,0.733
6673,gcb8332.tif,1.203,4.573,0.722,1.607,451,189,76.759,1.104,1.608,0.622,0.845
6674,gcb8332.tif,0.466,2.460,0.967,0.911,625,173,135.000,0.736,1.036,0.965,0.932
6675,gcb8332.tif,0.567,3.066,0.759,1.282,357,186,68.962,0.552,2.238,0.447,0.937
6676,gcb8332.tif,1.931,5.310,0.861,1.950,369,173,109.290,1.380,1.412,0.708,0.934
6677,gcb8332.tif,0.271,2.114,0.762,0.792,777,183,35.538,0.576,1.315,0.760,0.821
6678,gcb8332.tif,0.644,3.425,0.690,1.455,280,183,161.565,0.714,2.223,0.450,0.874
6679,gcb8332.tif,1.152,4.986,0.582,1.631,329,183,106.390,1.222,1.505,0.665,0.751
6680,gcb8332.tif,3.091,7.262,0.737,2.637,639,185,119.249,1.847,1.336,0.748,0.857
6681,gcb8332.tif,0.440,2.428,0.939,0.873,713,185,108.435,0.728,1.226,0.816,0.881
6682,gcb8332.tif,0.322,2.276,0.781,0.961,925,195,73.301,0.460,2.150,0.465,0.874
6683,gcb8332.tif,0.406,2.536,0.794,0.947,662,187,119.055,0.644,1.569,0.637,0.873
6684,gcb8332.tif,2.303,7.208,0.557,2.346,677,209,41.820,1.812,1.067,0.937,0.773
6685,gcb8332.tif,0.373,2.352,0.847,0.991,871,199,68.199,0.552,1.872,0.534,0.889
6686,gcb8332.tif,0.576,2.850,0.891,1.123,906,190,145.008,0.736,1.459,0.685,0.901
6687,gcb8332.tif,0.847,3.478,0.880,1.252,306,205,72.897,0.920,1.319,0.758,0.905
6688,gcb8332.tif,2.557,8.335,0.463,2.357,405,214,51.340,1.933,1.394,0.717,0.816
6689,gcb8332.tif,0.068,0.835,1.000,0.390,86,195,135.000,0.276,1.229,0.814,0.941
6690,gcb8332.tif,0.093,1.019,1.000,0.460,774,198,36.870,0.276,1.372,0.729,0.957
6691,gcb8332.tif,0.085,0.965,1.000,0.412,853,195,116.565,0.276,1.327,0.753,0.909
6692,gcb8332.tif,3.447,8.106,0.659,2.782,379,221,55.784,1.969,1.538,0.650,0.861
6693,gcb8332.tif,0.821,3.577,0.807,1.455,464,199,145.305,0.810,1.946,0.514,0.882
6694,gcb8332.tif,0.237,1.701,1.000,0.664,440,198,123.690,0.460,1.186,0.843,0.966
6695,gcb8332.tif,0.093,1.095,0.976,0.460,722,198,126.870,0.368,1.343,0.745,0.815
6696,gcb8332.tif,1.702,4.865,0.904,1.729,512,217,64.799,1.288,1.255,0.797,0.933
6697,gcb8332.tif,0.144,1.670,0.649,0.719,81,206,50.194,0.370,2.234,0.448,0.723
6698,gcb8332.tif,0.483,2.558,0.927,1.029,280,200,116.565,0.699,1.556,0.643,0.898
6699,gcb8332.tif,1.389,4.726,0.781,1.573,563,202,110.556,1.414,1.108,0.902,0.865
6700,gcb8332.tif,0.059,0.889,0.943,0.412,669,202,116.565,0.184,1.936,0.517,0.933
6701,gcb8332.tif,0.195,1.723,0.824,0.742,525,203,119.745,0.437,1.817,0.550,0.836
6702,gcb8332.tif,0.508,3.707,0.465,1.380,590,213,36.870,0.751,2.396,0.417,0.670
6703,gcb8332.tif,2.244,7.998,0.441,2.683,327,234,67.834,1.534,2.238,0.447,0.725
6704,gcb8332.tif,0.229,2.168,0.611,0.938,579,208,168.690,0.368,2.488,0.402,0.806
6705,gcb8332.tif,0.195,1.485,1.000,0.617,699,207,116.565,0.460,1.241,0.806,0.885
6706,gcb8332.tif,0.152,1.616,0.734,0.719,727,213,39.806,0.325,2.511,0.398,0.783
6707,gcb8332.tif,0.254,1.831,0.952,0.742,823,208,119.745,0.460,1.480,0.676,0.938
6708,gcb8332.tif,0.110,1.095,1.000,0.460,322,209,126.870,0.368,1.159,0.863,0.897
6709,gcb8332.tif,0.737,3.110,0.957,1.123,440,218,34.992,0.920,1.197,0.835,0.921
6710,gcb8332.tif,2.998,8.074,0.578,2.604,609,214,147.995,1.863,1.530,0.654,0.796
6711,gcb8332.tif,0.068,0.965,0.914,0.412,895,212,116.565,0.276,1.605,0.623,0.800
6712,gcb8332.tif,0.677,3.056,0.911,1.077,454,221,19.983,0.920,1.014,0.986,0.894
6713,gcb8332.tif,0.144,1.463,0.845,0.537,473,218,120.964,0.368,1.173,0.852,0.895
6714,gcb8332.tif,0.669,3.056,0.900,1.178,770,220,141.340,0.883,1.381,0.724,0.888
6715,gcb8332.tif,0.457,2.558,0.878,1.049,534,219,127.875,0.715,1.601,0.625,0.857
6716,gcb8332.tif,0.356,2.558,0.683,1.073,499,220,120.964,0.576,2.285,0.438,0.778
6717,gcb8332.tif,0.203,1.670,0.916,0.664,753,226,56.310,0.460,1.286,0.778,0.889
6718,gcb8332.tif,1.634,9.106,0.248,3.415,919,220,104.036,1.517,2.567,0.390,0.443
6719,gcb8332.tif,1.584,4.551,0.961,1.583,402,236,54.462,1.288,1.125,0.889,0.944
6720,gcb8332.tif,0.110,1.095,1.000,0.460,668,221,126.870,0.368,1.093,0.915,0.897
6721,gcb8332.tif,3.040,8.725,0.502,2.946,419,224,141.340,1.841,1.668,0.600,0.761
6722,gcb8332.tif,0.119,1.149,1.000,0.460,652,223,126.870,0.368,1.020,0.981,0.933
6723,gcb8332.tif,3.091,9.493,0.431,3.616,210,231,165.256,1.564,2.893,0.346,0.787
6724,gcb8332.tif,2.507,9.169,0.375,2.545,596,226,139.399,1.936,1.101,0.908,0.688
6725,gcb8332.tif,2.168,7.100,0.540,2.683,583,254,84.094,1.462,1.833,0.545,0.791
6726,gcb8332.tif,0.330,2.244,0.824,0.823,286,235,63.435,0.640,1.172,0.853,0.821
6727,gcb8332.tif,3.337,8.626,0.563,3.173,455,227,106.858,1.823,1.841,0.543,0.840
6728,gcb8332.tif,0.542,2.796,0.871,1.073,474,227,120.964,0.817,1.418,0.705,0.871
6729,gcb8332.tif,0.051,0.835,0.916,0.390,820,227,135.000,0.260,1.593,0.628,0.857
6730,gcb8332.tif,0.296,2.818,0.469,1.077,83,240,70.017,0.460,2.208,0.453,0.795
6731,gcb8332.tif,0.957,4.389,0.624,1.852,295,239,26.565,0.864,2.496,0.401,0.828
6732,gcb8332.tif,0.263,1.777,1.000,0.719,785,234,39.806,0.552,1.196,0.836,0.939
6733,gcb8332.tif,0.212,1.647,0.981,0.651,517,235,45.000,0.460,1.143,0.875,0.909
6734,gcb8332.tif,3.142,7.684,0.669,2.890,637,261,80.838,1.653,2.005,0.499,0.872
6735,gcb8332.tif,0.059,0.835,1.000,0.332,865,230,123.690,0.276,1.069,0.936,0.875
6736,gcb8332.tif,0.432,2.406,0.938,0.947,700,240,60.945,0.644,1.372,0.729,0.927
6737,gcb8332.tif,1.236,5.605,0.494,2.103,534,242,23.199,1.283,1.963,0.509,0.697
6738,gcb8332.tif,0.059,1.095,0.621,0.496,353,236,21.801,0.233,2.696,0.371,0.667
6739,gcb8332.tif,0.085,0.965,1.000,0.460,276,238,36.870,0.276,1.551,0.645,0.909
6740,gcb8332.tif,0.076,0.965,1.000,0.412,833,239,63.435,0.276,1.340,0.746,0.857
6741,gcb8332.tif,1.236,4.389,0.806,1.667,387,238,96.340,1.104,1.565,0.639,0.882
6742,gcb8332.tif,1.440,4.986,0.728,1.667,521,238,96.340,1.374,1.101,0.908,0.844
6743,gcb8332.tif,0.263,2.038,0.795,0.848,347,248,77.471,0.460,1.718,0.582,0.849
6744,gcb8332.tif,0.271,1.854,0.991,0.701,488,241,156.801,0.552,1.084,0.923,0.889
6745,gcb8332.tif,0.178,1.485,1.000,0.589,886,242,128.660,0.460,1.113,0.899,0.840
6746,gcb8332.tif,0.440,3.469,0.460,1.368,83,256,70.346,0.644,2.079,0.481,0.722
6747,gcb8332.tif,1.728,5.202,0.802,2.010,240,242,105.945,1.104,1.745,0.573,0.927
6748,gcb8332.tif,0.805,3.326,0.914,1.318,269,244,114.775,0.736,1.604,0.624,0.964
6749,gcb8332.tif,0.135,1.593,0.671,0.670,308,251,74.055,0.276,2.364,0.423,0.842
6750,gcb8332.tif,0.906,3.555,0.901,1.308,559,256,50.711,1.004,1.291,0.775,0.907
6751,gcb8332.tif,2.447,7.132,0.605,2.277,409,270,75.964,1.748,1.198,0.835,0.821
6752,gcb8332.tif,0.237,1.854,0.867,0.759,501,246,104.036,0.460,1.479,0.676,0.862
6753,gcb8332.tif,1.372,6.221,0.446,2.559,708,269,52.306,1.091,2.893,0.346,0.706
6754,gcb8332.tif,0.169,1.485,0.965,0.617,375,247,116.565,0.455,1.274,0.785,0.833
6755,gcb8332.tif,1.194,4.367,0.787,1.697,687,247,102.529,0.920,1.734,0.577,0.925
6756,gcb8332.tif,0.237,1.961,0.775,0.833,909,248,96.340,0.368,1.979,0.505,0.903
6757,gcb8332.tif,3.489,10.893,0.370,3.879,338,250,112.306,1.816,2.870,0.348,0.677
6758,gcb8332.tif,1.346,4.259,0.933,1.487,430,252,158.199,1.288,1.122,0.891,0.924
6759,gcb8332.tif,0.059,0.911,0.898,0.379,309,253,165.964,0.276,1.387,0.721,0.737
6760,gcb8332.tif,0.271,1.907,0.936,0.742,485,254,119.745,0.552,1.316,0.760,0.877
6761,gcb8332.tif,0.212,1.723,0.896,0.742,802,261,60.255,0.453,1.818,0.550,0.862
6762,gcb8332.tif,0.652,2.971,0.928,1.077,596,257,109.983,0.911,1.187,0.843,0.880
6763,gcb8332.tif,0.279,1.907,0.965,0.786,660,257,110.556,0.460,1.543,0.648,0.917
6764,gcb8332.tif,0.745,5.843,0.274,2.033,85,280,84.806,0.678,3.591,0.278,0.638
6765,gcb8332.tif,0.703,3.034,0.959,1.123,380,258,124.992,0.905,1.207,0.828,0.938
6766,gcb8332.tif,0.178,1.485,1.000,0.582,743,261,161.565,0.460,1.221,0.819,0.857
6767,gcb8332.tif,0.948,3.609,0.915,1.437,534,274,50.194,0.975,1.464,0.683,0.933
6768,gcb8332.tif,3.032,7.715,0.640,2.768,500,264,105.422,1.587,2.045,0.489,0.854
6769,gcb8332.tif,0.923,3.555,0.918,1.327,304,268,146.310,1.012,1.230,0.813,0.912
6770,gcb8332.tif,0.534,2.666,0.943,1.049,421,274,52.125,0.781,1.364,0.733,0.913
6771,gcb8332.tif,1.118,6.633,0.319,2.817,660,289,51.633,0.814,4.698,0.213,0.588
6772,gcb8332.tif,0.203,1.593,1.000,0.617,454,266,116.565,0.460,1.108,0.902,0.906
6773,gcb8332.tif,0.085,1.041,0.982,0.412,586,266,116.565,0.329,1.316,0.760,0.769
6774,gcb8332.tif,0.051,1.041,0.589,0.390,552,268,135.000,0.276,1.248,0.801,0.667
6775,gcb8332.tif,0.788,3.891,0.654,1.692,733,284,67.620,0.779,2.411,0.415,0.845
6776,gcb8332.tif,0.051,0.705,1.000,0.332,617,268,146.310,0.184,1.500,0.667,1.000
6777,gcb8332.tif,1.499,4.834,0.806,1.843,367,269,92.862,1.176,1.581,0.633,0.898
6778,gcb8332.tif,0.068,0.835,1.000,0.390,689,270,135.000,0.276,1.229,0.814,0.941
6779,gcb8332.tif,3.853,13.289,0.274,3.504,680,293,23.199,2.393,1.947,0.514,0.634
6780,gcb8332.tif,0.051,0.781,1.000,0.332,785,272,123.690,0.260,1.291,0.775,0.800
6781,gcb8332.tif,0.466,2.536,0.910,0.995,654,279,33.690,0.736,1.249,0.801,0.902
6782,gcb8332.tif,0.500,2.558,0.959,0.947,576,274,119.055,0.815,1.110,0.901,0.894
6783,gcb8332.tif,0.085,1.301,0.628,0.496,929,279,68.199,0.368,1.226,0.816,0.667
6784,gcb8332.tif,0.195,1.539,1.000,0.617,589,275,116.565,0.460,1.126,0.888,0.868
6785,gcb8332.tif,3.497,9.147,0.525,2.578,462,283,145.176,2.209,1.260,0.793,0.812
6786,gcb8332.tif,0.339,1.984,1.000,0.792,393,277,125.538,0.644,1.234,0.810,0.920
6787,gcb8332.tif,1.245,4.389,0.812,1.607,621,277,103.241,1.196,1.268,0.788,0.875
6788,gcb8332.tif,0.745,3.815,0.643,1.455,157,278,124.695,0.957,1.638,0.611,0.811
6789,gcb8332.tif,1.008,3.891,0.836,1.429,915,278,104.931,1.104,1.162,0.860,0.872
6790,gcb8332.tif,1.330,4.726,0.748,1.863,434,282,122.905,0.987,2.090,0.478,0.849
6791,gcb8332.tif,0.559,3.187,0.692,1.432,633,295,45.000,0.632,2.534,0.395,0.825
6792,gcb8332.tif,0.550,2.666,0.973,1.029,336,287,116.565,0.736,1.312,0.762,0.915
6793,gcb8332.tif,1.186,6.849,0.318,2.805,389,310,48.991,0.873,4.073,0.246,0.635
6794,gcb8332.tif,0.703,4.053,0.538,1.813,891,289,113.962,0.644,3.345,0.299,0.818
6795,gcb8332.tif,0.127,1.800,0.493,0.664,234,290,123.690,0.387,2.228,0.449,0.638
6796,gcb8332.tif,0.771,3.110,1.000,1.123,647,290,124.992,0.920,1.110,0.901,0.933
6797,gcb8332.tif,0.991,7.154,0.243,1.952,298,291,98.130,1.254,1.938,0.516,0.515
6798,gcb8332.tif,0.364,2.092,1.000,0.792,390,291,125.538,0.644,1.088,0.919,0.945
6799,gcb8332.tif,1.846,5.094,0.894,1.897,525,310,67.166,1.397,1.385,0.722,0.922
6800,gcb8332.tif,0.195,1.670,0.878,0.617,259,299,63.435,0.535,1.138,0.879,0.807
6801,gcb8332.tif,0.279,1.984,0.892,0.792,829,295,125.538,0.552,1.430,0.699,0.892
6802,gcb8332.tif,0.093,1.019,1.000,0.460,493,296,126.870,0.276,1.372,0.729,0.957
6803,gcb8332.tif,1.694,6.481,0.507,2.654,493,313,33.690,1.144,2.731,0.366,0.771
6804,gcb8332.tif,0.203,1.593,1.000,0.664,774,301,33.690,0.460,1.381,0.724,0.906
6805,gcb8332.tif,0.542,4.313,0.366,1.751,87,298,93.013,0.640,3.833,0.261,0.656
6806,gcb8332.tif,0.271,1.854,0.991,0.701,310,300,113.199,0.552,1.204,0.831,0.889
6807,gcb8332.tif,0.246,1.723,1.000,0.664,761,305,33.690,0.552,1.182,0.846,0.906
6808,gcb8332.tif,2.244,5.570,0.909,1.967,552,322,79.216,1.472,1.290,0.775,0.938
6809,gcb8332.tif,0.085,1.095,0.887,0.460,615,302,143.130,0.276,1.285,0.778,0.870
6810,gcb8332.tif,1.812,6.602,0.523,1.897,648,324,75.964,1.512,1.291,0.775,0.801
6811,gcb8332.tif,0.390,2.222,0.992,0.848,468,307,139.399,0.644,1.130,0.885,0.920
6812,gcb8332.tif,0.152,1.355,1.000,0.537,907,310,30.964,0.455,1.130,0.885,0.857
6813,gcb8332.tif,0.847,4.910,0.441,1.852,719,326,63.435,0.870,2.474,0.404,0.714
6814,gcb8332.tif,0.212,1.723,0.896,0.664,597,309,123.690,0.535,1.227,0.815,0.847
6815,gcb8332.tif,1.643,7.464,0.371,3.233,421,314,4.899,0.805,4.688,0.213,0.790
6816,gcb8332.tif,0.110,1.279,0.846,0.589,274,311,141.340,0.368,1.624,0.616,0.812
6817,gcb8332.tif,2.464,7.953,0.490,3.285,692,311,101.310,1.197,3.185,0.314,0.817
6818,gcb8332.tif,1.050,3.824,0.902,1.405,676,312,121.608,0.920,1.399,0.715,0.950
6819,gcb8332.tif,4.437,16.256,0.211,6.461,209,374,54.273,1.646,5.681,0.176,0.550
6820,gcb8332.tif,1.914,5.049,0.943,1.813,335,314,113.962,1.380,1.204,0.831,0.950
6821,gcb8332.tif,0.186,1.539,0.988,0.617,665,318,116.565,0.460,1.170,0.854,0.863
6822,gcb8332.tif,0.059,1.149,0.564,0.390,88,320,135.000,0.276,1.033,0.968,0.700
6823,gcb8332.tif,1.533,5.462,0.646,2.241,401,330,19.179,1.152,1.976,0.506,0.854
6824,gcb8332.tif,0.491,2.872,0.748,1.178,300,329,38.660,0.651,1.993,0.502,0.817
6825,gcb8332.tif,0.948,4.466,0.598,1.455,605,321,108.435,1.104,1.405,0.712,0.806
6826,gcb8332.tif,0.288,2.796,0.463,1.138,83,334,75.964,0.460,3.281,0.305,0.716
6827,gcb8332.tif,3.777,11.714,0.346,4.540,540,339,17.700,1.699,3.318,0.301,0.721
6828,gcb8332.tif,0.068,0.835,1.000,0.390,374,328,45.000,0.276,1.229,0.814,0.941
6829,gcb8332.tif,4.531,10.924,0.477,3.436,430,341,159.624,2.375,1.481,0.675,0.773
6830,gcb8332.tif,0.254,2.190,0.666,0.920,918,327,126.870,0.427,2.484,0.403,0.759
6831,gcb8332.tif,0.051,0.705,1.000,0.332,640,329,146.310,0.184,1.500,0.667,1.000
6832,gcb8332.tif,1.262,4.075,0.955,1.440,361,330,116.565,1.196,1.177,0.849,0.925
6833,gcb8332.tif,1.067,4.726,0.600,1.567,795,332,139.764,1.250,1.183,0.845,0.808
6834,gcb8332.tif,2.566,7.630,0.554,2.675,614,348,26.565,1.673,1.534,0.652,0.807
6835,gcb8332.tif,1.423,4.367,0.937,1.692,665,334,112.380,1.104,1.438,0.696,0.946
6836,gcb8332.tif,0.161,1.463,0.944,0.651,682,338,135.000,0.453,1.571,0.637,0.884
6837,gcb8332.tif,0.864,4.497,0.537,1.915,716,357,54.782,0.700,3.409,0.293,0.770
6838,gcb8332.tif,1.372,6.167,0.453,2.068,401,342,159.146,1.417,1.402,0.713,0.679
6839,gcb8332.tif,1.431,5.148,0.679,2.020,302,344,149.931,1.192,1.977,0.506,0.818
6840,gcb8332.tif,1.084,3.869,0.910,1.405,591,341,121.608,1.104,1.194,0.838,0.921
6841,gcb8332.tif,0.076,0.965,1.000,0.412,824,345,63.435,0.276,1.340,0.746,0.857
6842,gcb8332.tif,0.085,1.019,1.000,0.412,253,344,116.565,0.276,1.236,0.809,0.909
6843,gcb8332.tif,0.457,2.742,0.764,1.120,85,346,99.462,0.644,1.861,0.537,0.844
6844,gcb8332.tif,0.203,1.854,0.743,0.701,763,354,23.199,0.460,1.567,0.638,0.842
6845,gcb8332.tif,0.178,1.463,1.000,0.589,268,355,51.340,0.460,1.062,0.942,0.913
6846,gcb8332.tif,0.313,1.961,1.000,0.792,380,357,54.462,0.552,1.241,0.806,0.949
6847,gcb8332.tif,5.564,13.384,0.390,3.479,481,354,127.476,2.762,1.381,0.724,0.762
6848,gcb8332.tif,0.169,1.593,0.838,0.701,575,359,66.801,0.368,1.759,0.569,0.889
6849,gcb8332.tif,1.728,5.853,0.634,2.166,653,375,77.735,1.315,1.968,0.508,0.783
6850,gcb8332.tif,0.271,1.854,0.991,0.701,250,364,66.801,0.552,1.190,0.840,0.889
6851,gcb8332.tif,0.051,0.889,0.809,0.379,565,357,104.036,0.184,1.809,0.553,0.857
6852,gcb8332.tif,0.356,2.168,0.951,0.848,343,358,130.601,0.644,1.300,0.769,0.894
6853,gcb8332.tif,0.347,2.222,0.884,0.823,423,358,116.565,0.644,1.271,0.787,0.863
6854,gcb8332.tif,0.339,2.396,0.741,0.995,749,365,33.690,0.517,2.253,0.444,0.800
6855,gcb8332.tif,1.795,7.262,0.428,2.037,618,382,71.565,1.719,1.225,0.816,0.695
6856,gcb8332.tif,1.186,4.910,0.618,1.967,585,368,169.216,0.948,2.255,0.443,0.798
6857,gcb8332.tif,0.135,1.409,0.857,0.537,406,363,120.964,0.453,1.276,0.784,0.821
6858,gcb8332.tif,2.922,6.252,0.939,2.195,324,385,56.976,1.748,1.202,0.832,0.957
6859,gcb8332.tif,0.550,3.662,0.516,1.408,85,366,101.310,0.610,2.394,0.418,0.778
6860,gcb8332.tif,4.590,13.743,0.305,4.043,563,377,168.179,2.292,2.286,0.437,0.595
6861,gcb8332.tif,0.254,1.723,1.000,0.664,720,371,33.690,0.552,1.116,0.896,0.923
6862,gcb8332.tif,0.618,2.872,0.942,1.049,677,370,105.255,0.828,1.227,0.815,0.890
6863,gcb8332.tif,0.432,3.326,0.491,1.498,930,370,100.620,0.368,3.753,0.266,0.895
6864,gcb8332.tif,0.542,2.644,0.974,1.029,540,381,63.435,0.644,1.417,0.706,0.962
6865,gcb8332.tif,0.102,1.073,1.000,0.460,757,372,126.870,0.276,1.333,0.750,1.000
6866,gcb8332.tif,0.322,2.136,0.886,0.759,712,373,104.036,0.644,1.117,0.895,0.854
6867,gcb8332.tif,0.576,2.796,0.926,1.016,312,375,95.194,0.736,1.209,0.827,0.895
6868,gcb8332.tif,1.109,3.923,0.906,1.408,693,390,78.690,1.012,1.273,0.786,0.919
6869,gcb8332.tif,1.575,4.964,0.803,1.659,383,380,146.310,1.399,1.199,0.834,0.861
6870,gcb8332.tif,0.618,2.872,0.942,1.049,366,388,74.745,0.828,1.182,0.846,0.890
6871,gcb8332.tif,1.016,3.977,0.808,1.532,730,377,122.735,1.012,1.367,0.731,0.886
6872,gcb8332.tif,0.889,3.555,0.884,1.308,653,390,50.711,1.041,1.195,0.837,0.905
6873,gcb8332.tif,0.059,0.835,1.000,0.390,868,383,45.000,0.276,1.380,0.725,0.875
6874,gcb8332.tif,1.236,5.754,0.469,2.308,85,407,85.426,0.893,2.865,0.349,0.796
6875,gcb8332.tif,0.237,1.907,0.819,0.742,414,384,172.875,0.460,1.432,0.698,0.848
6876,gcb8332.tif,0.051,0.781,1.000,0.332,435,385,33.690,0.260,1.291,0.775,0.800
6877,gcb8332.tif,6.106,16.840,0.271,6.381,443,387,146.768,2.395,3.446,0.290,0.545
6878,gcb8332.tif,0.076,0.965,1.000,0.412,295,389,26.565,0.276,1.340,0.746,0.857
6879,gcb8332.tif,1.397,5.484,0.584,1.850,107,408,84.289,1.279,1.501,0.666,0.767
6880,gcb8332.tif,2.896,6.773,0.793,2.478,538,393,164.932,1.564,1.645,0.608,0.910
6881,gcb8332.tif,1.677,5.018,0.837,1.697,609,407,49.399,1.472,1.153,0.867,0.888
6882,gcb8332.tif,3.811,8.268,0.701,3.173,635,425,73.142,1.656,2.104,0.475,0.900
6883,gcb8332.tif,0.195,1.723,0.824,0.719,777,398,39.806,0.494,1.722,0.581,0.807
6884,gcb8332.tif,0.339,2.168,0.906,0.792,681,394,125.538,0.644,1.265,0.791,0.860
6885,gcb8332.tif,0.237,2.168,0.634,0.848,921,394,102.529,0.460,1.958,0.511,0.778
6886,gcb8332.tif,0.220,1.723,0.932,0.701,722,403,66.801,0.460,1.486,0.673,0.881
6887,gcb8332.tif,5.132,15.485,0.269,5.207,275,438,46.432,2.614,2.583,0.387,0.585
6888,gcb8332.tif,1.279,4.205,0.909,1.543,411,397,107.354,1.150,1.320,0.758,0.904
6889,gcb8332.tif,1.067,4.389,0.696,1.610,378,412,30.964,1.038,1.597,0.626,0.848
6890,gcb8332.tif,0.390,2.244,0.972,0.823,575,403,153.435,0.716,1.084,0.923,0.893
6891,gcb8332.tif,0.271,1.885,0.958,0.742,696,407,29.745,0.460,1.358,0.736,0.955
6892,gcb8332.tif,0.373,2.244,0.930,0.823,770,402,116.565,0.736,1.121,0.892,0.863
6893,gcb8332.tif,0.906,3.977,0.720,1.437,254,403,129.806,1.002,1.329,0.752,0.884
6894,gcb8332.tif,0.135,1.279,1.000,0.537,668,408,59.036,0.368,1.234,0.810,0.889
6895,gcb8332.tif,0.627,3.034,0.855,1.153,719,418,61.390,0.803,1.433,0.698,0.886
6896,gcb8332.tif,1.321,4.282,0.906,1.484,326,410,97.125,1.276,1.149,0.870,0.899
6897,gcb8332.tif,1.042,3.815,0.899,1.318,422,424,65.225,1.162,1.144,0.874,0.898
6898,gcb8332.tif,0.381,2.298,0.907,0.920,509,421,36.870,0.651,1.431,0.699,0.882
6899,gcb8332.tif,0.229,1.777,0.910,0.701,656,414,113.199,0.460,1.457,0.686,0.885
6900,gcb8332.tif,0.119,1.149,1.000,0.521,884,418,45.000,0.368,1.319,0.758,0.933
6901,gcb8332.tif,3.438,9.179,0.513,2.762,381,422,150.018,2.117,1.549,0.646,0.776
6902,gcb8332.tif,0.169,1.485,0.965,0.617,865,418,153.435,0.455,1.447,0.691,0.833
6903,gcb8332.tif,0.745,3.164,0.935,1.196,341,433,67.380,0.828,1.365,0.733,0.931
6904,gcb8332.tif,0.627,2.796,1.000,1.073,575,421,120.964,0.828,1.196,0.836,0.931
6905,gcb8332.tif,1.355,6.449,0.409,2.043,601,424,144.162,1.166,1.958,0.511,0.721
6906,gcb8332.tif,0.847,3.425,0.907,1.235,310,438,63.435,1.004,1.235,0.810,0.905
6907,gcb8332.tif,0.135,1.876,0.484,0.719,82,433,50.194,0.370,2.258,0.443,0.627
6908,gcb8332.tif,0.711,4.174,0.513,1.840,212,440,36.870,0.562,4.018,0.249,0.800
6909,gcb8332.tif,0.127,1.952,0.419,0.868,698,432,32.005,0.393,2.772,0.361,0.536
6910,gcb8332.tif,0.584,2.796,0.939,1.073,355,430,149.036,0.826,1.286,0.778,0.914
6911,gcb8332.tif,0.821,3.371,0.909,1.380,518,440,36.870,0.846,1.624,0.616,0.933
6912,gcb8332.tif,0.195,1.777,0.775,0.759,567,430,104.036,0.368,2.085,0.480,0.852
6913,gcb8332.tif,3.235,10.632,0.360,3.268,535,466,80.272,1.655,2.441,0.410,0.720
6914,gcb8332.tif,0.390,2.276,0.945,0.868,260,441,57.995,0.644,1.271,0.787,0.911
6915,gcb8332.tif,0.457,2.514,0.910,0.920,455,433,126.870,0.736,1.131,0.884,0.939
6916,gcb8332.tif,1.245,5.354,0.546,1.897,494,449,50.906,1.164,1.947,0.514,0.760
6917,gcb8332.tif,3.904,12.486,0.315,3.535,418,466,51.340,2.131,1.845,0.542,0.735
6918,gcb8332.tif,0.711,3.088,0.937,1.153,734,447,61.390,0.828,1.277,0.783,0.933
6919,gcb8332.tif,2.456,6.827,0.662,2.375,565,453,35.538,1.633,1.557,0.642,0.858
6920,gcb8332.tif,1.507,6.275,0.481,2.103,345,438,113.199,1.265,1.742,0.574,0.751
6921,gcb8332.tif,0.390,2.222,0.992,0.868,645,447,57.995,0.644,1.248,0.801,0.920
6922,gcb8332.tif,3.091,7.922,0.619,2.761,371,443,126.870,1.685,1.908,0.524,0.809
6923,gcb8332.tif,2.117,6.005,0.738,2.328,271,442,108.435,1.426,1.629,0.614,0.899
6924,gcb8332.tif,2.337,5.830,0.864,2.134,474,442,97.431,1.472,1.495,0.669,0.929
6925,gcb8332.tif,0.339,2.168,0.906,0.868,184,444,147.995,0.552,1.369,0.731,0.909
6926,gcb8332.tif,0.449,2.536,0.877,0.947,83,444,119.055,0.644,1.189,0.841,0.906
6927,gcb8332.tif,1.186,5.247,0.541,2.172,647,461,36.384,0.967,2.724,0.367,0.741
6928,gcb8332.tif,2.557,10.790,0.276,4.799,116,452,4.399,0.835,6.945,0.144,0.771
6929,gcb8332.tif,0.330,2.244,0.824,0.792,298,446,125.538,0.632,1.294,0.773,0.848
6930,gcb8332.tif,0.102,1.095,1.000,0.460,878,448,126.870,0.368,1.088,0.919,0.857
6931,gcb8332.tif,0.398,3.056,0.535,1.380,669,460,36.870,0.617,2.444,0.409,0.734
6932,gcb8332.tif,1.863,8.052,0.361,3.063,588,470,32.735,1.126,3.645,0.274,0.718
6933,gcb8332.tif,1.423,4.865,0.755,1.952,334,453,98.130,1.006,1.986,0.503,0.908
6934,gcb8332.tif,1.228,4.412,0.793,1.573,683,455,110.556,1.104,1.348,0.742,0.887
6935,gcb8332.tif,0.195,1.539,1.000,0.617,740,459,26.565,0.460,1.217,0.822,0.868
6936,gcb8332.tif,0.347,2.644,0.624,1.138,922,470,75.964,0.460,2.808,0.356,0.820
6937,gcb8332.tif,2.066,5.960,0.731,2.308,496,472,23.499,1.371,1.852,0.540,0.889
6938,gcb8332.tif,0.051,0.705,1.000,0.332,550,461,123.690,0.184,1.500,0.667,1.000
6939,gcb8332.tif,1.262,4.650,0.733,1.679,287,467,9.462,1.169,1.429,0.700,0.866
6940,gcb8332.tif,0.051,0.965,0.686,0.412,84,467,63.435,0.184,2.119,0.472,0.800
6941,gcb8332.tif,0.152,1.409,0.965,0.537,614,463,120.964,0.460,1.172,0.854,0.837
6942,gcb8332.tif,2.812,7.531,0.623,2.761,454,467,126.870,1.642,1.999,0.500,0.818
6943,gcb8332.tif,0.644,3.869,0.540,1.498,425,472,169.380,0.736,2.101,0.476,0.749
6944,gcb8332.tif,1.558,6.037,0.537,1.935,618,479,25.346,1.486,1.294,0.773,0.736
6945,gcb8332.tif,0.212,1.723,0.896,0.781,764,468,135.000,0.485,1.719,0.582,0.862
6946,gcb8332.tif,0.237,1.701,1.000,0.664,272,471,123.690,0.460,1.186,0.843,0.966
6947,gcb8332.tif,0.906,3.532,0.913,1.318,351,471,114.775,0.920,1.307,0.765,0.930
6948,gcb8332.tif,0.186,1.647,0.863,0.701,935,471,113.199,0.368,1.861,0.537,0.898
6949,gcb8332.tif,1.296,4.259,0.897,1.659,312,472,123.690,1.171,1.383,0.723,0.919
6950,gcb8332.tif,0.169,1.539,0.898,0.617,862,473,116.565,0.460,1.168,0.856,0.833
6951,gcb8332.tif,0.406,2.298,0.967,0.868,398,475,147.995,0.736,1.137,0.880,0.889
6952,gcb8332.tif,0.449,2.536,0.877,1.049,582,474,142.125,0.704,1.440,0.694,0.883
6953,gcb8332.tif,3.066,11.099,0.313,3.425,687,474,96.170,2.250,1.437,0.696,0.595
6954,gcb8332.tif,1.270,4.237,0.889,1.573,744,474,110.556,1.104,1.409,0.710,0.917
6955,gcb8332.tif,2.397,6.319,0.754,2.357,536,494,38.660,1.502,1.782,0.561,0.868
6956,gcb8332.tif,2.329,5.776,0.877,2.148,388,478,99.866,1.472,1.447,0.691,0.931
6957,gcb8332.tif,0.178,1.409,1.000,0.537,510,478,120.964,0.460,1.000,1.000,0.913
6958,gcb8332.tif,3.548,11.185,0.356,3.710,643,515,66.615,1.906,2.047,0.488,0.681
6959,gcb8332.tif,0.152,1.670,0.687,0.670,83,486,74.055,0.383,1.837,0.544,0.735
6960,gcb8332.tif,0.093,1.019,1.000,0.460,674,483,36.870,0.276,1.372,0.729,0.957
6961,gcb8332.tif,0.076,1.095,0.799,0.460,897,484,126.870,0.320,1.679,0.596,0.750
6962,gcb8332.tif,0.169,1.409,1.000,0.537,703,485,120.964,0.460,1.038,0.963,0.909
6963,gcb8332.tif,0.152,1.616,0.734,0.664,420,486,123.690,0.453,1.619,0.618,0.783
6964,gcb8332.tif,0.356,2.222,0.906,0.906,560,495,66.038,0.552,1.451,0.689,0.903
6965,gcb8332.tif,5.157,15.399,0.273,3.982,569,512,33.690,2.840,1.435,0.697,0.669
6966,gcb8332.tif,0.652,2.850,1.000,1.073,497,497,30.964,0.828,1.146,0.873,0.939
6967,gcb8332.tif,0.686,4.098,0.513,1.487,84,505,68.199,0.810,2.027,0.493,0.757
6968,gcb8332.tif,0.271,2.038,0.820,0.823,763,490,116.565,0.552,1.368,0.731,0.821
6969,gcb8332.tif,0.144,1.409,0.911,0.589,449,491,128.660,0.437,1.355,0.738,0.829
6970,gcb8332.tif,1.863,6.535,0.548,1.897,417,492,129.094,1.650,1.126,0.888,0.824
6971,gcb8332.tif,0.229,1.930,0.772,0.701,210,498,156.801,0.552,1.340,0.746,0.794
6972,gcb8332.tif,0.127,1.279,0.976,0.537,769,501,59.036,0.368,1.474,0.678,0.882
6973,gcb8332.tif,0.161,1.409,1.000,0.537,263,498,149.036,0.460,1.009,0.991,0.864
6974,gcb8332.tif,0.135,1.409,0.857,0.664,355,498,146.310,0.349,2.187,0.457,0.842
6975,gcb8332.tif,0.601,3.685,0.556,1.252,625,498,107.103,0.826,1.516,0.660,0.763
6976,gcb8332.tif,0.398,2.253,0.985,0.848,368,500,130.601,0.644,1.002,0.998,0.979
6977,gcb8332.tif,5.936,15.767,0.300,4.157,466,501,117.699,2.469,1.870,0.535,0.722
6978,gcb8332.tif,1.846,6.275,0.589,2.166,733,500,102.265,1.380,1.340,0.746,0.824
6979,gcb8332.tif,0.068,1.149,0.645,0.412,707,502,116.565,0.276,1.251,0.799,0.762
6980,gcb8332.tif,0.051,0.965,0.686,0.379,657,504,104.036,0.247,1.675,0.597,0.667
6981,gcb8332.tif,1.804,5.103,0.870,1.815,496,518,30.466,1.380,1.270,0.787,0.926
6982,gcb8332.tif,0.847,3.501,0.868,1.393,518,506,97.595,0.828,1.577,0.634,0.909
6983,gcb8332.tif,0.347,2.114,0.976,0.786,818,514,69.444,0.644,1.076,0.930,0.891
6984,gcb8332.tif,1.075,4.573,0.646,1.770,317,516,8.973,0.920,2.247,0.445,0.814
6985,gcb8332.tif,2.312,6.566,0.674,2.445,398,515,160.201,1.377,2.054,0.487,0.857
6986,gcb8332.tif,1.101,4.313,0.744,1.787,264,515,168.111,0.918,2.092,0.478,0.890
6987,gcb8332.tif,0.195,1.517,1.000,0.589,535,512,128.660,0.460,1.008,0.992,0.958
6988,gcb8332.tif,4.412,13.101,0.323,5.161,360,566,68.009,1.505,4.242,0.236,0.712
6989,gcb8332.tif,0.296,2.114,0.834,0.848,658,514,102.529,0.552,1.306,0.766,0.824
6990,gcb8332.tif,0.390,2.374,0.868,0.868,850,515,122.005,0.716,1.233,0.811,0.836
6991,gcb8332.tif,0.703,4.758,0.390,1.877,82,515,101.310,0.644,3.559,0.281,0.706
6992,gcb8332.tif,2.253,5.678,0.878,2.166,434,516,102.265,1.288,1.606,0.623,0.953
6993,gcb8332.tif,0.339,2.352,0.770,0.848,565,522,40.601,0.635,1.186,0.843,0.825
6994,gcb8332.tif,0.627,3.317,0.716,1.238,645,519,131.987,0.884,1.395,0.717,0.809
6995,gcb8332.tif,0.152,1.723,0.645,0.719,177,525,50.194,0.446,1.429,0.700,0.750
6996,gcb8332.tif,1.592,5.332,0.704,2.068,662,538,57.724,1.262,1.662,0.602,0.876
6997,gcb8332.tif,1.423,4.758,0.790,1.808,684,520,104.744,1.104,1.598,0.626,0.903
6998,gcb8332.tif,0.229,2.114,0.643,0.792,515,523,144.462,0.552,1.553,0.644,0.771
6999,gcb8332.tif,0.288,1.854,1.000,0.719,749,522,129.806,0.552,1.187,0.842,0.907
7000,gcb8332.tif,2.549,6.481,0.763,2.306,596,525,118.610,1.656,1.442,0.694,0.884
7001,gcb8332.tif,1.389,4.466,0.875,1.518,542,525,104.036,1.288,1.214,0.824,0.916
7002,gcb8332.tif,0.508,2.742,0.849,0.978,320,529,131.186,0.815,1.117,0.895,0.845
7003,gcb8332.tif,2.100,5.386,0.910,1.967,621,549,79.216,1.380,1.367,0.731,0.939
7004,gcb8332.tif,0.440,2.352,1.000,0.868,713,530,122.005,0.736,1.094,0.914,0.920
7005,gcb8332.tif,0.152,1.930,0.514,0.848,517,539,49.399,0.434,2.308,0.433,0.667
7006,gcb8332.tif,0.144,1.355,0.985,0.521,232,535,135.000,0.455,1.039,0.962,0.829
7007,gcb8332.tif,3.633,7.953,0.722,3.005,549,561,49.970,1.887,1.497,0.668,0.878
7008,gcb8332.tif,0.263,2.092,0.754,0.792,279,536,125.538,0.460,1.682,0.595,0.861
7009,gcb8332.tif,3.506,8.712,0.580,3.179,340,568,67.891,1.723,2.157,0.464,0.814
7010,gcb8332.tif,1.507,5.040,0.746,1.895,308,559,60.945,1.227,1.662,0.602,0.854
7011,gcb8332.tif,0.152,1.822,0.577,0.670,658,548,74.055,0.444,1.932,0.518,0.632
7012,gcb8332.tif,0.296,2.015,0.917,0.823,928,541,116.565,0.460,1.546,0.647,0.946
7013,gcb8332.tif,0.711,4.412,0.459,1.813,763,560,66.038,0.658,3.417,0.293,0.721
7014,gcb8332.tif,0.974,3.685,0.901,1.282,271,543,111.038,1.094,1.184,0.845,0.906
7015,gcb8332.tif,1.499,4.681,0.860,1.659,526,544,123.690,1.270,1.254,0.797,0.912
7016,gcb8332.tif,2.879,6.275,0.919,2.166,411,544,102.265,1.748,1.185,0.844,0.942
7017,gcb8332.tif,1.914,6.113,0.644,2.212,468,569,73.072,1.295,1.944,0.514,0.820
7018,gcb8332.tif,0.263,2.374,0.585,0.991,853,551,21.801,0.460,2.112,0.473,0.729
7019,gcb8332.tif,3.819,8.137,0.725,3.104,593,548,101.976,1.656,1.874,0.534,0.909
7020,gcb8332.tif,1.109,3.869,0.931,1.429,385,550,104.931,1.012,1.345,0.744,0.932
7021,gcb8332.tif,1.101,3.837,0.940,1.318,646,550,102.095,1.196,1.061,0.942,0.909
7022,gcb8332.tif,0.263,2.060,0.777,0.868,498,551,122.005,0.521,2.018,0.496,0.785
7023,gcb8332.tif,0.237,1.831,0.889,0.781,85,559,45.000,0.552,1.409,0.710,0.903
7024,gcb8332.tif,0.762,3.492,0.786,1.440,729,564,26.565,0.716,2.114,0.473,0.882
7025,gcb8332.tif,2.397,5.983,0.841,2.195,478,578,56.976,1.509,1.483,0.674,0.925
7026,gcb8332.tif,4.971,10.924,0.523,3.005,616,583,27.350,2.668,1.207,0.829,0.806
7027,gcb8332.tif,0.085,1.095,0.887,0.460,851,563,36.870,0.325,1.576,0.635,0.769
7028,gcb8332.tif,0.711,3.133,0.911,1.123,690,568,34.992,0.970,1.128,0.887,0.875
7029,gcb8332.tif,0.119,2.006,0.370,0.670,84,568,74.055,0.368,1.673,0.598,0.636
7030,gcb8332.tif,0.550,3.478,0.572,1.429,928,576,75.069,0.621,2.577,0.388,0.798
7031,gcb8332.tif,0.635,2.926,0.932,1.153,435,573,61.390,0.828,1.416,0.706,0.915
7032,gcb8332.tif,0.593,2.850,0.917,1.077,451,563,109.983,0.736,1.481,0.675,0.909
7033,gcb8332.tif,0.440,2.504,0.882,0.991,286,571,21.801,0.716,1.266,0.790,0.860
7034,gcb8332.tif,0.584,4.313,0.395,1.787,266,566,124.509,0.568,4.158,0.241,0.657
7035,gcb8332.tif,1.118,3.945,0.903,1.368,534,581,70.346,1.193,1.092,0.915,0.901
7036,gcb8332.tif,1.304,4.358,0.863,1.487,677,568,111.801,1.358,1.064,0.940,0.898
7037,gcb8332.tif,0.779,3.240,0.932,1.196,659,572,112.620,0.915,1.297,0.771,0.906
7038,gcb8332.tif,4.023,11.369,0.391,2.935,547,597,41.186,2.669,1.088,0.919,0.694
7039,gcb8332.tif,3.802,9.210,0.563,3.350,494,604,52.815,1.927,1.801,0.555,0.806
7040,gcb8332.tif,0.093,1.019,1.000,0.460,86,576,126.870,0.276,1.372,0.729,0.957
7041,gcb8332.tif,0.364,2.298,0.867,0.873,382,576,108.435,0.644,1.311,0.763,0.869
7042,gcb8332.tif,1.050,3.815,0.907,1.368,464,579,132.274,1.171,1.119,0.894,0.915
7043,gcb8332.tif,0.093,1.355,0.637,0.537,756,586,30.964,0.383,1.889,0.529,0.647
7044,gcb8332.tif,0.305,2.168,0.815,0.868,730,587,32.005,0.586,1.395,0.717,0.857
7045,gcb8332.tif,0.254,1.777,1.000,0.664,331,584,123.690,0.552,1.081,0.925,0.923
7046,gcb8332.tif,0.982,3.662,0.920,1.301,387,596,45.000,1.012,1.227,0.815,0.921
7047,gcb8332.tif,2.422,5.929,0.866,2.068,521,588,122.276,1.610,1.256,0.796,0.914
7048,gcb8332.tif,0.279,2.114,0.786,0.873,86,588,108.435,0.536,1.702,0.588,0.815
7049,gcb8332.tif,0.982,4.031,0.760,1.659,312,588,123.690,0.904,1.822,0.549,0.906
7050,gcb8332.tif,0.661,3.110,0.858,1.238,432,588,138.013,0.844,1.456,0.687,0.881
7051,gcb8332.tif,0.212,1.647,0.981,0.664,916,590,123.690,0.460,1.348,0.742,0.909
7052,gcb8332.tif,4.217,12.257,0.353,3.754,673,631,78.690,1.969,2.311,0.433,0.705
7053,gcb8332.tif,0.051,0.781,1.000,0.390,665,597,45.000,0.247,1.809,0.553,0.800
7054,gcb8332.tif,0.754,3.110,0.979,1.123,418,596,124.992,0.920,1.150,0.870,0.927
7055,gcb8332.tif,0.991,3.555,0.985,1.308,470,608,50.711,1.104,1.138,0.879,0.936
7056,gcb8332.tif,1.414,4.497,0.879,1.646,587,597,116.565,1.196,1.332,0.751,0.923
7057,gcb8332.tif,0.830,4.259,0.575,1.487,604,612,68.199,0.828,1.967,0.508,0.817
7058,gcb8332.tif,0.059,0.781,1.000,0.390,212,601,45.000,0.260,1.596,0.626,0.875
7059,gcb8332.tif,0.161,1.723,0.681,0.781,651,606,45.000,0.412,2.061,0.485,0.760
7060,gcb8332.tif,2.778,7.477,0.624,2.794,451,631,72.759,1.542,1.989,0.503,0.853
7061,gcb8332.tif,2.007,6.687,0.564,2.330,371,609,9.090,1.196,2.185,0.458,0.827
7062,gcb8332.tif,0.271,1.984,0.865,0.848,551,606,130.601,0.521,1.716,0.583,0.853
7063,gcb8332.tif,0.127,1.355,0.869,0.589,730,613,51.340,0.383,1.689,0.592,0.789
7064,gcb8332.tif,0.203,1.723,0.860,0.742,197,613,29.745,0.446,1.822,0.549,0.857
7065,gcb8332.tif,2.109,5.983,0.740,2.098,513,613,142.125,1.494,1.517,0.659,0.886
7066,gcb8332.tif,0.711,3.187,0.880,1.164,560,614,161.565,0.920,1.309,0.764,0.875
7067,gcb8332.tif,2.236,5.700,0.865,1.969,400,612,142.595,1.564,1.218,0.821,0.928
7068,gcb8332.tif,0.788,6.211,0.257,2.154,748,634,70.017,1.092,2.755,0.363,0.493
7069,gcb8332.tif,1.702,5.570,0.689,2.037,642,634,71.565,1.292,1.666,0.600,0.841
7070,gcb8332.tif,0.364,2.276,0.884,0.906,826,623,66.038,0.552,1.577,0.634,0.905
7071,gcb8332.tif,0.677,3.034,0.925,1.164,356,616,108.435,0.736,1.434,0.697,0.925
7072,gcb8332.tif,2.278,7.598,0.496,2.256,498,640,78.232,1.564,1.607,0.622,0.841
7073,gcb8332.tif,0.534,2.980,0.755,1.235,610,618,116.565,0.736,1.651,0.606,0.857
7074,gcb8332.tif,1.304,4.811,0.708,1.813,290,619,113.962,1.021,1.970,0.508,0.844
7075,gcb8332.tif,1.186,3.999,0.932,1.487,315,634,68.199,1.104,1.298,0.771,0.927
7076,gcb8332.tif,1.194,5.278,0.539,2.010,433,619,105.945,0.948,2.519,0.397,0.770
7077,gcb8332.tif,0.339,2.450,0.709,0.991,89,630,68.199,0.576,1.718,0.582,0.816
7078,gcb8332.tif,1.787,4.888,0.940,1.719,546,620,105.524,1.380,1.193,0.838,0.936
7079,gcb8332.tif,0.508,2.612,0.936,0.995,474,630,56.310,0.781,1.222,0.818,0.896
7080,gcb8332.tif,2.862,6.750,0.789,2.545,584,622,130.601,1.759,1.346,0.743,0.909
7081,gcb8332.tif,0.051,0.781,1.000,0.332,701,623,123.690,0.260,1.291,0.775,0.800
7082,gcb8332.tif,0.313,2.114,0.881,0.823,804,636,63.435,0.576,1.518,0.659,0.851
7083,gcb8332.tif,0.466,3.240,0.557,1.368,507,630,109.654,0.589,2.821,0.354,0.743
7084,gcb8332.tif,4.141,11.140,0.419,3.705,396,671,75.619,2.161,1.917,0.522,0.699
7085,gcb8332.tif,0.127,1.279,0.976,0.496,239,635,111.801,0.368,1.186,0.843,0.882
7086,gcb8332.tif,0.076,1.616,0.367,0.537,338,641,59.036,0.383,1.614,0.620,0.486
7087,gcb8332.tif,2.168,6.243,0.699,2.352,662,637,149.421,1.458,1.833,0.545,0.869
7088,gcb8332.tif,0.152,1.355,1.000,0.537,471,637,120.964,0.455,1.137,0.879,0.878
7089,gcb8332.tif,0.508,2.590,0.952,0.995,278,647,56.310,0.736,1.198,0.835,0.923
7090,gcb8332.tif,0.237,1.723,1.000,0.701,528,640,156.801,0.460,1.391,0.719,0.903
7091,gcb8332.tif,0.229,1.854,0.836,0.759,86,640,104.036,0.368,1.964,0.509,0.900
7092,gcb8332.tif,2.744,6.252,0.882,2.277,423,640,104.036,1.564,1.437,0.696,0.939
7093,gcb8332.tif,2.270,8.725,0.375,2.768,568,641,105.422,1.472,2.184,0.458,0.694
7094,gcb8332.tif,3.599,13.720,0.240,4.158,353,643,114.864,2.378,2.297,0.435,0.540
7095,gcb8332.tif,1.245,4.704,0.707,1.692,541,659,67.620,1.104,1.746,0.573,0.842
7096,gcb8332.tif,0.398,2.949,0.575,1.112,692,647,24.444,0.715,1.455,0.687,0.764
7097,gcb8332.tif,3.591,9.376,0.513,3.958,726,677,54.462,1.499,2.991,0.334,0.810
7098,gcb8332.tif,3.226,12.769,0.249,3.395,466,646,122.829,2.236,1.527,0.655,0.598
7099,gcb8332.tif,2.168,6.611,0.623,2.421,502,671,81.254,1.518,1.788,0.559,0.805
7100,gcb8332.tif,1.990,5.332,0.880,1.987,446,667,76.608,1.380,1.446,0.692,0.927
7101,gcb8332.tif,0.550,2.666,0.973,1.029,606,656,63.435,0.736,1.351,0.740,0.929
7102,gcb8332.tif,2.219,8.572,0.379,3.268,84,683,80.272,1.288,2.347,0.426,0.752
7103,gcb8332.tif,0.771,3.164,0.967,1.196,586,653,112.620,0.828,1.349,0.741,0.933
7104,gcb8332.tif,0.948,3.631,0.904,1.318,707,668,77.905,1.012,1.236,0.809,0.907
7105,gcb8332.tif,0.576,3.003,0.803,1.153,930,655,118.610,0.803,1.494,0.669,0.850
7106,gcb8332.tif,0.119,1.225,0.993,0.537,340,661,59.036,0.368,1.468,0.681,0.848
7107,gcb8332.tif,1.507,4.650,0.876,1.712,515,677,53.746,1.301,1.272,0.786,0.920
7108,gcb8332.tif,1.008,3.869,0.846,1.440,345,681,63.435,1.012,1.324,0.756,0.878
7109,gcb8332.tif,0.805,3.317,0.919,1.228,302,670,102.995,0.920,1.247,0.802,0.896
7110,gcb8332.tif,0.127,1.432,0.779,0.582,324,674,18.435,0.370,1.580,0.633,0.732
7111,gcb8332.tif,0.432,2.406,0.938,0.920,583,678,36.870,0.736,1.224,0.817,0.919
7112,gcb8332.tif,0.152,1.409,0.965,0.537,933,673,149.036,0.460,1.013,0.987,0.857
7113,gcb8332.tif,0.813,3.999,0.639,1.589,205,680,169.992,0.736,2.299,0.435,0.803
7114,gcb8332.tif,0.085,0.965,1.000,0.460,757,681,36.870,0.276,1.551,0.645,0.909
7115,gcb8332.tif,1.855,5.462,0.781,2.058,404,682,153.435,1.420,1.572,0.636,0.874
7116,gcb8332.tif,1.719,5.462,0.724,2.212,469,681,163.072,1.135,2.045,0.489,0.900
7117,gcb8332.tif,0.821,3.317,0.938,1.252,518,681,126.027,0.975,1.364,0.733,0.911
7118,gcb8332.tif,3.015,8.779,0.492,3.285,561,682,101.310,1.455,2.804,0.357,0.777
7119,gcb8332.tif,0.889,3.954,0.715,1.631,858,699,73.610,0.736,2.386,0.419,0.894
7120,gcb8332.tif,0.322,2.396,0.704,0.947,712,693,60.945,0.546,2.026,0.494,0.738
7121,gcb8332.tif,3.726,9.560,0.512,3.014,243,715,58.736,2.118,1.824,0.548,0.779
7122,gcb8332.tif,2.303,5.938,0.821,2.239,435,710,80.538,1.364,1.679,0.595,0.917
7123,gcb8332.tif,0.313,1.961,1.000,0.742,295,688,119.745,0.552,1.157,0.864,0.949
7124,gcb8332.tif,0.339,2.060,1.000,0.786,606,690,159.444,0.644,1.170,0.855,0.889
7125,gcb8332.tif,0.491,2.536,0.960,0.947,359,696,29.055,0.736,1.230,0.813,0.921
7126,gcb8332.tif,0.110,1.095,1.000,0.460,466,691,126.870,0.368,1.159,0.863,0.897
7127,gcb8332.tif,0.923,3.478,0.959,1.235,649,694,116.565,1.012,1.156,0.865,0.940
7128,gcb8332.tif,2.583,8.388,0.461,2.273,496,704,158.629,1.795,1.264,0.791,0.817
7129,gcb8332.tif,0.576,2.796,0.926,1.073,599,705,59.036,0.823,1.321,0.757,0.907
7130,gcb8332.tif,0.288,2.352,0.654,0.961,85,696,106.699,0.552,1.923,0.520,0.773
7131,gcb8332.tif,1.931,5.431,0.823,1.877,455,716,78.690,1.547,1.299,0.770,0.898
7132,gcb8332.tif,0.957,3.923,0.781,1.405,327,699,121.608,0.920,1.360,0.736,0.908
7133,gcb8332.tif,0.220,1.593,1.000,0.617,819,699,116.565,0.460,1.184,0.845,0.929
7134,gcb8332.tif,1.931,5.386,0.836,2.068,304,700,110.854,1.288,1.512,0.661,0.927
7135,gcb8332.tif,0.085,1.019,1.000,0.412,347,700,116.565,0.276,1.236,0.809,0.909
7136,gcb8332.tif,1.626,5.233,0.746,2.018,689,712,24.228,1.196,1.870,0.535,0.912
7137,gcb8332.tif,0.068,0.965,0.914,0.412,869,705,26.565,0.276,1.435,0.697,0.842
7138,gcb8332.tif,1.084,5.646,0.427,2.389,163,712,15.642,0.804,3.806,0.263,0.725
7139,gcb8332.tif,0.254,2.038,0.769,0.906,284,711,23.962,0.437,2.399,0.417,0.845
7140,gcb8332.tif,0.127,1.225,1.000,0.537,717,706,120.964,0.368,1.435,0.697,0.882
7141,gcb8332.tif,0.169,1.485,0.965,0.560,91,707,99.462,0.460,1.008,0.992,0.833
7142,gcb8332.tif,0.161,1.670,0.725,0.781,468,713,45.000,0.383,2.397,0.417,0.792
7143,gcb8332.tif,0.085,1.041,0.982,0.412,356,711,26.565,0.325,1.241,0.806,0.800
7144,gcb8332.tif,0.059,1.019,0.718,0.460,623,709,143.130,0.276,1.918,0.521,0.778
7145,gcb8332.tif,0.652,3.294,0.755,1.318,321,710,102.095,0.714,1.820,0.550,0.851
7146,gcb8332.tif,0.119,1.149,1.000,0.460,640,710,126.870,0.368,1.125,0.889,0.933
7147,gcb8335.tif,1.135,3.923,0.927,1.429,301,2,104.931,1.012,1.332,0.751,0.927
7148,gcb8335.tif,0.584,2.742,0.976,0.995,492,6,146.310,0.828,1.150,0.870,0.914
7149,gcb8335.tif,2.312,7.684,0.492,2.745,177,11,166.430,1.564,1.767,0.566,0.806
7150,gcb8335.tif,2.270,5.678,0.885,2.068,445,15,159.146,1.380,1.434,0.697,0.947
7151,gcb8335.tif,0.059,0.911,0.898,0.379,432,12,165.964,0.276,1.387,0.721,0.737
7152,gcb8335.tif,0.457,4.466,0.288,1.498,664,14,169.380,0.726,2.920,0.342,0.560
7153,gcb8335.tif,0.152,1.355,1.000,0.537,143,16,30.964,0.455,1.130,0.885,0.857
7154,gcb8335.tif,0.542,3.676,0.504,1.455,221,21,18.435,0.691,2.263,0.442,0.727
7155,gcb8335.tif,2.092,5.332,0.925,1.863,491,36,69.775,1.564,1.173,0.853,0.936
7156,gcb8335.tif,0.525,2.742,0.877,1.077,478,29,70.017,0.718,1.588,0.630,0.873
7157,gcb8335.tif,4.166,10.718,0.456,3.584,684,53,60.803,2.116,1.731,0.578,0.759
7158,gcb8335.tif,0.559,3.003,0.779,1.077,738,19,109.983,0.736,1.299,0.770,0.863
7159,gcb8335.tif,0.076,0.965,1.000,0.412,623,21,153.435,0.276,1.536,0.651,0.857
7160,gcb8335.tif,1.973,5.256,0.898,1.863,372,22,110.225,1.444,1.304,0.767,0.930
7161,gcb8335.tif,0.068,0.965,0.914,0.412,715,23,153.435,0.276,1.435,0.697,0.842
7162,gcb8335.tif,2.295,7.186,0.559,2.212,418,46,73.072,1.874,1.325,0.755,0.769
7163,gcb8335.tif,0.779,3.218,0.945,1.200,676,35,57.529,0.828,1.380,0.725,0.934
7164,gcb8335.tif,0.059,0.781,1.000,0.390,620,25,135.000,0.260,1.596,0.626,0.875
7165,gcb8335.tif,0.085,1.225,0.709,0.496,569,30,111.801,0.325,1.624,0.616,0.714
7166,gcb8335.tif,1.008,3.685,0.933,1.282,634,30,111.038,1.104,1.139,0.878,0.922
7167,gcb8335.tif,0.440,2.688,0.766,1.108,126,40,41.634,0.613,1.937,0.516,0.852
7168,gcb8335.tif,1.423,4.834,0.765,1.915,258,33,144.782,1.186,1.723,0.580,0.868
7169,gcb8335.tif,0.178,1.562,0.916,0.582,732,33,161.565,0.521,1.113,0.899,0.808
7170,gcb8335.tif,0.991,3.716,0.901,1.368,284,33,109.654,0.920,1.428,0.700,0.936
7171,gcb8335.tif,0.305,2.038,0.923,0.823,557,34,153.435,0.552,1.461,0.684,0.889
7172,gcb8335.tif,0.127,1.409,0.804,0.582,468,40,71.565,0.368,1.441,0.694,0.811
7173,gcb8335.tif,0.517,2.536,1.000,0.920,452,35,126.870,0.736,1.108,0.903,0.938
7174,gcb8335.tif,0.356,2.482,0.726,0.995,583,35,146.310,0.644,1.585,0.631,0.792
7175,gcb8335.tif,7.588,14.726,0.440,4.427,82,85,43.315,3.118,1.321,0.757,0.769
7176,gcb8335.tif,0.974,3.739,0.876,1.340,537,43,164.055,1.012,1.361,0.735,0.895
7177,gcb8335.tif,0.576,2.742,0.962,0.995,393,50,56.310,0.828,1.114,0.897,0.901
7178,gcb8335.tif,1.406,4.336,0.940,1.487,614,40,111.801,1.317,1.106,0.904,0.917
7179,gcb8335.tif,0.805,3.272,0.944,1.235,667,42,116.565,0.828,1.346,0.743,0.950
7180,gcb8335.tif,0.423,2.558,0.813,1.123,210,44,145.008,0.651,1.924,0.520,0.840
7181,gcb8335.tif,2.227,6.849,0.597,2.817,330,63,38.367,1.156,2.831,0.353,0.839
7182,gcb8335.tif,0.398,2.406,0.864,0.978,527,52,48.814,0.625,1.558,0.642,0.887
7183,gcb8335.tif,0.059,0.835,1.000,0.390,197,44,135.000,0.276,1.380,0.725,0.875
7184,gcb8335.tif,0.068,0.965,0.914,0.412,469,49,63.435,0.276,1.435,0.697,0.842
7185,gcb8335.tif,0.821,4.021,0.638,1.567,156,57,40.236,0.803,1.920,0.521,0.833
7186,gcb8335.tif,2.397,6.449,0.724,2.513,498,49,113.749,1.399,2.023,0.494,0.869
7187,gcb8335.tif,1.575,6.221,0.512,2.578,229,49,124.824,1.046,3.127,0.320,0.745
7188,gcb8335.tif,1.228,4.726,0.691,1.787,376,60,11.889,1.141,1.847,0.541,0.822
7189,gcb8335.tif,2.414,6.144,0.803,2.366,561,76,76.504,1.472,1.555,0.643,0.919
7190,gcb8335.tif,1.999,5.386,0.866,2.058,582,52,100.305,1.288,1.494,0.669,0.931
7191,gcb8335.tif,1.008,5.592,0.405,2.416,266,78,72.255,0.669,4.384,0.228,0.737
7192,gcb8335.tif,1.380,4.336,0.923,1.509,444,65,37.569,1.301,1.173,0.853,0.913
7193,gcb8335.tif,0.737,3.110,0.957,1.164,257,54,108.435,0.828,1.331,0.751,0.930
7194,gcb8335.tif,2.947,6.513,0.873,2.346,638,56,101.310,1.656,1.400,0.714,0.938
7195,gcb8335.tif,1.406,4.758,0.780,1.808,291,57,104.744,1.183,1.489,0.672,0.885
7196,gcb8335.tif,0.263,1.777,1.000,0.701,531,57,113.199,0.460,1.372,0.729,0.939
7197,gcb8335.tif,0.872,3.685,0.807,1.455,468,58,108.435,0.844,1.823,0.548,0.896
7198,gcb8335.tif,1.821,4.964,0.929,1.787,483,58,101.889,1.380,1.243,0.805,0.929
7199,gcb8335.tif,0.644,2.850,0.996,1.073,312,72,59.036,0.828,1.155,0.866,0.944
7200,gcb8335.tif,1.372,4.681,0.787,1.897,615,82,67.166,1.012,1.644,0.608,0.928
7201,gcb8335.tif,1.126,4.336,0.753,1.631,345,64,106.390,1.083,1.618,0.618,0.844
7202,gcb8335.tif,2.507,8.649,0.421,2.654,655,64,123.690,1.895,1.492,0.670,0.728
7203,gcb8335.tif,1.567,6.081,0.532,2.068,426,87,69.146,1.372,1.640,0.610,0.782
7204,gcb8335.tif,1.567,4.834,0.843,1.589,415,85,79.992,1.472,1.010,0.990,0.889
7205,gcb8335.tif,1.999,7.338,0.466,2.330,370,73,170.910,1.674,1.652,0.605,0.690
7206,gcb8335.tif,0.127,1.432,0.779,0.589,701,74,38.660,0.390,1.716,0.583,0.789
7207,gcb8335.tif,0.339,2.114,0.953,0.792,751,71,125.538,0.644,1.215,0.823,0.851
7208,gcb8335.tif,1.211,4.021,0.941,1.518,520,88,75.964,1.104,1.327,0.754,0.929
7209,gcb8335.tif,0.330,1.984,1.000,0.792,591,78,35.538,0.644,1.185,0.844,0.907
7210,gcb8335.tif,1.228,3.999,0.965,1.455,8,73,108.435,1.104,1.263,0.792,0.935
7211,gcb8335.tif,1.753,5.018,0.875,1.729,316,77,115.201,1.419,1.274,0.785,0.916
7212,gcb8335.tif,0.119,1.333,0.838,0.560,67,78,99.462,0.276,1.768,0.565,0.875
7213,gcb8335.tif,0.068,1.041,0.785,0.460,250,78,126.870,0.276,1.492,0.670,0.762
7214,gcb8335.tif,0.542,2.850,0.838,1.164,240,79,108.435,0.644,1.533,0.652,0.914
7215,gcb8335.tif,0.567,2.796,0.912,1.049,498,89,52.125,0.828,1.200,0.833,0.887
7216,gcb8335.tif,1.050,4.542,0.640,1.815,104,81,120.466,0.870,2.286,0.437,0.864
7217,gcb8335.tif,0.542,2.720,0.921,0.995,302,80,123.690,0.736,1.211,0.826,0.914
7218,gcb8335.tif,0.762,3.240,0.912,1.196,359,81,112.620,0.920,1.333,0.750,0.905
7219,gcb8335.tif,2.032,6.221,0.660,2.323,454,102,56.310,1.340,2.095,0.477,0.816
7220,gcb8335.tif,5.073,9.277,0.741,3.384,536,81,112.380,2.237,1.425,0.702,0.889
7221,gcb8335.tif,4.844,10.242,0.580,3.552,621,118,73.443,2.289,1.652,0.605,0.816
7222,gcb8335.tif,1.346,4.367,0.887,1.573,289,102,69.444,1.104,1.340,0.746,0.941
7223,gcb8335.tif,3.980,12.625,0.314,3.931,330,129,73.686,2.121,2.262,0.442,0.628
7224,gcb8335.tif,0.440,2.352,1.000,0.906,607,89,113.962,0.644,1.305,0.766,0.920
7225,gcb8335.tif,0.728,4.421,0.468,1.950,761,109,70.710,0.564,4.132,0.242,0.789
7226,gcb8335.tif,1.025,5.018,0.511,2.125,563,100,17.650,0.737,3.445,0.290,0.807
7227,gcb8335.tif,0.263,1.777,1.000,0.742,701,97,29.745,0.460,1.406,0.711,0.939
7228,gcb8335.tif,0.635,2.872,0.967,1.049,495,101,15.255,0.828,1.181,0.847,0.915
7229,gcb8335.tif,0.762,3.923,0.622,1.610,648,112,59.036,0.782,2.616,0.382,0.789
7230,gcb8335.tif,0.127,1.225,1.000,0.496,587,100,111.801,0.368,1.295,0.772,0.857
7231,gcb8335.tif,0.711,3.110,0.924,1.178,599,101,128.660,0.920,1.180,0.847,0.908
7232,gcb8335.tif,3.040,9.991,0.383,3.970,204,103,135.939,1.691,2.922,0.342,0.652
7233,gcb8335.tif,0.263,1.831,0.984,0.742,668,102,119.745,0.460,1.404,0.712,0.954
7234,gcb8335.tif,0.059,0.781,1.000,0.390,181,106,45.000,0.260,1.596,0.626,0.875
7235,gcb8335.tif,0.076,1.095,0.799,0.521,724,103,135.000,0.320,1.755,0.570,0.750
7236,gcb8335.tif,0.144,1.670,0.649,0.651,806,103,98.130,0.368,1.884,0.531,0.756
7237,gcb8335.tif,1.042,3.761,0.925,1.380,377,119,53.130,1.070,1.301,0.768,0.914
7238,gcb8335.tif,0.982,3.761,0.873,1.368,254,121,70.346,1.104,1.269,0.788,0.903
7239,gcb8335.tif,0.279,1.984,0.892,0.742,284,114,60.255,0.617,1.229,0.814,0.835
7240,gcb8335.tif,0.601,3.501,0.617,1.440,706,122,63.435,0.766,2.498,0.400,0.736
7241,gcb8335.tif,0.415,2.298,0.988,0.848,467,120,49.399,0.736,1.053,0.950,0.891
7242,gcb8335.tif,0.322,2.114,0.905,0.920,497,112,143.130,0.576,1.591,0.629,0.864
7243,gcb8335.tif,0.847,6.189,0.278,2.098,145,127,15.255,1.037,2.886,0.347,0.513
7244,gcb8335.tif,0.948,4.291,0.647,1.834,690,132,72.474,0.715,2.590,0.386,0.885
7245,gcb8335.tif,1.160,4.031,0.897,1.440,273,114,116.565,1.012,1.286,0.777,0.955
7246,gcb8335.tif,0.711,3.739,0.640,1.455,721,130,71.565,0.781,2.104,0.475,0.820
7247,gcb8335.tif,4.031,10.404,0.468,3.092,648,123,143.471,2.063,1.709,0.585,0.765
7248,gcb8335.tif,0.559,4.120,0.414,1.484,182,121,150.255,0.743,2.395,0.418,0.641
7249,gcb8335.tif,1.490,4.843,0.799,1.840,533,118,143.130,1.196,1.330,0.752,0.912
7250,gcb8335.tif,0.288,1.854,1.000,0.701,297,121,156.801,0.552,1.156,0.865,0.919
7251,gcb8335.tif,0.246,1.723,1.000,0.664,627,127,33.690,0.552,1.182,0.846,0.906
7252,gcb8335.tif,0.186,1.800,0.723,0.792,797,127,35.538,0.455,1.996,0.501,0.759
7253,gcb8335.tif,3.201,9.937,0.407,3.264,579,142,21.501,1.599,2.644,0.378,0.700
7254,gcb8335.tif,1.795,5.126,0.859,1.877,565,126,101.310,1.288,1.447,0.691,0.928
7255,gcb8335.tif,0.669,3.110,0.869,1.112,444,138,65.556,0.828,1.207,0.829,0.908
7256,gcb8335.tif,1.008,3.609,0.973,1.278,501,139,59.744,1.104,1.061,0.943,0.941
7257,gcb8335.tif,1.897,5.516,0.783,1.840,404,134,143.130,1.529,1.214,0.824,0.884
7258,gcb8335.tif,0.305,2.536,0.596,1.073,243,139,30.964,0.552,1.624,0.616,0.800
7259,gcb8335.tif,2.397,9.582,0.328,2.859,203,163,56.821,2.046,1.454,0.688,0.606
7260,gcb8335.tif,0.483,2.688,0.839,1.123,748,143,34.992,0.681,1.678,0.596,0.864
7261,gcb8335.tif,0.119,1.149,1.000,0.521,465,136,135.000,0.368,1.319,0.758,0.933
7262,gcb8335.tif,1.872,5.548,0.764,2.154,532,137,109.983,1.196,1.827,0.547,0.929
7263,gcb8335.tif,0.745,3.263,0.880,1.235,650,137,116.565,0.911,1.353,0.739,0.889
7264,gcb8335.tif,0.584,2.742,0.976,1.029,435,138,116.565,0.828,1.195,0.837,0.902
7265,gcb8335.tif,1.617,6.319,0.509,2.058,550,160,79.695,1.155,1.840,0.543,0.834
7266,gcb8335.tif,3.362,7.011,0.860,2.603,515,141,98.130,1.656,1.547,0.646,0.944
7267,gcb8335.tif,1.948,7.002,0.499,2.264,481,146,153.435,1.472,1.651,0.606,0.803
7268,gcb8335.tif,1.948,7.316,0.457,2.635,629,143,102.095,1.455,2.037,0.491,0.710
7269,gcb8335.tif,0.491,2.634,0.889,0.961,218,145,106.699,0.736,1.252,0.799,0.872
7270,gcb8335.tif,1.211,5.669,0.474,2.148,264,149,170.134,1.065,2.348,0.426,0.731
7271,gcb8335.tif,0.644,2.949,0.930,1.049,681,156,74.745,0.884,1.165,0.858,0.879
7272,gcb8335.tif,0.059,1.095,0.621,0.412,748,145,116.565,0.276,1.521,0.658,0.700
7273,gcb8335.tif,0.288,1.854,1.000,0.719,237,155,39.806,0.552,1.104,0.906,0.907
7274,gcb8335.tif,0.051,0.965,0.686,0.460,618,154,53.130,0.195,2.810,0.356,0.750
7275,gcb8335.tif,0.068,0.835,1.000,0.390,180,151,135.000,0.276,1.229,0.814,0.941
7276,gcb8335.tif,0.085,1.095,0.887,0.460,317,153,143.130,0.325,1.327,0.754,0.800
7277,gcb8335.tif,0.500,2.558,0.959,0.938,299,157,11.310,0.736,1.116,0.896,0.901
7278,gcb8335.tif,0.847,3.371,0.937,1.196,588,165,67.380,1.012,1.143,0.875,0.917
7279,gcb8335.tif,13.948,27.707,0.228,9.026,83,154,92.337,3.801,2.708,0.369,0.626
7280,gcb8335.tif,0.449,2.406,0.975,0.947,363,163,60.945,0.644,1.399,0.715,0.930
7281,gcb8335.tif,1.457,4.789,0.798,1.746,402,163,18.435,1.104,1.614,0.620,0.912
7282,gcb8335.tif,2.744,12.302,0.228,5.564,122,189,34.216,0.994,7.819,0.128,0.651
7283,gcb8335.tif,2.727,6.144,0.908,2.119,439,157,124.380,1.748,1.211,0.826,0.942
7284,gcb8335.tif,0.085,1.301,0.628,0.589,174,156,141.340,0.260,2.350,0.426,0.741
7285,gcb8335.tif,0.093,1.095,0.976,0.460,884,156,143.130,0.368,1.099,0.910,0.846
7286,gcb8335.tif,6.487,19.605,0.212,7.008,197,188,23.199,2.675,2.846,0.351,0.536
7287,gcb8335.tif,0.305,1.930,1.000,0.759,757,157,104.036,0.552,1.185,0.844,0.889
7288,gcb8335.tif,0.889,3.425,0.953,1.235,653,170,63.435,1.012,1.178,0.849,0.925
7289,gcb8335.tif,1.457,4.497,0.905,1.697,669,158,102.529,1.104,1.483,0.674,0.937
7290,gcb8335.tif,2.312,7.554,0.509,2.637,701,183,60.751,1.562,1.961,0.510,0.750
7291,gcb8335.tif,2.447,5.808,0.912,2.125,377,181,72.350,1.472,1.335,0.749,0.954
7292,gcb8335.tif,0.288,1.907,0.994,0.719,230,166,39.806,0.552,1.143,0.875,0.907
7293,gcb8335.tif,0.339,2.069,0.994,0.792,324,160,125.538,0.552,1.166,0.857,0.976
7294,gcb8335.tif,0.483,3.339,0.544,1.029,183,162,116.565,0.837,1.103,0.906,0.760
7295,gcb8335.tif,0.195,1.539,1.000,0.617,742,163,116.565,0.460,1.205,0.830,0.885
7296,gcb8335.tif,0.127,1.854,0.465,0.719,194,164,140.194,0.383,2.313,0.432,0.682
7297,gcb8335.tif,0.517,3.209,0.630,1.308,400,180,50.711,0.766,1.525,0.656,0.782
7298,gcb8335.tif,0.999,4.183,0.718,1.692,415,187,67.620,0.815,2.162,0.462,0.874
7299,gcb8335.tif,1.617,4.910,0.843,1.736,618,172,122.005,1.316,1.353,0.739,0.901
7300,gcb8335.tif,0.322,2.038,0.974,0.786,526,181,69.444,0.552,1.219,0.820,0.905
7301,gcb8335.tif,0.229,1.723,0.967,0.664,498,180,33.690,0.552,1.156,0.865,0.871
7302,gcb8335.tif,1.956,5.310,0.872,1.922,641,175,106.699,1.380,1.354,0.738,0.930
7303,gcb8335.tif,1.711,4.704,0.972,1.692,338,177,112.380,1.380,1.192,0.839,0.946
7304,gcb8335.tif,0.212,1.593,1.000,0.617,294,184,63.435,0.460,1.147,0.872,0.909
7305,gcb8335.tif,0.254,1.777,1.000,0.701,359,185,66.801,0.460,1.328,0.753,0.923
7306,gcb8335.tif,1.203,4.021,0.934,1.429,389,193,75.069,1.196,1.136,0.880,0.916
7307,gcb8335.tif,0.771,3.240,0.922,1.200,507,180,122.471,0.915,1.326,0.754,0.901
7308,gcb8335.tif,0.932,3.977,0.740,1.455,311,181,145.305,1.029,1.456,0.687,0.853
7309,gcb8335.tif,0.169,1.409,1.000,0.589,686,184,38.660,0.455,1.282,0.780,0.909
7310,gcb8335.tif,3.896,11.714,0.357,4.569,427,186,170.727,1.748,3.774,0.265,0.665
7311,gcb8335.tif,3.176,11.499,0.302,3.777,689,205,34.077,1.925,2.263,0.442,0.585
7312,gcb8335.tif,0.119,1.333,0.838,0.589,305,186,38.660,0.357,1.642,0.609,0.824
7313,gcb8335.tif,0.110,1.279,0.846,0.496,607,184,158.199,0.368,1.377,0.726,0.812
7314,gcb8335.tif,1.431,4.964,0.730,1.770,548,201,62.103,1.293,1.502,0.666,0.820
7315,gcb8335.tif,0.432,2.352,0.981,0.848,665,186,130.601,0.736,1.043,0.958,0.911
7316,gcb8335.tif,6.783,16.996,0.295,5.209,489,229,32.005,2.538,2.756,0.363,0.670
7317,gcb8335.tif,2.566,6.037,0.885,2.166,372,190,102.265,1.656,1.296,0.771,0.929
7318,gcb8335.tif,0.263,2.114,0.738,0.848,584,190,102.529,0.513,1.702,0.587,0.785
7319,gcb8335.tif,1.262,4.129,0.930,1.575,283,191,96.710,1.012,1.436,0.696,0.937
7320,gcb8335.tif,0.127,1.279,0.976,0.537,497,191,120.964,0.368,1.486,0.673,0.857
7321,gcb8335.tif,0.347,2.168,0.928,0.792,415,197,35.538,0.644,1.188,0.842,0.872
7322,gcb8335.tif,0.152,2.006,0.476,0.742,564,193,150.255,0.415,2.274,0.440,0.600
7323,gcb8335.tif,1.457,4.573,0.875,1.719,600,212,74.476,1.196,1.404,0.712,0.915
7324,gcb8335.tif,4.141,7.661,0.887,2.635,329,196,114.775,2.025,1.257,0.796,0.950
7325,gcb8335.tif,0.127,1.907,0.439,0.786,679,205,69.444,0.333,3.036,0.329,0.652
7326,gcb8335.tif,1.541,4.888,0.811,1.736,657,200,122.005,1.282,1.347,0.742,0.908
7327,gcb8335.tif,0.457,2.666,0.809,1.108,263,201,138.366,0.704,1.560,0.641,0.878
7328,gcb8335.tif,0.406,2.222,1.000,0.868,723,205,147.995,0.644,1.170,0.855,0.941
7329,gcb8335.tif,0.169,1.409,1.000,0.589,553,208,38.660,0.455,1.282,0.780,0.909
7330,gcb8335.tif,0.881,3.425,0.944,1.200,481,208,122.471,1.012,1.137,0.880,0.916
7331,gcb8335.tif,1.126,4.053,0.862,1.607,681,208,113.629,1.012,1.517,0.659,0.908
7332,gcb8335.tif,1.236,3.999,0.972,1.405,394,223,58.392,1.196,1.083,0.923,0.936
7333,gcb8335.tif,0.449,2.406,0.975,0.868,305,219,57.995,0.736,1.050,0.953,0.922
7334,gcb8335.tif,0.068,0.965,0.914,0.460,761,215,53.130,0.260,1.939,0.516,0.842
7335,gcb8335.tif,0.059,1.225,0.496,0.521,910,215,45.000,0.281,2.175,0.460,0.609
7336,gcb8335.tif,0.203,2.298,0.484,0.873,767,217,18.435,0.505,1.906,0.525,0.623
7337,gcb8335.tif,0.203,1.670,0.916,0.664,824,215,146.310,0.494,1.337,0.748,0.828
7338,gcb8335.tif,2.812,11.108,0.286,3.268,562,239,32.347,2.052,1.761,0.568,0.630
7339,gcb8335.tif,0.110,1.225,0.922,0.496,235,222,68.199,0.368,1.354,0.739,0.788
7340,gcb8335.tif,1.609,4.811,0.873,1.808,671,219,104.744,1.196,1.536,0.651,0.931
7341,gcb8335.tif,0.279,1.831,1.000,0.719,287,220,129.806,0.552,1.071,0.934,0.957
7342,gcb8335.tif,0.534,2.796,0.858,1.123,615,230,55.008,0.741,1.550,0.645,0.894
7343,gcb8335.tif,0.449,2.482,0.916,0.995,346,230,56.310,0.700,1.414,0.707,0.898
7344,gcb8335.tif,0.093,1.616,0.448,0.651,295,224,171.870,0.325,2.524,0.396,0.579
7345,gcb8335.tif,0.381,2.222,0.970,0.868,263,231,57.995,0.644,1.177,0.850,0.918
7346,gcb8335.tif,0.948,3.847,0.806,1.429,356,226,165.069,0.920,1.657,0.603,0.896
7347,gcb8335.tif,4.734,10.296,0.561,3.333,640,224,96.340,2.329,1.328,0.753,0.809
7348,gcb8335.tif,1.084,3.945,0.875,1.518,657,227,104.036,1.012,1.507,0.664,0.901
7349,gcb8335.tif,1.160,4.129,0.855,1.455,696,229,108.435,1.104,1.293,0.773,0.904
7350,gcb8335.tif,0.085,1.095,0.887,0.521,313,234,45.000,0.288,1.976,0.506,0.800
7351,gcb8335.tif,1.795,5.776,0.676,2.020,401,232,149.931,1.432,1.481,0.675,0.815
7352,gcb8335.tif,1.042,4.107,0.776,1.607,482,231,103.241,0.828,1.931,0.518,0.921
7353,gcb8335.tif,1.872,4.942,0.963,1.815,532,231,120.466,1.472,1.203,0.831,0.951
7354,gcb8335.tif,0.440,2.742,0.736,1.164,582,237,18.435,0.552,2.152,0.465,0.860
7355,gcb8335.tif,0.102,1.485,0.579,0.664,280,239,56.310,0.260,3.010,0.332,0.706
7356,gcb8335.tif,0.601,2.828,0.945,1.049,456,234,127.875,0.828,1.051,0.952,0.940
7357,gcb8335.tif,0.119,1.149,1.000,0.460,354,236,126.870,0.368,1.125,0.889,0.933
7358,gcb8335.tif,1.203,4.107,0.896,1.487,326,254,68.199,1.104,1.327,0.754,0.925
7359,gcb8335.tif,1.262,4.237,0.883,1.573,503,247,20.556,1.104,1.338,0.748,0.931
7360,gcb8335.tif,0.144,1.279,1.000,0.537,268,243,30.964,0.368,1.263,0.792,0.919
7361,gcb8335.tif,1.059,4.345,0.705,1.852,103,241,116.565,0.870,2.260,0.442,0.903
7362,gcb8335.tif,0.093,1.171,0.853,0.537,424,245,30.964,0.320,1.925,0.520,0.759
7363,gcb8335.tif,0.788,3.187,0.975,1.235,383,243,116.565,0.920,1.327,0.754,0.925
7364,gcb8335.tif,2.685,7.998,0.527,2.736,258,262,19.654,1.915,1.427,0.701,0.794
7365,gcb8335.tif,0.093,1.019,1.000,0.460,292,255,53.130,0.276,1.372,0.729,0.957
7366,gcb8335.tif,4.082,11.099,0.416,3.473,343,280,32.005,2.029,1.447,0.691,0.729
7367,gcb8335.tif,2.981,10.067,0.370,2.854,443,257,159.228,2.134,1.540,0.649,0.698
7368,gcb8335.tif,2.651,7.024,0.675,2.226,504,265,172.875,1.915,1.172,0.853,0.834
7369,gcb8335.tif,2.490,6.750,0.687,2.637,584,259,150.751,1.512,1.986,0.503,0.865
7370,gcb8335.tif,1.194,4.564,0.720,1.736,199,261,122.005,1.070,1.697,0.589,0.862
7371,gcb8335.tif,0.525,2.612,0.967,0.961,708,261,106.699,0.736,1.264,0.791,0.912
7372,gcb8335.tif,1.990,7.024,0.507,2.346,614,270,168.690,1.687,1.421,0.704,0.728
7373,gcb8335.tif,0.576,2.850,0.891,1.112,757,273,65.556,0.736,1.373,0.729,0.901
7374,gcb8335.tif,0.559,2.666,0.988,0.995,382,272,56.310,0.828,1.148,0.871,0.930
7375,gcb8335.tif,0.457,2.482,0.933,0.947,542,272,29.055,0.736,1.177,0.849,0.893
7376,gcb8335.tif,0.212,1.647,0.981,0.719,153,268,129.806,0.460,1.500,0.667,0.926
7377,gcb8335.tif,2.998,9.331,0.433,2.946,687,268,104.470,1.840,1.614,0.619,0.721
7378,gcb8335.tif,1.059,4.412,0.683,1.813,461,281,23.962,0.926,2.210,0.453,0.833
7379,gcb8335.tif,3.201,7.011,0.818,2.431,376,300,60.524,1.751,1.358,0.736,0.923
7380,gcb8335.tif,1.338,6.005,0.466,1.967,439,275,100.784,1.288,1.382,0.723,0.738
7381,gcb8335.tif,1.516,4.497,0.942,1.573,501,292,69.444,1.288,1.154,0.866,0.932
7382,gcb8335.tif,0.898,3.425,0.962,1.235,551,279,153.435,1.012,1.107,0.903,0.922
7383,gcb8335.tif,0.508,2.612,0.936,0.991,661,286,68.199,0.736,1.349,0.741,0.896
7384,gcb8335.tif,1.118,3.923,0.913,1.402,360,291,66.801,1.104,1.251,0.800,0.923
7385,gcb8335.tif,0.085,1.171,0.776,0.496,303,279,158.199,0.325,1.624,0.616,0.714
7386,gcb8335.tif,2.337,5.884,0.848,2.043,596,278,97.765,1.472,1.336,0.749,0.934
7387,gcb8335.tif,0.169,1.777,0.674,0.759,252,280,104.036,0.368,2.293,0.436,0.800
7388,gcb8335.tif,2.270,8.411,0.403,2.450,293,305,55.713,1.991,1.198,0.835,0.666
7389,gcb8335.tif,1.584,4.758,0.879,1.610,632,285,120.964,1.336,1.201,0.832,0.912
7390,gcb8335.tif,0.076,1.355,0.521,0.589,858,289,38.660,0.276,2.856,0.350,0.581
7391,gcb8335.tif,1.592,5.951,0.565,2.148,543,310,80.134,1.189,2.135,0.468,0.752
7392,gcb8335.tif,0.296,2.015,0.917,0.823,612,295,63.435,0.460,1.478,0.677,0.933
7393,gcb8335.tif,0.102,1.822,0.385,0.670,532,295,74.055,0.276,2.830,0.353,0.632
7394,gcb8335.tif,4.395,11.261,0.436,4.158,502,330,65.136,1.837,2.241,0.446,0.775
7395,gcb8335.tif,0.754,3.240,0.902,1.200,472,290,122.471,0.920,1.148,0.871,0.922
7396,gcb8335.tif,1.287,4.183,0.924,1.484,407,306,60.255,1.196,1.198,0.834,0.921
7397,gcb8335.tif,1.194,4.237,0.836,1.692,563,308,67.620,1.011,1.720,0.581,0.922
7398,gcb8335.tif,0.390,2.374,0.868,0.868,267,300,57.995,0.658,1.313,0.762,0.852
7399,gcb8335.tif,4.344,12.670,0.340,4.088,334,295,148.815,2.311,2.262,0.442,0.638
7400,gcb8335.tif,2.634,6.297,0.835,2.226,422,296,119.745,1.748,1.259,0.794,0.911
7401,gcb8335.tif,0.415,3.523,0.420,1.437,737,305,39.806,0.536,3.454,0.290,0.641
7402,gcb8335.tif,0.068,0.835,1.000,0.390,496,301,45.000,0.276,1.229,0.814,0.941
7403,gcb8335.tif,0.085,1.095,0.887,0.460,458,302,36.870,0.325,1.643,0.608,0.800
7404,gcb8335.tif,1.363,4.726,0.767,1.815,645,318,59.534,1.209,1.648,0.607,0.885
7405,gcb8335.tif,6.987,15.888,0.348,4.075,390,301,96.483,3.120,1.360,0.735,0.738
7406,gcb8335.tif,0.186,1.593,0.922,0.670,830,304,15.945,0.368,1.591,0.629,0.880
7407,gcb8335.tif,3.133,8.160,0.591,3.220,79,303,149.036,1.495,2.323,0.431,0.853
7408,gcb8335.tif,1.186,5.929,0.424,2.409,184,302,133.452,1.016,2.704,0.370,0.678
7409,gcb8335.tif,0.576,3.110,0.748,1.228,713,307,167.005,0.736,1.497,0.668,0.840
7410,gcb8335.tif,2.541,8.020,0.496,2.680,605,309,164.055,1.655,1.835,0.545,0.770
7411,gcb8335.tif,0.601,3.003,0.838,1.200,453,308,147.529,0.757,1.643,0.609,0.866
7412,gcb8335.tif,0.508,2.926,0.746,0.995,245,310,123.690,0.736,1.350,0.741,0.851
7413,gcb8335.tif,1.219,3.999,0.958,1.380,291,326,53.130,1.196,1.080,0.926,0.926
7414,gcb8335.tif,1.143,4.259,0.792,1.487,577,326,21.801,1.189,1.253,0.798,0.868
7415,gcb8335.tif,0.093,1.041,1.000,0.412,128,317,153.435,0.368,1.139,0.878,0.815
7416,gcb8335.tif,0.652,3.240,0.780,1.196,677,329,67.380,0.828,1.357,0.737,0.856
7417,gcb8335.tif,0.135,1.279,1.000,0.537,712,317,120.964,0.368,1.234,0.810,0.889
7418,gcb8335.tif,0.076,1.149,0.726,0.496,265,322,21.801,0.276,1.921,0.521,0.783
7419,gcb8335.tif,1.219,4.107,0.909,1.440,463,333,63.435,1.196,1.122,0.891,0.932
7420,gcb8335.tif,2.795,6.382,0.862,2.264,544,347,63.435,1.656,1.296,0.772,0.934
7421,gcb8335.tif,0.661,3.425,0.708,1.484,160,328,172.875,0.644,2.454,0.408,0.862
7422,gcb8335.tif,0.838,3.425,0.898,1.171,357,326,135.000,1.012,1.078,0.927,0.904
7423,gcb8335.tif,0.339,2.038,1.000,0.742,422,328,150.255,0.644,1.055,0.948,0.920
7424,gcb8335.tif,0.220,1.984,0.703,0.792,332,336,54.462,0.460,1.236,0.809,0.825
7425,gcb8335.tif,0.889,5.615,0.354,2.058,309,331,116.565,0.868,3.456,0.289,0.592
7426,gcb8335.tif,0.838,3.348,0.940,1.235,614,344,63.435,0.920,1.254,0.797,0.938
7427,gcb8335.tif,0.093,1.019,1.000,0.460,704,335,36.870,0.276,1.372,0.729,0.957
7428,gcb8335.tif,0.830,3.999,0.652,1.564,178,334,118.072,0.803,2.128,0.470,0.831
7429,gcb8335.tif,0.398,2.222,1.000,0.868,378,333,122.005,0.644,1.198,0.834,0.931
7430,gcb8335.tif,1.905,6.351,0.594,2.393,565,347,22.620,1.187,2.257,0.443,0.812
7431,gcb8335.tif,4.268,8.972,0.666,3.268,518,336,99.728,1.748,2.151,0.465,0.876
7432,gcb8335.tif,3.379,8.626,0.571,3.406,79,337,141.582,1.695,2.166,0.462,0.841
7433,gcb8335.tif,0.677,3.034,0.925,1.112,486,338,114.444,0.828,1.308,0.765,0.920
7434,gcb8335.tif,0.906,3.631,0.864,1.301,439,341,135.000,1.048,1.203,0.831,0.877
7435,gcb8335.tif,0.534,2.634,0.966,1.073,455,340,149.036,0.716,1.486,0.673,0.906
7436,gcb8335.tif,1.719,4.964,0.877,1.861,628,339,98.531,1.288,1.413,0.708,0.919
7437,gcb8335.tif,0.322,2.092,0.924,0.823,699,339,116.565,0.552,1.336,0.748,0.905
7438,gcb8335.tif,0.313,2.038,0.948,0.792,259,348,54.462,0.640,1.173,0.853,0.892
7439,gcb8335.tif,0.534,2.742,0.892,1.049,296,350,37.875,0.781,1.300,0.769,0.887
7440,gcb8335.tif,0.847,3.847,0.719,1.487,470,343,111.801,0.803,2.044,0.489,0.877
7441,gcb8335.tif,2.286,5.700,0.884,2.103,666,366,66.801,1.437,1.499,0.667,0.934
7442,gcb8335.tif,0.398,2.222,1.000,0.868,593,354,57.995,0.644,1.198,0.834,0.931
7443,gcb8335.tif,0.449,2.666,0.794,0.995,408,349,146.310,0.736,1.415,0.707,0.869
7444,gcb8335.tif,1.346,4.237,0.943,1.487,369,350,111.801,1.196,1.158,0.864,0.938
7445,gcb8335.tif,0.203,1.670,0.916,0.719,403,354,129.806,0.455,1.547,0.647,0.857
7446,gcb8335.tif,0.135,1.930,0.457,0.792,143,357,144.462,0.437,2.236,0.447,0.593
7447,gcb8335.tif,4.878,12.356,0.402,3.464,567,392,73.009,2.832,1.265,0.790,0.742
7448,gcb8335.tif,0.644,2.980,0.911,1.153,386,368,61.390,0.828,1.244,0.804,0.916
7449,gcb8335.tif,0.982,5.354,0.431,2.125,267,367,17.650,0.751,3.298,0.303,0.766
7450,gcb8335.tif,2.464,6.817,0.666,2.256,549,383,78.232,1.911,1.124,0.890,0.812
7451,gcb8335.tif,3.692,9.331,0.533,3.285,453,373,11.310,1.746,2.169,0.461,0.822
7452,gcb8335.tif,0.195,1.593,0.964,0.617,773,370,63.435,0.460,1.216,0.822,0.868
7453,gcb8335.tif,2.439,7.868,0.495,3.027,647,365,109.537,1.248,2.949,0.339,0.807
7454,gcb8335.tif,1.160,4.367,0.764,1.573,706,381,69.444,1.012,1.592,0.628,0.893
7455,gcb8335.tif,1.778,6.113,0.598,1.950,361,372,160.710,1.482,1.140,0.877,0.814
7456,gcb8335.tif,0.347,2.145,0.948,0.823,626,369,116.565,0.552,1.330,0.752,0.921
7457,gcb8335.tif,0.110,1.279,0.846,0.521,691,373,45.000,0.368,1.382,0.724,0.788
7458,gcb8335.tif,0.991,3.793,0.866,1.368,499,372,132.274,1.012,1.193,0.838,0.911
7459,gcb8335.tif,2.591,8.388,0.463,3.114,78,372,145.840,1.685,1.946,0.514,0.740
7460,gcb8335.tif,0.186,1.670,0.840,0.670,410,376,15.945,0.453,1.444,0.693,0.800
7461,gcb8335.tif,0.542,2.850,0.838,1.123,268,384,55.008,0.722,1.548,0.646,0.883
7462,gcb8335.tif,0.457,2.482,0.933,0.938,305,374,101.310,0.644,1.322,0.756,0.908
7463,gcb8335.tif,1.380,4.313,0.932,1.573,343,377,110.556,1.196,1.246,0.802,0.929
7464,gcb8335.tif,0.237,1.701,1.000,0.719,247,380,140.194,0.460,1.266,0.790,0.966
7465,gcb8335.tif,0.805,3.447,0.851,1.437,625,391,39.806,0.781,1.920,0.521,0.909
7466,gcb8335.tif,1.194,5.431,0.509,1.991,401,405,56.310,1.106,2.014,0.497,0.760
7467,gcb8335.tif,0.237,1.746,0.978,0.701,536,391,23.199,0.535,1.286,0.777,0.836
7468,gcb8335.tif,0.542,2.850,0.838,1.123,520,399,55.008,0.711,1.601,0.625,0.889
7469,gcb8335.tif,0.068,0.965,0.914,0.412,740,391,26.565,0.276,1.435,0.697,0.842
7470,gcb8335.tif,2.481,6.046,0.853,2.043,451,392,144.162,1.748,1.092,0.916,0.935
7471,gcb8335.tif,5.632,9.039,0.866,3.326,548,392,104.421,2.485,1.260,0.794,0.939
7472,gcb8335.tif,0.161,1.355,1.000,0.589,116,394,128.660,0.453,1.391,0.719,0.884
7473,gcb8335.tif,0.627,3.110,0.814,1.200,246,408,57.529,0.799,1.386,0.722,0.855
7474,gcb8335.tif,0.644,2.980,0.911,1.077,739,408,70.017,0.828,1.233,0.811,0.899
7475,gcb8335.tif,0.449,2.482,0.916,0.906,290,408,66.038,0.736,1.141,0.877,0.883
7476,gcb8335.tif,0.288,1.907,0.994,0.742,664,406,60.255,0.552,1.158,0.864,0.907
7477,gcb8335.tif,2.007,5.202,0.932,1.897,600,400,104.036,1.380,1.311,0.763,0.948
7478,gcb8335.tif,0.246,1.800,0.953,0.701,219,404,156.801,0.552,1.100,0.909,0.829
7479,gcb8335.tif,5.733,13.851,0.376,4.419,640,402,121.373,2.144,2.234,0.448,0.751
7480,gcb8335.tif,0.271,1.930,0.914,0.742,697,409,29.745,0.586,1.275,0.784,0.865
7481,gcb8335.tif,1.186,6.319,0.373,1.834,312,406,107.526,1.196,1.997,0.501,0.665
7482,gcb8335.tif,1.584,4.627,0.929,1.610,411,408,149.036,1.380,1.067,0.937,0.930
7483,gcb8335.tif,0.737,3.056,0.991,1.178,673,407,128.660,0.911,1.275,0.785,0.930
7484,gcb8335.tif,0.059,0.911,0.898,0.412,327,410,26.565,0.260,1.668,0.600,0.778
7485,gcb8335.tif,2.244,5.678,0.875,2.187,502,413,157.751,1.374,1.585,0.631,0.941
7486,gcb8335.tif,0.567,2.742,0.948,0.978,393,412,131.186,0.828,1.086,0.921,0.893
7487,gcb8335.tif,3.108,7.347,0.723,2.616,476,413,129.289,1.757,1.665,0.600,0.860
7488,gcb8335.tif,0.203,1.670,0.916,0.664,620,412,123.690,0.536,1.215,0.823,0.828
7489,gcb8335.tif,0.669,2.980,0.947,1.112,283,418,114.444,0.828,1.322,0.757,0.919
7490,gcb8335.tif,1.922,6.221,0.624,2.416,358,418,107.745,1.285,2.157,0.464,0.814
7491,gcb8335.tif,0.119,1.149,1.000,0.460,137,419,126.870,0.368,1.020,0.981,0.933
7492,gcb8335.tif,0.474,2.482,0.967,0.947,567,429,60.945,0.736,1.281,0.781,0.911
7493,gcb8335.tif,0.152,1.355,1.000,0.537,261,427,30.964,0.455,1.137,0.879,0.878
7494,gcb8335.tif,0.915,3.501,0.938,1.327,382,422,123.690,0.989,1.376,0.727,0.911
7495,gcb8335.tif,4.844,13.990,0.311,3.828,425,463,80.311,2.892,1.404,0.712,0.615
7496,gcb8335.tif,0.559,3.012,0.774,1.235,698,435,63.435,0.644,1.947,0.514,0.898
7497,gcb8335.tif,0.051,0.781,1.000,0.332,197,430,33.690,0.260,1.291,0.775,0.800
7498,gcb8335.tif,1.118,5.951,0.397,1.679,459,427,99.462,1.314,1.353,0.739,0.672
7499,gcb8335.tif,2.134,5.615,0.851,1.952,625,448,81.870,1.472,1.322,0.757,0.916
7500,gcb8335.tif,1.397,4.780,0.769,1.897,297,433,157.166,1.111,1.780,0.562,0.897
7501,gcb8335.tif,0.381,2.352,0.866,0.868,407,433,147.995,0.644,1.186,0.843,0.857
7502,gcb8335.tif,4.082,11.705,0.374,3.835,504,467,59.744,2.059,2.142,0.467,0.653
7503,gcb8335.tif,0.288,2.060,0.853,0.719,748,433,140.194,0.644,1.030,0.970,0.840
7504,gcb8335.tif,0.135,1.279,1.000,0.537,251,438,59.036,0.368,1.262,0.792,0.889
7505,gcb8335.tif,2.439,10.013,0.306,2.888,564,438,112.479,2.103,1.797,0.556,0.583
7506,gcb8335.tif,2.888,6.557,0.844,2.346,470,464,78.690,1.840,1.198,0.835,0.918
7507,gcb8335.tif,1.389,5.018,0.693,2.020,524,458,59.931,1.089,2.091,0.478,0.859
7508,gcb8335.tif,0.212,1.647,0.981,0.664,691,440,123.690,0.460,1.166,0.858,0.909
7509,gcb8335.tif,1.296,5.808,0.483,2.228,95,441,128.290,1.171,2.315,0.432,0.702
7510,gcb8335.tif,1.736,6.795,0.472,2.098,372,443,127.875,1.498,1.531,0.653,0.713
7511,gcb8335.tif,0.051,0.781,1.000,0.332,395,444,123.690,0.260,1.291,0.775,0.800
7512,gcb8335.tif,0.847,4.304,0.574,1.815,289,449,149.534,0.731,2.870,0.348,0.778
7513,gcb8335.tif,3.091,8.191,0.579,3.059,79,450,111.161,1.562,2.270,0.441,0.844
7514,gcb8335.tif,1.245,4.259,0.862,1.498,661,474,79.380,1.191,1.241,0.806,0.899
7515,gcb8335.tif,0.051,0.889,0.809,0.412,536,461,116.565,0.184,2.237,0.447,0.857
7516,gcb8335.tif,1.948,5.224,0.897,1.834,596,480,72.474,1.510,1.233,0.811,0.915
7517,gcb8335.tif,0.152,1.409,0.965,0.560,311,464,170.538,0.368,1.245,0.803,0.857
7518,gcb8335.tif,0.119,1.149,1.000,0.460,285,464,126.870,0.368,1.020,0.981,0.933
7519,gcb8335.tif,3.226,9.937,0.411,3.794,331,464,112.834,1.584,3.230,0.310,0.687
7520,gcb8335.tif,0.254,1.907,0.877,0.792,454,469,35.538,0.524,1.522,0.657,0.882
7521,gcb8335.tif,2.337,5.799,0.874,2.119,630,464,92.490,1.564,1.265,0.791,0.922
7522,gcb8335.tif,0.906,3.685,0.839,1.484,349,466,119.745,0.944,1.610,0.621,0.899
7523,gcb8335.tif,0.195,1.593,0.964,0.589,717,466,128.660,0.460,1.063,0.941,0.868
7524,gcb8335.tif,2.126,5.548,0.868,1.982,378,468,111.801,1.472,1.192,0.839,0.928
7525,gcb8335.tif,0.999,3.685,0.925,1.327,684,481,56.310,1.104,1.173,0.853,0.908
7526,gcb8335.tif,0.135,1.333,0.958,0.537,421,469,120.964,0.368,1.233,0.811,0.914
7527,gcb8335.tif,0.491,2.612,0.905,0.947,272,479,60.945,0.815,1.184,0.844,0.879
7528,gcb8335.tif,0.313,2.038,0.948,0.792,551,471,125.538,0.552,1.317,0.759,0.892
7529,gcb8335.tif,1.084,4.205,0.770,1.518,431,473,104.036,1.138,1.228,0.814,0.856
7530,gcb8335.tif,1.211,4.551,0.735,1.863,102,474,110.225,0.931,2.077,0.482,0.888
7531,gcb8335.tif,2.329,9.623,0.316,3.130,511,505,65.695,1.613,2.117,0.472,0.696
7532,gcb8335.tif,1.160,3.999,0.912,1.518,449,475,104.036,1.012,1.406,0.711,0.932
7533,gcb8335.tif,0.296,2.244,0.740,0.868,699,475,147.995,0.617,1.394,0.717,0.795
7534,gcb8335.tif,1.092,3.869,0.917,1.327,537,490,56.310,1.196,1.053,0.949,0.921
7535,gcb8335.tif,0.144,1.279,1.000,0.537,564,483,30.964,0.368,1.263,0.792,0.919
7536,gcb8335.tif,1.558,5.072,0.761,1.863,714,497,57.095,1.327,1.349,0.742,0.887
7537,gcb8335.tif,0.076,1.301,0.565,0.496,280,486,68.199,0.349,1.504,0.665,0.643
7538,gcb8335.tif,1.025,4.053,0.784,1.610,364,482,120.964,0.943,1.765,0.567,0.864
7539,gcb8335.tif,0.186,1.485,1.000,0.589,705,485,128.660,0.460,1.238,0.808,0.863
7540,gcb8335.tif,0.271,2.114,0.762,0.868,316,487,122.005,0.564,1.732,0.577,0.790
7541,gcb8335.tif,0.915,3.923,0.747,1.607,662,488,113.629,0.920,1.664,0.601,0.857
7542,gcb8335.tif,1.228,4.888,0.646,1.787,418,493,168.111,1.104,1.733,0.577,0.822
7543,gcb8335.tif,4.979,13.352,0.351,4.572,438,527,49.899,2.139,2.958,0.338,0.665
7544,gcb8335.tif,3.176,7.347,0.739,2.683,578,516,67.834,1.763,1.616,0.619,0.882
7545,gcb8335.tif,0.542,2.666,0.958,0.995,642,490,123.690,0.736,1.260,0.794,0.921
7546,gcb8335.tif,0.144,1.432,0.883,0.582,248,493,161.565,0.368,1.505,0.664,0.829
7547,gcb8335.tif,1.262,4.237,0.883,1.564,303,507,61.928,1.104,1.372,0.729,0.923
7548,gcb8335.tif,0.068,0.835,1.000,0.390,446,493,135.000,0.276,1.229,0.814,0.941
7549,gcb8335.tif,0.915,3.555,0.910,1.282,604,494,111.038,0.920,1.270,0.787,0.935
7550,gcb8335.tif,0.059,0.835,1.000,0.390,756,497,45.000,0.276,1.380,0.725,0.875
7551,gcb8335.tif,0.517,3.577,0.507,1.564,216,496,151.928,0.547,3.174,0.315,0.762
7552,gcb8335.tif,0.889,3.653,0.837,1.282,383,504,21.038,1.021,1.208,0.828,0.879
7553,gcb8335.tif,0.466,2.482,0.950,0.961,741,499,106.699,0.644,1.408,0.710,0.902
7554,gcb8335.tif,0.330,2.428,0.704,0.995,696,502,146.310,0.615,2.006,0.498,0.765
7555,gcb8335.tif,2.397,8.258,0.442,3.173,243,502,119.539,1.303,2.794,0.358,0.732
7556,gcb8335.tif,0.186,1.539,0.988,0.617,360,506,26.565,0.460,1.125,0.889,0.863
7557,gcb8335.tif,1.702,6.503,0.506,2.187,680,525,75.379,1.326,2.007,0.498,0.747
7558,gcb8335.tif,2.286,6.611,0.657,2.264,405,520,26.565,1.755,1.214,0.824,0.814
7559,gcb8335.tif,3.176,6.750,0.876,2.445,619,503,109.799,1.656,1.397,0.716,0.952
7560,gcb8335.tif,0.754,3.371,0.834,1.252,275,516,17.103,0.920,1.297,0.771,0.868
7561,gcb8335.tif,0.178,1.517,0.971,0.651,482,513,45.000,0.460,1.334,0.750,0.913
7562,gcb8335.tif,0.415,2.352,0.943,0.947,529,517,60.945,0.644,1.497,0.668,0.907
7563,gcb8335.tif,0.076,0.911,1.000,0.412,519,509,153.435,0.276,1.340,0.746,0.857
7564,gcb8335.tif,1.126,5.116,0.541,2.172,78,526,36.384,0.905,3.003,0.333,0.785
7565,gcb8335.tif,1.169,3.967,0.933,1.429,494,520,14.931,1.193,1.175,0.851,0.908
7566,gcb8335.tif,0.449,2.460,0.932,0.920,605,513,126.870,0.644,1.348,0.742,0.922
7567,gcb8335.tif,0.457,2.818,0.723,1.029,396,524,79.695,0.736,1.403,0.713,0.806
7568,gcb8335.tif,1.999,9.277,0.292,3.664,344,519,168.408,1.219,4.042,0.247,0.579
7569,gcb8335.tif,0.373,2.222,0.949,0.848,292,518,139.399,0.644,1.182,0.846,0.889
7570,gcb8335.tif,0.068,0.965,0.914,0.412,713,520,26.565,0.276,1.435,0.697,0.842
7571,gcb8335.tif,0.127,1.485,0.723,0.617,200,522,153.435,0.368,2.012,0.497,0.789
7572,gcb8335.tif,2.312,6.351,0.720,2.273,538,533,21.371,1.564,1.597,0.626,0.867
7573,gcb8335.tif,0.085,1.019,1.000,0.460,739,524,36.870,0.276,1.288,0.776,0.909
7574,gcb8335.tif,0.212,1.593,1.000,0.617,457,522,116.565,0.460,1.230,0.813,0.909
7575,gcb8335.tif,0.169,1.593,0.838,0.617,725,522,116.565,0.460,1.150,0.870,0.833
7576,gcb8335.tif,0.593,2.720,1.000,1.029,585,533,63.435,0.736,1.241,0.806,0.952
7577,gcb8335.tif,2.397,10.327,0.282,3.264,161,527,130.426,2.183,1.686,0.593,0.504
7578,gcb8335.tif,0.051,0.835,0.916,0.390,208,527,45.000,0.260,1.593,0.628,0.857
7579,gcb8335.tif,2.007,6.795,0.546,2.359,643,536,20.556,1.401,1.589,0.629,0.806
7580,gcb8335.tif,2.812,6.795,0.765,2.604,502,553,57.995,1.705,1.562,0.640,0.902
7581,gcb8335.tif,0.186,1.800,0.723,0.719,154,535,39.806,0.485,1.661,0.602,0.772
7582,gcb8335.tif,0.254,2.114,0.714,0.792,715,536,35.538,0.535,1.448,0.691,0.811
7583,gcb8335.tif,0.737,3.555,0.733,1.429,303,537,14.931,0.823,1.865,0.536,0.853
7584,gcb8335.tif,0.644,3.371,0.712,1.340,685,537,15.945,0.736,1.862,0.537,0.874
7585,gcb8335.tif,0.263,1.984,0.838,0.786,759,542,20.556,0.530,1.474,0.678,0.827
7586,gcb8335.tif,1.990,5.538,0.815,2.018,335,544,155.772,1.564,1.187,0.842,0.899
7587,gcb8335.tif,3.023,6.481,0.904,2.317,479,539,96.843,1.748,1.290,0.775,0.938
7588,gcb8335.tif,0.127,1.409,0.804,0.537,536,539,120.964,0.412,1.263,0.792,0.811
7589,gcb8335.tif,2.312,8.335,0.418,3.214,569,555,23.629,1.482,2.482,0.403,0.719
7590,gcb8335.tif,0.821,3.348,0.921,1.282,667,552,68.962,0.828,1.460,0.685,0.937
7591,gcb8335.tif,0.152,1.463,0.895,0.664,270,544,33.690,0.368,1.703,0.587,0.878
7592,gcb8335.tif,1.152,6.211,0.375,2.125,725,541,107.650,1.288,1.860,0.538,0.628
7593,gcb8335.tif,2.354,9.201,0.349,3.019,364,543,127.569,1.544,2.382,0.420,0.682
7594,gcb8335.tif,1.101,4.021,0.856,1.583,428,557,54.462,1.012,1.590,0.629,0.897
7595,gcb8335.tif,0.059,0.835,1.000,0.412,844,542,153.435,0.184,1.936,0.517,0.933
7596,gcb8335.tif,1.296,5.310,0.578,2.306,89,556,28.610,0.905,2.833,0.353,0.845
7597,gcb8335.tif,2.956,10.569,0.332,2.981,454,543,98.881,1.997,1.672,0.598,0.640
7598,gcb8335.tif,1.211,4.075,0.916,1.455,291,559,71.565,1.196,1.217,0.822,0.914
7599,gcb8335.tif,0.186,1.723,0.788,0.670,681,544,105.945,0.460,1.376,0.727,0.786
7600,gcb8335.tif,1.812,5.960,0.641,2.273,690,569,68.629,1.196,2.245,0.445,0.838
7601,gcb8335.tif,1.719,5.808,0.640,2.273,131,558,21.371,1.089,2.362,0.423,0.860
7602,gcb8335.tif,0.127,1.485,0.723,0.664,321,554,56.310,0.325,2.506,0.399,0.769
7603,gcb8335.tif,0.076,0.965,1.000,0.412,838,551,116.565,0.276,1.340,0.746,0.857
7604,gcb8335.tif,0.059,0.781,1.000,0.390,43,555,45.000,0.260,1.596,0.626,0.875
7605,gcb8335.tif,0.677,4.466,0.427,1.777,80,553,111.251,0.700,3.054,0.327,0.705
7606,gcb8335.tif,2.210,5.830,0.817,2.224,327,553,114.444,1.440,1.496,0.669,0.916
7607,gcb8335.tif,0.745,3.164,0.935,1.196,709,554,112.620,0.828,1.389,0.720,0.931
7608,gcb8335.tif,0.093,1.095,0.976,0.412,258,555,116.565,0.368,1.035,0.966,0.846
7609,gcb8335.tif,0.525,2.666,0.928,0.995,400,565,56.310,0.736,1.304,0.767,0.905
7610,gcb8335.tif,2.769,7.998,0.544,2.736,488,585,70.346,1.587,2.068,0.484,0.790
7611,gcb8335.tif,1.346,4.237,0.943,1.543,410,577,72.646,1.104,1.289,0.776,0.944
7612,gcb8335.tif,0.703,3.653,0.662,1.408,429,564,168.690,0.823,2.073,0.482,0.787
7613,gcb8335.tif,0.068,0.965,0.914,0.412,278,566,26.565,0.276,1.416,0.706,0.800
7614,gcb8335.tif,0.254,1.854,0.929,0.792,215,565,125.538,0.521,1.581,0.633,0.882
7615,gcb8335.tif,2.286,5.700,0.884,2.166,648,589,77.735,1.380,1.529,0.654,0.941
7616,gcb8335.tif,4.920,11.647,0.456,4.215,78,567,126.119,2.290,2.097,0.477,0.698
7617,gcb8335.tif,1.931,7.392,0.444,2.775,312,598,84.289,1.259,2.878,0.347,0.699
7618,gcb8335.tif,0.483,2.514,0.960,0.947,669,568,119.055,0.644,1.299,0.770,0.950
7619,gcb8335.tif,0.813,3.837,0.694,1.455,280,570,145.305,0.913,1.565,0.639,0.821
7620,gcb8335.tif,2.210,5.516,0.913,1.915,517,586,35.218,1.646,1.170,0.855,0.932
7621,gcb8335.tif,4.243,12.334,0.350,3.653,429,572,130.914,2.541,1.581,0.633,0.669
7622,gcb8335.tif,6.241,16.481,0.289,4.174,560,571,104.036,3.066,1.052,0.950,0.685
7623,gcb8335.tif,0.686,3.393,0.749,1.368,145,574,137.726,0.828,1.707,0.586,0.844
7624,gcb8335.tif,0.263,1.831,0.984,0.719,117,580,39.806,0.552,1.078,0.928,0.925
7625,gcb8335.tif,0.127,1.203,1.000,0.521,573,579,45.000,0.368,1.137,0.880,0.968
7626,gcb8335.tif,0.127,1.539,0.674,0.582,616,576,161.565,0.368,1.613,0.620,0.750
7627,gcb8335.tif,0.593,3.393,0.647,1.408,172,578,168.690,0.685,2.092,0.478,0.805
7628,gcb8335.tif,1.025,3.716,0.932,1.359,368,592,61.699,1.012,1.210,0.827,0.942
7629,gcb8335.tif,2.727,10.448,0.314,3.395,656,602,32.829,2.067,1.716,0.583,0.658
7630,gcb8335.tif,0.703,2.980,0.995,1.112,696,581,114.444,0.828,1.237,0.808,0.943
7631,gcb8335.tif,5.420,14.511,0.323,4.365,383,584,124.695,2.600,2.011,0.497,0.680
7632,gcb8335.tif,0.830,3.402,0.901,1.252,636,596,72.897,0.828,1.371,0.730,0.933
7633,gcb8335.tif,1.313,4.291,0.896,1.543,278,602,72.646,1.104,1.354,0.738,0.928
7634,gcb8335.tif,0.610,2.796,0.980,1.049,478,588,127.875,0.828,1.154,0.867,0.917
7635,gcb8335.tif,1.922,6.741,0.532,2.431,335,588,119.476,1.498,1.931,0.518,0.744
7636,gcb8335.tif,0.085,1.095,0.887,0.460,239,592,126.870,0.325,1.576,0.635,0.769
7637,gcb8335.tif,0.296,1.984,0.947,0.759,299,593,104.036,0.552,1.269,0.788,0.875
7638,gcb8335.tif,2.727,7.500,0.609,2.527,405,595,146.889,1.772,1.367,0.732,0.805
7639,gcb8335.tif,0.872,4.986,0.441,1.897,708,612,50.906,0.918,2.390,0.418,0.701
7640,gcb8335.tif,1.897,8.985,0.295,3.179,578,613,22.109,1.490,2.971,0.337,0.598
7641,gcb8335.tif,0.347,2.168,0.928,0.920,356,605,53.130,0.586,1.587,0.630,0.901
7642,gcb8335.tif,0.186,1.616,0.897,0.617,517,600,116.565,0.455,1.342,0.745,0.830
7643,gcb8335.tif,0.932,3.501,0.955,1.327,310,610,33.690,1.041,1.256,0.796,0.921
7644,gcb8335.tif,2.515,6.014,0.874,2.226,622,601,97.125,1.472,1.480,0.676,0.941
7645,gcb8335.tif,0.076,1.225,0.638,0.496,698,602,158.199,0.276,1.964,0.509,0.750
7646,gcb8335.tif,0.500,3.025,0.686,1.200,440,602,122.471,0.685,2.052,0.487,0.814
7647,gcb8335.tif,2.049,6.297,0.649,2.400,501,604,122.471,1.288,2.128,0.470,0.839
7648,gcb8335.tif,1.584,4.627,0.929,1.692,457,621,67.620,1.280,1.327,0.754,0.940
7649,gcb8335.tif,1.423,4.573,0.855,1.815,527,608,120.466,1.150,1.581,0.633,0.923
7650,gcb8335.tif,0.415,2.352,0.943,0.868,827,618,57.995,0.736,1.027,0.974,0.891
7651,gcb8335.tif,0.203,1.616,0.978,0.670,275,619,164.055,0.460,1.482,0.675,0.842
7652,gcb8335.tif,1.999,7.186,0.486,2.393,715,618,112.620,1.478,2.052,0.487,0.711
7653,gcb8335.tif,0.296,1.907,1.000,0.742,589,618,119.745,0.552,1.199,0.834,0.909
7654,gcb8335.tif,2.261,8.931,0.356,3.173,306,653,73.142,1.241,3.314,0.302,0.673
7655,gcb8335.tif,1.821,5.094,0.882,1.897,379,640,75.964,1.380,1.319,0.758,0.917
7656,gcb8335.tif,2.557,7.953,0.508,2.835,474,650,54.246,1.565,2.195,0.456,0.754
7657,gcb8335.tif,0.347,2.428,0.740,1.029,565,628,10.305,0.552,1.718,0.582,0.828
7658,gcb8335.tif,0.068,0.911,1.000,0.412,366,629,26.565,0.276,1.308,0.764,0.800
7659,gcb8335.tif,3.641,8.918,0.575,3.794,771,664,67.166,1.455,2.853,0.350,0.878
7660,gcb8335.tif,1.457,4.605,0.863,1.777,690,628,111.251,1.104,1.508,0.663,0.927
7661,gcb8335.tif,2.354,6.643,0.670,2.450,396,646,34.287,1.562,1.812,0.552,0.829
7662,gcb8335.tif,0.212,2.060,0.627,0.848,171,633,167.471,0.460,1.897,0.527,0.758
7663,gcb8335.tif,2.058,6.611,0.592,2.557,420,654,59.744,1.450,1.823,0.549,0.788
7664,gcb8335.tif,0.550,2.720,0.935,1.029,505,642,63.435,0.736,1.263,0.792,0.922
7665,gcb8335.tif,1.431,4.466,0.902,1.543,582,633,107.354,1.280,1.188,0.842,0.921
7666,gcb8335.tif,2.871,6.773,0.786,2.567,537,639,165.466,1.656,1.382,0.723,0.911
7667,gcb8335.tif,0.085,1.095,0.887,0.496,651,641,158.199,0.276,1.976,0.506,0.800
7668,gcb8335.tif,0.102,1.095,1.000,0.460,713,641,126.870,0.368,1.281,0.780,0.857
7669,gcb8335.tif,1.203,5.072,0.587,2.125,514,664,72.350,1.012,2.169,0.461,0.838
7670,gcb8335.tif,2.972,9.299,0.432,3.324,617,642,131.634,1.627,2.440,0.410,0.705
7671,gcb8335.tif,5.132,11.077,0.526,3.479,345,672,37.476,2.308,1.776,0.563,0.795
7672,gcb8335.tif,0.186,2.244,0.465,0.873,204,646,161.565,0.460,2.497,0.400,0.629
7673,gcb8335.tif,0.661,3.662,0.619,1.518,181,647,165.964,0.602,2.831,0.353,0.834
7674,gcb8335.tif,2.109,5.615,0.841,2.033,445,667,84.806,1.564,1.310,0.763,0.896
7675,gcb8335.tif,0.449,2.536,0.877,0.961,459,657,73.301,0.644,1.444,0.693,0.883
7676,gcb8335.tif,0.296,2.190,0.777,0.868,700,657,57.995,0.521,1.539,0.650,0.814
7677,gcb8335.tif,0.305,2.114,0.857,0.823,243,651,153.435,0.552,1.424,0.702,0.878
7678,gcb8335.tif,1.270,4.910,0.662,1.982,79,652,111.801,0.940,2.180,0.459,0.867
7679,gcb8335.tif,0.220,1.593,1.000,0.651,577,659,45.000,0.460,1.147,0.872,0.929
7680,gcb8335.tif,1.685,4.780,0.927,1.787,497,673,78.111,1.288,1.335,0.749,0.930
7681,gcb8335.tif,0.288,2.092,0.827,0.848,331,662,40.601,0.600,1.547,0.647,0.861
7682,gcb8335.tif,2.871,6.198,0.939,2.125,607,655,107.650,1.748,1.156,0.865,0.955
7683,gcb8335.tif,1.414,4.681,0.811,1.787,654,659,101.889,1.104,1.660,0.603,0.910
7684,gcb8335.tif,0.373,2.222,0.949,0.920,307,662,126.870,0.644,1.394,0.718,0.917
7685,gcb8335.tif,3.658,9.255,0.537,3.484,429,662,102.200,1.497,2.590,0.386,0.820
7686,gcb8335.tif,0.263,1.907,0.907,0.792,588,662,125.538,0.536,1.468,0.681,0.873
7687,gcb8335.tif,0.974,3.609,0.940,1.359,374,679,61.699,0.920,1.391,0.719,0.931
7688,gcb8335.tif,1.550,4.497,0.963,1.659,390,682,70.560,1.196,1.304,0.767,0.953
7689,gcb8335.tif,2.159,7.706,0.457,2.513,466,690,66.251,1.601,1.762,0.568,0.704
7690,gcb8335.tif,1.880,5.278,0.848,2.018,513,667,114.228,1.378,1.532,0.653,0.914
7691,gcb8335.tif,1.346,4.183,0.967,1.440,534,667,116.565,1.288,1.026,0.974,0.941
7692,gcb8335.tif,1.660,6.732,0.460,2.875,748,689,39.806,0.948,3.841,0.260,0.782
7693,gcb8335.tif,0.618,2.926,0.907,1.120,274,681,80.538,0.736,1.326,0.754,0.912
7694,gcb8335.tif,0.491,2.644,0.883,1.049,327,678,52.125,0.736,1.278,0.782,0.921
7695,gcb8335.tif,0.948,3.837,0.809,1.393,582,669,97.595,0.998,1.450,0.689,0.872
7696,gcb8335.tif,1.346,4.183,0.967,1.487,294,670,111.801,1.196,1.148,0.871,0.941
7697,gcb8335.tif,0.796,3.631,0.759,1.509,192,673,142.431,0.846,1.732,0.577,0.858
7698,gcb8335.tif,4.793,14.129,0.302,4.804,76,695,16.699,2.392,2.517,0.397,0.538
7699,gcb8335.tif,0.313,2.787,0.507,0.920,166,674,143.130,0.651,1.265,0.791,0.747
7700,gcb8335.tif,0.051,0.965,0.686,0.460,238,673,126.870,0.247,2.166,0.462,0.706
7701,gcb8335.tif,0.517,2.742,0.863,1.073,673,683,59.036,0.736,1.366,0.732,0.904
7702,gcb8335.tif,0.330,2.092,0.949,0.792,312,676,125.538,0.552,1.243,0.804,0.918
7703,gcb8335.tif,0.203,2.428,0.433,1.108,711,686,48.366,0.390,3.605,0.277,0.658
7704,gcb8335.tif,0.356,2.114,1.000,0.792,149,680,144.462,0.644,1.222,0.818,0.884
7705,gcb8335.tif,0.127,1.539,0.674,0.589,242,686,51.340,0.368,1.514,0.661,0.811
7706,gcb8335.tif,1.584,4.713,0.896,1.689,350,682,119.358,1.196,1.256,0.796,0.944
7707,gcb8335.tif,0.135,1.485,0.772,0.664,503,683,123.690,0.332,2.390,0.418,0.762
7708,gcb8335.tif,1.829,5.507,0.758,2.187,450,685,112.249,1.200,1.983,0.504,0.889
7709,gcb8335.tif,0.813,3.272,0.954,1.235,673,699,63.435,0.828,1.338,0.748,0.955
7710,gcb8335.tif,0.144,1.279,1.000,0.537,274,688,149.036,0.368,1.263,0.792,0.919
7711,gcb8335.tif,1.067,4.789,0.585,1.950,687,689,109.290,0.873,2.878,0.347,0.778
7712,gcb8335.tif,1.905,5.148,0.904,1.861,506,690,98.531,1.380,1.349,0.741,0.928
7713,gcb8335.tif,1.050,3.793,0.917,1.402,410,706,66.801,1.012,1.355,0.738,0.925
7714,gcb8335.tif,0.237,1.907,0.819,0.786,283,701,69.444,0.460,1.540,0.649,0.862
7715,gcb8335.tif,1.863,5.072,0.910,1.813,484,711,66.038,1.380,1.260,0.794,0.932
7716,gcb8335.tif,0.457,2.612,0.842,1.029,708,694,100.305,0.644,1.584,0.631,0.864
7717,gcb8335.tif,3.481,13.298,0.247,3.973,295,713,13.392,1.679,3.294,0.304,0.588
7718,gcb8335.tif,0.711,3.196,0.875,1.200,392,699,122.471,0.736,1.460,0.685,0.949
7719,gcb8335.tif,3.277,8.671,0.548,2.675,581,716,26.565,1.899,1.679,0.596,0.810
7720,gcb8335.tif,0.881,4.672,0.507,1.692,258,710,22.380,0.847,2.421,0.413,0.756
7721,gcb8335.tif,1.677,5.040,0.829,1.787,423,700,101.889,1.472,1.117,0.896,0.896
7722,gcb8335.tif,0.720,3.294,0.833,1.282,228,715,68.962,0.828,1.513,0.661,0.876
7723,gcb8335.tif,0.144,1.301,1.000,0.537,104,705,149.036,0.453,1.238,0.808,0.829
7724,gcb8335.tif,0.720,4.183,0.517,1.815,115,717,30.466,0.617,3.564,0.281,0.817
7725,gcb8338.tif,3.489,7.325,0.817,2.688,465,4,128.047,1.933,1.323,0.756,0.922
7726,gcb8338.tif,1.372,4.650,0.797,1.787,258,24,78.111,1.124,1.662,0.602,0.893
7727,gcb8338.tif,0.627,2.872,0.954,1.077,654,6,160.017,0.828,1.303,0.767,0.908
7728,gcb8338.tif,0.406,2.428,0.866,0.911,779,13,45.000,0.714,1.178,0.849,0.842
7729,gcb8338.tif,4.598,12.527,0.368,4.050,383,47,68.682,2.063,2.226,0.449,0.741
7730,gcb8338.tif,0.254,1.930,0.857,0.848,626,7,139.399,0.455,1.870,0.535,0.857
7731,gcb8338.tif,1.033,4.932,0.534,1.827,759,20,40.914,1.025,2.048,0.488,0.777
7732,gcb8338.tif,0.898,4.802,0.489,1.813,547,9,113.962,0.970,1.928,0.519,0.779
7733,gcb8338.tif,0.754,3.371,0.834,1.402,817,23,66.801,0.782,1.912,0.523,0.913
7734,gcb8338.tif,1.143,4.421,0.735,1.777,692,30,68.749,0.948,2.082,0.480,0.871
7735,gcb8338.tif,2.617,6.122,0.877,2.146,320,14,120.964,1.656,1.232,0.812,0.925
7736,gcb8338.tif,0.271,1.831,1.000,0.719,634,13,129.806,0.552,1.108,0.903,0.955
7737,gcb8338.tif,0.220,1.800,0.854,0.670,663,21,15.945,0.552,1.212,0.825,0.788
7738,gcb8338.tif,0.263,1.876,0.937,0.719,453,26,50.194,0.586,1.205,0.830,0.827
7739,gcb8338.tif,0.237,1.831,0.889,0.742,749,26,60.255,0.460,1.605,0.623,0.903
7740,gcb8338.tif,2.778,7.109,0.691,2.486,341,23,141.009,1.603,1.790,0.559,0.835
7741,gcb8338.tif,1.888,4.942,0.972,1.777,493,27,111.251,1.380,1.214,0.824,0.951
7742,gcb8338.tif,0.576,3.425,0.617,1.455,142,37,34.695,0.607,2.833,0.353,0.800
7743,gcb8338.tif,0.491,2.612,0.905,1.073,418,28,120.964,0.704,1.578,0.634,0.879
7744,gcb8338.tif,1.787,5.722,0.686,2.068,616,43,32.276,1.295,1.916,0.522,0.819
7745,gcb8338.tif,0.059,0.835,1.000,0.332,203,30,123.690,0.276,1.069,0.936,0.875
7746,gcb8338.tif,0.805,3.555,0.800,1.278,660,31,149.744,0.828,1.498,0.667,0.896
7747,gcb8338.tif,0.144,1.279,1.000,0.537,806,33,30.964,0.368,1.263,0.792,0.919
7748,gcb8338.tif,1.414,6.328,0.444,2.247,282,32,145.008,1.143,2.243,0.446,0.717
7749,gcb8338.tif,2.422,7.262,0.577,2.656,471,60,75.964,1.380,2.144,0.466,0.839
7750,gcb8338.tif,0.203,2.060,0.602,0.786,742,34,159.444,0.460,1.785,0.560,0.738
7751,gcb8338.tif,0.432,2.504,0.865,0.995,885,41,33.690,0.651,1.601,0.625,0.887
7752,gcb8338.tif,5.242,10.381,0.611,4.000,548,76,66.975,2.064,2.157,0.464,0.835
7753,gcb8338.tif,3.489,8.572,0.597,3.299,229,36,112.989,1.573,2.286,0.437,0.843
7754,gcb8338.tif,0.940,4.107,0.700,1.746,258,37,161.565,0.756,2.533,0.395,0.867
7755,gcb8338.tif,3.608,9.959,0.457,3.555,533,73,68.749,1.704,2.700,0.370,0.765
7756,gcb8338.tif,2.312,7.424,0.527,2.815,402,38,101.310,1.176,2.886,0.346,0.798
7757,gcb8338.tif,0.339,2.069,0.994,0.792,648,39,125.538,0.552,1.160,0.862,0.976
7758,gcb8338.tif,1.059,3.815,0.914,1.408,602,40,101.310,1.012,1.323,0.756,0.916
7759,gcb8338.tif,2.956,7.347,0.688,2.619,325,72,71.565,1.681,1.704,0.587,0.852
7760,gcb8338.tif,0.347,2.168,0.928,0.920,639,48,126.870,0.586,1.614,0.619,0.901
7761,gcb8338.tif,5.361,11.530,0.507,3.958,661,48,125.538,2.361,1.952,0.512,0.784
7762,gcb8338.tif,0.508,2.688,0.883,1.029,891,49,153.435,0.823,1.157,0.864,0.857
7763,gcb8338.tif,1.050,3.914,0.862,1.408,343,53,168.690,1.104,1.223,0.818,0.892
7764,gcb8338.tif,2.354,5.862,0.861,1.991,439,52,123.690,1.564,1.159,0.863,0.933
7765,gcb8338.tif,0.771,3.218,0.935,1.196,259,51,112.620,0.828,1.377,0.726,0.933
7766,gcb8338.tif,0.068,0.911,1.000,0.460,706,51,143.130,0.260,1.939,0.516,0.842
7767,gcb8338.tif,0.373,2.742,0.623,1.171,755,61,45.000,0.614,1.992,0.502,0.752
7768,gcb8338.tif,0.711,3.056,0.957,1.138,290,66,75.964,0.828,1.297,0.771,0.913
7769,gcb8338.tif,1.228,4.129,0.905,1.543,417,55,107.354,1.104,1.377,0.726,0.921
7770,gcb8338.tif,0.313,1.984,1.000,0.742,622,57,150.255,0.644,1.069,0.936,0.902
7771,gcb8338.tif,6.114,15.485,0.320,5.223,582,58,104.281,1.835,3.511,0.285,0.723
7772,gcb8338.tif,3.354,8.173,0.631,2.604,370,82,32.005,1.992,1.448,0.691,0.819
7773,gcb8338.tif,0.940,3.447,0.994,1.252,499,75,72.897,1.012,1.158,0.864,0.929
7774,gcb8338.tif,0.542,3.187,0.671,1.123,201,69,145.008,0.878,1.251,0.799,0.790
7775,gcb8338.tif,1.440,4.389,0.939,1.543,299,82,72.646,1.288,1.177,0.850,0.926
7776,gcb8338.tif,0.093,1.149,0.887,0.460,316,74,36.870,0.368,1.229,0.814,0.846
7777,gcb8338.tif,1.702,5.776,0.641,2.352,431,70,120.579,1.265,2.095,0.477,0.806
7778,gcb8338.tif,2.854,6.306,0.902,2.393,614,70,112.620,1.564,1.451,0.689,0.952
7779,gcb8338.tif,0.051,0.705,1.000,0.332,896,70,123.690,0.184,1.500,0.667,1.000
7780,gcb8338.tif,0.406,2.352,0.924,0.920,639,72,126.870,0.644,1.301,0.768,0.881
7781,gcb8338.tif,0.144,1.333,1.000,0.589,115,79,38.660,0.368,1.389,0.720,0.944
7782,gcb8338.tif,2.524,6.535,0.743,2.393,410,75,112.620,1.614,1.647,0.607,0.870
7783,gcb8338.tif,0.110,1.095,1.000,0.460,400,77,126.870,0.368,1.159,0.863,0.897
7784,gcb8338.tif,1.186,3.999,0.932,1.359,472,90,61.699,1.196,1.033,0.968,0.921
7785,gcb8338.tif,2.202,5.669,0.861,1.952,523,77,98.130,1.646,1.140,0.877,0.909
7786,gcb8338.tif,0.195,1.670,0.878,0.670,267,82,15.945,0.460,1.427,0.701,0.821
7787,gcb8338.tif,3.066,6.988,0.789,2.478,337,104,74.932,1.564,1.580,0.633,0.934
7788,gcb8338.tif,4.378,10.889,0.464,4.121,491,122,66.297,1.768,2.785,0.359,0.738
7789,gcb8338.tif,0.068,0.889,1.000,0.412,724,81,153.435,0.184,2.000,0.500,1.000
7790,gcb8338.tif,0.466,3.761,0.414,1.455,230,98,71.565,0.644,2.780,0.360,0.647
7791,gcb8338.tif,2.532,7.500,0.566,2.835,295,106,35.754,1.783,1.611,0.621,0.784
7792,gcb8338.tif,4.150,12.289,0.345,4.350,356,98,6.072,2.361,1.996,0.501,0.642
7793,gcb8338.tif,0.542,2.926,0.795,1.196,904,99,67.380,0.728,1.749,0.572,0.865
7794,gcb8338.tif,1.389,4.704,0.789,1.689,209,104,60.642,1.327,1.118,0.894,0.870
7795,gcb8338.tif,0.186,1.463,1.000,0.589,573,88,128.660,0.460,1.101,0.908,0.936
7796,gcb8338.tif,1.194,4.183,0.858,1.498,275,91,132.510,1.124,1.347,0.742,0.892
7797,gcb8338.tif,0.161,1.593,0.796,0.617,450,98,63.435,0.368,1.529,0.654,0.844
7798,gcb8338.tif,0.669,2.980,0.947,1.123,679,93,145.008,0.828,1.247,0.802,0.913
7799,gcb8338.tif,1.228,4.183,0.882,1.631,609,94,106.390,1.012,1.563,0.640,0.932
7800,gcb8338.tif,0.161,1.409,1.000,0.537,541,99,149.036,0.460,1.100,0.909,0.864
7801,gcb8338.tif,0.110,1.225,0.922,0.496,462,103,21.801,0.368,1.354,0.739,0.788
7802,gcb8338.tif,0.152,1.387,0.996,0.589,530,103,141.340,0.368,1.254,0.798,0.947
7803,gcb8338.tif,0.754,3.187,0.933,1.164,560,106,108.435,0.920,1.195,0.837,0.894
7804,gcb8338.tif,1.253,5.799,0.468,1.638,745,106,128.157,1.380,1.066,0.938,0.755
7805,gcb8338.tif,2.007,8.411,0.357,2.963,267,121,25.769,1.675,1.785,0.560,0.646
7806,gcb8338.tif,0.347,2.222,0.884,0.848,672,107,130.601,0.644,1.191,0.840,0.911
7807,gcb8338.tif,0.440,2.383,0.974,0.920,518,109,143.130,0.644,1.153,0.867,0.963
7808,gcb8338.tif,0.254,2.276,0.617,1.029,624,118,63.435,0.378,2.985,0.335,0.789
7809,gcb8338.tif,0.652,3.164,0.818,1.235,692,120,63.435,0.781,1.633,0.612,0.875
7810,gcb8338.tif,3.167,9.744,0.419,3.465,246,147,79.287,1.623,2.627,0.381,0.767
7811,gcb8338.tif,1.626,4.758,0.903,1.610,345,114,120.964,1.372,1.152,0.868,0.921
7812,gcb8338.tif,0.127,1.279,0.976,0.537,705,113,120.964,0.368,1.392,0.718,0.882
7813,gcb8338.tif,2.380,6.665,0.673,2.247,308,131,34.992,1.651,1.544,0.647,0.822
7814,gcb8338.tif,3.091,8.496,0.538,2.803,396,118,156.801,1.773,1.972,0.507,0.772
7815,gcb8338.tif,0.076,0.965,1.000,0.460,506,117,143.130,0.276,1.542,0.648,0.857
7816,gcb8338.tif,0.373,2.298,0.887,0.823,361,121,153.435,0.736,1.041,0.961,0.871
7817,gcb8338.tif,1.634,4.942,0.841,1.746,574,129,18.435,1.288,1.313,0.761,0.919
7818,gcb8338.tif,0.347,2.168,0.928,0.823,670,119,116.565,0.644,1.180,0.848,0.882
7819,gcb8338.tif,2.244,5.830,0.830,2.187,516,120,112.249,1.440,1.572,0.636,0.908
7820,gcb8338.tif,0.059,0.911,0.898,0.460,439,124,36.870,0.247,2.339,0.427,0.778
7821,gcb8338.tif,0.356,2.168,0.951,0.823,431,122,116.565,0.644,1.176,0.851,0.875
7822,gcb8338.tif,0.483,2.536,0.943,0.995,451,123,146.310,0.736,1.353,0.739,0.919
7823,gcb8338.tif,0.093,1.149,0.887,0.460,551,123,126.870,0.368,1.229,0.814,0.846
7824,gcb8338.tif,0.542,2.720,0.921,1.029,629,134,63.435,0.736,1.413,0.708,0.914
7825,gcb8338.tif,0.237,1.854,0.867,0.759,888,124,104.036,0.460,1.571,0.637,0.848
7826,gcb8338.tif,1.228,5.072,0.600,2.125,189,128,162.350,0.937,2.741,0.365,0.806
7827,gcb8338.tif,0.330,2.114,0.929,0.786,299,135,69.444,0.640,1.184,0.845,0.857
7828,gcb8338.tif,0.127,1.301,0.942,0.537,377,127,120.964,0.390,1.472,0.679,0.789
7829,gcb8338.tif,1.084,3.967,0.865,1.455,461,128,124.695,1.092,1.338,0.747,0.892
7830,gcb8338.tif,0.398,2.352,0.904,0.868,538,136,57.995,0.728,1.153,0.867,0.879
7831,gcb8338.tif,0.847,3.348,0.949,1.235,651,128,116.565,0.920,1.241,0.806,0.939
7832,gcb8338.tif,1.812,5.960,0.641,2.323,216,151,56.310,1.461,1.521,0.658,0.853
7833,gcb8338.tif,8.181,11.001,0.850,3.875,551,133,94.086,2.939,1.322,0.756,0.949
7834,gcb8338.tif,0.694,3.967,0.554,1.405,732,142,31.608,0.823,2.007,0.498,0.739
7835,gcb8338.tif,0.364,2.634,0.659,1.077,168,141,19.983,0.535,2.268,0.441,0.804
7836,gcb8338.tif,9.019,18.097,0.346,4.956,449,135,111.801,3.471,1.443,0.693,0.764
7837,gcb8338.tif,2.388,6.459,0.719,2.436,477,143,169.114,1.432,1.691,0.592,0.911
7838,gcb8338.tif,3.379,8.810,0.547,3.268,569,138,122.347,1.618,2.395,0.418,0.803
7839,gcb8338.tif,0.051,0.835,0.916,0.390,598,140,45.000,0.260,1.593,0.628,0.857
7840,gcb8338.tif,4.836,9.102,0.733,3.464,400,165,39.611,2.203,1.616,0.619,0.891
7841,gcb8338.tif,0.076,1.019,0.923,0.412,164,139,116.565,0.276,1.343,0.745,0.857
7842,gcb8338.tif,2.397,6.436,0.727,2.301,311,159,36.870,1.482,1.744,0.574,0.854
7843,gcb8338.tif,0.220,1.701,0.956,0.651,267,143,135.000,0.460,1.080,0.926,0.929
7844,gcb8338.tif,1.025,4.269,0.707,1.523,696,158,64.983,0.828,1.831,0.546,0.893
7845,gcb8338.tif,0.195,1.593,0.964,0.664,92,150,56.310,0.460,1.356,0.737,0.885
7846,gcb8338.tif,1.397,4.443,0.889,1.610,647,156,30.964,1.235,1.293,0.773,0.922
7847,gcb8338.tif,0.406,2.352,0.924,0.873,205,147,108.435,0.644,1.290,0.775,0.889
7848,gcb8338.tif,0.779,3.218,0.945,1.235,283,147,116.565,0.828,1.370,0.730,0.934
7849,gcb8338.tif,2.761,7.325,0.647,2.719,369,150,113.962,1.564,1.950,0.513,0.865
7850,gcb8338.tif,0.923,3.555,0.918,1.252,612,149,107.103,1.012,1.191,0.839,0.908
7851,gcb8338.tif,1.634,6.068,0.558,2.400,518,152,122.471,1.128,2.668,0.375,0.767
7852,gcb8338.tif,0.974,3.609,0.940,1.318,355,166,65.225,1.012,1.257,0.795,0.931
7853,gcb8338.tif,0.483,3.079,0.640,1.164,891,166,71.565,0.736,1.546,0.647,0.760
7854,gcb8338.tif,4.302,7.931,0.859,2.910,477,185,71.565,1.933,1.484,0.674,0.951
7855,gcb8338.tif,2.346,6.459,0.707,2.172,258,173,36.384,1.795,1.218,0.821,0.854
7856,gcb8338.tif,0.271,1.831,1.000,0.719,671,166,39.806,0.552,1.128,0.886,0.941
7857,gcb8338.tif,1.990,8.927,0.314,3.754,901,201,78.690,0.869,5.799,0.172,0.714
7858,gcb8338.tif,2.972,8.150,0.562,2.946,318,166,141.340,1.757,1.504,0.665,0.817
7859,gcb8338.tif,0.440,2.428,0.939,0.873,515,164,108.435,0.736,1.219,0.820,0.867
7860,gcb8338.tif,0.279,1.854,1.000,0.701,304,171,23.199,0.552,1.127,0.888,0.904
7861,gcb8338.tif,0.703,4.520,0.432,1.498,683,172,10.620,0.828,2.219,0.451,0.661
7862,gcb8338.tif,1.761,6.198,0.576,2.393,598,179,22.620,1.389,2.000,0.500,0.789
7863,gcb8338.tif,0.135,1.930,0.457,0.759,762,168,165.964,0.368,2.245,0.446,0.615
7864,gcb8338.tif,0.567,2.666,1.000,0.947,358,169,119.055,0.828,1.047,0.955,0.931
7865,gcb8338.tif,6.792,10.090,0.838,3.406,403,176,128.418,2.706,1.258,0.795,0.942
7866,gcb8338.tif,0.144,1.463,0.845,0.664,128,174,123.690,0.368,1.650,0.606,0.850
7867,gcb8338.tif,0.059,0.835,1.000,0.390,104,182,45.000,0.276,1.380,0.725,0.875
7868,gcb8338.tif,5.081,10.143,0.621,3.465,274,193,169.287,2.269,1.557,0.642,0.843
7869,gcb8338.tif,2.176,6.849,0.583,2.172,377,183,143.616,1.549,1.609,0.622,0.804
7870,gcb8338.tif,0.720,2.980,1.000,1.112,254,181,114.444,0.828,1.208,0.828,0.944
7871,gcb8338.tif,0.271,1.777,1.000,0.664,615,181,123.690,0.552,1.000,1.000,0.941
7872,gcb8338.tif,0.195,1.517,1.000,0.589,628,181,128.660,0.460,1.008,0.992,0.958
7873,gcb8338.tif,0.923,3.478,0.959,1.238,572,182,131.987,1.012,1.084,0.922,0.932
7874,gcb8338.tif,1.135,4.466,0.715,1.787,345,190,11.889,1.012,1.667,0.600,0.838
7875,gcb8338.tif,0.813,4.910,0.424,1.659,191,187,160.560,0.920,2.494,0.401,0.651
7876,gcb8338.tif,3.997,8.258,0.737,2.996,492,188,132.510,1.862,1.722,0.581,0.877
7877,gcb8338.tif,0.627,2.818,0.991,0.995,233,188,123.690,0.911,1.056,0.947,0.902
7878,gcb8338.tif,0.390,2.276,0.945,0.868,324,187,122.005,0.644,1.271,0.787,0.911
7879,gcb8338.tif,0.677,4.389,0.442,1.897,624,195,165.964,0.596,3.714,0.269,0.773
7880,gcb8338.tif,0.466,3.891,0.387,1.692,887,192,112.380,0.453,4.597,0.218,0.728
7881,gcb8338.tif,1.736,4.942,0.893,1.729,653,195,115.201,1.288,1.266,0.790,0.936
7882,gcb8338.tif,4.006,10.013,0.502,3.522,379,197,146.725,1.741,2.491,0.401,0.760
7883,gcb8338.tif,0.940,4.389,0.613,1.768,169,210,38.660,0.911,2.067,0.484,0.784
7884,gcb8338.tif,0.796,3.348,0.892,1.235,327,197,116.565,0.920,1.176,0.850,0.908
7885,gcb8338.tif,1.372,4.237,0.960,1.484,570,208,29.745,1.288,1.065,0.939,0.942
7886,gcb8338.tif,3.133,6.611,0.901,2.346,618,199,101.310,1.833,1.283,0.780,0.940
7887,gcb8338.tif,5.555,13.092,0.407,4.783,320,227,30.018,2.637,1.648,0.607,0.699
7888,gcb8338.tif,0.203,1.539,1.000,0.617,127,201,116.565,0.460,1.222,0.818,0.906
7889,gcb8338.tif,2.845,6.697,0.797,2.578,458,225,55.176,1.723,1.553,0.644,0.900
7890,gcb8338.tif,0.246,2.558,0.472,1.077,756,212,70.017,0.415,3.243,0.308,0.725
7891,gcb8338.tif,0.127,1.539,0.674,0.664,210,207,33.690,0.368,2.341,0.427,0.732
7892,gcb8338.tif,0.415,2.634,0.751,1.178,260,212,38.660,0.586,1.986,0.503,0.831
7893,gcb8338.tif,0.534,3.285,0.621,1.282,591,206,158.962,0.688,2.172,0.460,0.764
7894,gcb8338.tif,0.559,2.720,0.949,0.995,698,203,123.690,0.828,1.060,0.943,0.923
7895,gcb8338.tif,0.677,3.133,0.868,1.120,685,216,80.538,0.920,1.148,0.871,0.879
7896,gcb8338.tif,0.127,1.409,0.804,0.560,53,206,99.462,0.368,1.525,0.656,0.789
7897,gcb8338.tif,0.296,2.841,0.462,1.238,196,217,41.987,0.497,3.148,0.318,0.654
7898,gcb8338.tif,2.016,5.256,0.917,1.863,530,226,57.095,1.472,1.222,0.819,0.935
7899,gcb8338.tif,1.821,7.002,0.467,2.736,239,210,109.654,1.118,3.005,0.333,0.749
7900,gcb8338.tif,2.032,7.585,0.444,2.598,287,240,67.068,1.415,2.310,0.433,0.713
7901,gcb8338.tif,1.956,7.186,0.476,2.273,424,219,158.629,1.508,1.894,0.528,0.734
7902,gcb8338.tif,0.872,3.869,0.732,1.610,507,225,30.964,0.849,2.052,0.487,0.862
7903,gcb8338.tif,5.589,17.124,0.240,7.831,46,301,87.306,1.101,9.529,0.105,0.766
7904,gcb8338.tif,0.398,2.666,0.704,1.196,153,225,22.620,0.552,2.287,0.437,0.862
7905,gcb8338.tif,7.334,12.679,0.573,3.974,380,220,95.315,2.820,1.488,0.672,0.836
7906,gcb8338.tif,2.007,5.148,0.952,1.746,479,220,108.435,1.564,1.079,0.927,0.940
7907,gcb8338.tif,0.356,2.482,0.726,0.995,734,221,123.690,0.576,1.702,0.588,0.824
7908,gcb8338.tif,3.167,7.890,0.639,2.632,538,245,53.531,2.017,1.483,0.674,0.830
7909,gcb8338.tif,0.186,1.539,0.988,0.617,221,227,26.565,0.460,1.219,0.820,0.863
7910,gcb8338.tif,1.050,7.078,0.263,2.527,894,225,100.491,1.096,2.899,0.345,0.565
7911,gcb8338.tif,1.389,5.049,0.685,1.956,662,227,131.186,1.203,1.472,0.679,0.841
7912,gcb8338.tif,3.210,9.852,0.416,3.114,561,228,161.030,1.915,1.990,0.503,0.705
7913,gcb8338.tif,0.728,3.294,0.843,1.228,308,241,77.005,0.828,1.300,0.769,0.882
7914,gcb8338.tif,0.313,2.038,0.948,0.868,457,231,147.995,0.552,1.432,0.698,0.892
7915,gcb8338.tif,0.982,3.761,0.873,1.368,650,244,70.346,1.047,1.322,0.756,0.889
7916,gcb8338.tif,0.288,1.885,1.000,0.719,494,233,129.806,0.552,1.004,0.996,0.971
7917,gcb8338.tif,2.414,8.909,0.382,3.289,516,233,107.928,1.649,2.508,0.399,0.621
7918,gcb8338.tif,0.644,3.631,0.613,1.200,682,246,57.529,0.920,1.221,0.819,0.809
7919,gcb8338.tif,1.685,4.789,0.923,1.638,434,238,141.843,1.380,1.078,0.928,0.948
7920,gcb8338.tif,0.940,4.529,0.576,1.659,697,240,160.560,0.780,2.422,0.413,0.804
7921,gcb8338.tif,0.135,1.355,0.927,0.537,744,240,120.964,0.437,1.315,0.760,0.821
7922,gcb8338.tif,1.169,3.945,0.944,1.380,472,254,36.870,1.193,1.157,0.864,0.917
7923,gcb8338.tif,2.016,5.332,0.891,1.952,285,265,81.870,1.380,1.400,0.714,0.930
7924,gcb8338.tif,0.491,2.482,1.000,0.873,492,247,161.565,0.736,1.064,0.940,0.921
7925,gcb8338.tif,2.151,5.386,0.932,1.922,333,246,106.699,1.472,1.284,0.779,0.942
7926,gcb8338.tif,0.390,2.298,0.927,0.906,666,249,156.038,0.644,1.254,0.798,0.868
7927,gcb8338.tif,0.068,1.279,0.520,0.582,210,252,18.435,0.184,3.088,0.324,0.762
7928,gcb8338.tif,0.474,2.688,0.825,1.029,621,255,10.305,0.644,1.469,0.681,0.875
7929,gcb8338.tif,0.144,1.746,0.594,0.617,901,255,26.565,0.437,1.599,0.626,0.694
7930,gcb8338.tif,0.661,3.815,0.570,1.607,309,269,66.371,0.640,2.749,0.364,0.825
7931,gcb8338.tif,1.279,5.202,0.594,1.941,188,257,5.440,1.104,1.739,0.575,0.837
7932,gcb8338.tif,0.144,1.355,0.985,0.537,404,258,30.964,0.453,1.173,0.853,0.829
7933,gcb8338.tif,0.186,1.463,1.000,0.589,443,260,38.660,0.460,1.101,0.908,0.936
7934,gcb8338.tif,0.347,2.482,0.708,1.049,228,257,127.875,0.600,1.981,0.505,0.796
7935,gcb8338.tif,5.327,13.092,0.391,4.631,549,267,159.044,2.538,2.114,0.473,0.716
7936,gcb8338.tif,0.762,3.891,0.633,1.567,647,258,130.236,0.846,2.132,0.469,0.818
7937,gcb8338.tif,10.230,21.902,0.268,5.733,469,259,108.726,3.476,1.642,0.609,0.720
7938,gcb8338.tif,0.788,4.875,0.417,2.148,58,283,80.134,0.460,4.823,0.207,0.899
7939,gcb8338.tif,0.093,1.041,1.000,0.521,163,260,135.000,0.325,1.851,0.540,0.846
7940,gcb8338.tif,3.260,6.773,0.893,2.352,361,261,120.579,1.840,1.245,0.803,0.940
7941,gcb8338.tif,1.067,3.761,0.948,1.318,420,262,102.095,1.104,1.149,0.870,0.916
7942,gcb8338.tif,1.719,4.942,0.885,1.834,633,262,107.526,1.288,1.424,0.702,0.925
7943,gcb8338.tif,0.313,2.038,0.948,0.781,712,265,135.000,0.644,1.116,0.896,0.881
7944,gcb8338.tif,1.186,3.999,0.932,1.455,602,266,108.435,1.104,1.291,0.775,0.930
7945,gcb8338.tif,0.186,2.060,0.552,0.719,256,272,39.806,0.510,1.637,0.611,0.688
7946,gcb8338.tif,1.135,3.999,0.892,1.532,342,281,57.265,1.070,1.470,0.680,0.924
7947,gcb8338.tif,0.186,1.562,0.960,0.582,222,268,108.435,0.510,1.129,0.886,0.815
7948,gcb8338.tif,0.271,1.961,0.885,0.742,232,271,119.745,0.552,1.187,0.843,0.914
7949,gcb8338.tif,1.533,4.627,0.900,1.646,323,271,116.565,1.288,1.213,0.825,0.938
7950,gcb8338.tif,1.922,5.224,0.885,1.808,540,272,104.744,1.470,1.180,0.848,0.917
7951,gcb8338.tif,2.176,6.459,0.656,2.400,379,296,57.529,1.380,1.915,0.522,0.850
7952,gcb8338.tif,3.760,7.944,0.749,2.968,406,274,97.125,1.933,1.400,0.714,0.915
7953,gcb8338.tif,0.711,3.056,0.957,1.108,686,284,41.634,0.920,1.133,0.882,0.903
7954,gcb8338.tif,4.649,11.292,0.458,4.404,266,283,169.160,2.011,2.472,0.405,0.787
7955,gcb8338.tif,1.270,4.129,0.936,1.487,435,277,111.801,1.196,1.209,0.827,0.923
7956,gcb8338.tif,1.363,4.488,0.851,1.631,642,290,16.390,1.293,1.203,0.831,0.880
7957,gcb8338.tif,0.305,1.984,0.974,0.759,424,285,104.036,0.552,1.277,0.783,0.889
7958,gcb8338.tif,3.294,7.846,0.673,3.014,617,285,102.339,1.656,2.013,0.497,0.888
7959,gcb8338.tif,0.271,1.907,0.936,0.792,133,297,54.462,0.552,1.508,0.663,0.889
7960,gcb8338.tif,0.661,2.980,0.935,1.077,235,290,109.983,0.828,1.224,0.817,0.918
7961,gcb8338.tif,2.879,7.370,0.666,2.725,525,320,78.311,1.656,1.841,0.543,0.849
7962,gcb8338.tif,2.430,5.853,0.892,2.148,571,314,80.134,1.564,1.369,0.730,0.935
7963,gcb8338.tif,0.212,1.670,0.954,0.664,214,300,56.310,0.521,1.304,0.767,0.862
7964,gcb8338.tif,0.415,2.352,0.943,0.961,701,305,73.301,0.552,1.628,0.614,0.925
7965,gcb8338.tif,0.440,2.504,0.882,0.873,426,306,71.565,0.782,1.099,0.910,0.832
7966,gcb8338.tif,1.203,4.205,0.854,1.523,454,301,154.983,1.196,1.247,0.802,0.899
7967,gcb8338.tif,0.805,3.348,0.902,1.228,544,300,102.995,0.828,1.421,0.704,0.913
7968,gcb8338.tif,0.085,1.095,0.887,0.460,127,307,36.870,0.325,1.576,0.635,0.769
7969,gcb8338.tif,0.644,3.187,0.796,1.278,678,303,120.256,0.802,1.575,0.635,0.864
7970,gcb8338.tif,0.246,1.723,1.000,0.664,645,304,123.690,0.552,1.064,0.939,0.906
7971,gcb8338.tif,1.397,4.497,0.868,1.631,292,305,106.390,1.173,1.406,0.711,0.912
7972,gcb8338.tif,0.347,2.092,0.997,0.792,264,313,35.538,0.644,1.149,0.871,0.921
7973,gcb8338.tif,0.127,1.355,0.869,0.537,739,312,30.964,0.390,1.516,0.660,0.811
7974,gcb8338.tif,1.152,4.627,0.676,1.777,316,316,21.251,1.087,1.624,0.616,0.847
7975,gcb8338.tif,2.202,5.516,0.909,1.935,504,328,64.654,1.629,1.135,0.881,0.937
7976,gcb8338.tif,1.101,4.520,0.677,1.509,698,312,142.431,1.196,1.230,0.813,0.861
7977,gcb8338.tif,0.263,1.984,0.838,0.792,889,316,54.462,0.535,1.494,0.669,0.827
7978,gcb8338.tif,1.685,4.910,0.878,1.770,443,322,8.973,1.367,1.250,0.800,0.911
7979,gcb8338.tif,5.987,13.546,0.410,5.024,348,313,98.427,2.025,3.124,0.320,0.743
7980,gcb8338.tif,0.364,2.298,0.867,0.938,367,314,101.310,0.552,1.559,0.641,0.869
7981,gcb8338.tif,1.457,5.776,0.549,2.134,539,323,172.569,1.104,1.770,0.565,0.789
7982,gcb8338.tif,0.432,3.263,0.510,1.440,234,326,26.565,0.576,2.781,0.360,0.756
7983,gcb8338.tif,9.561,19.214,0.325,5.220,384,361,49.289,3.613,1.572,0.636,0.695
7984,gcb8338.tif,0.144,1.670,0.649,0.651,489,323,45.000,0.453,1.563,0.640,0.791
7985,gcb8338.tif,0.474,3.415,0.511,1.228,657,323,167.005,0.747,1.732,0.577,0.704
7986,gcb8338.tif,2.100,9.201,0.312,3.574,886,351,55.491,1.470,2.450,0.408,0.603
7987,gcb8338.tif,0.322,2.038,0.974,0.792,271,322,144.462,0.552,1.371,0.729,0.905
7988,gcb8338.tif,1.634,4.942,0.841,1.852,302,340,63.435,1.288,1.386,0.722,0.908
7989,gcb8338.tif,1.143,3.923,0.934,1.405,473,322,121.608,1.104,1.236,0.809,0.931
7990,gcb8338.tif,6.707,15.951,0.331,5.463,599,322,122.619,3.016,2.395,0.417,0.633
7991,gcb8338.tif,2.439,8.582,0.416,2.694,173,326,172.147,2.209,1.095,0.914,0.659
7992,gcb8338.tif,0.093,1.019,1.000,0.460,756,328,53.130,0.276,1.372,0.729,0.957
7993,gcb8338.tif,0.085,1.095,0.887,0.460,219,328,36.870,0.325,1.643,0.608,0.800
7994,gcb8338.tif,0.491,2.482,1.000,0.947,614,327,150.945,0.736,1.169,0.856,0.913
7995,gcb8338.tif,0.169,1.539,0.898,0.589,682,325,128.660,0.460,1.207,0.829,0.816
7996,gcb8338.tif,0.288,1.907,0.994,0.792,100,327,144.462,0.552,1.417,0.706,0.919
7997,gcb8338.tif,2.964,9.982,0.374,3.535,253,329,141.340,1.555,2.826,0.354,0.688
7998,gcb8338.tif,0.093,1.019,1.000,0.460,699,330,36.870,0.276,1.372,0.729,0.957
7999,gcb8338.tif,8.816,21.283,0.245,6.569,414,360,11.310,3.332,2.047,0.489,0.549
8000,gcb8338.tif,0.974,3.923,0.795,1.543,741,329,107.354,0.828,1.814,0.551,0.913
8001,gcb8338.tif,0.881,3.447,0.932,1.252,573,341,36.027,1.041,1.175,0.851,0.897
8002,gcb8338.tif,0.618,2.796,0.994,1.029,720,330,116.565,0.828,1.091,0.917,0.918
8003,gcb8338.tif,0.051,0.781,1.000,0.332,932,333,33.690,0.260,1.291,0.775,0.800
8004,gcb8338.tif,1.118,5.561,0.454,2.478,513,345,31.329,0.818,3.368,0.297,0.776
8005,gcb8338.tif,0.237,1.723,1.000,0.664,689,332,123.690,0.552,1.064,0.939,0.889
8006,gcb8338.tif,1.236,3.945,0.998,1.402,553,333,113.199,1.196,1.068,0.937,0.942
8007,gcb8338.tif,0.347,2.092,0.997,0.823,650,333,116.565,0.552,1.269,0.788,0.932
8008,gcb8338.tif,0.550,2.796,0.885,1.138,45,336,104.036,0.644,1.638,0.610,0.909
8009,gcb8338.tif,0.762,3.294,0.882,1.368,235,336,109.654,0.736,1.748,0.572,0.928
8010,gcb8338.tif,2.879,10.588,0.323,3.333,497,341,96.340,1.954,1.673,0.598,0.617
8011,gcb8338.tif,0.390,2.796,0.626,1.153,210,342,118.610,0.558,2.165,0.462,0.807
8012,gcb8338.tif,5.708,13.837,0.375,4.927,555,391,57.200,2.169,2.898,0.345,0.700
8013,gcb8338.tif,0.246,2.320,0.573,0.873,648,348,161.565,0.564,1.999,0.500,0.674
8014,gcb8338.tif,0.059,0.835,1.000,0.332,198,349,123.690,0.276,1.069,0.936,0.875
8015,gcb8338.tif,2.871,8.864,0.459,3.252,585,382,64.885,1.455,2.656,0.377,0.774
8016,gcb8338.tif,0.550,2.949,0.796,1.112,180,355,155.556,0.819,1.488,0.672,0.850
8017,gcb8338.tif,1.550,4.834,0.833,1.607,520,368,23.629,1.426,1.042,0.959,0.899
8018,gcb8338.tif,2.007,8.617,0.340,3.268,694,385,57.653,1.213,3.246,0.308,0.644
8019,gcb8338.tif,0.263,1.984,0.838,0.759,297,358,165.964,0.552,1.357,0.737,0.827
8020,gcb8338.tif,6.080,18.303,0.228,4.297,324,402,80.134,3.185,1.409,0.710,0.592
8021,gcb8338.tif,0.220,1.647,1.000,0.664,206,363,56.310,0.460,1.224,0.817,0.929
8022,gcb8338.tif,0.186,1.907,0.643,0.848,740,363,40.601,0.455,2.389,0.419,0.721
8023,gcb8338.tif,0.381,3.034,0.520,1.228,890,359,102.995,0.460,3.225,0.310,0.796
8024,gcb8338.tif,3.675,9.699,0.491,3.221,441,363,143.130,2.054,1.883,0.531,0.754
8025,gcb8338.tif,1.092,3.847,0.928,1.368,251,362,109.654,1.012,1.268,0.789,0.942
8026,gcb8338.tif,0.152,1.333,1.000,0.537,430,362,120.964,0.368,1.218,0.821,0.947
8027,gcb8338.tif,1.279,4.551,0.776,1.697,277,381,77.471,1.004,1.742,0.574,0.886
8028,gcb8338.tif,0.347,2.038,1.000,0.742,664,363,119.745,0.644,1.009,0.991,0.932
8029,gcb8338.tif,0.169,1.539,0.898,0.589,135,370,38.660,0.460,1.298,0.771,0.816
8030,gcb8338.tif,3.641,9.048,0.559,2.910,403,385,18.435,2.043,1.724,0.580,0.819
8031,gcb8338.tif,0.093,1.203,0.809,0.496,46,371,111.801,0.276,1.781,0.562,0.846
8032,gcb8338.tif,0.855,3.317,0.977,1.252,373,373,126.027,0.976,1.240,0.806,0.927
8033,gcb8338.tif,0.339,2.536,0.662,1.077,168,383,19.983,0.468,2.555,0.391,0.800
8034,gcb8338.tif,0.542,2.688,0.942,1.029,622,389,79.695,0.736,1.313,0.761,0.889
8035,gcb8338.tif,0.796,3.294,0.922,1.252,597,392,72.897,0.828,1.391,0.719,0.917
8036,gcb8338.tif,0.330,2.092,0.949,0.792,235,388,54.462,0.644,1.108,0.903,0.907
8037,gcb8338.tif,4.327,9.959,0.548,3.504,631,415,60.068,2.095,2.012,0.497,0.777
8038,gcb8338.tif,2.430,6.014,0.844,2.286,492,384,139.899,1.608,1.331,0.751,0.930
8039,gcb8338.tif,0.085,1.041,0.982,0.412,670,383,116.565,0.325,1.241,0.806,0.800
8040,gcb8338.tif,1.177,4.075,0.891,1.487,519,393,21.801,1.193,1.281,0.780,0.903
8041,gcb8338.tif,2.490,11.001,0.259,4.074,884,428,71.565,1.399,3.306,0.302,0.562
8042,gcb8338.tif,0.288,2.581,0.543,1.029,152,388,169.695,0.460,2.495,0.401,0.764
8043,gcb8338.tif,0.517,2.742,0.863,1.073,470,397,59.036,0.757,1.443,0.693,0.865
8044,gcb8338.tif,0.805,3.348,0.902,1.178,277,388,128.660,0.920,1.114,0.898,0.936
8045,gcb8338.tif,1.499,5.821,0.556,2.076,356,393,167.196,1.255,1.942,0.515,0.765
8046,gcb8338.tif,0.373,2.374,0.831,0.868,163,391,122.005,0.715,1.303,0.767,0.838
8047,gcb8338.tif,0.051,1.225,0.425,0.537,858,396,59.036,0.255,3.185,0.314,0.500
8048,gcb8338.tif,0.610,2.926,0.895,0.995,286,396,146.310,0.920,1.071,0.933,0.873
8049,gcb8338.tif,1.922,7.424,0.438,2.187,578,402,157.751,1.724,1.398,0.715,0.675
8050,gcb8338.tif,0.085,1.279,0.650,0.589,682,394,141.340,0.288,2.499,0.400,0.741
8051,gcb8338.tif,6.826,13.178,0.494,4.152,525,414,12.804,2.509,1.755,0.570,0.851
8052,gcb8338.tif,0.466,2.949,0.673,1.200,877,408,57.529,0.620,2.209,0.453,0.833
8053,gcb8338.tif,3.226,10.157,0.393,3.974,232,429,42.184,1.570,3.307,0.302,0.760
8054,gcb8338.tif,1.507,4.789,0.826,1.897,334,418,67.166,1.104,1.731,0.578,0.927
8055,gcb8338.tif,6.224,12.940,0.467,3.640,439,423,16.144,2.559,1.601,0.625,0.789
8056,gcb8338.tif,0.559,3.967,0.446,1.607,218,400,113.629,0.579,3.677,0.272,0.677
8057,gcb8338.tif,0.432,2.536,0.844,0.991,511,410,68.199,0.552,1.604,0.623,0.919
8058,gcb8338.tif,3.150,7.531,0.698,2.527,406,407,146.889,2.128,1.203,0.831,0.858
8059,gcb8338.tif,0.364,2.222,0.927,0.911,657,402,135.000,0.640,1.429,0.700,0.905
8060,gcb8338.tif,0.466,2.536,0.910,0.991,294,403,111.801,0.644,1.281,0.780,0.902
8061,gcb8338.tif,0.296,1.930,1.000,0.701,321,406,113.199,0.644,1.036,0.965,0.886
8062,gcb8338.tif,12.237,21.207,0.342,6.096,350,417,151.113,4.197,1.390,0.720,0.689
8063,gcb8338.tif,2.591,7.293,0.612,2.593,607,432,62.526,1.846,1.270,0.787,0.812
8064,gcb8338.tif,7.715,19.398,0.258,4.804,278,412,126.431,3.221,1.431,0.699,0.647
8065,gcb8338.tif,0.991,3.783,0.870,1.498,39,423,42.510,0.911,1.655,0.604,0.903
8066,gcb8338.tif,0.203,1.616,0.978,0.617,194,413,116.565,0.521,1.110,0.901,0.842
8067,gcb8338.tif,10.255,25.219,0.203,6.216,471,434,154.573,3.901,1.671,0.598,0.543
8068,gcb8338.tif,1.169,4.075,0.884,1.408,659,428,78.690,1.191,1.196,0.836,0.890
8069,gcb8338.tif,1.761,6.481,0.527,2.707,675,414,125.311,1.135,2.900,0.345,0.783
8070,gcb8338.tif,0.864,3.609,0.834,1.318,405,417,114.775,0.920,1.400,0.714,0.915
8071,gcb8338.tif,0.220,1.831,0.825,0.792,263,426,54.462,0.437,1.968,0.508,0.881
8072,gcb8338.tif,0.051,0.781,1.000,0.332,330,419,123.690,0.260,1.291,0.775,0.800
8073,gcb8338.tif,0.652,3.415,0.703,1.228,567,424,12.995,0.974,1.280,0.781,0.798
8074,gcb8338.tif,0.330,2.060,0.978,0.786,486,424,159.444,0.644,1.128,0.886,0.857
8075,gcb8338.tif,0.093,1.095,0.976,0.460,586,423,126.870,0.325,1.450,0.689,0.846
8076,gcb8338.tif,0.423,2.276,1.000,0.868,628,434,57.995,0.644,1.158,0.864,0.952
8077,gcb8338.tif,0.093,1.930,0.314,0.560,894,431,170.538,0.460,1.125,0.889,0.489
8078,gcb8338.tif,0.644,3.371,0.712,1.405,342,429,121.608,0.735,1.943,0.515,0.849
8079,gcb8338.tif,0.415,3.599,0.403,0.995,885,431,123.690,0.883,1.118,0.895,0.653
8080,gcb8338.tif,0.432,2.428,0.921,0.938,316,431,101.310,0.644,1.359,0.736,0.872
8081,gcb8338.tif,1.533,4.605,0.908,1.659,638,447,56.310,1.196,1.350,0.741,0.938
8082,gcb8338.tif,0.246,1.984,0.784,0.792,90,440,54.462,0.524,1.532,0.653,0.795
8083,gcb8338.tif,1.855,5.462,0.781,2.224,323,455,65.556,1.288,1.720,0.581,0.930
8084,gcb8338.tif,0.169,1.593,0.838,0.617,718,437,116.565,0.424,1.494,0.669,0.800
8085,gcb8338.tif,2.473,6.665,0.700,2.486,607,440,141.009,1.601,1.654,0.604,0.872
8086,gcb8338.tif,0.203,1.746,0.838,0.670,103,440,105.945,0.494,1.363,0.734,0.774
8087,gcb8338.tif,0.423,2.298,1.000,0.873,672,441,108.435,0.644,1.209,0.827,0.917
8088,gcb8338.tif,0.415,2.558,0.797,0.995,776,441,123.690,0.714,1.504,0.665,0.845
8089,gcb8338.tif,5.742,14.120,0.362,4.569,445,493,80.727,2.316,2.313,0.432,0.733
8090,gcb8338.tif,0.517,3.263,0.610,1.238,214,445,131.987,0.737,1.782,0.561,0.748
8091,gcb8338.tif,0.102,1.149,0.967,0.521,743,445,135.000,0.349,1.481,0.675,0.857
8092,gcb8338.tif,0.127,1.355,0.869,0.537,439,451,59.036,0.368,1.235,0.810,0.833
8093,gcb8338.tif,2.659,6.427,0.809,2.389,580,471,74.358,1.656,1.438,0.695,0.917
8094,gcb8338.tif,1.253,4.053,0.959,1.455,540,461,55.305,1.196,1.115,0.897,0.934
8095,gcb8338.tif,0.051,0.911,0.769,0.460,103,448,143.130,0.233,2.391,0.418,0.706
8096,gcb8338.tif,0.068,0.835,1.000,0.390,652,451,45.000,0.276,1.229,0.814,0.941
8097,gcb8338.tif,0.068,0.835,1.000,0.390,731,453,45.000,0.276,1.229,0.814,0.941
8098,gcb8338.tif,3.464,14.286,0.213,3.608,889,489,84.144,2.953,1.267,0.790,0.467
8099,gcb8338.tif,4.615,14.946,0.260,4.642,138,467,13.761,3.277,1.603,0.624,0.484
8100,gcb8338.tif,0.415,2.612,0.764,1.029,226,453,169.695,0.552,1.676,0.597,0.875
8101,gcb8338.tif,3.226,7.316,0.758,2.803,916,456,156.801,1.752,1.586,0.630,0.908
8102,gcb8338.tif,1.084,4.021,0.842,1.408,202,453,101.310,1.111,1.218,0.821,0.889
8103,gcb8338.tif,0.051,0.781,1.000,0.390,406,453,135.000,0.247,1.809,0.553,0.800
8104,gcb8338.tif,0.051,0.781,1.000,0.390,260,454,135.000,0.247,1.809,0.553,0.800
8105,gcb8338.tif,3.701,8.191,0.693,2.968,357,456,119.745,1.840,1.706,0.586,0.888
8106,gcb8338.tif,4.336,15.695,0.221,5.210,293,504,54.345,1.835,3.936,0.254,0.536
8107,gcb8338.tif,1.313,4.259,0.909,1.543,269,459,107.354,1.193,1.290,0.775,0.925
8108,gcb8338.tif,0.779,3.294,0.902,1.282,283,472,68.962,0.828,1.433,0.698,0.920
8109,gcb8338.tif,0.567,2.765,0.933,1.049,474,460,127.875,0.781,1.354,0.739,0.882
8110,gcb8338.tif,0.474,2.536,0.927,0.961,252,460,106.699,0.644,1.375,0.727,0.903
8111,gcb8338.tif,2.388,6.903,0.630,2.598,650,486,67.068,1.418,1.943,0.515,0.860
8112,gcb8338.tif,0.745,3.891,0.618,1.697,88,476,49.399,0.704,2.742,0.365,0.815
8113,gcb8338.tif,0.059,0.911,0.898,0.412,457,463,26.565,0.260,1.668,0.600,0.778
8114,gcb8338.tif,1.338,4.367,0.882,1.532,296,476,57.265,1.271,1.199,0.834,0.911
8115,gcb8338.tif,0.406,2.742,0.679,1.120,342,462,99.462,0.558,2.176,0.460,0.807
8116,gcb8338.tif,1.880,5.018,0.938,1.736,387,481,57.995,1.472,1.123,0.891,0.933
8117,gcb8338.tif,2.566,9.591,0.351,3.394,419,464,102.529,1.472,3.188,0.314,0.686
8118,gcb8338.tif,0.237,1.746,0.978,0.651,594,467,171.870,0.552,1.007,0.993,0.848
8119,gcb8338.tif,1.931,5.916,0.693,2.301,486,489,73.740,1.104,2.214,0.452,0.903
8120,gcb8338.tif,3.548,7.347,0.826,2.694,466,497,82.147,1.831,1.452,0.689,0.928
8121,gcb8338.tif,0.135,1.301,1.000,0.537,679,472,30.964,0.453,1.154,0.866,0.800
8122,gcb8338.tif,0.161,1.670,0.725,0.617,721,474,63.435,0.453,1.557,0.642,0.760
8123,gcb8338.tif,0.135,1.355,0.927,0.617,776,472,26.565,0.368,1.760,0.568,0.821
8124,gcb8338.tif,0.762,3.187,0.943,1.164,550,484,71.565,0.902,1.282,0.780,0.905
8125,gcb8338.tif,1.050,3.716,0.955,1.327,504,474,123.690,1.012,1.187,0.842,0.950
8126,gcb8338.tif,0.195,1.517,1.000,0.589,216,475,128.660,0.460,1.008,0.992,0.958
8127,gcb8338.tif,3.354,10.588,0.376,3.268,332,476,99.728,2.331,1.355,0.738,0.677
8128,gcb8338.tif,0.500,2.796,0.803,1.138,529,483,14.036,0.644,1.859,0.538,0.874
8129,gcb8338.tif,5.284,12.809,0.405,4.442,609,482,129.958,2.354,2.309,0.433,0.690
8130,gcb8338.tif,1.609,5.669,0.629,1.897,229,489,14.036,1.446,1.412,0.708,0.792
8131,gcb8338.tif,0.991,3.662,0.928,1.380,669,491,53.130,1.011,1.323,0.756,0.932
8132,gcb8338.tif,0.203,1.593,1.000,0.617,592,486,26.565,0.460,1.108,0.902,0.906
8133,gcb8338.tif,8.570,16.243,0.408,5.480,365,530,49.086,2.635,2.307,0.433,0.808
8134,gcb8338.tif,4.031,9.439,0.569,2.890,558,507,37.235,2.297,1.542,0.649,0.809
8135,gcb8338.tif,0.517,2.644,0.929,1.029,660,486,116.565,0.644,1.464,0.683,0.946
8136,gcb8338.tif,2.600,6.014,0.903,2.212,531,489,106.928,1.564,1.386,0.721,0.940
8137,gcb8338.tif,0.432,2.482,0.881,0.995,900,491,123.690,0.689,1.457,0.686,0.879
8138,gcb8338.tif,0.288,1.984,0.919,0.719,181,494,140.194,0.640,1.037,0.965,0.850
8139,gcb8338.tif,0.068,0.911,1.000,0.412,885,494,153.435,0.276,1.605,0.623,0.800
8140,gcb8338.tif,1.457,5.754,0.553,2.500,257,499,173.660,0.920,2.812,0.356,0.856
8141,gcb8338.tif,3.692,7.357,0.857,2.736,504,525,70.346,1.748,1.501,0.666,0.948
8142,gcb8338.tif,1.550,4.596,0.922,1.589,443,505,169.992,1.380,1.111,0.900,0.924
8143,gcb8338.tif,2.557,6.014,0.888,2.195,482,522,56.976,1.656,1.316,0.760,0.934
8144,gcb8338.tif,0.102,1.723,0.430,0.589,887,501,128.660,0.455,1.315,0.761,0.649
8145,gcb8338.tif,1.634,4.897,0.857,1.852,655,520,63.435,1.196,1.512,0.662,0.939
8146,gcb8338.tif,0.212,1.616,1.000,0.664,709,502,123.690,0.485,1.472,0.679,0.847
8147,gcb8338.tif,1.499,5.202,0.696,1.922,431,523,73.301,1.288,1.517,0.659,0.837
8148,gcb8338.tif,0.915,3.555,0.910,1.278,722,504,120.256,1.012,1.249,0.801,0.908
8149,gcb8338.tif,0.076,1.355,0.521,0.664,880,511,33.690,0.255,3.786,0.264,0.643
8150,gcb8338.tif,0.085,1.095,0.887,0.460,204,509,126.870,0.325,1.643,0.608,0.800
8151,gcb8338.tif,0.169,1.670,0.764,0.664,866,515,56.310,0.485,1.341,0.746,0.755
8152,gcb8338.tif,0.398,2.980,0.563,1.228,160,511,167.005,0.460,2.479,0.403,0.839
8153,gcb8338.tif,2.507,7.033,0.637,2.323,608,534,56.310,1.678,1.452,0.689,0.837
8154,gcb8338.tif,1.321,4.389,0.862,1.631,575,529,73.610,1.193,1.365,0.733,0.915
8155,gcb8338.tif,0.068,0.965,0.914,0.412,285,513,153.435,0.276,1.435,0.697,0.842
8156,gcb8338.tif,1.279,6.158,0.424,2.707,112,539,54.689,0.786,4.127,0.242,0.763
8157,gcb8338.tif,0.246,2.374,0.548,0.991,207,515,111.801,0.460,2.409,0.415,0.806
8158,gcb8338.tif,1.761,5.431,0.751,1.897,317,524,165.964,1.557,1.217,0.822,0.851
8159,gcb8338.tif,1.880,5.018,0.938,1.697,467,518,102.529,1.472,1.120,0.893,0.931
8160,gcb8338.tif,0.974,3.577,0.956,1.282,306,532,68.962,1.104,1.151,0.869,0.920
8161,gcb8338.tif,0.305,2.114,0.857,0.873,549,529,71.565,0.552,1.650,0.606,0.867
8162,gcb8338.tif,0.186,1.517,1.000,0.589,640,522,141.340,0.460,1.083,0.923,0.936
8163,gcb8338.tif,0.923,3.577,0.907,1.308,443,524,140.711,1.041,1.292,0.774,0.893
8164,gcb8338.tif,0.254,2.060,0.752,0.823,592,531,63.435,0.535,1.632,0.613,0.811
8165,gcb8338.tif,0.728,3.110,0.946,1.200,495,525,122.471,0.828,1.315,0.760,0.920
8166,gcb8338.tif,0.762,3.707,0.697,1.318,349,533,12.095,0.993,1.342,0.745,0.786
8167,gcb8338.tif,0.246,2.060,0.727,0.906,409,532,23.962,0.491,2.188,0.457,0.784
8168,gcb8338.tif,2.642,6.167,0.873,2.119,527,546,55.620,1.777,1.222,0.819,0.915
8169,gcb8338.tif,0.584,2.904,0.871,1.153,561,526,118.610,0.736,1.402,0.713,0.902
8170,gcb8338.tif,0.940,3.577,0.923,1.359,272,532,118.301,1.029,1.381,0.724,0.910
8171,gcb8338.tif,0.534,3.425,0.572,1.402,292,546,66.801,0.611,3.047,0.328,0.733
8172,gcb8338.tif,0.059,0.835,1.000,0.390,676,534,135.000,0.276,1.380,0.725,0.875
8173,gcb8338.tif,0.534,3.240,0.638,1.408,625,539,11.310,0.552,2.589,0.386,0.875
8174,gcb8338.tif,0.373,2.428,0.794,0.868,209,543,32.005,0.644,1.285,0.778,0.880
8175,gcb8338.tif,0.373,2.536,0.728,1.049,186,538,164.745,0.460,2.005,0.499,0.898
8176,gcb8338.tif,0.474,2.536,0.927,0.961,243,543,16.699,0.644,1.310,0.764,0.911
8177,gcb8338.tif,1.228,4.129,0.905,1.498,423,544,169.380,1.104,1.344,0.744,0.915
8178,gcb8338.tif,0.068,0.835,1.000,0.390,450,544,45.000,0.276,1.229,0.814,0.941
8179,gcb8338.tif,2.913,6.849,0.780,2.389,567,566,74.358,1.685,1.466,0.682,0.892
8180,gcb8338.tif,3.625,7.239,0.869,2.503,483,543,126.027,1.940,1.298,0.770,0.932
8181,gcb8338.tif,1.016,3.945,0.821,1.523,324,559,64.983,1.012,1.419,0.705,0.882
8182,gcb8338.tif,0.932,3.869,0.782,1.573,597,547,110.556,0.862,2.002,0.499,0.898
8183,gcb8338.tif,10.569,20.740,0.309,5.474,396,557,163.393,4.202,1.344,0.744,0.634
8184,gcb8338.tif,0.212,1.800,0.821,0.719,453,554,39.806,0.513,1.465,0.683,0.781
8185,gcb8338.tif,1.990,9.268,0.291,3.939,151,549,142.595,0.963,5.902,0.169,0.683
8186,gcb8338.tif,1.601,7.109,0.398,2.815,229,558,11.310,1.201,2.966,0.337,0.641
8187,gcb8338.tif,0.229,1.854,0.836,0.792,314,550,125.538,0.453,1.839,0.544,0.844
8188,gcb8338.tif,0.415,2.298,0.988,0.848,266,559,40.601,0.736,1.086,0.921,0.891
8189,gcb8338.tif,0.085,1.409,0.536,0.617,828,556,26.565,0.325,2.361,0.423,0.606
8190,gcb8338.tif,6.927,14.304,0.425,4.786,613,555,127.972,2.623,2.286,0.438,0.744
8191,gcb8338.tif,0.677,3.056,0.911,1.153,663,554,118.610,0.920,1.244,0.804,0.889
8192,gcb8338.tif,0.169,1.409,1.000,0.537,718,555,149.036,0.460,1.083,0.923,0.889
8193,gcb8338.tif,0.957,5.247,0.437,1.777,531,566,21.251,1.001,2.343,0.427,0.713
8194,gcb8338.tif,0.618,2.850,0.956,1.029,385,560,116.565,0.828,1.201,0.833,0.918
8195,gcb8338.tif,0.203,1.777,0.809,0.664,317,567,56.310,0.460,1.225,0.816,0.873
8196,gcb8338.tif,1.126,3.999,0.885,1.487,470,562,111.801,1.070,1.421,0.704,0.914
8197,gcb8338.tif,3.633,11.629,0.338,3.729,263,572,164.249,1.804,2.231,0.448,0.703
8198,gcb8338.tif,0.474,3.209,0.579,1.359,129,565,151.699,0.658,2.096,0.477,0.767
8199,gcb8338.tif,0.567,3.492,0.585,1.200,149,565,122.471,0.742,1.739,0.575,0.779
8200,gcb8338.tif,0.229,1.723,0.967,0.742,706,566,150.255,0.460,1.550,0.645,0.885
8201,gcb8338.tif,1.660,5.525,0.683,2.058,563,569,116.565,1.196,1.945,0.514,0.843
8202,gcb8338.tif,1.711,6.005,0.596,2.033,359,591,84.806,1.529,1.230,0.813,0.780
8203,gcb8338.tif,0.923,3.891,0.766,1.405,213,575,148.392,1.077,1.265,0.791,0.872
8204,gcb8338.tif,0.347,2.244,0.866,0.848,191,580,40.601,0.644,1.244,0.804,0.872
8205,gcb8338.tif,1.363,4.910,0.711,1.777,241,586,21.251,1.366,1.195,0.837,0.819
8206,gcb8338.tif,1.914,5.018,0.955,1.729,541,593,64.799,1.472,1.088,0.919,0.940
8207,gcb8338.tif,0.821,4.596,0.489,1.815,378,593,59.534,0.920,2.190,0.457,0.732
8208,gcb8338.tif,0.525,3.272,0.616,1.252,330,578,107.103,0.644,1.725,0.580,0.844
8209,gcb8338.tif,2.286,6.741,0.632,2.431,456,578,119.476,1.669,1.594,0.627,0.800
8210,gcb8338.tif,1.092,5.399,0.471,2.473,498,597,45.000,0.716,3.929,0.255,0.799
8211,gcb8338.tif,0.915,3.631,0.872,1.327,479,582,146.310,1.094,1.205,0.830,0.882
8212,gcb8338.tif,0.500,2.688,0.869,1.123,653,582,145.008,0.658,1.858,0.538,0.887
8213,gcb8338.tif,0.542,2.796,0.871,1.049,307,593,52.125,0.736,1.379,0.725,0.877
8214,gcb8338.tif,0.254,1.723,1.000,0.719,518,585,129.806,0.552,1.241,0.806,0.923
8215,gcb8338.tif,0.161,1.593,0.796,0.617,320,586,116.565,0.368,1.735,0.576,0.864
8216,gcb8338.tif,0.085,1.041,0.982,0.412,887,587,153.435,0.368,1.028,0.973,0.769
8217,gcb8338.tif,0.237,2.168,0.634,0.786,227,588,110.556,0.530,1.332,0.751,0.757
8218,gcb8338.tif,3.625,9.861,0.468,3.535,581,622,51.340,1.793,2.292,0.436,0.765
8219,gcb8338.tif,0.313,2.145,0.855,0.823,657,598,63.435,0.552,1.214,0.823,0.871
8220,gcb8338.tif,3.870,9.407,0.550,3.324,542,605,175.236,1.838,2.178,0.459,0.798
8221,gcb8338.tif,0.288,1.907,0.994,0.792,621,596,144.462,0.552,1.332,0.751,0.907
8222,gcb8338.tif,1.490,4.910,0.777,1.969,274,615,52.595,1.158,1.904,0.525,0.863
8223,gcb8338.tif,0.940,4.704,0.534,1.888,237,599,136.975,0.911,2.235,0.447,0.763
8224,gcb8338.tif,0.203,1.723,0.860,0.701,313,599,156.801,0.451,1.696,0.590,0.828
8225,gcb8338.tif,0.720,3.056,0.968,1.112,351,599,114.444,0.920,1.094,0.914,0.909
8226,gcb8338.tif,2.845,6.360,0.884,2.393,419,624,67.380,1.539,1.530,0.653,0.949
8227,gcb8338.tif,0.550,2.666,0.973,1.029,610,600,116.565,0.736,1.316,0.760,0.922
8228,gcb8338.tif,2.922,7.608,0.634,2.971,439,601,106.189,1.467,2.251,0.444,0.867
8229,gcb8338.tif,1.626,5.821,0.603,2.068,478,622,69.146,1.235,2.025,0.494,0.793
8230,gcb8338.tif,0.144,1.409,0.911,0.582,643,602,161.565,0.368,1.716,0.583,0.829
8231,gcb8338.tif,0.296,2.114,0.834,0.792,189,603,144.462,0.552,1.487,0.673,0.854
8232,gcb8338.tif,2.498,6.198,0.817,2.476,382,602,138.013,1.517,1.626,0.615,0.928
8233,gcb8338.tif,1.584,5.310,0.706,1.976,323,609,152.241,1.202,1.881,0.532,0.864
8234,gcb8338.tif,3.320,6.719,0.924,2.301,517,606,106.260,1.933,1.154,0.867,0.947
8235,gcb8338.tif,0.305,1.984,0.974,0.786,94,617,69.444,0.552,1.308,0.764,0.889
8236,gcb8338.tif,1.253,4.183,0.900,1.455,308,610,108.435,1.191,1.222,0.818,0.908
8237,gcb8338.tif,0.085,1.019,1.000,0.412,362,614,116.565,0.276,1.236,0.809,0.909
8238,gcb8338.tif,2.312,8.020,0.452,2.768,649,614,111.448,1.305,2.606,0.384,0.733
8239,gcb8338.tif,0.381,2.222,0.970,0.823,666,614,116.565,0.644,1.237,0.808,0.909
8240,gcb8338.tif,0.212,2.136,0.583,0.786,150,620,20.556,0.460,1.679,0.596,0.746
8241,gcb8338.tif,0.474,2.872,0.722,1.153,370,626,61.390,0.647,2.072,0.483,0.830
8242,gcb8338.tif,0.212,1.616,1.000,0.664,797,615,123.690,0.521,1.223,0.818,0.847
8243,gcb8338.tif,0.305,2.038,0.923,0.792,256,624,54.462,0.552,1.378,0.726,0.889
8244,gcb8338.tif,1.872,5.018,0.934,1.770,540,635,62.103,1.380,1.235,0.810,0.934
8245,gcb8338.tif,0.779,3.240,0.932,1.164,496,618,108.435,0.920,1.253,0.798,0.906
8246,gcb8338.tif,1.253,4.291,0.855,1.610,709,620,120.964,1.104,1.516,0.660,0.928
8247,gcb8338.tif,0.093,1.225,0.780,0.521,771,621,135.000,0.368,1.577,0.634,0.733
8248,gcb8338.tif,1.092,4.834,0.588,1.827,269,637,49.086,1.072,1.748,0.572,0.814
8249,gcb8338.tif,0.152,1.485,0.868,0.589,178,627,38.660,0.390,1.497,0.668,0.818
8250,gcb8338.tif,0.432,2.352,0.981,0.868,463,622,122.005,0.736,1.075,0.931,0.911
8251,gcb8338.tif,0.296,1.984,0.947,0.719,327,631,39.806,0.644,1.031,0.970,0.875
8252,gcb8338.tif,0.127,1.301,0.942,0.537,73,626,120.964,0.412,1.252,0.799,0.769
8253,gcb8338.tif,0.322,1.961,1.000,0.742,237,627,119.745,0.552,1.159,0.863,0.950
8254,gcb8338.tif,2.456,5.830,0.908,1.922,427,647,73.301,1.741,1.087,0.920,0.932
8255,gcb8338.tif,0.703,3.034,0.959,1.123,347,639,55.008,0.828,1.274,0.785,0.927
8256,gcb8338.tif,0.491,2.720,0.834,1.073,147,636,30.964,0.644,1.463,0.683,0.913
8257,gcb8338.tif,1.363,4.735,0.764,1.897,300,632,165.964,0.938,2.091,0.478,0.907
8258,gcb8338.tif,3.768,8.994,0.585,3.071,485,637,171.384,2.056,1.624,0.616,0.811
8259,gcb8338.tif,1.541,4.681,0.884,1.646,557,630,116.565,1.367,1.169,0.855,0.924
8260,gcb8338.tif,1.084,3.837,0.925,1.402,635,630,113.199,1.136,1.186,0.843,0.898
8261,gcb8338.tif,0.517,2.590,0.968,0.995,578,632,146.310,0.736,1.216,0.823,0.938
8262,gcb8338.tif,0.322,2.222,0.819,0.947,593,635,150.945,0.552,1.923,0.520,0.844
8263,gcb8338.tif,3.286,7.500,0.734,2.794,466,664,72.759,1.696,1.640,0.610,0.891
8264,gcb8338.tif,0.364,2.168,0.974,0.848,329,644,49.399,0.644,1.184,0.845,0.896
8265,gcb8338.tif,5.996,13.527,0.412,3.931,523,641,147.426,2.181,1.962,0.510,0.831
8266,gcb8338.tif,0.821,3.317,0.938,1.178,359,640,128.660,1.012,1.129,0.886,0.902
8267,gcb8338.tif,0.440,2.352,1.000,0.906,290,649,66.038,0.644,1.269,0.788,0.929
8268,gcb8338.tif,0.246,1.854,0.898,0.759,375,640,104.036,0.460,1.568,0.638,0.853
8269,gcb8338.tif,0.711,3.110,0.924,1.196,268,641,112.620,0.828,1.410,0.709,0.908
8270,gcb8338.tif,2.041,6.306,0.645,2.564,609,641,111.038,1.238,2.370,0.422,0.865
8271,gcb8338.tif,0.254,1.831,0.952,0.719,682,649,39.806,0.552,1.167,0.857,0.923
8272,gcb8338.tif,0.161,1.539,0.853,0.617,174,650,26.565,0.455,1.438,0.696,0.809
8273,gcb8338.tif,0.381,2.222,0.970,0.848,406,648,130.601,0.644,1.166,0.857,0.900
8274,gcb8338.tif,0.373,2.298,0.887,0.920,667,654,36.870,0.617,1.572,0.636,0.871
8275,gcb8338.tif,0.178,1.463,1.000,0.589,693,649,128.660,0.460,1.062,0.942,0.913
8276,gcb8338.tif,3.870,8.083,0.744,3.035,438,682,75.964,1.840,1.658,0.603,0.896
8277,gcb8338.tif,1.490,5.386,0.646,2.212,138,653,163.072,1.048,2.202,0.454,0.893
8278,gcb8338.tif,0.119,1.171,1.000,0.496,651,653,158.199,0.368,1.264,0.791,0.848
8279,gcb8338.tif,0.195,1.517,1.000,0.589,284,653,128.660,0.460,1.008,0.992,0.958
8280,gcb8338.tif,0.076,0.965,1.000,0.412,345,653,116.565,0.276,1.185,0.844,0.857
8281,gcb8338.tif,0.271,2.190,0.710,0.920,350,653,126.870,0.564,1.897,0.527,0.762
8282,gcb8338.tif,3.260,8.429,0.577,2.935,586,658,131.186,1.808,1.968,0.508,0.788
8283,gcb8338.tif,1.067,4.161,0.775,1.659,573,656,109.440,0.920,1.864,0.536,0.897
8284,gcb8338.tif,1.109,4.389,0.724,1.719,643,656,105.524,1.012,1.876,0.533,0.876
8285,gcb8338.tif,0.059,0.835,1.000,0.332,341,657,123.690,0.276,1.069,0.936,0.875
8286,gcb8338.tif,0.737,3.088,0.971,1.153,249,658,118.610,0.828,1.234,0.810,0.951
8287,gcb8338.tif,0.525,2.720,0.892,1.073,268,668,59.036,0.722,1.502,0.666,0.899
8288,gcb8338.tif,4.251,12.298,0.353,3.995,279,679,28.926,1.944,2.445,0.409,0.695
8289,gcb8338.tif,0.051,1.095,0.532,0.412,363,664,63.435,0.247,1.941,0.515,0.632
8290,gcb8338.tif,0.093,1.409,0.589,0.589,654,660,141.340,0.357,1.817,0.550,0.759
8291,gcb8338.tif,0.542,2.688,0.942,1.029,408,670,26.565,0.828,1.242,0.805,0.883
8292,gcb8338.tif,2.253,6.091,0.763,2.330,665,688,80.910,1.472,1.635,0.612,0.896
8293,gcb8338.tif,0.110,1.279,0.846,0.537,179,670,30.964,0.357,1.605,0.623,0.788
8294,gcb8338.tif,1.304,4.497,0.810,1.697,401,669,102.529,1.104,1.519,0.658,0.895
8295,gcb8338.tif,6.927,12.320,0.573,4.716,508,720,84.401,2.008,2.581,0.387,0.885
8296,gcb8338.tif,0.305,1.907,1.000,0.742,556,676,60.255,0.552,1.186,0.843,0.935
8297,gcb8338.tif,1.745,4.834,0.938,1.719,534,671,105.524,1.380,1.208,0.828,0.930
8298,gcb8338.tif,7.706,15.875,0.384,4.786,459,675,127.972,3.062,2.006,0.498,0.746
8299,gcb8338.tif,2.685,9.286,0.391,2.654,350,675,123.690,2.036,1.438,0.695,0.697
8300,gcb8338.tif,0.330,2.168,0.883,0.873,377,676,161.565,0.552,1.634,0.612,0.886
8301,gcb8338.tif,1.694,4.964,0.864,1.787,619,676,101.889,1.372,1.323,0.756,0.911
8302,gcb8338.tif,2.261,6.827,0.610,2.775,681,706,84.289,1.195,2.451,0.408,0.864
8303,gcb8338.tif,0.364,2.329,0.843,0.961,321,682,16.699,0.460,1.866,0.536,0.945
8304,gcb8338.tif,3.879,14.317,0.238,4.075,635,718,64.592,2.037,2.173,0.460,0.644
8305,gcb8338.tif,0.237,1.723,1.000,0.701,897,686,66.801,0.460,1.307,0.765,0.903
8306,gcb8338.tif,1.626,5.875,0.592,2.098,158,698,15.255,1.366,1.556,0.643,0.833
8307,gcb8338.tif,3.608,9.807,0.471,3.295,374,684,125.910,2.043,1.934,0.517,0.753
8308,gcb8338.tif,0.051,0.965,0.686,0.460,886,688,53.130,0.206,2.778,0.360,0.706
8309,gcb8338.tif,2.126,6.091,0.720,2.301,579,685,106.260,1.288,1.928,0.519,0.881
8310,gcb8338.tif,0.119,1.409,0.750,0.664,182,690,33.690,0.357,2.193,0.456,0.800
8311,gcb8338.tif,0.127,1.279,0.976,0.589,296,691,38.660,0.368,1.651,0.606,0.882
8312,gcb8338.tif,0.982,3.739,0.883,1.368,594,691,160.346,1.011,1.382,0.724,0.906
8313,gcb8338.tif,0.085,1.149,0.806,0.496,206,690,21.801,0.276,1.683,0.594,0.800
8314,gcb8338.tif,0.051,0.781,1.000,0.332,550,690,33.690,0.260,1.291,0.775,0.800
8315,gcb8338.tif,4.166,11.921,0.368,3.616,418,703,14.744,1.933,2.405,0.416,0.732
8316,gcb8338.tif,0.263,2.136,0.723,0.786,287,695,20.556,0.552,1.359,0.736,0.805
8317,gcb8338.tif,0.423,2.352,0.962,0.906,671,700,66.038,0.644,1.328,0.753,0.909
8318,gcb8338.tif,0.178,1.463,1.000,0.617,743,701,63.435,0.368,1.475,0.678,0.933
8319,gcb8338.tif,0.246,1.755,1.000,0.719,237,704,50.194,0.460,1.215,0.823,0.983
8320,gcb8338.tif,0.051,0.781,1.000,0.332,550,699,123.690,0.260,1.291,0.775,0.800
8321,gcb8338.tif,2.574,8.959,0.403,3.552,107,702,163.443,1.331,3.461,0.289,0.761
8322,gcb8338.tif,1.660,5.072,0.811,1.987,333,700,103.392,1.196,1.625,0.615,0.910
8323,gcb8338.tif,0.398,2.222,1.000,0.848,278,707,40.601,0.644,1.175,0.851,0.931
8324,gcb8338.tif,1.694,4.888,0.891,1.861,313,701,98.531,1.196,1.540,0.649,0.930
8325,gcb8338.tif,2.032,6.198,0.665,2.119,553,717,34.380,1.613,1.556,0.643,0.826
8326,gcb8338.tif,0.601,3.967,0.480,1.498,884,706,100.620,0.644,2.623,0.381,0.740
8327,gcb8338.tif,0.068,0.835,1.000,0.390,409,707,135.000,0.276,1.229,0.814,0.941
8328,gcb8338.tif,0.559,2.720,0.949,0.995,710,718,56.310,0.736,1.241,0.806,0.923
8329,gcb8338.tif,0.491,2.612,0.905,0.991,349,710,111.801,0.644,1.475,0.678,0.913
8330,gcb8338.tif,0.110,1.095,1.000,0.460,619,713,36.870,0.368,1.159,0.863,0.897
8331,gcb8338.tif,0.093,1.019,1.000,0.460,293,715,126.870,0.276,1.372,0.729,0.957
8332,gcb8338.tif,0.152,1.333,1.000,0.589,466,720,38.660,0.368,1.362,0.734,0.947
8333,gcb8341.tif,1.313,4.681,0.753,1.631,565,7,163.610,1.196,1.435,0.697,0.878
8334,gcb8341.tif,0.127,1.409,0.804,0.582,839,3,108.435,0.368,1.746,0.573,0.789
8335,gcb8341.tif,1.075,4.098,0.805,1.543,702,4,107.354,1.070,1.516,0.660,0.867
8336,gcb8341.tif,0.872,4.282,0.598,1.659,529,7,123.690,0.789,2.625,0.381,0.755
8337,gcb8341.tif,0.186,1.539,0.988,0.617,793,12,26.565,0.460,1.330,0.752,0.863
8338,gcb8341.tif,0.085,1.019,1.000,0.460,278,14,53.130,0.276,1.288,0.776,0.909
8339,gcb8341.tif,0.059,1.409,0.375,0.460,665,11,126.870,0.357,1.282,0.780,0.560
8340,gcb8341.tif,0.881,3.815,0.760,1.429,718,19,165.069,1.012,1.491,0.671,0.867
8341,gcb8341.tif,4.048,13.568,0.276,4.881,597,15,92.161,1.862,3.147,0.318,0.562
8342,gcb8341.tif,1.719,5.906,0.619,1.991,329,19,146.310,1.355,1.803,0.555,0.776
8343,gcb8341.tif,0.398,2.276,0.966,0.848,402,19,130.601,0.644,1.072,0.933,0.922
8344,gcb8341.tif,7.910,20.134,0.245,5.413,525,32,144.689,4.235,1.191,0.840,0.530
8345,gcb8341.tif,0.432,2.536,0.844,0.995,800,29,56.310,0.644,1.588,0.630,0.872
8346,gcb8341.tif,2.761,11.346,0.269,4.360,846,21,97.275,1.248,4.644,0.215,0.668
8347,gcb8341.tif,0.203,1.593,1.000,0.617,260,30,26.565,0.460,1.088,0.919,0.889
8348,gcb8341.tif,1.304,4.183,0.937,1.487,435,42,68.199,1.196,1.221,0.819,0.931
8349,gcb8341.tif,0.483,2.536,0.943,0.920,891,29,126.870,0.736,1.201,0.833,0.905
8350,gcb8341.tif,1.059,3.923,0.864,1.487,686,45,68.199,1.012,1.365,0.733,0.909
8351,gcb8341.tif,0.948,3.555,0.943,1.327,503,34,123.690,1.012,1.313,0.762,0.933
8352,gcb8341.tif,0.483,3.425,0.517,1.408,755,34,101.310,0.552,3.185,0.314,0.776
8353,gcb8341.tif,0.948,3.793,0.829,1.368,646,37,109.654,0.920,1.420,0.704,0.918
8354,gcb8341.tif,1.338,4.573,0.804,1.567,377,53,40.236,1.317,1.066,0.938,0.883
8355,gcb8341.tif,0.788,3.371,0.871,1.200,566,40,147.529,0.920,1.279,0.782,0.903
8356,gcb8341.tif,0.093,1.019,1.000,0.460,631,39,143.130,0.276,1.372,0.729,0.957
8357,gcb8341.tif,2.625,7.792,0.543,2.745,452,66,50.440,1.589,1.856,0.539,0.758
8358,gcb8341.tif,1.558,4.681,0.894,1.719,617,40,105.524,1.196,1.443,0.693,0.925
8359,gcb8341.tif,3.929,11.898,0.349,4.634,81,41,96.843,1.468,4.082,0.245,0.745
8360,gcb8341.tif,1.067,3.815,0.921,1.393,783,60,82.405,1.012,1.230,0.813,0.913
8361,gcb8341.tif,9.019,21.849,0.237,5.326,492,46,99.951,3.587,1.679,0.596,0.661
8362,gcb8341.tif,3.912,8.909,0.619,3.242,407,82,83.480,1.748,2.133,0.469,0.842
8363,gcb8341.tif,0.771,3.317,0.880,1.318,544,47,114.775,0.823,1.655,0.604,0.892
8364,gcb8341.tif,1.872,6.948,0.487,2.323,692,48,146.310,1.481,1.760,0.568,0.753
8365,gcb8341.tif,0.102,1.073,1.000,0.460,475,51,143.130,0.276,1.333,0.750,1.000
8366,gcb8341.tif,0.119,1.225,0.993,0.496,426,53,158.199,0.368,1.127,0.887,0.824
8367,gcb8341.tif,0.220,1.800,0.854,0.719,831,59,39.806,0.535,1.324,0.755,0.825
8368,gcb8341.tif,6.377,16.072,0.310,5.181,628,101,56.592,2.410,2.287,0.437,0.696
8369,gcb8341.tif,0.178,1.517,0.971,0.664,299,55,123.690,0.368,1.643,0.609,0.933
8370,gcb8341.tif,0.559,3.196,0.688,1.408,943,71,78.690,0.460,2.893,0.346,0.943
8371,gcb8341.tif,0.373,2.168,0.996,0.868,281,57,122.005,0.644,1.289,0.776,0.898
8372,gcb8341.tif,0.796,3.371,0.880,1.278,315,72,59.744,0.902,1.418,0.705,0.900
8373,gcb8341.tif,0.440,2.460,0.915,0.947,748,70,60.945,0.644,1.449,0.690,0.912
8374,gcb8341.tif,0.601,3.523,0.609,1.340,385,71,15.945,0.740,2.368,0.422,0.717
8375,gcb8341.tif,1.634,5.754,0.620,2.148,428,81,46.736,1.297,1.968,0.508,0.794
8376,gcb8341.tif,0.203,1.593,1.000,0.617,586,69,63.435,0.460,1.088,0.919,0.889
8377,gcb8341.tif,0.440,3.447,0.466,1.380,693,76,36.870,0.580,3.249,0.308,0.662
8378,gcb8341.tif,0.559,2.666,0.988,0.991,617,67,111.801,0.736,1.233,0.811,0.936
8379,gcb8341.tif,0.957,4.237,0.670,1.564,669,85,61.928,0.870,1.836,0.545,0.886
8380,gcb8341.tif,0.085,0.965,1.000,0.460,861,75,53.130,0.276,1.551,0.645,0.909
8381,gcb8341.tif,0.135,1.746,0.559,0.701,324,79,66.801,0.370,2.485,0.402,0.653
8382,gcb8341.tif,0.762,3.707,0.697,1.359,450,72,118.301,0.970,1.322,0.756,0.829
8383,gcb8341.tif,1.457,4.497,0.905,1.607,375,89,66.371,1.196,1.274,0.785,0.942
8384,gcb8341.tif,0.093,1.019,1.000,0.460,606,77,36.870,0.276,1.372,0.729,0.957
8385,gcb8341.tif,0.364,2.406,0.791,0.991,831,75,111.801,0.552,1.518,0.659,0.869
8386,gcb8341.tif,0.178,1.463,1.000,0.589,713,80,38.660,0.460,1.147,0.872,0.933
8387,gcb8341.tif,0.517,2.536,1.000,0.995,526,77,123.690,0.736,1.269,0.788,0.931
8388,gcb8341.tif,0.059,0.781,1.000,0.332,851,77,123.690,0.276,1.069,0.936,0.875
8389,gcb8341.tif,3.015,11.315,0.296,4.341,252,106,32.005,1.656,3.590,0.279,0.568
8390,gcb8341.tif,2.464,7.046,0.624,2.445,321,95,19.799,1.627,1.591,0.629,0.808
8391,gcb8341.tif,0.296,2.015,0.917,0.868,420,80,122.005,0.460,1.716,0.583,0.946
8392,gcb8341.tif,0.457,2.406,0.993,0.947,468,90,60.945,0.644,1.304,0.767,0.939
8393,gcb8341.tif,0.102,1.095,1.000,0.460,150,85,126.870,0.368,1.281,0.780,0.857
8394,gcb8341.tif,0.449,3.110,0.583,1.138,349,85,104.036,0.699,1.549,0.646,0.741
8395,gcb8341.tif,1.617,5.570,0.655,1.950,387,97,19.290,1.288,1.652,0.605,0.813
8396,gcb8341.tif,0.212,1.961,0.692,0.868,611,85,122.005,0.433,2.219,0.451,0.794
8397,gcb8341.tif,0.135,1.409,0.857,0.582,852,85,108.435,0.368,1.535,0.652,0.800
8398,gcb8341.tif,2.185,8.258,0.403,2.745,594,116,76.430,1.460,1.800,0.555,0.768
8399,gcb8341.tif,0.677,3.187,0.838,1.282,657,87,111.038,0.828,1.602,0.624,0.874
8400,gcb8341.tif,0.212,1.670,0.954,0.617,734,91,26.565,0.521,1.154,0.867,0.877
8401,gcb8341.tif,1.685,5.678,0.657,2.154,200,97,19.983,1.104,2.278,0.439,0.843
8402,gcb8341.tif,1.389,4.389,0.906,1.543,449,104,72.646,1.272,1.222,0.818,0.914
8403,gcb8341.tif,1.092,4.389,0.713,1.484,679,101,29.745,1.219,1.128,0.887,0.860
8404,gcb8341.tif,0.127,1.539,0.674,0.617,768,88,116.565,0.412,1.631,0.613,0.698
8405,gcb8341.tif,0.610,2.980,0.863,1.049,413,99,52.125,0.828,1.198,0.835,0.900
8406,gcb8341.tif,2.574,9.201,0.382,3.038,519,117,54.866,2.075,1.670,0.599,0.637
8407,gcb8341.tif,0.102,1.149,0.967,0.496,784,90,111.801,0.276,1.579,0.633,0.889
8408,gcb8341.tif,4.099,12.387,0.336,4.754,84,141,75.426,1.606,3.513,0.285,0.764
8409,gcb8341.tif,1.203,4.443,0.765,1.689,478,91,119.358,1.166,1.570,0.637,0.848
8410,gcb8341.tif,0.093,1.095,0.976,0.460,799,92,143.130,0.368,1.218,0.821,0.815
8411,gcb8341.tif,0.076,0.911,1.000,0.412,816,92,153.435,0.276,1.340,0.746,0.857
8412,gcb8341.tif,0.932,3.761,0.828,1.282,705,94,111.038,1.094,1.210,0.827,0.880
8413,gcb8341.tif,0.610,2.872,0.929,1.108,374,104,41.634,0.846,1.260,0.794,0.900
8414,gcb8341.tif,0.093,1.409,0.589,0.537,766,98,120.964,0.368,1.505,0.664,0.647
8415,gcb8341.tif,0.144,1.409,0.911,0.537,803,101,120.964,0.455,1.092,0.916,0.850
8416,gcb8341.tif,0.517,2.818,0.817,1.153,817,101,118.610,0.736,1.588,0.630,0.859
8417,gcb8341.tif,0.203,1.593,1.000,0.617,429,103,116.565,0.460,1.191,0.839,0.906
8418,gcb8341.tif,0.169,1.463,0.994,0.589,672,109,38.660,0.460,1.231,0.812,0.889
8419,gcb8341.tif,0.466,2.818,0.737,1.123,628,114,34.992,0.716,1.468,0.681,0.809
8420,gcb8341.tif,2.735,7.868,0.555,2.890,645,138,80.838,1.335,2.574,0.389,0.813
8421,gcb8341.tif,1.075,4.520,0.662,1.777,446,126,68.749,0.998,2.229,0.449,0.782
8422,gcb8341.tif,2.896,8.941,0.455,3.384,473,109,157.620,1.483,2.302,0.434,0.776
8423,gcb8341.tif,0.110,1.149,1.000,0.496,570,109,158.199,0.276,1.551,0.645,0.929
8424,gcb8341.tif,0.186,1.854,0.681,0.786,851,117,69.444,0.424,2.088,0.479,0.800
8425,gcb8341.tif,2.676,8.842,0.430,2.768,386,119,158.552,1.739,1.672,0.598,0.694
8426,gcb8341.tif,0.135,1.333,0.958,0.537,233,114,30.964,0.368,1.153,0.868,0.889
8427,gcb8341.tif,2.778,10.296,0.329,3.516,590,140,47.121,1.758,1.996,0.501,0.667
8428,gcb8341.tif,0.102,1.149,0.967,0.460,299,113,126.870,0.368,1.218,0.821,0.889
8429,gcb8341.tif,1.186,3.999,0.932,1.437,332,115,129.806,1.196,1.169,0.855,0.921
8430,gcb8341.tif,1.279,4.780,0.703,1.843,885,113,92.862,1.171,1.738,0.575,0.844
8431,gcb8341.tif,1.770,5.332,0.782,2.076,464,137,77.196,1.288,1.599,0.625,0.905
8432,gcb8341.tif,0.423,2.774,0.692,1.196,765,115,112.620,0.552,2.410,0.415,0.862
8433,gcb8341.tif,0.186,1.593,0.922,0.617,803,121,63.435,0.460,1.240,0.807,0.863
8434,gcb8341.tif,3.557,11.423,0.343,3.646,322,118,132.955,2.045,2.088,0.479,0.676
8435,gcb8341.tif,0.212,1.854,0.774,0.823,514,126,63.435,0.446,1.898,0.527,0.820
8436,gcb8341.tif,2.930,8.442,0.517,2.527,420,121,123.111,2.025,1.361,0.735,0.785
8437,gcb8341.tif,0.601,2.850,0.930,1.077,557,120,109.983,0.736,1.342,0.745,0.910
8438,gcb8341.tif,0.195,1.539,1.000,0.617,289,121,116.565,0.460,1.222,0.818,0.868
8439,gcb8341.tif,0.364,2.145,0.994,0.823,569,121,116.565,0.552,1.295,0.772,0.945
8440,gcb8341.tif,0.102,1.095,1.000,0.460,631,121,126.870,0.368,1.281,0.780,0.857
8441,gcb8341.tif,0.745,3.240,0.892,1.235,668,121,116.565,0.920,1.325,0.755,0.898
8442,gcb8341.tif,0.313,2.038,0.948,0.786,701,129,69.444,0.552,1.227,0.815,0.892
8443,gcb8341.tif,0.093,1.095,0.976,0.521,524,126,45.000,0.325,1.714,0.583,0.846
8444,gcb8341.tif,0.110,1.095,1.000,0.460,690,122,126.870,0.368,1.159,0.863,0.897
8445,gcb8341.tif,1.067,4.560,0.645,1.897,788,123,104.036,0.736,2.718,0.368,0.903
8446,gcb8341.tif,0.313,2.428,0.668,0.906,847,123,113.962,0.541,1.540,0.649,0.796
8447,gcb8341.tif,0.635,2.926,0.932,1.049,534,129,105.255,0.828,1.218,0.821,0.909
8448,gcb8341.tif,0.085,1.225,0.709,0.589,482,136,51.340,0.320,2.301,0.435,0.690
8449,gcb8341.tif,0.423,2.428,0.903,0.911,736,131,135.000,0.736,1.108,0.903,0.855
8450,gcb8341.tif,7.893,17.297,0.331,5.303,374,133,128.660,3.153,2.053,0.487,0.678
8451,gcb8341.tif,0.212,1.723,0.896,0.701,569,137,23.199,0.460,1.524,0.656,0.877
8452,gcb8341.tif,0.534,2.612,0.983,0.991,695,135,158.199,0.736,1.199,0.834,0.920
8453,gcb8341.tif,0.271,1.876,0.968,0.792,474,143,35.538,0.521,1.469,0.681,0.865
8454,gcb8341.tif,4.658,11.705,0.427,4.270,620,137,127.117,1.887,2.724,0.367,0.698
8455,gcb8341.tif,1.211,4.780,0.666,1.941,305,141,121.430,0.967,2.214,0.452,0.819
8456,gcb8341.tif,0.068,0.965,0.914,0.412,463,144,63.435,0.276,1.308,0.764,0.800
8457,gcb8341.tif,2.854,8.671,0.477,3.126,549,170,42.614,1.761,1.949,0.513,0.730
8458,gcb8341.tif,0.296,1.907,1.000,0.742,288,150,60.255,0.552,1.189,0.841,0.921
8459,gcb8341.tif,1.423,4.932,0.735,1.736,482,143,122.005,1.366,1.483,0.674,0.864
8460,gcb8341.tif,0.449,2.765,0.738,1.108,669,151,41.634,0.716,1.515,0.660,0.835
8461,gcb8341.tif,0.288,1.907,0.994,0.742,499,144,119.745,0.552,1.158,0.864,0.907
8462,gcb8341.tif,3.718,8.766,0.608,3.415,586,181,75.964,1.789,2.213,0.452,0.839
8463,gcb8341.tif,1.101,4.726,0.619,1.897,721,149,140.906,0.992,2.211,0.452,0.805
8464,gcb8341.tif,7.884,19.268,0.267,5.670,415,165,13.134,3.716,1.872,0.534,0.573
8465,gcb8341.tif,1.084,3.999,0.852,1.509,521,150,142.431,1.106,1.444,0.693,0.892
8466,gcb8341.tif,0.246,1.777,0.977,0.719,695,149,129.806,0.552,1.154,0.866,0.906
8467,gcb8341.tif,0.330,2.634,0.598,1.108,604,152,131.634,0.582,2.494,0.401,0.750
8468,gcb8341.tif,2.058,8.357,0.370,2.375,338,173,54.462,1.803,1.346,0.743,0.720
8469,gcb8341.tif,0.229,1.701,0.993,0.664,882,152,123.690,0.460,1.221,0.819,0.947
8470,gcb8341.tif,0.076,0.965,1.000,0.412,543,153,116.565,0.276,1.340,0.746,0.857
8471,gcb8341.tif,0.085,1.095,0.887,0.521,220,155,135.000,0.325,1.864,0.537,0.800
8472,gcb8341.tif,0.517,2.536,1.000,0.947,300,155,119.055,0.736,1.130,0.885,0.938
8473,gcb8341.tif,0.178,1.670,0.802,0.651,364,157,171.870,0.460,1.442,0.693,0.792
8474,gcb8341.tif,2.735,7.392,0.629,2.890,661,175,37.235,1.470,1.981,0.505,0.849
8475,gcb8341.tif,0.220,1.854,0.805,0.742,81,157,119.745,0.515,1.493,0.670,0.800
8476,gcb8341.tif,0.246,1.723,1.000,0.664,501,163,33.690,0.552,1.161,0.861,0.906
8477,gcb8341.tif,0.576,3.447,0.609,1.440,565,172,63.435,0.709,2.515,0.398,0.782
8478,gcb8341.tif,0.279,2.168,0.747,0.848,94,169,77.471,0.535,1.716,0.583,0.805
8479,gcb8341.tif,2.210,7.163,0.541,2.736,475,161,109.654,1.268,2.685,0.372,0.784
8480,gcb8341.tif,1.778,6.503,0.528,2.277,837,186,75.964,1.177,2.018,0.496,0.794
8481,gcb8341.tif,7.884,20.871,0.227,5.571,361,169,112.329,3.263,2.051,0.488,0.638
8482,gcb8341.tif,0.263,1.777,1.000,0.664,491,166,123.690,0.552,1.058,0.945,0.925
8483,gcb8341.tif,4.437,11.490,0.422,4.612,621,166,118.610,1.830,3.378,0.296,0.767
8484,gcb8341.tif,0.364,2.320,0.850,0.792,708,167,144.462,0.714,1.044,0.958,0.835
8485,gcb8341.tif,0.686,4.044,0.527,1.697,129,181,49.399,0.781,2.213,0.452,0.775
8486,gcb8341.tif,0.220,1.593,1.000,0.617,278,169,116.565,0.460,1.184,0.845,0.929
8487,gcb8341.tif,0.119,1.409,0.750,0.582,314,175,71.565,0.368,1.867,0.535,0.757
8488,gcb8341.tif,0.085,1.095,0.887,0.460,265,175,36.870,0.325,1.491,0.670,0.800
8489,gcb8341.tif,6.038,13.824,0.397,5.534,82,233,86.186,1.472,4.363,0.229,0.840
8490,gcb8341.tif,0.381,2.222,0.970,0.823,433,173,116.565,0.644,1.230,0.813,0.909
8491,gcb8341.tif,0.203,1.539,1.000,0.617,603,176,153.435,0.460,1.256,0.796,0.906
8492,gcb8341.tif,0.542,2.774,0.885,1.029,283,177,116.565,0.736,1.207,0.828,0.901
8493,gcb8341.tif,0.373,2.222,0.949,0.823,346,179,116.565,0.644,1.226,0.816,0.898
8494,gcb8341.tif,1.448,5.332,0.640,1.787,390,179,124.509,1.344,1.289,0.776,0.805
8495,gcb8341.tif,1.287,4.291,0.879,1.498,564,181,132.510,1.288,1.096,0.913,0.907
8496,gcb8341.tif,4.573,10.740,0.498,3.134,408,188,139.764,2.361,1.500,0.667,0.796
8497,gcb8341.tif,1.897,6.319,0.597,2.616,328,185,129.289,1.297,2.349,0.426,0.807
8498,gcb8341.tif,1.025,4.856,0.546,2.027,794,199,39.472,0.885,2.526,0.396,0.796
8499,gcb8341.tif,0.406,2.666,0.719,1.138,713,185,104.036,0.552,2.030,0.493,0.842
8500,gcb8341.tif,0.135,1.409,0.857,0.582,747,191,71.565,0.368,1.519,0.658,0.842
8501,gcb8341.tif,2.219,6.167,0.733,2.277,292,194,14.036,1.626,1.419,0.704,0.863
8502,gcb8341.tif,5.098,13.667,0.343,3.727,588,212,32.905,2.653,1.786,0.560,0.662
8503,gcb8341.tif,4.158,15.260,0.224,4.793,844,188,93.302,1.553,3.096,0.323,0.725
8504,gcb8341.tif,1.541,4.758,0.856,1.729,488,208,64.799,1.267,1.320,0.758,0.912
8505,gcb8341.tif,0.728,3.501,0.747,1.429,682,192,104.931,0.794,1.858,0.538,0.856
8506,gcb8341.tif,4.048,11.311,0.398,4.646,917,193,97.970,1.288,4.078,0.245,0.817
8507,gcb8341.tif,0.051,0.781,1.000,0.390,819,194,135.000,0.247,1.809,0.553,0.800
8508,gcb8341.tif,1.414,4.811,0.768,1.813,873,194,113.962,1.196,1.328,0.753,0.879
8509,gcb8341.tif,0.059,0.835,1.000,0.390,581,198,45.000,0.276,1.380,0.725,0.875
8510,gcb8341.tif,2.507,6.741,0.693,2.308,160,202,156.501,1.629,1.448,0.690,0.878
8511,gcb8341.tif,1.186,5.139,0.564,1.861,138,201,171.469,1.104,1.623,0.616,0.789
8512,gcb8341.tif,3.142,10.166,0.382,3.584,440,225,41.878,1.743,2.261,0.442,0.719
8513,gcb8341.tif,1.296,4.259,0.897,1.484,509,197,119.745,1.196,1.200,0.834,0.919
8514,gcb8341.tif,0.457,2.450,0.957,0.873,273,199,108.435,0.781,1.075,0.930,0.871
8515,gcb8341.tif,0.288,1.961,0.941,0.792,568,207,54.462,0.552,1.334,0.750,0.907
8516,gcb8341.tif,0.940,3.577,0.923,1.368,656,200,109.654,0.993,1.399,0.715,0.906
8517,gcb8341.tif,1.016,5.408,0.437,2.010,391,201,105.945,0.736,3.062,0.327,0.762
8518,gcb8341.tif,1.008,4.421,0.648,1.877,285,222,78.690,0.828,2.452,0.408,0.872
8519,gcb8341.tif,3.625,11.292,0.357,4.115,714,202,116.565,1.848,2.743,0.365,0.657
8520,gcb8341.tif,1.330,7.271,0.316,3.027,814,203,109.537,0.894,4.741,0.211,0.586
8521,gcb8341.tif,0.161,1.409,1.000,0.589,329,209,38.660,0.460,1.146,0.873,0.864
8522,gcb8341.tif,1.194,6.275,0.381,2.366,765,207,166.504,0.828,3.559,0.281,0.762
8523,gcb8341.tif,0.093,1.409,0.589,0.560,906,205,99.462,0.357,1.739,0.575,0.667
8524,gcb8341.tif,0.728,4.313,0.492,1.861,191,212,8.531,0.644,3.640,0.275,0.754
8525,gcb8341.tif,0.406,2.320,0.949,0.938,216,211,11.310,0.644,1.385,0.722,0.873
8526,gcb8341.tif,0.076,0.889,1.000,0.390,798,206,135.000,0.276,1.000,1.000,1.000
8527,gcb8341.tif,0.974,4.834,0.524,1.638,298,209,141.843,0.989,2.010,0.498,0.719
8528,gcb8341.tif,0.203,1.571,1.000,0.651,694,213,45.000,0.460,1.091,0.916,0.980
8529,gcb8341.tif,0.237,3.263,0.280,0.906,745,208,113.962,0.552,1.602,0.624,0.651
8530,gcb8341.tif,1.253,6.005,0.437,1.969,458,224,37.405,1.380,1.475,0.678,0.664
8531,gcb8341.tif,1.313,4.497,0.816,1.610,403,213,120.964,1.106,1.445,0.692,0.914
8532,gcb8341.tif,0.127,1.225,1.000,0.496,618,213,111.801,0.368,1.127,0.887,0.857
8533,gcb8341.tif,0.957,4.021,0.744,1.532,483,226,32.735,0.970,1.982,0.505,0.804
8534,gcb8341.tif,0.271,1.831,1.000,0.742,360,222,60.255,0.460,1.391,0.719,0.955
8535,gcb8341.tif,0.483,2.765,0.794,1.029,676,221,26.565,0.736,1.352,0.739,0.826
8536,gcb8341.tif,2.380,7.186,0.579,3.009,575,246,66.571,1.152,3.066,0.326,0.859
8537,gcb8341.tif,0.449,2.428,0.957,0.961,606,216,106.699,0.644,1.452,0.689,0.906
8538,gcb8341.tif,1.330,5.040,0.658,1.897,628,218,157.166,1.077,1.931,0.518,0.837
8539,gcb8341.tif,0.161,1.854,0.589,0.786,879,216,110.556,0.368,2.440,0.410,0.792
8540,gcb8341.tif,6.826,14.129,0.430,5.209,318,270,57.995,2.540,2.714,0.368,0.735
8541,gcb8341.tif,0.296,2.092,0.851,0.848,698,222,130.601,0.536,1.554,0.643,0.864
8542,gcb8341.tif,0.169,1.800,0.657,0.664,857,227,56.310,0.460,1.206,0.829,0.755
8543,gcb8341.tif,0.440,2.527,0.867,0.873,744,228,18.435,0.781,1.019,0.982,0.852
8544,gcb8341.tif,0.212,1.670,0.954,0.719,237,230,39.806,0.521,1.428,0.700,0.847
8545,gcb8341.tif,0.169,1.441,1.000,0.589,686,225,128.660,0.368,1.250,0.800,1.000
8546,gcb8341.tif,1.490,5.354,0.653,1.969,302,239,37.405,1.196,1.879,0.532,0.828
8547,gcb8341.tif,7.088,19.236,0.241,5.463,424,228,147.381,2.557,2.897,0.345,0.627
8548,gcb8341.tif,1.617,4.704,0.919,1.659,547,231,109.440,1.317,1.273,0.786,0.927
8549,gcb8341.tif,0.246,1.777,0.977,0.742,629,232,119.745,0.460,1.360,0.735,0.921
8550,gcb8341.tif,1.601,5.669,0.626,2.119,637,252,55.620,1.399,1.364,0.733,0.813
8551,gcb8341.tif,1.558,5.669,0.609,2.346,245,234,154.440,1.093,2.547,0.393,0.840
8552,gcb8341.tif,0.059,0.835,1.000,0.332,456,233,123.690,0.276,1.069,0.936,0.875
8553,gcb8341.tif,0.440,2.612,0.811,1.049,707,244,74.745,0.552,1.792,0.558,0.889
8554,gcb8341.tif,0.423,2.482,0.864,0.978,144,235,131.186,0.617,1.604,0.623,0.885
8555,gcb8341.tif,1.075,4.336,0.719,1.610,194,234,120.964,0.970,1.891,0.529,0.819
8556,gcb8341.tif,1.143,3.869,0.960,1.455,373,249,55.305,1.104,1.282,0.780,0.944
8557,gcb8341.tif,1.372,4.627,0.805,1.631,485,252,73.610,1.098,1.509,0.663,0.913
8558,gcb8341.tif,1.380,4.542,0.841,1.543,671,242,162.646,1.358,1.118,0.895,0.886
8559,gcb8341.tif,1.609,5.202,0.747,1.897,103,240,140.906,1.429,1.322,0.756,0.886
8560,gcb8341.tif,0.406,2.298,0.967,0.823,275,240,116.565,0.736,1.127,0.887,0.889
8561,gcb8341.tif,0.330,2.114,0.929,0.920,290,240,143.130,0.586,1.655,0.604,0.876
8562,gcb8341.tif,2.617,7.922,0.524,2.545,600,262,40.601,1.880,1.386,0.722,0.755
8563,gcb8341.tif,0.627,2.904,0.934,1.112,403,241,114.444,0.736,1.428,0.700,0.931
8564,gcb8341.tif,0.127,1.203,1.000,0.521,464,241,135.000,0.368,1.137,0.880,0.968
8565,gcb8341.tif,2.143,6.405,0.656,2.409,391,242,96.582,1.365,1.667,0.600,0.838
8566,gcb8341.tif,0.440,2.558,0.846,1.029,346,254,63.435,0.658,1.625,0.615,0.860
8567,gcb8341.tif,0.881,4.506,0.545,2.010,209,254,15.945,0.592,3.819,0.262,0.874
8568,gcb8341.tif,0.068,0.965,0.914,0.390,255,249,135.000,0.276,1.040,0.962,0.800
8569,gcb8341.tif,0.059,0.835,1.000,0.332,900,249,123.690,0.276,1.069,0.936,0.875
8570,gcb8341.tif,12.999,22.860,0.313,6.649,81,315,41.634,5.337,1.467,0.681,0.592
8571,gcb8341.tif,1.516,5.094,0.734,1.863,683,269,57.095,1.184,1.639,0.610,0.873
8572,gcb8341.tif,4.361,10.013,0.547,3.406,512,284,51.582,1.790,2.263,0.442,0.807
8573,gcb8341.tif,2.541,8.941,0.399,3.384,550,253,112.380,1.542,3.034,0.330,0.676
8574,gcb8341.tif,0.906,4.618,0.534,1.564,563,255,151.928,1.057,1.864,0.536,0.735
8575,gcb8341.tif,0.237,2.114,0.667,0.823,907,261,63.435,0.446,1.954,0.512,0.778
8576,gcb8341.tif,5.200,16.364,0.244,4.178,921,299,82.405,3.129,1.126,0.888,0.567
8577,gcb8341.tif,0.567,3.133,0.727,1.282,353,268,68.962,0.698,1.970,0.508,0.838
8578,gcb8341.tif,1.440,4.564,0.868,1.607,481,256,103.241,1.339,1.158,0.863,0.895
8579,gcb8341.tif,1.194,4.497,0.742,1.770,765,258,152.103,0.962,1.983,0.504,0.881
8580,gcb8341.tif,1.135,4.021,0.882,1.455,716,272,71.565,1.152,1.367,0.732,0.896
8581,gcb8341.tif,0.356,2.114,1.000,0.868,181,258,122.005,0.644,1.316,0.760,0.894
8582,gcb8341.tif,2.761,7.554,0.608,3.014,415,260,102.339,1.405,2.464,0.406,0.845
8583,gcb8341.tif,0.186,1.593,0.922,0.664,624,264,33.690,0.453,1.517,0.659,0.863
8584,gcb8341.tif,0.593,3.187,0.734,1.252,644,261,107.103,0.736,1.726,0.579,0.854
8585,gcb8341.tif,0.423,2.406,0.919,0.961,749,261,106.699,0.552,1.578,0.634,0.917
8586,gcb8341.tif,0.229,1.854,0.836,0.742,593,270,60.255,0.536,1.349,0.741,0.818
8587,gcb8341.tif,0.881,4.520,0.542,1.712,367,265,126.254,0.856,2.573,0.389,0.691
8588,gcb8341.tif,0.068,0.889,1.000,0.412,562,265,153.435,0.184,2.000,0.500,1.000
8589,gcb8341.tif,1.761,5.408,0.757,1.897,577,266,104.036,1.472,1.146,0.873,0.865
8590,gcb8341.tif,0.135,1.279,1.000,0.537,341,268,120.964,0.368,1.234,0.810,0.889
8591,gcb8341.tif,0.313,2.114,0.881,0.786,443,277,69.444,0.640,1.348,0.742,0.831
8592,gcb8341.tif,6.461,19.344,0.217,5.833,308,333,83.660,2.960,2.184,0.458,0.534
8593,gcb8341.tif,0.483,2.850,0.747,1.196,286,272,112.620,0.575,2.267,0.441,0.864
8594,gcb8341.tif,3.421,7.249,0.818,2.545,385,273,102.529,1.748,1.409,0.710,0.928
8595,gcb8341.tif,0.559,2.904,0.833,1.138,435,274,104.036,0.644,1.552,0.644,0.910
8596,gcb8341.tif,0.127,1.203,1.000,0.521,658,274,135.000,0.368,1.137,0.880,0.968
8597,gcb8341.tif,1.126,4.021,0.875,1.408,670,276,101.310,1.104,1.261,0.793,0.908
8598,gcb8341.tif,0.584,2.872,0.890,1.112,746,276,114.444,0.786,1.433,0.698,0.873
8599,gcb8341.tif,0.220,1.723,0.932,0.664,734,284,33.690,0.552,1.232,0.812,0.867
8600,gcb8341.tif,0.398,2.244,0.993,0.868,328,279,122.005,0.716,1.192,0.839,0.887
8601,gcb8341.tif,0.415,2.482,0.846,0.961,457,291,73.301,0.644,1.524,0.656,0.852
8602,gcb8341.tif,1.203,4.151,0.877,1.562,636,283,135.000,1.097,1.427,0.701,0.896
8603,gcb8341.tif,0.534,2.850,0.825,1.164,364,283,108.435,0.644,1.848,0.541,0.894
8604,gcb8341.tif,0.525,2.666,0.928,1.049,652,284,127.875,0.736,1.363,0.734,0.905
8605,gcb8341.tif,0.567,2.720,0.964,0.995,472,294,56.310,0.828,1.104,0.905,0.931
8606,gcb8341.tif,2.075,5.853,0.761,2.247,524,302,34.992,1.482,1.605,0.623,0.875
8607,gcb8341.tif,1.109,6.275,0.354,2.545,853,286,102.529,0.902,3.390,0.295,0.677
8608,gcb8341.tif,0.567,2.742,0.948,1.049,341,289,105.255,0.736,1.404,0.712,0.899
8609,gcb8341.tif,0.161,1.387,1.000,0.589,351,294,51.340,0.368,1.273,0.785,0.974
8610,gcb8341.tif,0.669,3.034,0.913,1.123,511,292,145.008,0.828,1.214,0.824,0.913
8611,gcb8341.tif,0.051,0.705,1.000,0.332,680,291,146.310,0.184,1.500,0.667,1.000
8612,gcb8341.tif,2.803,6.230,0.908,2.224,430,292,114.444,1.656,1.225,0.816,0.959
8613,gcb8341.tif,2.320,6.351,0.723,2.375,490,314,54.462,1.523,1.658,0.603,0.852
8614,gcb8341.tif,0.093,1.095,0.976,0.460,292,302,53.130,0.368,1.218,0.821,0.815
8615,gcb8341.tif,0.102,1.593,0.503,0.701,399,305,66.801,0.288,2.877,0.348,0.686
8616,gcb8341.tif,3.811,9.874,0.491,3.085,468,330,72.646,2.246,1.262,0.792,0.733
8617,gcb8341.tif,0.246,1.800,0.953,0.670,632,298,105.945,0.552,1.229,0.814,0.853
8618,gcb8341.tif,0.305,1.984,0.974,0.792,790,299,144.462,0.640,1.219,0.820,0.867
8619,gcb8341.tif,0.186,1.517,1.000,0.589,715,300,141.340,0.460,1.068,0.937,0.936
8620,gcb8341.tif,1.465,4.475,0.919,1.646,643,316,63.435,1.196,1.274,0.785,0.943
8621,gcb8341.tif,4.039,13.267,0.288,4.441,337,312,174.053,2.105,3.213,0.311,0.585
8622,gcb8341.tif,0.525,2.612,0.967,0.961,408,304,106.699,0.736,1.261,0.793,0.912
8623,gcb8341.tif,0.152,1.355,1.000,0.537,555,310,30.964,0.455,1.130,0.885,0.857
8624,gcb8341.tif,0.440,2.383,0.974,0.920,316,308,126.870,0.644,1.179,0.848,0.963
8625,gcb8341.tif,0.051,0.705,1.000,0.332,807,308,146.310,0.184,1.500,0.667,1.000
8626,gcb8341.tif,0.186,1.746,0.768,0.670,284,312,105.945,0.451,1.626,0.615,0.786
8627,gcb8341.tif,0.737,4.564,0.444,1.638,500,327,51.843,0.960,1.873,0.534,0.664
8628,gcb8341.tif,0.051,0.781,1.000,0.332,618,317,33.690,0.260,1.291,0.775,0.800
8629,gcb8341.tif,0.076,0.965,1.000,0.412,427,320,63.435,0.276,1.340,0.746,0.857
8630,gcb8341.tif,1.982,7.132,0.490,2.416,582,337,40.365,1.615,1.644,0.608,0.757
8631,gcb8341.tif,0.567,2.796,0.912,1.138,675,317,104.036,0.644,1.610,0.621,0.912
8632,gcb8341.tif,3.269,9.093,0.497,3.492,115,324,161.565,1.637,2.442,0.410,0.755
8633,gcb8341.tif,2.354,6.817,0.637,2.226,389,342,60.255,1.674,1.594,0.628,0.816
8634,gcb8341.tif,0.974,4.618,0.574,1.915,429,337,54.782,0.842,2.923,0.342,0.777
8635,gcb8341.tif,0.923,4.021,0.717,1.455,627,335,71.565,0.920,1.485,0.673,0.872
8636,gcb8341.tif,0.068,0.911,1.000,0.412,852,320,153.435,0.276,1.308,0.764,0.800
8637,gcb8341.tif,0.500,2.666,0.883,0.995,449,323,146.310,0.736,1.258,0.795,0.881
8638,gcb8341.tif,0.229,1.907,0.790,0.792,768,329,54.462,0.460,1.473,0.679,0.844
8639,gcb8341.tif,0.889,3.914,0.730,1.487,719,338,68.199,0.957,1.644,0.608,0.830
8640,gcb8341.tif,6.199,15.552,0.322,5.623,80,382,68.895,2.320,3.292,0.304,0.677
8641,gcb8341.tif,0.423,2.406,0.919,0.947,280,336,60.945,0.644,1.446,0.692,0.901
8642,gcb8341.tif,0.161,1.409,1.000,0.537,792,327,120.964,0.460,1.083,0.923,0.884
8643,gcb8341.tif,0.110,1.203,0.956,0.496,198,328,111.801,0.276,1.551,0.645,0.929
8644,gcb8341.tif,3.531,10.556,0.398,4.183,492,363,50.356,1.558,3.082,0.324,0.735
8645,gcb8341.tif,0.322,2.038,0.974,0.792,416,335,35.538,0.640,1.286,0.778,0.894
8646,gcb8341.tif,0.652,4.726,0.367,1.498,350,330,100.620,1.049,1.944,0.515,0.537
8647,gcb8341.tif,0.102,1.073,1.000,0.460,740,330,126.870,0.276,1.333,0.750,1.000
8648,gcb8341.tif,0.466,2.482,0.950,0.868,607,332,122.005,0.736,1.042,0.960,0.894
8649,gcb8341.tif,0.542,2.666,0.958,0.991,374,333,111.801,0.736,1.314,0.761,0.914
8650,gcb8341.tif,0.135,1.355,0.927,0.521,694,333,135.000,0.455,1.084,0.922,0.800
8651,gcb8341.tif,0.152,1.463,0.895,0.617,706,339,63.435,0.368,1.633,0.612,0.878
8652,gcb8341.tif,0.068,0.965,0.914,0.460,804,333,126.870,0.260,1.939,0.516,0.842
8653,gcb8341.tif,0.652,3.088,0.859,1.200,360,334,122.471,0.736,1.699,0.588,0.917
8654,gcb8341.tif,3.320,8.106,0.635,2.745,455,334,103.570,1.933,1.494,0.670,0.851
8655,gcb8341.tif,1.651,6.005,0.575,2.148,518,343,9.866,1.233,2.136,0.468,0.798
8656,gcb8341.tif,7.342,16.808,0.327,5.732,212,382,42.397,2.863,2.171,0.461,0.690
8657,gcb8341.tif,0.102,1.485,0.579,0.582,442,338,108.435,0.349,2.028,0.493,0.667
8658,gcb8341.tif,0.288,1.907,0.994,0.719,666,338,129.806,0.552,1.104,0.906,0.907
8659,gcb8341.tif,0.212,1.593,1.000,0.617,332,340,116.565,0.460,1.230,0.813,0.909
8660,gcb8341.tif,0.254,2.092,0.730,0.906,145,350,66.038,0.437,2.350,0.426,0.857
8661,gcb8341.tif,0.728,3.317,0.832,1.228,305,354,77.005,0.920,1.217,0.822,0.864
8662,gcb8341.tif,0.288,2.558,0.553,1.049,738,344,164.745,0.460,2.356,0.424,0.773
8663,gcb8341.tif,0.119,1.355,0.811,0.589,858,343,128.660,0.368,1.592,0.628,0.800
8664,gcb8341.tif,0.119,1.539,0.629,0.589,776,345,128.660,0.453,1.102,0.907,0.737
8665,gcb8341.tif,0.237,1.670,1.000,0.701,565,350,23.199,0.460,1.391,0.719,0.903
8666,gcb8341.tif,1.025,3.860,0.864,1.340,430,348,105.945,1.123,1.233,0.811,0.864
8667,gcb8341.tif,2.058,6.167,0.680,2.366,550,348,103.496,1.380,1.745,0.573,0.863
8668,gcb8341.tif,1.457,5.669,0.570,2.027,368,349,129.472,1.141,2.194,0.456,0.768
8669,gcb8341.tif,2.117,6.589,0.613,2.527,389,356,169.509,1.196,2.471,0.405,0.839
8670,gcb8341.tif,0.068,0.965,0.914,0.412,447,357,63.435,0.276,1.605,0.623,0.800
8671,gcb8341.tif,8.748,12.720,0.679,5.219,252,355,99.130,2.274,2.357,0.424,0.937
8672,gcb8341.tif,0.322,1.961,1.000,0.742,509,355,119.745,0.552,1.159,0.863,0.950
8673,gcb8341.tif,1.423,5.700,0.550,2.239,584,355,99.462,0.888,2.699,0.371,0.853
8674,gcb8341.tif,2.786,6.871,0.742,2.486,339,358,128.991,1.567,1.692,0.591,0.890
8675,gcb8341.tif,0.550,2.720,0.935,1.029,312,357,116.565,0.736,1.337,0.748,0.915
8676,gcb8341.tif,0.542,4.367,0.357,1.746,863,357,108.435,0.559,3.351,0.298,0.723
8677,gcb8341.tif,4.268,8.227,0.792,2.591,509,376,6.116,2.374,1.079,0.927,0.905
8678,gcb8341.tif,1.897,5.224,0.873,1.834,473,361,107.526,1.528,1.149,0.871,0.901
8679,gcb8341.tif,1.474,4.421,0.947,1.583,617,363,125.538,1.288,1.166,0.858,0.946
8680,gcb8341.tif,1.533,4.919,0.796,1.922,707,383,73.301,1.012,1.806,0.554,0.938
8681,gcb8341.tif,0.059,0.889,0.943,0.412,327,370,63.435,0.184,1.936,0.517,0.933
8682,gcb8341.tif,0.263,2.504,0.526,1.123,387,378,55.008,0.408,3.726,0.268,0.697
8683,gcb8341.tif,1.728,5.040,0.855,2.068,436,371,110.854,1.235,1.717,0.582,0.927
8684,gcb8341.tif,0.059,0.835,1.000,0.332,591,371,123.690,0.276,1.069,0.936,0.875
8685,gcb8341.tif,4.285,15.022,0.239,4.884,537,412,42.709,2.491,2.034,0.492,0.526
8686,gcb8341.tif,0.872,3.478,0.906,1.252,396,377,126.027,1.012,1.214,0.823,0.912
8687,gcb8341.tif,2.422,8.150,0.458,2.445,498,376,109.799,1.547,1.585,0.631,0.825
8688,gcb8341.tif,0.601,2.850,0.930,1.049,305,385,37.875,0.828,1.194,0.838,0.910
8689,gcb8341.tif,1.389,5.072,0.679,2.103,367,377,113.199,1.104,1.986,0.504,0.879
8690,gcb8341.tif,7.147,18.325,0.267,5.134,642,431,75.466,2.937,1.792,0.558,0.594
8691,gcb8341.tif,2.574,8.519,0.446,2.758,417,378,115.710,1.840,1.556,0.643,0.769
8692,gcb8341.tif,1.541,5.929,0.551,1.840,477,382,143.130,1.472,1.228,0.814,0.768
8693,gcb8341.tif,0.754,4.291,0.514,1.861,281,400,81.469,0.632,3.125,0.320,0.820
8694,gcb8341.tif,0.872,3.425,0.935,1.368,382,384,132.274,0.947,1.445,0.692,0.928
8695,gcb8341.tif,1.601,6.037,0.552,2.140,458,404,64.537,1.310,1.938,0.516,0.787
8696,gcb8341.tif,0.313,2.895,0.470,1.238,688,394,48.013,0.468,3.435,0.291,0.655
8697,gcb8341.tif,1.177,4.129,0.868,1.518,607,400,75.964,1.104,1.309,0.764,0.906
8698,gcb8341.tif,0.220,1.701,0.956,0.719,223,386,129.806,0.460,1.333,0.750,0.929
8699,gcb8341.tif,0.855,3.555,0.851,1.405,346,401,58.392,0.894,1.677,0.596,0.894
8700,gcb8341.tif,0.381,2.222,0.970,0.911,625,396,45.000,0.644,1.316,0.760,0.909
8701,gcb8341.tif,0.694,3.739,0.624,1.631,324,391,106.390,0.665,2.697,0.371,0.850
8702,gcb8341.tif,0.254,1.723,1.000,0.664,741,391,123.690,0.552,1.116,0.896,0.923
8703,gcb8341.tif,1.262,4.573,0.758,1.697,870,392,102.529,1.094,1.606,0.623,0.882
8704,gcb8341.tif,0.059,0.835,1.000,0.390,287,393,135.000,0.276,1.380,0.725,0.875
8705,gcb8341.tif,0.330,2.612,0.608,1.049,807,397,127.875,0.651,1.839,0.544,0.772
8706,gcb8341.tif,0.051,0.781,1.000,0.332,382,402,33.690,0.260,1.291,0.775,0.800
8707,gcb8341.tif,0.957,3.609,0.923,1.368,400,413,70.346,0.920,1.372,0.729,0.930
8708,gcb8341.tif,0.711,3.923,0.581,1.498,437,399,100.620,0.736,2.359,0.424,0.808
8709,gcb8341.tif,0.288,2.320,0.672,0.848,595,399,102.529,0.644,1.150,0.870,0.739
8710,gcb8341.tif,0.051,0.781,1.000,0.390,86,403,45.000,0.247,1.809,0.553,0.800
8711,gcb8341.tif,0.152,1.333,1.000,0.537,309,401,120.964,0.368,1.218,0.821,0.947
8712,gcb8341.tif,0.644,3.110,0.836,1.252,568,415,72.897,0.726,1.800,0.556,0.894
8713,gcb8341.tif,1.211,5.126,0.579,2.020,374,404,120.069,1.111,2.311,0.433,0.757
8714,gcb8341.tif,3.506,12.594,0.278,4.621,484,422,12.653,1.691,4.197,0.238,0.532
8715,gcb8341.tif,0.500,2.688,0.869,0.961,579,414,73.301,0.736,1.276,0.783,0.874
8716,gcb8341.tif,0.152,1.355,1.000,0.537,350,406,149.036,0.455,1.130,0.885,0.857
8717,gcb8341.tif,0.102,1.409,0.643,0.617,297,407,116.565,0.306,2.322,0.431,0.706
8718,gcb8341.tif,0.237,1.854,0.867,0.759,317,415,75.964,0.460,1.577,0.634,0.862
8719,gcb8341.tif,0.313,2.038,0.948,0.792,708,415,54.462,0.552,1.327,0.754,0.881
8720,gcb8341.tif,6.284,16.342,0.296,5.148,703,457,61.144,3.354,1.727,0.579,0.570
8721,gcb8341.tif,0.195,2.190,0.510,0.848,587,411,167.471,0.455,2.014,0.497,0.667
8722,gcb8341.tif,0.152,1.854,0.558,0.719,672,416,39.806,0.455,1.943,0.515,0.655
8723,gcb8341.tif,0.483,3.003,0.673,1.164,603,423,71.565,0.728,1.660,0.603,0.765
8724,gcb8341.tif,1.499,6.167,0.495,2.478,736,437,58.671,1.152,2.734,0.366,0.733
8725,gcb8341.tif,2.659,7.370,0.615,2.617,137,420,169.875,1.419,2.111,0.474,0.850
8726,gcb8341.tif,0.330,2.038,1.000,0.786,555,414,110.556,0.552,1.223,0.818,0.918
8727,gcb8341.tif,0.330,2.190,0.865,0.868,93,422,32.005,0.586,1.630,0.613,0.830
8728,gcb8341.tif,1.440,4.726,0.810,1.719,105,425,15.524,1.288,1.348,0.742,0.876
8729,gcb8341.tif,0.220,1.647,1.000,0.664,365,422,56.310,0.460,1.224,0.817,0.929
8730,gcb8341.tif,0.491,3.263,0.580,1.164,416,428,71.565,0.807,1.443,0.693,0.703
8731,gcb8341.tif,1.219,4.129,0.899,1.429,402,418,104.931,1.196,1.216,0.822,0.909
8732,gcb8341.tif,1.075,3.815,0.929,1.455,565,433,71.565,1.012,1.349,0.741,0.924
8733,gcb8341.tif,1.685,5.799,0.630,2.098,786,418,105.255,1.384,1.435,0.697,0.814
8734,gcb8341.tif,1.626,4.681,0.932,1.659,467,419,109.440,1.288,1.213,0.824,0.939
8735,gcb8341.tif,1.533,5.018,0.765,1.808,584,429,14.744,1.333,1.306,0.766,0.856
8736,gcb8341.tif,0.415,2.298,0.988,0.906,533,426,23.962,0.644,1.395,0.717,0.899
8737,gcb8341.tif,5.293,13.124,0.386,4.432,614,421,94.764,2.117,2.440,0.410,0.780
8738,gcb8341.tif,0.415,2.352,0.943,0.873,660,421,108.435,0.644,1.278,0.782,0.907
8739,gcb8341.tif,1.321,4.367,0.870,1.610,516,424,120.964,1.104,1.462,0.684,0.923
8740,gcb8341.tif,0.915,4.066,0.695,1.610,833,428,149.036,0.856,1.973,0.507,0.834
8741,gcb8341.tif,2.981,8.052,0.578,2.823,415,455,70.974,1.739,1.683,0.594,0.821
8742,gcb8341.tif,0.178,1.485,1.000,0.582,333,427,108.435,0.460,1.282,0.780,0.857
8743,gcb8341.tif,0.195,1.517,1.000,0.589,682,427,128.660,0.460,1.008,0.992,0.958
8744,gcb8341.tif,0.466,2.742,0.778,1.123,551,428,124.992,0.658,1.686,0.593,0.866
8745,gcb8341.tif,0.296,2.114,0.834,0.786,384,437,69.444,0.552,1.378,0.726,0.854
8746,gcb8341.tif,0.991,3.662,0.928,1.318,503,429,114.775,1.012,1.261,0.793,0.932
8747,gcb8341.tif,0.051,0.781,1.000,0.332,306,432,33.690,0.260,1.291,0.775,0.800
8748,gcb8341.tif,0.051,1.041,0.589,0.460,825,435,36.870,0.255,2.558,0.391,0.571
8749,gcb8341.tif,1.592,6.265,0.510,2.277,289,435,165.964,1.295,2.342,0.427,0.716
8750,gcb8341.tif,0.059,1.041,0.687,0.412,537,436,63.435,0.276,1.280,0.781,0.700
8751,gcb8341.tif,1.211,4.183,0.870,1.589,578,433,100.008,1.012,1.478,0.676,0.914
8752,gcb8341.tif,3.625,7.639,0.780,2.654,647,454,33.690,1.919,1.393,0.718,0.916
8753,gcb8341.tif,2.447,5.992,0.857,2.247,450,438,124.992,1.523,1.441,0.694,0.931
8754,gcb8341.tif,0.686,3.164,0.861,1.200,368,450,57.529,0.828,1.327,0.753,0.926
8755,gcb8341.tif,2.049,5.561,0.833,1.897,519,446,157.166,1.546,1.209,0.827,0.895
8756,gcb8341.tif,1.634,5.224,0.753,2.043,326,444,125.838,1.141,1.835,0.545,0.902
8757,gcb8341.tif,0.135,1.485,0.772,0.664,401,441,123.690,0.390,1.930,0.518,0.744
8758,gcb8341.tif,0.508,2.850,0.786,1.200,592,444,122.471,0.640,1.909,0.524,0.876
8759,gcb8341.tif,0.567,2.666,1.000,0.947,553,445,119.055,0.828,1.057,0.946,0.931
8760,gcb8341.tif,0.652,3.012,0.903,1.153,380,446,118.610,0.736,1.414,0.707,0.939
8761,gcb8341.tif,1.228,7.055,0.310,2.430,490,469,52.696,1.106,2.778,0.360,0.587
8762,gcb8341.tif,1.016,4.259,0.704,1.589,831,456,10.008,0.889,1.898,0.527,0.839
8763,gcb8341.tif,0.305,2.015,0.943,0.823,393,450,116.565,0.460,1.555,0.643,0.960
8764,gcb8341.tif,1.431,4.520,0.880,1.736,429,466,57.995,1.171,1.555,0.643,0.914
8765,gcb8341.tif,3.455,10.413,0.400,3.974,473,450,95.315,1.379,3.534,0.283,0.760
8766,gcb8341.tif,0.364,2.222,0.927,0.823,289,459,63.435,0.644,1.213,0.824,0.887
8767,gcb8341.tif,0.093,1.095,0.976,0.460,807,452,126.870,0.349,1.328,0.753,0.815
8768,gcb8341.tif,0.178,1.409,1.000,0.537,586,455,120.964,0.460,1.000,1.000,0.913
8769,gcb8341.tif,0.398,2.374,0.887,0.947,665,461,29.055,0.644,1.325,0.755,0.879
8770,gcb8341.tif,0.263,1.854,0.960,0.742,628,457,119.745,0.552,1.313,0.762,0.886
8771,gcb8341.tif,0.500,3.761,0.444,1.573,757,457,110.556,0.611,3.484,0.287,0.674
8772,gcb8341.tif,0.144,2.136,0.396,0.920,676,458,143.130,0.325,3.349,0.299,0.596
8773,gcb8341.tif,7.334,15.942,0.363,5.571,541,460,120.801,2.485,2.712,0.369,0.743
8774,gcb8341.tif,0.059,0.835,1.000,0.332,717,461,123.690,0.276,1.069,0.936,0.875
8775,gcb8341.tif,1.778,6.773,0.487,2.431,502,478,29.476,1.462,2.071,0.483,0.723
8776,gcb8341.tif,0.390,2.190,1.000,0.868,457,463,122.005,0.651,1.353,0.739,0.893
8777,gcb8341.tif,0.508,2.590,0.952,0.947,370,464,119.055,0.736,1.235,0.810,0.923
8778,gcb8341.tif,0.263,1.854,0.960,0.670,797,464,105.945,0.552,1.012,0.988,0.873
8779,gcb8341.tif,0.085,1.019,1.000,0.460,482,469,53.130,0.276,1.559,0.641,0.909
8780,gcb8341.tif,0.271,1.907,0.936,0.719,564,472,39.806,0.552,1.283,0.779,0.877
8781,gcb8341.tif,0.119,1.225,0.993,0.537,635,472,59.036,0.368,1.371,0.729,0.848
8782,gcb8341.tif,0.559,2.666,0.988,0.978,599,469,131.186,0.828,1.081,0.925,0.917
8783,gcb8341.tif,0.169,1.723,0.717,0.742,662,468,119.745,0.407,2.176,0.460,0.741
8784,gcb8341.tif,4.226,11.315,0.415,3.498,667,505,54.638,2.188,1.781,0.561,0.763
8785,gcb8341.tif,0.229,1.777,0.910,0.701,814,473,113.199,0.460,1.396,0.716,0.885
8786,gcb8341.tif,4.675,10.220,0.562,3.831,428,474,114.102,1.787,2.462,0.406,0.840
8787,gcb8341.tif,0.288,1.907,0.994,0.742,619,474,119.745,0.552,1.183,0.846,0.907
8788,gcb8341.tif,1.075,6.459,0.324,2.409,642,474,96.582,0.828,4.065,0.246,0.694
8789,gcb8341.tif,0.186,1.723,0.788,0.701,334,476,113.199,0.368,1.559,0.641,0.880
8790,gcb8341.tif,0.550,2.796,0.885,1.073,488,486,59.036,0.781,1.362,0.734,0.884
8791,gcb8341.tif,1.304,4.389,0.851,1.631,594,482,106.390,1.195,1.444,0.693,0.890
8792,gcb8341.tif,0.381,2.374,0.850,0.873,653,488,18.435,0.715,1.261,0.793,0.826
8793,gcb8341.tif,1.668,6.158,0.553,2.416,766,484,107.745,1.070,2.432,0.411,0.828
8794,gcb8341.tif,0.296,1.907,1.000,0.742,455,492,60.255,0.552,1.189,0.841,0.921
8795,gcb8341.tif,0.068,1.041,0.785,0.412,322,488,153.435,0.276,1.218,0.821,0.762
8796,gcb8341.tif,0.906,4.237,0.634,1.487,519,505,68.199,0.920,1.819,0.550,0.820
8797,gcb8341.tif,1.177,6.405,0.361,2.058,484,512,63.435,1.122,2.048,0.488,0.616
8798,gcb8341.tif,0.212,1.593,1.000,0.617,531,498,63.435,0.460,1.147,0.872,0.909
8799,gcb8341.tif,0.932,5.408,0.400,2.058,166,505,26.565,0.936,2.760,0.362,0.651
8800,gcb8341.tif,1.457,4.919,0.756,1.813,696,495,113.962,1.104,1.795,0.557,0.896
8801,gcb8341.tif,0.212,2.298,0.504,0.925,864,497,95.711,0.451,2.548,0.393,0.685
8802,gcb8341.tif,1.643,6.068,0.561,2.591,219,502,163.496,1.012,2.859,0.350,0.872
8803,gcb8341.tif,0.339,2.222,0.862,0.947,280,511,60.945,0.535,1.879,0.532,0.899
8804,gcb8341.tif,0.356,2.145,0.971,0.792,545,504,125.538,0.644,1.061,0.943,0.933
8805,gcb8341.tif,1.490,5.040,0.737,1.697,633,520,40.601,1.376,1.279,0.782,0.830
8806,gcb8341.tif,0.821,5.583,0.331,1.610,616,508,149.036,0.976,1.882,0.531,0.653
8807,gcb8341.tif,0.110,1.485,0.627,0.664,652,508,146.310,0.325,2.641,0.379,0.667
8808,gcb8341.tif,0.119,1.355,0.811,0.537,595,513,30.964,0.390,1.421,0.704,0.778
8809,gcb8341.tif,0.178,1.539,0.943,0.651,271,516,45.000,0.455,1.415,0.707,0.857
8810,gcb8341.tif,1.838,6.275,0.587,2.478,519,535,68.199,1.073,2.667,0.375,0.853
8811,gcb8341.tif,4.497,16.342,0.212,5.436,462,513,123.959,1.766,3.078,0.325,0.599
8812,gcb8341.tif,0.144,1.670,0.649,0.664,910,511,123.690,0.453,1.692,0.591,0.739
8813,gcb8341.tif,3.015,8.985,0.469,3.009,664,512,113.429,2.155,1.721,0.581,0.699
8814,gcb8341.tif,1.050,4.205,0.746,1.697,579,514,130.601,1.037,1.972,0.507,0.844
8815,gcb8341.tif,0.381,2.244,0.951,0.873,389,523,71.565,0.644,1.394,0.717,0.882
8816,gcb8341.tif,0.771,3.240,0.922,1.228,430,514,102.995,0.828,1.297,0.771,0.919
8817,gcb8341.tif,0.068,0.835,1.000,0.390,508,517,135.000,0.276,1.229,0.814,0.941
8818,gcb8341.tif,0.068,0.835,1.000,0.390,813,521,45.000,0.276,1.229,0.814,0.941
8819,gcb8341.tif,1.008,3.739,0.906,1.327,414,519,123.690,1.104,1.070,0.935,0.915
8820,gcb8341.tif,0.135,1.279,1.000,0.521,550,520,135.000,0.368,1.150,0.869,0.889
8821,gcb8341.tif,0.068,1.095,0.710,0.496,735,520,158.199,0.247,2.350,0.425,0.727
8822,gcb8341.tif,1.973,6.925,0.517,2.103,560,521,113.199,1.741,1.209,0.827,0.733
8823,gcb8341.tif,0.821,3.555,0.817,1.380,485,524,126.870,0.854,1.699,0.589,0.898
8824,gcb8341.tif,0.135,1.409,0.857,0.589,775,528,38.660,0.390,1.529,0.654,0.842
8825,gcb8341.tif,1.245,4.237,0.871,1.455,270,537,55.305,1.196,1.097,0.912,0.910
8826,gcb8341.tif,0.550,4.075,0.417,1.589,400,524,100.008,0.552,3.298,0.303,0.722
8827,gcb8341.tif,0.593,3.240,0.709,1.153,694,531,28.610,0.829,1.396,0.716,0.833
8828,gcb8341.tif,4.048,10.816,0.435,3.773,541,526,102.680,1.886,2.174,0.460,0.771
8829,gcb8341.tif,7.037,18.774,0.251,6.632,475,591,60.945,2.219,4.108,0.243,0.565
8830,gcb8341.tif,0.661,3.056,0.889,1.235,620,540,63.435,0.805,1.625,0.615,0.902
8831,gcb8341.tif,1.219,4.336,0.815,1.455,603,545,71.565,1.193,1.229,0.814,0.909
8832,gcb8341.tif,0.102,1.149,0.967,0.460,769,532,126.870,0.368,1.218,0.821,0.889
8833,gcb8341.tif,0.229,1.907,0.790,0.781,650,539,45.000,0.552,1.428,0.700,0.818
8834,gcb8341.tif,2.405,7.055,0.607,2.512,444,561,81.573,1.560,1.857,0.539,0.802
8835,gcb8341.tif,0.339,2.038,1.000,0.742,375,535,119.745,0.644,1.045,0.957,0.920
8836,gcb8341.tif,0.872,3.793,0.762,1.487,579,543,21.801,0.826,1.949,0.513,0.888
8837,gcb8341.tif,0.237,1.670,1.000,0.664,465,536,123.690,0.552,1.220,0.820,0.889
8838,gcb8341.tif,2.354,7.725,0.496,3.059,783,538,111.161,1.332,2.559,0.391,0.759
8839,gcb8341.tif,0.195,1.539,1.000,0.617,425,543,26.565,0.460,1.182,0.846,0.885
8840,gcb8341.tif,0.584,2.980,0.827,1.112,687,539,114.444,0.736,1.544,0.648,0.890
8841,gcb8341.tif,0.288,1.984,0.919,0.759,717,539,104.036,0.552,1.418,0.705,0.861
8842,gcb8341.tif,0.246,1.777,0.977,0.664,843,540,146.310,0.552,1.037,0.964,0.906
8843,gcb8341.tif,0.161,1.876,0.575,0.617,909,541,116.565,0.453,1.452,0.689,0.717
8844,gcb8341.tif,0.999,3.685,0.925,1.359,404,542,118.301,1.097,1.269,0.788,0.915
8845,gcb8341.tif,0.220,1.854,0.805,0.848,700,542,139.399,0.455,1.949,0.513,0.852
8846,gcb8341.tif,0.169,1.723,0.717,0.701,659,548,23.199,0.412,1.646,0.608,0.784
8847,gcb8341.tif,0.364,2.168,0.974,0.823,613,552,26.565,0.644,1.120,0.893,0.887
8848,gcb8341.tif,1.296,4.367,0.854,1.659,560,565,70.560,1.104,1.574,0.635,0.916
8849,gcb8341.tif,0.652,3.003,0.909,1.112,363,549,114.444,0.905,1.291,0.774,0.890
8850,gcb8341.tif,1.143,3.999,0.898,1.487,589,550,111.801,1.101,1.355,0.738,0.906
8851,gcb8341.tif,2.041,8.182,0.383,2.632,658,573,53.531,1.628,1.646,0.607,0.693
8852,gcb8341.tif,0.449,2.536,0.877,0.991,756,550,111.801,0.644,1.573,0.636,0.883
8853,gcb8341.tif,1.888,5.408,0.811,1.950,386,571,70.710,1.394,1.473,0.679,0.883
8854,gcb8341.tif,0.932,4.910,0.486,1.922,711,552,106.699,0.899,2.747,0.364,0.731
8855,gcb8341.tif,0.296,2.145,0.809,0.848,346,554,102.529,0.460,1.603,0.624,0.897
8856,gcb8341.tif,0.051,1.041,0.589,0.412,700,558,63.435,0.276,1.539,0.650,0.632
8857,gcb8341.tif,0.330,2.841,0.514,1.049,429,562,15.255,0.640,1.749,0.572,0.619
8858,gcb8341.tif,0.051,0.781,1.000,0.332,574,559,123.690,0.260,1.291,0.775,0.800
8859,gcb8341.tif,0.373,2.504,0.747,0.995,741,562,146.310,0.647,1.387,0.721,0.807
8860,gcb8341.tif,0.737,3.555,0.733,1.200,771,572,57.529,1.012,1.115,0.897,0.845
8861,gcb8341.tif,0.068,0.835,1.000,0.390,481,565,45.000,0.276,1.229,0.814,0.941
8862,gcb8341.tif,0.525,2.666,0.928,1.049,372,574,74.745,0.644,1.504,0.665,0.919
8863,gcb8341.tif,0.263,1.984,0.838,0.823,579,563,116.565,0.513,1.672,0.598,0.827
8864,gcb8341.tif,1.050,5.332,0.464,2.103,625,563,113.199,0.904,3.255,0.307,0.707
8865,gcb8341.tif,1.651,4.704,0.938,1.659,534,564,109.440,1.380,1.166,0.857,0.926
8866,gcb8341.tif,0.313,2.168,0.838,0.868,354,566,122.005,0.552,1.373,0.728,0.892
8867,gcb8341.tif,1.338,4.421,0.860,1.509,592,583,37.569,1.288,1.070,0.935,0.911
8868,gcb8341.tif,0.593,2.774,0.968,1.073,345,572,120.964,0.736,1.284,0.779,0.952
8869,gcb8341.tif,0.974,4.389,0.635,1.509,645,572,127.569,1.161,1.050,0.952,0.785
8870,gcb8341.tif,3.472,13.038,0.257,3.584,552,576,119.197,2.590,1.366,0.732,0.574
8871,gcb8341.tif,0.288,2.038,0.871,0.742,684,576,119.745,0.644,1.017,0.983,0.840
8872,gcb8341.tif,0.212,1.907,0.731,0.792,803,586,54.462,0.536,1.241,0.806,0.781
8873,gcb8341.tif,0.432,2.298,1.000,0.823,384,582,153.435,0.736,1.036,0.965,0.919
8874,gcb8341.tif,0.068,0.965,0.914,0.412,897,584,63.435,0.276,1.605,0.623,0.800
8875,gcb8341.tif,1.075,4.075,0.814,1.498,405,582,100.620,1.012,1.419,0.705,0.891
8876,gcb8341.tif,1.397,4.780,0.769,1.840,613,584,126.870,1.117,1.936,0.517,0.848
8877,gcb8341.tif,0.322,2.136,0.886,0.823,665,584,116.565,0.586,1.529,0.654,0.844
8878,gcb8341.tif,1.033,3.815,0.892,1.455,357,588,161.565,1.012,1.395,0.717,0.904
8879,gcb8341.tif,1.592,5.992,0.557,2.564,190,587,158.962,0.893,3.206,0.312,0.881
8880,gcb8341.tif,0.102,1.041,1.000,0.412,509,586,116.565,0.368,1.000,1.000,0.857
8881,gcb8341.tif,1.829,5.170,0.860,1.922,545,608,73.301,1.399,1.309,0.764,0.925
8882,gcb8341.tif,1.287,5.830,0.476,2.148,678,588,99.866,1.086,2.692,0.371,0.724
8883,gcb8341.tif,0.068,0.965,0.914,0.460,134,589,126.870,0.260,1.939,0.516,0.842
8884,gcb8341.tif,0.110,1.225,0.922,0.521,419,589,135.000,0.368,1.452,0.688,0.812
8885,gcb8341.tif,0.051,0.835,0.916,0.390,827,590,135.000,0.260,1.593,0.628,0.857
8886,gcb8341.tif,0.440,2.634,0.797,0.961,378,592,106.699,0.736,1.408,0.710,0.825
8887,gcb8341.tif,0.102,1.149,0.967,0.521,647,596,45.000,0.349,1.481,0.675,0.857
8888,gcb8341.tif,0.296,1.854,1.000,0.742,700,592,119.745,0.552,1.201,0.833,0.921
8889,gcb8341.tif,0.195,2.114,0.548,0.786,105,595,159.444,0.510,1.599,0.626,0.676
8890,gcb8341.tif,0.576,2.872,0.877,0.995,716,595,123.690,0.883,1.125,0.889,0.866
8891,gcb8341.tif,0.271,1.831,1.000,0.719,602,597,129.806,0.552,1.128,0.886,0.941
8892,gcb8341.tif,12.042,26.337,0.218,6.361,825,627,14.237,5.058,1.462,0.684,0.518
8893,gcb8341.tif,0.948,3.783,0.833,1.429,493,598,104.931,1.048,1.243,0.805,0.872
8894,gcb8341.tif,0.821,3.609,0.793,1.359,577,611,61.699,0.920,1.299,0.770,0.898
8895,gcb8341.tif,2.210,9.048,0.339,3.425,624,630,59.300,1.198,3.877,0.258,0.673
8896,gcb8341.tif,1.372,5.853,0.503,2.308,655,622,66.501,1.048,2.476,0.404,0.761
8897,gcb8341.tif,0.059,0.781,1.000,0.390,690,603,45.000,0.260,1.596,0.626,0.875
8898,gcb8341.tif,1.270,4.443,0.809,1.697,319,601,102.529,1.104,1.488,0.672,0.896
8899,gcb8341.tif,1.778,7.957,0.353,2.416,345,615,17.745,1.559,1.891,0.529,0.645
8900,gcb8341.tif,0.635,3.447,0.672,1.405,291,616,58.392,0.754,1.972,0.507,0.811
8901,gcb8341.tif,0.186,1.539,0.988,0.617,422,603,116.565,0.460,1.276,0.784,0.863
8902,gcb8341.tif,0.677,3.196,0.834,1.282,505,608,158.962,0.644,1.942,0.515,0.941
8903,gcb8341.tif,0.965,3.577,0.948,1.318,400,609,114.775,1.104,1.177,0.850,0.912
8904,gcb8341.tif,0.898,4.596,0.534,1.646,420,621,26.565,1.070,1.826,0.548,0.711
8905,gcb8341.tif,2.676,8.074,0.516,2.545,589,610,130.601,1.856,1.303,0.768,0.807
8906,gcb8341.tif,0.440,2.612,0.811,0.961,619,621,73.301,0.644,1.406,0.711,0.897
8907,gcb8341.tif,0.085,1.095,0.887,0.521,575,612,135.000,0.325,1.864,0.537,0.800
8908,gcb8341.tif,0.584,2.796,0.939,1.029,714,622,63.435,0.828,1.065,0.939,0.908
8909,gcb8341.tif,0.068,0.965,0.914,0.460,770,612,126.870,0.260,1.939,0.516,0.842
8910,gcb8341.tif,0.212,2.060,0.627,0.719,560,613,129.806,0.552,1.178,0.849,0.781
8911,gcb8341.tif,0.593,2.872,0.903,1.178,261,617,128.660,0.741,1.653,0.605,0.903
8912,gcb8341.tif,4.437,12.689,0.346,3.915,669,656,66.448,2.517,1.877,0.533,0.618
8913,gcb8341.tif,0.559,2.742,0.934,0.991,459,620,111.801,0.823,1.162,0.861,0.898
8914,gcb8341.tif,0.593,2.796,0.953,1.077,669,620,109.983,0.736,1.388,0.721,0.921
8915,gcb8341.tif,0.821,3.501,0.842,1.327,800,629,33.690,0.908,1.445,0.692,0.890
8916,gcb8341.tif,0.152,1.670,0.687,0.589,544,626,38.660,0.460,1.157,0.864,0.800
8917,gcb8341.tif,0.178,1.670,0.802,0.701,445,623,156.801,0.453,1.563,0.640,0.808
8918,gcb8341.tif,0.237,2.190,0.621,0.920,520,622,126.870,0.494,2.058,0.486,0.747
8919,gcb8341.tif,2.210,7.163,0.541,2.632,572,623,126.469,1.270,2.452,0.408,0.778
8920,gcb8341.tif,0.110,1.225,0.922,0.469,280,623,101.310,0.368,1.145,0.874,0.812
8921,gcb8341.tif,2.422,7.078,0.608,2.512,648,652,81.573,1.433,1.899,0.527,0.835
8922,gcb8341.tif,0.508,3.187,0.629,1.252,703,625,107.103,0.686,2.008,0.498,0.789
8923,gcb8341.tif,0.559,2.688,0.972,1.049,501,636,52.125,0.781,1.331,0.751,0.904
8924,gcb8341.tif,1.567,6.503,0.466,2.317,395,628,96.843,1.187,2.214,0.452,0.744
8925,gcb8341.tif,1.668,6.481,0.499,2.182,749,629,117.646,1.673,1.154,0.867,0.702
8926,gcb8341.tif,0.085,1.041,0.982,0.412,272,631,153.435,0.368,1.346,0.743,0.769
8927,gcb8341.tif,1.990,5.148,0.944,1.777,549,649,68.749,1.564,1.059,0.944,0.940
8928,gcb8341.tif,0.161,1.409,1.000,0.537,632,632,149.036,0.460,1.044,0.958,0.884
8929,gcb8341.tif,1.059,3.977,0.841,1.523,614,649,64.983,0.982,1.604,0.623,0.912
8930,gcb8341.tif,0.330,2.428,0.704,0.995,419,636,123.690,0.644,1.496,0.669,0.780
8931,gcb8341.tif,0.220,1.930,0.743,0.719,822,636,140.194,0.552,1.077,0.929,0.812
8932,gcb8341.tif,0.381,2.168,1.000,0.823,291,638,116.565,0.644,1.166,0.858,0.909
8933,gcb8341.tif,3.243,10.619,0.361,3.304,481,643,102.875,2.092,1.689,0.592,0.664
8934,gcb8341.tif,2.032,7.024,0.518,2.512,628,670,81.573,1.324,2.016,0.496,0.805
8935,gcb8341.tif,1.279,5.332,0.565,1.877,596,664,78.690,1.070,2.020,0.495,0.742
8936,gcb8341.tif,1.922,5.624,0.764,2.125,825,646,94.970,1.288,1.599,0.625,0.901
8937,gcb8341.tif,9.552,18.249,0.360,5.516,685,703,62.152,3.255,1.887,0.530,0.737
8938,gcb8341.tif,0.542,3.240,0.649,1.301,883,649,98.130,0.639,2.350,0.426,0.795
8939,gcb8341.tif,2.380,5.700,0.920,2.125,413,673,72.350,1.472,1.361,0.735,0.949
8940,gcb8341.tif,0.559,2.850,0.865,1.077,347,653,109.983,0.736,1.423,0.703,0.874
8941,gcb8341.tif,0.364,2.168,0.974,0.848,397,654,130.601,0.644,1.240,0.806,0.905
8942,gcb8341.tif,0.127,1.355,0.869,0.651,752,655,135.000,0.325,2.128,0.470,0.833
8943,gcb8341.tif,0.178,1.930,0.600,0.759,434,659,165.964,0.460,1.589,0.629,0.737
8944,gcb8341.tif,0.102,1.041,1.000,0.460,276,657,126.870,0.368,1.281,0.781,0.857
8945,gcb8341.tif,0.347,2.872,0.529,1.029,445,659,100.305,0.552,1.777,0.563,0.766
8946,gcb8341.tif,0.237,1.907,0.819,0.823,182,668,63.435,0.451,1.964,0.509,0.862
8947,gcb8341.tif,0.432,2.796,0.694,1.112,731,660,114.444,0.552,2.163,0.462,0.864
8948,gcb8341.tif,0.051,0.835,0.916,0.332,788,660,123.690,0.276,1.124,0.890,0.800
8949,gcb8341.tif,0.127,1.333,0.898,0.589,661,661,128.660,0.368,1.448,0.691,0.882
8950,gcb8341.tif,0.390,2.949,0.563,1.238,202,673,48.013,0.586,2.267,0.441,0.780
8951,gcb8341.tif,0.559,3.209,0.682,1.282,800,663,111.038,0.741,2.100,0.476,0.800
8952,gcb8341.tif,0.237,1.746,0.978,0.701,590,669,23.199,0.521,1.391,0.719,0.862
8953,gcb8341.tif,0.135,1.539,0.719,0.589,615,665,128.660,0.433,1.184,0.844,0.727
8954,gcb8341.tif,0.305,2.060,0.903,0.823,214,672,26.565,0.576,1.478,0.677,0.837
8955,gcb8341.tif,0.203,1.647,0.941,0.664,268,672,56.310,0.460,1.359,0.736,0.906
8956,gcb8341.tif,0.915,5.148,0.434,1.950,762,670,160.710,1.012,2.230,0.449,0.669
8957,gcb8341.tif,0.313,2.428,0.668,1.029,308,671,10.305,0.460,2.359,0.424,0.822
8958,gcb8341.tif,0.423,2.352,0.962,0.873,603,667,108.435,0.644,1.255,0.797,0.909
8959,gcb8341.tif,7.020,16.368,0.329,4.860,267,692,161.222,3.783,1.545,0.647,0.587
8960,gcb8341.tif,1.507,8.312,0.274,2.187,673,693,75.379,1.619,1.445,0.692,0.578
8961,gcb8341.tif,0.263,2.092,0.754,0.848,475,671,102.529,0.460,1.904,0.525,0.827
8962,gcb8341.tif,0.127,1.301,0.942,0.537,354,676,30.964,0.390,1.287,0.777,0.789
8963,gcb8341.tif,0.288,1.961,0.941,0.823,450,673,116.565,0.460,1.564,0.639,0.932
8964,gcb8341.tif,5.674,12.213,0.478,4.201,420,676,118.811,2.392,2.074,0.482,0.763
8965,gcb8341.tif,0.110,1.149,1.000,0.460,590,676,126.870,0.368,1.148,0.871,0.897
8966,gcb8341.tif,0.127,1.409,0.804,0.582,162,678,161.565,0.368,1.470,0.680,0.789
8967,gcb8341.tif,0.296,2.374,0.661,0.792,231,680,144.462,0.644,1.125,0.889,0.769
8968,gcb8341.tif,0.068,0.965,0.914,0.412,386,684,153.435,0.276,1.554,0.644,0.800
8969,gcb8341.tif,0.644,2.850,0.996,1.029,467,686,153.435,0.828,1.100,0.909,0.938
8970,gcb8341.tif,0.186,1.670,0.840,0.701,729,685,156.801,0.460,1.574,0.635,0.815
8971,gcb8341.tif,1.736,5.830,0.642,2.148,635,687,136.736,1.431,1.440,0.694,0.837
8972,gcb8341.tif,1.042,4.897,0.546,2.043,740,708,82.235,0.736,3.170,0.315,0.857
8973,gcb8341.tif,0.771,4.205,0.548,1.679,826,686,99.462,0.736,2.557,0.391,0.812
8974,gcb8341.tif,0.398,2.428,0.848,0.991,876,696,68.199,0.644,1.572,0.636,0.855
8975,gcb8341.tif,0.102,1.225,0.851,0.469,230,690,168.690,0.368,1.292,0.774,0.774
8976,gcb8341.tif,0.068,1.095,0.710,0.460,765,688,126.870,0.349,1.267,0.789,0.667
8977,gcb8341.tif,1.042,4.888,0.548,2.018,559,690,114.228,0.948,2.386,0.419,0.774
8978,gcb8341.tif,0.254,1.831,0.952,0.792,616,690,125.538,0.460,1.454,0.688,0.938
8979,gcb8341.tif,2.464,6.938,0.643,2.683,396,691,112.166,1.302,2.297,0.435,0.829
8980,gcb8341.tif,0.135,1.301,1.000,0.537,456,691,120.964,0.390,1.452,0.689,0.821
8981,gcb8341.tif,1.431,4.573,0.860,1.679,602,691,99.462,1.196,1.354,0.739,0.906
8982,gcb8341.tif,1.135,4.659,0.657,1.808,238,714,75.256,0.828,2.085,0.480,0.893
8983,gcb8341.tif,0.754,3.164,0.946,1.235,626,695,116.565,0.828,1.386,0.722,0.937
8984,gcb8341.tif,0.110,1.095,1.000,0.460,814,698,36.870,0.368,1.159,0.863,0.897
8985,gcb8341.tif,0.677,4.434,0.433,1.567,171,697,139.764,0.773,1.866,0.536,0.711
8986,gcb8341.tif,1.550,4.659,0.897,1.777,578,696,111.251,1.104,1.481,0.675,0.948
8987,gcb8341.tif,0.110,1.095,1.000,0.460,415,698,126.870,0.368,1.159,0.863,0.897
8988,gcb8341.tif,0.212,1.723,0.896,0.701,665,699,156.801,0.460,1.425,0.702,0.877
8989,gcb8341.tif,0.229,1.800,0.887,0.742,769,704,29.745,0.521,1.477,0.677,0.844
8990,gcb8341.tif,1.169,5.072,0.571,2.212,150,700,106.928,0.888,2.807,0.356,0.857
8991,gcb8341.tif,0.813,3.555,0.809,1.429,290,701,104.931,0.828,1.822,0.549,0.889
8992,gcb8341.tif,0.534,2.796,0.858,1.049,326,708,105.255,0.736,1.386,0.721,0.894
8993,gcb8341.tif,0.364,2.168,0.974,0.848,384,709,130.601,0.644,1.222,0.818,0.896
8994,gcb8341.tif,0.085,0.965,1.000,0.412,568,711,116.565,0.276,1.327,0.753,0.909
8995,gcb8341.tif,0.237,1.670,1.000,0.664,685,714,123.690,0.552,1.199,0.834,0.889
8996,gcb8341.tif,0.406,2.298,0.967,0.823,595,715,116.565,0.736,1.062,0.941,0.897
8997,gcb8341.tif,0.203,1.571,1.000,0.651,371,716,135.000,0.460,1.091,0.916,0.980
8998,gcb8344.tif,0.406,2.374,0.906,0.978,814,2,138.814,0.651,1.495,0.669,0.873
8999,gcb8344.tif,0.779,3.523,0.789,1.252,606,2,107.103,0.970,1.383,0.723,0.848
9000,gcb8344.tif,0.381,2.276,0.925,0.868,628,2,122.005,0.644,1.185,0.844,0.900
9001,gcb8344.tif,1.728,5.094,0.837,1.815,691,15,30.466,1.358,1.371,0.729,0.899
9002,gcb8344.tif,1.313,4.237,0.919,1.543,642,20,72.646,1.104,1.331,0.751,0.934
9003,gcb8344.tif,9.248,20.062,0.289,5.740,278,37,12.031,3.462,1.905,0.525,0.635
9004,gcb8344.tif,0.474,2.482,0.967,0.961,661,25,73.301,0.644,1.358,0.737,0.918
9005,gcb8344.tif,1.584,5.929,0.566,2.098,717,17,164.745,1.220,2.017,0.496,0.794
9006,gcb8344.tif,2.507,7.706,0.530,2.708,614,46,80.218,1.564,1.820,0.549,0.787
9007,gcb8344.tif,0.102,1.041,1.000,0.412,602,20,116.565,0.368,1.000,1.000,0.857
9008,gcb8344.tif,2.871,8.433,0.507,3.190,550,24,123.232,1.491,2.401,0.417,0.783
9009,gcb8344.tif,0.550,2.698,0.951,0.995,667,37,56.310,0.736,1.112,0.899,0.949
9010,gcb8344.tif,0.855,4.161,0.621,1.770,130,29,98.973,0.670,2.878,0.347,0.878
9011,gcb8344.tif,0.915,5.170,0.430,2.187,239,29,112.249,0.733,3.609,0.277,0.740
9012,gcb8344.tif,0.229,1.701,0.993,0.664,652,34,33.690,0.460,1.172,0.853,0.947
9013,gcb8344.tif,5.682,17.221,0.241,5.803,533,32,104.697,2.276,2.882,0.347,0.613
9014,gcb8344.tif,0.415,3.079,0.550,1.164,482,36,161.565,0.592,2.335,0.428,0.760
9015,gcb8344.tif,5.225,12.410,0.426,3.995,481,66,38.454,2.180,1.979,0.505,0.747
9016,gcb8344.tif,0.889,4.183,0.639,1.787,845,55,78.111,0.736,2.583,0.387,0.882
9017,gcb8344.tif,0.542,2.850,0.838,1.077,581,37,109.983,0.736,1.579,0.633,0.877
9018,gcb8344.tif,0.881,3.685,0.815,1.359,316,51,61.699,0.920,1.374,0.728,0.893
9019,gcb8344.tif,0.347,2.222,0.884,0.848,641,47,49.399,0.644,1.240,0.806,0.863
9020,gcb8344.tif,0.584,4.151,0.426,1.518,651,58,75.964,0.696,2.749,0.364,0.704
9021,gcb8344.tif,0.644,3.707,0.589,1.368,593,57,70.346,0.782,1.887,0.530,0.764
9022,gcb8344.tif,1.490,5.193,0.695,1.952,306,44,98.130,1.235,1.497,0.668,0.880
9023,gcb8344.tif,0.203,1.593,1.000,0.617,273,53,63.435,0.460,1.163,0.860,0.889
9024,gcb8344.tif,0.212,2.612,0.390,0.792,688,51,125.538,0.552,1.485,0.673,0.725
9025,gcb8344.tif,0.610,3.164,0.765,1.301,800,51,98.130,0.644,2.036,0.491,0.889
9026,gcb8344.tif,0.415,2.352,0.943,0.906,367,62,66.038,0.644,1.372,0.729,0.899
9027,gcb8344.tif,0.102,1.355,0.695,0.496,686,59,68.199,0.390,1.166,0.858,0.667
9028,gcb8344.tif,1.617,7.608,0.351,2.545,551,62,167.471,1.355,2.310,0.433,0.644
9029,gcb8344.tif,0.423,2.612,0.780,1.049,261,63,142.125,0.651,1.840,0.544,0.800
9030,gcb8344.tif,0.932,3.631,0.888,1.282,378,62,111.038,1.012,1.150,0.869,0.917
9031,gcb8344.tif,1.474,6.687,0.414,2.103,276,64,113.199,1.598,1.721,0.581,0.677
9032,gcb8344.tif,0.474,2.536,0.927,1.029,846,74,63.435,0.644,1.525,0.656,0.926
9033,gcb8344.tif,1.626,6.513,0.482,2.925,117,69,114.146,0.824,3.877,0.258,0.877
9034,gcb8344.tif,0.161,1.355,1.000,0.537,671,70,120.964,0.453,1.179,0.848,0.864
9035,gcb8344.tif,0.068,1.225,0.567,0.537,693,75,59.036,0.255,2.838,0.352,0.667
9036,gcb8344.tif,0.330,2.038,1.000,0.792,604,71,125.538,0.644,1.170,0.855,0.918
9037,gcb8344.tif,0.728,3.088,0.960,1.123,586,73,124.992,0.828,1.234,0.811,0.945
9038,gcb8344.tif,0.296,2.222,0.755,0.848,684,78,40.601,0.644,1.358,0.736,0.795
9039,gcb8344.tif,0.263,1.854,0.960,0.719,706,73,129.806,0.552,1.204,0.831,0.861
9040,gcb8344.tif,1.008,5.278,0.455,2.241,730,72,109.179,0.787,3.413,0.293,0.770
9041,gcb8344.tif,3.226,7.706,0.683,2.670,475,90,178.025,1.886,1.536,0.651,0.848
9042,gcb8344.tif,0.178,1.485,1.000,0.582,576,78,108.435,0.460,1.116,0.896,0.857
9043,gcb8344.tif,0.203,1.961,0.664,0.823,269,79,116.565,0.368,2.326,0.430,0.800
9044,gcb8344.tif,0.085,0.965,1.000,0.412,449,80,116.565,0.276,1.327,0.753,0.909
9045,gcb8344.tif,0.178,1.409,1.000,0.537,381,81,120.964,0.460,1.000,1.000,0.913
9046,gcb8344.tif,0.059,0.835,1.000,0.390,95,82,135.000,0.276,1.380,0.725,0.875
9047,gcb8344.tif,5.445,15.570,0.282,4.390,298,94,146.976,3.292,1.747,0.572,0.547
9048,gcb8344.tif,1.092,3.923,0.892,1.405,560,101,58.392,1.104,1.178,0.849,0.912
9049,gcb8344.tif,0.779,3.999,0.612,1.607,272,88,103.241,0.820,2.015,0.496,0.836
9050,gcb8344.tif,0.872,3.609,0.842,1.380,392,100,36.870,1.031,1.412,0.708,0.904
9051,gcb8344.tif,2.236,6.513,0.662,2.450,582,92,145.713,1.515,1.895,0.528,0.816
9052,gcb8344.tif,0.390,2.872,0.593,1.235,405,92,116.565,0.573,2.194,0.456,0.786
9053,gcb8344.tif,0.457,2.536,0.894,1.029,656,104,63.435,0.640,1.647,0.607,0.900
9054,gcb8344.tif,0.821,3.425,0.880,1.278,680,96,120.256,0.920,1.328,0.753,0.890
9055,gcb8344.tif,0.085,1.041,0.982,0.412,731,98,116.565,0.325,1.241,0.806,0.800
9056,gcb8344.tif,0.745,3.240,0.892,1.228,628,114,77.005,0.828,1.465,0.683,0.903
9057,gcb8344.tif,0.144,1.616,0.693,0.719,760,102,129.806,0.325,2.628,0.380,0.739
9058,gcb8344.tif,2.007,6.068,0.685,2.239,417,127,80.538,1.380,1.809,0.553,0.837
9059,gcb8344.tif,0.542,2.828,0.852,1.112,665,115,65.556,0.644,1.437,0.696,0.928
9060,gcb8344.tif,0.347,2.092,0.997,0.848,203,105,130.601,0.644,1.298,0.770,0.932
9061,gcb8344.tif,1.905,7.531,0.422,3.009,214,120,23.429,1.027,3.384,0.296,0.745
9062,gcb8344.tif,0.178,1.670,0.802,0.719,566,107,140.194,0.453,1.608,0.622,0.808
9063,gcb8344.tif,0.330,2.114,0.929,0.823,613,108,116.565,0.552,1.365,0.733,0.897
9064,gcb8344.tif,0.059,0.835,1.000,0.332,738,108,123.690,0.276,1.069,0.936,0.875
9065,gcb8344.tif,0.169,1.539,0.898,0.617,554,114,116.565,0.455,1.354,0.738,0.851
9066,gcb8344.tif,0.906,3.577,0.890,1.327,360,124,33.690,1.012,1.312,0.762,0.907
9067,gcb8344.tif,0.737,3.133,0.943,1.123,438,118,124.992,0.970,1.144,0.874,0.892
9068,gcb8344.tif,0.711,3.133,0.911,1.123,681,118,124.992,0.920,1.139,0.878,0.880
9069,gcb8344.tif,2.244,6.395,0.689,2.346,575,138,25.560,1.436,1.760,0.568,0.841
9070,gcb8344.tif,0.356,2.168,0.951,0.868,304,130,57.995,0.644,1.306,0.766,0.894
9071,gcb8344.tif,1.770,7.544,0.391,2.256,607,146,78.232,1.540,1.482,0.675,0.722
9072,gcb8344.tif,0.576,2.882,0.871,1.153,347,123,118.610,0.644,1.652,0.605,0.944
9073,gcb8344.tif,0.406,2.450,0.851,0.938,377,124,101.310,0.684,1.374,0.728,0.835
9074,gcb8344.tif,0.889,3.425,0.953,1.252,541,138,53.973,1.012,1.128,0.886,0.917
9075,gcb8344.tif,1.059,4.183,0.760,1.770,129,130,171.027,0.828,2.238,0.447,0.899
9076,gcb8344.tif,5.521,9.937,0.703,3.065,392,157,41.348,2.656,1.053,0.949,0.897
9077,gcb8344.tif,0.762,3.707,0.697,1.607,103,131,156.371,0.741,2.277,0.439,0.874
9078,gcb8344.tif,1.330,4.282,0.911,1.532,306,132,122.735,1.236,1.285,0.778,0.895
9079,gcb8344.tif,0.601,3.739,0.541,1.408,506,134,168.690,0.619,2.770,0.361,0.751
9080,gcb8344.tif,6.114,13.124,0.446,3.794,424,145,157.166,3.028,1.664,0.601,0.721
9081,gcb8344.tif,0.085,1.019,1.000,0.412,462,135,153.435,0.276,1.236,0.809,0.909
9082,gcb8344.tif,0.457,2.482,0.933,0.995,591,144,56.310,0.689,1.474,0.678,0.908
9083,gcb8344.tif,1.355,5.507,0.561,2.010,492,157,74.055,1.200,2.053,0.487,0.748
9084,gcb8344.tif,0.771,3.110,1.000,1.196,567,142,112.620,0.828,1.300,0.769,0.943
9085,gcb8344.tif,0.635,2.850,0.983,1.073,529,143,120.964,0.828,1.203,0.831,0.938
9086,gcb8344.tif,0.491,3.263,0.580,1.340,298,144,105.945,0.626,2.335,0.428,0.753
9087,gcb8344.tif,0.474,2.666,0.838,1.073,324,144,120.964,0.704,1.535,0.652,0.875
9088,gcb8344.tif,0.152,2.006,0.476,0.701,554,144,113.199,0.460,1.579,0.633,0.667
9089,gcb8344.tif,0.313,2.114,0.881,0.868,767,152,57.995,0.586,1.613,0.620,0.851
9090,gcb8344.tif,0.381,2.980,0.539,1.138,783,144,104.036,0.552,2.331,0.429,0.783
9091,gcb8344.tif,0.237,1.723,1.000,0.701,246,146,113.199,0.460,1.451,0.689,0.903
9092,gcb8344.tif,1.380,5.354,0.605,2.273,337,147,148.241,0.947,2.535,0.395,0.881
9093,gcb8344.tif,0.186,1.463,1.000,0.589,579,148,128.660,0.460,1.101,0.908,0.936
9094,gcb8344.tif,0.957,4.336,0.640,1.697,697,148,130.601,0.970,2.151,0.465,0.779
9095,gcb8344.tif,0.229,1.670,1.000,0.617,509,150,153.435,0.552,1.092,0.916,0.885
9096,gcb8344.tif,0.110,1.149,1.000,0.460,616,149,143.130,0.368,1.148,0.871,0.897
9097,gcb8344.tif,6.123,17.589,0.249,5.641,375,212,84.382,2.209,2.835,0.353,0.613
9098,gcb8344.tif,0.085,1.225,0.709,0.460,726,151,126.870,0.368,1.094,0.914,0.769
9099,gcb8344.tif,2.176,8.052,0.422,2.430,475,153,127.304,1.455,2.028,0.493,0.743
9100,gcb8344.tif,10.797,17.599,0.438,5.902,578,213,59.036,3.182,2.209,0.453,0.731
9101,gcb8344.tif,0.051,0.781,1.000,0.332,628,161,33.690,0.260,1.291,0.775,0.800
9102,gcb8344.tif,0.161,1.539,0.853,0.617,407,165,63.435,0.437,1.569,0.637,0.826
9103,gcb8344.tif,0.330,2.168,0.883,0.873,425,169,71.565,0.552,1.591,0.628,0.886
9104,gcb8344.tif,0.127,1.463,0.746,0.664,546,160,123.690,0.368,1.793,0.558,0.833
9105,gcb8344.tif,9.790,23.940,0.215,6.786,272,175,159.353,3.413,2.429,0.412,0.616
9106,gcb8344.tif,0.915,4.282,0.627,1.368,387,176,47.726,1.083,1.181,0.847,0.809
9107,gcb8344.tif,3.294,8.801,0.534,3.254,503,164,151.260,1.747,2.076,0.482,0.773
9108,gcb8344.tif,3.768,10.013,0.472,3.747,547,181,24.677,1.669,2.918,0.343,0.759
9109,gcb8344.tif,0.398,2.796,0.640,1.123,631,172,34.992,0.632,1.693,0.591,0.764
9110,gcb8344.tif,0.246,1.961,0.802,0.848,236,166,167.471,0.368,2.082,0.480,0.906
9111,gcb8344.tif,0.745,3.164,0.935,1.200,649,168,122.471,0.920,1.207,0.828,0.912
9112,gcb8344.tif,0.745,4.259,0.516,1.518,698,176,14.036,0.888,2.238,0.447,0.688
9113,gcb8344.tif,4.776,16.593,0.218,4.387,406,169,99.660,2.496,2.194,0.456,0.581
9114,gcb8344.tif,0.381,2.298,0.907,0.920,198,171,126.870,0.640,1.466,0.682,0.874
9115,gcb8344.tif,1.143,4.291,0.780,1.631,463,170,106.390,1.012,1.702,0.588,0.897
9116,gcb8344.tif,0.085,1.095,0.887,0.521,691,174,45.000,0.325,1.864,0.537,0.800
9117,gcb8344.tif,2.143,6.221,0.696,2.278,427,172,136.637,1.601,1.272,0.786,0.859
9118,gcb8344.tif,0.279,1.907,0.965,0.742,348,173,119.745,0.552,1.302,0.768,0.892
9119,gcb8344.tif,0.915,4.282,0.627,1.610,418,173,120.964,0.947,1.834,0.545,0.834
9120,gcb8344.tif,1.541,5.040,0.762,1.863,626,187,32.905,1.269,1.630,0.614,0.861
9121,gcb8344.tif,1.143,4.789,0.626,1.987,897,200,76.608,0.820,2.544,0.393,0.871
9122,gcb8344.tif,0.982,3.609,0.948,1.340,478,180,105.945,0.920,1.369,0.730,0.943
9123,gcb8344.tif,2.371,7.531,0.525,2.450,493,204,55.713,1.627,1.654,0.605,0.801
9124,gcb8344.tif,0.432,4.151,0.315,1.697,746,204,77.471,0.543,4.394,0.228,0.634
9125,gcb8344.tif,0.068,0.965,0.914,0.460,342,188,126.870,0.260,1.939,0.516,0.842
9126,gcb8344.tif,0.076,1.095,0.799,0.460,670,192,53.130,0.349,1.310,0.763,0.720
9127,gcb8344.tif,0.305,2.320,0.712,0.873,569,198,71.565,0.535,1.740,0.575,0.783
9128,gcb8344.tif,3.608,8.693,0.600,3.005,521,215,40.030,1.919,1.807,0.553,0.798
9129,gcb8344.tif,1.634,5.278,0.737,2.247,654,191,124.992,1.150,1.961,0.510,0.889
9130,gcb8344.tif,0.271,2.190,0.710,0.873,449,195,161.565,0.552,1.467,0.682,0.762
9131,gcb8344.tif,0.263,1.723,1.000,0.664,728,194,123.690,0.552,1.058,0.945,0.925
9132,gcb8344.tif,0.186,1.670,0.840,0.651,353,201,45.000,0.460,1.212,0.825,0.830
9133,gcb8344.tif,0.102,1.073,1.000,0.460,465,196,143.130,0.276,1.333,0.750,1.000
9134,gcb8344.tif,0.390,2.352,0.885,0.873,710,196,108.435,0.640,1.443,0.693,0.868
9135,gcb8344.tif,0.059,1.171,0.543,0.589,739,198,141.340,0.247,3.359,0.298,0.609
9136,gcb8344.tif,0.195,1.539,1.000,0.589,280,201,128.660,0.460,1.132,0.884,0.885
9137,gcb8344.tif,1.617,6.427,0.492,2.400,493,216,32.471,1.130,2.628,0.381,0.742
9138,gcb8344.tif,0.237,1.670,1.000,0.664,472,204,123.690,0.521,1.263,0.792,0.903
9139,gcb8344.tif,0.178,1.539,0.943,0.589,564,209,38.660,0.460,1.095,0.913,0.840
9140,gcb8344.tif,0.991,4.021,0.770,1.712,632,205,126.254,0.911,1.976,0.506,0.873
9141,gcb8344.tif,1.838,5.992,0.643,2.187,309,215,14.621,1.288,1.889,0.529,0.833
9142,gcb8344.tif,1.025,6.862,0.273,1.787,439,210,124.509,1.272,1.538,0.650,0.602
9143,gcb8344.tif,0.203,1.539,1.000,0.617,554,212,26.565,0.460,1.222,0.818,0.906
9144,gcb8344.tif,2.456,8.268,0.452,3.464,719,208,106.991,1.054,4.058,0.246,0.771
9145,gcb8344.tif,7.799,19.066,0.270,5.537,662,265,68.552,3.334,2.026,0.494,0.610
9146,gcb8344.tif,0.212,1.593,1.000,0.664,252,210,123.690,0.460,1.312,0.762,0.926
9147,gcb8344.tif,0.517,3.240,0.618,1.282,540,224,68.962,0.644,2.233,0.448,0.841
9148,gcb8344.tif,0.212,1.777,0.842,0.719,464,213,129.806,0.536,1.236,0.809,0.833
9149,gcb8344.tif,1.728,6.741,0.478,2.680,473,242,74.055,1.068,2.875,0.348,0.777
9150,gcb8344.tif,0.466,2.818,0.737,1.049,658,215,127.875,0.736,1.470,0.680,0.821
9151,gcb8344.tif,0.339,2.298,0.806,0.961,623,215,106.699,0.552,1.769,0.565,0.870
9152,gcb8344.tif,3.794,11.248,0.377,4.344,329,245,36.384,1.693,2.872,0.348,0.703
9153,gcb8344.tif,0.474,2.504,0.950,0.920,558,223,36.870,0.781,1.189,0.841,0.868
9154,gcb8344.tif,0.847,3.707,0.774,1.359,739,229,61.699,0.988,1.505,0.665,0.826
9155,gcb8344.tif,2.363,8.452,0.416,2.559,374,217,127.694,1.855,1.458,0.686,0.712
9156,gcb8344.tif,0.601,3.393,0.656,1.252,595,228,36.027,0.864,1.538,0.650,0.802
9157,gcb8344.tif,7.816,19.196,0.267,5.583,400,249,8.531,3.540,1.662,0.602,0.582
9158,gcb8344.tif,0.601,2.949,0.869,1.112,458,230,65.556,0.842,1.369,0.731,0.866
9159,gcb8344.tif,0.119,1.485,0.675,0.617,573,219,116.565,0.368,1.736,0.576,0.778
9160,gcb8344.tif,0.229,1.854,0.836,0.786,225,222,159.444,0.460,1.693,0.591,0.857
9161,gcb8344.tif,0.195,1.593,0.964,0.617,754,223,153.435,0.460,1.322,0.756,0.885
9162,gcb8344.tif,12.051,26.759,0.211,6.713,297,224,118.673,3.930,2.271,0.440,0.581
9163,gcb8344.tif,0.618,3.164,0.776,1.301,814,223,98.130,0.644,1.982,0.505,0.901
9164,gcb8344.tif,0.288,1.854,1.000,0.742,397,224,119.745,0.552,1.232,0.812,0.907
9165,gcb8344.tif,0.940,3.555,0.935,1.252,647,226,143.973,1.104,1.120,0.893,0.921
9166,gcb8344.tif,0.423,2.352,0.962,0.868,530,233,57.995,0.736,1.096,0.913,0.901
9167,gcb8344.tif,0.152,1.616,0.734,0.664,585,232,56.310,0.453,1.473,0.679,0.766
9168,gcb8344.tif,2.270,6.167,0.750,2.308,487,227,113.499,1.653,1.258,0.795,0.873
9169,gcb8344.tif,0.762,3.609,0.736,1.359,627,230,118.301,0.920,1.347,0.742,0.829
9170,gcb8344.tif,0.686,3.187,0.849,1.252,516,234,143.973,0.810,1.572,0.636,0.876
9171,gcb8344.tif,0.584,4.021,0.454,1.429,553,244,14.931,0.828,1.611,0.621,0.676
9172,gcb8344.tif,1.380,4.843,0.740,1.863,369,255,57.095,1.235,1.578,0.634,0.879
9173,gcb8344.tif,0.339,2.536,0.662,1.077,272,250,70.017,0.513,2.298,0.435,0.816
9174,gcb8344.tif,0.203,1.625,0.967,0.664,356,240,123.690,0.368,1.500,0.667,1.000
9175,gcb8344.tif,0.474,3.501,0.486,1.498,609,252,42.510,0.608,3.190,0.313,0.671
9176,gcb8344.tif,0.373,2.168,0.996,0.920,588,242,143.130,0.644,1.485,0.673,0.907
9177,gcb8344.tif,0.254,2.352,0.577,1.029,383,245,169.695,0.368,2.822,0.354,0.811
9178,gcb8344.tif,0.356,2.244,0.888,0.868,513,245,147.995,0.651,1.404,0.712,0.848
9179,gcb8344.tif,0.313,1.961,1.000,0.742,577,243,119.745,0.552,1.187,0.842,0.937
9180,gcb8344.tif,0.627,2.904,0.934,1.171,535,255,45.000,0.828,1.343,0.744,0.937
9181,gcb8344.tif,0.102,1.073,1.000,0.460,816,247,126.870,0.276,1.333,0.750,1.000
9182,gcb8344.tif,0.119,1.279,0.911,0.537,635,252,30.964,0.357,1.566,0.639,0.824
9183,gcb8344.tif,3.709,10.749,0.403,3.664,459,256,168.408,1.763,2.251,0.444,0.743
9184,gcb8344.tif,2.786,10.264,0.332,3.093,722,270,30.379,2.061,1.780,0.562,0.619
9185,gcb8344.tif,4.251,11.302,0.418,4.804,237,302,73.301,1.418,4.243,0.236,0.787
9186,gcb8344.tif,13.490,28.581,0.208,8.132,375,284,5.194,3.588,3.050,0.328,0.563
9187,gcb8344.tif,0.059,0.835,1.000,0.332,583,256,123.690,0.276,1.069,0.936,0.875
9188,gcb8344.tif,0.203,1.854,0.743,0.759,693,258,104.036,0.453,1.829,0.547,0.814
9189,gcb8344.tif,1.008,4.367,0.664,1.607,381,264,156.371,1.139,1.418,0.705,0.801
9190,gcb8344.tif,0.948,3.555,0.943,1.278,535,261,120.256,1.012,1.211,0.826,0.918
9191,gcb8344.tif,0.449,2.374,1.000,0.961,369,266,16.699,0.644,1.394,0.717,0.906
9192,gcb8344.tif,0.059,0.965,0.800,0.460,775,261,126.870,0.247,2.211,0.452,0.778
9193,gcb8344.tif,7.876,20.798,0.229,6.516,556,264,143.616,2.677,3.292,0.304,0.617
9194,gcb8344.tif,0.576,2.742,0.962,0.995,636,265,123.690,0.828,1.191,0.839,0.895
9195,gcb8344.tif,0.203,1.616,0.978,0.617,623,266,116.565,0.494,1.257,0.795,0.842
9196,gcb8344.tif,4.649,9.762,0.613,3.479,483,297,52.524,2.357,1.528,0.654,0.819
9197,gcb8344.tif,0.288,1.907,0.994,0.742,653,267,119.745,0.552,1.226,0.816,0.907
9198,gcb8344.tif,0.059,0.781,1.000,0.332,784,270,123.690,0.276,1.069,0.936,0.875
9199,gcb8344.tif,1.236,4.161,0.897,1.523,606,271,115.017,1.104,1.329,0.752,0.933
9200,gcb8344.tif,0.212,1.800,0.821,0.664,833,272,146.310,0.552,1.129,0.886,0.794
9201,gcb8344.tif,0.356,2.352,0.808,0.978,527,273,131.186,0.640,1.602,0.624,0.857
9202,gcb8344.tif,1.541,5.180,0.722,2.103,302,273,113.199,1.019,2.254,0.444,0.910
9203,gcb8344.tif,0.254,1.907,0.877,0.759,671,274,104.036,0.460,1.542,0.649,0.882
9204,gcb8344.tif,0.051,0.889,0.809,0.379,818,275,104.036,0.184,1.809,0.553,0.857
9205,gcb8344.tif,1.601,6.382,0.494,2.278,702,294,43.363,1.347,1.943,0.515,0.713
9206,gcb8344.tif,2.490,8.693,0.414,2.935,340,299,41.186,1.592,2.095,0.477,0.766
9207,gcb8344.tif,0.686,3.218,0.832,1.178,544,287,38.660,0.920,1.171,0.854,0.890
9208,gcb8344.tif,4.446,10.283,0.528,3.104,625,279,101.976,2.369,1.101,0.908,0.777
9209,gcb8344.tif,2.261,7.760,0.472,2.981,163,312,81.119,1.202,2.625,0.381,0.813
9210,gcb8344.tif,1.863,5.646,0.734,2.020,206,292,30.069,1.523,1.271,0.787,0.894
9211,gcb8344.tif,0.669,2.980,0.947,1.153,470,292,61.390,0.828,1.378,0.725,0.929
9212,gcb8344.tif,0.525,3.003,0.732,1.164,789,293,71.565,0.736,1.618,0.618,0.816
9213,gcb8344.tif,1.118,4.443,0.711,1.787,835,300,78.111,0.920,1.994,0.502,0.874
9214,gcb8344.tif,3.853,10.740,0.420,3.870,423,323,71.996,1.696,3.066,0.326,0.705
9215,gcb8344.tif,0.263,2.168,0.702,0.848,805,284,102.529,0.460,1.660,0.602,0.816
9216,gcb8344.tif,0.703,3.079,0.932,1.153,657,285,118.610,0.905,1.262,0.793,0.888
9217,gcb8344.tif,2.922,10.642,0.324,4.365,251,287,108.435,1.317,4.018,0.249,0.698
9218,gcb8344.tif,1.609,4.704,0.914,1.770,537,289,98.973,1.196,1.381,0.724,0.934
9219,gcb8344.tif,0.237,1.800,0.920,0.701,670,289,113.199,0.552,1.224,0.817,0.836
9220,gcb8344.tif,0.220,2.060,0.652,0.786,447,294,20.556,0.460,1.585,0.631,0.776
9221,gcb8344.tif,2.532,6.979,0.653,2.803,322,295,113.199,1.349,2.130,0.469,0.872
9222,gcb8344.tif,0.711,3.371,0.787,1.380,472,297,126.870,0.873,1.608,0.622,0.853
9223,gcb8344.tif,0.449,2.558,0.862,0.906,521,297,113.962,0.736,1.323,0.756,0.869
9224,gcb8344.tif,0.491,2.612,0.905,0.947,883,298,119.055,0.736,1.269,0.788,0.885
9225,gcb8344.tif,0.542,2.742,0.906,1.077,684,301,160.017,0.736,1.509,0.663,0.889
9226,gcb8344.tif,0.517,3.761,0.459,1.567,850,300,139.764,0.777,2.707,0.369,0.649
9227,gcb8344.tif,0.186,1.647,0.863,0.651,367,300,135.000,0.460,1.152,0.868,0.917
9228,gcb8344.tif,0.135,1.279,1.000,0.521,496,300,135.000,0.368,1.150,0.869,0.889
9229,gcb8344.tif,0.508,2.612,0.936,0.991,449,307,21.801,0.736,1.343,0.745,0.889
9230,gcb8344.tif,0.110,1.149,1.000,0.460,223,305,126.870,0.368,1.148,0.871,0.897
9231,gcb8344.tif,0.483,2.742,0.807,1.049,510,316,74.745,0.736,1.447,0.691,0.857
9232,gcb8344.tif,1.372,4.704,0.779,1.697,351,306,102.529,1.251,1.428,0.700,0.853
9233,gcb8344.tif,0.728,3.133,0.933,1.196,680,307,112.620,0.911,1.328,0.753,0.901
9234,gcb8344.tif,0.212,1.647,0.981,0.664,490,308,123.690,0.460,1.268,0.789,0.909
9235,gcb8344.tif,0.373,2.190,0.976,0.786,568,308,110.556,0.716,1.046,0.956,0.880
9236,gcb8344.tif,0.322,2.015,0.996,0.792,435,316,54.462,0.552,1.220,0.820,0.950
9237,gcb8344.tif,0.847,4.389,0.552,1.787,391,311,124.509,0.799,3.062,0.327,0.730
9238,gcb8344.tif,5.471,12.702,0.426,4.442,545,357,76.827,2.301,2.439,0.410,0.719
9239,gcb8344.tif,0.246,1.984,0.784,0.786,824,319,69.444,0.513,1.630,0.614,0.806
9240,gcb8344.tif,0.127,1.225,1.000,0.496,638,318,68.199,0.368,1.127,0.887,0.857
9241,gcb8344.tif,1.499,4.955,0.767,1.969,874,314,127.405,1.041,1.991,0.502,0.868
9242,gcb8344.tif,0.102,1.073,1.000,0.460,586,315,143.130,0.276,1.333,0.750,1.000
9243,gcb8344.tif,0.144,1.301,1.000,0.496,209,316,111.801,0.455,1.044,0.957,0.850
9244,gcb8344.tif,0.745,3.164,0.935,1.153,456,327,61.390,0.920,1.216,0.822,0.917
9245,gcb8344.tif,2.532,7.132,0.626,2.708,369,346,80.218,1.380,2.049,0.488,0.862
9246,gcb8344.tif,3.828,9.601,0.522,3.092,474,318,126.529,2.260,1.611,0.621,0.773
9247,gcb8344.tif,0.762,3.425,0.817,1.429,239,334,75.069,0.736,1.850,0.541,0.909
9248,gcb8344.tif,1.897,5.906,0.683,2.323,721,336,33.690,1.432,1.647,0.607,0.860
9249,gcb8344.tif,0.669,3.110,0.869,1.164,648,321,108.435,0.828,1.252,0.799,0.883
9250,gcb8344.tif,1.440,5.646,0.567,2.156,597,339,39.806,1.334,1.853,0.540,0.793
9251,gcb8344.tif,0.059,0.965,0.800,0.412,742,324,153.435,0.276,1.527,0.655,0.737
9252,gcb8344.tif,1.346,4.367,0.887,1.567,506,338,40.236,1.286,1.134,0.882,0.911
9253,gcb8344.tif,1.880,6.037,0.648,2.224,432,326,155.556,1.472,1.464,0.683,0.830
9254,gcb8344.tif,0.771,3.218,0.935,1.153,418,337,61.390,0.920,1.127,0.887,0.924
9255,gcb8344.tif,0.279,1.984,0.892,0.868,618,335,32.005,0.521,1.640,0.610,0.892
9256,gcb8344.tif,0.356,2.352,0.808,0.925,672,331,95.711,0.552,1.602,0.624,0.866
9257,gcb8344.tif,0.254,1.854,0.929,0.792,463,333,125.538,0.521,1.507,0.663,0.882
9258,gcb8344.tif,1.279,4.412,0.826,1.589,395,334,100.008,1.225,1.338,0.747,0.873
9259,gcb8344.tif,1.101,4.021,0.856,1.573,574,339,159.444,1.058,1.577,0.634,0.893
9260,gcb8344.tif,0.119,1.225,0.993,0.537,808,341,149.036,0.368,1.563,0.640,0.848
9261,gcb8344.tif,11.593,23.931,0.254,6.272,589,376,22.426,5.148,1.493,0.670,0.521
9262,gcb8344.tif,0.339,2.168,0.906,0.848,422,343,102.529,0.552,1.450,0.690,0.889
9263,gcb8344.tif,0.974,3.739,0.876,1.523,434,346,154.983,0.920,1.635,0.611,0.920
9264,gcb8344.tif,0.661,3.034,0.902,1.112,665,346,114.444,0.828,1.327,0.753,0.907
9265,gcb8344.tif,2.016,5.548,0.823,2.098,500,347,105.255,1.288,1.671,0.599,0.932
9266,gcb8344.tif,0.212,1.593,1.000,0.664,597,354,56.310,0.460,1.312,0.762,0.926
9267,gcb8344.tif,6.792,19.205,0.231,4.569,375,398,80.727,3.664,1.482,0.675,0.596
9268,gcb8344.tif,0.686,3.187,0.849,1.138,529,349,104.036,0.828,1.375,0.727,0.895
9269,gcb8344.tif,0.135,1.539,0.719,0.589,322,354,38.660,0.412,1.431,0.699,0.780
9270,gcb8344.tif,0.373,2.114,1.000,0.868,465,354,147.995,0.644,1.386,0.721,0.917
9271,gcb8344.tif,0.364,2.688,0.633,1.016,517,353,95.194,0.644,1.592,0.628,0.741
9272,gcb8344.tif,0.135,1.409,0.857,0.651,242,354,135.000,0.390,1.925,0.520,0.821
9273,gcb8344.tif,2.337,7.132,0.577,2.854,352,384,69.228,1.389,2.043,0.490,0.815
9274,gcb8344.tif,3.946,10.534,0.447,3.600,561,355,122.471,1.795,2.358,0.424,0.795
9275,gcb8344.tif,1.829,5.072,0.894,1.863,421,356,110.225,1.380,1.267,0.789,0.925
9276,gcb8344.tif,1.787,6.427,0.544,2.247,541,365,145.008,1.502,1.528,0.654,0.733
9277,gcb8344.tif,1.304,4.942,0.671,1.952,810,381,81.870,0.936,2.229,0.449,0.870
9278,gcb8344.tif,0.508,2.612,0.936,0.991,407,361,111.801,0.736,1.327,0.753,0.902
9279,gcb8344.tif,0.119,1.225,0.993,0.537,228,362,120.964,0.368,1.601,0.625,0.848
9280,gcb8344.tif,2.490,6.144,0.829,2.273,450,375,21.371,1.564,1.383,0.723,0.916
9281,gcb8344.tif,0.525,2.688,0.913,0.961,436,370,16.699,0.812,1.143,0.875,0.861
9282,gcb8344.tif,0.203,1.593,1.000,0.670,319,366,164.055,0.368,1.669,0.599,0.923
9283,gcb8344.tif,4.285,11.508,0.407,5.027,722,366,113.749,1.446,3.869,0.258,0.853
9284,gcb8344.tif,0.364,2.558,0.699,1.153,748,365,118.610,0.453,2.769,0.361,0.843
9285,gcb8344.tif,0.508,2.818,0.804,1.123,483,367,124.992,0.638,1.921,0.521,0.857
9286,gcb8344.tif,0.152,1.355,1.000,0.537,240,368,120.964,0.453,1.257,0.795,0.857
9287,gcb8344.tif,0.635,2.850,0.983,1.077,655,372,160.017,0.736,1.349,0.742,0.938
9288,gcb8344.tif,6.267,12.226,0.527,3.664,517,372,101.592,2.824,1.441,0.694,0.787
9289,gcb8344.tif,0.601,3.012,0.833,1.235,474,387,63.435,0.644,1.792,0.558,0.928
9290,gcb8344.tif,0.296,1.907,1.000,0.742,708,381,29.745,0.552,1.144,0.874,0.933
9291,gcb8344.tif,12.864,28.380,0.201,7.813,313,387,147.995,3.618,2.518,0.397,0.549
9292,gcb8344.tif,0.567,2.926,0.833,1.153,234,380,118.610,0.741,1.598,0.626,0.882
9293,gcb8344.tif,2.143,6.697,0.600,2.567,417,407,75.466,1.196,2.410,0.415,0.862
9294,gcb8344.tif,0.550,2.796,0.885,1.049,437,380,105.255,0.736,1.427,0.701,0.890
9295,gcb8344.tif,6.919,18.169,0.263,7.683,778,464,83.811,1.656,5.863,0.171,0.725
9296,gcb8344.tif,0.254,1.854,0.929,0.742,462,390,60.255,0.552,1.253,0.798,0.870
9297,gcb8344.tif,1.211,4.336,0.810,1.746,539,384,108.435,1.059,1.666,0.600,0.899
9298,gcb8344.tif,6.648,13.720,0.444,3.883,487,389,95.440,3.251,1.184,0.844,0.742
9299,gcb8344.tif,4.979,12.114,0.426,3.425,648,397,149.300,2.485,1.463,0.683,0.726
9300,gcb8344.tif,1.507,4.681,0.864,1.813,702,394,156.038,1.154,1.579,0.633,0.918
9301,gcb8344.tif,2.380,10.099,0.293,2.888,441,413,30.651,1.919,1.692,0.591,0.600
9302,gcb8344.tif,0.220,1.593,1.000,0.617,556,393,116.565,0.460,1.184,0.845,0.929
9303,gcb8344.tif,1.219,6.091,0.413,2.119,573,408,34.380,0.988,2.539,0.394,0.760
9304,gcb8344.tif,0.102,1.095,1.000,0.496,409,396,158.199,0.276,1.579,0.633,0.889
9305,gcb8344.tif,0.296,1.961,0.968,0.792,684,399,125.538,0.552,1.357,0.737,0.921
9306,gcb8344.tif,0.627,3.187,0.776,1.282,392,401,111.038,0.736,1.710,0.585,0.886
9307,gcb8344.tif,0.102,1.095,1.000,0.460,403,406,143.130,0.368,1.135,0.881,0.857
9308,gcb8344.tif,0.771,3.263,0.910,1.278,626,407,120.256,0.868,1.500,0.667,0.897
9309,gcb8344.tif,0.186,1.777,0.741,0.786,707,407,110.556,0.368,2.051,0.488,0.846
9310,gcb8344.tif,3.269,9.201,0.485,2.835,407,417,166.866,1.626,1.979,0.505,0.800
9311,gcb8344.tif,1.465,4.596,0.872,1.736,528,427,57.995,1.236,1.424,0.702,0.911
9312,gcb8344.tif,0.635,2.872,0.967,1.049,585,410,127.875,0.846,1.207,0.828,0.915
9313,gcb8344.tif,3.083,10.763,0.334,3.479,550,412,127.476,1.665,2.484,0.403,0.625
9314,gcb8344.tif,1.228,5.494,0.511,2.187,317,415,104.621,0.920,2.496,0.401,0.795
9315,gcb8344.tif,0.940,4.466,0.592,1.573,346,415,110.556,1.071,1.677,0.596,0.763
9316,gcb8344.tif,0.229,1.854,0.836,0.701,392,422,23.199,0.552,1.378,0.726,0.794
9317,gcb8344.tif,2.871,9.115,0.434,2.708,591,432,9.782,1.823,1.820,0.549,0.729
9318,gcb8344.tif,0.212,1.701,0.919,0.719,446,424,50.194,0.460,1.363,0.734,0.909
9319,gcb8344.tif,0.694,3.056,0.934,1.077,672,421,109.983,0.920,1.149,0.870,0.891
9320,gcb8344.tif,2.024,6.903,0.534,2.940,283,425,110.136,1.165,2.704,0.370,0.831
9321,gcb8344.tif,0.186,1.517,1.000,0.589,514,425,128.660,0.460,1.068,0.937,0.936
9322,gcb8344.tif,1.152,5.417,0.493,2.241,546,428,109.179,0.778,3.673,0.272,0.773
9323,gcb8344.tif,0.940,3.631,0.896,1.308,335,441,39.289,1.070,1.217,0.822,0.895
9324,gcb8344.tif,0.423,2.482,0.864,1.029,584,432,116.565,0.576,1.882,0.531,0.893
9325,gcb8344.tif,0.161,1.409,1.000,0.537,492,436,120.964,0.460,1.111,0.900,0.884
9326,gcb8344.tif,2.701,8.128,0.514,2.450,668,460,55.713,1.840,1.436,0.696,0.762
9327,gcb8344.tif,1.550,6.449,0.468,2.736,304,440,132.274,0.911,3.984,0.251,0.769
9328,gcb8344.tif,1.550,6.395,0.476,1.935,615,442,115.346,1.506,1.286,0.777,0.733
9329,gcb8344.tif,5.157,12.756,0.398,4.157,509,446,152.301,2.302,2.087,0.479,0.733
9330,gcb8344.tif,2.159,5.906,0.778,2.172,482,467,53.616,1.415,1.540,0.649,0.884
9331,gcb8344.tif,4.836,11.845,0.433,3.915,565,488,66.448,2.188,2.308,0.433,0.725
9332,gcb8344.tif,0.432,2.298,1.000,0.868,655,450,122.005,0.736,1.046,0.956,0.911
9333,gcb8344.tif,0.796,3.240,0.953,1.252,712,450,107.103,0.828,1.359,0.736,0.926
9334,gcb8344.tif,0.178,1.562,0.916,0.617,759,450,116.565,0.455,1.394,0.717,0.840
9335,gcb8344.tif,0.237,1.800,0.920,0.742,905,454,119.745,0.521,1.445,0.692,0.848
9336,gcb8344.tif,0.254,1.800,0.986,0.701,506,455,113.199,0.552,1.222,0.819,0.857
9337,gcb8344.tif,1.617,5.018,0.807,1.967,301,458,100.784,1.196,1.612,0.620,0.920
9338,gcb8344.tif,0.076,0.911,1.000,0.412,691,458,153.435,0.276,1.340,0.746,0.857
9339,gcb8344.tif,0.838,3.371,0.927,1.327,673,475,33.690,0.911,1.451,0.689,0.925
9340,gcb8344.tif,0.508,2.536,0.993,0.995,229,467,123.690,0.736,1.300,0.769,0.938
9341,gcb8344.tif,0.203,1.907,0.702,0.786,775,475,69.444,0.368,1.965,0.509,0.857
9342,gcb8344.tif,0.322,2.114,0.905,0.906,251,472,113.962,0.535,1.820,0.549,0.884
9343,gcb8344.tif,0.999,4.443,0.636,1.712,435,473,126.254,1.142,1.457,0.686,0.784
9344,gcb8344.tif,2.219,5.906,0.799,2.172,458,474,126.384,1.399,1.604,0.623,0.903
9345,gcb8344.tif,1.592,5.094,0.771,2.058,265,474,100.305,1.196,1.607,0.622,0.881
9346,gcb8344.tif,2.693,6.620,0.772,2.346,688,475,138.180,1.837,1.240,0.807,0.906
9347,gcb8344.tif,2.515,8.150,0.476,3.048,548,476,118.887,1.587,2.158,0.463,0.714
9348,gcb8344.tif,0.237,1.777,0.943,0.664,662,479,146.310,0.552,1.113,0.899,0.875
9349,gcb8344.tif,0.076,0.965,1.000,0.412,655,482,26.565,0.276,1.185,0.844,0.857
9350,gcb8344.tif,0.152,2.060,0.451,0.701,773,480,113.199,0.437,1.928,0.519,0.643
9351,gcb8344.tif,0.322,2.222,0.819,0.978,416,481,131.186,0.586,1.953,0.512,0.854
9352,gcb8344.tif,2.498,10.911,0.264,4.737,828,533,82.185,0.966,6.689,0.150,0.697
9353,gcb8344.tif,1.109,4.183,0.797,1.667,602,483,96.340,0.920,1.776,0.563,0.900
9354,gcb8344.tif,2.600,6.687,0.731,2.683,479,488,157.834,1.514,1.889,0.529,0.890
9355,gcb8344.tif,0.898,4.995,0.452,2.020,674,484,120.069,0.859,2.540,0.394,0.700
9356,gcb8344.tif,0.449,2.818,0.710,1.029,513,485,100.305,0.736,1.198,0.835,0.809
9357,gcb8344.tif,0.288,1.907,0.994,0.742,430,488,150.255,0.552,1.112,0.899,0.919
9358,gcb8344.tif,0.415,2.374,0.925,0.920,524,487,126.870,0.715,1.335,0.749,0.860
9359,gcb8344.tif,0.169,1.539,0.898,0.617,655,494,63.435,0.453,1.444,0.692,0.851
9360,gcb8344.tif,0.373,2.298,0.887,0.868,581,498,57.995,0.644,1.310,0.763,0.898
9361,gcb8344.tif,1.143,4.021,0.888,1.487,405,494,158.199,1.149,1.336,0.749,0.888
9362,gcb8344.tif,0.576,2.850,0.891,1.108,383,501,41.634,0.823,1.327,0.754,0.907
9363,gcb8344.tif,0.263,1.907,0.907,0.786,267,497,110.556,0.460,1.515,0.660,0.886
9364,gcb8344.tif,0.305,2.015,0.943,0.792,313,500,125.538,0.552,1.279,0.782,0.923
9365,gcb8344.tif,0.703,3.034,0.959,1.178,660,500,128.660,0.911,1.256,0.796,0.938
9366,gcb8344.tif,7.698,19.519,0.254,5.803,385,509,165.303,2.998,2.585,0.387,0.628
9367,gcb8344.tif,0.762,3.240,0.912,1.301,361,503,98.130,0.736,1.643,0.608,0.928
9368,gcb8344.tif,0.212,1.593,1.000,0.651,449,509,45.000,0.460,1.213,0.825,0.909
9369,gcb8344.tif,2.151,9.798,0.282,3.830,285,504,125.218,1.301,3.400,0.294,0.590
9370,gcb8344.tif,1.380,5.072,0.674,1.719,374,504,105.524,1.258,1.424,0.702,0.834
9371,gcb8344.tif,1.092,4.129,0.805,1.484,534,518,60.255,1.135,1.346,0.743,0.884
9372,gcb8344.tif,0.474,2.536,0.927,0.947,574,505,150.945,0.736,1.209,0.827,0.903
9373,gcb8344.tif,1.321,4.291,0.902,1.628,688,521,42.709,1.196,1.325,0.755,0.931
9374,gcb8344.tif,0.661,3.056,0.889,1.049,230,510,127.875,0.920,1.083,0.923,0.886
9375,gcb8344.tif,0.178,1.647,0.824,0.701,886,518,66.801,0.368,1.793,0.558,0.875
9376,gcb8344.tif,0.762,3.317,0.871,1.164,506,513,108.435,0.947,1.196,0.836,0.882
9377,gcb8344.tif,0.728,3.088,0.960,1.153,659,514,118.610,0.828,1.261,0.793,0.945
9378,gcb8344.tif,0.254,1.930,0.857,0.759,172,518,165.964,0.552,1.321,0.757,0.800
9379,gcb8344.tif,0.364,2.329,0.843,0.947,454,515,119.055,0.552,1.712,0.584,0.896
9380,gcb8344.tif,1.406,4.313,0.950,1.607,468,515,113.629,1.196,1.287,0.777,0.941
9381,gcb8344.tif,5.623,14.079,0.356,4.452,516,538,7.125,2.487,2.563,0.390,0.635
9382,gcb8344.tif,0.212,1.593,1.000,0.617,569,518,116.565,0.460,1.147,0.872,0.909
9383,gcb8344.tif,0.440,2.742,0.736,1.164,345,523,108.435,0.599,2.012,0.497,0.825
9384,gcb8344.tif,0.085,1.149,0.806,0.496,699,523,111.801,0.276,1.976,0.506,0.800
9385,gcb8344.tif,0.169,2.190,0.444,0.920,89,532,53.130,0.448,2.481,0.403,0.597
9386,gcb8344.tif,0.263,2.060,0.777,0.868,396,530,32.005,0.515,1.955,0.512,0.795
9387,gcb8344.tif,1.152,7.217,0.278,3.059,776,557,74.291,0.662,5.319,0.188,0.760
9388,gcb8344.tif,1.414,4.443,0.900,1.712,481,541,53.746,1.171,1.416,0.706,0.930
9389,gcb8344.tif,0.322,2.168,0.861,0.873,679,526,108.435,0.552,1.570,0.637,0.874
9390,gcb8344.tif,0.440,2.460,0.915,0.991,583,527,111.801,0.552,1.627,0.615,0.937
9391,gcb8344.tif,1.499,6.589,0.434,2.182,640,551,62.354,1.257,2.067,0.484,0.693
9392,gcb8344.tif,0.305,1.961,0.996,0.742,360,531,119.745,0.552,1.206,0.829,0.923
9393,gcb8344.tif,0.229,1.670,1.000,0.664,660,531,123.690,0.535,1.275,0.784,0.871
9394,gcb8344.tif,4.437,8.007,0.870,3.014,449,533,121.264,2.085,1.428,0.700,0.954
9395,gcb8344.tif,3.489,11.346,0.341,3.683,375,538,102.995,1.977,1.878,0.532,0.671
9396,gcb8344.tif,2.312,5.754,0.877,2.212,492,562,73.072,1.380,1.582,0.632,0.945
9397,gcb8344.tif,1.313,4.856,0.699,1.679,513,540,99.462,1.263,1.274,0.785,0.868
9398,gcb8344.tif,0.432,2.482,0.881,0.995,417,541,123.690,0.684,1.514,0.661,0.887
9399,gcb8344.tif,0.423,2.352,0.962,0.868,257,542,122.005,0.736,1.139,0.878,0.901
9400,gcb8344.tif,0.119,2.006,0.370,0.978,814,542,131.186,0.258,5.788,0.173,0.609
9401,gcb8344.tif,0.127,1.355,0.869,0.496,338,544,158.199,0.453,1.017,0.983,0.789
9402,gcb8344.tif,0.093,1.225,0.780,0.496,476,544,158.199,0.325,1.611,0.621,0.733
9403,gcb8344.tif,0.237,1.907,0.819,0.823,437,545,116.565,0.460,1.743,0.574,0.848
9404,gcb8344.tif,0.491,2.688,0.854,1.108,405,548,131.634,0.715,1.598,0.626,0.859
9405,gcb8344.tif,0.356,2.222,0.906,0.920,349,548,143.130,0.644,1.542,0.649,0.894
9406,gcb8344.tif,4.556,12.886,0.345,4.121,305,591,66.297,2.434,2.302,0.434,0.658
9407,gcb8344.tif,0.119,1.279,0.911,0.537,278,556,59.036,0.368,1.500,0.667,0.824
9408,gcb8344.tif,0.051,0.965,0.686,0.412,426,552,153.435,0.262,1.584,0.631,0.667
9409,gcb8344.tif,1.761,8.128,0.335,3.104,527,585,78.024,1.153,3.168,0.316,0.640
9410,gcb8344.tif,0.364,2.298,0.867,0.823,543,554,153.435,0.644,1.105,0.905,0.869
9411,gcb8344.tif,0.076,0.889,1.000,0.390,810,552,135.000,0.276,1.000,1.000,1.000
9412,gcb8344.tif,0.347,2.168,0.928,0.786,473,558,20.556,0.644,1.183,0.846,0.872
9413,gcb8344.tif,0.720,3.187,0.891,1.138,567,566,75.964,0.920,1.157,0.864,0.890
9414,gcb8344.tif,1.643,5.310,0.732,2.156,329,556,140.194,1.184,1.973,0.507,0.862
9415,gcb8344.tif,0.229,2.114,0.643,0.823,769,556,116.565,0.552,1.372,0.729,0.740
9416,gcb8344.tif,0.627,2.850,0.969,1.077,660,559,109.983,0.736,1.374,0.728,0.937
9417,gcb8344.tif,0.051,0.965,0.686,0.412,258,560,153.435,0.262,1.809,0.553,0.667
9418,gcb8344.tif,0.373,2.949,0.539,0.995,584,567,33.690,0.644,1.639,0.610,0.759
9419,gcb8344.tif,2.041,7.293,0.482,2.603,407,567,98.130,1.379,2.161,0.463,0.723
9420,gcb8344.tif,3.116,8.496,0.543,3.504,484,570,156.801,1.434,2.911,0.344,0.818
9421,gcb8344.tif,0.415,2.536,0.811,0.961,639,579,73.301,0.644,1.492,0.670,0.875
9422,gcb8344.tif,0.517,2.666,0.913,1.073,429,572,120.964,0.698,1.611,0.621,0.910
9423,gcb8344.tif,0.440,2.460,0.915,0.991,364,583,68.199,0.552,1.695,0.590,0.937
9424,gcb8344.tif,0.610,2.980,0.863,1.123,694,584,55.008,0.893,1.217,0.822,0.889
9425,gcb8344.tif,0.347,2.168,0.928,0.868,461,577,147.995,0.644,1.204,0.830,0.863
9426,gcb8344.tif,0.254,1.800,0.986,0.701,570,583,66.801,0.552,1.140,0.877,0.870
9427,gcb8344.tif,0.669,3.034,0.913,1.153,348,589,61.390,0.828,1.360,0.735,0.919
9428,gcb8344.tif,0.788,3.685,0.729,1.359,679,591,61.699,0.920,1.371,0.729,0.873
9429,gcb8344.tif,0.390,2.298,0.927,0.868,539,583,122.005,0.722,1.121,0.892,0.860
9430,gcb8344.tif,0.076,1.225,0.638,0.460,716,583,126.870,0.368,1.141,0.876,0.667
9431,gcb8344.tif,3.167,13.711,0.212,5.479,790,642,82.278,1.147,5.891,0.170,0.649
9432,gcb8344.tif,3.303,10.610,0.369,3.504,373,621,76.329,1.863,2.607,0.384,0.690
9433,gcb8344.tif,0.305,2.450,0.638,0.991,420,594,68.199,0.505,2.246,0.445,0.783
9434,gcb8344.tif,3.616,12.181,0.306,4.141,322,587,143.130,1.635,2.978,0.336,0.705
9435,gcb8344.tif,2.168,5.669,0.848,1.897,449,586,112.834,1.687,1.048,0.954,0.918
9436,gcb8344.tif,1.228,5.929,0.439,2.098,606,605,52.125,1.250,1.896,0.527,0.721
9437,gcb8344.tif,1.287,5.224,0.593,2.119,480,588,145.620,1.027,2.251,0.444,0.828
9438,gcb8344.tif,1.626,5.170,0.764,1.850,557,595,5.711,1.472,1.238,0.808,0.869
9439,gcb8344.tif,0.330,3.285,0.385,0.995,579,591,146.310,0.721,1.678,0.596,0.609
9440,gcb8344.tif,0.051,0.781,1.000,0.390,748,593,45.000,0.247,1.809,0.553,0.800
9441,gcb8344.tif,0.838,4.834,0.451,1.758,264,591,96.009,0.779,2.644,0.378,0.739
9442,gcb8344.tif,0.135,1.257,1.000,0.521,597,592,135.000,0.368,1.000,1.000,1.000
9443,gcb8344.tif,0.195,1.539,1.000,0.664,358,594,146.310,0.460,1.481,0.675,0.885
9444,gcb8344.tif,1.092,3.923,0.892,1.402,429,594,113.199,1.012,1.276,0.784,0.918
9445,gcb8344.tif,0.381,2.168,1.000,0.823,513,593,116.565,0.644,1.162,0.860,0.909
9446,gcb8344.tif,0.457,3.034,0.624,1.252,523,606,72.897,0.488,2.966,0.337,0.824
9447,gcb8344.tif,5.073,13.330,0.359,4.601,912,593,106.260,2.290,2.106,0.475,0.642
9448,gcb8344.tif,0.500,2.536,0.976,0.947,286,595,119.055,0.736,1.220,0.820,0.929
9449,gcb8344.tif,0.423,3.003,0.590,1.318,750,595,114.775,0.617,2.244,0.446,0.800
9450,gcb8344.tif,0.085,1.149,0.806,0.496,196,601,68.199,0.276,1.853,0.540,0.800
9451,gcb8344.tif,0.483,2.742,0.807,1.178,729,605,38.660,0.651,1.915,0.522,0.870
9452,gcb8344.tif,0.703,3.263,0.830,1.252,644,608,53.973,0.846,1.485,0.673,0.865
9453,gcb8344.tif,2.956,10.696,0.325,3.973,647,639,76.608,1.499,3.563,0.281,0.602
9454,gcb8344.tif,0.618,3.532,0.623,1.429,207,599,104.931,0.644,2.776,0.360,0.798
9455,gcb8344.tif,1.838,5.094,0.890,1.922,549,600,106.699,1.380,1.330,0.752,0.921
9456,gcb8344.tif,0.610,3.478,0.633,1.455,573,614,55.305,0.684,2.648,0.378,0.804
9457,gcb8344.tif,0.059,0.835,1.000,0.332,699,601,123.690,0.276,1.069,0.936,0.875
9458,gcb8344.tif,1.143,3.999,0.898,1.487,615,602,111.801,1.012,1.361,0.735,0.934
9459,gcb8344.tif,4.243,9.058,0.650,3.261,93,604,106.390,1.748,2.122,0.471,0.868
9460,gcb8344.tif,0.254,1.854,0.929,0.742,327,609,119.745,0.513,1.521,0.658,0.857
9461,gcb8344.tif,0.288,2.006,0.899,0.759,398,618,75.964,0.586,1.238,0.808,0.829
9462,gcb8344.tif,0.186,1.539,0.988,0.617,253,611,116.565,0.460,1.276,0.784,0.863
9463,gcb8344.tif,6.080,15.462,0.320,5.001,423,611,102.758,2.301,2.486,0.402,0.726
9464,gcb8344.tif,1.406,5.332,0.621,2.103,595,632,66.801,1.230,1.835,0.545,0.798
9465,gcb8344.tif,1.609,4.780,0.885,1.852,707,630,63.435,1.236,1.524,0.656,0.918
9466,gcb8344.tif,0.330,2.092,0.949,0.792,634,614,144.462,0.644,1.126,0.888,0.897
9467,gcb8344.tif,0.974,4.291,0.665,1.897,831,636,75.964,0.736,2.476,0.404,0.916
9468,gcb8344.tif,1.033,3.945,0.834,1.437,317,617,140.194,1.111,1.292,0.774,0.897
9469,gcb8344.tif,0.567,3.133,0.727,1.252,464,618,126.027,0.741,1.980,0.505,0.822
9470,gcb8344.tif,1.634,4.856,0.871,1.815,404,619,120.466,1.264,1.446,0.691,0.898
9471,gcb8344.tif,0.805,3.294,0.932,1.196,566,619,112.620,0.920,1.149,0.870,0.922
9472,gcb8344.tif,0.542,2.872,0.825,1.123,619,631,34.992,0.736,1.436,0.697,0.871
9473,gcb8344.tif,0.466,2.428,0.993,0.873,372,625,108.435,0.736,1.108,0.902,0.909
9474,gcb8344.tif,1.296,5.462,0.546,2.273,301,627,121.759,1.070,2.394,0.418,0.803
9475,gcb8344.tif,0.838,5.300,0.375,1.692,239,637,157.620,1.171,1.437,0.696,0.658
9476,gcb8344.tif,2.574,9.093,0.391,3.504,594,666,66.801,1.176,3.954,0.253,0.720
9477,gcb8344.tif,5.267,13.590,0.358,3.755,329,650,17.103,2.590,1.763,0.567,0.686
9478,gcb8344.tif,2.405,6.436,0.730,2.456,390,657,77.005,1.286,2.047,0.488,0.889
9479,gcb8344.tif,1.448,5.570,0.587,2.020,686,645,30.069,1.146,2.098,0.477,0.772
9480,gcb8344.tif,2.219,6.697,0.622,2.656,257,646,14.036,1.198,2.577,0.388,0.841
9481,gcb8344.tif,0.169,1.616,0.815,0.670,226,639,15.945,0.368,1.720,0.581,0.833
9482,gcb8344.tif,1.186,4.183,0.851,1.583,568,650,54.462,1.135,1.457,0.686,0.900
9483,gcb8344.tif,0.169,1.670,0.764,0.719,637,638,129.806,0.453,1.901,0.526,0.769
9484,gcb8344.tif,1.440,5.072,0.703,1.950,622,639,109.290,1.196,1.757,0.569,0.842
9485,gcb8344.tif,5.403,17.208,0.229,5.298,659,694,72.824,2.235,3.105,0.322,0.636
9486,gcb8344.tif,0.161,1.409,1.000,0.537,455,643,120.964,0.460,1.044,0.958,0.884
9487,gcb8344.tif,0.093,1.225,0.780,0.537,659,646,149.036,0.325,1.797,0.556,0.786
9488,gcb8344.tif,4.742,15.821,0.238,6.360,920,714,86.682,1.317,5.229,0.191,0.754
9489,gcb8344.tif,0.889,4.520,0.547,1.564,91,646,118.072,1.086,1.657,0.604,0.705
9490,gcb8344.tif,0.313,2.092,0.900,0.823,743,646,116.565,0.552,1.510,0.662,0.881
9491,gcb8344.tif,0.584,2.872,0.890,1.073,369,655,30.964,0.884,1.196,0.836,0.873
9492,gcb8344.tif,0.457,2.482,0.933,0.995,768,648,123.690,0.716,1.378,0.726,0.915
9493,gcb8344.tif,1.245,4.497,0.773,1.770,583,649,98.973,1.012,1.744,0.573,0.894
9494,gcb8344.tif,0.415,2.774,0.678,1.077,783,649,109.983,0.552,2.188,0.457,0.831
9495,gcb8344.tif,1.143,4.336,0.764,1.768,832,662,38.660,1.002,1.813,0.551,0.871
9496,gcb8344.tif,0.296,2.114,0.834,0.873,283,650,108.435,0.552,1.455,0.687,0.824
9497,gcb8344.tif,0.254,1.930,0.857,0.742,402,657,60.255,0.576,1.160,0.862,0.811
9498,gcb8344.tif,0.271,2.060,0.803,0.742,704,659,29.745,0.586,1.304,0.767,0.831
9499,gcb8344.tif,0.525,3.685,0.486,1.301,536,665,45.000,0.782,1.914,0.523,0.721
9500,gcb8344.tif,1.033,4.107,0.770,1.607,609,671,76.759,0.893,1.858,0.538,0.887
9501,gcb8344.tif,0.525,2.612,0.967,0.947,340,656,119.055,0.828,1.100,0.909,0.912
9502,gcb8344.tif,0.102,1.149,0.967,0.460,449,656,126.870,0.368,1.177,0.850,0.857
9503,gcb8344.tif,0.161,1.539,0.853,0.537,687,657,120.964,0.460,1.081,0.925,0.844
9504,gcb8344.tif,0.796,3.294,0.922,1.235,549,658,116.565,0.920,1.293,0.773,0.913
9505,gcb8344.tif,0.788,3.685,0.729,1.532,727,658,122.735,0.803,1.974,0.507,0.873
9506,gcb8344.tif,0.119,1.333,0.838,0.617,390,667,63.435,0.276,2.354,0.425,0.875
9507,gcb8344.tif,1.711,7.122,0.424,2.241,135,678,19.179,1.627,1.301,0.769,0.688
9508,gcb8344.tif,0.254,1.930,0.857,0.719,444,668,39.806,0.552,1.228,0.815,0.857
9509,gcb8344.tif,2.185,6.795,0.595,2.346,689,681,11.310,1.714,1.215,0.823,0.805
9510,gcb8344.tif,1.778,6.503,0.528,2.654,395,668,146.310,1.069,2.994,0.334,0.784
9511,gcb8344.tif,1.363,4.497,0.847,1.736,231,669,122.005,1.196,1.424,0.702,0.902
9512,gcb8344.tif,0.322,1.984,1.000,0.742,434,675,60.255,0.644,1.055,0.948,0.905
9513,gcb8344.tif,0.127,1.463,0.746,0.589,516,669,141.340,0.368,1.513,0.661,0.833
9514,gcb8344.tif,0.051,0.781,1.000,0.332,540,671,123.690,0.260,1.291,0.775,0.800
9515,gcb8344.tif,0.356,2.060,1.000,0.786,616,673,159.444,0.644,1.196,0.836,0.894
9516,gcb8344.tif,2.710,11.845,0.243,2.958,315,705,84.644,2.052,1.183,0.845,0.604
9517,gcb8344.tif,0.635,3.056,0.854,1.164,368,673,108.435,0.736,1.518,0.659,0.909
9518,gcb8344.tif,0.279,1.885,0.988,0.742,287,674,119.745,0.460,1.393,0.718,0.971
9519,gcb8344.tif,0.144,1.485,0.820,0.617,572,677,26.565,0.390,1.715,0.583,0.810
9520,gcb8344.tif,0.559,2.720,0.949,0.995,298,684,56.310,0.828,1.130,0.885,0.923
9521,gcb8344.tif,0.186,1.539,0.988,0.589,268,676,128.660,0.460,1.106,0.904,0.863
9522,gcb8344.tif,3.066,8.671,0.512,2.694,516,682,172.147,2.332,1.070,0.934,0.717
9523,gcb8344.tif,0.491,2.612,0.905,0.978,592,684,41.186,0.782,1.231,0.812,0.872
9524,gcb8344.tif,0.127,1.279,0.976,0.537,340,679,120.964,0.368,1.392,0.718,0.882
9525,gcb8344.tif,3.438,9.201,0.510,3.059,437,711,74.291,2.180,1.726,0.579,0.730
9526,gcb8344.tif,0.652,3.034,0.890,1.178,556,679,128.660,0.864,1.293,0.773,0.917
9527,gcb8344.tif,0.728,3.187,0.901,1.238,775,690,41.987,0.891,1.442,0.693,0.887
9528,gcb8344.tif,1.270,4.183,0.912,1.455,348,700,71.565,1.180,1.212,0.825,0.917
9529,gcb8344.tif,0.186,1.800,0.723,0.781,478,685,135.000,0.466,1.812,0.552,0.772
9530,gcb8344.tif,0.076,1.171,0.698,0.469,87,687,168.690,0.349,1.474,0.678,0.643
9531,gcb8344.tif,1.033,3.739,0.929,1.402,384,688,113.199,1.012,1.358,0.736,0.931
9532,gcb8344.tif,0.542,2.666,0.958,0.995,457,689,146.310,0.828,1.199,0.834,0.914
9533,gcb8344.tif,0.229,2.352,0.519,0.873,485,697,71.565,0.514,1.774,0.564,0.701
9534,gcb8344.tif,1.888,5.310,0.842,2.076,502,688,102.804,1.196,1.712,0.584,0.933
9535,gcb8344.tif,0.508,2.688,0.883,0.995,672,697,56.310,0.781,1.270,0.787,0.863
9536,gcb8344.tif,0.821,3.707,0.751,1.523,116,690,154.983,0.856,1.978,0.506,0.851
9537,gcb8344.tif,0.246,1.777,0.977,0.742,336,691,119.745,0.460,1.509,0.663,0.921
9538,gcb8344.tif,1.330,4.834,0.715,1.897,263,695,157.166,1.131,1.768,0.565,0.840
9539,gcb8344.tif,1.228,4.183,0.882,1.607,397,692,113.629,1.104,1.349,0.741,0.927
9540,gcb8344.tif,0.534,3.003,0.744,1.278,715,694,120.256,0.658,2.046,0.489,0.846
9541,gcb8344.tif,0.347,2.092,0.997,0.848,421,695,130.601,0.644,1.300,0.769,0.932
9542,gcb8344.tif,1.194,4.215,0.845,1.610,540,712,59.036,1.012,1.582,0.632,0.934
9543,gcb8344.tif,0.703,3.187,0.870,1.210,696,701,171.254,0.807,1.508,0.663,0.883
9544,gcb8344.tif,0.813,3.729,0.735,1.523,363,713,64.983,0.846,2.025,0.494,0.865
9545,gcb8344.tif,0.644,3.079,0.853,1.196,518,710,67.380,0.782,1.590,0.629,0.874
9546,gcb8344.tif,0.711,3.914,0.584,1.607,232,699,113.629,0.715,2.708,0.369,0.778
9547,gcb8344.tif,0.627,3.294,0.726,1.301,560,713,81.870,0.714,1.907,0.524,0.851
9548,gcb8344.tif,0.440,2.720,0.748,1.120,895,699,99.462,0.552,2.046,0.489,0.881
9549,gcb8344.tif,0.135,1.301,1.000,0.537,294,704,120.964,0.390,1.452,0.689,0.821
9550,gcb8344.tif,1.406,5.538,0.576,2.098,472,706,127.875,1.190,2.063,0.485,0.756
9551,gcb8344.tif,0.720,3.133,0.922,1.077,673,708,109.983,0.976,1.048,0.954,0.895
9552,gcb8344.tif,0.720,3.187,0.891,1.282,607,711,111.038,0.828,1.426,0.701,0.899
9553,gcb8344.tif,0.584,2.926,0.857,1.112,517,715,155.556,0.828,1.296,0.772,0.857
9554,gcb8347.tif,0.593,3.034,0.809,1.282,178,9,158.962,0.644,1.981,0.505,0.909
9555,gcb8347.tif,2.634,6.957,0.684,2.799,248,31,43.668,1.627,1.822,0.549,0.885
9556,gcb8347.tif,0.068,0.965,0.914,0.460,446,9,143.130,0.276,1.624,0.616,0.800
9557,gcb8347.tif,2.261,7.868,0.459,3.194,434,11,131.496,1.148,3.545,0.282,0.751
9558,gcb8347.tif,1.253,5.256,0.570,2.125,634,10,107.650,0.828,2.690,0.372,0.834
9559,gcb8347.tif,0.576,2.926,0.845,1.178,748,13,128.660,0.781,1.632,0.613,0.895
9560,gcb8347.tif,0.381,2.298,0.907,0.906,696,16,156.038,0.644,1.348,0.742,0.874
9561,gcb8347.tif,0.398,2.742,0.665,1.238,465,15,131.987,0.535,2.646,0.378,0.810
9562,gcb8347.tif,1.211,4.237,0.848,1.659,525,15,123.690,1.046,1.647,0.607,0.926
9563,gcb8347.tif,1.211,4.120,0.897,1.455,485,32,71.565,1.236,1.049,0.953,0.905
9564,gcb8347.tif,1.617,6.979,0.417,2.986,722,17,146.310,0.988,3.989,0.251,0.696
9565,gcb8347.tif,1.804,7.953,0.358,3.076,387,44,51.072,1.171,3.217,0.311,0.656
9566,gcb8347.tif,0.068,0.965,0.914,0.460,859,18,143.130,0.260,1.939,0.516,0.842
9567,gcb8347.tif,0.110,1.517,0.601,0.670,288,20,105.945,0.276,2.563,0.390,0.812
9568,gcb8347.tif,1.414,5.624,0.562,2.389,885,29,15.642,0.870,3.179,0.315,0.868
9569,gcb8347.tif,0.373,2.895,0.559,1.138,919,20,104.036,0.558,2.263,0.442,0.727
9570,gcb8347.tif,4.133,12.876,0.313,4.136,419,22,110.854,2.462,2.109,0.474,0.607
9571,gcb8347.tif,0.567,3.003,0.791,1.235,368,25,116.565,0.741,1.720,0.581,0.859
9572,gcb8347.tif,13.888,24.873,0.282,8.602,513,27,116.017,3.535,3.247,0.308,0.606
9573,gcb8347.tif,0.102,1.041,1.000,0.412,867,29,116.565,0.368,1.000,1.000,0.857
9574,gcb8347.tif,3.210,12.854,0.244,3.704,686,40,153.435,2.349,1.627,0.615,0.526
9575,gcb8347.tif,0.618,3.891,0.513,1.405,313,32,148.392,0.813,1.984,0.504,0.716
9576,gcb8347.tif,0.212,1.723,0.896,0.742,289,32,119.745,0.460,1.656,0.604,0.862
9577,gcb8347.tif,1.965,7.379,0.453,2.564,870,40,158.962,1.748,1.598,0.626,0.660
9578,gcb8347.tif,0.059,0.889,0.943,0.412,467,33,153.435,0.184,1.936,0.517,0.933
9579,gcb8347.tif,1.770,5.408,0.760,2.241,343,34,109.179,1.288,1.831,0.546,0.893
9580,gcb8347.tif,0.051,0.781,1.000,0.332,436,38,33.690,0.260,1.291,0.775,0.800
9581,gcb8347.tif,3.540,12.419,0.288,3.915,721,38,119.578,1.751,2.806,0.356,0.626
9582,gcb8347.tif,0.322,2.114,0.905,0.848,650,39,167.471,0.552,1.500,0.667,0.884
9583,gcb8347.tif,0.508,2.796,0.817,1.049,268,47,52.125,0.803,1.309,0.764,0.882
9584,gcb8347.tif,0.711,4.053,0.544,1.532,475,38,122.735,0.872,1.811,0.552,0.727
9585,gcb8347.tif,4.819,12.149,0.410,4.075,670,38,96.483,2.330,1.883,0.531,0.751
9586,gcb8347.tif,0.051,0.835,0.916,0.332,374,46,123.690,0.276,1.124,0.890,0.800
9587,gcb8347.tif,9.688,21.090,0.274,6.769,378,54,136.102,2.863,2.881,0.347,0.640
9588,gcb8347.tif,11.509,23.520,0.261,9.403,168,57,168.140,2.946,4.639,0.216,0.551
9589,gcb8347.tif,0.195,1.647,0.902,0.719,287,47,129.806,0.437,1.710,0.585,0.885
9590,gcb8347.tif,2.473,9.721,0.329,3.464,441,48,106.991,1.288,2.962,0.338,0.671
9591,gcb8347.tif,0.364,2.168,0.974,0.823,317,48,116.565,0.644,1.234,0.810,0.887
9592,gcb8347.tif,0.525,2.872,0.800,1.164,363,48,108.435,0.718,1.803,0.555,0.849
9593,gcb8347.tif,3.226,10.157,0.393,3.395,461,52,147.171,1.749,1.961,0.510,0.693
9594,gcb8347.tif,1.016,7.275,0.241,2.936,809,51,122.196,0.689,4.947,0.202,0.680
9595,gcb8347.tif,0.237,1.854,0.867,0.786,353,57,110.556,0.460,1.647,0.607,0.848
9596,gcb8347.tif,0.432,2.558,0.829,1.112,753,60,155.556,0.582,2.053,0.487,0.872
9597,gcb8347.tif,0.178,1.539,0.943,0.664,699,61,123.690,0.453,1.630,0.613,0.875
9598,gcb8347.tif,4.099,13.415,0.286,5.201,158,63,166.701,2.265,2.699,0.370,0.550
9599,gcb8347.tif,7.046,19.649,0.229,5.071,503,117,78.486,3.241,1.699,0.589,0.573
9600,gcb8347.tif,1.084,4.389,0.707,1.692,367,64,112.380,0.939,1.841,0.543,0.865
9601,gcb8347.tif,1.270,5.682,0.494,2.559,775,66,127.694,0.713,4.374,0.229,0.800
9602,gcb8347.tif,0.830,3.577,0.815,1.455,427,77,124.695,0.846,1.687,0.593,0.887
9603,gcb8347.tif,0.119,1.279,0.911,0.537,950,80,30.964,0.368,1.280,0.781,0.848
9604,gcb8347.tif,0.076,1.225,0.638,0.460,825,79,126.870,0.276,1.406,0.711,0.783
9605,gcb8347.tif,1.296,4.704,0.736,1.922,221,87,163.301,0.937,2.228,0.449,0.869
9606,gcb8347.tif,0.152,1.409,0.965,0.651,894,86,135.000,0.408,1.728,0.579,0.857
9607,gcb8347.tif,2.049,6.342,0.640,2.731,693,88,122.619,1.106,2.391,0.418,0.890
9608,gcb8347.tif,1.338,5.170,0.629,1.712,356,96,143.746,1.380,1.103,0.906,0.790
9609,gcb8347.tif,0.296,2.168,0.793,0.873,750,92,108.435,0.535,1.765,0.567,0.833
9610,gcb8347.tif,0.110,1.095,1.000,0.460,762,92,126.870,0.368,1.159,0.863,0.897
9611,gcb8347.tif,1.194,4.183,0.858,1.509,436,94,142.431,1.196,1.170,0.855,0.901
9612,gcb8347.tif,1.397,6.221,0.454,2.082,716,113,45.000,1.366,1.739,0.575,0.702
9613,gcb8347.tif,0.152,1.333,1.000,0.589,273,99,141.340,0.368,1.362,0.734,0.947
9614,gcb8347.tif,0.203,1.885,0.719,0.823,493,102,116.565,0.368,2.171,0.461,0.906
9615,gcb8347.tif,0.135,1.930,0.457,0.582,836,107,18.435,0.455,1.287,0.777,0.681
9616,gcb8347.tif,2.041,8.859,0.327,4.053,752,104,129.472,0.763,6.311,0.158,0.779
9617,gcb8347.tif,0.525,2.742,0.877,1.120,879,109,170.538,0.644,1.581,0.633,0.892
9618,gcb8347.tif,0.076,0.965,1.000,0.460,736,108,126.870,0.276,1.542,0.648,0.857
9619,gcb8347.tif,0.957,3.631,0.912,1.252,687,109,107.103,1.097,1.161,0.861,0.904
9620,gcb8347.tif,0.169,1.670,0.764,0.701,843,111,113.199,0.412,1.841,0.543,0.769
9621,gcb8347.tif,0.102,1.149,0.967,0.521,249,112,135.000,0.349,1.481,0.675,0.857
9622,gcb8347.tif,0.830,3.707,0.759,1.564,311,112,118.072,0.801,2.195,0.456,0.875
9623,gcb8347.tif,0.500,2.796,0.803,1.049,536,116,164.745,0.736,1.514,0.661,0.837
9624,gcb8347.tif,1.397,4.475,0.877,1.573,510,122,159.444,1.181,1.274,0.785,0.917
9625,gcb8347.tif,0.322,2.092,0.924,0.823,286,120,116.565,0.552,1.544,0.647,0.894
9626,gcb8347.tif,1.397,5.875,0.509,2.037,361,131,18.435,1.101,2.140,0.467,0.782
9627,gcb8347.tif,2.803,6.589,0.811,2.450,599,146,55.713,1.585,1.631,0.613,0.922
9628,gcb8347.tif,0.406,2.298,0.967,0.868,259,124,122.005,0.716,1.192,0.839,0.897
9629,gcb8347.tif,1.084,4.075,0.820,1.455,409,136,18.435,1.151,1.330,0.752,0.886
9630,gcb8347.tif,1.262,5.484,0.527,2.166,557,128,102.265,0.993,2.456,0.407,0.795
9631,gcb8347.tif,0.813,3.425,0.871,1.282,186,139,21.038,0.920,1.420,0.704,0.901
9632,gcb8347.tif,0.263,1.777,1.000,0.719,536,131,129.806,0.552,1.154,0.867,0.939
9633,gcb8347.tif,2.312,8.033,0.450,3.646,800,132,132.955,0.911,4.733,0.211,0.827
9634,gcb8347.tif,3.447,10.210,0.415,4.372,340,133,130.732,1.429,3.825,0.261,0.752
9635,gcb8347.tif,0.508,3.079,0.674,1.327,521,137,146.310,0.653,2.367,0.422,0.805
9636,gcb8347.tif,0.203,1.593,1.000,0.664,358,137,123.690,0.460,1.272,0.786,0.906
9637,gcb8347.tif,1.194,5.278,0.539,2.247,295,138,124.992,0.957,2.772,0.361,0.779
9638,gcb8347.tif,0.271,2.038,0.820,0.868,100,144,32.005,0.491,1.934,0.517,0.853
9639,gcb8347.tif,1.770,5.754,0.672,2.301,255,140,143.130,1.235,2.014,0.497,0.853
9640,gcb8347.tif,0.313,3.003,0.437,1.380,856,140,126.870,0.434,3.750,0.267,0.725
9641,gcb8347.tif,0.948,4.358,0.628,1.897,334,142,129.094,0.762,2.987,0.335,0.824
9642,gcb8347.tif,0.821,3.532,0.827,1.405,315,147,121.608,0.828,1.670,0.599,0.911
9643,gcb8347.tif,4.886,12.464,0.395,4.186,422,156,146.659,1.925,2.563,0.390,0.769
9644,gcb8347.tif,2.380,7.630,0.514,2.799,612,158,117.408,1.525,2.051,0.488,0.751
9645,gcb8347.tif,0.059,0.835,1.000,0.390,734,161,45.000,0.276,1.380,0.725,0.875
9646,gcb8347.tif,0.102,1.095,1.000,0.521,898,159,135.000,0.368,1.575,0.635,0.857
9647,gcb8347.tif,1.702,7.935,0.340,3.498,875,162,125.362,0.869,5.386,0.186,0.710
9648,gcb8347.tif,6.190,18.837,0.219,6.723,344,166,120.426,2.099,4.725,0.212,0.560
9649,gcb8347.tif,0.178,2.114,0.500,0.947,803,164,119.055,0.357,3.368,0.297,0.712
9650,gcb8347.tif,2.608,9.017,0.403,3.162,370,177,8.366,1.521,2.762,0.362,0.667
9651,gcb8347.tif,2.414,7.715,0.510,2.616,249,171,140.711,1.487,1.697,0.589,0.830
9652,gcb8347.tif,4.802,11.759,0.436,3.777,404,179,145.923,2.057,1.868,0.535,0.740
9653,gcb8347.tif,0.449,2.612,0.827,1.077,298,174,160.017,0.644,1.713,0.584,0.855
9654,gcb8347.tif,1.253,4.856,0.668,1.697,321,172,102.529,1.104,1.755,0.570,0.820
9655,gcb8347.tif,2.922,8.833,0.471,2.910,582,174,161.565,1.686,1.980,0.505,0.770
9656,gcb8347.tif,0.237,1.876,0.847,0.759,860,174,165.964,0.535,1.529,0.654,0.778
9657,gcb8347.tif,0.279,2.114,0.786,0.978,777,173,131.186,0.521,2.227,0.449,0.805
9658,gcb8347.tif,0.076,0.889,1.000,0.390,92,183,135.000,0.276,1.000,1.000,1.000
9659,gcb8347.tif,0.263,1.800,1.000,0.742,440,183,119.745,0.521,1.429,0.700,0.899
9660,gcb8347.tif,0.339,2.374,0.755,0.991,479,183,111.801,0.576,1.844,0.542,0.825
9661,gcb8347.tif,0.195,1.616,0.938,0.617,739,187,153.435,0.521,1.133,0.882,0.821
9662,gcb8347.tif,0.279,2.190,0.732,0.947,755,185,119.055,0.494,2.156,0.464,0.805
9663,gcb8347.tif,0.119,1.279,0.911,0.496,332,192,68.199,0.368,1.128,0.887,0.848
9664,gcb8347.tif,0.059,0.781,1.000,0.390,391,190,45.000,0.260,1.596,0.626,0.875
9665,gcb8347.tif,0.229,1.701,0.993,0.664,680,191,33.690,0.460,1.172,0.853,0.947
9666,gcb8347.tif,0.339,2.244,0.845,1.041,289,188,135.000,0.521,2.145,0.466,0.870
9667,gcb8347.tif,0.406,2.482,0.829,0.961,341,198,73.301,0.644,1.517,0.659,0.857
9668,gcb8347.tif,0.305,2.038,0.923,0.781,309,190,135.000,0.552,1.287,0.777,0.878
9669,gcb8347.tif,12.161,23.698,0.272,8.150,810,190,96.483,3.332,2.838,0.352,0.671
9670,gcb8347.tif,1.008,4.497,0.626,1.852,456,194,153.435,0.812,2.671,0.374,0.818
9671,gcb8347.tif,0.965,3.967,0.771,1.408,375,201,168.690,1.097,1.366,0.732,0.829
9672,gcb8347.tif,0.915,3.999,0.719,1.484,547,199,150.255,1.065,1.524,0.656,0.867
9673,gcb8347.tif,2.744,8.617,0.464,2.946,625,202,128.660,1.786,1.820,0.549,0.742
9674,gcb8347.tif,1.474,7.132,0.364,2.680,312,203,105.945,1.281,2.635,0.379,0.637
9675,gcb8347.tif,1.863,5.341,0.821,2.195,342,204,123.024,1.210,1.762,0.567,0.942
9676,gcb8347.tif,0.076,1.225,0.638,0.537,778,205,149.036,0.276,1.986,0.503,0.750
9677,gcb8347.tif,0.694,4.587,0.415,2.043,836,206,125.838,0.586,4.345,0.230,0.745
9678,gcb8347.tif,1.109,4.596,0.660,1.697,443,207,102.529,0.988,1.724,0.580,0.809
9679,gcb8347.tif,0.805,3.478,0.836,1.252,711,218,53.973,1.012,1.205,0.830,0.888
9680,gcb8347.tif,0.771,3.294,0.892,1.282,168,221,68.962,0.828,1.525,0.656,0.915
9681,gcb8347.tif,0.686,3.164,0.861,1.327,395,209,146.310,0.782,1.717,0.582,0.915
9682,gcb8347.tif,0.186,1.854,0.681,0.759,779,210,104.036,0.368,2.098,0.477,0.815
9683,gcb8347.tif,0.212,1.616,1.000,0.617,927,210,116.565,0.521,1.181,0.846,0.862
9684,gcb8347.tif,1.914,6.503,0.569,2.273,548,213,158.629,1.445,1.586,0.631,0.800
9685,gcb8347.tif,1.897,6.764,0.521,2.745,576,215,129.560,1.123,3.115,0.321,0.767
9686,gcb8347.tif,5.615,14.295,0.345,6.190,280,217,138.013,1.703,4.748,0.211,0.722
9687,gcb8347.tif,0.889,4.780,0.489,1.897,905,217,157.166,0.837,2.730,0.366,0.747
9688,gcb8347.tif,0.517,2.688,0.898,0.947,681,226,60.945,0.828,1.097,0.911,0.871
9689,gcb8347.tif,0.542,4.075,0.410,1.589,400,226,10.008,0.644,3.406,0.294,0.681
9690,gcb8347.tif,8.409,20.614,0.249,6.931,780,221,100.713,2.299,3.861,0.259,0.678
9691,gcb8347.tif,1.905,5.354,0.835,1.915,567,226,125.218,1.455,1.309,0.764,0.907
9692,gcb8347.tif,0.567,2.818,0.898,0.995,332,238,33.690,0.864,1.094,0.914,0.859
9693,gcb8347.tif,0.093,1.095,0.976,0.460,449,230,126.870,0.325,1.450,0.689,0.846
9694,gcb8347.tif,1.177,4.367,0.776,1.840,546,232,126.870,1.019,1.855,0.539,0.906
9695,gcb8347.tif,4.454,11.121,0.453,3.939,637,238,142.595,2.099,2.250,0.444,0.716
9696,gcb8347.tif,0.821,3.609,0.793,1.484,408,250,60.255,0.884,1.717,0.582,0.882
9697,gcb8347.tif,8.358,18.747,0.299,6.965,256,237,136.606,3.070,2.459,0.407,0.588
9698,gcb8347.tif,0.872,3.869,0.732,1.607,347,238,113.629,0.893,1.825,0.548,0.880
9699,gcb8347.tif,0.059,0.835,1.000,0.332,207,242,123.690,0.276,1.069,0.936,0.875
9700,gcb8347.tif,1.075,4.313,0.726,1.787,381,244,145.491,1.012,1.909,0.524,0.864
9701,gcb8347.tif,0.584,3.676,0.544,1.638,821,242,128.157,0.561,3.211,0.311,0.802
9702,gcb8347.tif,0.813,3.685,0.752,1.455,617,249,145.305,0.828,1.787,0.560,0.889
9703,gcb8347.tif,1.541,5.799,0.576,2.226,366,255,150.255,1.167,2.370,0.422,0.773
9704,gcb8347.tif,0.119,1.225,0.993,0.537,411,254,120.964,0.368,1.604,0.623,0.848
9705,gcb8347.tif,1.067,3.815,0.921,1.455,551,256,145.305,1.078,1.405,0.711,0.913
9706,gcb8347.tif,6.080,15.637,0.312,4.778,413,309,74.358,2.570,1.762,0.567,0.685
9707,gcb8347.tif,0.474,2.536,0.927,1.029,356,260,116.565,0.644,1.536,0.651,0.918
9708,gcb8347.tif,12.161,21.934,0.318,7.965,517,262,139.686,2.893,3.528,0.283,0.701
9709,gcb8347.tif,0.195,1.723,0.824,0.701,643,261,113.199,0.460,1.512,0.661,0.836
9710,gcb8347.tif,0.263,1.854,0.960,0.701,347,264,113.199,0.552,1.135,0.881,0.873
9711,gcb8347.tif,1.194,4.780,0.657,1.991,394,283,56.310,0.875,2.490,0.402,0.865
9712,gcb8347.tif,1.228,5.538,0.503,2.273,684,266,148.241,1.036,2.688,0.372,0.716
9713,gcb8347.tif,0.838,3.631,0.799,1.498,322,271,132.510,0.893,1.733,0.577,0.876
9714,gcb8347.tif,0.102,1.095,1.000,0.460,565,272,126.870,0.368,1.281,0.781,0.857
9715,gcb8347.tif,0.415,2.406,0.901,0.978,676,273,131.186,0.658,1.419,0.705,0.907
9716,gcb8347.tif,0.330,2.092,0.949,0.823,370,275,153.435,0.552,1.453,0.688,0.918
9717,gcb8347.tif,1.186,4.573,0.712,1.877,640,278,168.690,0.920,2.073,0.482,0.864
9718,gcb8347.tif,0.051,0.781,1.000,0.332,255,283,33.690,0.260,1.291,0.775,0.800
9719,gcb8347.tif,8.587,18.043,0.331,5.436,327,335,56.041,3.321,1.964,0.509,0.692
9720,gcb8347.tif,2.871,9.874,0.370,2.946,669,289,178.210,2.117,1.536,0.651,0.678
9721,gcb8347.tif,0.144,1.279,1.000,0.537,481,286,120.964,0.368,1.192,0.839,0.919
9722,gcb8347.tif,1.812,6.068,0.618,2.043,586,286,125.838,1.613,1.083,0.923,0.775
9723,gcb8347.tif,10.747,22.823,0.259,9.706,86,288,158.299,1.828,7.441,0.134,0.722
9724,gcb8347.tif,1.186,4.259,0.821,1.610,369,292,120.964,1.104,1.515,0.660,0.892
9725,gcb8347.tif,1.152,4.520,0.709,1.697,812,292,102.529,0.920,1.847,0.542,0.889
9726,gcb8347.tif,1.414,4.605,0.838,1.689,521,294,119.358,1.196,1.380,0.724,0.913
9727,gcb8347.tif,0.406,2.298,0.967,0.906,649,296,156.038,0.644,1.276,0.784,0.906
9728,gcb8347.tif,0.271,1.854,0.991,0.670,396,296,105.945,0.552,1.079,0.927,0.889
9729,gcb8347.tif,0.212,1.616,1.000,0.664,308,298,146.310,0.521,1.293,0.773,0.847
9730,gcb8347.tif,5.140,14.802,0.295,5.824,268,300,121.430,1.728,4.983,0.201,0.640
9731,gcb8347.tif,4.065,14.340,0.248,4.631,429,301,110.956,2.042,3.085,0.324,0.594
9732,gcb8347.tif,1.270,4.259,0.880,1.573,703,301,110.556,1.196,1.317,0.759,0.901
9733,gcb8347.tif,0.923,4.995,0.465,1.922,295,304,106.699,0.828,3.136,0.319,0.712
9734,gcb8347.tif,0.195,1.593,0.964,0.589,445,305,128.660,0.460,1.136,0.880,0.868
9735,gcb8347.tif,5.708,17.411,0.237,6.339,243,373,76.569,1.636,4.627,0.216,0.691
9736,gcb8347.tif,2.337,6.871,0.622,2.301,460,306,126.870,1.757,1.354,0.739,0.821
9737,gcb8347.tif,2.100,7.262,0.500,2.430,495,306,127.304,1.777,1.423,0.703,0.741
9738,gcb8347.tif,0.644,2.926,0.944,1.077,670,318,70.017,0.828,1.211,0.826,0.921
9739,gcb8347.tif,3.083,10.013,0.386,3.727,721,310,122.905,1.664,2.916,0.343,0.688
9740,gcb8347.tif,0.347,2.244,0.866,0.873,404,318,71.565,0.638,1.442,0.694,0.854
9741,gcb8347.tif,3.269,8.541,0.563,3.416,595,313,117.255,1.531,2.398,0.417,0.812
9742,gcb8347.tif,0.872,3.532,0.878,1.340,391,329,74.055,0.828,1.467,0.682,0.924
9743,gcb8347.tif,1.092,4.358,0.723,1.787,529,315,124.509,0.911,2.217,0.451,0.840
9744,gcb8347.tif,0.246,1.800,0.953,0.742,361,322,29.745,0.552,1.368,0.731,0.841
9745,gcb8347.tif,0.203,1.539,1.000,0.617,583,321,116.565,0.460,1.222,0.818,0.906
9746,gcb8347.tif,4.607,13.904,0.299,5.004,664,327,147.771,2.316,2.917,0.343,0.561
9747,gcb8347.tif,6.317,14.825,0.361,5.650,195,324,120.324,2.420,3.413,0.293,0.679
9748,gcb8347.tif,3.345,9.483,0.467,2.929,405,350,43.727,2.353,1.150,0.870,0.725
9749,gcb8347.tif,1.880,6.948,0.489,2.486,453,322,92.121,1.342,1.993,0.502,0.725
9750,gcb8347.tif,2.176,6.665,0.616,2.654,621,323,146.310,1.433,1.762,0.567,0.848
9751,gcb8347.tif,3.176,10.664,0.351,3.498,516,324,116.565,1.858,2.248,0.445,0.665
9752,gcb8347.tif,2.718,6.275,0.868,2.359,577,332,110.556,1.605,1.490,0.671,0.928
9753,gcb8347.tif,0.263,1.777,1.000,0.664,559,333,123.690,0.552,1.058,0.945,0.925
9754,gcb8347.tif,0.347,2.114,0.976,0.873,486,335,108.435,0.552,1.471,0.680,0.891
9755,gcb8347.tif,1.474,5.094,0.714,2.043,542,338,144.162,1.084,2.043,0.490,0.864
9756,gcb8347.tif,0.246,1.800,0.953,0.701,307,345,66.801,0.535,1.375,0.727,0.853
9757,gcb8347.tif,0.500,2.850,0.773,1.164,378,350,71.565,0.632,1.926,0.519,0.861
9758,gcb8347.tif,1.296,6.198,0.424,2.532,390,338,109.093,0.900,3.796,0.263,0.707
9759,gcb8347.tif,1.033,3.761,0.918,1.402,499,339,113.199,1.104,1.194,0.837,0.900
9760,gcb8347.tif,0.466,3.142,0.593,1.318,325,355,77.905,0.460,2.914,0.343,0.880
9761,gcb8347.tif,1.042,4.888,0.548,2.140,801,343,115.463,0.803,2.848,0.351,0.842
9762,gcb8347.tif,0.483,2.850,0.747,1.228,275,346,102.995,0.552,2.367,0.422,0.870
9763,gcb8347.tif,4.505,10.350,0.529,3.974,467,346,132.184,1.735,2.634,0.380,0.793
9764,gcb8347.tif,5.759,16.539,0.265,5.007,627,350,126.027,2.797,2.111,0.474,0.639
9765,gcb8347.tif,0.381,2.406,0.827,0.995,193,360,56.310,0.576,1.777,0.563,0.891
9766,gcb8347.tif,0.051,0.705,1.000,0.332,688,351,146.310,0.184,1.500,0.667,1.000
9767,gcb8347.tif,0.313,2.145,0.855,0.868,422,361,57.995,0.552,1.380,0.725,0.881
9768,gcb8347.tif,4.692,13.397,0.328,3.459,549,359,151.390,2.733,1.038,0.963,0.689
9769,gcb8347.tif,1.067,4.313,0.721,1.646,594,354,153.435,1.124,1.420,0.704,0.846
9770,gcb8347.tif,0.711,3.469,0.743,1.368,837,354,109.654,0.893,1.624,0.616,0.844
9771,gcb8347.tif,3.099,7.141,0.764,2.768,440,356,105.422,1.564,1.890,0.529,0.898
9772,gcb8347.tif,0.279,2.222,0.711,0.925,304,359,95.711,0.460,1.941,0.515,0.825
9773,gcb8347.tif,0.144,1.279,1.000,0.537,506,359,149.036,0.368,1.263,0.792,0.919
9774,gcb8347.tif,1.389,4.497,0.863,1.852,660,361,153.435,1.104,1.603,0.624,0.929
9775,gcb8347.tif,0.932,3.577,0.915,1.359,703,365,118.301,0.988,1.420,0.704,0.909
9776,gcb8347.tif,0.432,2.482,0.881,1.049,384,375,52.125,0.651,1.729,0.578,0.895
9777,gcb8347.tif,1.440,4.919,0.748,1.987,327,367,103.392,1.012,2.051,0.488,0.912
9778,gcb8347.tif,5.699,10.090,0.704,3.755,521,369,126.027,2.386,1.595,0.627,0.904
9779,gcb8347.tif,3.514,11.023,0.363,4.372,715,371,139.268,1.489,3.990,0.251,0.701
9780,gcb8347.tif,7.749,17.926,0.303,7.693,772,369,126.733,2.321,4.150,0.241,0.653
9781,gcb8347.tif,1.380,4.336,0.923,1.484,605,385,60.255,1.353,1.105,0.905,0.908
9782,gcb8347.tif,0.254,1.854,0.929,0.719,618,370,129.806,0.552,1.197,0.835,0.882
9783,gcb8347.tif,0.322,3.110,0.418,1.368,916,370,109.654,0.451,3.564,0.281,0.760
9784,gcb8347.tif,0.847,4.053,0.648,1.667,415,389,83.660,0.736,2.395,0.418,0.858
9785,gcb8347.tif,0.805,3.824,0.691,1.607,504,372,113.629,0.736,2.292,0.436,0.896
9786,gcb8347.tif,0.178,1.463,1.000,0.617,539,378,63.435,0.368,1.475,0.678,0.933
9787,gcb8347.tif,0.305,2.276,0.740,0.961,316,373,106.699,0.460,2.309,0.433,0.867
9788,gcb8347.tif,0.093,1.149,0.887,0.496,736,373,111.801,0.276,1.772,0.564,0.846
9789,gcb8347.tif,0.186,1.616,0.897,0.617,165,380,63.435,0.460,1.185,0.844,0.846
9790,gcb8347.tif,0.339,2.298,0.806,0.995,474,376,123.690,0.552,1.887,0.530,0.851
9791,gcb8347.tif,0.330,2.298,0.786,0.961,688,378,106.699,0.524,1.859,0.538,0.848
9792,gcb8347.tif,0.169,1.647,0.784,0.670,348,381,105.945,0.368,1.815,0.551,0.870
9793,gcb8347.tif,0.720,3.263,0.850,1.238,589,381,131.987,0.902,1.403,0.713,0.859
9794,gcb8347.tif,0.085,1.670,0.382,0.742,835,382,119.745,0.239,4.443,0.225,0.556
9795,gcb8347.tif,1.863,6.176,0.614,2.617,762,383,100.125,1.071,2.310,0.433,0.889
9796,gcb8347.tif,0.982,4.215,0.695,1.692,198,401,67.620,0.873,2.191,0.456,0.872
9797,gcb8347.tif,0.517,2.688,0.898,0.938,429,384,101.310,0.828,1.055,0.948,0.853
9798,gcb8347.tif,0.212,1.670,0.954,0.664,623,384,146.310,0.521,1.223,0.818,0.862
9799,gcb8347.tif,0.457,2.666,0.809,1.029,340,398,63.435,0.644,1.672,0.598,0.871
9800,gcb8347.tif,0.135,1.355,0.927,0.537,406,394,59.036,0.437,1.233,0.811,0.800
9801,gcb8347.tif,0.745,3.187,0.922,1.196,604,401,67.380,0.920,1.300,0.770,0.898
9802,gcb8347.tif,1.075,3.869,0.903,1.408,713,389,101.310,1.012,1.350,0.741,0.914
9803,gcb8347.tif,0.347,2.145,0.948,0.792,492,396,35.538,0.644,1.134,0.882,0.911
9804,gcb8347.tif,1.355,4.780,0.745,1.922,308,411,73.301,1.111,1.850,0.541,0.858
9805,gcb8347.tif,2.744,6.665,0.776,2.389,663,399,164.358,1.580,1.511,0.662,0.911
9806,gcb8347.tif,2.922,8.204,0.545,3.141,551,395,148.173,1.778,2.117,0.472,0.792
9807,gcb8347.tif,1.016,3.761,0.903,1.455,616,395,145.305,1.041,1.402,0.713,0.906
9808,gcb8347.tif,0.271,2.145,0.740,0.925,296,397,95.711,0.368,2.212,0.452,0.914
9809,gcb8347.tif,1.270,4.228,0.893,1.589,396,397,100.008,1.193,1.310,0.763,0.904
9810,gcb8347.tif,0.169,1.539,0.898,0.582,263,399,108.435,0.460,1.282,0.780,0.833
9811,gcb8347.tif,1.059,4.453,0.671,1.808,160,419,75.256,0.736,2.479,0.403,0.923
9812,gcb8347.tif,0.703,3.110,0.913,1.235,692,401,116.565,0.828,1.444,0.692,0.917
9813,gcb8347.tif,0.212,1.670,0.954,0.617,484,403,153.435,0.552,1.060,0.943,0.847
9814,gcb8347.tif,0.119,1.279,0.911,0.560,340,406,170.538,0.276,1.768,0.565,0.875
9815,gcb8347.tif,4.624,13.568,0.316,4.737,334,407,114.075,1.771,3.077,0.325,0.730
9816,gcb8347.tif,0.500,2.634,0.905,1.112,181,409,155.556,0.700,1.631,0.613,0.887
9817,gcb8347.tif,7.071,17.675,0.284,4.657,642,408,142.224,3.526,1.526,0.655,0.591
9818,gcb8347.tif,3.421,9.039,0.526,3.254,446,422,8.130,1.824,1.924,0.520,0.783
9819,gcb8347.tif,0.771,3.240,0.922,1.235,586,413,153.435,0.920,1.264,0.791,0.915
9820,gcb8347.tif,0.974,4.466,0.614,1.822,616,413,135.000,0.911,2.359,0.424,0.767
9821,gcb8347.tif,7.029,18.967,0.246,7.607,554,414,124.651,1.840,5.247,0.191,0.620
9822,gcb8347.tif,0.322,2.092,0.924,0.873,304,424,71.565,0.460,1.766,0.566,0.927
9823,gcb8347.tif,0.161,1.485,0.916,0.560,248,417,99.462,0.455,1.109,0.902,0.826
9824,gcb8347.tif,0.203,1.777,0.809,0.719,750,422,39.806,0.460,1.209,0.827,0.814
9825,gcb8347.tif,0.974,3.847,0.827,1.532,732,422,147.265,0.989,1.440,0.694,0.909
9826,gcb8347.tif,0.339,2.222,0.862,0.906,384,430,66.038,0.552,1.460,0.685,0.909
9827,gcb8347.tif,0.686,3.164,0.861,1.252,323,423,107.103,0.736,1.722,0.581,0.900
9828,gcb8347.tif,0.347,2.114,0.976,0.868,264,433,57.995,0.586,1.435,0.697,0.901
9829,gcb8347.tif,3.777,8.595,0.643,3.384,456,427,112.380,1.764,1.888,0.530,0.898
9830,gcb8347.tif,3.023,11.252,0.300,4.326,722,428,150.709,1.428,3.956,0.253,0.629
9831,gcb8347.tif,4.243,14.533,0.252,5.193,592,429,150.255,1.838,3.844,0.260,0.594
9832,gcb8347.tif,2.718,7.661,0.582,2.503,421,432,143.973,1.748,1.592,0.628,0.825
9833,gcb8347.tif,1.042,5.377,0.453,2.400,221,432,122.471,0.689,3.987,0.251,0.823
9834,gcb8347.tif,2.913,6.871,0.775,2.212,697,432,135.000,2.025,1.048,0.954,0.892
9835,gcb8347.tif,0.754,4.161,0.547,1.863,838,434,110.225,0.625,3.296,0.303,0.844
9836,gcb8347.tif,2.159,8.909,0.342,3.552,289,436,106.557,1.170,3.830,0.261,0.656
9837,gcb8347.tif,0.051,0.835,0.916,0.390,407,440,45.000,0.260,1.593,0.628,0.857
9838,gcb8347.tif,2.608,11.171,0.263,4.642,814,437,103.761,1.024,5.819,0.172,0.727
9839,gcb8347.tif,0.220,2.038,0.666,0.873,905,437,108.435,0.378,2.619,0.382,0.800
9840,gcb8347.tif,0.559,2.796,0.898,1.049,473,446,37.875,0.782,1.311,0.763,0.892
9841,gcb8347.tif,2.168,6.351,0.675,2.527,317,442,123.111,1.209,2.283,0.438,0.877
9842,gcb8347.tif,0.398,2.482,0.812,1.049,336,441,105.255,0.552,1.982,0.505,0.870
9843,gcb8347.tif,0.135,1.225,1.000,0.496,93,444,111.801,0.368,1.209,0.827,0.889
9844,gcb8347.tif,0.135,1.301,1.000,0.537,259,452,59.036,0.390,1.317,0.759,0.821
9845,gcb8347.tif,0.593,3.977,0.471,1.543,305,447,107.354,0.642,3.138,0.319,0.714
9846,gcb8347.tif,0.161,1.539,0.853,0.617,478,450,153.435,0.460,1.309,0.764,0.792
9847,gcb8347.tif,2.972,9.179,0.443,3.014,656,449,102.339,1.564,2.358,0.424,0.713
9848,gcb8347.tif,0.220,1.831,0.825,0.792,558,455,35.538,0.460,1.578,0.634,0.897
9849,gcb8347.tif,0.593,2.872,0.903,1.108,416,452,131.634,0.846,1.284,0.779,0.881
9850,gcb8347.tif,3.938,12.746,0.305,5.082,608,453,121.675,1.584,3.695,0.271,0.673
9851,gcb8347.tif,2.600,9.125,0.392,3.760,712,459,158.459,1.173,3.961,0.252,0.713
9852,gcb8347.tif,0.237,1.800,0.920,0.670,440,465,74.055,0.552,1.152,0.868,0.836
9853,gcb8347.tif,0.195,1.593,0.964,0.617,550,464,63.435,0.460,1.149,0.870,0.902
9854,gcb8347.tif,6.055,16.548,0.278,4.860,454,459,108.778,2.485,2.184,0.458,0.664
9855,gcb8347.tif,0.237,1.907,0.819,0.873,250,461,161.565,0.368,2.241,0.446,0.903
9856,gcb8347.tif,0.195,1.571,0.992,0.664,672,460,123.690,0.368,1.503,0.665,0.979
9857,gcb8347.tif,10.543,25.305,0.207,9.516,685,460,108.610,2.611,5.472,0.183,0.506
9858,gcb8347.tif,0.068,0.965,0.914,0.460,766,466,126.870,0.276,1.791,0.558,0.800
9859,gcb8347.tif,0.135,1.279,1.000,0.537,245,467,120.964,0.368,1.392,0.718,0.889
9860,gcb8347.tif,0.076,1.019,0.923,0.460,842,473,53.130,0.276,1.539,0.650,0.900
9861,gcb8347.tif,1.380,5.440,0.586,2.020,426,470,120.069,1.284,1.611,0.621,0.765
9862,gcb8347.tif,1.186,4.183,0.851,1.429,558,476,165.069,1.196,1.108,0.903,0.909
9863,gcb8347.tif,0.652,3.348,0.731,1.402,580,473,113.199,0.736,2.152,0.465,0.890
9864,gcb8347.tif,0.059,0.781,1.000,0.390,323,477,45.000,0.260,1.596,0.626,0.875
9865,gcb8347.tif,4.531,11.512,0.430,4.502,341,476,139.145,1.822,3.279,0.305,0.774
9866,gcb8347.tif,0.948,5.605,0.379,2.478,763,476,121.329,0.681,4.784,0.209,0.711
9867,gcb8347.tif,1.101,4.183,0.791,1.692,310,479,112.380,0.982,1.748,0.572,0.897
9868,gcb8347.tif,0.288,1.854,1.000,0.742,730,480,150.255,0.552,1.275,0.784,0.919
9869,gcb8347.tif,1.711,7.011,0.437,2.890,246,514,80.838,0.987,3.450,0.290,0.754
9870,gcb8347.tif,1.169,4.497,0.726,1.610,508,485,120.964,1.196,1.269,0.788,0.860
9871,gcb8347.tif,0.195,1.593,0.964,0.664,605,485,146.310,0.460,1.422,0.703,0.885
9872,gcb8347.tif,0.364,2.320,0.850,0.947,715,485,119.055,0.586,1.697,0.589,0.843
9873,gcb8347.tif,0.474,2.666,0.838,1.077,292,486,109.983,0.611,1.853,0.540,0.889
9874,gcb8347.tif,0.093,1.019,1.000,0.460,280,487,143.130,0.276,1.372,0.729,0.957
9875,gcb8347.tif,3.201,13.276,0.228,4.783,546,488,149.982,1.829,2.994,0.334,0.528
9876,gcb8347.tif,0.212,1.800,0.821,0.719,840,490,140.194,0.521,1.320,0.757,0.847
9877,gcb8347.tif,0.584,2.742,0.976,1.073,378,490,120.964,0.823,1.355,0.738,0.908
9878,gcb8347.tif,0.305,2.092,0.876,0.781,621,496,45.000,0.625,1.126,0.888,0.857
9879,gcb8347.tif,0.152,1.409,0.965,0.537,646,490,120.964,0.455,1.137,0.879,0.878
9880,gcb8347.tif,0.093,1.095,0.976,0.460,793,490,126.870,0.325,1.450,0.689,0.846
9881,gcb8347.tif,1.558,5.202,0.724,1.935,654,512,64.654,1.096,1.939,0.516,0.864
9882,gcb8347.tif,3.387,10.327,0.399,3.974,263,495,137.816,1.591,2.997,0.334,0.770
9883,gcb8347.tif,2.456,7.338,0.573,2.503,412,495,126.027,1.682,1.595,0.627,0.796
9884,gcb8347.tif,0.152,1.409,0.965,0.582,155,498,18.435,0.368,1.416,0.706,0.878
9885,gcb8347.tif,1.524,5.776,0.574,2.098,336,499,142.125,1.332,1.688,0.593,0.753
9886,gcb8347.tif,0.788,3.577,0.774,1.455,735,498,145.305,0.834,1.864,0.536,0.857
9887,gcb8347.tif,3.752,14.659,0.219,6.442,166,498,158.199,1.362,7.546,0.133,0.617
9888,gcb8347.tif,0.254,2.244,0.634,0.823,646,498,116.565,0.552,1.296,0.772,0.789
9889,gcb8347.tif,0.161,1.616,0.775,0.617,817,504,63.435,0.460,1.463,0.683,0.776
9890,gcb8347.tif,0.135,1.409,0.857,0.617,138,502,26.565,0.368,1.793,0.558,0.821
9891,gcb8347.tif,2.422,6.741,0.670,2.469,524,503,153.435,1.551,1.578,0.634,0.851
9892,gcb8347.tif,2.100,7.024,0.535,2.768,674,499,111.448,1.188,2.686,0.372,0.812
9893,gcb8347.tif,1.490,4.995,0.751,1.827,490,501,139.086,1.341,1.310,0.764,0.889
9894,gcb8347.tif,2.049,6.513,0.607,2.513,594,505,156.251,1.380,1.978,0.506,0.829
9895,gcb8347.tif,0.550,3.847,0.468,1.498,846,501,100.620,0.552,3.025,0.331,0.783
9896,gcb8347.tif,0.872,3.609,0.842,1.523,383,502,115.017,0.826,1.878,0.532,0.916
9897,gcb8347.tif,0.339,2.038,1.000,0.792,754,508,35.538,0.644,1.234,0.810,0.920
9898,gcb8347.tif,0.805,3.469,0.840,1.405,709,506,148.392,0.846,1.687,0.593,0.876
9899,gcb8347.tif,1.372,5.449,0.581,2.366,310,507,103.496,0.828,3.399,0.294,0.878
9900,gcb8347.tif,0.178,1.647,0.824,0.742,798,507,119.745,0.368,2.234,0.448,0.875
9901,gcb8347.tif,10.425,20.278,0.319,6.728,438,508,130.006,3.353,2.059,0.486,0.703
9902,gcb8347.tif,0.390,2.298,0.927,0.920,732,508,126.870,0.651,1.458,0.686,0.885
9903,gcb8347.tif,0.965,3.945,0.779,1.583,474,509,125.538,0.947,1.700,0.588,0.887
9904,gcb8347.tif,0.330,2.038,1.000,0.786,518,510,110.556,0.552,1.312,0.762,0.918
9905,gcb8347.tif,2.481,7.522,0.551,2.996,640,512,132.510,1.528,2.249,0.445,0.814
9906,gcb8347.tif,0.390,2.298,0.927,0.873,341,515,108.435,0.644,1.326,0.754,0.885
9907,gcb8347.tif,0.440,2.383,0.974,0.920,623,525,53.130,0.644,1.153,0.867,0.963
9908,gcb8347.tif,1.042,5.691,0.404,1.982,580,518,111.801,1.065,2.276,0.439,0.631
9909,gcb8347.tif,0.110,1.203,0.956,0.496,255,520,111.801,0.276,1.551,0.645,0.929
9910,gcb8347.tif,0.313,1.961,1.000,0.742,417,521,150.255,0.552,1.157,0.864,0.949
9911,gcb8347.tif,0.186,1.593,0.922,0.664,721,520,123.690,0.460,1.389,0.720,0.898
9912,gcb8347.tif,0.220,2.276,0.534,0.991,802,520,111.801,0.378,3.095,0.323,0.754
9913,gcb8347.tif,7.791,20.426,0.235,4.902,493,561,39.668,3.552,1.644,0.608,0.587
9914,gcb8347.tif,0.093,1.095,0.976,0.460,245,526,36.870,0.329,1.450,0.690,0.815
9915,gcb8347.tif,1.829,5.462,0.770,2.187,358,522,112.249,1.366,1.565,0.639,0.889
9916,gcb8347.tif,0.076,1.095,0.799,0.412,776,525,153.435,0.349,1.192,0.839,0.750
9917,gcb8347.tif,5.623,10.467,0.645,3.350,551,559,69.075,2.642,1.282,0.780,0.853
9918,gcb8347.tif,2.490,6.557,0.728,2.469,599,550,63.435,1.562,1.563,0.640,0.890
9919,gcb8347.tif,2.625,8.855,0.421,2.445,763,542,160.201,1.986,1.676,0.597,0.729
9920,gcb8347.tif,1.626,8.420,0.288,3.386,268,532,132.797,1.301,3.321,0.301,0.542
9921,gcb8347.tif,0.279,2.711,0.478,0.906,637,542,66.038,0.635,1.426,0.701,0.702
9922,gcb8347.tif,1.253,4.650,0.728,1.815,623,535,120.466,1.070,1.944,0.514,0.853
9923,gcb8347.tif,0.212,1.670,0.954,0.670,287,535,105.945,0.460,1.442,0.694,0.862
9924,gcb8347.tif,0.356,2.168,0.951,0.873,688,544,71.565,0.552,1.469,0.681,0.903
9925,gcb8347.tif,0.720,5.256,0.327,2.076,849,537,102.804,0.644,4.199,0.238,0.680
9926,gcb8347.tif,1.863,6.351,0.580,2.346,311,538,101.310,1.339,1.981,0.505,0.782
9927,gcb8347.tif,1.067,6.027,0.369,2.603,730,538,135.000,0.846,4.102,0.244,0.696
9928,gcb8347.tif,0.220,1.746,0.908,0.742,379,541,119.745,0.455,1.732,0.577,0.839
9929,gcb8347.tif,9.366,23.724,0.209,5.541,663,541,94.764,3.401,1.617,0.618,0.688
9930,gcb8347.tif,0.940,3.577,0.923,1.327,392,557,33.690,1.041,1.243,0.804,0.899
9931,gcb8347.tif,0.059,0.781,1.000,0.390,246,550,45.000,0.260,1.596,0.626,0.875
9932,gcb8347.tif,0.364,2.222,0.927,0.906,347,547,113.962,0.552,1.637,0.611,0.896
9933,gcb8347.tif,0.203,1.777,0.809,0.759,616,547,104.036,0.368,1.947,0.514,0.889
9934,gcb8347.tif,3.701,13.958,0.239,4.191,340,560,160.769,2.577,1.819,0.550,0.518
9935,gcb8347.tif,3.879,9.731,0.515,3.014,574,550,121.264,1.933,1.664,0.601,0.814
9936,gcb8347.tif,0.948,4.389,0.619,1.746,787,552,108.435,0.848,2.195,0.456,0.836
9937,gcb8347.tif,0.432,2.895,0.648,1.178,908,553,128.660,0.624,2.244,0.446,0.785
9938,gcb8347.tif,1.304,5.431,0.556,2.241,601,554,109.179,0.831,3.101,0.322,0.804
9939,gcb8347.tif,0.550,3.034,0.751,1.228,696,554,102.995,0.644,2.087,0.479,0.884
9940,gcb8347.tif,0.838,3.739,0.754,1.573,265,555,110.556,0.828,1.979,0.505,0.888
9941,gcb8347.tif,0.432,2.460,0.897,0.947,533,556,119.055,0.644,1.447,0.691,0.903
9942,gcb8347.tif,0.728,3.532,0.733,1.484,622,557,97.125,0.644,2.354,0.425,0.901
9943,gcb8347.tif,0.754,4.456,0.477,1.787,742,561,124.509,0.769,3.038,0.329,0.706
9944,gcb8347.tif,0.534,2.742,0.892,1.123,552,565,124.992,0.776,1.484,0.674,0.875
9945,gcb8347.tif,0.813,3.707,0.743,1.638,722,566,128.157,0.781,2.215,0.452,0.885
9946,gcb8347.tif,0.085,0.965,1.000,0.460,537,566,126.870,0.276,1.551,0.645,0.909
9947,gcb8347.tif,0.923,3.662,0.865,1.368,711,566,109.654,0.915,1.446,0.692,0.905
9948,gcb8347.tif,1.296,5.745,0.493,2.058,851,568,100.305,1.101,2.180,0.459,0.773
9949,gcb8347.tif,0.220,1.800,0.854,0.781,146,576,45.000,0.494,1.724,0.580,0.812
9950,gcb8347.tif,0.805,4.053,0.615,1.589,793,572,100.008,0.828,2.041,0.490,0.841
9951,gcb8347.tif,2.346,7.652,0.503,2.387,689,573,117.553,1.743,1.376,0.727,0.737
9952,gcb8347.tif,2.761,8.941,0.434,3.324,330,574,138.366,1.562,2.377,0.421,0.711
9953,gcb8347.tif,1.270,4.291,0.867,1.689,502,577,150.642,1.074,1.558,0.642,0.920
9954,gcb8347.tif,0.703,3.837,0.600,1.712,753,581,143.746,0.658,3.082,0.324,0.794
9955,gcb8347.tif,1.524,5.049,0.751,1.897,121,584,129.094,1.227,1.556,0.643,0.885
9956,gcb8347.tif,0.457,2.536,0.894,1.049,582,586,164.745,0.552,1.810,0.553,0.915
9957,gcb8347.tif,3.057,8.074,0.589,2.761,361,585,143.130,2.117,1.130,0.885,0.815
9958,gcb8347.tif,1.245,4.129,0.918,1.440,411,586,116.565,1.196,1.145,0.874,0.922
9959,gcb8347.tif,1.304,4.336,0.872,1.659,92,590,146.310,1.149,1.467,0.681,0.903
9960,gcb8347.tif,0.415,2.841,0.646,0.995,708,588,123.690,0.715,1.414,0.707,0.797
9961,gcb8347.tif,0.347,2.352,0.789,0.961,730,589,106.699,0.536,1.968,0.508,0.845
9962,gcb8347.tif,9.265,19.439,0.308,8.295,152,623,17.430,1.903,5.599,0.179,0.695
9963,gcb8347.tif,3.421,12.140,0.292,4.829,743,590,120.964,1.441,4.057,0.247,0.639
9964,gcb8347.tif,0.525,4.237,0.368,1.697,817,611,77.471,0.552,3.547,0.282,0.709
9965,gcb8347.tif,0.720,3.110,0.935,1.200,588,602,32.471,0.911,1.319,0.758,0.919
9966,gcb8347.tif,0.534,2.949,0.771,1.077,796,595,109.983,0.828,1.167,0.857,0.824
9967,gcb8347.tif,0.263,1.854,0.960,0.719,399,597,129.806,0.552,1.289,0.776,0.861
9968,gcb8347.tif,2.473,8.344,0.446,3.394,247,600,139.399,1.480,2.492,0.401,0.752
9969,gcb8347.tif,0.584,2.742,0.976,1.029,714,601,153.435,0.828,1.157,0.864,0.908
9970,gcb8347.tif,3.362,10.350,0.394,3.870,649,601,118.393,1.703,2.876,0.348,0.708
9971,gcb8347.tif,1.270,5.431,0.541,2.400,770,602,122.471,0.851,3.296,0.303,0.845
9972,gcb8347.tif,0.102,1.149,0.967,0.537,302,603,120.964,0.276,1.631,0.613,0.889
9973,gcb8347.tif,0.406,2.276,0.986,0.848,437,604,130.601,0.644,1.130,0.885,0.932
9974,gcb8347.tif,0.093,1.149,0.887,0.496,349,604,111.801,0.276,1.603,0.624,0.880
9975,gcb8347.tif,0.390,2.406,0.846,0.991,675,605,111.801,0.552,1.737,0.576,0.893
9976,gcb8347.tif,0.415,2.482,0.846,0.995,732,605,123.690,0.647,1.566,0.639,0.867
9977,gcb8347.tif,6.800,12.397,0.556,3.884,399,609,126.327,3.265,1.042,0.960,0.779
9978,gcb8347.tif,3.032,8.150,0.574,2.503,532,620,162.897,2.082,1.046,0.956,0.790
9979,gcb8347.tif,0.152,1.670,0.687,0.651,796,611,98.130,0.460,1.412,0.708,0.766
9980,gcb8347.tif,0.550,2.971,0.784,0.995,693,613,146.310,0.846,1.057,0.946,0.844
9981,gcb8347.tif,0.195,1.571,0.992,0.664,308,623,56.310,0.368,1.503,0.665,0.979
9982,gcb8347.tif,0.508,3.263,0.600,1.405,719,618,121.608,0.667,2.823,0.354,0.741
9983,gcb8347.tif,0.322,2.114,0.905,0.759,681,621,165.964,0.644,1.058,0.945,0.835
9984,gcb8347.tif,4.319,12.625,0.340,4.178,520,621,97.595,2.066,2.317,0.432,0.692
9985,gcb8347.tif,0.957,3.900,0.790,1.610,287,622,120.964,0.828,2.011,0.497,0.934
9986,gcb8347.tif,0.635,3.003,0.885,1.200,694,625,147.529,0.823,1.507,0.663,0.877
9987,gcb8347.tif,0.237,2.168,0.634,0.823,801,632,63.435,0.545,1.323,0.756,0.747
9988,gcb8347.tif,0.178,1.485,1.000,0.582,456,631,108.435,0.460,1.282,0.780,0.857
9989,gcb8347.tif,0.237,1.701,1.000,0.719,733,637,50.194,0.460,1.266,0.790,0.966
9990,gcb8347.tif,0.559,4.021,0.434,1.583,815,645,54.462,0.716,3.005,0.333,0.680
9991,gcb8347.tif,0.796,3.837,0.679,1.543,654,632,107.354,0.864,1.737,0.576,0.843
9992,gcb8347.tif,0.076,1.279,0.585,0.496,136,634,158.199,0.320,2.006,0.499,0.621
9993,gcb8347.tif,1.423,4.520,0.875,1.607,432,634,103.241,1.288,1.247,0.802,0.906
9994,gcb8347.tif,1.660,5.929,0.593,2.456,240,643,12.995,1.252,2.230,0.448,0.802
9995,gcb8347.tif,0.965,3.869,0.811,1.543,476,635,107.354,0.920,1.533,0.653,0.901
9996,gcb8347.tif,0.898,3.447,0.949,1.278,689,638,120.256,1.041,1.244,0.804,0.918
9997,gcb8347.tif,0.398,2.276,0.966,0.848,1012,640,130.601,0.644,1.163,0.860,0.922
9998,gcb8347.tif,0.593,3.218,0.719,1.340,573,641,105.945,0.603,2.406,0.416,0.881
9999,gcb8347.tif,0.711,3.770,0.629,1.518,707,645,104.036,0.644,2.654,0.377,0.844
10000,gcb8347.tif,0.313,1.984,1.000,0.792,284,647,125.538,0.586,1.372,0.729,0.902
10001,gcb8347.tif,0.576,2.796,0.926,1.049,296,647,127.875,0.812,1.288,0.776,0.895
10002,gcb8347.tif,5.276,16.100,0.256,4.254,410,647,128.853,3.251,1.350,0.741,0.552
10003,gcb8347.tif,1.169,4.259,0.810,1.777,318,657,21.251,0.975,1.897,0.527,0.908
10004,gcb8347.tif,2.803,8.119,0.534,2.910,645,648,124.695,1.588,2.376,0.421,0.799
10005,gcb8347.tif,0.093,1.149,0.887,0.460,788,648,126.870,0.276,1.419,0.705,0.917
10006,gcb8347.tif,2.168,5.516,0.895,1.969,455,649,127.405,1.506,1.303,0.768,0.931
10007,gcb8347.tif,0.093,1.149,0.887,0.460,760,652,36.870,0.368,1.229,0.814,0.846
10008,gcb8347.tif,1.592,4.704,0.904,1.659,627,666,56.310,1.380,1.178,0.849,0.910
10009,gcb8347.tif,0.254,1.777,1.000,0.701,398,651,113.199,0.460,1.405,0.712,0.923
10010,gcb8347.tif,0.534,3.761,0.474,1.440,676,662,26.565,0.689,2.937,0.340,0.636
10011,gcb8347.tif,0.263,1.907,0.907,0.823,694,654,116.565,0.460,1.547,0.647,0.899
10012,gcb8347.tif,1.702,5.655,0.669,2.212,344,679,73.072,1.104,2.040,0.490,0.910
10013,gcb8347.tif,0.415,2.428,0.885,0.995,729,656,123.690,0.651,1.595,0.627,0.883
10014,gcb8347.tif,0.373,2.634,0.675,1.123,742,657,124.992,0.576,2.277,0.439,0.800
10015,gcb8347.tif,0.296,2.244,0.740,0.792,764,662,35.538,0.644,1.119,0.894,0.805
10016,gcb8347.tif,4.454,13.774,0.295,4.464,207,669,8.297,2.784,2.366,0.423,0.515
10017,gcb8347.tif,2.092,6.382,0.645,2.680,390,664,105.945,1.161,2.460,0.407,0.897
10018,gcb8347.tif,0.339,2.765,0.557,0.873,808,673,71.565,0.718,1.446,0.691,0.708
10019,gcb8347.tif,0.390,2.352,0.885,0.947,268,674,60.945,0.644,1.366,0.732,0.876
10020,gcb8347.tif,0.178,1.463,1.000,0.589,480,670,38.660,0.460,1.182,0.846,0.913
10021,gcb8347.tif,1.550,8.204,0.289,2.817,689,686,38.367,1.334,2.940,0.340,0.535
10022,gcb8347.tif,7.461,14.758,0.430,5.054,275,673,146.889,2.922,1.726,0.580,0.716
10023,gcb8347.tif,0.652,3.209,0.796,1.327,402,669,146.310,0.716,1.998,0.501,0.880
10024,gcb8347.tif,0.051,0.781,1.000,0.332,470,674,33.690,0.260,1.291,0.775,0.800
10025,gcb8347.tif,0.830,3.425,0.889,1.340,719,671,105.945,0.828,1.585,0.631,0.916
10026,gcb8347.tif,0.508,2.666,0.898,1.112,185,674,155.556,0.644,1.835,0.545,0.909
10027,gcb8347.tif,2.312,6.881,0.614,2.803,324,702,66.801,1.383,2.174,0.460,0.825
10028,gcb8347.tif,0.534,2.949,0.771,1.049,844,674,105.255,0.803,1.185,0.844,0.851
10029,gcb8347.tif,0.525,3.425,0.563,1.408,803,693,78.690,0.552,2.831,0.353,0.805
10030,gcb8347.tif,0.618,2.949,0.894,1.164,661,679,108.435,0.828,1.346,0.743,0.869
10031,gcb8347.tif,0.279,1.907,0.965,0.719,674,680,140.194,0.552,1.051,0.951,0.892
10032,gcb8347.tif,1.482,5.507,0.614,1.863,730,681,147.095,1.341,1.404,0.712,0.792
10033,gcb8347.tif,2.117,7.890,0.427,2.799,533,684,152.592,1.443,2.308,0.433,0.667
10034,gcb8347.tif,1.016,3.967,0.811,1.402,356,696,66.801,1.152,1.173,0.852,0.889
10035,gcb8347.tif,1.660,6.059,0.568,2.241,625,690,160.821,1.358,1.766,0.566,0.789
10036,gcb8347.tif,1.177,6.221,0.382,2.478,773,685,105.068,1.004,2.975,0.336,0.707
10037,gcb8347.tif,0.127,1.225,1.000,0.496,413,690,21.801,0.368,1.127,0.887,0.857
10038,gcb8347.tif,0.229,2.060,0.677,0.742,762,687,97.125,0.552,1.472,0.679,0.730
10039,gcb8347.tif,0.059,0.835,1.000,0.332,847,688,123.690,0.276,1.069,0.936,0.875
10040,gcb8347.tif,0.152,1.333,1.000,0.589,403,694,51.340,0.368,1.362,0.734,0.947
10041,gcb8347.tif,0.491,3.133,0.629,1.359,245,690,118.301,0.571,2.806,0.356,0.817
10042,gcb8347.tif,0.085,1.095,0.887,0.460,258,690,126.870,0.325,1.491,0.670,0.800
10043,gcb8347.tif,3.464,12.019,0.301,3.794,653,703,165.964,2.065,2.332,0.429,0.588
10044,gcb8347.tif,2.058,9.874,0.265,3.141,271,697,148.173,1.472,2.820,0.355,0.656
10045,gcb8347.tif,0.415,2.482,0.846,1.049,418,694,142.125,0.658,1.649,0.606,0.860
10046,gcb8347.tif,0.703,3.110,0.913,1.178,379,695,128.660,0.911,1.328,0.753,0.907
10047,gcb8347.tif,0.627,2.904,0.934,1.112,363,698,114.444,0.736,1.420,0.704,0.937
10048,gcb8347.tif,1.363,4.205,0.969,1.484,606,701,150.255,1.288,1.120,0.893,0.931
10049,gcb8347.tif,0.677,3.469,0.707,1.484,814,698,119.745,0.700,2.268,0.441,0.856
10050,gcb8347.tif,1.474,7.665,0.315,3.190,847,700,146.768,0.900,4.048,0.247,0.677
10051,gcb8347.tif,0.322,2.015,0.996,0.792,624,707,35.538,0.552,1.174,0.852,0.950
10052,gcb8347.tif,0.093,1.149,0.887,0.460,697,703,143.130,0.368,1.099,0.910,0.846
10053,gcb8347.tif,0.059,0.835,1.000,0.390,800,707,45.000,0.276,1.380,0.725,0.875
10054,gcb8347.tif,0.694,4.129,0.512,1.607,752,715,166.759,0.644,2.945,0.340,0.796
10055,gcb8347.tif,0.119,1.279,0.911,0.589,477,717,128.660,0.368,1.640,0.610,0.848
10056,gcb8347.tif,0.144,1.333,1.000,0.537,781,718,120.964,0.368,1.336,0.749,0.919
